source,target
0,3
0,64
0,77
0,80
0,92
0,104
0,106
0,122
0,152
0,211
0,226
0,265
0,283
0,287
0,289
0,322
0,374
0,391
0,396
0,401
0,402
0,426
0,501
0,512
0,519
0,537
0,551
0,552
0,557
0,561
0,572
0,573
0,608
0,617
0,681
0,696
0,720
0,760
0,783
0,789
0,802
0,810
0,845
0,881
0,935
0,942
0,991
0,998
1,24
1,39
1,71
1,75
1,90
1,115
1,148
1,151
1,160
1,173
1,174
1,182
1,189
1,231
1,241
1,246
1,253
1,279
1,282
1,286
1,313
1,324
1,344
1,389
1,459
1,465
1,469
1,518
1,521
1,525
1,579
1,595
1,615
1,617
1,629
1,649
1,665
1,709
1,759
1,775
1,801
1,804
1,810
1,827
1,828
1,833
1,854
1,865
1,875
1,879
1,887
1,924
1,944
1,945
1,960
1,987
1,991
1,992
1,994
2,37
2,38
2,43
2,55
2,135
2,157
2,180
2,200
2,214
2,226
2,248
2,306
2,365
2,376
2,380
2,433
2,487
2,490
2,535
2,551
2,590
2,651
2,663
2,716
2,731
2,769
2,795
2,835
2,859
2,877
2,881
2,887
2,937
2,951
2,968
3,20
3,39
3,61
3,65
3,101
3,159
3,207
3,224
3,260
3,266
3,281
3,287
3,328
3,347
3,363
3,396
3,401
3,405
3,468
3,513
3,537
3,546
3,577
3,583
3,660
3,670
3,671
3,691
3,697
3,703
3,737
3,772
3,807
3,828
3,857
3,921
3,953
3,968
4,22
4,79
4,80
4,96
4,98
4,111
4,116
4,126
4,139
4,144
4,149
4,182
4,226
4,256
4,280
4,286
4,401
4,435
4,439
4,476
4,523
4,535
4,639
4,686
4,716
4,765
4,794
4,795
4,843
4,844
4,847
4,920
4,970
4,977
4,990
5,14
5,100
5,101
5,152
5,223
5,236
5,253
5,262
5,264
5,271
5,275
5,281
5,287
5,302
5,327
5,331
5,347
5,391
5,393
5,399
5,410
5,507
5,512
5,520
5,663
5,697
5,703
5,708
5,771
5,785
5,813
5,826
5,885
5,909
5,928
5,948
5,950
5,957
5,964
5,980
6,21
6,47
6,48
6,130
6,186
6,188
6,210
6,218
6,258
6,383
6,392
6,395
6,413
6,422
6,444
6,453
6,457
6,489
6,493
6,517
6,532
6,562
6,637
6,638
6,640
6,666
6,667
6,782
6,799
6,803
6,899
6,902
6,938
7,15
7,18
7,21
7,76
7,83
7,88
7,99
7,110
7,145
7,151
7,166
7,168
7,186
7,188
7,195
7,203
7,219
7,243
7,247
7,249
7,257
7,258
7,279
7,295
7,321
7,375
7,383
7,395
7,415
7,453
7,457
7,489
7,532
7,547
7,550
7,560
7,562
7,600
7,666
7,667
7,681
7,694
7,716
7,748
7,750
7,805
7,815
7,820
7,826
7,849
7,854
7,890
7,899
7,902
7,991
8,37
8,45
8,55
8,97
8,123
8,187
8,233
8,250
8,256
8,289
8,316
8,319
8,382
8,400
8,404
8,410
8,439
8,444
8,459
8,467
8,473
8,491
8,507
8,519
8,524
8,566
8,590
8,623
8,631
8,634
8,671
8,672
8,715
8,728
8,737
8,739
8,768
8,793
8,801
8,807
8,835
8,848
8,925
8,958
8,995
8,996
9,20
9,25
9,34
9,37
9,45
9,64
9,89
9,92
9,99
9,107
9,114
9,122
9,188
9,202
9,207
9,213
9,241
9,250
9,265
9,281
9,323
9,378
9,382
9,405
9,455
9,471
9,478
9,484
9,503
9,521
9,553
9,582
9,590
9,591
9,592
9,636
9,654
9,664
9,672
9,703
9,715
9,725
9,737
9,779
9,871
9,924
9,932
9,941
9,996
10,27
10,29
10,101
10,129
10,137
10,167
10,170
10,183
10,193
10,199
10,233
10,243
10,250
10,253
10,267
10,270
10,275
10,283
10,301
10,313
10,315
10,327
10,363
10,373
10,389
10,391
10,435
10,438
10,458
10,464
10,480
10,481
10,520
10,548
10,561
10,611
10,612
10,627
10,628
10,632
10,723
10,737
10,740
10,741
10,766
10,777
10,782
10,828
10,866
10,867
10,876
10,895
10,928
10,950
10,953
10,964
11,27
11,36
11,80
11,85
11,149
11,155
11,178
11,194
11,201
11,213
11,219
11,229
11,272
11,306
11,313
11,314
11,317
11,322
11,326
11,331
11,343
11,361
11,379
11,383
11,386
11,406
11,424
11,429
11,434
11,437
11,456
11,470
11,473
11,498
11,531
11,602
11,604
11,606
11,621
11,622
11,631
11,636
11,653
11,683
11,723
11,739
11,747
11,793
11,809
11,821
11,830
11,847
11,876
11,934
11,939
11,966
11,973
12,25
12,46
12,73
12,89
12,91
12,154
12,155
12,156
12,178
12,239
12,268
12,274
12,285
12,300
12,346
12,352
12,359
12,379
12,394
12,406
12,408
12,424
12,444
12,473
12,497
12,498
12,561
12,602
12,603
12,604
12,658
12,662
12,703
12,708
12,721
12,745
12,776
12,779
12,785
12,809
12,829
12,831
12,847
12,856
12,874
12,925
12,956
12,963
12,976
12,982
13,23
13,91
13,117
13,125
13,127
13,179
13,195
13,197
13,198
13,214
13,237
13,243
13,252
13,266
13,269
13,280
13,284
13,296
13,313
13,335
13,353
13,359
13,366
13,372
13,376
13,385
13,470
13,485
13,541
13,558
13,574
13,594
13,598
13,601
13,608
13,626
13,640
13,642
13,680
13,685
13,686
13,687
13,726
13,733
13,774
13,789
13,791
13,829
13,836
13,846
13,855
13,878
13,897
13,954
13,976
13,988
14,17
14,21
14,31
14,40
14,48
14,58
14,66
14,73
14,86
14,91
14,97
14,112
14,117
14,127
14,138
14,141
14,154
14,177
14,204
14,215
14,225
14,245
14,252
14,266
14,277
14,295
14,309
14,313
14,321
14,334
14,335
14,363
14,393
14,395
14,434
14,473
14,478
14,495
14,510
14,517
14,521
14,522
14,527
14,532
14,607
14,652
14,661
14,674
14,685
14,725
14,727
14,729
14,750
14,754
14,776
14,802
14,806
14,808
14,815
14,826
14,830
14,833
14,834
14,841
14,846
14,853
14,878
14,879
14,924
14,935
14,947
14,948
14,993
15,21
15,32
15,37
15,44
15,63
15,70
15,90
15,142
15,145
15,165
15,168
15,203
15,233
15,238
15,245
15,247
15,263
15,298
15,299
15,310
15,383
15,395
15,415
15,422
15,437
15,449
15,467
15,477
15,500
15,517
15,532
15,582
15,608
15,610
15,614
15,649
15,650
15,666
15,678
15,693
15,694
15,695
15,725
15,727
15,741
15,743
15,750
15,760
15,766
15,770
15,779
15,785
15,804
15,805
15,826
15,832
15,833
15,845
15,850
15,868
15,873
15,879
15,943
15,945
15,975
15,991
15,997
16,31
16,41
16,46
16,91
16,118
16,125
16,134
16,156
16,198
16,266
16,269
16,280
16,300
16,321
16,323
16,340
16,345
16,390
16,408
16,424
16,431
16,434
16,442
16,498
16,533
16,534
16,570
16,577
16,578
16,602
16,676
16,680
16,686
16,745
16,847
16,907
16,945
16,966
16,976
16,988
16,999
17,18
17,48
17,58
17,133
17,138
17,206
17,211
17,255
17,269
17,288
17,296
17,376
17,441
17,470
17,498
17,509
17,526
17,532
17,541
17,589
17,638
17,653
17,685
17,699
17,876
17,917
17,930
17,992
18,33
18,90
18,144
18,145
18,148
18,159
18,199
18,202
18,208
18,210
18,218
18,219
18,231
18,241
18,270
18,298
18,299
18,310
18,383
18,397
18,430
18,473
18,474
18,477
18,489
18,510
18,517
18,532
18,549
18,666
18,684
18,695
18,722
18,726
18,727
18,733
18,743
18,775
18,778
18,798
18,815
18,821
18,824
18,839
18,871
18,874
18,887
18,889
18,898
18,915
18,960
18,987
19,44
19,82
19,87
19,97
19,123
19,166
19,187
19,224
19,289
19,290
19,316
19,326
19,356
19,400
19,402
19,405
19,410
19,420
19,439
19,464
19,484
19,503
19,507
19,519
19,530
19,544
19,566
19,586
19,590
19,613
19,652
19,670
19,671
19,675
19,703
19,741
19,795
19,802
19,807
19,888
19,929
19,979
19,984
19,988
19,995
20,37
20,59
20,92
20,97
20,101
20,107
20,123
20,161
20,167
20,182
20,196
20,218
20,233
20,260
20,281
20,284
20,289
20,306
20,308
20,337
20,356
20,363
20,370
20,391
20,396
20,402
20,412
20,426
20,448
20,464
20,470
20,471
20,478
20,483
20,490
20,498
20,518
20,566
20,572
20,590
20,600
20,607
20,657
20,691
20,693
20,697
20,715
20,762
20,767
20,783
20,800
20,816
20,824
20,826
20,873
20,885
20,912
20,935
20,950
20,983
21,32
21,58
21,59
21,67
21,70
21,88
21,91
21,115
21,155
21,166
21,168
21,186
21,196
21,215
21,218
21,219
21,231
21,241
21,247
21,259
21,282
21,293
21,294
21,321
21,375
21,383
21,395
21,413
21,415
21,422
21,426
21,449
21,489
21,501
21,517
21,532
21,562
21,569
21,588
21,637
21,649
21,666
21,678
21,681
21,684
21,694
21,738
21,770
21,779
21,799
21,834
21,835
21,849
21,861
21,879
21,887
21,890
21,897
21,917
21,923
21,938
21,943
22,27
22,79
22,96
22,111
22,126
22,134
22,239
22,306
22,331
22,332
22,337
22,387
22,398
22,411
22,435
22,437
22,534
22,599
22,619
22,620
22,622
22,671
22,673
22,700
22,711
22,716
22,718
22,822
22,833
22,862
22,871
22,892
22,933
22,951
22,953
22,955
22,956
22,958
22,977
22,981
22,990
23,36
23,60
23,117
23,125
23,179
23,184
23,222
23,225
23,269
23,284
23,300
23,335
23,353
23,373
23,376
23,470
23,495
23,531
23,539
23,568
23,569
23,589
23,594
23,601
23,622
23,625
23,630
23,642
23,657
23,708
23,726
23,744
23,758
23,822
23,878
23,899
23,907
23,965
23,988
24,42
24,53
24,81
24,102
24,144
24,148
24,168
24,169
24,172
24,173
24,188
24,199
24,221
24,231
24,241
24,243
24,288
24,310
24,337
24,407
24,438
24,447
24,465
24,469
24,500
24,536
24,580
24,610
24,614
24,615
24,627
24,665
24,667
24,692
24,698
24,710
24,756
24,810
24,820
24,873
24,875
24,897
24,913
24,936
24,948
24,983
24,986
24,987
24,991
25,26
25,30
25,52
25,64
25,89
25,98
25,99
25,151
25,154
25,158
25,175
25,215
25,244
25,249
25,280
25,306
25,315
25,322
25,327
25,333
25,354
25,382
25,469
25,473
25,476
25,490
25,491
25,504
25,513
25,514
25,531
25,541
25,564
25,609
25,617
25,639
25,651
25,654
25,677
25,700
25,703
25,715
25,737
25,760
25,794
25,817
25,845
25,848
25,863
25,864
25,887
25,893
25,912
25,920
25,924
25,951
25,958
25,962
26,38
26,43
26,55
26,57
26,105
26,111
26,126
26,153
26,157
26,192
26,215
26,217
26,236
26,239
26,249
26,266
26,303
26,322
26,328
26,355
26,361
26,381
26,382
26,398
26,413
26,419
26,427
26,443
26,451
26,455
26,504
26,523
26,535
26,565
26,703
26,717
26,724
26,728
26,729
26,765
26,794
26,801
26,836
26,859
26,886
26,888
26,920
26,929
26,932
26,941
26,948
26,951
26,952
26,956
26,962
27,36
27,55
27,83
27,96
27,122
27,195
27,212
27,221
27,239
27,244
27,272
27,306
27,317
27,343
27,361
27,394
27,406
27,410
27,424
27,429
27,437
27,456
27,513
27,620
27,683
27,689
27,723
27,734
27,736
27,742
27,747
27,759
27,780
27,793
27,817
27,862
27,891
27,893
27,911
27,925
27,952
27,963
27,966
27,977
27,986
28,68
28,69
28,78
28,100
28,132
28,145
28,174
28,179
28,229
28,281
28,312
28,313
28,326
28,389
28,409
28,412
28,464
28,481
28,497
28,500
28,518
28,528
28,582
28,611
28,646
28,669
28,702
28,735
28,741
28,754
28,771
28,773
28,798
28,842
28,882
28,912
28,918
29,78
29,113
29,170
29,171
29,216
29,241
29,285
29,313
29,358
29,399
29,409
29,443
29,488
29,536
29,557
29,561
29,669
29,761
29,766
29,771
29,828
29,868
29,871
29,880
29,897
29,942
29,950
29,960
29,975
30,64
30,77
30,89
30,99
30,105
30,106
30,140
30,142
30,188
30,217
30,297
30,308
30,313
30,322
30,350
30,354
30,591
30,619
30,620
30,639
30,673
30,711
30,735
30,739
30,787
30,802
30,858
30,868
30,924
30,951
30,952
30,955
30,961
30,967
30,972
30,977
31,36
31,41
31,46
31,59
31,76
31,91
31,150
31,155
31,162
31,243
31,252
31,269
31,280
31,304
31,314
31,359
31,380
31,427
31,441
31,472
31,481
31,534
31,563
31,578
31,603
31,619
31,620
31,625
31,680
31,689
31,726
31,745
31,747
31,749
31,799
31,818
31,821
31,876
31,914
31,944
31,954
31,966
31,976
32,35
32,53
32,83
32,84
32,110
32,115
32,119
32,138
32,150
32,166
32,186
32,208
32,219
32,246
32,257
32,282
32,286
32,299
32,306
32,313
32,337
32,364
32,375
32,382
32,395
32,415
32,424
32,427
32,457
32,471
32,486
32,489
32,501
32,513
32,570
32,610
32,615
32,616
32,624
32,649
32,673
32,684
32,759
32,790
32,816
32,820
32,823
32,827
32,828
32,850
32,861
32,873
32,890
32,914
32,918
32,919
32,938
32,948
32,968
32,971
32,982
32,994
33,47
33,49
33,70
33,86
33,134
33,186
33,204
33,232
33,241
33,260
33,295
33,303
33,313
33,329
33,422
33,436
33,442
33,451
33,515
33,678
33,681
33,686
33,758
33,808
33,834
33,853
33,896
33,899
33,913
33,940
33,942
33,947
34,54
34,72
34,79
34,140
34,155
34,157
34,187
34,195
34,213
34,224
34,265
34,268
34,276
34,303
34,315
34,325
34,328
34,338
34,363
34,365
34,380
34,405
34,455
34,491
34,492
34,518
34,524
34,525
34,596
34,631
34,634
34,651
34,652
34,671
34,672
34,673
34,708
34,720
34,724
34,762
34,801
34,807
34,818
34,825
34,835
34,918
34,920
34,924
34,970
34,979
34,982
34,998
35,78
35,102
35,115
35,119
35,157
35,160
35,169
35,221
35,243
35,286
35,324
35,337
35,338
35,363
35,402
35,501
35,504
35,513
35,515
35,570
35,615
35,649
35,692
35,698
35,708
35,727
35,759
35,816
35,850
35,902
35,914
35,948
35,974
35,987
36,96
36,135
36,178
36,236
36,285
36,300
36,314
36,315
36,317
36,322
36,359
36,361
36,394
36,429
36,456
36,460
36,553
36,563
36,569
36,577
36,578
36,617
36,618
36,622
36,625
36,690
36,723
36,747
36,793
36,817
36,821
36,830
36,856
36,874
36,939
36,966
36,990
37,45
37,52
37,57
37,64
37,76
37,98
37,99
37,102
37,106
37,119
37,122
37,158
37,201
37,207
37,242
37,262
37,285
37,307
37,316
37,322
37,328
37,329
37,333
37,346
37,413
37,418
37,430
37,439
37,463
37,467
37,482
37,503
37,504
37,526
37,553
37,561
37,566
37,621
37,654
37,660
37,663
37,681
37,696
37,699
37,700
37,715
37,722
37,740
37,750
37,753
37,765
37,769
37,781
37,801
37,802
37,831
37,840
37,845
37,859
37,872
37,881
37,900
37,958
37,959
38,55
38,105
38,108
38,157
38,192
38,234
38,239
38,365
38,461
38,483
38,516
38,535
38,537
38,551
38,618
38,675
38,687
38,696
38,714
38,715
38,717
38,769
38,794
38,795
38,844
38,863
38,864
38,877
38,891
38,920
38,977
39,40
39,44
39,53
39,66
39,70
39,77
39,107
39,135
39,148
39,164
39,168
39,223
39,227
39,237
39,250
39,262
39,279
39,281
39,291
39,323
39,329
39,333
39,336
39,376
39,386
39,430
39,434
39,467
39,478
39,481
39,484
39,490
39,504
39,506
39,515
39,518
39,552
39,561
39,569
39,582
39,583
39,592
39,600
39,607
39,638
39,645
39,646
39,657
39,667
39,682
39,707
39,711
39,732
39,754
39,757
39,760
39,764
39,777
39,788
39,789
39,800
39,801
39,814
39,826
39,831
39,842
39,845
39,865
39,887
39,897
39,898
39,933
39,936
39,958
39,981
39,986
39,991
40,48
40,91
40,96
40,99
40,104
40,121
40,149
40,154
40,165
40,177
40,185
40,195
40,215
40,219
40,221
40,223
40,228
40,255
40,266
40,272
40,313
40,317
40,321
40,327
40,346
40,360
40,361
40,386
40,407
40,412
40,414
40,421
40,434
40,437
40,451
40,461
40,478
40,504
40,510
40,511
40,513
40,522
40,531
40,557
40,565
40,573
40,585
40,590
40,598
40,607
40,625
40,626
40,631
40,662
40,700
40,727
40,736
40,743
40,747
40,752
40,769
40,771
40,773
40,782
40,791
40,793
40,809
40,822
40,826
40,831
40,835
40,847
40,849
40,851
40,856
40,912
40,913
40,915
40,917
40,924
40,933
40,943
40,950
40,954
40,972
40,974
40,996
41,46
41,91
41,130
41,138
41,141
41,150
41,153
41,155
41,156
41,206
41,209
41,238
41,252
41,272
41,280
41,284
41,285
41,300
41,301
41,306
41,310
41,335
41,341
41,345
41,352
41,372
41,379
41,380
41,424
41,432
41,434
41,441
41,456
41,464
41,478
41,498
41,527
41,529
41,565
41,578
41,589
41,598
41,601
41,602
41,618
41,622
41,636
41,674
41,680
41,689
41,745
41,747
41,764
41,783
41,785
41,797
41,798
41,801
41,809
41,812
41,818
41,841
41,847
41,876
41,878
41,893
41,897
41,904
41,910
41,914
41,949
41,963
42,53
42,90
42,114
42,133
42,172
42,202
42,231
42,241
42,298
42,348
42,469
42,500
42,566
42,646
42,680
42,698
42,756
42,982
42,986
43,52
43,55
43,109
43,119
43,120
43,155
43,157
43,180
43,213
43,226
43,239
43,248
43,290
43,297
43,303
43,322
43,325
43,365
43,380
43,433
43,480
43,487
43,543
43,551
43,586
43,631
43,675
43,716
43,724
43,730
43,731
43,747
43,795
43,875
43,877
43,886
43,951
43,977
44,79
44,97
44,106
44,147
44,158
44,159
44,207
44,221
44,267
44,302
44,303
44,343
44,356
44,375
44,378
44,405
44,418
44,426
44,439
44,524
44,525
44,544
44,564
44,577
44,590
44,603
44,609
44,632
44,634
44,660
44,703
44,714
44,715
44,755
44,783
44,941
44,995
45,64
45,98
45,99
45,106
45,113
45,114
45,122
45,165
45,178
45,207
45,221
45,236
45,242
45,250
45,313
45,322
45,325
45,350
45,374
45,382
45,387
45,430
45,439
45,491
45,519
45,524
45,543
45,581
45,604
45,611
45,634
45,654
45,696
45,700
45,715
45,737
45,761
45,825
45,840
45,848
45,860
45,902
45,932
46,62
46,81
46,91
46,125
46,148
46,149
46,156
46,162
46,168
46,197
46,214
46,238
46,261
46,280
46,284
46,300
46,317
46,333
46,345
46,366
46,379
46,386
46,387
46,394
46,408
46,421
46,430
46,510
46,552
46,578
46,602
46,621
46,625
46,667
46,676
46,680
46,683
46,714
46,727
46,729
46,738
46,745
46,769
46,791
46,797
46,809
46,836
46,838
46,847
46,876
46,932
46,939
46,942
46,973
47,59
47,67
47,103
47,121
47,166
47,172
47,178
47,183
47,186
47,218
47,220
47,298
47,305
47,309
47,366
47,377
47,383
47,392
47,413
47,423
47,438
47,457
47,493
47,547
47,637
47,649
47,652
47,667
47,678
47,684
47,723
47,743
47,770
47,779
47,799
47,849
47,889
47,914
47,917
47,938
47,959
47,967
47,971
47,994
48,112
48,127
48,188
48,225
48,245
48,258
48,291
48,295
48,313
48,359
48,404
48,442
48,510
48,527
48,538
48,569
48,575
48,608
48,642
48,644
48,653
48,674
48,683
48,726
48,770
48,805
48,942
48,959
48,971
49,64
49,90
49,114
49,124
49,137
49,143
49,193
49,202
49,207
49,250
49,264
49,288
49,352
49,356
49,377
49,378
49,381
49,410
49,520
49,524
49,544
49,562
49,577
49,645
49,679
49,697
49,703
49,737
49,783
49,795
49,820
49,848
49,872
49,929
49,935
49,940
49,998
50,58
50,103
50,121
50,125
50,150
50,156
50,160
50,197
50,203
50,206
50,222
50,225
50,245
50,252
50,258
50,277
50,284
50,296
50,340
50,349
50,366
50,379
50,385
50,387
50,414
50,470
50,489
50,510
50,515
50,526
50,539
50,541
50,563
50,568
50,608
50,637
50,642
50,644
50,658
50,661
50,667
50,685
50,687
50,699
50,708
50,733
50,826
50,829
50,830
50,907
50,911
50,923
50,930
50,939
50,976
51,108
51,155
51,170
51,182
51,194
51,195
51,260
51,289
51,290
51,326
51,333
51,336
51,338
51,353
51,360
51,369
51,401
51,402
51,405
51,418
51,425
51,439
51,444
51,457
51,466
51,473
51,480
51,482
51,496
51,507
51,543
51,559
51,571
51,587
51,593
51,647
51,701
51,712
51,713
51,765
51,779
51,794
51,979
51,980
51,996
52,54
52,55
52,92
52,94
52,97
52,109
52,120
52,123
52,134
52,140
52,180
52,213
52,224
52,226
52,239
52,273
52,290
52,303
52,307
52,325
52,400
52,414
52,433
52,443
52,480
52,487
52,505
52,513
52,551
52,557
52,584
52,586
52,596
52,633
52,634
52,673
52,675
52,683
52,704
52,714
52,716
52,720
52,731
52,794
52,795
52,848
52,881
52,886
52,924
52,950
52,951
52,955
53,70
53,78
53,90
53,148
53,150
53,152
53,160
53,169
53,173
53,187
53,199
53,215
53,221
53,241
53,275
53,289
53,292
53,324
53,337
53,348
53,412
53,413
53,438
53,469
53,500
53,564
53,579
53,595
53,615
53,628
53,637
53,650
53,698
53,709
53,740
53,741
53,756
53,771
53,810
53,834
53,839
53,854
53,873
53,889
53,890
53,914
53,920
53,926
53,950
53,986
53,987
54,55
54,57
54,70
54,97
54,126
54,152
54,213
54,224
54,248
54,249
54,265
54,266
54,331
54,365
54,377
54,380
54,410
54,433
54,443
54,455
54,516
54,551
54,552
54,565
54,586
54,726
54,730
54,731
54,794
54,802
54,803
54,863
54,877
54,886
54,932
54,935
54,951
54,958
54,993
55,76
55,94
55,109
55,120
55,157
55,180
55,192
55,226
55,228
55,248
55,292
55,343
55,365
55,380
55,420
55,480
55,487
55,505
55,514
55,564
55,593
55,596
55,599
55,609
55,647
55,667
55,673
55,715
55,716
55,724
55,730
55,731
55,845
55,859
55,881
55,952
56,61
56,68
56,118
56,133
56,176
56,191
56,204
56,219
56,235
56,271
56,356
56,362
56,367
56,382
56,384
56,396
56,434
56,494
56,496
56,506
56,528
56,612
56,719
56,788
56,912
56,937
56,968
56,997
57,97
57,109
57,111
57,157
57,192
57,211
57,215
57,227
57,228
57,239
57,254
57,259
57,260
57,288
57,361
57,365
57,380
57,516
57,535
57,602
57,617
57,633
57,646
57,673
57,717
57,764
57,769
57,787
57,794
57,795
57,801
57,819
57,844
57,859
57,863
57,868
57,888
57,891
57,920
57,931
57,951
58,73
58,113
58,117
58,125
58,138
58,174
58,175
58,178
58,183
58,184
58,218
58,220
58,225
58,241
58,258
58,266
58,269
58,282
58,288
58,295
58,300
58,313
58,321
58,441
58,442
58,455
58,474
58,517
58,541
58,550
58,555
58,574
58,575
58,589
58,608
58,638
58,661
58,680
58,721
58,726
58,743
58,761
58,793
58,799
58,834
58,841
58,846
58,848
58,864
58,869
58,878
58,890
58,914
58,938
58,965
58,967
58,971
58,985
59,78
59,121
59,138
59,145
59,168
59,172
59,183
59,184
59,205
59,206
59,209
59,284
59,293
59,321
59,335
59,364
59,392
59,410
59,413
59,415
59,457
59,509
59,517
59,522
59,616
59,637
59,695
59,727
59,743
59,752
59,779
59,798
59,830
59,833
59,861
59,902
59,943
59,960
59,967
59,994
60,91
60,103
60,113
60,122
60,125
60,149
60,227
60,244
60,280
60,296
60,325
60,359
60,374
60,394
60,441
60,495
60,566
60,578
60,583
60,625
60,662
60,680
60,717
60,745
60,769
60,774
60,822
60,838
60,923
60,954
60,974
61,75
61,108
61,118
61,124
61,137
61,151
61,164
61,166
61,176
61,191
61,235
61,270
61,283
61,362
61,367
61,371
61,384
61,422
61,442
61,489
61,494
61,528
61,549
61,668
61,679
61,702
61,705
61,706
61,712
61,719
61,735
61,753
61,754
61,803
61,814
61,857
61,867
61,894
61,900
61,905
61,906
61,912
61,937
61,968
61,969
62,85
62,137
62,178
62,195
62,234
62,267
62,285
62,352
62,361
62,396
62,416
62,425
62,463
62,473
62,511
62,534
62,604
62,620
62,636
62,718
62,764
62,809
62,821
62,838
62,840
62,865
62,880
62,889
62,911
62,990
63,67
63,145
63,203
63,247
63,291
63,298
63,424
63,438
63,447
63,515
63,518
63,600
63,648
63,750
63,770
63,787
63,804
63,873
63,874
63,899
63,943
64,96
64,99
64,106
64,122
64,129
64,144
64,167
64,177
64,187
64,200
64,201
64,204
64,250
64,253
64,262
64,289
64,291
64,303
64,329
64,370
64,374
64,377
64,382
64,393
64,429
64,455
64,467
64,477
64,490
64,491
64,511
64,524
64,530
64,552
64,553
64,566
64,591
64,600
64,604
64,628
64,643
64,652
64,654
64,684
64,696
64,704
64,715
64,731
64,737
64,739
64,769
64,802
64,825
64,845
64,848
64,862
64,872
64,887
64,892
64,895
64,896
64,897
64,911
64,920
64,929
64,974
64,983
64,995
64,996
65,66
65,93
65,143
65,167
65,170
65,189
65,190
65,236
65,253
65,292
65,410
65,426
65,444
65,481
65,497
65,500
65,532
65,545
65,611
65,612
65,656
65,677
65,688
65,740
65,762
65,865
65,867
66,78
66,100
66,101
66,133
66,166
66,182
66,189
66,235
66,236
66,253
66,271
66,337
66,356
66,362
66,364
66,367
66,389
66,396
66,407
66,451
66,465
66,469
66,481
66,486
66,542
66,548
66,549
66,559
66,589
66,611
66,629
66,652
66,663
66,677
66,694
66,697
66,702
66,705
66,735
66,746
66,751
66,772
66,773
66,816
66,824
66,842
66,871
66,882
66,887
66,894
66,900
66,905
66,906
66,912
66,918
66,921
66,922
66,946
66,968
66,979
66,985
67,70
67,101
67,127
67,145
67,154
67,160
67,170
67,198
67,199
67,218
67,220
67,221
67,223
67,231
67,247
67,291
67,298
67,308
67,334
67,362
67,442
67,447
67,449
67,451
67,453
67,489
67,562
67,600
67,610
67,614
67,628
67,666
67,694
67,725
67,727
67,748
67,750
67,770
67,779
67,808
67,837
67,854
67,855
67,897
67,899
67,949
68,69
68,103
68,108
68,113
68,131
68,137
68,146
68,151
68,161
68,175
68,212
68,249
68,253
68,254
68,260
68,301
68,367
68,407
68,412
68,432
68,448
68,462
68,475
68,480
68,483
68,506
68,507
68,527
68,542
68,549
68,553
68,560
68,656
68,664
68,712
68,740
68,753
68,762
68,781
68,811
68,812
68,824
68,857
68,884
68,885
68,906
68,909
68,913
68,937
68,975
68,985
69,74
69,94
69,108
69,123
69,187
69,242
69,264
69,274
69,316
69,332
69,333
69,338
69,357
69,405
69,425
69,451
69,521
69,525
69,543
69,593
69,625
69,644
69,647
69,656
69,671
69,701
69,712
69,751
69,769
69,781
69,792
69,819
69,829
69,851
69,857
69,884
69,885
69,919
69,929
69,953
69,968
69,980
69,985
69,997
70,103
70,113
70,142
70,145
70,194
70,203
70,220
70,247
70,258
70,310
70,337
70,404
70,415
70,453
70,473
70,477
70,489
70,539
70,545
70,547
70,557
70,562
70,600
70,610
70,637
70,661
70,666
70,684
70,698
70,725
70,727
70,750
70,770
70,785
70,799
70,827
70,854
70,856
70,873
70,889
70,893
70,898
70,902
70,917
70,944
70,983
70,986
70,988
71,90
71,102
71,169
71,173
71,202
71,241
71,281
71,286
71,294
71,324
71,344
71,348
71,391
71,438
71,469
71,472
71,501
71,520
71,615
71,623
71,650
71,666
71,698
71,709
71,710
71,741
71,805
71,815
71,827
71,865
71,936
71,959
71,960
71,986
72,181
72,224
72,256
72,265
72,303
72,325
72,331
72,412
72,420
72,443
72,487
72,491
72,523
72,552
72,576
72,634
72,635
72,651
72,658
72,691
72,714
72,796
72,801
72,881
72,988
72,996
73,79
73,85
73,91
73,106
73,112
73,153
73,178
73,181
73,260
73,266
73,268
73,272
73,300
73,306
73,345
73,350
73,377
73,406
73,429
73,434
73,437
73,534
73,602
73,606
73,620
73,621
73,644
73,723
73,734
73,736
73,786
73,803
73,806
73,821
73,843
73,859
73,870
73,876
73,911
73,913
73,925
73,949
73,966
74,118
74,123
74,146
74,170
74,173
74,189
74,191
74,212
74,229
74,254
74,287
74,342
74,357
74,362
74,375
74,384
74,426
74,446
74,462
74,494
74,500
74,506
74,540
74,542
74,549
74,567
74,629
74,647
74,702
74,705
74,712
74,713
74,719
74,741
74,762
74,781
74,812
74,813
74,851
74,868
74,882
74,894
74,900
74,905
74,906
74,909
74,912
74,940
74,960
74,968
74,969
75,81
75,90
75,113
75,147
75,150
75,169
75,173
75,231
75,241
75,253
75,283
75,294
75,312
75,320
75,324
75,438
75,464
75,465
75,469
75,479
75,500
75,508
75,521
75,536
75,557
75,595
75,628
75,665
75,673
75,694
75,698
75,708
75,709
75,715
75,727
75,792
75,798
75,810
75,823
75,827
75,832
75,866
75,873
75,887
75,912
75,937
75,983
75,986
75,991
76,89
76,98
76,99
76,103
76,104
76,165
76,212
76,219
76,247
76,255
76,315
76,396
76,430
76,468
76,473
76,485
76,537
76,553
76,560
76,640
76,686
76,696
76,700
76,725
76,740
76,758
76,760
76,803
76,845
76,872
77,98
77,104
77,113
77,149
77,160
77,164
77,168
77,188
77,241
77,279
77,284
77,301
77,302
77,315
77,329
77,347
77,385
77,428
77,461
77,467
77,512
77,537
77,548
77,553
77,561
77,583
77,585
77,641
77,663
77,672
77,725
77,760
77,777
77,789
77,826
77,841
77,872
77,878
77,903
77,974
77,978
78,113
78,115
78,119
78,169
78,183
78,219
78,232
78,257
78,283
78,286
78,311
78,322
78,344
78,364
78,390
78,557
78,570
78,708
78,737
78,743
78,759
78,833
78,839
78,849
78,850
78,898
78,904
78,948
78,986
79,80
79,101
79,104
79,105
79,126
79,140
79,157
79,178
79,181
79,215
79,228
79,328
79,343
79,359
79,361
79,398
79,414
79,523
79,564
79,584
79,620
79,718
79,747
79,751
79,755
79,780
79,814
79,847
79,859
79,915
79,916
79,925
79,952
79,956
79,970
79,977
79,990
80,111
80,126
80,157
80,215
80,285
80,378
80,390
80,431
80,476
80,500
80,523
80,582
80,620
80,639
80,714
80,723
80,765
80,836
80,876
80,892
80,895
80,920
80,956
80,970
80,977
80,990
81,113
81,132
81,186
81,190
81,241
81,278
81,301
81,320
81,324
81,384
81,419
81,432
81,465
81,479
81,500
81,508
81,556
81,579
81,595
81,628
81,678
81,702
81,709
81,741
81,754
81,755
81,758
81,759
81,761
81,771
81,781
81,798
81,808
81,810
81,843
81,905
81,928
81,950
81,960
81,982
81,991
82,212
82,224
82,249
82,256
82,265
82,290
82,322
82,331
82,354
82,377
82,420
82,433
82,460
82,463
82,519
82,524
82,546
82,564
82,566
82,593
82,628
82,633
82,651
82,720
82,739
82,781
82,787
82,835
82,961
82,979
82,989
82,996
83,102
83,119
83,208
83,218
83,219
83,221
83,232
83,241
83,282
83,310
83,337
83,364
83,375
83,397
83,438
83,452
83,457
83,486
83,501
83,547
83,580
83,637
83,650
83,684
83,698
83,700
83,743
83,748
83,759
83,771
83,778
83,816
83,845
83,873
83,936
84,131
84,147
84,159
84,204
84,224
84,256
84,333
84,339
84,351
84,391
84,401
84,490
84,507
84,544
84,554
84,559
84,645
84,647
84,660
84,673
84,737
84,792
84,801
84,848
84,856
84,858
84,929
85,91
85,134
85,153
85,185
85,215
85,266
85,306
85,314
85,350
85,355
85,406
85,429
85,437
85,445
85,485
85,498
85,531
85,551
85,606
85,621
85,622
85,641
85,704
85,723
85,733
85,786
85,793
85,794
85,862
85,892
85,907
85,911
85,962
85,963
85,966
86,112
86,117
86,127
86,141
86,172
86,223
86,233
86,279
86,295
86,311
86,342
86,417
86,442
86,449
86,517
86,600
86,653
86,689
86,693
86,724
86,744
86,760
86,775
86,808
86,841
86,878
86,897
86,947
86,954
86,966
87,95
87,264
87,274
87,333
87,336
87,360
87,401
87,405
87,410
87,418
87,466
87,475
87,482
87,496
87,543
87,544
87,647
87,659
87,672
87,688
87,767
87,781
87,798
87,802
87,811
87,883
87,885
87,985
88,90
88,119
88,127
88,166
88,168
88,208
88,219
88,258
88,321
88,364
88,375
88,382
88,383
88,395
88,413
88,415
88,453
88,457
88,477
88,489
88,493
88,510
88,532
88,551
88,570
88,579
88,666
88,678
88,692
88,750
88,766
88,777
88,845
88,849
88,890
88,910
88,959
89,97
89,106
89,114
89,167
89,223
89,229
89,236
89,238
89,281
89,315
89,316
89,355
89,358
89,382
89,390
89,396
89,401
89,414
89,428
89,430
89,444
89,467
89,504
89,528
89,553
89,559
89,561
89,564
89,579
89,603
89,626
89,630
89,654
89,663
89,672
89,696
89,739
89,802
89,808
89,825
89,828
89,851
89,872
89,953
89,982
90,106
90,110
90,113
90,148
90,167
90,169
90,173
90,195
90,231
90,241
90,256
90,293
90,299
90,323
90,324
90,368
90,388
90,396
90,428
90,438
90,479
90,500
90,517
90,536
90,557
90,595
90,617
90,665
90,669
90,670
90,695
90,709
90,722
90,755
90,771
90,775
90,782
90,810
90,827
90,832
90,866
90,901
90,902
90,936
90,950
90,960
90,986
91,151
91,155
91,197
91,204
91,207
91,222
91,238
91,240
91,243
91,273
91,276
91,280
91,285
91,295
91,296
91,300
91,335
91,352
91,353
91,359
91,372
91,386
91,394
91,403
91,424
91,477
91,478
91,485
91,526
91,542
91,602
91,622
91,625
91,641
91,658
91,680
91,699
91,726
91,732
91,745
91,747
91,769
91,797
91,822
91,829
91,836
91,876
91,893
91,907
91,913
91,923
91,963
91,966
91,976
92,97
92,106
92,133
92,147
92,150
92,167
92,182
92,207
92,260
92,262
92,281
92,287
92,292
92,301
92,302
92,308
92,332
92,345
92,363
92,373
92,378
92,393
92,396
92,402
92,430
92,444
92,490
92,504
92,507
92,520
92,525
92,543
92,577
92,590
92,596
92,600
92,617
92,628
92,632
92,660
92,679
92,691
92,708
92,781
92,782
92,783
92,784
92,845
92,872
92,885
92,920
92,948
93,159
93,187
93,289
93,308
93,316
93,356
93,378
93,410
93,432
93,482
93,483
93,670
93,703
93,750
93,751
93,835
93,860
93,929
93,995
94,120
94,126
94,131
94,157
94,180
94,200
94,213
94,214
94,239
94,248
94,249
94,262
94,273
94,277
94,297
94,305
94,325
94,332
94,355
94,365
94,382
94,443
94,475
94,480
94,487
94,505
94,507
94,524
94,566
94,591
94,596
94,631
94,643
94,645
94,652
94,673
94,720
94,736
94,765
94,794
94,795
94,860
94,877
94,892
94,920
94,956
94,995
95,147
95,159
95,189
95,195
95,265
95,308
95,336
95,347
95,369
95,374
95,400
95,401
95,427
95,436
95,444
95,446
95,482
95,506
95,519
95,540
95,543
95,559
95,571
95,691
95,713
95,767
95,802
95,819
95,885
95,889
95,900
95,935
95,988
96,99
96,130
96,294
96,306
96,328
96,361
96,366
96,402
96,441
96,511
96,609
96,621
96,622
96,718
96,793
96,825
96,862
96,910
96,911
96,913
96,925
96,990
97,108
97,140
97,145
97,182
97,200
97,224
97,236
97,251
97,262
97,268
97,294
97,303
97,328
97,331
97,377
97,380
97,410
97,452
97,459
97,475
97,482
97,491
97,492
97,530
97,534
97,549
97,576
97,613
97,631
97,634
97,652
97,671
97,763
97,836
97,845
97,951
97,975
97,989
97,995
98,106
98,122
98,190
98,201
98,274
98,300
98,329
98,331
98,351
98,369
98,370
98,374
98,396
98,425
98,531
98,550
98,553
98,572
98,584
98,591
98,640
98,654
98,681
98,696
98,700
98,708
98,715
98,802
98,809
98,837
98,872
98,909
98,911
98,937
98,964
98,974
98,982
99,126
99,158
99,165
99,175
99,177
99,226
99,244
99,249
99,303
99,315
99,321
99,338
99,350
99,356
99,380
99,412
99,443
99,452
99,463
99,508
99,530
99,553
99,566
99,617
99,620
99,651
99,696
99,700
99,715
99,716
99,734
99,739
99,769
99,825
99,894
99,924
99,933
99,974
99,998
100,132
100,174
100,190
100,306
100,312
100,383
100,384
100,389
100,412
100,464
100,465
100,479
100,556
100,582
100,585
100,612
100,629
100,632
100,669
100,738
100,740
100,746
100,754
100,755
100,769
100,773
100,798
100,826
100,842
100,843
100,882
100,918
100,981
100,985
100,997
101,132
101,143
101,167
101,187
101,196
101,212
101,233
101,236
101,250
101,260
101,270
101,271
101,310
101,311
101,327
101,359
101,360
101,365
101,384
101,391
101,395
101,396
101,412
101,430
101,436
101,446
101,448
101,490
101,519
101,521
101,525
101,528
101,548
101,561
101,578
101,611
101,629
101,637
101,645
101,660
101,679
101,691
101,702
101,741
101,777
101,781
101,788
101,814
101,843
101,845
101,895
101,900
101,903
101,908
101,921
101,932
101,953
101,962
101,983
102,110
102,115
102,174
102,183
102,188
102,196
102,202
102,208
102,215
102,232
102,241
102,311
102,313
102,318
102,344
102,364
102,367
102,395
102,407
102,415
102,465
102,486
102,501
102,529
102,562
102,570
102,580
102,615
102,624
102,650
102,698
102,710
102,727
102,759
102,785
102,816
102,823
102,839
102,873
102,936
102,986
102,987
103,142
103,148
103,178
103,245
103,279
103,294
103,323
103,341
103,342
103,358
103,392
103,393
103,428
103,485
103,488
103,518
103,548
103,557
103,561
103,577
103,590
103,610
103,640
103,666
103,681
103,725
103,726
103,727
103,740
103,766
103,779
103,865
103,868
103,871
103,885
103,887
103,924
103,936
103,960
103,975
103,978
103,983
104,108
104,116
104,147
104,154
104,177
104,178
104,195
104,203
104,207
104,238
104,255
104,342
104,346
104,352
104,390
104,424
104,427
104,446
104,478
104,504
104,513
104,522
104,541
104,583
104,631
104,736
104,763
104,789
104,791
104,800
104,803
104,812
104,825
104,884
104,885
104,901
104,915
104,920
104,949
104,954
104,970
104,974
104,981
105,126
105,180
105,215
105,228
105,244
105,314
105,387
105,394
105,398
105,419
105,430
105,435
105,476
105,511
105,535
105,540
105,596
105,613
105,617
105,618
105,620
105,633
105,634
105,672
105,794
105,795
105,810
105,848
105,859
105,864
105,886
105,912
105,925
105,952
105,956
105,990
106,123
106,167
106,175
106,197
106,201
106,207
106,218
106,233
106,250
106,264
106,279
106,290
106,302
106,342
106,360
106,374
106,391
106,392
106,402
106,412
106,420
106,431
106,454
106,489
106,505
106,531
106,548
106,553
106,557
106,561
106,577
106,654
106,672
106,692
106,696
106,708
106,715
106,737
106,760
106,771
106,783
106,800
106,802
106,814
106,828
106,859
106,867
106,884
106,903
106,918
106,932
106,958
106,961
106,964
106,980
106,998
107,152
107,171
107,190
107,249
107,253
107,270
107,301
107,322
107,327
107,388
107,393
107,396
107,399
107,401
107,412
107,428
107,436
107,467
107,508
107,548
107,561
107,582
107,585
107,628
107,631
107,663
107,681
107,702
107,708
107,757
107,775
107,777
107,822
107,829
107,889
107,895
107,901
107,902
107,933
107,950
107,957
107,960
107,964
107,987
108,111
108,158
108,160
108,175
108,220
108,242
108,244
108,284
108,289
108,316
108,332
108,336
108,360
108,364
108,370
108,402
108,405
108,410
108,412
108,425
108,448
108,452
108,459
108,466
108,480
108,481
108,484
108,507
108,530
108,531
108,554
108,559
108,571
108,584
108,586
108,590
108,593
108,612
108,628
108,633
108,694
108,701
108,737
108,787
108,788
108,819
108,843
108,884
108,888
108,929
108,931
108,940
108,946
108,979
108,996
109,140
109,155
109,157
109,180
109,192
109,226
109,248
109,268
109,273
109,297
109,338
109,365
109,420
109,433
109,480
109,516
109,551
109,553
109,618
109,656
109,675
109,716
109,724
109,730
109,731
109,738
109,751
109,794
109,859
109,877
109,920
109,962
109,974
110,119
110,132
110,208
110,210
110,218
110,221
110,246
110,257
110,262
110,337
110,367
110,453
110,457
110,469
110,486
110,493
110,562
110,580
110,588
110,655
110,684
110,804
110,816
110,850
110,861
110,873
110,899
110,959
110,987
111,114
111,126
111,139
111,157
111,234
111,446
111,505
111,513
111,516
111,551
111,552
111,593
111,731
111,765
111,793
111,795
111,801
111,844
111,877
112,127
112,132
112,153
112,225
112,295
112,472
112,572
112,573
112,662
112,674
112,721
112,853
112,856
112,943
113,132
113,144
113,157
113,202
113,221
113,231
113,253
113,320
113,323
113,333
113,337
113,342
113,369
113,382
113,388
113,397
113,455
113,464
113,465
113,500
113,501
113,542
113,557
113,579
113,580
113,595
113,628
113,649
113,656
113,659
113,674
113,709
113,740
113,755
113,771
113,783
113,798
113,799
113,810
113,832
113,875
113,879
113,948
113,977
113,983
113,986
113,987
113,991
114,152
114,154
114,200
114,224
114,250
114,270
114,290
114,308
114,374
114,377
114,378
114,396
114,443
114,466
114,504
114,524
114,541
114,583
114,656
114,668
114,671
114,715
114,737
114,798
114,921
114,924
114,941
114,958
114,960
114,995
115,119
115,199
115,259
115,286
115,318
115,344
115,417
115,420
115,478
115,501
115,522
115,570
115,615
115,650
115,709
115,759
115,839
115,879
115,930
115,936
115,948
115,956
115,992
116,149
116,155
116,162
116,178
116,277
116,352
116,404
116,463
116,470
116,495
116,499
116,513
116,604
116,636
116,641
116,662
116,690
116,721
116,786
116,803
116,809
116,822
116,831
116,840
116,856
116,915
116,945
116,949
117,127
117,138
117,150
117,168
117,203
117,205
117,245
117,259
117,288
117,295
117,309
117,321
117,334
117,335
117,376
117,386
117,434
117,449
117,509
117,510
117,515
117,526
117,527
117,529
117,538
117,539
117,555
117,660
117,674
117,726
117,729
117,736
117,738
117,752
117,758
117,794
117,805
117,808
117,833
117,841
117,870
117,878
117,953
117,965
117,992
117,994
118,148
118,157
118,174
118,176
118,191
118,233
118,235
118,236
118,260
118,271
118,362
118,363
118,380
118,384
118,400
118,405
118,410
118,427
118,430
118,481
118,494
118,501
118,528
118,536
118,560
118,668
118,705
118,719
118,740
118,746
118,753
118,773
118,804
118,825
118,882
118,885
118,894
118,900
118,906
118,912
118,918
118,935
118,937
118,985
118,997
119,148
119,150
119,199
119,208
119,257
119,263
119,294
119,299
119,300
119,337
119,344
119,364
119,395
119,413
119,457
119,517
119,518
119,526
119,532
119,572
119,616
119,625
119,649
119,650
119,654
119,663
119,692
119,698
119,727
119,729
119,743
119,759
119,770
119,778
119,816
119,823
119,839
119,850
119,861
119,873
119,889
119,890
119,899
119,948
119,959
119,960
119,987
120,192
120,213
120,226
120,234
120,248
120,273
120,344
120,365
120,393
120,433
120,480
120,487
120,551
120,596
120,633
120,675
120,697
120,877
120,881
120,886
120,951
120,996
121,128
121,180
121,184
121,198
121,206
121,207
121,214
121,252
121,269
121,295
121,296
121,307
121,349
121,378
121,386
121,403
121,470
121,526
121,533
121,539
121,547
121,558
121,589
121,601
121,638
121,687
121,699
121,721
121,755
121,829
121,836
121,855
121,858
121,907
121,912
121,923
121,930
121,939
121,954
121,960
121,992
122,175
122,196
122,260
122,294
122,361
122,374
122,382
122,396
122,429
122,430
122,467
122,478
122,525
122,553
122,618
122,652
122,654
122,696
122,715
122,727
122,824
122,845
122,864
122,873
122,903
122,916
122,933
122,941
122,950
122,958
122,979
123,180
123,224
123,242
123,290
123,322
123,331
123,354
123,370
123,381
123,382
123,400
123,401
123,410
123,425
123,432
123,439
123,446
123,448
123,452
123,471
123,480
123,484
123,519
123,524
123,530
123,554
123,566
123,590
123,634
123,647
123,652
123,671
123,737
123,762
123,794
123,802
123,807
123,811
123,835
123,838
123,845
123,860
123,884
123,923
123,924
123,929
123,931
123,972
123,975
123,984
123,989
124,207
124,400
124,405
124,410
124,454
124,482
124,549
124,551
124,613
124,721
124,763
124,844
124,860
124,884
125,127
125,149
125,155
125,227
125,238
125,300
125,323
125,359
125,394
125,406
125,414
125,424
125,429
125,478
125,485
125,487
125,529
125,533
125,538
125,553
125,594
125,598
125,601
125,602
125,625
125,636
125,760
125,812
125,817
125,822
125,847
125,873
125,914
125,923
125,954
125,963
125,974
126,157
126,181
126,192
126,211
126,228
126,234
126,248
126,249
126,270
126,295
126,306
126,314
126,355
126,361
126,398
126,405
126,411
126,476
126,505
126,523
126,542
126,586
126,617
126,618
126,717
126,731
126,765
126,780
126,795
126,853
126,859
126,862
126,952
126,956
126,958
126,962
126,964
126,970
126,977
126,990
126,996
127,150
127,156
127,160
127,179
127,180
127,185
127,204
127,225
127,227
127,245
127,266
127,285
127,295
127,309
127,311
127,313
127,321
127,335
127,353
127,354
127,361
127,422
127,423
127,428
127,442
127,495
127,496
127,510
127,527
127,529
127,553
127,555
127,589
127,607
127,620
127,638
127,657
127,674
127,676
127,721
127,729
127,736
127,752
127,779
127,783
127,829
127,874
127,878
127,893
127,896
127,907
127,919
127,942
127,965
127,976
127,992
127,993
127,994
128,153
128,172
128,185
128,194
128,197
128,237
128,240
128,252
128,257
128,258
128,261
128,276
128,284
128,408
128,441
128,460
128,513
128,565
128,658
128,682
128,683
128,687
128,714
128,744
128,774
128,797
128,812
128,855
128,907
128,988
129,164
129,171
129,333
129,368
129,428
129,512
129,561
129,585
129,640
129,672
129,757
129,817
129,865
129,871
129,926
129,981
130,141
130,153
130,277
130,279
130,345
130,353
130,359
130,421
130,429
130,456
130,498
130,689
130,779
130,821
130,870
130,893
130,954
130,963
130,966
130,973
131,146
131,159
131,200
131,250
131,281
131,296
131,316
131,351
131,401
131,418
131,466
131,530
131,571
131,671
131,720
131,767
131,783
131,860
131,867
131,979
132,133
132,143
132,149
132,151
132,174
132,189
132,210
132,212
132,229
132,231
132,235
132,260
132,312
132,334
132,348
132,367
132,369
132,384
132,388
132,389
132,464
132,476
132,570
132,582
132,583
132,612
132,641
132,668
132,702
132,720
132,740
132,741
132,761
132,769
132,771
132,777
132,824
132,842
132,865
132,868
132,882
132,883
132,901
132,909
132,912
132,918
132,922
132,928
132,953
132,967
132,995
133,143
133,170
133,233
133,253
133,260
133,263
133,270
133,275
133,282
133,348
133,378
133,389
133,398
133,403
133,412
133,464
133,508
133,557
133,586
133,629
133,651
133,664
133,669
133,681
133,707
133,741
133,742
133,752
133,755
133,760
133,777
133,819
133,824
133,826
133,831
133,842
133,865
133,871
133,889
133,900
133,901
133,928
134,135
134,149
134,163
134,175
134,178
134,217
134,266
134,284
134,285
134,316
134,319
134,343
134,346
134,352
134,390
134,405
134,416
134,431
134,437
134,448
134,461
134,510
134,511
134,604
134,617
134,618
134,622
134,623
134,632
134,634
134,646
134,690
134,700
134,718
134,729
134,736
134,745
134,769
134,803
134,809
134,823
134,864
134,891
134,915
134,925
134,928
134,945
134,955
134,962
135,163
135,178
135,181
135,184
135,337
135,346
135,352
135,359
135,383
135,405
135,409
135,416
135,429
135,431
135,461
135,474
135,504
135,513
135,565
135,569
135,586
135,609
135,633
135,634
135,700
135,713
135,718
135,720
135,780
135,814
135,825
135,864
135,870
135,911
135,925
135,952
135,955
135,959
135,962
135,963
135,972
136,179
136,227
136,243
136,279
136,317
136,335
136,353
136,359
136,441
136,470
136,484
136,509
136,538
136,563
136,594
136,598
136,740
136,799
136,808
136,812
136,923
136,930
136,945
137,143
137,146
137,161
137,182
137,191
137,234
137,254
137,328
137,345
137,351
137,363
137,418
137,494
137,496
137,560
137,629
137,647
137,656
137,664
137,668
137,672
137,688
137,701
137,719
137,753
137,781
137,785
137,844
137,875
137,905
137,906
137,909
137,948
137,969
137,985
137,994
138,172
138,225
138,247
138,253
138,258
138,264
138,288
138,295
138,309
138,313
138,321
138,376
138,436
138,447
138,457
138,458
138,472
138,478
138,515
138,555
138,574
138,575
138,579
138,595
138,603
138,607
138,614
138,616
138,644
138,660
138,680
138,729
138,736
138,758
138,771
138,775
138,779
138,800
138,806
138,830
138,833
138,834
138,846
138,902
138,942
138,963
138,994
139,148
139,157
139,228
139,308
139,325
139,352
139,398
139,411
139,412
139,516
139,523
139,552
139,555
139,572
139,599
139,618
139,731
139,739
139,780
139,952
139,990
140,265
140,273
140,301
140,303
140,325
140,348
140,365
140,448
140,452
140,455
140,480
140,487
140,553
140,576
140,586
140,596
140,675
140,720
140,877
140,950
140,951
141,163
141,266
141,272
141,314
141,345
141,385
141,445
141,456
141,498
141,511
141,606
141,636
141,682
141,689
141,744
141,745
141,817
141,821
141,876
141,897
141,904
141,925
141,930
141,956
141,966
141,973
141,976
142,145
142,148
142,171
142,202
142,210
142,230
142,256
142,279
142,283
142,323
142,342
142,397
142,512
142,518
142,595
142,624
142,628
142,681
142,695
142,725
142,771
142,820
142,831
142,865
142,868
142,883
142,889
142,919
142,978
143,148
143,170
143,172
143,180
143,189
143,190
143,207
143,236
143,241
143,253
143,260
143,271
143,292
143,323
143,327
143,347
143,349
143,393
143,410
143,412
143,432
143,473
143,481
143,542
143,554
143,579
143,611
143,612
143,629
143,632
143,669
143,677
143,695
143,735
143,762
143,799
143,867
143,900
143,905
143,910
143,921
143,953
144,177
144,199
144,218
144,263
144,291
144,293
144,310
144,397
144,409
144,415
144,492
144,536
144,579
144,610
144,666
144,698
144,727
144,742
144,748
144,775
144,796
144,802
144,868
144,898
144,936
144,944
144,953
144,983
145,149
145,160
145,168
145,187
145,200
145,203
145,215
145,223
145,245
145,246
145,247
145,279
145,293
145,294
145,313
145,323
145,327
145,337
145,367
145,394
145,397
145,399
145,428
145,477
145,496
145,501
145,502
145,507
145,509
145,510
145,518
145,521
145,532
145,536
145,570
145,589
145,595
145,598
145,610
145,614
145,652
145,653
145,661
145,667
145,725
145,727
145,747
145,748
145,750
145,754
145,758
145,759
145,766
145,770
145,779
145,782
145,785
145,790
145,791
145,794
145,804
145,809
145,837
145,842
145,879
145,887
145,890
145,896
145,898
145,943
145,984
145,990
145,991
146,432
146,436
146,446
146,462
146,475
146,540
146,546
146,560
146,656
146,664
146,668
146,753
146,851
146,906
146,909
146,918
146,940
146,969
147,159
147,187
147,200
147,302
147,308
147,332
147,339
147,378
147,401
147,402
147,410
147,487
147,490
147,524
147,544
147,583
147,590
147,609
147,645
147,665
147,670
147,679
147,701
147,780
147,788
147,792
147,845
147,891
147,931
147,995
148,169
148,202
148,231
148,241
148,245
148,247
148,253
148,293
148,310
148,312
148,315
148,320
148,337
148,342
148,413
148,426
148,438
148,439
148,465
148,469
148,475
148,477
148,489
148,501
148,504
148,508
148,518
148,523
148,536
148,557
148,579
148,610
148,614
148,628
148,637
148,639
148,655
148,661
148,666
148,684
148,709
148,710
148,722
148,727
148,740
148,748
148,754
148,760
148,766
148,771
148,773
148,775
148,778
148,793
148,796
148,808
148,810
148,812
148,815
148,817
148,842
148,866
148,868
148,871
148,875
148,879
148,887
148,889
148,890
148,898
148,906
148,936
148,950
148,957
148,960
148,975
148,983
148,986
149,162
149,177
149,183
149,197
149,211
149,222
149,238
149,240
149,267
149,280
149,288
149,301
149,335
149,344
149,355
149,359
149,372
149,386
149,394
149,406
149,408
149,430
149,446
149,455
149,461
149,485
149,498
149,499
149,511
149,513
149,533
149,536
149,539
149,548
149,550
149,561
149,569
149,606
149,662
149,675
149,700
149,729
149,732
149,736
149,749
149,758
149,779
149,791
149,805
149,809
149,845
149,847
149,856
149,859
149,872
149,874
149,876
149,913
149,916
149,945
149,949
149,961
149,962
149,972
149,974
149,977
149,990
150,177
150,179
150,184
150,188
150,197
150,206
150,227
150,243
150,245
150,305
150,313
150,319
150,329
150,334
150,335
150,359
150,378
150,386
150,422
150,441
150,451
150,465
150,474
150,478
150,495
150,510
150,527
150,528
150,529
150,538
150,590
150,594
150,598
150,602
150,607
150,625
150,626
150,638
150,641
150,648
150,662
150,667
150,674
150,689
150,723
150,726
150,729
150,733
150,742
150,779
150,793
150,809
150,812
150,829
150,840
150,864
150,874
150,878
150,884
150,917
150,942
150,954
150,967
150,993
151,161
151,322
151,330
151,334
151,337
151,367
151,432
151,462
151,483
151,506
151,542
151,549
151,559
151,560
151,656
151,664
151,810
151,875
151,909
151,912
151,927
151,934
151,949
151,985
152,327
152,329
152,373
152,401
152,542
152,545
152,548
152,551
152,561
152,585
152,611
152,640
152,663
152,708
152,824
152,826
152,851
152,912
152,933
152,950
152,964
153,155
153,156
153,163
153,266
153,297
153,306
153,341
153,408
153,429
153,440
153,509
153,526
153,533
153,602
153,606
153,619
153,628
153,636
153,689
153,732
153,736
153,747
153,774
153,803
153,859
153,910
153,923
153,963
154,227
154,266
154,313
154,319
154,321
154,335
154,359
154,372
154,404
154,422
154,436
154,443
154,449
154,472
154,521
154,533
154,536
154,566
154,569
154,573
154,600
154,607
154,678
154,733
154,752
154,913
154,924
154,939
154,988
155,178
155,238
155,243
155,266
155,280
155,296
155,300
155,306
155,310
155,317
155,353
155,359
155,362
155,372
155,386
155,394
155,408
155,437
155,441
155,443
155,472
155,485
155,523
155,526
155,533
155,601
155,602
155,614
155,687
155,689
155,694
155,721
155,726
155,736
155,745
155,747
155,780
155,791
155,797
155,808
155,830
155,833
155,847
155,878
155,893
155,909
155,910
155,912
155,913
155,915
155,930
155,942
155,945
155,963
156,182
156,266
156,277
156,280
156,285
156,300
156,313
156,361
156,366
156,390
156,400
156,403
156,406
156,424
156,429
156,434
156,437
156,440
156,445
156,498
156,511
156,578
156,602
156,617
156,636
156,642
156,658
156,674
156,680
156,687
156,726
156,732
156,745
156,774
156,786
156,791
156,817
156,847
156,876
156,893
156,910
156,915
156,916
156,923
156,930
156,962
156,963
157,181
157,188
157,192
157,213
157,234
157,239
157,317
157,322
157,365
157,390
157,393
157,411
157,425
157,437
157,455
157,464
157,476
157,480
157,481
157,534
157,618
157,623
157,631
157,633
157,689
157,708
157,716
157,717
157,729
157,730
157,731
157,735
157,765
157,794
157,795
157,844
157,876
157,877
157,886
157,888
157,891
157,918
157,925
157,942
157,950
157,952
157,956
157,962
157,966
157,977
157,988
158,180
158,195
158,200
158,215
158,249
158,254
158,256
158,262
158,306
158,322
158,354
158,380
158,381
158,382
158,418
158,420
158,434
158,439
158,443
158,503
158,509
158,564
158,566
158,584
158,585
158,591
158,619
158,639
158,651
158,699
158,708
158,762
158,764
158,787
158,794
158,815
158,835
158,859
158,865
158,919
158,920
158,922
158,932
158,954
158,958
158,962
158,980
158,989
158,996
159,294
159,301
159,302
159,308
159,320
159,325
159,332
159,339
159,356
159,369
159,384
159,401
159,459
159,492
159,507
159,524
159,530
159,593
159,645
159,691
159,697
159,701
159,703
159,832
159,851
159,929
159,935
159,941
159,977
159,997
160,210
160,219
160,313
160,316
160,337
160,359
160,363
160,451
160,477
160,488
160,510
160,569
160,583
160,610
160,648
160,661
160,681
160,707
160,725
160,738
160,742
160,798
160,802
160,804
160,808
160,853
160,889
160,897
160,907
160,926
160,943
160,955
160,982
160,994
161,231
161,233
161,253
161,254
161,255
161,271
161,432
161,448
161,462
161,475
161,481
161,496
161,506
161,525
161,542
161,560
161,566
161,597
161,659
161,702
161,706
161,712
161,745
161,753
161,781
161,811
161,857
161,871
161,885
161,929
161,985
161,997
162,166
162,186
162,234
162,243
162,258
162,359
162,372
162,421
162,485
162,524
162,553
162,581
162,583
162,641
162,642
162,662
162,666
162,680
162,681
162,776
162,797
162,809
162,826
162,853
162,874
162,908
162,916
162,938
162,974
163,178
163,297
163,302
163,349
163,352
163,359
163,390
163,394
163,402
163,416
163,427
163,431
163,441
163,456
163,485
163,511
163,514
163,515
163,538
163,540
163,593
163,602
163,603
163,613
163,626
163,629
163,641
163,662
163,737
163,744
163,803
163,825
163,868
163,878
163,922
163,925
164,171
164,212
164,223
164,279
164,293
164,315
164,362
164,449
164,450
164,452
164,531
164,561
164,661
164,663
164,681
164,711
164,736
164,782
164,865
164,908
165,178
165,194
165,195
165,201
165,217
165,223
165,468
165,473
165,477
165,529
165,531
165,583
165,618
165,662
165,680
165,685
165,686
165,703
165,708
165,727
165,748
165,769
165,873
165,879
165,896
166,168
166,169
166,183
166,186
166,199
166,205
166,208
166,210
166,219
166,246
166,263
166,364
166,395
166,404
166,413
166,427
166,477
166,493
166,509
166,550
166,587
166,588
166,626
166,637
166,644
166,649
166,685
166,701
166,778
166,779
166,782
166,799
166,829
166,837
166,849
166,854
166,879
166,887
166,899
166,938
166,948
166,959
166,986
166,994
167,216
167,219
167,247
167,262
167,270
167,301
167,302
167,316
167,363
167,375
167,462
167,490
167,533
167,572
167,619
167,633
167,691
167,708
167,843
167,897
167,974
167,998
168,172
168,177
168,215
168,219
168,220
168,247
168,258
168,268
168,286
168,299
168,305
168,321
168,381
168,383
168,395
168,447
168,476
168,489
168,515
168,518
168,532
168,552
168,562
168,600
168,610
168,655
168,666
168,667
168,678
168,694
168,695
168,710
168,738
168,740
168,750
168,759
168,760
168,770
168,790
168,799
168,804
168,833
168,836
168,849
168,917
168,959
168,983
168,987
169,183
169,199
169,202
169,204
169,257
169,311
169,348
169,389
169,469
169,477
169,501
169,615
169,663
169,698
169,732
169,759
169,778
169,799
169,810
169,815
169,820
169,823
169,828
169,873
169,875
169,887
169,918
169,926
169,948
169,986
169,987
170,182
170,189
170,193
170,196
170,249
170,265
170,270
170,281
170,290
170,292
170,330
170,338
170,356
170,358
170,374
170,393
170,407
170,412
170,432
170,433
170,442
170,446
170,481
170,497
170,542
170,612
170,629
170,632
170,669
170,672
170,677
170,688
170,701
170,719
170,735
170,740
170,741
170,742
170,773
170,830
170,867
170,900
170,903
170,919
170,922
170,928
170,974
171,279
171,368
171,373
171,465
171,537
171,561
171,572
171,585
171,754
171,802
171,842
171,884
171,957
171,964
172,177
172,183
172,185
172,188
172,194
172,197
172,220
172,251
172,258
172,295
172,309
172,321
172,417
172,422
172,474
172,515
172,547
172,574
172,575
172,607
172,614
172,661
172,726
172,733
172,735
172,743
172,758
172,806
172,808
172,823
172,830
172,853
172,896
172,902
172,936
172,947
172,959
172,987
173,218
173,231
173,241
173,245
173,282
173,305
173,327
173,342
173,348
173,356
173,392
173,438
173,465
173,469
173,507
173,550
173,615
173,648
173,665
173,754
173,796
173,798
173,810
173,827
173,858
173,875
173,879
173,889
173,895
173,922
173,960
173,986
173,991
173,994
174,203
174,229
174,236
174,312
174,320
174,367
174,373
174,389
174,390
174,465
174,481
174,582
174,702
174,741
174,866
174,912
174,918
174,922
175,178
175,180
175,195
175,215
175,231
175,234
175,285
175,306
175,322
175,346
175,352
175,355
175,361
175,380
175,390
175,410
175,420
175,429
175,461
175,463
175,483
175,504
175,514
175,521
175,553
175,565
175,590
175,604
175,610
175,639
175,643
175,660
175,682
175,691
175,700
175,737
175,739
175,750
175,769
175,786
175,825
175,886
175,924
175,939
175,956
175,958
175,992
176,191
176,235
176,271
176,362
176,367
176,384
176,465
176,528
176,668
176,702
176,719
176,773
176,857
176,922
176,968
176,969
176,992
177,190
177,207
177,223
177,227
177,259
177,280
177,313
177,329
177,345
177,352
177,390
177,442
177,467
177,474
177,478
177,481
177,522
177,529
177,539
177,561
177,602
177,607
177,626
177,736
177,752
177,770
177,791
177,801
177,809
177,816
177,835
177,868
177,874
177,879
177,885
177,900
177,913
177,915
177,945
177,954
177,962
177,986
178,181
178,184
178,197
178,204
178,207
178,211
178,253
178,265
178,272
178,298
178,322
178,346
178,352
178,361
178,372
178,374
178,381
178,382
178,386
178,390
178,406
178,416
178,417
178,431
178,434
178,435
178,452
178,478
178,479
178,504
178,505
178,507
178,511
178,534
178,541
178,582
178,600
178,604
178,607
178,610
178,616
178,617
178,618
178,642
178,671
178,674
178,680
178,681
178,689
178,696
178,709
178,731
178,732
178,747
178,776
178,793
178,795
178,801
178,803
178,809
178,817
178,826
178,838
178,840
178,844
178,863
178,864
178,911
178,916
178,920
178,922
178,924
178,929
178,955
178,976
178,977
178,990
179,189
179,227
179,237
179,258
179,269
179,277
179,332
179,334
179,335
179,353
179,376
179,385
179,408
179,414
179,424
179,439
179,449
179,460
179,526
179,527
179,533
179,538
179,594
179,676
179,708
179,736
179,812
179,836
179,844
179,850
179,869
179,910
179,942
180,200
180,213
180,226
180,258
180,289
180,551
180,596
180,633
180,652
180,673
180,675
180,714
180,716
180,720
180,724
180,751
180,848
180,853
180,860
180,876
180,881
180,958
181,211
181,352
181,431
181,478
181,528
181,604
181,643
181,700
181,718
181,769
181,788
181,792
181,801
181,809
181,864
181,916
181,955
182,207
182,212
182,254
182,278
182,289
182,312
182,316
182,333
182,338
182,360
182,367
182,369
182,382
182,401
182,432
182,459
182,475
182,482
182,483
182,496
182,505
182,507
182,521
182,543
182,567
182,571
182,574
182,577
182,593
182,637
182,647
182,659
182,701
182,708
182,712
182,767
182,768
182,781
182,788
182,792
182,809
182,819
182,843
182,879
182,885
182,909
182,931
182,979
182,980
182,997
183,204
183,205
183,231
183,233
183,241
183,259
183,288
183,323
183,343
183,383
183,392
183,413
183,417
183,427
183,489
183,499
183,517
183,550
183,636
183,637
183,642
183,644
183,649
183,726
183,733
183,779
183,799
183,821
183,833
183,834
183,849
183,875
183,897
183,902
183,917
183,918
183,967
183,974
183,976
183,994
184,195
184,206
184,252
184,307
184,366
184,450
184,460
184,510
184,517
184,526
184,541
184,546
184,550
184,555
184,583
184,610
184,625
184,638
184,642
184,644
184,680
184,683
184,685
184,726
184,729
184,733
184,758
184,821
184,829
184,830
184,836
184,851
184,862
184,869
184,907
184,992
185,194
185,206
185,227
185,240
185,252
185,276
185,284
185,296
185,317
185,321
185,379
185,403
185,485
185,498
185,532
185,558
185,563
185,616
185,622
185,625
185,680
185,682
185,687
185,744
185,749
185,784
185,818
185,829
185,836
185,855
185,864
185,876
185,904
185,907
185,923
185,965
185,976
185,999
186,279
186,375
186,379
186,388
186,392
186,395
186,413
186,424
186,493
186,495
186,561
186,562
186,588
186,649
186,691
186,779
186,785
186,959
186,967
187,193
187,207
187,229
187,289
187,290
187,316
187,319
187,331
187,378
187,400
187,401
187,410
187,458
187,519
187,524
187,530
187,537
187,554
187,561
187,590
187,634
187,670
187,671
187,680
187,706
187,728
187,737
187,767
187,825
187,835
187,893
187,995
188,203
188,204
188,208
188,225
188,258
188,259
188,286
188,288
188,309
188,313
188,375
188,383
188,417
188,422
188,442
188,451
188,489
188,509
188,515
188,532
188,552
188,574
188,598
188,600
188,605
188,610
188,667
188,674
188,693
188,727
188,738
188,750
188,808
188,833
188,852
188,873
188,890
188,902
188,914
188,942
188,946
188,986
189,190
189,196
189,236
189,253
189,275
189,329
189,363
189,367
189,403
189,417
189,442
189,451
189,464
189,481
189,496
189,497
189,549
189,557
189,592
189,629
189,632
189,647
189,677
189,702
189,715
189,735
189,741
189,772
189,810
189,824
189,867
189,921
189,922
189,928
189,968
189,974
189,983
190,246
190,270
190,312
190,389
190,469
190,566
190,579
190,611
190,665
190,677
190,698
190,708
190,714
190,719
190,740
190,741
190,755
190,772
190,779
190,824
190,845
190,866
190,879
190,895
190,950
190,969
191,218
191,229
191,271
191,333
191,362
191,383
191,384
191,494
191,542
191,549
191,647
191,660
191,702
191,746
191,773
191,798
191,823
191,848
191,857
191,882
191,894
191,898
191,900
191,906
191,912
191,918
192,211
192,215
192,239
192,252
192,265
192,355
192,535
192,551
192,618
192,660
192,716
192,717
192,718
192,794
192,828
192,844
192,851
192,859
192,891
192,892
192,951
192,956
192,992
193,223
193,236
193,255
193,281
193,287
193,301
193,302
193,311
193,313
193,337
193,382
193,412
193,436
193,483
193,577
193,595
193,611
193,617
193,663
193,697
193,712
193,728
193,737
193,760
193,813
193,825
193,846
193,896
193,917
193,928
193,931
193,950
193,953
193,964
193,978
193,987
194,197
194,209
194,240
194,252
194,277
194,280
194,284
194,304
194,343
194,366
194,379
194,394
194,424
194,445
194,470
194,498
194,504
194,563
194,566
194,581
194,590
194,600
194,637
194,658
194,676
194,682
194,683
194,689
194,714
194,726
194,744
194,747
194,762
194,774
194,784
194,818
194,836
194,852
194,855
194,870
194,910
194,936
194,973
194,976
195,201
195,224
195,252
195,255
195,289
195,302
195,319
195,328
195,346
195,379
195,390
195,419
195,427
195,436
195,441
195,465
195,473
195,478
195,504
195,513
195,522
195,525
195,552
195,605
195,617
195,640
195,641
195,657
195,681
195,700
195,715
195,736
195,742
195,762
195,769
195,791
195,798
195,800
195,836
195,853
195,855
195,862
195,864
195,913
195,923
195,947
195,958
195,963
195,974
195,982
195,988
196,260
196,281
196,292
196,329
196,347
196,360
196,369
196,389
196,401
196,412
196,426
196,446
196,461
196,483
196,490
196,496
196,497
196,542
196,546
196,553
196,571
196,592
196,611
196,659
196,663
196,679
196,717
196,762
196,772
196,773
196,813
196,814
196,867
196,883
196,897
196,903
196,921
196,931
196,946
196,995
197,198
197,206
197,209
197,222
197,240
197,252
197,261
197,276
197,277
197,284
197,300
197,329
197,334
197,335
197,341
197,343
197,345
197,349
197,366
197,376
197,379
197,394
197,403
197,408
197,421
197,424
197,447
197,498
197,539
197,563
197,581
197,591
197,594
197,598
197,603
197,658
197,662
197,665
197,683
197,744
197,747
197,774
197,784
197,797
197,818
197,830
197,878
197,893
197,902
197,910
197,923
197,933
197,950
197,965
197,976
197,981
198,238
198,240
198,261
198,340
198,353
198,376
198,379
198,558
198,603
198,633
198,653
198,658
198,683
198,689
198,774
198,836
198,904
198,999
199,202
199,218
199,232
199,241
199,294
199,312
199,323
199,337
199,342
199,344
199,375
199,413
199,417
199,465
199,508
199,541
199,547
199,575
199,580
199,595
199,684
199,722
199,727
199,734
199,749
199,756
199,770
199,798
199,815
199,816
199,823
199,839
199,850
199,868
199,873
199,875
199,879
199,900
199,936
199,948
199,960
199,986
199,987
200,219
200,293
200,331
200,377
200,382
200,394
200,407
200,443
200,455
200,459
200,461
200,491
200,519
200,523
200,564
200,566
200,577
200,613
200,623
200,675
200,700
200,715
200,794
200,807
200,835
200,858
200,868
200,888
200,932
200,943
200,962
200,975
200,989
200,996
201,227
201,463
201,468
201,473
201,524
201,553
201,591
201,682
201,734
201,760
201,835
201,904
201,925
201,943
201,977
202,218
202,230
202,241
202,310
202,338
202,348
202,424
202,438
202,557
202,579
202,610
202,648
202,665
202,685
202,722
202,741
202,756
202,775
202,796
202,815
202,875
202,879
202,926
202,983
202,986
203,220
203,247
203,291
203,321
203,323
203,337
203,373
203,399
203,422
203,423
203,447
203,451
203,453
203,469
203,477
203,515
203,518
203,532
203,548
203,581
203,610
203,624
203,637
203,638
203,648
203,666
203,678
203,693
203,695
203,725
203,727
203,738
203,741
203,742
203,750
203,758
203,770
203,800
203,804
203,833
203,849
203,889
203,899
203,902
203,916
203,919
203,943
203,944
203,986
203,994
204,219
204,225
204,245
204,252
204,259
204,293
204,295
204,298
204,305
204,323
204,342
204,359
204,379
204,417
204,422
204,432
204,442
204,450
204,451
204,465
204,474
204,477
204,499
204,515
204,525
204,541
204,600
204,607
204,626
204,637
204,638
204,648
204,649
204,661
204,667
204,676
204,678
204,680
204,738
204,800
204,804
204,806
204,808
204,816
204,824
204,844
204,853
204,862
204,868
204,946
204,967
204,971
204,982
204,988
205,210
205,321
205,451
205,552
205,602
205,756
205,822
205,834
205,869
205,914
205,917
205,965
205,967
205,994
206,214
206,252
206,284
206,288
206,307
206,366
206,385
206,394
206,403
206,407
206,421
206,485
206,489
206,498
206,539
206,558
206,631
206,687
206,742
206,771
206,785
206,829
206,861
206,907
206,924
206,939
206,965
206,974
206,976
206,990
206,999
207,236
207,250
207,290
207,331
207,356
207,361
207,372
207,378
207,380
207,382
207,402
207,403
207,412
207,414
207,430
207,524
207,544
207,577
207,590
207,610
207,634
207,660
207,701
207,719
207,737
207,769
207,781
207,783
207,798
207,835
207,845
207,870
207,980
207,984
208,221
208,294
208,324
208,337
208,364
208,375
208,383
208,485
208,580
208,618
208,650
208,692
208,695
208,698
208,769
208,778
208,816
208,823
208,830
208,839
208,850
208,873
208,948
208,983
208,987
209,240
209,261
209,276
209,277
209,304
209,341
209,343
209,366
209,379
209,406
209,424
209,445
209,553
209,563
209,581
209,638
209,712
209,736
209,774
209,797
209,818
209,836
209,876
209,910
209,913
209,976
210,219
210,277
210,344
210,392
210,413
210,493
210,510
210,637
210,748
210,872
210,959
210,967
211,215
211,225
211,238
211,239
211,306
211,355
211,382
211,387
211,416
211,424
211,431
211,437
211,452
211,461
211,498
211,525
211,535
211,617
211,620
211,633
211,638
211,639
211,716
211,780
211,859
211,863
211,864
211,876
211,892
211,923
211,924
211,956
211,962
211,966
211,977
211,991
212,250
212,256
212,278
212,333
212,336
212,357
212,360
212,362
212,369
212,384
212,407
212,448
212,494
212,496
212,521
212,543
212,549
212,567
212,611
212,629
212,634
212,660
212,708
212,712
212,713
212,737
212,811
212,820
212,843
212,857
212,866
212,885
212,888
212,900
212,909
212,997
213,224
213,249
213,265
213,273
213,297
213,328
213,331
213,380
213,433
213,455
213,457
213,480
213,487
213,505
213,554
213,564
213,576
213,577
213,586
213,623
213,652
213,675
213,708
213,769
213,794
213,835
213,881
213,891
213,951
213,952
214,237
214,266
214,277
214,309
214,333
214,366
214,385
214,403
214,434
214,460
214,470
214,526
214,539
214,558
214,598
214,636
214,699
214,752
214,792
214,836
214,855
214,897
214,914
214,939
214,942
215,228
215,236
215,248
215,295
215,355
215,361
215,370
215,380
215,382
215,398
215,411
215,419
215,473
215,562
215,600
215,609
215,611
215,617
215,633
215,689
215,714
215,717
215,752
215,780
215,790
215,793
215,794
215,795
215,801
215,844
215,848
215,856
215,859
215,864
215,877
215,888
215,892
215,925
215,932
215,952
215,961
215,962
215,977
215,990
215,996
216,283
216,323
216,327
216,373
216,409
216,428
216,462
216,488
216,518
216,561
216,665
216,686
216,727
216,755
216,766
216,828
216,950
217,226
217,244
217,249
217,265
217,300
217,355
217,382
217,387
217,419
217,434
217,514
217,564
217,569
217,609
217,633
217,639
217,652
217,743
217,801
217,825
217,858
217,863
217,893
217,951
217,958
217,990
218,241
218,262
218,263
218,282
218,283
218,284
218,286
218,287
218,288
218,293
218,294
218,298
218,299
218,310
218,320
218,323
218,360
218,397
218,469
218,471
218,477
218,484
218,501
218,610
218,646
218,656
218,665
218,666
218,695
218,708
218,725
218,726
218,727
218,737
218,748
218,750
218,770
218,820
218,823
218,879
218,883
218,887
218,897
218,936
218,952
218,983
218,986
219,220
219,241
219,246
219,259
219,282
219,337
219,359
219,375
219,392
219,395
219,397
219,415
219,486
219,489
219,500
219,521
219,532
219,564
219,637
219,649
219,663
219,698
219,770
219,799
219,816
219,849
219,861
219,902
219,918
219,933
219,959
219,986
219,997
220,305
220,423
220,442
220,493
220,498
220,515
220,562
220,574
220,667
220,743
220,760
220,833
220,899
220,902
220,908
220,912
221,232
221,241
221,246
221,247
221,282
221,301
221,318
221,327
221,335
221,337
221,344
221,362
221,364
221,383
221,490
221,579
221,580
221,607
221,610
221,650
221,666
221,692
221,698
221,710
221,759
221,760
221,762
221,766
221,770
221,778
221,815
221,816
221,828
221,830
221,839
221,850
221,868
221,873
221,898
221,902
221,987
222,252
222,269
222,277
222,296
222,307
222,335
222,403
222,498
222,526
222,539
222,541
222,555
222,557
222,607
222,608
222,642
222,685
222,699
222,733
222,736
222,829
222,841
222,875
222,878
222,907
222,939
222,974
222,976
222,992
223,279
223,283
223,289
223,294
223,306
223,327
223,342
223,428
223,464
223,504
223,520
223,534
223,561
223,640
223,657
223,672
223,715
223,727
223,760
223,766
223,835
223,885
223,912
223,938
223,964
223,998
224,234
224,316
224,382
224,401
224,433
224,439
224,445
224,483
224,554
224,566
224,613
224,708
224,711
224,717
224,728
224,763
224,807
224,860
224,920
224,941
224,984
224,990
224,996
224,997
225,255
225,294
225,295
225,321
225,379
225,383
225,414
225,422
225,430
225,442
225,449
225,495
225,527
225,569
225,600
225,650
225,661
225,678
225,694
225,725
225,733
225,808
225,834
225,835
225,898
225,917
225,965
226,248
226,273
226,297
226,354
226,363
226,381
226,410
226,433
226,443
226,480
226,483
226,551
226,553
226,578
226,590
226,593
226,617
226,623
226,652
226,675
226,716
226,724
226,773
226,844
226,877
226,881
226,888
226,920
226,929
227,238
227,285
227,295
227,313
227,321
227,322
227,325
227,328
227,359
227,361
227,366
227,386
227,394
227,414
227,485
227,538
227,577
227,598
227,625
227,626
227,662
227,676
227,690
227,714
227,745
227,776
227,822
227,876
227,954
228,234
228,296
228,411
228,435
228,443
228,523
228,534
228,562
228,606
228,690
228,764
228,794
228,844
228,859
228,891
228,911
228,945
228,952
228,962
228,970
229,235
229,270
229,367
229,422
229,462
229,497
229,528
229,632
229,656
229,702
229,705
229,715
229,719
229,741
229,772
229,773
229,792
229,842
229,882
229,894
229,895
229,912
229,922
230,231
230,270
230,278
230,298
230,324
230,388
230,432
230,556
230,559
230,691
230,709
230,754
230,771
230,775
230,785
230,804
230,868
230,871
230,919
230,960
230,977
230,991
231,241
231,293
231,299
231,320
231,324
231,333
231,359
231,393
231,417
231,465
231,469
231,479
231,501
231,504
231,595
231,615
231,628
231,649
231,650
231,663
231,665
231,709
231,771
231,782
231,798
231,810
231,827
231,832
231,833
231,871
231,879
231,885
231,889
231,931
231,960
231,975
231,983
231,986
231,987
232,246
232,247
232,282
232,294
232,364
232,422
232,462
232,547
232,614
232,624
232,684
232,693
232,790
232,815
232,854
232,873
232,890
232,936
232,990
233,270
233,275
233,282
233,327
233,352
233,388
233,389
233,393
233,459
233,464
233,477
233,481
233,490
233,507
233,548
233,556
233,557
233,566
233,579
233,611
233,627
233,646
233,761
233,775
233,777
233,804
233,813
233,866
233,871
233,912
233,948
233,950
233,960
233,983
234,239
234,265
234,287
234,346
234,380
234,476
234,480
234,498
234,516
234,535
234,572
234,675
234,714
234,730
234,765
234,787
234,795
234,801
234,844
234,877
234,886
234,891
234,963
234,996
235,254
235,271
235,316
235,326
235,327
235,362
235,367
235,393
235,528
235,560
235,582
235,615
235,645
235,656
235,668
235,719
235,740
235,773
235,883
235,906
235,909
235,912
235,927
235,934
235,937
236,253
236,260
236,278
236,292
236,327
236,371
236,375
236,381
236,393
236,412
236,446
236,524
236,525
236,528
236,614
236,677
236,760
236,780
236,782
236,789
236,895
236,912
236,918
236,928
236,949
236,953
236,961
237,257
237,261
237,280
237,285
237,334
237,335
237,340
237,353
237,366
237,369
237,385
237,406
237,434
237,442
237,445
237,460
237,470
237,529
237,558
237,642
237,836
237,848
237,869
237,888
237,902
237,907
237,930
237,939
237,967
237,999
238,243
238,285
238,296
238,300
238,319
238,329
238,345
238,353
238,359
238,386
238,408
238,434
238,441
238,477
238,509
238,511
238,533
238,558
238,597
238,598
238,601
238,604
238,625
238,676
238,683
238,743
238,752
238,836
238,870
238,876
238,908
238,959
239,249
239,271
239,322
239,356
239,420
239,473
239,476
239,523
239,535
239,541
239,551
239,633
239,711
239,717
239,765
239,794
239,795
239,858
239,864
239,870
239,886
239,891
239,920
239,921
239,955
239,956
239,962
239,970
239,977
239,990
240,252
240,261
240,266
240,276
240,277
240,284
240,304
240,341
240,343
240,345
240,385
240,403
240,424
240,434
240,459
240,498
240,563
240,581
240,625
240,627
240,673
240,682
240,683
240,687
240,689
240,717
240,744
240,749
240,774
240,801
240,818
240,829
240,852
240,904
240,911
240,939
240,966
240,973
240,993
241,247
241,285
241,288
241,294
241,299
241,304
241,311
241,323
241,327
241,337
241,346
241,364
241,375
241,388
241,401
241,434
241,444
241,464
241,469
241,475
241,479
241,500
241,536
241,547
241,549
241,595
241,615
241,649
241,650
241,665
241,698
241,709
241,710
241,727
241,733
241,755
241,756
241,760
241,775
241,779
241,781
241,790
241,794
241,796
241,809
241,810
241,823
241,832
241,846
241,850
241,873
241,875
241,879
241,882
241,901
241,918
241,936
241,937
241,948
241,950
241,960
241,983
241,986
241,987
242,251
242,255
242,316
242,326
242,332
242,370
242,381
242,382
242,400
242,425
242,433
242,452
242,468
242,471
242,484
242,592
242,613
242,618
242,671
242,673
242,763
242,764
242,819
242,884
242,984
242,995
243,269
243,273
243,277
243,289
243,296
243,353
243,359
243,366
243,372
243,376
243,382
243,414
243,422
243,424
243,441
243,445
243,469
243,474
243,527
243,529
243,541
243,591
243,594
243,597
243,598
243,600
243,601
243,625
243,636
243,676
243,680
243,690
243,726
243,740
243,752
243,808
243,812
243,822
243,836
243,853
243,863
243,923
243,942
243,943
243,954
243,975
243,992
243,993
244,287
244,289
244,315
244,382
244,444
244,455
244,473
244,492
244,511
244,514
244,580
244,586
244,590
244,604
244,635
244,694
244,700
244,764
244,787
244,800
244,803
244,847
244,858
244,862
244,863
244,864
244,924
244,958
244,989
244,996
245,252
245,295
245,313
245,321
245,329
245,378
245,394
245,407
245,442
245,450
245,510
245,522
245,527
245,529
245,574
245,605
245,607
245,661
245,674
245,678
245,682
245,715
245,729
245,809
245,823
245,853
245,854
245,862
245,887
245,923
245,992
246,282
246,286
246,305
246,312
246,362
246,392
246,395
246,413
246,457
246,490
246,493
246,510
246,550
246,582
246,593
246,610
246,616
246,637
246,649
246,790
246,804
246,811
246,849
246,851
246,873
246,890
246,892
246,898
246,902
246,931
246,936
246,948
246,959
246,983
247,274
247,299
247,329
247,375
247,397
247,399
247,422
247,447
247,450
247,465
247,477
247,502
247,504
247,610
247,614
247,615
247,650
247,657
247,666
247,669
247,674
247,681
247,727
247,750
247,770
247,783
247,785
247,796
247,804
247,805
247,818
247,830
247,837
247,838
247,853
247,899
247,936
247,957
247,982
248,249
248,297
248,365
248,380
248,398
248,420
248,424
248,433
248,443
248,454
248,480
248,487
248,490
248,505
248,551
248,554
248,607
248,651
248,656
248,675
248,689
248,708
248,714
248,716
248,724
248,730
248,731
248,858
248,877
248,991
249,265
249,268
249,279
249,303
249,328
249,331
249,352
249,382
249,408
249,420
249,433
249,443
249,451
249,455
249,456
249,516
249,581
249,584
249,586
249,609
249,700
249,714
249,728
249,739
249,794
249,801
249,843
249,874
249,886
249,920
249,996
250,279
250,302
250,354
250,356
250,371
250,374
250,378
250,382
250,420
250,450
250,459
250,473
250,485
250,524
250,526
250,590
250,627
250,645
250,666
250,737
250,760
250,792
250,845
250,875
250,912
250,951
251,326
251,370
251,381
251,400
251,452
251,471
251,484
251,618
251,631
251,652
251,673
251,763
251,794
251,819
251,884
251,957
252,259
252,284
252,295
252,319
252,341
252,343
252,349
252,353
252,366
252,379
252,382
252,385
252,403
252,416
252,433
252,453
252,460
252,470
252,485
252,498
252,524
252,529
252,535
252,539
252,558
252,563
252,574
252,589
252,601
252,642
252,662
252,682
252,683
252,687
252,689
252,699
252,744
252,751
252,808
252,829
252,833
252,836
252,845
252,852
252,855
252,859
252,876
252,886
252,888
252,893
252,904
252,907
252,912
252,939
252,992
252,999
253,260
253,283
253,310
253,312
253,324
253,386
253,393
253,464
253,481
253,521
253,535
253,548
253,549
253,557
253,580
253,582
253,600
253,611
253,627
253,629
253,695
253,702
253,735
253,740
253,741
253,766
253,772
253,806
253,807
253,810
253,824
253,865
253,866
253,879
253,894
253,900
253,931
254,289
254,292
254,341
254,407
254,432
254,446
254,461
254,462
254,471
254,475
254,483
254,494
254,506
254,560
254,587
254,593
254,600
254,611
254,612
254,656
254,659
254,664
254,693
254,695
254,702
254,751
254,753
254,781
254,905
254,906
254,909
254,912
254,927
254,929
254,931
254,934
254,940
254,985
254,992
254,997
255,265
255,382
255,404
255,427
255,522
255,626
255,629
255,641
255,661
255,681
255,690
255,736
255,760
255,782
255,812
255,859
255,896
255,897
255,926
255,974
256,290
256,350
256,354
256,377
256,382
256,385
256,420
256,491
256,519
256,543
256,564
256,566
256,584
256,591
256,594
256,631
256,635
256,651
256,728
256,787
256,794
256,886
257,286
257,311
257,364
257,465
257,570
257,679
257,692
257,710
257,756
257,759
257,779
257,830
257,839
257,851
257,867
257,871
257,948
258,259
258,295
258,296
258,310
258,321
258,345
258,383
258,415
258,417
258,511
258,515
258,517
258,529
258,539
258,550
258,573
258,610
258,638
258,666
258,685
258,693
258,694
258,707
258,726
258,738
258,743
258,806
258,833
258,834
258,849
258,856
258,880
258,902
258,914
258,971
259,282
259,335
259,395
259,417
259,449
259,451
259,510
259,541
259,550
259,579
259,638
259,649
259,661
259,667
259,726
259,743
259,779
259,832
259,833
259,890
259,902
259,917
259,938
259,944
259,967
259,994
260,262
260,279
260,287
260,290
260,316
260,323
260,338
260,347
260,351
260,361
260,363
260,391
260,393
260,396
260,410
260,412
260,444
260,459
260,464
260,475
260,481
260,482
260,490
260,504
260,520
260,542
260,548
260,592
260,594
260,629
260,637
260,660
260,663
260,672
260,695
260,697
260,703
260,708
260,712
260,729
260,735
260,741
260,762
260,773
260,788
260,804
260,810
260,819
260,835
260,841
260,854
260,868
260,895
260,905
260,922
260,940
260,951
260,980
261,266
261,284
261,341
261,343
261,379
261,385
261,445
261,460
261,539
261,558
261,581
261,586
261,603
261,607
261,680
261,683
261,687
261,744
261,747
261,774
261,852
261,939
261,954
261,963
262,281
262,286
262,302
262,329
262,342
262,391
262,397
262,422
262,432
262,436
262,446
262,467
262,472
262,490
262,512
262,537
262,548
262,557
262,561
262,574
262,611
262,663
262,672
262,708
262,711
262,766
262,767
262,771
262,782
262,826
262,828
262,903
262,911
262,933
262,945
262,957
263,289
263,293
263,299
263,301
263,329
263,345
263,368
263,397
263,477
263,532
263,536
263,569
263,580
263,583
263,610
263,666
263,667
263,671
263,684
263,695
263,727
263,750
263,786
263,804
263,808
263,815
263,820
263,887
263,889
263,899
263,908
263,913
263,919
263,950
263,983
264,275
264,302
264,303
264,333
264,347
264,363
264,369
264,405
264,412
264,444
264,446
264,466
264,482
264,542
264,559
264,679
264,697
264,783
264,792
264,814
264,825
264,843
264,870
264,935
265,268
265,273
265,289
265,303
265,331
265,351
265,382
265,410
265,443
265,455
265,553
265,576
265,584
265,586
265,604
265,631
265,651
265,675
265,681
265,714
265,720
265,724
265,792
265,794
265,825
265,858
265,877
265,924
265,941
265,958
265,961
265,996
266,345
266,352
266,366
266,374
266,406
266,408
266,416
266,437
266,441
266,478
266,483
266,485
266,500
266,520
266,563
266,589
266,622
266,641
266,721
266,726
266,732
266,776
266,806
266,809
266,814
266,821
266,822
266,838
266,847
266,892
266,914
266,916
266,949
267,275
267,279
267,301
267,367
267,444
267,464
267,571
267,611
267,612
267,681
267,707
267,777
267,997
268,303
268,321
268,325
268,356
268,359
268,370
268,382
268,388
268,400
268,432
268,443
268,444
268,452
268,471
268,525
268,564
268,613
268,623
268,631
268,652
268,673
268,675
268,699
268,700
268,763
268,773
268,850
268,851
268,932
268,955
268,984
268,995
268,996
269,288
269,296
269,321
269,349
269,353
269,376
269,385
269,403
269,427
269,430
269,463
269,470
269,502
269,509
269,510
269,541
269,547
269,558
269,594
269,598
269,638
269,653
269,676
269,685
269,699
269,726
269,729
269,733
269,799
269,808
269,830
269,836
269,848
269,878
269,885
269,907
269,930
269,954
269,971
269,976
269,992
270,275
270,294
270,409
270,464
270,465
270,512
270,528
270,556
270,597
270,611
270,627
270,643
270,672
270,677
270,715
270,741
270,761
270,777
270,808
270,866
270,872
270,928
270,938
270,948
270,950
271,324
271,362
271,367
271,384
271,394
271,400
271,444
271,462
271,467
271,483
271,528
271,530
271,542
271,549
271,582
271,611
271,647
271,664
271,668
271,702
271,748
271,751
271,753
271,777
271,810
271,873
271,906
271,909
271,912
271,922
271,927
271,962
271,969
271,983
271,987
272,285
272,306
272,345
272,361
272,406
272,429
272,441
272,455
272,456
272,498
272,604
272,606
272,622
272,625
272,636
272,732
272,745
272,747
272,784
272,821
272,833
272,851
272,925
272,966
272,973
273,277
273,303
273,331
273,377
273,380
273,433
273,437
273,443
273,455
273,476
273,480
273,487
273,491
273,500
273,505
273,521
273,531
273,576
273,586
273,631
273,639
273,651
273,675
273,717
273,731
273,760
273,792
273,844
273,877
273,891
273,936
274,333
274,360
274,405
274,407
274,410
274,418
274,432
274,444
274,455
274,459
274,469
274,488
274,496
274,498
274,521
274,555
274,571
274,586
274,593
274,621
274,652
274,659
274,671
274,703
274,712
274,751
274,792
274,811
274,845
274,852
274,863
274,885
274,906
274,979
274,980
274,985
275,301
275,347
275,458
275,464
275,520
275,560
275,611
275,772
275,777
275,857
275,865
275,926
275,928
275,931
275,940
275,957
276,304
276,341
276,343
276,379
276,424
276,434
276,445
276,527
276,563
276,574
276,581
276,598
276,658
276,682
276,683
276,689
276,764
276,797
276,815
276,818
276,870
276,896
276,924
276,966
277,300
277,340
277,341
277,345
277,366
277,379
277,383
277,407
277,424
277,434
277,445
277,460
277,478
277,498
277,513
277,563
277,581
277,589
277,625
277,641
277,642
277,661
277,682
277,687
277,744
277,747
277,749
277,774
277,803
277,818
277,836
277,840
277,852
277,855
277,913
277,939
277,966
278,320
278,324
278,388
278,393
278,479
278,493
278,508
278,518
278,569
278,587
278,755
278,771
278,777
278,810
278,828
278,832
278,866
278,867
278,871
278,900
278,919
278,928
278,960
278,969
278,991
279,291
279,309
279,329
279,347
279,352
279,371
279,378
279,393
279,401
279,409
279,413
279,467
279,512
279,520
279,526
279,552
279,583
279,611
279,628
279,630
279,646
279,648
279,657
279,681
279,760
279,769
279,789
279,798
279,801
279,807
279,828
279,865
279,892
279,943
279,957
279,972
279,974
279,988
280,308
280,309
280,314
280,319
280,335
280,372
280,406
280,408
280,421
280,422
280,424
280,523
280,526
280,563
280,602
280,608
280,648
280,673
280,680
280,721
280,745
280,776
280,815
280,817
280,852
280,876
280,878
280,902
280,923
280,925
280,963
280,966
280,976
280,999
281,287
281,291
281,302
281,327
281,344
281,358
281,363
281,396
281,412
281,467
281,490
281,512
281,520
281,537
281,561
281,577
281,627
281,630
281,663
281,691
281,750
281,755
281,789
281,803
281,811
281,814
281,826
281,845
281,886
281,928
281,953
281,969
281,978
281,985
281,997
282,294
282,320
282,323
282,337
282,375
282,415
282,425
282,457
282,477
282,486
282,539
282,547
282,580
282,598
282,616
282,631
282,637
282,649
282,655
282,677
282,681
282,684
282,694
282,698
282,702
282,770
282,771
282,799
282,816
282,836
282,850
282,868
282,873
282,875
282,890
282,898
282,899
282,902
282,936
282,942
282,962
282,966
282,992
282,994
283,342
283,362
283,403
283,412
283,452
283,458
283,461
283,464
283,477
283,479
283,557
283,585
283,628
283,686
283,693
283,741
283,761
283,771
283,785
283,826
283,828
283,879
283,882
283,887
283,895
283,901
283,928
283,950
283,981
284,285
284,296
284,304
284,306
284,341
284,343
284,376
284,403
284,421
284,424
284,445
284,539
284,541
284,557
284,563
284,598
284,622
284,658
284,682
284,683
284,687
284,689
284,733
284,809
284,818
284,836
284,839
284,852
284,855
284,878
284,893
284,904
284,922
284,976
284,999
285,429
285,441
285,445
285,523
285,578
285,602
285,606
285,619
285,622
285,680
285,683
285,700
285,721
285,793
285,817
285,847
285,870
285,916
285,930
285,970
285,973
285,990
286,318
286,334
286,337
286,344
286,364
286,393
286,414
286,469
286,481
286,570
286,611
286,637
286,697
286,698
286,759
286,775
286,780
286,799
286,804
286,816
286,839
286,859
286,865
286,898
286,912
286,936
286,948
287,302
287,335
287,347
287,363
287,391
287,393
287,400
287,401
287,404
287,566
287,572
287,591
287,708
287,728
287,741
287,767
287,783
287,789
287,848
287,892
287,903
287,925
287,934
287,985
287,995
288,334
288,337
288,352
288,354
288,359
288,368
288,432
288,470
288,504
288,510
288,522
288,526
288,555
288,575
288,583
288,588
288,594
288,600
288,601
288,608
288,638
288,653
288,685
288,699
288,717
288,721
288,726
288,733
288,743
288,747
288,771
288,779
288,830
288,834
288,871
288,879
288,893
288,904
288,960
288,965
288,971
288,977
288,992
288,993
288,994
289,290
289,316
289,356
289,360
289,370
289,381
289,400
289,401
289,410
289,484
289,496
289,554
289,559
289,590
289,645
289,660
289,670
289,671
289,701
289,703
289,708
289,712
289,783
289,807
289,886
289,929
289,958
289,984
289,995
290,336
290,339
290,410
290,435
290,484
290,530
290,544
290,553
290,566
290,584
290,634
290,645
290,673
290,720
290,807
290,861
290,885
290,941
290,984
291,313
291,399
291,447
291,451
291,472
291,515
291,531
291,547
291,561
291,574
291,600
291,640
291,661
291,693
291,738
291,750
291,804
291,837
291,851
291,867
291,868
291,899
291,938
291,943
291,944
292,308
292,393
292,412
292,463
292,496
292,629
292,632
292,647
292,677
292,688
292,705
292,762
292,767
292,772
292,777
292,851
292,866
292,867
292,883
292,895
292,900
292,912
292,921
292,928
292,934
293,310
293,323
293,363
293,397
293,404
293,415
293,453
293,465
293,478
293,536
293,610
293,695
293,722
293,727
293,741
293,748
293,750
293,770
293,775
293,796
293,798
293,804
293,808
293,815
293,824
293,873
293,875
293,879
293,887
293,898
293,936
293,975
293,978
293,983
293,988
294,298
294,299
294,337
294,364
294,368
294,375
294,389
294,394
294,395
294,415
294,465
294,532
294,570
294,580
294,624
294,666
294,684
294,695
294,698
294,725
294,727
294,756
294,759
294,770
294,790
294,810
294,854
294,873
294,879
294,889
294,936
294,940
294,983
294,986
295,305
295,321
295,327
295,395
295,414
295,415
295,417
295,422
295,442
295,447
295,477
295,510
295,515
295,532
295,604
295,607
295,625
295,638
295,667
295,674
295,727
295,729
295,752
295,770
295,801
295,803
295,808
295,812
295,815
295,829
295,833
295,840
295,846
295,852
295,913
295,914
295,944
295,965
295,993
296,343
296,349
296,353
296,359
296,376
296,385
296,436
296,470
296,509
296,517
296,526
296,558
296,568
296,578
296,589
296,608
296,642
296,661
296,669
296,685
296,699
296,726
296,744
296,758
296,818
296,829
296,830
296,844
296,930
296,939
296,976
296,992
297,365
297,419
297,433
297,443
297,455
297,476
297,505
297,551
297,566
297,675
297,724
297,731
297,764
297,795
297,845
297,952
297,990
298,309
298,375
298,399
298,446
298,453
298,477
298,486
298,489
298,570
298,603
298,684
298,750
298,790
298,805
298,808
298,820
298,836
298,866
298,871
298,882
298,936
299,324
299,330
299,397
299,477
299,500
299,550
299,556
299,585
299,600
299,610
299,637
299,638
299,653
299,725
299,727
299,738
299,748
299,804
299,820
299,890
299,898
299,919
299,975
299,983
300,304
300,328
300,335
300,341
300,343
300,345
300,366
300,377
300,386
300,405
300,422
300,424
300,429
300,434
300,440
300,461
300,498
300,501
300,509
300,578
300,600
300,602
300,603
300,619
300,622
300,623
300,636
300,638
300,647
300,680
300,683
300,738
300,749
300,776
300,784
300,797
300,800
300,806
300,817
300,818
300,845
300,847
300,855
300,870
300,876
300,893
300,910
300,946
300,948
300,963
300,966
300,973
300,986
301,327
301,329
301,330
301,337
301,342
301,362
301,378
301,391
301,409
301,430
301,436
301,457
301,458
301,490
301,512
301,548
301,577
301,583
301,585
301,611
301,627
301,629
301,634
301,663
301,667
301,679
301,693
301,707
301,708
301,724
301,744
301,755
301,757
301,777
301,828
301,831
301,866
301,901
301,909
301,928
301,933
301,953
301,964
302,308
302,360
302,378
302,391
302,401
302,412
302,467
302,490
302,525
302,534
302,537
302,567
302,572
302,577
302,679
302,691
302,728
302,742
302,769
302,780
302,783
302,799
302,845
302,851
302,991
303,316
303,322
303,325
303,331
303,448
303,455
303,459
303,480
303,484
303,505
303,524
303,623
303,631
303,673
303,686
303,720
303,737
303,787
303,794
303,835
303,844
303,897
303,945
303,990
304,313
304,341
304,343
304,345
304,349
304,365
304,366
304,379
304,424
304,445
304,502
304,538
304,563
304,581
304,606
304,658
304,680
304,683
304,689
304,745
304,749
304,774
304,784
304,786
304,797
304,817
304,818
304,836
304,846
304,870
304,876
304,885
304,893
304,904
304,910
304,923
304,963
305,313
305,415
305,423
305,532
305,588
305,658
305,685
305,694
305,738
305,797
305,902
305,938
305,950
305,987
306,317
306,359
306,361
306,366
306,403
306,406
306,416
306,429
306,437
306,441
306,485
306,496
306,513
306,569
306,593
306,622
306,633
306,636
306,639
306,662
306,700
306,721
306,723
306,724
306,747
306,765
306,793
306,794
306,809
306,821
306,844
306,910
306,911
306,913
306,916
306,925
306,936
306,958
306,963
306,964
306,966
306,974
306,990
307,349
307,372
307,539
307,541
307,550
307,589
307,600
307,637
307,638
307,642
307,687
307,699
307,745
307,749
307,809
307,821
307,822
307,829
307,836
307,907
307,923
307,930
307,939
307,942
307,971
307,976
308,378
308,401
308,418
308,446
308,507
308,525
308,540
308,544
308,577
308,586
308,660
308,720
308,783
308,787
308,929
309,322
309,404
309,445
309,467
309,530
309,561
309,573
309,574
309,588
309,589
309,637
309,638
309,666
309,676
309,680
309,694
309,723
309,827
309,841
309,854
309,878
309,899
309,902
309,965
309,982
310,323
310,397
310,450
310,464
310,475
310,489
310,522
310,557
310,567
310,610
310,612
310,638
310,666
310,672
310,681
310,705
310,707
310,722
310,727
310,741
310,742
310,748
310,750
310,770
310,778
310,785
310,804
310,810
310,815
310,820
310,827
310,857
310,875
310,879
310,887
310,889
310,898
310,908
310,919
310,936
310,943
310,983
310,991
311,316
311,344
311,348
311,351
311,358
311,368
311,413
311,465
311,468
311,501
311,502
311,518
311,615
311,684
311,693
311,709
311,710
311,823
311,948
311,953
311,985
311,987
312,340
312,341
312,389
312,479
312,481
312,502
312,557
312,579
312,582
312,665
312,669
312,702
312,708
312,730
312,740
312,741
312,754
312,771
312,816
312,823
312,824
312,842
312,882
312,918
312,931
312,936
312,940
312,995
313,334
313,352
313,359
313,361
313,386
313,408
313,441
313,472
313,473
313,474
313,477
313,478
313,495
313,504
313,507
313,509
313,510
313,515
313,522
313,529
313,539
313,552
313,555
313,561
313,574
313,583
313,598
313,607
313,617
313,626
313,661
313,674
313,700
313,708
313,726
313,729
313,736
313,742
313,745
313,752
313,800
313,808
313,812
313,853
313,856
313,868
313,871
313,876
313,890
313,896
313,902
313,913
313,915
313,965
313,988
314,317
314,345
314,406
314,410
314,429
314,437
314,440
314,498
314,534
314,619
314,622
314,723
314,744
314,747
314,760
314,793
314,876
314,918
314,925
314,966
314,990
315,329
315,412
315,436
315,446
315,467
315,473
315,522
315,531
315,553
315,569
315,583
315,607
315,612
315,686
315,700
315,711
315,760
315,782
315,803
315,845
315,851
315,973
316,329
316,339
316,355
316,359
316,360
316,370
316,380
316,381
316,390
316,400
316,401
316,402
316,405
316,410
316,425
316,448
316,452
316,454
316,459
316,481
316,484
316,496
316,525
316,554
316,559
316,560
316,571
316,590
316,633
316,660
316,671
316,677
316,687
316,701
316,703
316,712
316,739
316,763
316,768
316,792
316,795
316,830
316,835
316,877
316,884
316,903
316,908
316,914
316,918
316,950
316,972
316,979
317,394
317,401
317,406
317,429
317,437
317,440
317,456
317,582
317,606
317,636
317,681
317,689
317,717
317,723
317,740
317,747
317,763
317,764
317,782
317,792
317,796
317,797
317,809
317,925
317,952
317,958
318,364
318,392
318,455
318,457
318,481
318,509
318,547
318,562
318,580
318,650
318,692
318,698
318,759
318,816
318,839
318,850
318,873
318,948
319,359
319,390
319,422
319,451
319,472
319,474
319,522
319,528
319,529
319,542
319,591
319,626
319,639
319,672
319,681
319,791
319,798
319,834
319,874
319,878
319,884
319,890
319,907
319,913
319,915
319,935
319,945
319,947
319,955
319,964
319,993
320,323
320,388
320,465
320,479
320,496
320,500
320,508
320,528
320,557
320,579
320,595
320,607
320,637
320,663
320,709
320,755
320,771
320,798
320,810
320,842
320,871
320,873
320,895
320,912
320,918
320,931
320,950
320,991
321,334
321,394
321,413
321,414
321,423
321,456
321,468
321,489
321,550
321,555
321,574
321,578
321,583
321,607
321,612
321,626
321,637
321,638
321,644
321,649
321,657
321,667
321,674
321,680
321,689
321,733
321,743
321,750
321,758
321,770
321,799
321,806
321,823
321,833
321,834
321,849
321,853
321,878
321,897
321,907
321,913
321,914
321,917
321,924
321,967
321,994
322,328
322,367
322,377
322,378
322,380
322,408
322,419
322,420
322,429
322,431
322,437
322,439
322,443
322,463
322,465
322,476
322,478
322,503
322,535
322,584
322,586
322,591
322,631
322,633
322,639
322,644
322,673
322,680
322,714
322,718
322,787
322,793
322,794
322,801
322,877
322,920
322,921
322,923
322,932
322,941
322,949
322,951
322,960
322,961
322,990
322,993
322,994
322,996
323,342
323,397
323,450
323,485
323,514
323,518
323,549
323,552
323,566
323,610
323,611
323,618
323,687
323,694
323,695
323,707
323,708
323,725
323,727
323,766
323,775
323,785
323,798
323,818
323,820
323,828
323,868
323,871
323,879
323,887
323,889
323,890
323,898
323,919
323,936
323,943
323,974
323,975
323,978
323,979
323,981
323,983
323,986
324,337
324,388
324,427
324,469
324,477
324,481
324,500
324,501
324,536
324,545
324,554
324,556
324,579
324,606
324,614
324,615
324,640
324,650
324,665
324,709
324,736
324,756
324,790
324,810
324,827
324,873
324,975
325,333
325,480
325,596
325,613
325,631
325,673
325,720
326,360
326,365
326,370
326,381
326,405
326,410
326,430
326,452
326,454
326,471
326,473
326,484
326,537
326,762
326,763
326,884
326,924
326,979
327,332
327,363
327,436
327,464
327,479
327,482
327,500
327,510
327,512
327,548
327,585
327,660
327,661
327,663
327,677
327,687
327,697
327,702
327,708
327,712
327,813
327,820
327,824
327,826
327,866
327,868
327,918
327,933
327,943
327,946
327,950
327,962
327,964
328,355
328,361
328,365
328,382
328,411
328,443
328,476
328,564
328,566
328,571
328,584
328,586
328,609
328,633
328,634
328,639
328,650
328,651
328,663
328,673
328,675
328,709
328,714
328,716
328,720
328,731
328,764
328,794
328,801
328,823
328,845
328,848
328,863
328,864
328,904
328,915
328,920
328,924
328,932
328,951
328,961
328,966
328,990
329,373
329,394
329,430
329,463
329,467
329,473
329,479
329,494
329,502
329,504
329,525
329,531
329,561
329,595
329,604
329,618
329,626
329,630
329,636
329,646
329,654
329,657
329,661
329,666
329,672
329,678
329,686
329,691
329,708
329,711
329,714
329,720
329,739
329,740
329,760
329,776
329,782
329,800
329,844
329,872
329,942
329,945
329,949
329,957
329,981
329,982
330,358
330,368
330,488
330,556
330,681
330,718
330,766
330,824
330,828
330,868
330,887
330,928
330,955
330,978
330,991
331,370
331,400
331,401
331,420
331,429
331,439
331,455
331,514
331,564
331,566
331,583
331,584
331,586
331,596
331,634
331,635
331,639
331,651
331,652
331,671
331,701
331,714
331,783
331,835
331,844
331,848
331,884
331,932
331,951
331,958
331,961
331,962
331,996
332,333
332,357
332,364
332,405
332,448
332,459
332,495
332,543
332,549
332,553
332,554
332,613
332,645
332,682
332,691
332,697
332,701
332,757
332,946
333,336
333,338
333,351
333,356
333,360
333,369
333,391
333,400
333,402
333,410
333,444
333,465
333,482
333,483
333,496
333,521
333,531
333,543
333,582
333,593
333,610
333,611
333,647
333,679
333,701
333,708
333,752
333,762
333,767
333,768
333,788
333,792
333,811
333,819
333,842
333,885
333,892
333,924
333,931
333,940
333,946
333,979
333,985
334,398
334,414
334,472
334,527
334,533
334,550
334,574
334,575
334,587
334,591
334,606
334,637
334,638
334,644
334,653
334,674
334,726
334,729
334,804
334,806
334,830
334,836
334,841
334,846
334,869
334,878
334,914
334,942
334,965
335,353
335,382
335,419
335,485
335,529
335,538
335,594
335,597
335,598
335,676
335,726
335,736
335,743
335,822
335,836
335,855
335,941
335,942
336,339
336,347
336,360
336,370
336,402
336,418
336,432
336,466
336,482
336,496
336,507
336,627
336,646
336,647
336,660
336,691
336,701
336,702
336,713
336,762
336,764
336,768
336,816
336,868
336,885
336,905
336,909
336,912
336,931
336,935
336,940
336,946
336,957
336,985
337,344
337,348
337,364
337,383
337,406
337,413
337,457
337,486
337,500
337,501
337,547
337,580
337,600
337,615
337,616
337,649
337,650
337,666
337,694
337,698
337,709
337,725
337,771
337,778
337,783
337,790
337,814
337,816
337,823
337,830
337,839
337,850
337,856
337,861
337,873
337,884
337,890
337,936
337,975
337,983
337,986
338,360
338,371
338,380
338,402
338,419
338,448
338,475
338,483
338,484
338,492
338,496
338,521
338,549
338,567
338,593
338,767
338,768
338,776
338,792
338,838
338,905
338,928
338,937
338,938
338,940
338,946
338,969
338,980
338,985
338,997
339,356
339,360
339,401
339,428
339,466
339,482
339,496
339,507
339,521
339,554
339,571
339,577
339,590
339,645
339,701
339,703
339,727
339,737
339,762
339,810
339,855
339,884
339,924
339,976
339,979
340,359
340,366
340,376
340,379
340,445
340,460
340,509
340,519
340,539
340,594
340,658
340,680
340,689
340,726
340,786
340,838
340,904
340,913
340,963
341,343
341,345
341,353
341,366
341,372
341,374
341,379
341,404
341,424
341,434
341,445
341,469
341,539
341,541
341,563
341,573
341,581
341,603
341,638
341,682
341,683
341,689
341,715
341,721
341,726
341,731
341,747
341,774
341,784
341,818
341,836
341,852
341,855
341,876
341,910
341,921
341,944
341,945
341,979
342,405
342,430
342,464
342,467
342,474
342,496
342,518
342,520
342,532
342,557
342,585
342,633
342,649
342,681
342,705
342,707
342,725
342,735
342,755
342,766
342,798
342,815
342,828
342,842
342,865
342,868
342,876
342,885
342,887
342,889
342,897
342,917
342,919
342,926
342,949
342,950
342,955
342,964
342,970
342,974
342,978
342,992
343,366
343,372
343,403
343,408
343,422
343,434
343,445
343,485
343,558
343,563
343,602
343,650
343,682
343,683
343,686
343,689
343,691
343,723
343,749
343,771
343,774
343,784
343,809
343,818
343,821
343,822
343,870
343,893
343,910
343,951
343,956
343,966
343,977
343,992
344,364
344,375
344,437
344,469
344,479
344,501
344,539
344,547
344,570
344,650
344,698
344,710
344,759
344,781
344,823
344,834
344,839
344,850
344,860
344,948
344,987
345,429
345,430
345,434
345,440
345,470
345,498
345,603
345,622
345,658
345,689
345,760
345,774
345,818
345,821
345,855
345,870
345,874
345,893
345,910
345,916
345,932
345,939
345,942
345,963
345,966
345,973
345,990
346,359
346,390
346,406
346,414
346,416
346,422
346,436
346,461
346,485
346,490
346,495
346,531
346,591
346,617
346,633
346,639
346,680
346,696
346,700
346,727
346,750
346,769
346,800
346,803
346,806
346,809
346,817
346,825
346,828
346,846
346,859
346,905
346,915
346,923
346,956
347,356
347,373
347,378
347,389
347,396
347,407
347,416
347,427
347,444
347,520
347,525
347,559
347,567
347,572
347,660
347,679
347,697
347,703
347,751
347,762
347,767
347,781
347,783
347,788
347,814
347,819
347,831
347,842
347,843
347,935
347,946
347,979
348,451
348,464
348,469
348,501
348,615
348,702
348,713
348,741
348,796
348,830
348,832
348,850
348,889
348,900
348,948
348,959
348,987
349,376
349,509
349,526
349,558
349,575
349,642
349,699
349,726
349,759
349,930
349,939
350,445
350,463
350,531
350,565
350,584
350,633
350,634
350,690
350,700
350,762
350,845
350,941
350,958
350,998
351,448
351,466
351,482
351,483
351,506
351,525
351,553
351,554
351,647
351,792
351,794
351,831
351,946
351,950
351,979
352,382
352,390
352,394
352,416
352,424
352,427
352,461
352,511
352,513
352,596
352,604
352,617
352,621
352,667
352,676
352,690
352,717
352,718
352,786
352,803
352,840
352,844
352,863
352,896
352,915
352,954
352,956
352,958
352,962
352,977
353,357
353,376
353,408
353,498
353,509
353,523
353,529
353,577
353,594
353,597
353,598
353,601
353,619
353,663
353,676
353,833
353,869
353,910
353,913
353,923
353,942
353,948
353,954
354,356
354,382
354,433
354,473
354,487
354,553
354,591
354,599
354,617
354,618
354,631
354,700
354,737
354,794
354,858
354,872
354,924
355,387
355,419
355,482
355,491
355,514
355,536
355,586
355,609
355,617
355,633
355,717
355,720
355,801
355,844
355,863
355,924
356,368
356,377
356,378
356,382
356,396
356,410
356,412
356,451
356,491
356,511
356,544
356,561
356,567
356,582
356,590
356,629
356,631
356,657
356,737
356,767
356,792
356,794
356,888
356,889
356,913
356,929
356,932
356,941
356,961
356,975
356,995
357,360
357,371
357,462
357,546
357,593
357,679
357,713
357,867
357,885
358,488
358,518
358,693
358,750
358,766
358,771
358,820
358,828
358,866
358,868
358,875
358,919
358,975
359,366
359,386
359,394
359,414
359,420
359,422
359,441
359,474
359,479
359,485
359,495
359,513
359,529
359,538
359,552
359,555
359,569
359,573
359,598
359,599
359,601
359,607
359,618
359,622
359,625
359,686
359,687
359,721
359,731
359,736
359,759
359,798
359,808
359,812
359,822
359,831
359,839
359,846
359,847
359,870
359,871
359,874
359,878
359,907
359,913
359,915
359,923
359,924
359,929
359,942
359,954
359,955
359,957
359,966
359,973
359,974
359,993
360,362
360,369
360,401
360,405
360,418
360,420
360,425
360,455
360,459
360,482
360,483
360,484
360,486
360,490
360,496
360,514
360,521
360,525
360,542
360,548
360,567
360,571
360,593
360,611
360,632
360,647
360,656
360,663
360,695
360,703
360,712
360,713
360,718
360,762
360,768
360,781
360,788
360,792
360,885
360,897
360,900
360,903
360,912
360,929
360,940
360,946
360,979
360,980
361,382
361,384
361,385
361,406
361,411
361,416
361,471
361,523
361,534
361,561
361,576
361,599
361,601
361,619
361,631
361,734
361,745
361,747
361,780
361,793
361,825
361,845
361,859
361,862
361,881
361,911
361,925
361,951
361,952
361,970
361,977
361,990
362,367
362,384
362,407
362,409
362,424
362,467
362,494
362,506
362,513
362,528
362,547
362,582
362,604
362,647
362,656
362,661
362,663
362,668
362,669
362,702
362,715
362,719
362,773
362,842
362,885
362,905
362,906
362,909
362,912
362,929
362,937
362,968
363,391
363,393
363,396
363,401
363,412
363,451
363,518
363,520
363,528
363,530
363,561
363,572
363,592
363,601
363,624
363,647
363,660
363,663
363,679
363,695
363,708
363,762
363,793
363,828
363,889
363,900
363,903
363,934
363,957
363,997
363,998
364,395
364,433
364,457
364,489
364,493
364,501
364,580
364,637
364,650
364,692
364,698
364,710
364,759
364,770
364,790
364,816
364,839
364,850
364,861
364,873
364,890
364,912
364,925
364,927
364,948
364,983
365,380
365,433
365,455
365,476
365,487
365,507
365,516
365,551
365,596
365,675
365,716
365,724
365,730
365,731
365,774
365,794
365,877
365,913
365,930
365,951
366,379
366,404
366,441
366,460
366,526
366,539
366,552
366,601
366,603
366,658
366,661
366,689
366,726
366,741
366,757
366,797
366,836
366,847
366,852
366,864
366,904
366,907
366,910
366,914
366,923
366,939
366,945
366,976
366,988
367,384
367,389
367,465
367,500
367,528
367,540
367,542
367,579
367,591
367,628
367,700
367,702
367,708
367,771
367,773
367,835
367,860
367,866
367,867
367,879
367,906
367,909
367,912
367,918
367,922
367,937
367,950
367,964
367,991
368,428
368,448
368,450
368,458
368,477
368,518
368,527
368,548
368,557
368,587
368,707
368,722
368,800
368,828
368,866
368,868
368,871
368,889
368,942
368,953
368,960
368,964
368,975
369,370
369,401
369,446
369,465
369,471
369,496
369,521
369,542
369,544
369,611
369,629
369,671
369,679
369,762
369,777
369,851
369,882
369,935
369,936
369,946
370,381
370,400
370,405
370,412
370,425
370,448
370,452
370,471
370,484
370,492
370,507
370,554
370,593
370,673
370,678
370,701
370,703
370,740
370,807
370,819
370,873
370,884
370,885
370,924
370,952
370,979
370,984
371,407
371,449
371,475
371,629
371,659
371,767
371,783
371,811
371,824
371,843
371,857
371,872
371,884
371,885
371,900
371,912
371,968
371,997
372,385
372,386
372,394
372,408
372,424
372,434
372,563
372,601
372,608
372,636
372,685
372,699
372,744
372,782
372,793
372,797
372,805
372,812
372,822
372,876
372,887
372,904
372,910
372,911
372,923
372,954
372,972
372,986
373,407
373,436
373,548
373,663
373,775
373,866
373,933
373,964
374,398
374,453
374,490
374,645
374,648
374,657
374,703
374,737
374,787
374,789
374,845
374,903
374,934
375,376
375,383
375,413
375,415
375,486
375,489
375,547
375,574
375,615
375,625
375,637
375,655
375,684
375,689
375,693
375,755
375,759
375,770
375,790
375,833
375,839
375,869
375,890
375,896
375,898
375,899
376,440
376,479
376,509
376,513
376,522
376,529
376,598
376,601
376,617
376,638
376,668
376,676
376,680
376,822
376,836
376,914
376,942
377,380
377,439
377,519
377,564
377,566
377,572
377,591
377,623
377,634
377,636
377,639
377,728
377,737
377,792
377,807
377,835
377,848
377,872
377,904
377,969
377,989
378,391
378,400
378,507
378,524
378,544
378,566
378,584
378,590
378,591
378,616
378,630
378,632
378,645
378,670
378,684
378,728
378,737
378,780
378,807
378,900
378,903
378,929
378,941
378,972
378,985
378,995
378,997
379,403
379,414
379,424
379,434
379,440
379,460
379,485
379,511
379,558
379,581
379,598
379,622
379,682
379,683
379,687
379,726
379,738
379,797
379,812
379,836
379,855
379,876
379,904
379,913
379,923
379,939
379,963
379,976
379,999
380,382
380,487
380,535
380,551
380,636
380,643
380,671
380,674
380,675
380,716
380,717
380,730
380,731
380,741
380,765
380,787
380,794
380,796
380,819
380,864
380,886
380,888
380,891
380,892
380,920
380,960
380,977
381,405
381,410
381,452
381,454
381,471
381,484
381,554
381,565
381,647
381,656
381,663
381,671
381,701
381,762
381,763
381,855
381,860
381,903
381,911
381,984
382,390
382,396
382,409
382,410
382,418
382,433
382,434
382,439
382,452
382,461
382,465
382,507
382,524
382,559
382,564
382,566
382,573
382,585
382,590
382,591
382,613
382,649
382,654
382,657
382,660
382,663
382,696
382,700
382,708
382,715
382,717
382,726
382,739
382,762
382,795
382,807
382,835
382,848
382,858
382,859
382,877
382,884
382,886
382,916
382,924
382,929
382,932
382,941
382,948
382,962
382,973
382,974
383,392
383,395
383,415
383,423
383,535
383,547
383,562
383,637
383,638
383,649
383,655
383,666
383,693
383,725
383,799
383,849
383,880
383,901
383,917
383,959
383,994
384,426
384,459
384,483
384,494
384,497
384,520
384,540
384,542
384,549
384,560
384,561
384,577
384,585
384,604
384,661
384,691
384,702
384,705
384,740
384,746
384,752
384,759
384,798
384,818
384,824
384,848
384,882
384,906
384,912
384,922
384,937
384,968
384,969
384,979
385,470
385,504
385,526
385,558
385,565
385,581
385,601
385,642
385,680
385,685
385,686
385,699
385,745
385,762
385,797
385,822
385,829
385,836
385,907
385,923
385,930
385,939
385,942
385,967
385,992
386,394
386,414
386,418
386,441
386,485
386,529
386,533
386,590
386,610
386,625
386,632
386,662
386,752
386,797
386,836
386,891
386,923
386,954
387,431
387,461
387,511
387,519
387,545
387,553
387,554
387,596
387,607
387,609
387,643
387,645
387,695
387,764
387,776
387,858
387,863
387,888
387,924
387,935
387,958
388,465
388,508
388,545
388,579
388,582
388,584
388,587
388,595
388,612
388,628
388,702
388,709
388,736
388,741
388,746
388,762
388,771
388,775
388,777
388,798
388,901
388,948
388,991
388,996
389,412
389,465
389,517
389,528
389,532
389,557
389,566
389,582
389,629
389,665
389,669
389,672
389,702
389,709
389,712
389,754
389,772
389,773
389,834
389,842
389,874
389,918
389,946
389,960
390,391
390,427
390,513
390,526
390,553
390,594
390,631
390,637
390,663
390,700
390,708
390,718
390,725
390,736
390,755
390,769
390,791
390,803
390,808
390,809
390,829
390,847
390,856
390,916
390,949
390,954
390,962
390,964
390,976
390,977
390,993
391,478
391,490
391,504
391,520
391,524
391,525
391,531
391,542
391,561
391,572
391,592
391,648
391,652
391,660
391,691
391,701
391,708
391,742
391,783
391,789
391,814
391,885
391,903
391,905
391,935
391,939
391,982
392,413
392,517
392,547
392,550
392,614
392,637
392,662
392,678
392,718
392,733
392,738
392,750
392,779
392,818
392,846
392,849
392,889
392,947
392,971
393,396
393,412
393,419
393,436
393,464
393,467
393,518
393,537
393,557
393,582
393,592
393,611
393,629
393,657
393,663
393,666
393,677
393,679
393,696
393,740
393,754
393,762
393,772
393,783
393,802
393,824
393,826
393,885
393,889
393,895
393,928
393,932
393,950
393,953
393,966
394,414
394,441
394,478
394,485
394,498
394,533
394,545
394,602
394,625
394,629
394,662
394,664
394,680
394,709
394,761
394,790
394,794
394,822
394,835
394,836
394,838
394,847
394,868
394,876
394,911
394,912
394,923
394,945
394,954
394,970
394,972
395,413
395,415
395,437
395,451
395,464
395,489
395,493
395,501
395,510
395,518
395,562
395,580
395,616
395,678
395,679
395,684
395,743
395,754
395,770
395,799
395,804
395,849
395,873
395,890
395,898
395,916
395,917
395,959
396,401
396,402
396,405
396,412
396,444
396,482
396,483
396,490
396,502
396,518
396,567
396,587
396,599
396,629
396,637
396,660
396,697
396,741
396,762
396,767
396,814
396,822
396,843
396,851
396,871
396,895
396,905
396,921
396,929
396,966
396,978
397,400
397,427
397,464
397,477
397,500
397,557
397,610
397,678
397,684
397,693
397,703
397,722
397,727
397,748
397,760
397,796
397,820
397,824
397,855
397,865
397,871
397,898
397,902
397,917
397,960
397,975
397,978
397,983
397,986
398,406
398,411
398,523
398,535
398,639
398,716
398,724
398,786
398,801
398,828
398,829
398,844
398,859
398,885
398,951
398,952
398,977
398,990
399,438
399,450
399,573
399,614
399,666
399,695
399,722
399,770
399,779
399,804
399,815
399,868
399,908
399,994
400,425
400,448
400,452
400,454
400,484
400,492
400,530
400,554
400,671
400,703
400,751
400,768
400,860
400,884
400,932
400,984
400,985
401,402
401,405
401,418
401,425
401,463
401,466
401,484
401,507
401,524
401,525
401,530
401,543
401,554
401,571
401,577
401,613
401,631
401,647
401,679
401,703
401,728
401,762
401,788
401,886
401,929
401,931
401,940
401,941
401,979
401,995
402,405
402,418
402,425
402,448
402,451
402,452
402,475
402,483
402,496
402,500
402,507
402,554
402,571
402,590
402,629
402,647
402,679
402,703
402,712
402,717
402,737
402,762
402,765
402,767
402,783
402,788
402,860
402,918
402,936
402,937
402,940
402,979
402,990
402,997
403,424
403,434
403,526
403,539
403,554
403,563
403,653
403,681
403,682
403,683
403,685
403,687
403,733
403,744
403,818
403,830
403,836
403,852
403,855
403,886
403,930
403,939
403,954
403,963
403,992
403,999
404,422
404,441
404,449
404,473
404,515
404,529
404,544
404,552
404,573
404,583
404,598
404,607
404,661
404,666
404,696
404,705
404,738
404,781
404,804
404,806
404,831
404,853
404,868
404,874
404,897
404,913
404,915
404,919
404,944
404,964
404,988
404,999
405,425
405,432
405,439
405,448
405,459
405,465
405,471
405,482
405,483
405,496
405,498
405,525
405,554
405,566
405,567
405,593
405,598
405,629
405,645
405,647
405,671
405,679
405,701
405,703
405,713
405,721
405,759
405,763
405,767
405,768
405,781
405,792
405,845
405,884
405,885
405,888
405,929
405,931
405,946
405,979
405,995
406,429
406,437
406,456
406,459
406,510
406,599
406,601
406,602
406,621
406,622
406,667
406,683
406,703
406,723
406,747
406,821
406,824
406,862
406,876
406,897
406,923
406,944
406,949
406,966
406,973
406,976
407,464
407,483
407,496
407,540
407,542
407,547
407,549
407,569
407,597
407,611
407,629
407,647
407,656
407,659
407,677
407,695
407,702
407,709
407,712
407,713
407,762
407,843
407,851
407,853
407,857
407,883
407,885
407,909
407,912
407,940
407,946
407,950
407,976
407,980
407,985
407,997
408,485
408,499
408,574
408,619
408,686
408,713
408,715
408,721
408,734
408,736
408,776
408,789
408,790
408,809
408,817
408,838
408,847
408,848
408,868
408,890
408,916
408,966
408,973
409,436
409,458
409,488
409,518
409,561
409,640
409,725
409,738
409,740
409,796
409,810
409,820
409,828
409,865
409,866
409,888
409,928
409,950
409,964
409,975
409,991
409,998
410,418
410,439
410,454
410,484
410,521
410,530
410,554
410,557
410,590
410,631
410,634
410,652
410,660
410,664
410,670
410,671
410,673
410,679
410,712
410,715
410,736
410,737
410,762
410,783
410,795
410,851
410,872
410,896
410,929
410,932
410,935
410,936
410,939
410,941
410,951
410,958
410,960
410,984
410,995
410,996
411,435
411,523
411,565
411,633
411,639
411,739
411,859
411,891
411,952
411,956
411,962
411,990
412,444
412,467
412,481
412,542
412,545
412,561
412,592
412,593
412,629
412,632
412,647
412,656
412,677
412,679
412,695
412,696
412,701
412,703
412,705
412,712
412,735
412,742
412,766
412,767
412,772
412,777
412,783
412,791
412,798
412,824
412,851
412,858
412,885
412,887
412,895
412,903
412,918
412,928
412,931
412,951
412,975
412,977
412,997
413,415
413,449
413,451
413,457
413,460
413,489
413,517
413,552
413,588
413,600
413,610
413,624
413,637
413,649
413,726
413,729
413,738
413,779
413,799
413,833
413,841
413,849
413,901
413,914
413,936
413,938
413,948
413,959
413,982
413,992
414,415
414,441
414,472
414,478
414,485
414,504
414,512
414,527
414,539
414,552
414,567
414,591
414,597
414,598
414,607
414,608
414,625
414,626
414,726
414,752
414,812
414,822
414,841
414,853
414,874
414,907
414,913
414,923
414,942
414,954
415,457
415,477
415,486
415,489
415,493
415,497
415,529
415,532
415,547
415,589
415,610
415,616
415,624
415,637
415,649
415,655
415,684
415,725
415,770
415,778
415,830
415,873
415,890
416,473
416,511
416,565
416,604
416,618
416,639
416,689
416,690
416,718
416,752
416,840
416,847
416,913
416,924
416,952
416,996
417,449
417,504
417,510
417,517
417,526
417,600
417,614
417,667
417,693
417,725
417,729
417,733
417,758
417,771
417,779
417,782
417,806
417,833
417,834
417,880
417,902
417,913
417,917
417,930
417,965
417,983
417,992
418,448
418,459
418,482
418,554
418,559
418,571
418,703
418,713
418,737
418,768
418,859
418,915
418,979
418,995
419,433
419,480
419,491
419,520
419,617
419,633
419,639
419,700
419,750
419,780
419,794
419,801
419,924
419,932
419,945
420,452
420,455
420,519
420,530
420,564
420,584
420,591
420,602
420,609
420,629
420,651
420,656
420,714
420,717
420,781
420,808
420,845
420,863
420,920
420,932
420,951
420,961
420,996
421,424
421,538
421,557
421,603
421,622
421,689
421,721
421,745
421,802
421,822
421,846
421,876
421,907
421,976
422,442
422,450
422,481
422,502
422,509
422,515
422,517
422,523
422,526
422,569
422,600
422,607
422,610
422,638
422,649
422,674
422,694
422,718
422,722
422,727
422,743
422,750
422,755
422,758
422,779
422,806
422,808
422,833
422,853
422,902
422,914
422,947
422,968
422,973
423,453
423,562
423,666
423,667
423,693
423,871
423,902
423,938
423,967
424,434
424,435
424,460
424,484
424,498
424,531
424,563
424,578
424,598
424,602
424,603
424,607
424,637
424,639
424,642
424,680
424,687
424,689
424,745
424,797
424,809
424,817
424,818
424,847
424,876
424,893
424,907
424,910
424,924
424,925
424,944
424,963
424,977
424,992
425,448
425,469
425,471
425,475
425,485
425,492
425,496
425,507
425,530
425,554
425,566
425,647
425,701
425,703
425,781
425,804
425,819
425,848
425,884
425,932
425,984
426,438
426,481
426,612
426,702
426,719
426,740
426,741
426,742
426,772
426,842
426,882
426,883
426,928
426,953
426,979
426,996
427,467
427,473
427,513
427,522
427,539
427,552
427,617
427,623
427,626
427,721
427,736
427,760
427,782
427,791
427,803
427,809
427,831
427,840
427,856
427,876
427,945
427,949
427,958
427,972
427,976
427,999
428,436
428,542
428,557
428,585
428,610
428,695
428,710
428,766
428,777
428,778
428,782
428,867
428,871
428,964
428,975
428,986
429,437
429,441
429,478
429,501
429,506
429,606
429,622
429,636
429,667
429,688
429,689
429,731
429,747
429,786
429,793
429,809
429,817
429,818
429,821
429,822
429,855
429,907
429,911
429,925
429,944
429,950
429,966
429,973
429,996
430,436
430,449
430,467
430,473
430,478
430,524
430,537
430,618
430,654
430,663
430,708
430,715
430,727
430,736
430,768
430,789
430,828
430,845
430,872
430,924
430,927
430,932
431,443
431,511
431,513
431,599
431,638
431,690
431,700
431,734
431,796
431,803
431,822
431,881
431,949
432,475
432,483
432,496
432,506
432,521
432,525
432,560
432,577
432,579
432,582
432,593
432,639
432,688
432,708
432,712
432,720
432,745
432,751
432,773
432,781
432,811
432,845
432,851
432,873
432,885
432,909
432,929
432,937
432,940
432,969
432,980
432,985
432,997
433,443
433,455
433,473
433,480
433,484
433,491
433,516
433,551
433,586
433,631
433,635
433,639
433,675
433,704
433,730
433,731
433,736
433,763
433,793
433,794
433,795
433,801
433,830
433,835
433,877
433,888
433,932
433,951
434,445
434,477
434,498
434,526
434,531
434,563
434,581
434,602
434,606
434,636
434,642
434,682
434,683
434,687
434,689
434,747
434,749
434,784
434,797
434,817
434,818
434,829
434,838
434,870
434,874
434,876
434,878
434,893
434,910
434,923
434,942
434,956
434,963
434,973
434,976
434,977
434,996
435,437
435,487
435,513
435,554
435,601
435,607
435,617
435,621
435,625
435,633
435,717
435,780
435,794
435,859
435,864
435,952
435,954
435,956
435,958
435,962
435,977
435,990
436,457
436,458
436,512
436,534
436,544
436,548
436,556
436,557
436,561
436,571
436,585
436,591
436,824
436,852
436,926
436,953
436,981
436,988
436,997
437,485
437,511
437,558
437,604
437,617
437,621
437,622
437,636
437,638
437,689
437,723
437,734
437,747
437,759
437,793
437,847
437,859
437,876
437,889
437,903
437,907
437,911
437,924
437,925
437,951
437,955
437,956
437,966
437,973
438,528
438,536
438,650
438,665
438,684
438,702
438,727
438,742
438,756
438,771
438,777
438,796
438,820
438,827
438,832
438,861
438,875
438,926
438,936
438,986
439,448
439,452
439,473
439,492
439,519
439,531
439,544
439,631
439,634
439,643
439,671
439,673
439,710
439,728
439,787
439,792
439,807
439,811
439,835
439,848
439,884
439,911
439,962
439,977
439,979
439,989
440,538
440,583
440,596
440,603
440,606
440,636
440,680
440,708
440,817
440,818
440,822
440,876
440,910
440,963
440,973
441,485
441,522
441,597
441,603
441,607
441,618
441,625
441,636
441,638
441,646
441,663
441,682
441,726
441,745
441,809
441,812
441,822
441,830
441,847
441,853
441,862
441,876
441,897
441,923
441,942
441,954
441,963
441,972
441,988
442,457
442,515
442,531
442,550
442,574
442,583
442,661
442,674
442,678
442,717
442,726
442,750
442,808
442,831
442,833
442,853
442,902
442,957
442,965
443,455
443,480
443,505
443,511
443,523
443,535
443,551
443,566
443,576
443,586
443,617
443,622
443,633
443,634
443,637
443,673
443,675
443,700
443,704
443,714
443,715
443,717
443,720
443,724
443,739
443,764
443,765
443,792
443,794
443,795
443,825
443,844
443,859
443,877
443,881
443,920
443,929
443,939
443,941
443,951
443,989
444,446
444,461
444,518
444,542
444,549
444,559
444,582
444,639
444,660
444,762
444,885
444,905
444,909
444,931
444,969
445,476
445,485
445,538
445,553
445,636
445,642
445,682
445,683
445,687
445,689
445,784
445,817
445,852
445,855
445,870
445,878
445,893
445,904
445,907
445,923
445,999
446,482
446,613
446,629
446,762
446,767
446,768
446,805
446,851
446,867
446,912
446,929
446,931
446,995
447,453
447,532
447,608
447,610
447,614
447,615
447,661
447,666
447,738
447,750
447,756
447,770
447,804
447,805
447,808
447,823
447,837
447,865
447,899
447,901
447,936
448,452
448,454
448,459
448,471
448,547
448,554
448,560
448,585
448,593
448,647
448,651
448,673
448,690
448,703
448,712
448,731
448,763
448,767
448,783
448,792
448,819
448,845
448,884
448,935
448,940
448,974
448,979
448,995
449,451
449,472
449,510
449,523
449,573
449,582
449,583
449,605
449,626
449,689
449,725
449,752
449,798
449,820
449,825
449,853
449,868
449,896
449,897
449,913
449,915
449,947
449,988
450,472
450,500
450,532
450,561
450,610
450,614
450,664
450,677
450,685
450,695
450,700
450,708
450,725
450,727
450,746
450,763
450,766
450,782
450,804
450,816
450,820
450,868
450,898
450,902
450,943
450,944
451,472
451,495
451,510
451,556
451,569
451,573
451,574
451,586
451,624
451,634
451,654
451,657
451,661
451,680
451,695
451,727
451,752
451,775
451,806
451,822
451,823
451,825
451,826
451,830
451,848
451,853
451,873
451,897
451,910
451,943
451,944
451,945
451,957
451,982
451,988
452,454
452,459
452,471
452,484
452,491
452,507
452,601
452,613
452,634
452,701
452,712
452,752
452,763
452,787
452,819
452,902
452,903
452,924
452,937
452,969
453,484
453,532
453,547
453,612
453,616
453,644
453,666
453,750
453,782
453,785
453,854
453,879
453,889
453,947
453,988
454,471
454,492
454,525
454,613
454,639
454,679
454,763
454,766
454,783
454,819
454,884
454,929
454,935
455,475
455,505
455,523
455,547
455,564
455,577
455,586
455,631
455,639
455,675
455,695
455,714
455,717
455,730
455,801
455,809
455,835
455,863
455,877
455,884
455,912
455,920
455,951
455,952
455,962
455,996
456,511
456,526
456,534
456,591
456,622
456,636
456,669
456,747
456,807
456,809
456,821
456,826
456,893
456,910
456,916
456,920
456,966
456,967
456,973
456,976
456,990
457,486
457,489
457,493
457,541
457,547
457,555
457,616
457,649
457,655
457,684
457,686
457,692
457,759
457,790
457,806
457,816
457,845
457,861
457,890
457,891
457,936
457,944
457,959
457,987
458,464
458,488
458,569
458,611
458,640
458,708
458,741
458,756
458,828
458,866
458,901
458,931
458,941
458,944
458,950
458,975
458,978
459,492
459,496
459,521
459,554
459,559
459,593
459,629
459,647
459,670
459,671
459,701
459,703
459,767
459,773
459,792
459,819
459,823
459,854
459,859
459,879
459,885
459,929
459,940
459,946
459,966
459,970
459,979
459,984
459,985
459,997
460,526
460,642
460,683
460,774
460,949
460,976
460,990
461,473
461,476
461,504
461,511
461,531
461,553
461,554
461,561
461,565
461,566
461,577
461,607
461,617
461,633
461,635
461,686
461,700
461,732
461,739
461,809
461,835
461,859
461,864
461,909
461,911
461,924
461,958
462,483
462,506
462,549
462,560
462,561
462,593
462,647
462,656
462,664
462,668
462,706
462,719
462,753
462,896
462,909
462,912
462,922
462,927
462,940
462,985
462,997
463,553
463,582
463,643
463,700
463,769
463,825
463,862
464,479
464,480
464,497
464,554
464,557
464,563
464,569
464,580
464,582
464,586
464,611
464,620
464,627
464,640
464,669
464,698
464,702
464,741
464,751
464,761
464,777
464,798
464,824
464,826
464,842
464,850
464,866
464,868
464,897
464,901
464,912
464,926
464,928
464,933
464,950
464,962
464,964
464,975
464,981
464,992
465,481
465,500
465,508
465,518
465,550
465,560
465,579
465,582
465,587
465,592
465,629
465,638
465,661
465,702
465,705
465,709
465,712
465,721
465,727
465,741
465,754
465,755
465,768
465,771
465,773
465,792
465,798
465,824
465,832
465,836
465,839
465,847
465,906
465,918
465,950
465,987
465,991
466,482
466,554
466,571
466,632
466,634
466,647
466,848
466,896
466,946
466,979
467,481
467,514
467,520
467,553
467,631
467,640
467,659
467,663
467,672
467,687
467,696
467,715
467,742
467,760
467,762
467,769
467,780
467,782
467,783
467,787
467,789
467,801
467,821
467,828
467,841
467,887
467,898
467,903
467,910
467,928
467,934
467,944
467,946
467,994
467,999
468,504
468,646
468,653
468,672
468,686
468,711
468,734
468,780
468,803
468,825
468,929
468,971
468,982
469,479
469,500
469,501
469,587
469,595
469,607
469,665
469,684
469,749
469,760
469,773
469,798
469,815
469,823
469,827
469,828
469,831
469,839
469,850
469,871
469,873
469,875
469,879
469,885
469,887
469,902
469,918
469,960
469,986
469,991
470,538
470,558
470,568
470,574
470,608
470,642
470,653
470,658
470,699
470,726
470,796
470,812
470,822
470,836
470,858
470,907
470,930
470,939
470,961
470,962
471,484
471,518
471,577
471,631
471,633
471,652
471,671
471,681
471,763
471,884
471,946
471,966
471,970
471,984
472,573
472,583
472,636
472,696
472,725
472,729
472,736
472,808
472,887
472,913
472,942
472,987
472,988
472,993
473,481
473,504
473,531
473,583
473,610
473,642
473,657
473,660
473,686
473,703
473,736
473,749
473,769
473,800
473,809
473,915
473,949
473,972
473,974
474,499
474,529
474,598
474,603
474,607
474,672
474,729
474,752
474,758
474,809
474,853
474,874
474,896
474,941
474,972
474,988
475,494
475,496
475,506
475,512
475,521
475,528
475,530
475,542
475,545
475,559
475,615
475,616
475,656
475,663
475,664
475,671
475,679
475,702
475,712
475,713
475,719
475,750
475,764
475,781
475,783
475,792
475,811
475,843
475,857
475,867
475,885
475,900
475,903
475,907
475,909
475,931
475,940
475,968
475,985
475,997
476,487
476,535
476,576
476,618
476,699
476,717
476,724
476,731
476,765
476,794
476,795
476,819
476,844
476,884
476,888
476,893
476,924
476,925
476,962
476,977
477,515
477,547
477,557
477,562
477,600
477,610
477,614
477,649
477,661
477,671
477,684
477,709
477,722
477,725
477,727
477,748
477,757
477,785
477,804
477,824
477,833
477,854
477,873
477,895
477,898
477,904
477,935
477,936
477,983
477,986
477,987
478,485
478,501
478,502
478,513
478,552
478,573
478,614
478,625
478,626
478,636
478,641
478,675
478,689
478,696
478,697
478,738
478,742
478,750
478,752
478,791
478,803
478,874
478,915
478,940
478,954
478,972
478,973
478,974
479,500
479,508
479,548
479,557
479,579
479,590
479,610
479,654
479,665
479,681
479,702
479,755
479,756
479,766
479,769
479,771
479,824
479,830
479,832
479,850
479,865
479,871
479,875
479,879
479,887
479,901
479,902
479,964
479,978
479,991
480,505
480,542
480,551
480,566
480,569
480,598
480,599
480,618
480,637
480,673
480,675
480,716
480,724
480,730
480,864
480,881
480,944
481,525
481,560
481,611
481,612
481,663
481,677
481,702
481,740
481,741
481,754
481,772
481,777
481,794
481,798
481,810
481,824
481,867
481,872
481,895
481,900
481,910
481,918
481,921
481,922
481,935
481,950
481,960
481,986
482,496
482,554
482,571
482,593
482,788
482,792
482,888
482,953
483,496
483,521
483,542
483,549
483,554
483,564
483,567
483,659
483,673
483,688
483,691
483,697
483,702
483,703
483,712
483,725
483,753
483,767
483,768
483,781
483,792
483,811
483,851
483,853
483,857
483,885
483,905
483,906
483,909
483,912
483,928
483,929
483,937
483,940
483,984
483,985
483,997
484,492
484,524
484,530
484,613
484,639
484,652
484,671
484,673
484,701
484,763
484,781
484,807
484,825
484,860
484,884
484,929
484,950
484,963
484,979
484,984
484,995
485,504
485,529
485,533
485,563
485,607
485,625
485,638
485,647
485,662
485,680
485,719
485,727
485,765
485,773
485,809
485,822
485,841
485,876
485,923
485,949
485,983
486,489
486,547
486,624
486,628
486,655
486,896
486,975
487,505
487,516
487,596
487,646
487,651
487,661
487,716
487,717
487,731
487,765
487,859
487,877
487,934
487,969
487,996
488,518
488,661
488,681
488,707
488,766
488,828
488,868
488,919
488,950
489,605
489,615
489,624
489,637
489,655
489,693
489,779
489,799
489,822
489,826
489,890
489,924
489,971
490,506
490,542
490,553
490,564
490,577
490,590
490,618
490,632
490,660
490,691
490,715
490,728
490,783
490,845
490,858
490,929
491,519
491,564
491,566
491,591
491,610
491,623
491,634
491,747
491,769
491,782
491,794
491,835
491,893
491,961
491,984
491,989
491,996
492,530
492,554
492,613
492,634
492,671
492,673
492,701
492,748
492,863
492,984
492,985
492,995
493,539
493,550
493,588
493,616
493,624
493,649
493,655
493,667
493,674
493,778
493,779
493,788
493,890
494,507
494,535
494,582
494,629
494,650
494,668
494,669
494,750
494,798
494,906
494,909
494,912
494,937
494,964
494,969
494,979
494,989
495,527
495,529
495,533
495,594
495,598
495,608
495,619
495,653
495,674
495,682
495,685
495,729
495,878
495,942
495,982
495,993
495,999
496,506
496,507
496,521
496,525
496,542
496,548
496,549
496,554
496,567
496,593
496,632
496,647
496,664
496,671
496,712
496,713
496,715
496,751
496,753
496,768
496,781
496,788
496,792
496,794
496,798
496,820
496,824
496,835
496,843
496,847
496,866
496,883
496,885
496,922
496,940
496,946
496,979
496,980
496,985
496,997
497,629
497,632
497,669
497,677
497,688
497,713
497,731
497,735
497,754
497,772
497,811
497,814
497,867
497,882
497,921
497,969
498,504
498,563
498,581
498,594
498,602
498,622
498,636
498,638
498,682
498,683
498,689
498,721
498,745
498,748
498,749
498,769
498,786
498,817
498,852
498,870
498,874
498,893
498,963
498,966
498,973
499,529
499,565
499,597
499,601
499,605
499,625
499,676
499,812
499,838
499,874
499,942
499,974
500,557
500,579
500,582
500,585
500,595
500,628
500,647
500,663
500,709
500,727
500,755
500,798
500,804
500,806
500,810
500,832
500,842
500,866
500,875
500,893
500,900
500,918
500,958
500,986
500,991
501,532
501,542
501,547
501,570
501,615
501,649
501,698
501,709
501,710
501,725
501,759
501,761
501,798
501,804
501,823
501,873
501,895
501,936
501,940
501,943
501,948
501,987
501,997
501,999
502,533
502,552
502,553
502,569
502,583
502,605
502,640
502,657
502,679
502,711
502,742
502,791
502,800
502,808
502,816
502,831
502,896
502,897
502,986
502,988
503,551
503,553
503,591
503,595
503,643
503,695
503,715
503,787
503,825
503,848
503,854
504,513
504,522
504,531
504,554
504,591
504,600
504,617
504,620
504,626
504,629
504,643
504,645
504,657
504,677
504,686
504,696
504,708
504,711
504,715
504,724
504,732
504,752
504,769
504,783
504,822
504,842
504,845
504,875
504,877
504,913
504,916
504,974
504,983
504,993
505,551
505,576
505,586
505,596
505,603
505,609
505,623
505,631
505,644
505,660
505,668
505,673
505,675
505,717
505,720
505,731
505,747
505,790
505,801
505,877
505,936
505,940
505,948
505,951
505,996
506,507
506,549
506,560
506,656
506,664
506,712
506,753
506,878
506,900
506,906
506,909
506,927
506,975
506,979
506,997
507,522
507,554
507,566
507,575
507,577
507,590
507,629
507,645
507,647
507,660
507,681
507,696
507,701
507,702
507,703
507,737
507,751
507,768
507,826
507,868
507,902
507,913
507,922
507,929
507,946
507,979
507,995
508,557
508,579
508,587
508,595
508,627
508,669
508,695
508,722
508,771
508,823
508,828
508,832
508,936
508,968
509,526
509,555
509,575
509,589
509,598
509,638
509,653
509,685
509,689
509,718
509,726
509,733
509,822
509,850
509,878
509,907
509,992
510,527
510,550
510,551
510,559
510,607
510,611
510,624
510,674
510,678
510,685
510,687
510,750
510,752
510,760
510,766
510,770
510,806
510,808
510,828
510,841
510,853
510,878
510,942
510,949
511,534
511,558
511,591
511,597
511,604
511,677
511,741
511,776
511,779
511,795
511,803
511,840
511,860
511,949
512,545
512,552
512,561
512,572
512,663
512,672
512,679
512,708
512,735
512,762
512,767
512,813
512,819
512,826
512,835
512,848
512,890
512,924
512,950
512,957
513,572
513,576
513,602
513,617
513,625
513,626
513,750
513,773
513,791
513,793
513,800
513,803
513,856
513,859
513,874
513,887
513,893
513,904
513,945
513,949
513,954
513,972
513,974
514,521
514,553
514,565
514,566
514,617
514,633
514,672
514,690
514,703
514,704
514,715
514,765
514,801
514,810
514,858
514,863
514,914
514,915
514,924
514,952
514,958
514,977
515,532
515,536
515,559
515,562
515,600
515,614
515,625
515,640
515,661
515,666
515,693
515,695
515,738
515,750
515,808
515,817
515,837
515,854
515,899
515,913
515,917
515,943
515,967
516,554
516,586
516,604
516,613
516,619
516,624
516,639
516,704
516,714
516,716
516,717
516,730
516,731
516,764
516,794
516,795
516,844
516,877
516,888
516,891
516,920
516,951
516,990
517,550
517,574
517,637
517,638
517,646
517,649
517,693
517,736
517,743
517,779
517,833
517,914
517,943
517,948
517,959
517,981
517,983
517,994
518,557
518,585
518,595
518,611
518,632
518,669
518,677
518,681
518,695
518,707
518,725
518,731
518,743
518,766
518,771
518,777
518,810
518,865
518,866
518,868
518,871
518,887
518,889
518,948
518,950
518,954
518,964
518,975
518,978
518,981
519,524
519,530
519,566
519,634
519,708
519,715
519,728
519,739
519,807
519,810
519,819
519,845
519,871
519,899
519,900
519,924
519,941
519,996
520,537
520,546
520,553
520,672
520,708
520,789
520,791
520,867
520,885
520,929
520,934
520,964
520,980
520,998
521,537
521,542
521,554
521,564
521,567
521,593
521,611
521,647
521,681
521,703
521,712
521,751
521,767
521,768
521,781
521,783
521,792
521,851
521,884
521,885
521,909
521,927
521,946
521,979
521,985
522,523
522,607
522,637
522,645
522,686
522,736
522,760
522,773
522,856
522,974
523,531
523,599
523,618
523,631
523,633
523,641
523,649
523,674
523,677
523,680
523,731
523,733
523,747
523,765
523,793
523,834
523,852
523,860
523,863
523,888
523,892
523,893
523,896
523,920
523,923
523,950
523,952
523,956
523,970
523,977
523,986
523,990
523,996
524,527
524,531
524,553
524,554
524,557
524,559
524,590
524,593
524,613
524,623
524,634
524,635
524,689
524,691
524,705
524,714
524,728
524,736
524,750
524,763
524,787
524,813
524,861
524,884
524,887
524,932
524,941
524,959
524,979
524,996
524,997
525,530
525,544
525,559
525,577
525,590
525,611
525,627
525,656
525,660
525,681
525,691
525,737
525,752
525,783
525,814
525,835
525,872
525,895
525,903
525,906
525,929
525,981
525,985
526,541
526,589
526,608
526,638
526,640
526,642
526,685
526,699
526,708
526,726
526,727
526,733
526,746
526,829
526,830
526,834
526,836
526,855
526,878
526,893
526,907
526,939
526,989
526,992
527,538
527,607
527,644
527,653
527,661
527,674
527,729
527,752
527,766
527,791
527,822
527,846
527,878
527,888
527,942
527,971
527,974
527,993
528,560
528,579
528,593
528,629
528,632
528,661
528,669
528,702
528,769
528,773
528,825
528,839
528,882
528,906
528,909
528,912
528,918
528,922
528,937
528,940
528,997
529,533
529,563
529,574
529,598
529,601
529,607
529,617
529,620
529,662
529,726
529,736
529,752
529,812
529,819
529,836
529,853
529,874
529,878
529,896
529,899
529,915
529,923
529,942
529,954
529,976
529,994
530,554
530,634
530,671
530,703
530,763
530,819
530,940
530,989
530,995
531,591
531,639
531,696
531,769
531,825
531,845
531,862
531,864
531,941
531,954
531,962
531,974
531,988
532,550
532,562
532,634
532,648
532,649
532,666
532,667
532,678
532,681
532,694
532,738
532,748
532,750
532,790
532,799
532,804
532,812
532,842
532,854
532,865
532,873
532,902
532,920
532,933
532,936
532,943
532,944
532,947
532,959
532,981
532,983
532,989
533,662
533,829
533,878
533,893
533,954
533,992
534,636
534,641
534,655
534,716
534,734
534,776
534,786
534,795
534,805
534,822
534,838
534,840
534,862
534,911
534,925
534,955
535,564
535,618
535,675
535,708
535,786
535,794
535,795
535,807
535,844
535,859
535,888
535,891
535,920
535,951
535,952
535,962
535,972
536,562
536,579
536,595
536,700
536,722
536,725
536,740
536,745
536,756
536,771
536,796
536,808
536,815
536,827
536,828
536,850
536,865
536,871
536,875
536,887
536,928
536,960
536,975
536,983
536,986
536,992
537,559
537,561
537,576
537,594
537,654
537,689
537,700
537,702
537,708
537,742
537,757
537,826
537,832
537,933
537,968
537,979
537,997
538,594
538,601
538,655
538,838
538,878
538,942
538,947
538,993
539,541
539,555
539,581
539,603
539,608
539,611
539,622
539,638
539,642
539,654
539,661
539,699
539,729
539,744
539,774
539,829
539,841
539,876
539,907
539,936
539,939
539,999
540,549
540,719
540,735
540,884
540,894
540,900
540,905
540,912
540,968
541,550
541,589
541,638
541,642
541,644
541,685
541,726
541,733
541,818
541,829
541,830
541,833
541,904
541,907
541,930
541,962
541,990
541,992
541,999
542,549
542,559
542,567
542,593
542,611
542,629
542,637
542,663
542,677
542,688
542,702
542,708
542,712
542,735
542,740
542,754
542,755
542,762
542,773
542,788
542,792
542,811
542,827
542,857
542,864
542,881
542,885
542,894
542,900
542,904
542,905
542,906
542,909
542,912
542,927
542,931
542,937
542,940
542,944
542,946
542,969
542,979
542,980
542,991
542,997
543,560
543,567
543,646
543,659
543,688
543,712
543,713
543,746
543,762
543,767
543,768
543,826
543,857
544,557
544,559
544,577
544,582
544,590
544,613
544,651
544,652
544,654
544,660
544,681
544,737
544,842
544,903
544,925
544,929
544,940
544,995
545,557
545,572
545,621
545,640
545,661
545,681
545,709
545,756
545,757
545,817
545,828
545,865
545,887
545,908
545,944
546,645
546,659
546,688
546,712
546,757
546,762
546,813
546,885
546,904
546,911
546,931
547,562
547,624
547,627
547,684
547,695
547,790
547,873
547,887
547,890
547,898
547,936
547,973
547,983
547,984
548,549
548,560
548,561
548,585
548,611
548,612
548,663
548,681
548,693
548,708
548,712
548,725
548,733
548,735
548,736
548,756
548,771
548,777
548,828
548,842
548,866
548,895
548,908
548,933
548,953
548,964
549,567
549,629
549,668
549,677
549,705
549,706
549,712
549,719
549,746
549,768
549,781
549,802
549,820
549,841
549,843
549,848
549,851
549,857
549,882
549,894
549,905
549,909
549,912
549,922
549,924
549,926
549,937
549,940
549,968
549,969
550,574
550,607
550,637
550,638
550,644
550,649
550,650
550,698
550,702
550,735
550,743
550,833
550,834
550,845
550,849
550,914
550,938
550,939
550,949
550,954
550,959
550,965
550,967
550,994
550,999
551,633
551,639
551,673
551,675
551,704
551,716
551,717
551,731
551,765
551,877
551,886
551,891
551,951
551,960
552,716
552,726
552,727
552,742
552,752
552,754
552,778
552,791
552,825
552,831
552,844
552,853
552,880
552,898
552,915
552,972
552,976
553,561
553,569
553,617
553,632
553,633
553,643
553,654
553,679
553,693
553,696
553,700
553,702
553,704
553,711
553,736
553,764
553,769
553,802
553,803
553,825
553,845
553,848
553,857
553,872
553,895
553,924
553,941
553,972
554,564
554,571
554,614
554,631
554,633
554,639
554,646
554,647
554,652
554,701
554,703
554,762
554,763
554,768
554,792
554,819
554,830
554,844
554,884
554,916
554,927
554,977
554,984
554,985
554,995
555,574
555,575
555,588
555,589
555,608
555,630
555,638
555,680
555,733
555,736
555,758
555,799
555,806
555,812
555,830
555,846
555,861
555,914
555,915
555,944
555,971
555,992
556,557
556,615
556,741
556,771
556,828
556,866
556,868
556,871
556,879
556,885
556,889
556,964
556,975
557,561
557,582
557,622
557,625
557,673
557,701
557,709
557,755
557,761
557,771
557,782
557,810
557,824
557,828
557,851
557,866
557,871
557,901
557,918
557,950
557,975
557,978
557,983
558,653
558,685
558,736
558,774
558,822
558,829
558,939
559,564
559,576
559,590
559,593
559,645
559,660
559,671
559,679
559,689
559,712
559,760
559,762
559,763
559,814
559,861
559,935
559,937
559,981
560,656
560,664
560,702
560,720
560,753
560,773
560,781
560,909
560,912
560,927
560,946
560,969
560,985
560,997
561,629
561,663
561,671
561,672
561,686
561,708
561,727
561,752
561,760
561,761
561,771
561,789
561,806
561,809
561,814
561,825
561,826
561,866
561,872
561,887
561,889
561,906
561,907
561,936
561,939
561,957
561,960
561,964
561,975
561,981
562,580
562,637
562,646
562,666
562,667
562,694
562,743
562,833
562,836
562,890
562,928
562,978
562,987
563,581
563,643
563,649
563,667
563,683
563,687
563,689
563,690
563,749
563,774
563,784
563,790
563,818
563,893
563,910
563,973
563,974
563,976
564,566
564,596
564,622
564,651
564,671
564,673
564,701
564,714
564,731
564,781
564,787
564,794
564,807
564,810
564,835
564,845
564,858
564,877
564,920
564,932
564,961
564,990
564,996
565,584
565,617
565,620
565,621
565,633
565,643
565,704
565,718
565,724
565,736
565,739
565,780
565,903
565,911
565,945
565,994
566,577
566,590
566,591
566,623
566,629
566,639
566,651
566,652
566,672
566,673
566,728
566,764
566,787
566,802
566,835
566,920
566,925
566,932
566,950
566,960
566,996
567,598
567,619
567,640
567,656
567,672
567,712
567,714
567,767
567,843
567,851
567,940
567,979
567,985
568,650
568,699
568,733
568,779
568,806
568,855
568,907
568,917
568,929
568,930
569,583
569,585
569,610
569,646
569,654
569,661
569,667
569,695
569,731
569,742
569,750
569,777
569,782
569,804
569,808
569,878
569,897
569,903
569,913
569,915
569,949
569,958
569,962
569,965
570,589
570,692
570,698
570,700
570,729
570,759
570,773
570,796
570,839
570,868
570,948
570,987
571,613
571,670
571,703
571,935
571,979
572,588
572,654
572,736
572,760
572,783
572,848
572,903
573,583
573,615
573,638
573,687
573,727
573,742
573,758
573,769
573,805
573,896
573,897
573,913
573,914
573,942
573,947
573,954
573,977
573,988
574,597
574,644
574,658
574,662
574,689
574,743
574,758
574,799
574,806
574,830
574,834
574,847
574,869
574,902
574,917
574,923
574,927
574,942
574,950
574,965
574,981
575,601
575,605
575,653
575,685
575,783
575,830
575,846
575,869
575,880
575,965
576,634
576,720
576,721
576,728
576,730
576,794
576,795
576,990
576,996
577,590
577,639
577,659
577,660
577,663
577,680
577,691
577,708
577,783
577,802
577,867
577,884
577,900
577,903
577,950
577,951
577,964
578,598
578,602
578,604
578,627
578,646
578,658
578,677
578,680
578,732
578,737
578,745
578,765
578,797
578,821
578,847
578,870
578,893
578,904
578,934
578,954
578,955
578,963
578,973
579,605
579,677
579,702
579,755
579,756
579,771
579,798
579,832
579,842
579,865
579,871
579,879
579,883
579,889
579,912
579,975
579,981
579,986
579,991
580,649
580,650
580,698
580,778
580,779
580,799
580,816
580,850
580,873
580,878
580,890
580,936
580,986
580,987
581,597
581,622
581,676
581,682
581,683
581,685
581,687
581,721
581,727
581,774
581,776
581,818
581,852
581,859
581,870
581,904
581,910
581,926
581,963
581,979
581,997
582,611
582,652
582,697
582,702
582,735
582,740
582,741
582,772
582,773
582,781
582,842
582,851
582,882
582,883
582,909
582,918
582,949
582,968
583,611
583,646
583,651
583,661
583,693
583,695
583,697
583,725
583,726
583,736
583,742
583,782
583,789
583,800
583,856
583,866
583,875
583,896
583,897
583,899
583,944
583,988
583,993
584,648
584,708
584,714
584,769
584,787
584,807
584,863
584,881
584,891
584,945
584,961
584,996
585,607
585,636
585,667
585,672
585,715
585,760
585,777
585,804
585,864
585,887
585,933
585,957
585,964
585,977
585,981
586,634
586,635
586,651
586,673
586,714
586,716
586,787
586,794
586,807
586,822
586,845
586,856
586,859
586,885
586,888
586,932
586,951
586,956
586,958
586,961
586,996
587,595
587,628
587,695
587,722
587,740
587,754
587,755
587,790
587,796
587,810
587,811
587,824
587,832
587,842
587,936
587,969
588,610
588,616
588,637
588,758
588,854
588,890
588,914
588,959
589,608
589,638
589,653
589,685
589,726
589,787
589,812
589,965
589,992
590,591
590,647
590,652
590,654
590,660
590,673
590,696
590,697
590,700
590,701
590,703
590,737
590,763
590,783
590,809
590,849
590,884
590,929
590,941
590,946
590,984
590,989
590,995
590,996
591,602
591,633
591,634
591,639
591,643
591,647
591,673
591,700
591,708
591,715
591,794
591,810
591,848
591,858
591,863
591,941
591,946
591,984
592,647
592,660
592,713
592,737
592,751
592,885
592,895
592,900
592,909
592,912
592,928
592,935
592,968
592,979
592,980
592,985
593,629
593,647
593,654
593,673
593,696
593,702
593,706
593,712
593,737
593,741
593,768
593,781
593,792
593,808
593,823
593,826
593,848
593,873
593,884
593,885
593,886
593,906
593,924
593,931
593,946
593,966
593,979
593,980
593,985
593,997
594,598
594,699
594,701
594,726
594,752
594,791
594,836
594,841
594,869
594,876
594,898
594,902
594,923
594,930
594,942
594,959
594,976
595,638
595,656
595,665
595,699
595,709
595,740
595,762
595,771
595,779
595,798
595,810
595,827
595,828
595,875
595,906
595,964
595,981
595,991
596,631
596,652
597,598
597,680
597,726
597,745
597,774
597,812
597,822
597,846
597,878
597,942
597,954
598,607
598,638
598,676
598,680
598,682
598,726
598,729
598,800
598,812
598,836
598,874
598,875
598,891
598,904
598,910
598,942
598,944
598,954
598,964
598,976
598,993
599,609
599,618
599,621
599,674
599,715
599,734
599,793
599,803
599,814
599,847
599,856
599,862
599,925
599,952
599,956
599,977
599,990
600,607
600,663
600,677
600,678
600,685
600,701
600,725
600,727
600,738
600,778
600,779
600,806
600,808
600,837
600,847
600,878
600,897
600,917
600,943
600,944
600,947
600,959
600,988
601,607
601,676
601,680
601,687
601,721
601,733
601,736
601,822
601,829
601,836
601,902
601,919
601,923
601,954
601,963
601,976
602,607
602,680
602,683
602,689
602,736
602,745
602,765
602,769
602,797
602,812
602,817
602,818
602,847
602,852
602,939
602,949
602,955
602,973
603,607
603,636
603,676
603,682
603,683
603,689
603,721
603,774
603,784
603,797
603,821
603,822
603,846
603,847
603,849
603,876
603,910
603,928
603,940
603,973
604,620
604,633
604,643
604,680
604,690
604,718
604,776
604,825
604,830
604,847
604,864
604,869
604,893
604,913
604,924
604,925
604,955
604,973
604,988
605,673
605,736
605,742
605,800
605,865
605,896
605,913
605,926
606,619
606,622
606,636
606,662
606,687
606,723
606,747
606,786
606,821
606,830
606,864
606,966
606,977
607,625
607,636
607,646
607,674
607,687
607,726
607,729
607,736
607,743
607,750
607,752
607,758
607,762
607,775
607,790
607,812
607,819
607,833
607,850
607,865
607,874
607,878
607,898
607,903
607,917
607,933
607,954
607,962
607,974
607,976
607,981
607,988
607,994
608,625
608,628
608,638
608,642
608,653
608,674
608,685
608,726
608,729
608,733
608,750
608,793
608,830
608,834
608,877
608,930
608,992
609,617
609,633
609,639
609,731
609,776
609,782
609,787
609,795
609,801
609,858
609,863
609,924
609,932
609,944
609,958
609,970
609,977
609,989
609,996
610,614
610,616
610,663
610,689
610,694
610,695
610,705
610,707
610,725
610,727
610,750
610,761
610,770
610,785
610,799
610,804
610,815
610,823
610,833
610,865
610,867
610,871
610,875
610,879
610,887
610,898
610,899
610,902
610,919
610,936
610,960
610,967
610,982
610,983
611,612
611,627
611,629
611,688
611,701
611,734
611,740
611,747
611,753
611,754
611,762
611,772
611,782
611,810
611,826
611,854
611,866
611,871
611,884
611,895
611,901
611,928
611,936
611,950
611,953
611,964
611,973
611,979
611,981
612,740
612,768
612,772
612,792
612,810
612,845
612,867
612,968
613,623
613,662
613,673
613,715
613,717
613,734
613,807
613,848
613,979
613,989
613,996
614,624
614,695
614,708
614,727
614,740
614,761
614,763
614,770
614,804
614,825
614,868
614,899
614,901
614,943
615,684
615,699
615,709
615,710
615,726
615,740
615,741
615,756
615,759
615,770
615,778
615,815
615,823
615,828
615,844
615,873
615,879
615,886
615,895
615,905
615,922
615,963
615,986
615,987
615,991
616,637
616,649
616,667
616,684
616,693
616,694
616,750
616,807
616,839
616,844
616,850
616,861
616,887
616,890
616,978
616,992
617,633
617,634
617,652
617,675
617,715
617,718
617,734
617,737
617,739
617,760
617,764
617,780
617,787
617,801
617,835
617,838
617,859
617,864
617,877
617,886
617,889
617,911
617,920
617,924
617,932
617,934
617,945
617,954
617,956
617,958
617,962
617,977
618,635
618,639
618,717
618,731
618,765
618,794
618,828
618,859
618,863
618,888
618,925
618,951
618,952
618,970
618,987
618,990
618,995
618,999
619,707
619,718
619,734
619,776
619,782
619,786
619,821
619,862
619,916
619,993
620,655
620,700
620,731
620,764
620,765
620,821
620,826
620,831
620,848
620,859
620,864
620,874
620,892
620,911
620,955
620,962
620,977
620,990
621,649
621,664
621,675
621,721
621,723
621,732
621,734
621,745
621,751
621,768
621,848
621,854
621,859
621,862
621,864
621,870
621,886
621,895
621,910
621,911
621,925
621,949
621,955
621,962
621,970
622,636
622,774
622,786
622,793
622,812
622,821
622,838
622,843
622,847
622,862
622,893
622,910
622,916
622,923
622,925
622,936
622,949
622,958
622,966
622,973
622,992
623,634
623,651
623,673
623,720
623,728
623,760
623,807
623,835
623,985
623,995
623,996
624,669
624,684
624,710
624,742
624,799
624,861
624,873
624,890
625,658
625,676
625,680
625,715
625,731
625,744
625,752
625,760
625,812
625,822
625,824
625,834
625,836
625,887
625,923
625,930
625,954
626,641
626,730
626,736
626,750
626,791
626,800
626,812
626,823
626,856
626,896
626,915
626,974
626,991
627,777
627,828
627,829
627,866
627,889
627,940
627,950
628,692
628,709
628,725
628,754
628,771
628,783
628,824
628,827
628,832
628,842
628,852
628,890
628,901
628,949
628,991
629,639
629,647
629,659
629,677
629,702
629,703
629,711
629,712
629,715
629,728
629,735
629,740
629,762
629,767
629,811
629,824
629,842
629,851
629,857
629,885
629,900
629,906
629,912
629,918
629,921
629,922
629,923
629,931
629,937
629,944
629,951
629,973
629,984
629,997
630,661
630,668
630,672
630,711
630,789
630,998
631,633
631,634
631,652
631,654
631,673
631,675
631,720
631,730
631,731
631,769
631,795
631,796
631,916
631,962
631,975
631,989
631,996
632,677
632,688
632,696
632,708
632,713
632,735
632,741
632,781
632,814
632,824
632,867
632,905
632,921
632,922
632,946
633,639
633,673
633,684
633,711
633,714
633,717
633,720
633,764
633,765
633,794
633,801
633,807
633,858
633,863
633,864
633,888
633,889
633,924
633,958
633,962
634,714
634,728
634,750
634,781
634,807
634,826
634,835
634,851
634,858
634,872
634,878
634,951
634,983
634,987
634,989
634,996
635,724
635,787
635,794
635,801
635,890
635,961
635,989
636,637
636,639
636,680
636,714
636,730
636,752
636,800
636,821
636,829
636,838
636,876
636,893
636,916
636,924
636,955
636,963
636,966
636,973
637,649
637,667
637,698
637,743
637,779
637,799
637,849
637,880
637,890
637,902
637,917
637,938
637,939
637,950
637,953
637,959
637,967
637,994
638,644
638,685
638,687
638,726
638,729
638,758
638,760
638,779
638,798
638,800
638,809
638,812
638,816
638,829
638,830
638,833
638,845
638,846
638,852
638,877
638,914
638,923
638,930
638,939
638,950
638,956
638,971
638,972
638,989
638,990
638,992
638,993
639,700
639,714
639,715
639,716
639,725
639,728
639,787
639,791
639,794
639,795
639,801
639,821
639,835
639,848
639,858
639,863
639,872
639,877
639,886
639,896
639,920
639,924
639,925
639,932
639,933
639,949
639,950
639,952
639,958
639,961
639,990
640,657
640,681
640,708
640,760
640,782
640,783
640,792
640,815
640,828
640,829
640,836
640,845
640,865
640,901
640,926
640,950
640,957
640,964
640,975
640,981
640,988
641,690
641,737
641,776
641,781
641,812
641,838
641,840
641,856
641,858
641,862
641,938
641,947
641,949
642,644
642,685
642,690
642,733
642,752
642,806
642,829
642,865
642,907
642,914
642,964
642,992
643,687
643,691
643,700
643,803
643,808
643,845
643,873
643,932
643,996
644,666
644,667
644,668
644,685
644,700
644,752
644,794
644,795
644,799
644,830
644,832
644,869
644,899
644,914
644,943
644,967
644,971
645,647
645,656
645,686
645,701
645,793
645,835
645,929
645,995
645,998
646,672
646,707
646,711
646,760
646,777
646,782
646,800
646,825
646,845
646,896
646,900
646,903
646,913
646,915
646,941
647,656
647,671
647,675
647,712
647,713
647,726
647,768
647,788
647,792
647,843
647,857
647,885
647,902
647,944
647,946
647,962
647,969
647,979
647,980
647,985
647,995
648,661
648,666
648,694
648,722
648,752
648,837
648,943
648,944
648,972
648,982
649,650
649,743
649,759
649,779
649,782
649,799
649,806
649,810
649,816
649,861
649,879
649,890
649,899
649,936
649,943
649,948
649,959
649,976
649,988
650,698
650,737
650,748
650,759
650,816
650,823
650,839
650,850
650,919
650,936
650,948
650,987
651,671
651,673
651,700
651,714
651,719
651,720
651,737
651,765
651,771
651,787
651,801
651,835
651,848
651,902
651,932
651,941
651,961
651,989
652,671
652,673
652,716
652,720
652,762
652,763
652,795
652,799
652,830
652,848
652,859
652,860
652,866
652,890
652,903
652,932
652,941
652,984
653,726
653,820
653,841
653,846
653,878
653,971
654,687
654,700
654,705
654,715
654,769
654,788
654,807
654,825
654,845
654,934
654,948
655,823
655,850
655,890
655,936
655,943
655,959
656,664
656,668
656,700
656,702
656,712
656,753
656,781
656,909
656,913
656,927
656,940
656,951
656,969
656,984
657,662
657,666
657,681
657,742
657,760
657,782
657,789
657,800
657,853
657,865
657,867
657,896
657,897
657,913
657,957
657,964
658,676
658,682
658,687
658,744
658,818
658,852
659,660
659,702
659,706
659,712
659,716
659,762
659,767
659,813
659,851
659,940
660,663
660,691
660,701
660,737
660,762
660,773
660,806
660,872
660,894
660,906
660,912
660,929
660,968
661,684
661,695
661,736
661,750
661,770
661,779
661,782
661,792
661,804
661,849
661,854
661,936
661,944
661,950
661,982
662,666
662,690
662,700
662,721
662,764
662,776
662,786
662,822
662,829
662,865
662,874
662,913
662,945
662,954
663,687
663,708
663,709
663,725
663,771
663,826
663,843
663,866
663,868
663,877
663,884
663,915
663,928
663,933
663,941
663,957
663,959
663,964
663,974
663,979
664,740
664,885
664,912
664,927
665,669
665,707
665,798
665,827
665,875
665,879
665,938
665,950
665,960
665,975
665,986
665,989
666,684
666,693
666,694
666,702
666,725
666,738
666,759
666,785
666,793
666,805
666,839
666,854
666,865
666,899
666,908
666,938
666,944
666,959
666,967
667,678
667,694
667,714
667,743
667,750
667,758
667,833
667,834
667,849
667,861
667,873
667,902
667,917
667,925
667,932
667,960
667,981
668,670
668,697
668,719
668,905
668,906
668,909
668,937
668,969
669,695
669,755
669,762
669,771
669,824
669,828
669,861
669,865
669,873
669,889
669,901
669,921
669,959
669,969
669,983
669,996
670,679
670,737
670,763
670,780
670,801
670,807
670,906
670,929
670,995
671,701
671,731
671,751
671,755
671,763
671,767
671,813
671,819
671,835
671,845
671,848
671,860
671,903
671,921
671,935
671,941
671,945
671,964
671,972
671,984
671,995
672,679
672,696
672,708
672,724
672,789
672,820
672,928
672,933
672,998
673,704
673,708
673,714
673,720
673,750
673,787
673,860
673,871
673,886
673,893
673,913
673,920
673,964
674,686
674,726
674,729
674,800
674,806
674,817
674,846
674,853
674,873
674,902
674,942
674,954
674,966
674,993
675,716
675,724
675,731
675,765
675,794
675,859
675,877
675,881
675,911
675,920
675,925
675,926
675,990
676,774
676,808
676,822
676,923
676,942
676,976
677,688
677,702
677,735
677,781
677,783
677,826
677,828
677,867
677,921
677,928
677,979
677,985
678,693
678,738
678,750
678,804
678,816
678,836
678,899
678,917
678,931
679,697
679,746
679,767
679,814
679,851
679,885
680,687
680,726
680,745
680,817
680,825
680,836
680,847
680,855
680,870
680,876
680,893
680,910
680,964
681,690
681,725
681,727
681,746
681,752
681,757
681,769
681,834
681,859
681,865
681,866
681,896
681,897
681,899
681,901
681,926
681,933
681,948
681,950
681,978
681,981
682,683
682,687
682,689
682,744
682,817
682,818
682,829
682,852
682,855
682,861
682,904
682,907
682,939
682,966
683,689
683,727
683,749
683,774
683,801
683,818
683,834
683,852
683,893
683,904
683,967
684,698
684,727
684,839
684,854
684,861
684,873
684,889
684,914
684,920
684,933
684,936
684,959
684,987
685,726
685,733
685,775
685,830
685,836
685,838
685,893
685,930
685,935
685,938
685,947
685,971
685,992
685,996
686,687
686,708
686,736
686,737
686,760
686,769
686,770
686,786
686,790
686,800
686,803
686,825
686,840
686,843
686,845
686,871
686,883
686,896
686,903
686,920
686,954
686,974
686,981
686,988
687,744
687,749
687,784
687,787
687,806
687,855
687,875
687,900
687,904
687,923
687,963
687,972
687,992
687,999
688,697
688,735
688,741
688,754
688,762
688,826
688,851
688,853
688,866
688,867
688,885
688,900
688,912
688,921
688,931
688,948
689,699
689,714
689,736
689,745
689,747
689,749
689,771
689,784
689,807
689,817
689,818
689,829
689,852
689,864
689,870
689,876
689,893
689,904
689,910
689,923
689,926
689,976
690,714
690,715
690,732
690,736
690,776
690,809
690,838
690,840
690,930
690,938
690,973
690,976
691,839
691,901
691,903
692,710
692,759
692,816
692,823
692,839
692,873
692,948
692,959
692,986
692,987
693,694
693,710
693,725
693,732
693,738
693,760
693,837
693,854
693,943
693,966
694,738
694,779
694,800
694,804
694,808
694,861
694,873
694,878
694,902
694,913
694,914
694,915
694,975
695,725
695,757
695,760
695,770
695,782
695,820
695,843
695,845
695,846
695,866
695,868
695,871
695,889
695,897
695,898
695,908
695,919
695,944
695,957
695,960
695,964
695,975
695,978
695,994
696,708
696,709
696,715
696,817
696,825
696,941
697,782
697,793
697,814
697,840
697,851
697,890
697,935
698,725
698,750
698,759
698,770
698,778
698,804
698,810
698,827
698,828
698,839
698,850
698,873
698,890
698,902
698,914
698,918
698,939
698,959
698,986
698,987
699,828
699,835
699,836
699,907
699,913
699,930
699,939
699,958
699,997
700,715
700,718
700,723
700,728
700,731
700,736
700,764
700,765
700,781
700,818
700,822
700,825
700,835
700,845
700,863
700,908
700,911
700,916
700,924
700,949
700,958
700,972
701,703
701,737
701,781
701,884
701,929
701,940
701,946
701,979
701,984
701,995
702,705
702,746
702,754
702,755
702,773
702,798
702,828
702,831
702,842
702,865
702,882
702,883
702,900
702,912
702,918
702,922
702,927
702,937
702,962
702,991
703,712
703,719
703,728
703,788
703,792
703,814
703,826
703,842
703,851
703,884
703,895
703,912
703,920
703,924
703,929
703,946
703,964
703,979
703,995
704,716
704,877
704,909
704,951
705,746
705,867
705,874
705,900
705,912
705,922
705,937
705,953
705,968
705,987
706,753
706,909
706,940
706,950
706,997
707,722
707,763
707,766
707,796
707,887
707,950
707,975
707,980
708,804
708,808
708,812
708,826
708,868
708,903
708,912
708,918
708,922
708,932
708,947
708,963
708,986
708,989
709,735
709,755
709,798
709,810
709,827
709,842
709,855
709,879
709,918
709,936
709,948
709,960
709,975
709,991
710,725
710,775
710,778
710,816
710,823
710,856
710,890
710,936
710,983
710,987
711,746
711,748
711,830
711,885
711,899
711,975
711,979
712,713
712,747
712,754
712,762
712,768
712,773
712,781
712,783
712,792
712,819
712,842
712,843
712,857
712,885
712,900
712,909
712,912
712,921
712,937
712,940
712,946
712,948
712,977
712,980
712,985
712,997
713,737
713,746
713,760
713,762
713,767
713,850
713,885
713,900
713,906
713,931
713,979
713,984
714,720
714,724
714,794
714,795
714,809
714,864
714,877
714,924
714,932
714,961
714,990
714,996
715,777
715,787
715,793
715,808
715,845
715,848
715,871
715,872
715,877
715,921
715,932
715,941
715,951
715,958
715,961
715,963
715,987
716,717
716,723
716,724
716,725
716,730
716,731
716,765
716,795
716,844
716,877
716,951
717,764
717,765
717,825
717,863
717,864
717,877
717,891
717,918
717,920
717,925
717,951
717,956
717,962
717,996
718,726
718,734
718,736
718,862
718,864
718,866
718,892
718,916
718,955
718,990
719,753
719,782
719,821
719,851
719,883
719,885
719,894
719,900
719,905
719,906
719,909
719,912
719,937
719,940
719,969
720,794
720,798
720,825
720,835
720,886
721,769
721,779
721,817
721,822
721,838
721,847
721,911
721,916
721,954
721,955
721,961
721,962
721,963
722,771
722,775
722,796
722,815
722,884
722,889
722,906
722,950
722,967
722,978
723,821
723,862
723,925
723,970
724,730
724,731
724,795
724,835
724,877
724,891
724,966
725,727
725,760
725,766
725,800
725,804
725,806
725,826
725,828
725,849
725,852
725,855
725,865
725,868
725,872
725,879
725,917
725,919
725,936
725,942
725,956
725,975
725,978
725,982
726,729
726,747
726,818
726,833
726,834
726,836
726,859
726,869
726,873
726,878
726,917
726,923
726,939
726,950
726,960
727,748
727,749
727,750
727,752
727,760
727,766
727,770
727,771
727,773
727,790
727,798
727,804
727,805
727,806
727,810
727,823
727,834
727,879
727,883
727,889
727,898
727,899
727,905
727,906
727,918
727,925
727,958
727,983
727,993
728,787
728,792
728,799
728,817
728,835
728,848
728,872
728,932
728,941
728,952
728,989
729,800
729,878
729,914
729,923
729,930
729,942
729,964
730,731
730,840
730,844
730,877
730,956
730,977
731,765
731,794
731,844
731,847
731,858
731,877
731,885
731,886
731,891
731,906
731,929
731,977
731,990
732,776
732,801
732,817
732,847
732,916
732,962
732,990
733,753
733,829
733,952
733,992
734,747
734,776
734,793
734,803
734,862
734,886
734,909
734,911
734,952
734,962
734,974
735,740
735,741
735,746
735,762
735,772
735,798
735,827
735,842
735,851
735,895
735,900
735,921
735,922
735,933
735,934
735,940
735,953
735,968
736,752
736,769
736,800
736,803
736,847
736,853
736,855
736,874
736,893
736,896
736,897
736,915
736,945
736,954
736,967
736,974
736,980
736,995
737,770
737,771
737,783
737,788
737,903
737,931
737,941
737,984
737,998
738,785
738,808
738,832
738,899
738,902
738,913
738,938
738,966
739,760
739,776
739,807
739,826
739,889
739,903
739,924
739,988
740,741
740,743
740,746
740,761
740,767
740,772
740,773
740,777
740,784
740,798
740,824
740,827
740,843
740,851
740,867
740,885
740,895
740,912
740,928
740,931
740,940
740,950
740,991
740,997
741,763
741,773
741,777
741,798
741,824
741,826
741,828
741,836
741,866
741,871
741,882
741,889
741,905
741,912
741,918
741,922
741,928
742,752
742,782
742,800
742,802
742,817
742,824
742,835
742,841
742,845
742,865
742,873
742,874
742,896
742,908
742,913
742,952
743,747
743,750
743,758
743,804
743,806
743,808
743,833
743,834
743,849
743,883
743,897
743,902
743,917
743,938
743,959
743,967
743,986
744,852
744,992
745,749
745,758
745,760
745,809
745,812
745,847
745,892
745,893
745,949
745,966
745,970
745,986
746,773
746,813
746,857
746,867
746,885
746,889
746,912
746,940
747,765
747,781
747,793
747,821
747,847
747,877
747,891
747,893
747,955
747,956
747,966
747,971
747,973
747,990
748,750
748,790
748,796
748,828
748,871
748,898
748,911
748,944
748,983
748,986
749,784
749,798
749,826
749,845
749,852
749,871
749,876
749,910
749,963
749,976
750,758
750,770
750,773
750,785
750,804
750,805
750,839
750,868
750,885
750,898
750,899
750,914
750,918
750,936
750,943
750,975
750,982
750,986
751,781
751,792
751,811
751,814
751,851
751,929
751,950
751,979
751,985
751,997
752,785
752,791
752,809
752,846
752,853
752,897
752,902
752,903
752,913
752,915
752,965
753,885
753,891
753,909
753,931
753,947
754,756
754,777
754,824
754,866
754,867
754,883
754,922
754,968
755,771
755,781
755,798
755,810
755,827
755,889
755,898
755,918
755,936
755,950
755,974
755,975
755,985
755,991
756,810
756,861
756,879
756,889
756,925
756,978
756,986
757,782
757,831
757,865
757,926
758,799
758,806
758,834
758,880
758,917
758,965
758,994
759,790
759,816
759,823
759,829
759,839
759,846
759,850
759,873
759,948
759,983
759,987
760,771
760,777
760,782
760,790
760,800
760,803
760,848
760,878
760,885
760,918
760,981
761,777
761,828
761,871
761,896
761,901
761,922
761,936
761,950
762,767
762,769
762,772
762,781
762,814
762,843
762,845
762,851
762,857
762,878
762,884
762,885
762,901
762,909
762,918
762,921
762,922
762,931
762,934
762,946
762,950
762,953
762,956
762,959
762,968
762,979
763,884
763,893
763,954
763,984
764,776
764,780
764,801
764,844
764,865
764,896
764,924
764,956
764,958
765,781
765,795
765,798
765,801
765,844
765,852
765,859
765,886
765,887
765,958
766,769
766,770
766,771
766,798
766,820
766,824
766,828
766,834
766,868
766,873
766,884
766,887
766,889
766,919
766,950
766,960
766,975
766,983
766,986
767,788
767,819
767,826
767,843
767,851
767,866
767,885
767,931
767,969
767,979
767,985
768,788
768,792
768,868
768,885
768,929
768,946
768,980
768,985
769,770
769,809
769,824
769,825
769,826
769,845
769,856
769,907
769,916
769,924
769,951
769,974
769,977
769,981
769,982
770,792
770,804
770,808
770,830
770,833
770,854
770,879
770,899
770,907
770,917
770,936
770,944
770,948
770,959
770,978
770,981
770,983
771,782
771,798
771,827
771,832
771,851
771,866
771,879
771,889
771,901
771,914
771,944
771,948
771,950
771,960
771,964
771,996
772,918
773,779
773,798
773,814
773,828
773,839
773,842
773,883
773,897
773,901
773,906
773,912
773,918
773,919
773,922
773,928
774,818
774,841
774,870
774,893
774,930
774,963
775,796
775,815
775,832
775,894
775,936
776,780
776,803
776,822
776,838
776,840
776,916
776,965
777,813
777,866
777,883
777,911
777,921
777,953
777,957
777,964
777,980
777,996
778,785
778,873
779,798
779,799
779,828
779,849
779,855
779,897
779,917
779,943
779,950
779,954
779,967
779,986
779,994
780,821
780,844
780,864
780,956
780,958
780,970
780,977
781,792
781,811
781,814
781,824
781,835
781,843
781,885
781,905
781,909
781,925
781,940
781,977
781,980
781,985
781,997
782,837
782,849
782,865
782,875
782,897
782,899
782,944
782,950
782,964
783,798
783,831
783,836
783,903
783,905
783,938
783,964
783,972
784,864
784,865
785,794
785,804
785,875
785,936
786,893
787,835
787,838
787,848
787,932
787,935
787,958
788,792
788,807
788,843
788,851
788,885
788,928
788,935
788,946
788,980
788,985
789,825
789,871
789,934
790,861
790,871
790,873
790,919
790,936
790,957
790,960
790,965
791,798
791,800
791,803
791,822
791,840
791,895
791,913
791,925
791,928
791,974
792,843
792,885
792,903
792,918
792,921
792,927
792,929
792,946
792,979
792,985
792,995
792,997
793,813
793,925
793,958
793,966
794,795
794,801
794,802
794,822
794,826
794,859
794,869
794,886
794,891
794,911
794,920
794,925
794,932
794,936
794,951
794,958
794,962
794,964
794,967
794,977
794,996
795,801
795,844
795,864
795,886
795,888
795,891
795,920
795,951
795,977
795,984
795,990
796,815
796,819
796,875
796,879
796,894
796,903
796,960
796,965
796,983
797,817
797,833
797,853
797,870
797,876
797,881
797,893
797,910
797,917
797,963
797,973
797,976
797,992
798,810
798,812
798,823
798,824
798,837
798,842
798,912
798,913
798,948
798,958
798,969
798,975
798,982
798,983
798,986
798,991
799,806
799,816
799,849
799,854
799,860
799,868
799,891
799,917
799,938
800,831
800,865
800,896
800,913
800,915
800,944
801,845
801,846
801,859
801,863
801,881
801,888
801,891
801,903
801,920
801,924
801,958
801,989
802,805
802,824
802,826
802,845
802,872
802,941
802,977
803,923
803,962
804,832
804,850
804,868
804,873
804,875
804,897
804,919
804,936
804,943
804,981
804,996
805,837
805,854
805,914
805,977
805,982
805,983
806,808
806,834
806,869
806,880
806,914
806,915
806,930
806,947
806,993
807,810
807,845
807,885
807,984
807,996
808,833
808,850
808,866
808,884
808,899
808,902
808,918
808,919
808,921
808,934
808,947
808,967
808,978
808,982
809,838
809,840
809,847
809,856
809,873
809,893
809,916
809,923
809,924
809,945
809,949
809,958
809,990
810,824
810,827
810,837
810,842
810,944
810,950
810,960
811,821
811,889
811,906
811,909
811,912
811,925
811,929
811,985
811,997
812,847
812,853
812,874
812,878
812,925
812,942
812,947
812,954
812,978
813,814
813,931
813,936
813,957
814,843
814,871
814,905
814,909
814,931
814,985
815,839
815,871
815,875
815,897
815,936
815,956
815,983
816,839
816,850
816,861
816,890
816,907
816,936
816,948
816,986
816,987
817,818
817,864
817,870
817,876
817,893
817,904
817,930
817,963
818,836
818,855
818,872
818,893
818,904
818,910
818,930
818,946
818,963
818,973
818,977
818,993
818,995
818,999
819,857
819,884
819,929
819,985
819,995
820,823
820,828
820,839
820,865
820,871
820,887
820,889
820,897
820,898
820,919
820,931
820,975
821,846
821,907
821,915
821,962
821,963
821,966
822,825
822,874
822,929
822,942
822,947
822,954
823,839
823,846
823,875
823,890
823,948
823,983
823,987
823,998
824,842
824,866
824,879
824,921
825,845
825,872
825,891
825,893
825,924
825,958
825,959
825,962
826,827
826,833
826,871
826,897
826,918
826,921
826,953
826,954
827,900
827,960
827,986
827,990
828,835
828,859
828,868
828,871
828,893
828,940
828,943
828,950
828,960
828,975
828,983
828,985
828,997
829,836
829,850
829,878
829,904
829,907
829,913
829,930
829,939
829,942
829,976
829,983
829,992
829,999
830,841
830,846
830,869
830,898
830,907
830,939
830,946
830,971
830,992
831,847
831,854
831,864
831,910
831,913
831,915
831,947
831,954
831,965
831,974
831,982
831,988
832,871
832,896
832,928
832,960
832,986
832,991
833,854
833,865
833,902
833,917
833,944
833,967
833,994
834,841
834,874
834,878
834,880
834,902
835,859
835,863
835,918
835,934
835,953
835,954
835,958
835,962
835,984
835,989
835,996
836,855
836,876
836,890
836,907
836,917
836,920
836,923
836,930
836,939
836,976
837,896
837,943
837,945
837,947
838,845
838,856
838,859
838,915
838,916
838,930
838,949
839,845
839,850
839,873
839,887
839,948
839,987
840,845
840,862
840,874
840,929
840,930
840,955
840,970
840,996
841,846
841,869
841,947
841,964
841,965
842,855
842,858
842,867
842,912
842,918
842,921
842,922
842,950
842,961
842,975
842,984
842,985
842,986
843,863
843,885
843,895
843,900
843,980
844,847
844,855
844,888
844,891
844,920
844,932
845,857
845,885
845,896
845,950
846,853
846,866
846,874
846,875
846,878
846,907
846,942
846,965
847,852
847,856
847,859
847,910
847,916
847,949
847,962
848,858
848,859
848,924
848,929
848,949
849,890
849,917
849,938
849,942
849,944
849,959
849,967
850,852
850,873
850,938
850,948
850,963
850,987
851,885
851,895
851,900
851,905
851,906
851,912
851,927
851,931
851,933
851,940
851,969
852,855
852,864
852,904
852,976
853,865
853,878
853,902
853,910
853,913
853,928
853,947
853,988
854,861
854,880
854,901
854,943
855,904
855,923
855,939
855,949
855,971
856,911
856,949
856,963
856,972
857,900
857,906
857,909
857,912
857,922
857,927
857,931
857,985
858,859
858,862
858,863
858,924
858,941
858,955
858,958
858,961
859,864
859,892
859,907
859,938
859,956
859,962
859,993
860,929
860,941
860,954
860,975
860,989
861,873
861,880
861,890
861,932
861,936
861,948
861,959
861,965
861,967
861,971
861,978
861,999
862,920
862,949
863,877
863,924
863,932
863,958
863,969
863,989
864,892
864,924
864,932
864,949
864,955
864,956
864,958
864,962
864,966
864,974
864,977
864,981
864,990
864,996
865,871
865,874
865,902
865,926
865,928
865,931
865,943
865,950
865,957
865,974
865,981
865,989
866,868
866,875
866,889
866,895
866,898
866,899
866,900
866,901
866,927
866,950
867,922
867,927
867,937
868,875
868,887
868,905
868,915
868,916
868,919
868,926
868,975
868,978
868,983
869,899
869,914
869,936
869,967
869,971
869,988
869,992
869,999
870,876
870,893
870,906
870,910
870,944
870,963
871,872
871,882
871,887
871,889
871,901
871,936
871,960
871,975
871,978
871,986
871,994
871,998
872,902
872,913
873,875
873,890
873,899
873,902
873,914
873,936
873,944
873,956
873,960
873,983
873,986
873,987
873,991
873,992
874,878
874,884
874,896
874,942
874,954
874,976
875,879
875,889
875,917
875,936
875,963
875,984
876,878
876,893
876,910
876,916
876,923
876,972
876,976
876,991
876,992
877,878
877,883
877,884
877,891
877,897
877,920
877,924
877,951
877,970
877,995
878,917
878,942
878,945
878,956
878,965
878,971
878,992
878,993
879,890
879,921
879,923
879,936
879,960
879,970
879,983
879,987
880,967
881,920
881,952
882,887
882,922
883,889
883,894
883,918
884,891
884,903
884,979
884,989
884,995
885,906
885,909
885,921
885,924
885,927
885,931
885,950
885,968
885,973
885,979
885,980
885,985
885,988
885,997
886,888
886,920
886,951
886,952
886,955
886,956
886,987
887,889
887,895
887,907
887,920
887,975
888,891
888,920
888,952
888,958
888,961
889,908
889,918
889,960
889,975
889,981
890,936
890,960
890,971
890,975
890,989
890,994
891,951
891,953
891,956
891,961
891,990
892,893
892,956
892,962
892,964
892,977
892,990
893,910
893,923
893,963
893,973
893,976
894,905
894,906
894,909
894,912
894,933
894,937
895,903
895,921
895,941
896,897
896,944
896,945
896,955
896,974
897,950
897,957
897,982
898,907
898,909
898,960
898,983
899,926
899,938
899,943
899,985
900,901
900,905
900,940
900,968
900,984
900,997
900,999
901,940
901,942
901,950
901,960
901,975
902,904
902,917
902,938
902,947
902,948
902,967
902,983
902,986
902,994
903,918
903,931
903,950
903,953
903,991
904,911
904,959
904,973
904,976
905,906
905,909
905,912
905,969
905,997
906,912
906,935
906,937
906,962
906,969
906,983
906,991
906,997
907,914
907,930
907,936
907,965
907,992
908,912
908,926
908,943
908,950
909,912
909,930
909,937
909,940
909,969
909,980
909,985
909,991
909,995
909,997
910,939
910,974
911,949
911,973
912,918
912,921
912,922
912,933
912,937
912,940
912,950
912,964
912,967
912,968
912,980
912,985
912,997
913,917
913,958
913,978
913,988
913,990
914,915
914,917
914,938
914,947
914,959
914,965
914,967
914,992
914,994
915,974
915,982
916,970
917,967
917,992
917,994
918,920
918,922
918,985
919,960
919,991
920,924
920,951
920,958
920,977
921,931
922,928
922,947
922,968
923,938
923,966
924,931
924,956
924,958
924,961
924,962
924,977
925,952
925,966
925,973
925,977
925,990
926,936
926,944
926,964
926,978
926,981
927,929
927,940
927,969
927,975
927,985
928,935
928,950
928,953
928,970
929,931
929,946
929,972
929,995
930,939
930,976
930,992
931,940
931,946
931,968
931,979
932,958
932,961
932,962
932,977
933,950
933,957
933,964
933,987
934,984
934,998
935,980
936,975
936,983
936,987
936,994
938,959
938,967
938,992
938,994
939,945
939,976
939,983
940,972
940,985
940,997
941,949
941,970
941,996
942,954
942,993
943,944
943,957
943,972
943,982
943,988
943,994
944,982
945,963
945,972
946,980
946,984
949,972
950,975
950,983
950,986
950,987
950,991
951,952
951,962
951,989
951,994
952,956
952,958
952,990
954,988
956,962
956,977
956,990
956,996
956,997
957,981
958,960
959,992
960,983
961,982
961,996
962,970
962,977
962,990
963,966
963,976
963,984
964,981
964,983
964,999
965,971
966,973
967,994
969,980
970,975
970,977
970,990
971,990
971,992
971,993
975,983
975,987
975,991
977,990
979,995
979,997
979,998
980,997
981,998
982,988
984,995
985,992
985,997
986,987
989,996
995,996
