source,target
0,15
0,31
0,36
0,64
0,66
0,102
0,107
0,108
0,124
0,135
0,149
0,178
0,180
0,182
0,189
0,213
0,222
0,250
0,254
0,261
0,287
0,314
0,321
0,323
0,330
0,349
0,353
0,355
0,372
0,377
0,378
0,379
0,414
0,437
0,443
0,459
0,471
0,497
0,508
0,526
0,535
0,540
0,577
0,586
0,638
0,676
0,682
0,701
0,715
0,724
0,729
0,773
0,778
0,812
0,841
0,850
0,856
0,867
0,884
0,891
0,897
0,931
0,937
0,941
0,955
0,965
0,967
0,969
0,987
0,998
1,13
1,18
1,53
1,61
1,62
1,70
1,78
1,80
1,88
1,96
1,100
1,104
1,168
1,170
1,208
1,211
1,227
1,259
1,268
1,311
1,324
1,327
1,387
1,434
1,440
1,452
1,485
1,512
1,514
1,521
1,540
1,582
1,631
1,655
1,667
1,717
1,719
1,729
1,757
1,780
1,814
1,816
1,818
1,827
1,878
1,895
1,900
1,902
1,925
1,944
1,962
1,968
2,7
2,9
2,13
2,22
2,23
2,35
2,55
2,72
2,83
2,84
2,113
2,117
2,132
2,137
2,154
2,161
2,185
2,200
2,210
2,250
2,251
2,264
2,268
2,269
2,317
2,333
2,336
2,346
2,352
2,373
2,381
2,403
2,407
2,421
2,434
2,460
2,465
2,484
2,490
2,508
2,511
2,513
2,525
2,531
2,571
2,649
2,650
2,688
2,701
2,711
2,718
2,723
2,729
2,743
2,746
2,775
2,776
2,785
2,786
2,788
2,806
2,829
2,844
2,908
2,917
2,921
2,925
2,928
2,940
2,961
2,996
2,997
3,5
3,9
3,36
3,40
3,43
3,64
3,74
3,79
3,96
3,99
3,102
3,104
3,127
3,149
3,183
3,189
3,194
3,210
3,223
3,250
3,269
3,277
3,287
3,288
3,315
3,333
3,335
3,344
3,359
3,397
3,419
3,455
3,474
3,492
3,504
3,528
3,538
3,540
3,559
3,560
3,561
3,564
3,586
3,592
3,595
3,617
3,667
3,670
3,682
3,693
3,697
3,700
3,725
3,730
3,778
3,794
3,814
3,828
3,829
3,833
3,856
3,867
3,887
3,890
3,907
3,916
3,931
3,952
3,954
3,976
3,979
3,983
3,997
4,5
4,8
4,35
4,97
4,114
4,151
4,195
4,226
4,241
4,250
4,287
4,293
4,313
4,325
4,328
4,329
4,398
4,453
4,497
4,526
4,532
4,537
4,594
4,600
4,618
4,660
4,663
4,692
4,700
4,742
4,760
4,763
4,797
4,840
4,881
4,978
5,27
5,34
5,36
5,49
5,67
5,79
5,85
5,102
5,108
5,117
5,129
5,131
5,135
5,140
5,146
5,148
5,150
5,155
5,157
5,170
5,177
5,179
5,197
5,204
5,237
5,264
5,268
5,274
5,280
5,288
5,304
5,311
5,318
5,324
5,332
5,337
5,339
5,351
5,353
5,368
5,373
5,392
5,397
5,411
5,421
5,429
5,431
5,438
5,451
5,476
5,493
5,499
5,506
5,509
5,519
5,520
5,546
5,558
5,564
5,574
5,577
5,585
5,592
5,600
5,611
5,616
5,617
5,623
5,626
5,650
5,674
5,680
5,682
5,688
5,693
5,697
5,702
5,708
5,711
5,714
5,721
5,729
5,738
5,757
5,758
5,767
5,772
5,809
5,827
5,848
5,872
5,888
5,904
5,908
5,937
5,951
5,960
5,961
5,963
5,967
5,977
5,985
5,993
6,63
6,123
6,128
6,153
6,160
6,172
6,176
6,209
6,260
6,274
6,312
6,313
6,315
6,328
6,336
6,339
6,350
6,356
6,403
6,491
6,493
6,534
6,581
6,605
6,613
6,642
6,663
6,671
6,697
6,707
6,736
6,768
6,802
6,826
6,859
6,865
6,919
6,927
6,952
7,9
7,13
7,46
7,64
7,65
7,69
7,92
7,99
7,180
7,186
7,197
7,203
7,207
7,220
7,250
7,269
7,333
7,364
7,371
7,381
7,391
7,477
7,495
7,519
7,539
7,546
7,561
7,600
7,622
7,628
7,639
7,644
7,646
7,672
7,722
7,750
7,765
7,786
7,814
7,817
7,846
7,883
7,884
7,887
7,898
7,907
7,942
7,992
7,995
8,37
8,102
8,110
8,111
8,148
8,286
8,342
8,345
8,352
8,354
8,384
8,388
8,543
8,544
8,545
8,594
8,608
8,636
8,683
8,780
8,785
8,799
8,817
8,818
8,882
8,903
8,938
8,953
8,954
8,958
8,959
8,990
9,39
9,40
9,55
9,84
9,87
9,126
9,129
9,134
9,149
9,187
9,190
9,193
9,226
9,231
9,235
9,260
9,263
9,296
9,312
9,314
9,321
9,322
9,328
9,329
9,334
9,336
9,340
9,351
9,355
9,373
9,378
9,383
9,411
9,415
9,417
9,418
9,427
9,445
9,452
9,455
9,456
9,459
9,474
9,506
9,521
9,525
9,528
9,552
9,553
9,561
9,571
9,575
9,599
9,610
9,613
9,624
9,628
9,635
9,640
9,642
9,646
9,653
9,663
9,674
9,675
9,676
9,681
9,691
9,693
9,705
9,709
9,710
9,711
9,714
9,715
9,725
9,748
9,751
9,765
9,785
9,794
9,816
9,821
9,837
9,915
9,931
9,941
9,950
9,964
9,967
9,992
10,17
10,20
10,37
10,48
10,86
10,185
10,197
10,198
10,207
10,213
10,352
10,395
10,402
10,406
10,411
10,425
10,431
10,442
10,444
10,454
10,545
10,548
10,558
10,624
10,666
10,799
10,801
10,878
10,932
10,956
11,19
11,67
11,93
11,107
11,120
11,135
11,142
11,155
11,158
11,163
11,196
11,204
11,211
11,215
11,245
11,263
11,265
11,300
11,317
11,332
11,346
11,350
11,390
11,409
11,410
11,457
11,488
11,521
11,605
11,611
11,634
11,657
11,659
11,688
11,709
11,748
11,781
11,784
11,804
11,845
11,858
11,863
11,872
11,894
11,926
11,973
11,980
11,989
11,998
11,999
12,18
12,68
12,70
12,80
12,96
12,162
12,191
12,233
12,248
12,256
12,265
12,314
12,315
12,339
12,356
12,359
12,360
12,404
12,443
12,445
12,456
12,459
12,470
12,518
12,528
12,531
12,532
12,544
12,565
12,574
12,580
12,590
12,593
12,603
12,644
12,669
12,686
12,693
12,701
12,703
12,720
12,721
12,731
12,782
12,857
12,916
12,920
12,970
13,37
13,46
13,76
13,80
13,113
13,118
13,125
13,131
13,137
13,139
13,141
13,145
13,173
13,182
13,252
13,293
13,308
13,311
13,312
13,372
13,373
13,385
13,391
13,397
13,403
13,416
13,432
13,437
13,439
13,501
13,543
13,623
13,626
13,631
13,640
13,687
13,694
13,696
13,700
13,704
13,711
13,729
13,746
13,754
13,813
13,838
13,859
13,872
13,886
13,902
13,926
13,931
13,937
13,939
13,968
13,986
14,66
14,88
14,122
14,158
14,166
14,183
14,194
14,197
14,216
14,255
14,256
14,314
14,315
14,332
14,348
14,350
14,376
14,392
14,394
14,408
14,416
14,423
14,428
14,451
14,463
14,478
14,480
14,484
14,494
14,506
14,509
14,531
14,532
14,562
14,566
14,582
14,611
14,655
14,659
14,665
14,671
14,687
14,700
14,703
14,750
14,764
14,793
14,796
14,798
14,851
14,872
14,873
14,916
14,927
14,951
14,953
14,967
14,977
14,979
14,986
14,989
14,998
15,46
15,84
15,107
15,122
15,141
15,186
15,231
15,236
15,238
15,243
15,251
15,262
15,286
15,293
15,296
15,302
15,309
15,335
15,383
15,394
15,459
15,513
15,518
15,529
15,548
15,561
15,569
15,606
15,621
15,657
15,692
15,696
15,705
15,722
15,761
15,775
15,842
15,876
15,938
15,944
15,961
15,979
16,20
16,43
16,64
16,72
16,96
16,120
16,128
16,131
16,147
16,150
16,190
16,303
16,307
16,314
16,331
16,370
16,382
16,383
16,402
16,415
16,432
16,472
16,520
16,532
16,553
16,600
16,645
16,662
16,715
16,727
16,734
16,837
16,838
16,842
16,844
16,861
16,866
16,879
16,890
16,948
16,978
16,994
17,133
17,138
17,172
17,186
17,236
17,276
17,289
17,299
17,311
17,320
17,359
17,413
17,428
17,457
17,499
17,504
17,514
17,527
17,530
17,623
17,726
17,731
17,752
17,810
17,826
17,904
17,929
17,981
17,999
18,49
18,53
18,61
18,68
18,82
18,89
18,95
18,101
18,106
18,108
18,125
18,143
18,175
18,199
18,219
18,225
18,229
18,246
18,248
18,263
18,282
18,284
18,293
18,314
18,326
18,330
18,338
18,354
18,388
18,420
18,427
18,433
18,434
18,447
18,450
18,459
18,464
18,480
18,481
18,493
18,525
18,531
18,543
18,550
18,553
18,559
18,578
18,580
18,583
18,607
18,611
18,619
18,623
18,637
18,666
18,690
18,700
18,702
18,727
18,736
18,741
18,761
18,774
18,781
18,782
18,784
18,792
18,798
18,800
18,803
18,808
18,823
18,831
18,839
18,852
18,863
18,878
18,895
18,906
18,910
18,913
18,918
18,924
18,935
18,954
18,958
19,32
19,33
19,70
19,81
19,104
19,118
19,130
19,140
19,158
19,202
19,205
19,227
19,246
19,338
19,355
19,409
19,411
19,414
19,417
19,431
19,442
19,460
19,467
19,480
19,481
19,506
19,537
19,543
19,546
19,567
19,589
19,590
19,602
19,619
19,648
19,652
19,659
19,685
19,715
19,774
19,825
19,849
19,895
19,949
19,976
19,982
20,24
20,36
20,37
20,49
20,74
20,101
20,102
20,106
20,126
20,127
20,130
20,154
20,170
20,196
20,204
20,251
20,259
20,260
20,267
20,270
20,282
20,302
20,323
20,337
20,362
20,368
20,371
20,382
20,394
20,397
20,413
20,421
20,423
20,431
20,437
20,459
20,509
20,516
20,535
20,540
20,541
20,543
20,561
20,577
20,598
20,601
20,608
20,613
20,622
20,624
20,630
20,647
20,672
20,678
20,692
20,707
20,710
20,713
20,722
20,725
20,729
20,739
20,749
20,758
20,778
20,785
20,806
20,811
20,832
20,833
20,835
20,836
20,861
20,870
20,878
20,881
20,882
20,899
20,931
20,938
20,951
20,952
20,962
20,969
20,994
20,998
21,64
21,94
21,167
21,219
21,281
21,303
21,315
21,330
21,391
21,414
21,431
21,435
21,473
21,502
21,521
21,532
21,536
21,576
21,618
21,629
21,685
21,703
21,724
21,726
21,740
21,774
21,792
21,807
21,858
21,877
21,926
21,941
21,972
22,40
22,42
22,47
22,61
22,80
22,86
22,110
22,113
22,137
22,151
22,152
22,182
22,210
22,224
22,276
22,283
22,288
22,306
22,320
22,333
22,368
22,378
22,440
22,465
22,474
22,483
22,520
22,531
22,540
22,550
22,588
22,597
22,616
22,628
22,632
22,666
22,674
22,679
22,693
22,697
22,704
22,723
22,740
22,746
22,753
22,772
22,794
22,881
22,887
22,902
22,906
22,930
22,937
22,986
22,999
23,39
23,67
23,113
23,170
23,190
23,212
23,238
23,247
23,263
23,275
23,303
23,330
23,338
23,350
23,383
23,393
23,409
23,425
23,469
23,473
23,477
23,478
23,488
23,505
23,558
23,573
23,576
23,608
23,632
23,645
23,739
23,757
23,857
23,871
23,872
23,873
23,890
23,938
23,968
23,993
24,30
24,70
24,95
24,104
24,143
24,174
24,199
24,219
24,229
24,236
24,241
24,281
24,294
24,340
24,361
24,368
24,388
24,408
24,418
24,464
24,470
24,480
24,481
24,500
24,510
24,535
24,538
24,541
24,592
24,596
24,607
24,612
24,614
24,622
24,623
24,669
24,707
24,736
24,750
24,753
24,773
24,800
24,816
24,870
24,891
24,893
24,900
24,926
24,930
24,935
24,937
24,946
24,981
24,988
24,999
25,53
25,59
25,71
25,79
25,93
25,95
25,101
25,121
25,174
25,204
25,215
25,223
25,238
25,246
25,248
25,268
25,289
25,311
25,328
25,330
25,335
25,338
25,390
25,402
25,405
25,408
25,414
25,417
25,432
25,434
25,446
25,456
25,458
25,464
25,492
25,497
25,521
25,543
25,577
25,626
25,672
25,703
25,737
25,755
25,792
25,800
25,803
25,835
25,851
25,883
25,893
25,916
25,925
25,926
25,937
25,982
25,984
26,33
26,50
26,54
26,76
26,79
26,90
26,103
26,104
26,109
26,130
26,135
26,168
26,184
26,210
26,246
26,258
26,269
26,276
26,281
26,306
26,319
26,324
26,334
26,341
26,351
26,354
26,385
26,392
26,402
26,410
26,416
26,451
26,453
26,459
26,483
26,505
26,508
26,513
26,518
26,520
26,546
26,558
26,561
26,578
26,581
26,584
26,589
26,592
26,599
26,642
26,700
26,713
26,720
26,733
26,764
26,765
26,771
26,796
26,799
26,809
26,848
26,857
26,868
26,871
26,878
26,882
26,897
26,900
26,907
26,911
26,918
26,950
27,37
27,64
27,66
27,69
27,100
27,104
27,108
27,109
27,118
27,134
27,149
27,173
27,176
27,199
27,204
27,241
27,243
27,251
27,281
27,297
27,323
27,333
27,338
27,346
27,353
27,356
27,378
27,381
27,391
27,411
27,417
27,428
27,443
27,453
27,492
27,518
27,533
27,546
27,548
27,563
27,566
27,567
27,570
27,587
27,590
27,592
27,603
27,619
27,642
27,651
27,701
27,711
27,722
27,735
27,765
27,774
27,793
27,836
27,837
27,855
27,898
27,913
27,931
27,936
27,941
27,949
27,953
27,954
27,970
27,982
27,989
27,991
28,120
28,152
28,157
28,166
28,194
28,197
28,232
28,253
28,307
28,309
28,319
28,341
28,392
28,473
28,481
28,532
28,537
28,556
28,564
28,654
28,671
28,691
28,709
28,737
28,740
28,760
28,783
28,851
28,873
28,929
28,986
29,31
29,39
29,64
29,97
29,160
29,174
29,178
29,180
29,192
29,203
29,222
29,244
29,294
29,326
29,372
29,376
29,388
29,399
29,476
29,491
29,514
29,543
29,600
29,634
29,668
29,669
29,674
29,678
29,689
29,700
29,750
29,761
29,770
29,782
29,793
29,803
29,835
29,847
29,924
29,956
29,980
30,54
30,61
30,98
30,101
30,120
30,134
30,145
30,147
30,204
30,216
30,249
30,253
30,263
30,270
30,285
30,330
30,376
30,395
30,430
30,458
30,470
30,497
30,499
30,502
30,575
30,579
30,634
30,636
30,662
30,749
30,773
30,780
30,858
30,874
30,891
30,897
30,934
30,969
30,981
31,51
31,53
31,82
31,84
31,94
31,187
31,281
31,296
31,313
31,316
31,354
31,362
31,365
31,373
31,401
31,418
31,492
31,515
31,523
31,525
31,529
31,546
31,590
31,607
31,635
31,644
31,670
31,671
31,721
31,734
31,736
31,738
31,803
31,824
31,840
31,866
31,888
31,937
31,941
31,948
31,955
31,975
32,68
32,125
32,176
32,194
32,200
32,209
32,218
32,237
32,246
32,258
32,270
32,311
32,331
32,350
32,356
32,394
32,443
32,469
32,477
32,528
32,579
32,610
32,618
32,619
32,665
32,698
32,799
32,824
32,832
32,842
32,873
32,911
32,930
32,937
32,950
32,959
33,49
33,66
33,86
33,96
33,103
33,134
33,168
33,180
33,187
33,191
33,194
33,208
33,233
33,238
33,299
33,308
33,314
33,346
33,362
33,376
33,407
33,411
33,443
33,447
33,449
33,478
33,539
33,542
33,547
33,552
33,559
33,661
33,679
33,693
33,714
33,777
33,781
33,827
33,837
33,851
33,864
33,884
33,910
33,916
33,945
33,973
33,997
34,46
34,54
34,68
34,90
34,237
34,246
34,252
34,309
34,360
34,443
34,448
34,536
34,549
34,590
34,715
34,787
34,830
34,896
34,911
34,916
34,936
34,996
35,39
35,73
35,88
35,96
35,152
35,157
35,172
35,195
35,240
35,255
35,288
35,292
35,305
35,314
35,321
35,332
35,351
35,356
35,374
35,375
35,377
35,401
35,403
35,410
35,417
35,435
35,438
35,439
35,546
35,547
35,558
35,576
35,579
35,632
35,636
35,639
35,676
35,799
35,828
35,849
35,850
35,851
35,859
35,866
35,873
35,897
35,941
35,976
35,989
36,55
36,66
36,70
36,76
36,88
36,92
36,104
36,143
36,162
36,163
36,168
36,172
36,208
36,213
36,255
36,257
36,260
36,268
36,270
36,275
36,278
36,279
36,285
36,287
36,292
36,295
36,321
36,323
36,326
36,327
36,333
36,335
36,340
36,357
36,359
36,373
36,375
36,380
36,388
36,389
36,392
36,402
36,405
36,410
36,415
36,416
36,421
36,427
36,428
36,442
36,444
36,449
36,454
36,473
36,474
36,478
36,482
36,489
36,510
36,519
36,531
36,532
36,540
36,542
36,560
36,564
36,576
36,588
36,597
36,614
36,622
36,623
36,636
36,643
36,654
36,665
36,670
36,676
36,677
36,687
36,688
36,696
36,697
36,699
36,713
36,717
36,718
36,729
36,731
36,764
36,771
36,774
36,779
36,794
36,796
36,810
36,818
36,819
36,835
36,850
36,855
36,863
36,867
36,872
36,883
36,884
36,888
36,893
36,896
36,901
36,902
36,906
36,908
36,910
36,920
36,924
36,931
36,938
36,951
36,952
36,958
36,963
36,977
36,980
36,990
37,98
37,102
37,118
37,150
37,170
37,180
37,241
37,273
37,278
37,333
37,340
37,376
37,387
37,402
37,432
37,435
37,443
37,457
37,459
37,460
37,479
37,489
37,519
37,522
37,554
37,567
37,583
37,642
37,658
37,692
37,699
37,750
37,758
37,866
37,895
37,917
37,952
37,973
37,985
38,44
38,53
38,97
38,123
38,137
38,139
38,158
38,190
38,261
38,265
38,275
38,325
38,334
38,396
38,468
38,520
38,521
38,548
38,550
38,565
38,575
38,624
38,629
38,643
38,654
38,729
38,743
38,789
38,791
38,808
38,824
38,847
38,887
38,919
38,927
38,929
38,950
38,952
38,974
38,975
38,996
38,998
39,52
39,53
39,94
39,118
39,139
39,147
39,160
39,180
39,200
39,206
39,229
39,248
39,253
39,254
39,282
39,293
39,298
39,310
39,339
39,362
39,363
39,365
39,391
39,396
39,401
39,405
39,409
39,416
39,417
39,420
39,424
39,449
39,456
39,467
39,480
39,483
39,490
39,508
39,521
39,592
39,601
39,604
39,607
39,624
39,626
39,641
39,655
39,669
39,670
39,671
39,701
39,715
39,717
39,737
39,783
39,794
39,795
39,811
39,839
39,860
39,869
39,928
39,935
39,966
39,975
39,976
39,998
40,48
40,59
40,112
40,113
40,119
40,141
40,148
40,154
40,173
40,200
40,209
40,214
40,229
40,236
40,258
40,280
40,285
40,310
40,340
40,344
40,359
40,371
40,383
40,388
40,394
40,491
40,496
40,525
40,527
40,531
40,550
40,575
40,586
40,605
40,612
40,616
40,625
40,640
40,679
40,681
40,705
40,725
40,729
40,731
40,742
40,746
40,758
40,776
40,797
40,804
40,870
40,885
40,887
40,901
40,904
40,919
40,977
40,986
40,994
41,50
41,60
41,61
41,162
41,223
41,268
41,284
41,288
41,293
41,416
41,441
41,444
41,606
41,620
41,628
41,695
41,707
41,728
41,772
41,833
41,876
41,917
41,925
41,931
41,957
41,969
42,55
42,81
42,85
42,95
42,140
42,168
42,171
42,215
42,219
42,247
42,249
42,264
42,287
42,290
42,305
42,320
42,335
42,346
42,380
42,391
42,431
42,504
42,555
42,592
42,628
42,697
42,716
42,745
42,747
42,787
42,796
42,844
42,899
42,907
42,920
42,922
42,948
42,993
42,994
42,997
43,46
43,80
43,81
43,90
43,96
43,103
43,132
43,191
43,255
43,261
43,263
43,307
43,335
43,340
43,351
43,357
43,362
43,381
43,394
43,415
43,484
43,493
43,527
43,548
43,585
43,676
43,681
43,693
43,704
43,755
43,758
43,809
43,818
43,840
43,857
43,866
43,867
43,878
43,882
43,900
43,902
43,927
43,937
43,938
43,995
44,47
44,57
44,63
44,67
44,85
44,102
44,127
44,134
44,176
44,213
44,219
44,228
44,241
44,259
44,261
44,317
44,370
44,394
44,403
44,416
44,432
44,508
44,541
44,552
44,600
44,635
44,647
44,675
44,697
44,705
44,709
44,753
44,772
44,785
44,870
44,872
44,878
44,882
44,887
44,902
44,948
45,56
45,93
45,155
45,204
45,238
45,241
45,249
45,255
45,256
45,374
45,402
45,407
45,429
45,434
45,456
45,468
45,522
45,701
45,706
45,727
45,728
45,758
45,807
45,842
45,873
45,886
45,891
45,925
45,927
45,968
45,986
46,51
46,54
46,61
46,121
46,132
46,135
46,168
46,214
46,219
46,232
46,244
46,270
46,324
46,338
46,351
46,353
46,359
46,363
46,376
46,391
46,425
46,426
46,454
46,485
46,487
46,492
46,517
46,532
46,545
46,594
46,616
46,644
46,649
46,661
46,680
46,683
46,693
46,699
46,724
46,749
46,794
46,801
46,807
46,811
46,820
46,842
46,851
46,871
46,916
46,927
46,949
46,958
46,967
46,969
47,62
47,106
47,131
47,165
47,172
47,196
47,216
47,230
47,285
47,325
47,340
47,394
47,431
47,581
47,595
47,598
47,624
47,652
47,739
47,780
47,846
47,878
47,906
48,116
48,155
48,160
48,163
48,181
48,184
48,192
48,213
48,217
48,228
48,231
48,234
48,262
48,264
48,285
48,291
48,311
48,326
48,358
48,384
48,407
48,414
48,441
48,455
48,474
48,491
48,510
48,618
48,675
48,692
48,750
48,849
48,856
48,908
48,912
48,919
48,924
48,927
48,966
49,59
49,70
49,132
49,149
49,169
49,237
49,253
49,273
49,281
49,339
49,356
49,388
49,390
49,408
49,451
49,459
49,463
49,482
49,529
49,533
49,607
49,614
49,623
49,635
49,647
49,651
49,666
49,667
49,671
49,679
49,706
49,735
49,781
49,822
49,825
49,839
49,843
49,850
49,870
49,981
50,96
50,117
50,135
50,195
50,206
50,240
50,247
50,261
50,287
50,305
50,307
50,327
50,332
50,333
50,335
50,353
50,361
50,362
50,381
50,386
50,391
50,392
50,419
50,421
50,508
50,533
50,561
50,578
50,590
50,611
50,622
50,650
50,653
50,659
50,667
50,682
50,688
50,696
50,711
50,720
50,752
50,773
50,781
50,812
50,828
50,843
50,871
50,872
50,907
50,935
50,937
50,962
50,967
50,977
50,979
50,980
50,983
51,81
51,106
51,140
51,176
51,189
51,278
51,297
51,313
51,346
51,353
51,438
51,456
51,513
51,521
51,539
51,541
51,548
51,682
51,773
51,788
51,793
51,816
51,818
51,835
51,852
51,862
51,880
51,915
51,925
51,967
51,975
51,978
52,115
52,126
52,162
52,168
52,174
52,213
52,223
52,245
52,248
52,260
52,269
52,280
52,300
52,320
52,340
52,344
52,349
52,368
52,379
52,394
52,482
52,489
52,501
52,524
52,533
52,548
52,550
52,570
52,576
52,591
52,600
52,614
52,631
52,679
52,691
52,694
52,696
52,708
52,735
52,758
52,831
52,838
52,845
52,852
52,859
52,862
52,866
52,870
52,885
52,887
52,899
52,902
52,908
52,952
52,956
52,962
52,969
53,71
53,91
53,108
53,115
53,136
53,156
53,200
53,204
53,237
53,247
53,248
53,265
53,270
53,313
53,326
53,330
53,331
53,342
53,357
53,362
53,368
53,369
53,380
53,405
53,409
53,413
53,415
53,435
53,445
53,456
53,464
53,470
53,493
53,502
53,503
53,509
53,530
53,541
53,548
53,574
53,583
53,604
53,618
53,631
53,640
53,641
53,642
53,664
53,674
53,678
53,704
53,711
53,717
53,737
53,753
53,761
53,764
53,778
53,789
53,792
53,802
53,814
53,819
53,820
53,839
53,856
53,861
53,949
53,972
53,996
54,75
54,81
54,86
54,94
54,116
54,158
54,226
54,234
54,257
54,296
54,301
54,303
54,332
54,381
54,438
54,446
54,466
54,497
54,498
54,527
54,549
54,552
54,559
54,563
54,578
54,579
54,597
54,621
54,633
54,645
54,670
54,691
54,740
54,744
54,787
54,802
54,830
54,909
54,936
54,941
54,954
54,993
55,137
55,149
55,153
55,173
55,195
55,207
55,210
55,220
55,251
55,265
55,267
55,272
55,291
55,305
55,315
55,320
55,346
55,379
55,381
55,382
55,411
55,416
55,421
55,466
55,474
55,477
55,478
55,495
55,531
55,537
55,550
55,557
55,561
55,564
55,579
55,613
55,627
55,656
55,680
55,682
55,691
55,697
55,702
55,718
55,723
55,734
55,745
55,790
55,796
55,805
55,811
55,814
55,833
55,841
55,855
55,865
55,866
55,901
55,902
55,937
55,945
55,954
55,961
55,979
55,985
55,990
55,993
56,109
56,179
56,234
56,328
56,401
56,454
56,458
56,483
56,513
56,638
56,677
56,768
56,776
56,836
56,841
56,875
56,928
56,946
56,992
57,62
57,94
57,134
57,289
57,305
57,330
57,370
57,371
57,391
57,394
57,423
57,425
57,464
57,506
57,512
57,522
57,523
57,526
57,543
57,596
57,655
57,664
57,692
57,730
57,734
57,804
57,819
57,826
57,828
57,833
57,839
57,949
57,955
57,972
58,65
58,68
58,71
58,74
58,124
58,132
58,154
58,168
58,208
58,230
58,238
58,248
58,268
58,284
58,301
58,307
58,330
58,362
58,388
58,390
58,392
58,411
58,415
58,417
58,421
58,424
58,436
58,449
58,459
58,485
58,510
58,518
58,527
58,538
58,556
58,567
58,624
58,650
58,652
58,685
58,704
58,728
58,730
58,731
58,773
58,774
58,782
58,804
58,820
58,860
58,878
58,895
58,906
58,916
58,951
58,962
58,968
58,996
59,70
59,139
59,194
59,199
59,202
59,204
59,219
59,220
59,224
59,257
59,304
59,315
59,319
59,330
59,334
59,352
59,357
59,362
59,391
59,396
59,399
59,408
59,445
59,450
59,464
59,469
59,480
59,485
59,535
59,612
59,613
59,643
59,670
59,687
59,722
59,774
59,782
59,791
59,806
59,807
59,822
59,833
59,835
59,855
59,857
59,861
59,872
59,874
59,886
59,903
59,907
59,931
59,984
59,998
60,79
60,85
60,94
60,102
60,116
60,121
60,145
60,173
60,204
60,205
60,229
60,249
60,306
60,318
60,343
60,349
60,354
60,373
60,378
60,413
60,438
60,472
60,532
60,540
60,550
60,584
60,606
60,612
60,640
60,664
60,667
60,743
60,746
60,749
60,753
60,758
60,762
60,805
60,848
60,855
60,858
60,899
60,958
60,968
61,63
61,75
61,80
61,86
61,119
61,136
61,158
61,164
61,170
61,174
61,186
61,280
61,300
61,302
61,324
61,339
61,351
61,358
61,396
61,399
61,421
61,428
61,435
61,489
61,493
61,501
61,521
61,554
61,561
61,565
61,580
61,583
61,604
61,613
61,621
61,631
61,662
61,690
61,703
61,712
61,729
61,735
61,737
61,750
61,773
61,775
61,785
61,810
61,827
61,840
61,862
61,870
61,874
61,889
61,911
61,917
61,921
61,922
61,938
61,949
61,951
61,961
61,967
62,112
62,145
62,216
62,249
62,262
62,431
62,473
62,565
62,605
62,644
62,744
62,758
62,771
62,777
62,792
62,794
62,827
62,869
62,879
62,973
63,88
63,96
63,170
63,193
63,211
63,213
63,250
63,252
63,253
63,340
63,372
63,387
63,389
63,554
63,611
63,637
63,654
63,693
63,694
63,706
63,741
63,929
63,986
64,88
64,94
64,104
64,177
64,197
64,234
64,268
64,279
64,282
64,300
64,303
64,310
64,313
64,376
64,390
64,405
64,452
64,476
64,485
64,495
64,510
64,525
64,526
64,529
64,532
64,540
64,615
64,616
64,630
64,636
64,660
64,663
64,690
64,711
64,714
64,720
64,730
64,745
64,767
64,808
64,850
64,892
64,894
64,911
64,946
64,949
64,996
65,66
65,70
65,92
65,122
65,131
65,173
65,289
65,297
65,314
65,315
65,351
65,360
65,361
65,362
65,374
65,375
65,376
65,404
65,433
65,446
65,460
65,464
65,475
65,481
65,510
65,515
65,532
65,580
65,594
65,607
65,635
65,637
65,650
65,651
65,665
65,689
65,711
65,731
65,735
65,764
65,774
65,794
65,803
65,807
65,835
65,837
65,856
65,906
65,926
65,949
65,954
65,999
66,91
66,110
66,117
66,119
66,140
66,150
66,179
66,246
66,254
66,281
66,289
66,298
66,315
66,330
66,338
66,357
66,386
66,388
66,392
66,408
66,417
66,434
66,442
66,443
66,467
66,470
66,480
66,481
66,483
66,487
66,493
66,506
66,554
66,559
66,566
66,567
66,593
66,636
66,650
66,651
66,659
66,679
66,686
66,798
66,800
66,812
66,825
66,834
66,851
66,855
66,867
66,877
66,885
66,891
66,916
66,931
66,949
66,950
66,969
66,984
67,283
67,290
67,301
67,309
67,390
67,394
67,402
67,412
67,445
67,455
67,465
67,482
67,490
67,563
67,595
67,669
67,729
67,751
67,771
67,790
67,841
67,855
67,870
67,909
67,925
67,929
67,937
68,122
68,134
68,135
68,204
68,215
68,253
68,255
68,302
68,318
68,322
68,369
68,381
68,385
68,428
68,447
68,469
68,478
68,493
68,531
68,535
68,547
68,558
68,561
68,566
68,589
68,642
68,651
68,654
68,671
68,680
68,687
68,695
68,700
68,735
68,819
68,827
68,838
68,872
68,898
68,903
68,927
68,958
68,969
69,86
69,90
69,103
69,222
69,275
69,296
69,332
69,347
69,355
69,378
69,504
69,508
69,531
69,612
69,670
69,673
69,683
69,700
69,711
69,722
69,732
69,740
69,772
69,809
69,820
69,830
69,841
69,849
69,851
69,869
69,959
69,963
69,967
70,74
70,103
70,106
70,108
70,124
70,135
70,149
70,168
70,186
70,192
70,194
70,199
70,204
70,208
70,237
70,240
70,246
70,255
70,269
70,308
70,314
70,325
70,327
70,334
70,344
70,350
70,360
70,389
70,442
70,443
70,445
70,454
70,457
70,459
70,483
70,485
70,506
70,516
70,518
70,528
70,566
70,580
70,605
70,614
70,616
70,642
70,650
70,670
70,671
70,681
70,687
70,703
70,710
70,715
70,718
70,729
70,731
70,765
70,767
70,774
70,807
70,820
70,838
70,842
70,864
70,867
70,870
70,872
70,884
70,911
70,916
70,954
70,958
70,960
70,977
70,979
70,991
70,994
71,74
71,78
71,84
71,88
71,114
71,127
71,151
71,169
71,194
71,196
71,204
71,213
71,260
71,288
71,302
71,312
71,359
71,371
71,374
71,384
71,404
71,405
71,427
71,433
71,435
71,457
71,481
71,491
71,512
71,526
71,538
71,540
71,548
71,550
71,559
71,595
71,604
71,607
71,624
71,637
71,641
71,681
71,699
71,700
71,706
71,712
71,736
71,750
71,761
71,770
71,773
71,774
71,785
71,795
71,798
71,818
71,847
71,861
71,900
71,902
71,908
71,926
71,931
71,954
72,87
72,127
72,133
72,135
72,145
72,158
72,227
72,262
72,362
72,414
72,425
72,445
72,447
72,462
72,474
72,484
72,492
72,501
72,540
72,564
72,569
72,579
72,616
72,617
72,648
72,696
72,747
72,831
72,880
72,882
72,965
72,988
73,77
73,80
73,87
73,126
73,192
73,203
73,232
73,236
73,305
73,323
73,328
73,351
73,396
73,423
73,546
73,598
73,618
73,649
73,731
73,738
73,751
73,767
73,801
73,813
73,821
73,835
73,854
73,870
73,881
73,971
74,78
74,102
74,123
74,127
74,140
74,193
74,204
74,213
74,215
74,228
74,232
74,248
74,261
74,271
74,277
74,278
74,279
74,281
74,287
74,289
74,296
74,298
74,309
74,334
74,351
74,357
74,382
74,383
74,394
74,405
74,412
74,414
74,421
74,427
74,429
74,430
74,439
74,461
74,500
74,526
74,538
74,548
74,553
74,562
74,570
74,571
74,586
74,594
74,617
74,652
74,660
74,666
74,676
74,677
74,692
74,696
74,705
74,711
74,712
74,737
74,745
74,761
74,776
74,796
74,798
74,804
74,855
74,857
74,870
74,874
74,876
74,882
74,911
74,926
74,928
74,931
74,936
74,946
74,948
74,956
74,970
74,978
74,981
74,998
75,78
75,84
75,148
75,151
75,154
75,160
75,189
75,196
75,204
75,213
75,223
75,256
75,260
75,262
75,284
75,300
75,326
75,340
75,345
75,357
75,376
75,379
75,491
75,548
75,550
75,579
75,586
75,594
75,679
75,743
75,759
75,773
75,785
75,792
75,798
75,816
75,818
75,832
75,856
75,876
75,882
75,896
75,904
75,940
75,959
76,138
76,155
76,159
76,183
76,195
76,210
76,267
76,305
76,416
76,477
76,485
76,527
76,549
76,564
76,572
76,592
76,639
76,711
76,752
76,773
76,864
76,890
76,902
76,986
77,96
77,125
77,216
77,236
77,241
77,258
77,261
77,267
77,270
77,287
77,311
77,329
77,374
77,455
77,473
77,482
77,490
77,500
77,503
77,545
77,592
77,609
77,636
77,709
77,726
77,767
77,952
77,959
78,90
78,96
78,115
78,129
78,154
78,178
78,193
78,208
78,231
78,255
78,279
78,289
78,334
78,340
78,359
78,394
78,427
78,429
78,466
78,482
78,491
78,492
78,549
78,575
78,586
78,613
78,638
78,639
78,645
78,687
78,696
78,705
78,725
78,736
78,750
78,761
78,767
78,832
78,833
78,850
78,859
78,876
78,878
78,902
78,908
78,912
78,946
78,952
78,954
78,982
78,984
78,992
78,998
79,89
79,125
79,195
79,228
79,280
79,305
79,333
79,368
79,398
79,440
79,462
79,483
79,484
79,509
79,541
79,543
79,578
79,579
79,621
79,635
79,689
79,693
79,743
79,797
79,819
79,829
79,883
79,927
79,929
80,87
80,102
80,106
80,154
80,185
80,192
80,216
80,221
80,234
80,237
80,270
80,288
80,294
80,300
80,302
80,304
80,312
80,325
80,334
80,340
80,355
80,361
80,374
80,409
80,412
80,429
80,432
80,437
80,489
80,522
80,540
80,562
80,571
80,575
80,577
80,583
80,594
80,599
80,612
80,624
80,648
80,649
80,653
80,675
80,680
80,732
80,736
80,743
80,750
80,753
80,758
80,794
80,812
80,818
80,847
80,850
80,862
80,864
80,866
80,867
80,871
80,883
80,902
80,905
80,919
80,952
80,981
80,994
81,93
81,104
81,202
81,211
81,232
81,241
81,247
81,270
81,302
81,311
81,325
81,359
81,420
81,448
81,481
81,494
81,524
81,532
81,639
81,642
81,669
81,692
81,707
81,713
81,739
81,765
81,851
81,856
81,857
81,888
81,897
81,920
81,937
81,950
81,953
82,89
82,108
82,118
82,119
82,123
82,146
82,173
82,174
82,176
82,182
82,186
82,189
82,194
82,197
82,209
82,222
82,232
82,248
82,289
82,315
82,354
82,362
82,427
82,433
82,434
82,476
82,479
82,509
82,521
82,548
82,572
82,580
82,623
82,641
82,643
82,668
82,683
82,693
82,710
82,712
82,716
82,730
82,733
82,778
82,781
82,782
82,795
82,800
82,835
82,873
82,934
82,998
82,999
83,116
83,133
83,192
83,196
83,213
83,217
83,219
83,229
83,231
83,235
83,290
83,359
83,373
83,378
83,414
83,447
83,448
83,455
83,465
83,513
83,530
83,542
83,588
83,621
83,626
83,696
83,760
83,764
83,767
83,785
83,841
83,845
83,875
83,881
83,882
83,885
83,886
83,926
83,969
83,994
83,996
84,92
84,104
84,114
84,124
84,135
84,160
84,169
84,171
84,174
84,222
84,239
84,258
84,296
84,323
84,349
84,394
84,405
84,413
84,481
84,533
84,534
84,540
84,556
84,571
84,575
84,586
84,606
84,613
84,630
84,640
84,662
84,678
84,693
84,709
84,749
84,750
84,758
84,760
84,797
84,845
84,853
84,866
84,909
84,934
84,946
84,949
84,954
84,970
84,996
84,999
85,87
85,123
85,128
85,150
85,174
85,200
85,216
85,219
85,228
85,236
85,247
85,248
85,252
85,260
85,262
85,267
85,269
85,298
85,317
85,337
85,360
85,362
85,381
85,384
85,407
85,415
85,441
85,474
85,491
85,501
85,541
85,548
85,649
85,666
85,670
85,674
85,675
85,681
85,692
85,694
85,696
85,725
85,743
85,764
85,768
85,773
85,816
85,825
85,850
85,859
85,868
85,870
85,887
85,902
85,919
85,925
85,933
85,954
85,957
86,98
86,103
86,111
86,126
86,127
86,148
86,164
86,167
86,218
86,275
86,315
86,317
86,341
86,342
86,346
86,350
86,376
86,377
86,389
86,449
86,486
86,506
86,518
86,547
86,551
86,552
86,568
86,622
86,629
86,654
86,680
86,711
86,733
86,742
86,744
86,781
86,803
86,820
86,837
86,843
86,857
86,880
86,893
86,894
86,896
86,905
86,922
86,980
86,997
87,114
87,127
87,140
87,144
87,155
87,160
87,181
87,193
87,203
87,204
87,213
87,228
87,255
87,260
87,279
87,280
87,287
87,300
87,324
87,331
87,334
87,357
87,358
87,367
87,384
87,401
87,428
87,432
87,434
87,439
87,440
87,481
87,526
87,533
87,536
87,540
87,544
87,552
87,553
87,581
87,586
87,607
87,618
87,640
87,646
87,665
87,667
87,677
87,679
87,700
87,712
87,717
87,725
87,731
87,758
87,768
87,792
87,793
87,808
87,810
87,826
87,850
87,861
87,901
87,902
87,911
87,916
87,930
87,946
87,954
87,977
87,999
88,111
88,116
88,117
88,126
88,127
88,132
88,158
88,206
88,213
88,236
88,271
88,272
88,296
88,324
88,327
88,330
88,359
88,367
88,376
88,383
88,386
88,401
88,419
88,447
88,459
88,464
88,485
88,516
88,527
88,539
88,548
88,564
88,582
88,593
88,636
88,667
88,711
88,718
88,720
88,722
88,736
88,750
88,819
88,866
88,874
88,878
88,894
88,895
88,912
88,916
88,925
88,931
88,937
88,949
88,958
88,962
88,989
88,998
88,999
89,98
89,106
89,108
89,119
89,157
89,158
89,159
89,177
89,180
89,200
89,232
89,243
89,254
89,273
89,281
89,319
89,349
89,409
89,421
89,456
89,502
89,563
89,582
89,587
89,591
89,612
89,629
89,631
89,635
89,664
89,679
89,721
89,848
89,856
89,866
89,893
89,894
89,926
89,954
89,988
90,106
90,120
90,122
90,135
90,159
90,168
90,173
90,195
90,202
90,233
90,293
90,304
90,311
90,333
90,346
90,353
90,379
90,381
90,420
90,428
90,447
90,485
90,486
90,522
90,566
90,590
90,595
90,612
90,622
90,650
90,681
90,763
90,774
90,857
90,872
90,951
90,969
90,976
91,104
91,125
91,132
91,168
91,206
91,229
91,251
91,270
91,274
91,278
91,303
91,305
91,330
91,335
91,342
91,351
91,381
91,405
91,417
91,489
91,492
91,522
91,604
91,628
91,646
91,656
91,660
91,686
91,696
91,707
91,728
91,732
91,750
91,754
91,761
91,770
91,800
91,876
91,931
91,941
91,949
91,968
91,986
92,93
92,125
92,139
92,141
92,155
92,206
92,207
92,239
92,251
92,270
92,312
92,325
92,340
92,358
92,362
92,373
92,405
92,416
92,450
92,452
92,455
92,470
92,488
92,508
92,518
92,528
92,548
92,575
92,579
92,585
92,613
92,622
92,624
92,656
92,667
92,696
92,700
92,734
92,743
92,769
92,796
92,806
92,813
92,838
92,850
92,861
92,871
92,885
92,887
92,899
92,904
92,937
92,971
93,113
93,125
93,133
93,166
93,214
93,220
93,238
93,271
93,299
93,319
93,320
93,365
93,397
93,433
93,449
93,492
93,535
93,558
93,565
93,586
93,685
93,750
93,815
93,849
93,863
93,905
93,915
93,956
94,115
94,119
94,136
94,166
94,211
94,223
94,234
94,248
94,260
94,265
94,270
94,281
94,306
94,368
94,371
94,375
94,396
94,402
94,411
94,420
94,425
94,433
94,441
94,485
94,496
94,505
94,513
94,524
94,582
94,607
94,611
94,645
94,661
94,677
94,721
94,749
94,750
94,814
94,850
94,886
94,891
94,911
94,919
94,935
94,948
94,950
94,956
94,961
94,975
94,977
95,169
95,177
95,188
95,254
95,279
95,368
95,378
95,433
95,434
95,436
95,476
95,482
95,556
95,566
95,596
95,641
95,719
95,911
96,101
96,124
96,126
96,137
96,142
96,145
96,148
96,171
96,180
96,192
96,210
96,213
96,215
96,216
96,222
96,242
96,243
96,257
96,260
96,264
96,267
96,281
96,289
96,319
96,337
96,340
96,357
96,358
96,379
96,397
96,410
96,411
96,428
96,442
96,455
96,465
96,493
96,501
96,518
96,541
96,559
96,560
96,562
96,570
96,577
96,578
96,584
96,588
96,592
96,595
96,616
96,623
96,624
96,632
96,638
96,640
96,662
96,668
96,677
96,697
96,712
96,718
96,723
96,725
96,729
96,731
96,750
96,760
96,778
96,794
96,796
96,836
96,855
96,875
96,884
96,887
96,890
96,899
96,904
96,925
96,930
96,938
96,951
96,961
96,962
96,970
96,976
96,990
96,997
96,999
97,151
97,221
97,248
97,272
97,297
97,313
97,326
97,330
97,336
97,405
97,525
97,634
97,686
97,712
97,760
97,767
97,793
97,927
98,132
98,137
98,168
98,177
98,187
98,188
98,217
98,218
98,336
98,372
98,440
98,501
98,569
98,657
98,672
98,685
98,710
98,717
98,726
98,754
98,796
98,822
98,828
98,841
98,843
98,896
98,916
98,921
98,947
99,215
99,240
99,249
99,306
99,332
99,353
99,385
99,419
99,423
99,452
99,454
99,462
99,467
99,476
99,495
99,586
99,590
99,592
99,617
99,625
99,662
99,686
99,688
99,691
99,702
99,711
99,881
99,896
99,939
99,950
99,996
100,106
100,120
100,122
100,128
100,157
100,159
100,172
100,205
100,216
100,224
100,227
100,228
100,304
100,315
100,324
100,331
100,430
100,440
100,443
100,485
100,500
100,513
100,519
100,561
100,567
100,593
100,608
100,619
100,628
100,647
100,680
100,696
100,701
100,741
100,789
100,824
100,873
100,877
100,909
100,943
100,960
100,988
101,110
101,147
101,182
101,204
101,209
101,248
101,263
101,277
101,331
101,335
101,357
101,358
101,423
101,426
101,427
101,451
101,472
101,511
101,530
101,532
101,538
101,539
101,559
101,561
101,563
101,566
101,623
101,644
101,660
101,675
101,691
101,694
101,764
101,765
101,766
101,771
101,832
101,868
101,913
101,918
101,922
101,929
101,937
101,960
101,968
101,969
101,975
101,995
102,107
102,110
102,128
102,132
102,169
102,174
102,185
102,187
102,189
102,215
102,226
102,250
102,251
102,260
102,261
102,269
102,270
102,274
102,279
102,280
102,282
102,287
102,305
102,311
102,324
102,333
102,340
102,351
102,356
102,362
102,371
102,383
102,432
102,438
102,443
102,474
102,501
102,538
102,543
102,544
102,558
102,569
102,572
102,577
102,581
102,594
102,595
102,611
102,635
102,642
102,647
102,655
102,666
102,669
102,676
102,680
102,690
102,699
102,720
102,733
102,736
102,741
102,766
102,786
102,790
102,797
102,799
102,816
102,821
102,838
102,858
102,860
102,867
102,884
102,902
102,922
102,931
102,932
102,938
102,940
102,953
102,959
102,967
102,974
102,979
102,980
103,237
103,250
103,315
103,348
103,417
103,440
103,477
103,518
103,558
103,568
103,576
103,579
103,606
103,611
103,649
103,684
103,724
103,825
103,865
103,880
103,888
103,894
103,923
103,954
103,958
103,960
104,140
104,144
104,146
104,172
104,175
104,238
104,251
104,253
104,285
104,289
104,315
104,336
104,375
104,407
104,417
104,435
104,443
104,470
104,491
104,493
104,494
104,497
104,499
104,521
104,526
104,530
104,582
104,585
104,616
104,619
104,623
104,649
104,653
104,660
104,679
104,696
104,703
104,708
104,717
104,730
104,739
104,742
104,746
104,791
104,825
104,835
104,838
104,860
104,868
104,870
104,885
104,907
104,925
104,938
104,951
104,962
104,973
104,975
104,977
104,989
104,998
105,231
105,250
105,332
105,341
105,367
105,476
105,488
105,517
105,576
105,611
105,615
105,621
105,662
105,669
105,676
105,680
105,697
105,702
105,711
105,731
105,734
105,775
105,815
105,894
105,917
105,961
106,118
106,119
106,136
106,147
106,189
106,203
106,204
106,234
106,239
106,245
106,248
106,249
106,258
106,294
106,314
106,320
106,324
106,337
106,339
106,391
106,404
106,409
106,433
106,481
106,497
106,537
106,541
106,591
106,607
106,623
106,665
106,669
106,670
106,685
106,693
106,712
106,717
106,719
106,730
106,741
106,749
106,761
106,773
106,788
106,789
106,803
106,824
106,825
106,862
106,866
106,868
106,893
106,951
106,977
106,986
106,987
106,998
107,131
107,133
107,207
107,215
107,241
107,296
107,309
107,311
107,323
107,333
107,377
107,382
107,394
107,402
107,432
107,455
107,478
107,479
107,514
107,549
107,552
107,577
107,616
107,659
107,661
107,674
107,696
107,697
107,698
107,706
107,750
107,754
107,759
107,775
107,788
107,797
107,799
107,805
107,883
107,930
107,969
108,119
108,124
108,133
108,149
108,158
108,180
108,189
108,243
108,263
108,314
108,321
108,324
108,330
108,362
108,374
108,401
108,421
108,458
108,499
108,514
108,528
108,531
108,583
108,614
108,629
108,631
108,648
108,667
108,682
108,711
108,714
108,719
108,728
108,765
108,773
108,782
108,794
108,803
108,810
108,812
108,816
108,835
108,836
108,849
108,864
108,915
108,916
108,935
108,998
109,126
109,162
109,168
109,207
109,248
109,302
109,397
109,400
109,407
109,425
109,465
109,562
109,578
109,616
109,658
109,701
109,723
109,788
109,814
109,841
109,861
109,887
109,889
109,899
109,951
109,956
110,123
110,131
110,148
110,174
110,179
110,200
110,220
110,239
110,252
110,258
110,279
110,306
110,390
110,414
110,424
110,445
110,530
110,568
110,619
110,630
110,662
110,746
110,785
110,828
110,865
110,870
110,880
111,141
111,144
111,162
111,179
111,207
111,246
111,253
111,259
111,269
111,303
111,360
111,369
111,381
111,392
111,434
111,514
111,526
111,546
111,554
111,561
111,564
111,566
111,579
111,597
111,600
111,610
111,616
111,639
111,657
111,685
111,697
111,708
111,734
111,821
111,872
111,916
111,991
112,113
112,202
112,209
112,217
112,225
112,261
112,271
112,293
112,457
112,476
112,532
112,605
112,618
112,629
112,636
112,662
112,672
112,729
112,735
112,781
112,822
112,862
112,877
112,891
112,977
112,984
113,131
113,142
113,170
113,200
113,207
113,212
113,218
113,229
113,290
113,319
113,333
113,368
113,374
113,377
113,390
113,427
113,449
113,492
113,509
113,550
113,564
113,578
113,595
113,644
113,683
113,691
113,692
113,718
113,722
113,740
113,769
113,829
113,870
113,872
113,887
113,907
113,912
113,951
113,980
113,997
114,116
114,121
114,123
114,126
114,162
114,204
114,220
114,235
114,250
114,258
114,289
114,311
114,337
114,351
114,362
114,396
114,402
114,415
114,427
114,429
114,443
114,445
114,455
114,491
114,495
114,500
114,504
114,511
114,533
114,540
114,571
114,578
114,586
114,604
114,614
114,615
114,618
114,641
114,682
114,696
114,700
114,721
114,758
114,776
114,833
114,899
114,931
114,952
114,974
115,127
115,136
115,140
115,154
115,200
115,204
115,254
115,268
115,289
115,317
115,330
115,337
115,361
115,362
115,427
115,429
115,445
115,449
115,480
115,485
115,582
115,626
115,646
115,647
115,664
115,665
115,677
115,696
115,772
115,826
115,835
115,874
115,908
115,916
115,927
115,951
115,985
116,140
116,165
116,267
116,268
116,284
116,370
116,439
116,452
116,482
116,526
116,562
116,572
116,678
116,685
116,740
116,762
116,767
116,784
116,785
116,798
116,815
116,817
116,840
116,946
116,969
116,971
116,992
117,149
117,186
117,194
117,199
117,211
117,255
117,268
117,277
117,304
117,312
117,317
117,362
117,383
117,385
117,386
117,394
117,416
117,421
117,434
117,494
117,506
117,531
117,552
117,561
117,567
117,584
117,613
117,643
117,651
117,665
117,680
117,691
117,700
117,723
117,737
117,751
117,776
117,777
117,796
117,849
117,862
117,895
117,910
117,911
117,931
117,951
117,967
117,986
118,119
118,165
118,171
118,199
118,213
118,232
118,251
118,282
118,285
118,313
118,318
118,377
118,450
118,558
118,629
118,638
118,685
118,716
118,744
118,752
118,770
118,790
118,837
118,856
118,909
118,951
118,960
118,996
119,148
119,171
119,176
119,177
119,189
119,213
119,248
119,249
119,257
119,258
119,287
119,340
119,389
119,409
119,418
119,435
119,437
119,499
119,526
119,543
119,547
119,623
119,634
119,635
119,637
119,664
119,670
119,682
119,697
119,703
119,705
119,725
119,726
119,815
119,838
119,852
119,859
119,863
119,870
119,887
119,903
119,906
119,916
119,919
119,921
119,935
119,937
119,950
119,993
119,998
119,999
120,190
120,208
120,214
120,407
120,537
120,552
120,777
120,781
120,851
120,856
120,861
120,893
120,933
121,167
121,198
121,223
121,231
121,242
121,260
121,300
121,396
121,418
121,428
121,512
121,526
121,532
121,533
121,540
121,541
121,548
121,594
121,618
121,624
121,631
121,640
121,690
121,703
121,720
121,730
121,741
121,766
121,776
121,833
121,849
121,870
121,932
122,145
122,190
122,215
122,238
122,245
122,253
122,256
122,260
122,270
122,281
122,326
122,330
122,339
122,375
122,403
122,411
122,430
122,460
122,478
122,488
122,505
122,590
122,614
122,637
122,667
122,684
122,691
122,722
122,749
122,761
122,763
122,802
122,850
122,894
122,909
122,911
122,921
122,950
122,977
122,993
123,166
123,189
123,213
123,334
123,336
123,359
123,365
123,381
123,402
123,409
123,412
123,440
123,444
123,459
123,486
123,514
123,526
123,536
123,583
123,606
123,653
123,665
123,677
123,701
123,722
123,876
123,939
123,980
124,135
124,146
124,149
124,168
124,174
124,177
124,205
124,208
124,226
124,294
124,319
124,336
124,342
124,351
124,362
124,394
124,409
124,428
124,443
124,450
124,464
124,559
124,563
124,581
124,582
124,593
124,608
124,623
124,647
124,657
124,667
124,680
124,685
124,690
124,700
124,711
124,720
124,729
124,766
124,818
124,821
124,850
124,857
124,878
124,908
124,916
124,918
124,926
124,953
124,986
124,999
125,145
125,151
125,168
125,169
125,174
125,176
125,187
125,196
125,200
125,203
125,223
125,228
125,259
125,289
125,291
125,293
125,298
125,308
125,312
125,319
125,320
125,340
125,341
125,343
125,357
125,359
125,370
125,376
125,383
125,384
125,388
125,391
125,412
125,413
125,415
125,421
125,445
125,449
125,461
125,480
125,525
125,574
125,581
125,592
125,598
125,603
125,649
125,653
125,655
125,668
125,671
125,682
125,683
125,685
125,693
125,707
125,709
125,712
125,742
125,766
125,768
125,773
125,785
125,793
125,795
125,827
125,828
125,829
125,850
125,861
125,866
125,881
125,885
125,904
125,906
125,907
125,931
125,949
125,957
125,962
125,978
125,979
125,985
125,987
126,142
126,151
126,174
126,206
126,249
126,284
126,293
126,296
126,319
126,325
126,355
126,358
126,378
126,397
126,424
126,457
126,459
126,460
126,485
126,514
126,525
126,535
126,536
126,552
126,553
126,565
126,571
126,578
126,580
126,613
126,617
126,647
126,667
126,670
126,671
126,677
126,685
126,701
126,736
126,754
126,818
126,819
126,824
126,842
126,850
126,861
126,867
126,889
126,895
126,917
126,937
126,946
126,949
126,956
126,960
126,985
127,164
127,171
127,180
127,192
127,195
127,196
127,203
127,210
127,272
127,276
127,279
127,283
127,297
127,298
127,305
127,317
127,357
127,362
127,370
127,371
127,375
127,388
127,412
127,415
127,423
127,426
127,440
127,455
127,468
127,482
127,521
127,539
127,540
127,570
127,586
127,588
127,611
127,642
127,646
127,649
127,667
127,669
127,676
127,679
127,682
127,696
127,703
127,707
127,720
127,726
127,736
127,753
127,763
127,790
127,793
127,833
127,838
127,842
127,864
127,866
127,868
127,882
127,885
127,886
127,890
127,930
127,938
127,943
127,962
127,978
127,987
127,995
128,151
128,154
128,183
128,204
128,279
128,324
128,376
128,383
128,406
128,418
128,426
128,459
128,489
128,506
128,575
128,607
128,625
128,642
128,660
128,666
128,669
128,677
128,700
128,717
128,767
128,808
128,850
128,864
128,871
128,964
128,966
128,994
129,135
129,145
129,168
129,172
129,255
129,306
129,317
129,352
129,371
129,437
129,438
129,483
129,533
129,561
129,562
129,565
129,581
129,607
129,748
129,777
129,866
129,940
129,943
129,977
130,276
130,329
130,345
130,392
130,476
130,514
130,552
130,576
130,589
130,594
130,619
130,634
130,669
130,687
130,700
130,784
130,811
130,851
130,870
130,882
130,943
130,958
131,137
131,180
131,211
131,213
131,251
131,260
131,309
131,312
131,326
131,330
131,332
131,351
131,371
131,385
131,426
131,429
131,485
131,500
131,529
131,539
131,553
131,557
131,564
131,575
131,595
131,598
131,599
131,681
131,700
131,735
131,741
131,757
131,758
131,771
131,772
131,806
131,808
131,813
131,817
131,833
131,842
131,864
131,882
131,888
131,895
131,904
131,922
131,931
131,946
131,965
131,978
132,146
132,151
132,157
132,192
132,193
132,206
132,216
132,220
132,242
132,256
132,258
132,264
132,294
132,299
132,304
132,331
132,338
132,341
132,376
132,397
132,416
132,427
132,432
132,434
132,437
132,476
132,478
132,485
132,535
132,539
132,546
132,549
132,566
132,575
132,585
132,617
132,622
132,626
132,691
132,718
132,720
132,742
132,743
132,745
132,746
132,750
132,755
132,797
132,808
132,836
132,873
132,882
132,885
132,903
132,908
132,910
132,911
132,916
132,918
132,922
132,931
132,935
132,936
132,949
132,954
132,958
132,977
132,985
133,168
133,186
133,233
133,247
133,254
133,275
133,299
133,309
133,331
133,332
133,337
133,340
133,362
133,374
133,399
133,403
133,466
133,524
133,582
133,596
133,630
133,634
133,635
133,637
133,652
133,673
133,674
133,683
133,710
133,711
133,715
133,746
133,822
133,829
133,837
133,877
133,951
133,968
133,975
134,143
134,160
134,185
134,194
134,211
134,216
134,232
134,247
134,287
134,308
134,309
134,352
134,362
134,367
134,376
134,387
134,388
134,426
134,439
134,445
134,446
134,460
134,487
134,505
134,532
134,533
134,538
134,541
134,559
134,576
134,578
134,591
134,638
134,681
134,683
134,685
134,702
134,710
134,720
134,749
134,792
134,793
134,827
134,847
134,850
134,855
134,901
134,916
134,917
134,927
134,933
134,964
134,985
135,137
135,152
135,162
135,168
135,172
135,195
135,204
135,264
135,274
135,290
135,308
135,327
135,330
135,332
135,347
135,378
135,381
135,385
135,388
135,420
135,426
135,429
135,435
135,439
135,473
135,482
135,485
135,492
135,513
135,524
135,535
135,536
135,538
135,564
135,566
135,581
135,592
135,617
135,627
135,668
135,676
135,682
135,704
135,742
135,772
135,775
135,794
135,797
135,814
135,818
135,823
135,857
135,889
135,902
135,907
135,910
135,928
135,931
135,938
135,941
135,961
135,970
136,189
136,216
136,232
136,243
136,282
136,314
136,348
136,408
136,418
136,456
136,463
136,464
136,546
136,548
136,559
136,583
136,600
136,602
136,619
136,669
136,696
136,718
136,756
136,780
136,788
136,789
136,834
136,840
136,904
136,972
136,987
137,179
137,189
137,213
137,239
137,269
137,281
137,287
137,323
137,332
137,335
137,368
137,382
137,397
137,416
137,438
137,495
137,508
137,528
137,538
137,549
137,552
137,592
137,613
137,616
137,618
137,622
137,639
137,696
137,711
137,712
137,729
137,757
137,801
137,866
137,867
137,871
137,884
137,887
137,890
137,902
137,920
137,938
137,949
137,956
137,990
138,223
138,244
138,300
138,356
138,386
138,453
138,478
138,484
138,508
138,532
138,539
138,547
138,576
138,607
138,642
138,654
138,680
138,688
138,728
138,733
138,866
138,885
138,909
138,924
138,932
138,973
138,999
139,207
139,213
139,216
139,257
139,282
139,289
139,310
139,375
139,376
139,396
139,409
139,418
139,429
139,459
139,469
139,489
139,498
139,519
139,521
139,545
139,565
139,585
139,611
139,612
139,644
139,649
139,660
139,675
139,689
139,692
139,715
139,727
139,751
139,753
139,791
139,811
139,820
139,822
139,850
139,851
139,900
139,932
139,937
139,939
139,960
139,961
140,222
140,256
140,260
140,282
140,287
140,298
140,313
140,317
140,337
140,351
140,358
140,366
140,376
140,386
140,394
140,429
140,454
140,476
140,499
140,510
140,528
140,541
140,571
140,586
140,618
140,623
140,624
140,632
140,648
140,649
140,660
140,666
140,678
140,681
140,682
140,730
140,736
140,758
140,759
140,790
140,800
140,807
140,853
140,862
140,882
140,901
140,936
140,949
140,978
140,996
141,151
141,161
141,261
141,265
141,323
141,334
141,347
141,437
141,455
141,481
141,496
141,536
141,663
141,745
141,826
141,866
141,887
141,900
141,961
141,965
141,982
141,990
142,186
142,193
142,238
142,240
142,247
142,288
142,325
142,512
142,527
142,588
142,643
142,683
142,704
142,713
142,857
142,937
143,158
143,199
143,245
143,254
143,289
143,309
143,312
143,333
143,350
143,365
143,399
143,420
143,421
143,433
143,456
143,460
143,499
143,551
143,596
143,696
143,727
143,749
143,776
143,791
143,792
143,815
143,850
143,860
143,862
143,893
143,998
144,154
144,177
144,198
144,207
144,253
144,278
144,369
144,390
144,431
144,484
144,532
144,536
144,539
144,565
144,661
144,676
144,706
144,713
144,769
144,772
144,779
144,793
144,799
145,151
145,191
145,192
145,249
145,417
145,445
145,451
145,508
145,550
145,551
145,577
145,608
145,675
145,682
145,709
145,718
145,760
145,816
145,849
145,851
145,882
145,951
145,994
146,173
146,194
146,271
146,338
146,341
146,438
146,447
146,449
146,469
146,487
146,518
146,531
146,584
146,588
146,590
146,614
146,632
146,636
146,660
146,680
146,700
146,711
146,717
146,774
146,794
146,810
146,851
146,876
146,901
146,910
146,938
146,942
146,963
146,976
147,195
147,282
147,314
147,320
147,396
147,404
147,418
147,470
147,501
147,529
147,531
147,539
147,551
147,558
147,570
147,588
147,592
147,598
147,604
147,633
147,683
147,749
147,766
147,800
147,839
147,849
147,885
147,908
147,933
147,975
147,977
148,151
148,163
148,170
148,185
148,236
148,263
148,310
148,334
148,335
148,426
148,465
148,491
148,495
148,501
148,532
148,579
148,610
148,611
148,631
148,637
148,652
148,671
148,688
148,696
148,707
148,743
148,759
148,787
148,790
148,799
148,801
148,811
148,823
148,851
148,853
148,863
148,870
148,984
148,985
148,994
149,157
149,172
149,176
149,195
149,206
149,213
149,219
149,234
149,245
149,268
149,270
149,284
149,299
149,315
149,330
149,334
149,337
149,347
149,358
149,376
149,405
149,421
149,445
149,489
149,519
149,532
149,570
149,596
149,619
149,626
149,631
149,700
149,730
149,750
149,761
149,774
149,797
149,798
149,824
149,863
149,877
149,878
149,910
149,913
149,926
149,941
149,954
149,958
149,961
149,974
149,980
149,995
150,182
150,210
150,283
150,301
150,306
150,330
150,335
150,372
150,393
150,398
150,399
150,400
150,410
150,437
150,439
150,452
150,465
150,512
150,516
150,552
150,598
150,616
150,622
150,632
150,692
150,710
150,713
150,726
150,734
150,745
150,752
150,769
150,786
150,801
150,813
150,814
150,829
150,830
150,860
150,983
151,164
151,171
151,204
151,225
151,231
151,266
151,276
151,297
151,324
151,358
151,404
151,419
151,429
151,455
151,476
151,482
151,489
151,496
151,515
151,535
151,540
151,548
151,570
151,579
151,641
151,643
151,647
151,650
151,669
151,677
151,697
151,698
151,701
151,705
151,711
151,722
151,741
151,751
151,754
151,833
151,876
151,901
151,907
151,919
151,928
151,931
151,934
152,166
152,197
152,214
152,276
152,295
152,296
152,336
152,338
152,340
152,342
152,361
152,368
152,438
152,446
152,489
152,564
152,610
152,633
152,687
152,711
152,746
152,782
152,818
152,907
152,942
153,207
153,223
153,258
153,295
153,311
153,315
153,323
153,555
153,608
153,617
153,636
153,709
153,720
153,814
153,820
153,858
153,865
153,881
153,888
153,980
153,983
154,157
154,171
154,180
154,182
154,217
154,222
154,227
154,273
154,309
154,334
154,353
154,358
154,375
154,396
154,533
154,571
154,624
154,631
154,682
154,712
154,729
154,737
154,789
154,796
154,806
154,818
154,833
154,842
154,861
154,870
154,883
154,885
154,904
154,922
154,950
154,957
154,968
154,999
155,177
155,186
155,220
155,223
155,254
155,260
155,267
155,285
155,311
155,329
155,356
155,371
155,383
155,491
155,522
155,528
155,549
155,553
155,616
155,619
155,638
155,649
155,690
155,692
155,694
155,712
155,721
155,773
155,814
155,832
155,935
155,946
155,996
156,175
156,199
156,210
156,215
156,256
156,271
156,277
156,283
156,286
156,304
156,336
156,339
156,350
156,388
156,420
156,450
156,477
156,546
156,566
156,579
156,592
156,646
156,655
156,669
156,672
156,757
156,761
156,782
156,783
156,795
156,824
156,838
156,935
156,950
156,976
156,990
157,171
157,179
157,205
157,255
157,260
157,270
157,292
157,311
157,323
157,332
157,351
157,356
157,376
157,378
157,408
157,416
157,417
157,421
157,427
157,450
157,478
157,524
157,531
157,542
157,550
157,561
157,570
157,588
157,590
157,611
157,622
157,634
157,641
157,670
157,676
157,687
157,700
157,720
157,730
157,740
157,794
157,811
157,819
157,823
157,842
157,855
157,857
157,867
157,895
157,897
157,900
157,901
157,907
157,908
157,931
157,976
157,979
157,980
157,981
158,164
158,194
158,233
158,234
158,236
158,284
158,290
158,317
158,331
158,400
158,442
158,449
158,452
158,458
158,468
158,469
158,475
158,481
158,488
158,520
158,551
158,567
158,587
158,589
158,603
158,619
158,621
158,635
158,645
158,653
158,664
158,711
158,718
158,727
158,755
158,758
158,764
158,782
158,792
158,834
158,884
158,893
158,934
158,954
158,955
158,961
158,980
158,982
159,207
159,285
159,303
159,313
159,334
159,440
159,444
159,500
159,512
159,534
159,553
159,668
159,679
159,725
159,749
159,803
159,804
159,846
159,858
159,884
159,905
159,942
159,946
159,964
159,977
159,998
160,227
160,231
160,237
160,249
160,287
160,300
160,340
160,401
160,434
160,473
160,525
160,586
160,606
160,613
160,626
160,638
160,656
160,681
160,734
160,752
160,792
160,826
160,870
160,919
160,930
160,948
160,966
160,980
160,988
161,181
161,204
161,205
161,207
161,226
161,237
161,258
161,259
161,275
161,285
161,287
161,300
161,359
161,367
161,373
161,390
161,395
161,404
161,437
161,439
161,442
161,526
161,533
161,535
161,539
161,544
161,579
161,601
161,717
161,739
161,827
161,835
161,927
161,945
161,959
162,171
162,205
162,223
162,251
162,265
162,285
162,319
162,322
162,355
162,394
162,409
162,445
162,475
162,525
162,575
162,581
162,608
162,618
162,660
162,662
162,682
162,696
162,722
162,731
162,775
162,785
162,807
162,817
162,852
163,167
163,340
163,394
163,533
163,554
163,597
163,609
163,613
163,656
163,713
163,753
163,759
163,795
163,800
163,865
163,881
164,180
164,240
164,247
164,249
164,305
164,318
164,369
164,502
164,505
164,514
164,552
164,567
164,571
164,582
164,586
164,593
164,614
164,619
164,658
164,689
164,700
164,713
164,764
164,806
164,853
164,857
164,877
164,944
165,194
165,213
165,281
165,445
165,624
165,669
165,694
165,707
165,727
165,765
165,782
165,822
165,847
165,858
165,987
166,197
166,233
166,249
166,255
166,256
166,257
166,275
166,314
166,331
166,355
166,356
166,369
166,394
166,449
166,471
166,501
166,502
166,504
166,527
166,544
166,566
166,644
166,654
166,680
166,685
166,781
166,789
166,798
166,851
166,873
166,921
166,953
166,991
167,169
167,177
167,204
167,210
167,232
167,241
167,258
167,458
167,469
167,497
167,569
167,571
167,581
167,631
167,671
167,698
167,700
167,826
167,864
167,915
167,919
167,939
167,968
167,976
168,171
168,182
168,195
168,198
168,214
168,255
168,274
168,286
168,317
168,320
168,323
168,327
168,332
168,354
168,357
168,385
168,392
168,432
168,437
168,438
168,449
168,462
168,464
168,474
168,480
168,527
168,531
168,532
168,546
168,552
168,578
168,582
168,604
168,617
168,637
168,682
168,688
168,699
168,710
168,715
168,716
168,721
168,722
168,730
168,780
168,794
168,797
168,814
168,815
168,826
168,838
168,842
168,857
168,885
168,890
168,902
168,905
168,907
168,911
168,922
168,941
168,942
168,961
168,967
168,979
168,981
168,983
168,990
169,189
169,193
169,194
169,195
169,199
169,214
169,215
169,237
169,247
169,256
169,268
169,337
169,376
169,449
169,458
169,481
169,499
169,515
169,545
169,546
169,559
169,578
169,613
169,679
169,693
169,724
169,736
169,737
169,810
169,825
169,834
169,835
169,847
169,851
169,863
169,864
169,868
169,877
169,878
169,951
169,961
169,988
170,177
170,213
170,233
170,280
170,293
170,303
170,311
170,355
170,413
170,420
170,446
170,453
170,526
170,538
170,545
170,548
170,587
170,595
170,639
170,657
170,707
170,748
170,779
170,787
170,805
170,876
170,878
170,898
170,901
170,922
170,942
171,176
171,213
171,226
171,241
171,255
171,257
171,261
171,269
171,276
171,287
171,311
171,312
171,320
171,321
171,323
171,358
171,359
171,368
171,379
171,389
171,397
171,405
171,408
171,437
171,443
171,455
171,462
171,464
171,483
171,492
171,499
171,508
171,520
171,542
171,550
171,569
171,571
171,580
171,696
171,702
171,704
171,734
171,737
171,784
171,785
171,794
171,806
171,807
171,814
171,825
171,902
171,918
171,931
171,945
171,965
171,979
172,175
172,252
172,308
172,321
172,330
172,332
172,355
172,378
172,381
172,427
172,462
172,473
172,483
172,485
172,547
172,554
172,606
172,682
172,691
172,694
172,715
172,734
172,757
172,802
172,826
172,849
172,854
172,873
172,900
172,941
172,957
172,961
172,963
172,969
172,998
173,247
173,255
173,287
173,297
173,323
173,332
173,368
173,378
173,386
173,416
173,428
173,454
173,467
173,481
173,493
173,509
173,529
173,532
173,570
173,593
173,603
173,623
173,636
173,660
173,672
173,673
173,736
173,766
173,864
173,872
173,972
173,983
173,985
174,192
174,204
174,253
174,263
174,289
174,304
174,310
174,330
174,340
174,368
174,370
174,383
174,395
174,408
174,415
174,457
174,459
174,479
174,522
174,529
174,532
174,533
174,550
174,570
174,583
174,612
174,627
174,633
174,636
174,640
174,643
174,679
174,696
174,736
174,750
174,759
174,783
174,789
174,810
174,832
174,833
174,862
174,918
174,946
174,966
174,971
174,980
174,981
174,984
174,985
174,988
175,190
175,204
175,326
175,346
175,352
175,361
175,424
175,462
175,512
175,617
175,658
175,670
175,714
175,856
175,871
175,876
175,927
175,950
175,988
175,999
176,180
176,185
176,231
176,237
176,249
176,254
176,257
176,279
176,282
176,286
176,300
176,304
176,340
176,350
176,353
176,376
176,404
176,433
176,464
176,470
176,502
176,551
176,592
176,623
176,626
176,672
176,674
176,679
176,683
176,717
176,756
176,780
176,788
176,822
176,887
176,893
176,910
176,935
176,936
176,966
176,969
176,985
176,988
177,246
177,314
177,315
177,390
177,408
177,436
177,466
177,508
177,611
177,685
177,745
177,763
177,774
177,787
177,792
177,829
177,839
177,858
177,876
177,938
177,972
177,991
177,999
178,194
178,238
178,290
178,303
178,327
178,390
178,393
178,442
178,453
178,487
178,494
178,560
178,567
178,630
178,655
178,661
178,680
178,737
178,798
178,824
178,829
178,856
178,863
178,872
178,873
178,888
178,893
178,905
178,951
179,189
179,199
179,210
179,220
179,227
179,240
179,251
179,263
179,266
179,284
179,311
179,317
179,327
179,364
179,409
179,417
179,421
179,428
179,448
179,495
179,512
179,514
179,525
179,538
179,547
179,558
179,578
179,593
179,597
179,612
179,628
179,658
179,676
179,702
179,704
179,718
179,725
179,740
179,747
179,825
179,827
179,829
179,851
179,855
179,857
179,907
179,934
179,977
179,995
180,210
180,264
180,340
180,358
180,397
180,421
180,424
180,432
180,479
180,493
180,515
180,608
180,629
180,630
180,649
180,651
180,660
180,666
180,677
180,726
180,736
180,757
180,760
180,765
180,768
180,775
180,776
180,788
180,809
180,832
180,852
180,861
180,877
180,882
180,943
180,946
180,948
180,956
180,960
181,194
181,197
181,233
181,239
181,276
181,288
181,312
181,317
181,324
181,338
181,347
181,370
181,420
181,428
181,450
181,478
181,488
181,524
181,546
181,552
181,561
181,570
181,593
181,647
181,668
181,696
181,708
181,709
181,710
181,717
181,719
181,766
181,782
181,838
181,870
181,878
181,882
181,907
181,910
181,937
181,961
182,200
182,206
182,221
182,222
182,227
182,248
182,254
182,282
182,289
182,300
182,305
182,326
182,328
182,338
182,340
182,341
182,352
182,394
182,396
182,397
182,402
182,413
182,420
182,421
182,430
182,435
182,455
182,478
182,489
182,491
182,505
182,561
182,566
182,605
182,609
182,614
182,618
182,619
182,629
182,631
182,646
182,653
182,654
182,672
182,679
182,682
182,687
182,689
182,702
182,716
182,720
182,724
182,725
182,749
182,764
182,774
182,786
182,793
182,797
182,804
182,812
182,826
182,841
182,859
182,861
182,902
182,908
182,948
182,949
182,973
182,979
182,980
183,230
183,253
183,284
183,287
183,330
183,351
183,510
183,515
183,522
183,555
183,580
183,630
183,637
183,644
183,645
183,646
183,659
183,727
183,737
183,757
183,804
183,819
183,839
183,864
183,975
184,188
184,198
184,209
184,227
184,237
184,286
184,298
184,300
184,325
184,340
184,387
184,718
184,726
184,739
184,749
184,780
184,809
184,828
184,845
184,847
184,861
184,869
184,917
184,920
184,973
184,985
185,204
185,281
185,289
185,329
185,374
185,379
185,459
185,465
185,504
185,600
185,647
185,661
185,687
185,699
185,732
185,750
185,794
185,833
185,843
185,883
185,930
185,931
185,949
185,985
186,196
186,204
186,223
186,242
186,263
186,270
186,284
186,351
186,354
186,443
186,448
186,467
186,486
186,492
186,494
186,511
186,532
186,546
186,561
186,622
186,650
186,679
186,715
186,774
186,794
186,796
186,817
186,826
186,849
186,851
186,907
186,919
186,937
186,956
187,223
187,224
187,237
187,324
187,327
187,346
187,369
187,374
187,434
187,474
187,506
187,520
187,545
187,550
187,589
187,611
187,630
187,635
187,642
187,651
187,676
187,715
187,735
187,785
187,804
187,867
187,898
187,905
187,907
187,909
187,922
187,982
187,985
188,192
188,216
188,285
188,291
188,328
188,345
188,367
188,371
188,414
188,526
188,629
188,630
188,640
188,641
188,699
188,713
188,751
188,785
188,838
188,849
188,857
188,952
188,992
189,199
189,206
189,248
189,257
189,294
189,319
189,378
189,408
189,428
189,434
189,474
189,475
189,477
189,480
189,518
189,522
189,528
189,580
189,622
189,623
189,634
189,638
189,643
189,646
189,650
189,659
189,670
189,682
189,687
189,707
189,710
189,722
189,737
189,758
189,788
189,800
189,807
189,817
189,818
189,866
189,911
189,916
189,918
189,954
189,968
189,977
189,996
190,223
190,234
190,289
190,295
190,298
190,330
190,345
190,427
190,442
190,514
190,604
190,629
190,659
190,672
190,674
190,680
190,682
190,716
190,717
190,724
190,733
190,749
190,754
190,766
190,774
190,776
190,812
190,835
190,851
190,861
190,923
190,933
190,934
190,947
190,967
190,969
190,992
191,227
191,278
191,332
191,369
191,446
191,478
191,612
191,654
191,685
191,777
191,822
191,907
191,936
191,956
192,204
192,271
192,296
192,334
192,340
192,341
192,351
192,356
192,359
192,376
192,381
192,382
192,441
192,462
192,465
192,470
192,496
192,528
192,531
192,546
192,560
192,585
192,592
192,598
192,624
192,661
192,687
192,693
192,694
192,698
192,715
192,718
192,737
192,764
192,790
192,795
192,797
192,814
192,829
192,833
192,838
192,849
192,859
192,861
192,866
192,884
192,902
192,907
192,938
192,941
192,965
192,980
192,985
192,989
193,258
193,285
193,291
193,304
193,384
193,402
193,424
193,443
193,453
193,458
193,460
193,461
193,491
193,512
193,525
193,565
193,607
193,616
193,618
193,649
193,653
193,677
193,681
193,695
193,705
193,717
193,725
193,742
193,751
193,754
193,776
193,784
193,839
193,840
193,845
193,884
193,908
193,920
193,931
193,966
193,998
194,249
194,266
194,297
194,300
194,302
194,303
194,330
194,334
194,364
194,388
194,409
194,417
194,442
194,443
194,453
194,454
194,456
194,478
194,482
194,502
194,504
194,506
194,518
194,526
194,564
194,567
194,582
194,592
194,605
194,618
194,626
194,630
194,632
194,650
194,682
194,683
194,707
194,720
194,731
194,732
194,733
194,750
194,774
194,818
194,820
194,827
194,858
194,873
194,877
194,880
194,902
194,904
194,908
194,910
194,926
194,942
194,951
194,958
194,989
194,991
195,215
195,237
195,245
195,246
195,266
195,268
195,269
195,289
195,312
195,320
195,321
195,337
195,378
195,381
195,385
195,394
195,401
195,409
195,413
195,416
195,428
195,443
195,455
195,492
195,506
195,519
195,520
195,527
195,544
195,564
195,585
195,592
195,647
195,678
195,680
195,687
195,700
195,710
195,713
195,720
195,724
195,736
195,799
195,814
195,817
195,818
195,857
195,872
195,888
195,890
195,911
195,912
195,921
195,961
196,200
196,261
196,287
196,345
196,368
196,394
196,414
196,437
196,445
196,523
196,553
196,567
196,626
196,647
196,662
196,667
196,696
196,722
196,754
196,765
196,806
196,828
196,850
196,865
196,878
196,882
196,890
196,901
196,918
196,978
197,247
197,255
197,264
197,288
197,338
197,352
197,416
197,433
197,448
197,487
197,492
197,493
197,506
197,518
197,540
197,542
197,577
197,590
197,592
197,618
197,636
197,711
197,715
197,812
197,825
197,851
197,866
197,872
197,890
198,218
198,242
198,258
198,289
198,305
198,311
198,352
198,354
198,370
198,379
198,392
198,407
198,414
198,456
198,465
198,479
198,496
198,550
198,654
198,686
198,706
198,712
198,734
198,742
198,828
198,836
198,841
198,881
198,904
198,914
198,929
198,959
198,969
199,205
199,206
199,208
199,231
199,233
199,248
199,249
199,251
199,253
199,260
199,289
199,294
199,323
199,337
199,339
199,361
199,376
199,381
199,392
199,404
199,415
199,433
199,447
199,464
199,475
199,499
199,548
199,561
199,562
199,565
199,589
199,590
199,594
199,595
199,614
199,623
199,631
199,650
199,652
199,659
199,665
199,687
199,710
199,726
199,730
199,758
199,774
199,784
199,785
199,800
199,807
199,827
199,861
199,868
199,873
199,885
199,893
199,900
199,916
199,918
199,931
199,954
199,969
199,972
199,984
199,988
199,991
200,222
200,257
200,262
200,272
200,280
200,281
200,282
200,287
200,289
200,309
200,310
200,312
200,313
200,325
200,334
200,356
200,406
200,414
200,438
200,453
200,474
200,482
200,497
200,512
200,522
200,530
200,554
200,557
200,586
200,602
200,607
200,623
200,630
200,647
200,649
200,720
200,736
200,759
200,777
200,784
200,800
200,801
200,809
200,813
200,824
200,831
200,837
200,867
200,875
200,908
200,909
200,944
200,949
200,964
200,968
200,983
200,984
201,327
201,332
201,411
201,436
201,485
201,544
201,558
201,562
201,564
201,573
201,608
201,644
201,647
201,720
201,761
201,772
201,808
201,849
201,907
201,957
201,982
202,321
202,327
202,339
202,463
202,644
202,664
202,690
202,808
202,822
202,841
202,874
202,891
202,912
202,950
203,242
203,268
203,277
203,280
203,317
203,329
203,349
203,368
203,389
203,394
203,415
203,430
203,443
203,455
203,496
203,500
203,506
203,513
203,550
203,553
203,613
203,615
203,630
203,643
203,652
203,656
203,666
203,689
203,696
203,700
203,730
203,802
203,813
203,821
203,849
203,850
203,860
203,865
203,868
203,883
203,890
203,898
203,904
203,919
203,948
203,960
203,983
204,206
204,237
204,249
204,281
204,287
204,289
204,305
204,324
204,333
204,339
204,340
204,344
204,351
204,356
204,361
204,362
204,365
204,402
204,414
204,427
204,429
204,430
204,434
204,435
204,457
204,463
204,485
204,498
204,505
204,509
204,514
204,523
204,526
204,533
204,538
204,566
204,582
204,583
204,607
204,631
204,640
204,641
204,642
204,652
204,660
204,665
204,670
204,679
204,682
204,696
204,697
204,707
204,711
204,720
204,725
204,731
204,736
204,737
204,750
204,754
204,764
204,773
204,785
204,803
204,804
204,807
204,814
204,823
204,825
204,839
204,841
204,849
204,870
204,903
204,906
204,916
204,924
204,926
204,927
204,935
204,949
204,950
204,952
204,954
204,969
204,980
204,988
205,242
205,246
205,329
205,333
205,391
205,421
205,514
205,515
205,544
205,645
205,694
205,795
205,802
205,826
205,841
205,851
205,904
205,938
205,944
205,959
205,978
206,219
206,237
206,242
206,257
206,304
206,321
206,388
206,396
206,406
206,423
206,434
206,436
206,480
206,485
206,499
206,530
206,546
206,549
206,567
206,586
206,612
206,623
206,635
206,637
206,664
206,716
206,736
206,755
206,774
206,793
206,801
206,819
206,839
206,842
206,878
206,916
206,926
206,937
206,938
206,945
206,958
206,962
207,230
207,255
207,321
207,329
207,380
207,381
207,383
207,388
207,390
207,433
207,451
207,491
207,506
207,509
207,526
207,527
207,542
207,564
207,590
207,592
207,600
207,653
207,654
207,680
207,688
207,704
207,705
207,715
207,753
207,754
207,771
207,785
207,786
207,794
207,802
207,821
207,837
207,878
207,887
207,937
207,946
207,967
207,975
207,990
207,991
207,993
207,995
207,997
208,265
208,311
208,314
208,320
208,338
208,485
208,549
208,556
208,566
208,580
208,586
208,603
208,642
208,647
208,650
208,676
208,680
208,687
208,718
208,719
208,725
208,733
208,771
208,778
208,782
208,820
208,858
208,866
208,872
208,906
208,925
208,926
208,948
208,979
208,996
209,225
209,255
209,320
209,337
209,341
209,367
209,371
209,395
209,467
209,470
209,484
209,497
209,500
209,501
209,584
209,595
209,671
209,682
209,690
209,692
209,712
209,772
209,779
209,797
209,851
209,861
209,870
209,877
209,917
209,928
209,939
209,977
209,978
210,211
210,214
210,232
210,268
210,271
210,288
210,308
210,378
210,379
210,383
210,405
210,448
210,500
210,504
210,525
210,526
210,531
210,540
210,597
210,649
210,665
210,673
210,691
210,709
210,720
210,734
210,763
210,773
210,814
210,815
210,852
210,858
210,887
210,888
210,904
210,916
210,943
210,984
211,278
211,284
211,290
211,297
211,337
211,355
211,370
211,415
211,427
211,478
211,484
211,527
211,571
211,581
211,617
211,620
211,640
211,681
211,748
211,765
211,768
211,794
211,833
211,878
211,902
211,909
211,955
211,962
211,977
211,982
212,364
212,390
212,473
212,489
212,520
212,554
212,606
212,611
212,619
212,654
212,671
212,683
212,726
212,734
212,746
212,809
212,879
212,999
213,222
213,226
213,228
213,232
213,239
213,249
213,290
213,312
213,327
213,334
213,337
213,340
213,345
213,370
213,381
213,385
213,394
213,404
213,405
213,409
213,440
213,447
213,455
213,510
213,518
213,523
213,527
213,533
213,538
213,539
213,540
213,549
213,570
213,571
213,575
213,586
213,590
213,613
213,638
213,644
213,647
213,652
213,658
213,667
213,682
213,693
213,704
213,736
213,764
213,768
213,781
213,814
213,826
213,841
213,845
213,850
213,861
213,879
213,882
213,887
213,892
213,901
213,938
213,941
213,946
213,948
213,949
213,952
213,957
213,958
213,962
213,965
213,966
213,970
213,976
214,236
214,308
214,317
214,353
214,356
214,364
214,406
214,421
214,449
214,452
214,473
214,495
214,501
214,552
214,568
214,587
214,626
214,722
214,726
214,732
214,830
214,837
214,865
214,868
214,874
214,875
214,886
214,888
214,896
214,897
214,926
214,943
215,255
215,275
215,287
215,332
215,337
215,350
215,354
215,381
215,385
215,397
215,407
215,411
215,421
215,437
215,441
215,453
215,460
215,478
215,488
215,512
215,518
215,524
215,535
215,546
215,552
215,566
215,578
215,585
215,592
215,632
215,675
215,676
215,697
215,698
215,711
215,719
215,729
215,736
215,778
215,857
215,877
215,888
215,894
215,900
215,902
215,911
215,916
215,918
215,926
215,967
215,972
215,985
215,995
216,235
216,239
216,272
216,340
216,351
216,358
216,370
216,415
216,499
216,511
216,523
216,575
216,577
216,579
216,586
216,600
216,604
216,615
216,638
216,657
216,717
216,724
216,746
216,754
216,757
216,764
216,776
216,786
216,801
216,803
216,835
216,870
216,874
216,876
216,919
216,942
216,951
216,952
216,959
217,228
217,241
217,242
217,267
217,273
217,279
217,284
217,286
217,289
217,291
217,305
217,341
217,344
217,355
217,401
217,419
217,422
217,479
217,482
217,502
217,562
217,576
217,581
217,602
217,647
217,741
217,758
217,846
217,870
217,875
217,943
217,969
218,302
218,314
218,340
218,350
218,353
218,375
218,435
218,443
218,445
218,451
218,491
218,544
218,564
218,621
218,672
218,766
218,774
218,798
218,804
218,819
218,822
218,837
218,853
218,884
218,920
218,964
218,973
218,981
218,986
219,312
219,319
219,333
219,339
219,379
219,380
219,391
219,434
219,481
219,496
219,520
219,524
219,529
219,534
219,538
219,559
219,578
219,623
219,624
219,679
219,683
219,703
219,715
219,727
219,773
219,774
219,781
219,812
219,935
219,968
220,227
220,240
220,251
220,258
220,273
220,298
220,303
220,326
220,375
220,380
220,391
220,448
220,450
220,465
220,529
220,535
220,539
220,704
220,745
220,764
220,766
220,779
220,823
220,831
220,857
220,871
220,945
220,962
220,965
221,267
221,285
221,309
221,329
221,355
221,452
221,475
221,525
221,544
221,601
221,639
221,640
221,646
221,658
221,739
221,802
221,876
221,939
221,955
221,958
221,986
222,248
222,257
222,260
222,332
222,337
222,356
222,416
222,476
222,491
222,523
222,531
222,533
222,541
222,549
222,571
222,576
222,602
222,607
222,631
222,655
222,669
222,678
222,689
222,703
222,739
222,749
222,773
222,776
222,793
222,818
222,822
222,850
222,862
222,895
222,967
223,226
223,234
223,245
223,248
223,251
223,304
223,311
223,335
223,374
223,396
223,398
223,404
223,411
223,432
223,457
223,497
223,531
223,532
223,544
223,619
223,627
223,637
223,654
223,657
223,658
223,666
223,682
223,686
223,703
223,716
223,753
223,776
223,787
223,797
223,812
223,836
223,842
223,851
223,867
223,878
223,893
223,895
223,902
223,957
223,962
223,980
223,987
224,227
224,229
224,246
224,387
224,424
224,447
224,451
224,469
224,488
224,532
224,732
224,757
224,809
224,880
224,889
224,902
224,903
224,921
224,942
225,229
225,248
225,269
225,273
225,281
225,296
225,300
225,335
225,337
225,396
225,402
225,405
225,417
225,433
225,444
225,502
225,550
225,561
225,607
225,633
225,648
225,669
225,679
225,716
225,726
225,789
225,828
225,845
225,864
225,877
225,882
225,906
225,923
225,948
225,976
226,231
226,238
226,260
226,264
226,282
226,305
226,322
226,348
226,368
226,374
226,393
226,403
226,450
226,459
226,465
226,474
226,476
226,506
226,552
226,568
226,598
226,600
226,628
226,692
226,711
226,725
226,750
226,757
226,866
226,882
226,916
226,925
226,938
227,229
227,233
227,246
227,264
227,265
227,268
227,270
227,358
227,361
227,381
227,400
227,408
227,417
227,420
227,437
227,450
227,464
227,577
227,591
227,602
227,615
227,619
227,714
227,718
227,727
227,728
227,731
227,755
227,788
227,803
227,830
227,893
227,903
227,913
227,982
227,983
227,986
228,258
228,262
228,276
228,330
228,334
228,345
228,358
228,384
228,389
228,398
228,457
228,473
228,516
228,533
228,600
228,618
228,620
228,626
228,705
228,713
228,751
228,786
228,797
228,798
228,826
228,832
228,842
228,843
228,872
228,882
228,901
228,932
228,956
228,975
229,271
229,310
229,350
229,355
229,375
229,382
229,394
229,398
229,410
229,427
229,476
229,480
229,487
229,502
229,506
229,517
229,543
229,572
229,601
229,603
229,636
229,643
229,644
229,645
229,674
229,679
229,685
229,701
229,747
229,788
229,795
229,811
229,834
229,852
229,867
229,878
229,889
229,890
229,947
229,977
229,992
230,247
230,271
230,295
230,300
230,306
230,322
230,335
230,435
230,537
230,539
230,541
230,558
230,577
230,580
230,613
230,617
230,689
230,706
230,708
230,743
230,748
230,759
230,786
230,795
230,873
230,885
230,902
230,922
230,927
230,999
231,236
231,298
231,325
231,326
231,340
231,350
231,378
231,387
231,401
231,479
231,491
231,492
231,497
231,526
231,528
231,530
231,543
231,546
231,552
231,575
231,581
231,610
231,615
231,620
231,623
231,648
231,649
231,656
231,758
231,785
231,814
231,842
231,848
231,850
231,862
231,901
231,908
231,915
231,930
231,936
231,952
232,233
232,237
232,238
232,239
232,259
232,270
232,277
232,304
232,309
232,313
232,333
232,336
232,363
232,367
232,380
232,381
232,400
232,401
232,419
232,431
232,484
232,488
232,489
232,503
232,505
232,507
232,551
232,579
232,591
232,604
232,605
232,607
232,610
232,621
232,622
232,640
232,650
232,651
232,652
232,653
232,654
232,658
232,660
232,669
232,672
232,676
232,682
232,706
232,729
232,730
232,738
232,740
232,771
232,792
232,812
232,823
232,824
232,841
232,842
232,844
232,846
232,850
232,857
232,876
232,880
232,892
232,916
232,921
232,931
232,962
232,978
232,984
232,987
233,237
233,238
233,255
233,332
233,333
233,338
233,368
233,402
233,421
233,426
233,441
233,463
233,469
233,484
233,518
233,519
233,528
233,535
233,546
233,555
233,567
233,603
233,619
233,642
233,739
233,754
233,774
233,777
233,798
233,812
233,819
233,837
233,851
233,875
233,878
233,879
233,920
233,922
233,950
233,986
234,245
234,254
234,288
234,313
234,361
234,402
234,427
234,429
234,447
234,450
234,465
234,470
234,487
234,497
234,512
234,535
234,555
234,617
234,634
234,636
234,646
234,666
234,703
234,718
234,746
234,768
234,791
234,799
234,800
234,811
234,852
234,859
234,866
234,912
234,918
234,932
234,975
235,242
235,296
235,320
235,328
235,429
235,543
235,558
235,619
235,647
235,662
235,724
235,743
235,842
235,937
235,946
235,952
235,976
236,260
236,264
236,290
236,292
236,312
236,326
236,345
236,373
236,389
236,394
236,415
236,423
236,444
236,526
236,549
236,579
236,588
236,606
236,618
236,631
236,638
236,640
236,648
236,649
236,653
236,723
236,753
236,776
236,781
236,816
236,860
236,861
236,876
236,890
236,901
236,903
236,917
236,962
236,964
236,978
237,248
237,253
237,288
237,298
237,318
237,328
237,335
237,339
237,370
237,432
237,482
237,549
237,567
237,614
237,629
237,641
237,674
237,726
237,743
237,774
237,777
237,782
237,798
237,803
237,810
237,816
237,819
237,820
237,835
237,847
237,849
237,867
237,907
237,914
237,923
237,924
237,939
237,977
237,984
237,986
238,268
238,270
238,278
238,288
238,318
238,338
238,371
238,393
238,405
238,412
238,442
238,464
238,478
238,555
238,571
238,603
238,615
238,630
238,663
238,683
238,727
238,801
238,810
238,821
238,837
238,857
238,863
238,864
238,884
238,886
238,910
239,269
239,284
239,329
239,335
239,337
239,353
239,369
239,421
239,426
239,455
239,475
239,491
239,547
239,582
239,598
239,613
239,615
239,671
239,681
239,696
239,711
239,715
239,730
239,759
239,777
239,794
239,831
239,842
239,866
239,887
239,888
239,890
239,932
239,938
240,297
240,311
240,317
240,319
240,320
240,321
240,347
240,350
240,360
240,392
240,400
240,421
240,452
240,488
240,546
240,552
240,588
240,592
240,605
240,611
240,619
240,657
240,676
240,715
240,722
240,728
240,759
240,837
240,855
240,860
240,898
240,902
240,913
240,927
240,936
240,959
240,965
240,984
241,246
241,253
241,276
241,319
241,323
241,340
241,354
241,368
241,383
241,387
241,412
241,473
241,528
241,533
241,538
241,555
241,558
241,578
241,581
241,587
241,594
241,628
241,631
241,667
241,727
241,729
241,746
241,748
241,758
241,819
241,831
241,836
241,860
241,866
241,875
241,878
241,881
241,902
241,905
241,937
241,959
242,245
242,258
242,355
242,395
242,552
242,586
242,616
242,696
242,753
242,776
242,825
242,852
242,862
242,863
242,899
242,984
243,248
243,252
243,268
243,296
243,311
243,320
243,346
243,355
243,519
243,539
243,544
243,578
243,678
243,784
243,801
243,822
243,842
243,875
243,876
243,878
243,884
243,922
243,932
243,943
243,945
243,957
243,994
244,253
244,258
244,268
244,275
244,288
244,316
244,344
244,353
244,372
244,411
244,461
244,494
244,570
244,612
244,662
244,691
244,738
244,790
244,848
244,860
244,923
245,269
245,325
245,327
245,350
245,361
245,397
245,412
245,444
245,445
245,463
245,464
245,477
245,501
245,506
245,526
245,529
245,568
245,582
245,613
245,630
245,639
245,679
245,681
245,701
245,719
245,778
245,794
245,818
245,855
245,871
245,872
245,874
245,878
245,948
246,255
246,275
246,297
246,347
246,349
246,354
246,364
246,392
246,410
246,428
246,445
246,446
246,457
246,458
246,465
246,478
246,481
246,547
246,603
246,605
246,621
246,622
246,630
246,636
246,645
246,647
246,661
246,686
246,714
246,715
246,738
246,796
246,807
246,826
246,833
246,851
246,880
246,906
246,909
246,911
246,947
246,960
246,961
246,975
246,976
246,984
246,995
247,249
247,253
247,258
247,424
247,469
247,500
247,518
247,566
247,587
247,590
247,621
247,651
247,656
247,657
247,662
247,679
247,735
247,893
247,898
247,916
247,921
247,951
247,959
247,976
248,257
248,260
248,263
248,279
248,288
248,294
248,309
248,310
248,323
248,326
248,331
248,333
248,337
248,340
248,377
248,383
248,405
248,420
248,423
248,474
248,482
248,495
248,498
248,523
248,526
248,546
248,570
248,573
248,583
248,605
248,616
248,619
248,622
248,638
248,639
248,646
248,649
248,663
248,667
248,671
248,676
248,690
248,700
248,710
248,718
248,736
248,738
248,741
248,750
248,758
248,773
248,800
248,824
248,833
248,841
248,851
248,853
248,855
248,887
248,907
248,918
248,931
248,946
248,961
248,966
248,995
248,998
249,254
249,263
249,290
249,292
249,297
249,334
249,355
249,382
249,388
249,390
249,402
249,403
249,406
249,409
249,421
249,450
249,468
249,483
249,487
249,517
249,527
249,529
249,541
249,545
249,546
249,574
249,603
249,604
249,618
249,631
249,632
249,635
249,637
249,644
249,668
249,710
249,717
249,728
249,749
249,772
249,789
249,796
249,798
249,803
249,813
249,828
249,843
249,846
249,856
249,857
249,862
249,897
249,911
249,912
249,916
249,920
249,921
249,950
249,951
249,954
249,958
249,971
249,978
249,984
250,269
250,305
250,311
250,372
250,415
250,544
250,639
250,647
250,696
250,743
250,759
251,255
251,263
251,264
251,268
251,311
251,320
251,323
251,329
251,333
251,359
251,391
251,394
251,412
251,417
251,427
251,445
251,453
251,457
251,542
251,548
251,550
251,552
251,577
251,603
251,640
251,644
251,653
251,691
251,692
251,708
251,720
251,736
251,751
251,759
251,817
251,818
251,850
251,859
251,861
251,866
251,887
251,903
251,910
251,919
251,931
251,932
251,956
251,958
251,959
251,976
252,341
252,375
252,391
252,431
252,457
252,473
252,483
252,490
252,524
252,588
252,654
252,662
252,737
252,757
252,805
252,829
252,850
252,865
253,283
253,386
253,393
253,397
253,401
253,402
253,404
253,409
253,433
253,434
253,441
253,457
253,463
253,470
253,481
253,496
253,501
253,523
253,545
253,560
253,591
253,593
253,607
253,630
253,633
253,635
253,732
253,748
253,761
253,782
253,791
253,802
253,807
253,832
253,845
253,856
253,857
253,864
253,876
253,895
253,917
253,956
254,268
254,292
254,325
254,394
254,414
254,418
254,433
254,470
254,476
254,480
254,485
254,495
254,502
254,540
254,575
254,612
254,614
254,665
254,679
254,716
254,751
254,773
254,797
254,804
254,812
254,818
254,819
254,882
254,891
254,933
254,967
254,969
254,987
255,260
255,284
255,304
255,314
255,319
255,337
255,351
255,359
255,381
255,385
255,392
255,394
255,397
255,426
255,428
255,441
255,442
255,454
255,466
255,475
255,482
255,496
255,506
255,518
255,559
255,566
255,567
255,582
255,584
255,590
255,619
255,622
255,623
255,646
255,676
255,679
255,686
255,687
255,688
255,700
255,701
255,715
255,721
255,725
255,731
255,749
255,781
255,806
255,820
255,851
255,866
255,872
255,893
255,911
255,935
255,941
255,943
255,945
255,973
255,989
255,990
256,284
256,297
256,341
256,348
256,388
256,416
256,437
256,451
256,454
256,467
256,478
256,494
256,495
256,499
256,526
256,546
256,590
256,642
256,668
256,682
256,690
256,772
256,773
256,774
256,828
256,844
256,871
256,903
256,907
256,911
256,923
256,924
256,951
256,958
256,977
256,986
256,999
257,281
257,318
257,349
257,351
257,362
257,405
257,421
257,433
257,457
257,478
257,528
257,541
257,546
257,548
257,564
257,587
257,598
257,602
257,603
257,604
257,608
257,640
257,655
257,663
257,664
257,669
257,687
257,727
257,737
257,817
257,819
257,834
257,866
257,918
257,921
257,922
257,937
257,954
257,975
257,979
258,282
258,283
258,284
258,295
258,309
258,318
258,323
258,338
258,352
258,359
258,372
258,377
258,415
258,423
258,445
258,467
258,473
258,484
258,505
258,511
258,525
258,532
258,533
258,554
258,611
258,622
258,624
258,630
258,656
258,683
258,707
258,749
258,763
258,773
258,828
258,852
258,879
258,898
258,904
258,983
259,286
259,439
259,470
259,525
259,542
259,588
259,615
259,616
259,642
259,649
259,662
259,697
259,706
259,707
259,713
259,745
259,875
259,932
259,957
260,278
260,280
260,281
260,298
260,312
260,331
260,337
260,353
260,358
260,359
260,380
260,382
260,394
260,401
260,429
260,434
260,435
260,445
260,447
260,476
260,485
260,491
260,497
260,504
260,506
260,523
260,528
260,530
260,538
260,540
260,561
260,570
260,574
260,624
260,648
260,649
260,651
260,653
260,676
260,683
260,693
260,696
260,697
260,725
260,726
260,736
260,758
260,773
260,792
260,810
260,836
260,867
260,875
260,903
260,911
260,956
260,981
261,264
261,274
261,277
261,305
261,307
261,309
261,311
261,323
261,327
261,350
261,368
261,376
261,382
261,383
261,390
261,391
261,399
261,437
261,455
261,478
261,485
261,509
261,522
261,533
261,546
261,564
261,571
261,586
261,595
261,608
261,677
261,705
261,713
261,760
261,778
261,779
261,797
261,826
261,829
261,847
261,855
261,861
261,904
261,916
261,925
261,945
261,961
261,989
262,295
262,296
262,361
262,452
262,489
262,490
262,491
262,507
262,514
262,526
262,540
262,575
262,581
262,600
262,605
262,674
262,707
262,768
262,797
262,821
262,876
262,882
262,892
262,909
262,932
262,942
262,990
263,278
263,330
263,347
263,351
263,353
263,376
263,383
263,392
263,400
263,424
263,434
263,455
263,523
263,537
263,590
263,636
263,637
263,664
263,687
263,700
263,725
263,735
263,739
263,754
263,774
263,811
263,814
263,825
263,828
263,833
263,868
263,888
263,890
263,902
263,904
263,934
263,941
263,958
263,959
263,971
263,982
264,269
264,304
264,307
264,324
264,341
264,415
264,419
264,425
264,485
264,526
264,542
264,550
264,561
264,565
264,585
264,592
264,616
264,681
264,693
264,816
264,866
264,877
264,878
264,881
264,887
264,902
264,929
264,937
264,962
264,967
264,970
264,985
264,999
265,274
265,296
265,298
265,318
265,336
265,337
265,339
265,345
265,374
265,378
265,409
265,411
265,449
265,457
265,464
265,467
265,481
265,503
265,521
265,574
265,590
265,597
265,619
265,623
265,637
265,641
265,659
265,702
265,732
265,754
265,758
265,782
265,789
265,794
265,795
265,797
265,807
265,816
265,824
265,835
265,841
265,849
265,862
265,864
265,872
265,925
265,926
265,934
265,935
265,939
265,950
265,965
265,978
265,986
266,268
266,288
266,329
266,347
266,354
266,360
266,410
266,431
266,435
266,443
266,462
266,489
266,506
266,508
266,585
266,597
266,652
266,685
266,691
266,739
266,740
266,757
266,769
266,797
266,799
266,816
266,866
266,879
266,889
266,893
266,894
266,920
266,942
266,952
266,966
266,985
266,997
267,328
267,357
267,511
267,526
267,566
267,622
267,642
267,656
267,657
267,681
267,682
267,694
267,767
267,802
267,885
267,908
267,928
267,929
267,992
268,274
268,275
268,281
268,287
268,288
268,292
268,298
268,300
268,305
268,325
268,332
268,360
268,379
268,402
268,416
268,417
268,428
268,492
268,509
268,531
268,537
268,548
268,549
268,561
268,563
268,571
268,577
268,578
268,584
268,616
268,622
268,639
268,644
268,652
268,654
268,670
268,678
268,684
268,691
268,694
268,710
268,716
268,729
268,745
268,752
268,769
268,784
268,796
268,801
268,821
268,833
268,850
268,894
268,901
268,902
268,907
268,943
268,952
268,963
268,977
268,979
268,993
268,995
269,282
269,295
269,312
269,335
269,337
269,358
269,385
269,453
269,454
269,541
269,542
269,552
269,577
269,592
269,595
269,596
269,624
269,639
269,670
269,696
269,704
269,708
269,713
269,740
269,742
269,784
269,818
269,836
269,837
269,855
269,867
269,896
269,901
269,908
269,935
269,942
269,945
269,979
269,994
270,271
270,284
270,289
270,312
270,320
270,353
270,364
270,413
270,426
270,438
270,456
270,478
270,493
270,499
270,518
270,578
270,579
270,592
270,632
270,680
270,686
270,699
270,700
270,720
270,798
270,856
270,880
270,907
270,913
271,279
271,290
271,298
271,318
271,319
271,341
271,346
271,369
271,373
271,378
271,452
271,558
271,563
271,570
271,572
271,622
271,633
271,657
271,672
271,683
271,732
271,757
271,770
271,774
271,783
271,830
271,837
271,857
271,858
271,910
271,925
271,927
271,936
271,947
271,959
271,996
272,303
272,309
272,325
272,354
272,360
272,362
272,365
272,408
272,439
272,466
272,497
272,511
272,608
272,618
272,638
272,682
272,698
272,707
272,736
272,751
272,756
272,826
272,859
272,882
272,901
272,952
272,962
272,967
272,970
273,276
273,304
273,336
273,361
273,388
273,405
273,456
273,516
273,523
273,532
273,545
273,559
273,603
273,643
273,667
273,738
273,775
273,826
273,840
273,917
273,996
273,999
274,287
274,300
274,317
274,355
274,368
274,378
274,386
274,411
274,443
274,471
274,495
274,513
274,518
274,569
274,577
274,584
274,595
274,636
274,642
274,649
274,680
274,681
274,687
274,700
274,704
274,713
274,718
274,719
274,732
274,769
274,803
274,814
274,828
274,842
274,857
274,901
274,936
274,938
274,958
274,967
274,969
274,977
274,979
274,984
274,996
275,311
275,314
275,333
275,377
275,392
275,413
275,428
275,448
275,457
275,471
275,484
275,527
275,530
275,549
275,564
275,574
275,614
275,651
275,683
275,687
275,728
275,748
275,777
275,781
275,789
275,870
275,872
275,884
275,897
275,921
275,951
275,979
275,993
276,288
276,299
276,305
276,323
276,341
276,353
276,354
276,360
276,397
276,414
276,432
276,471
276,473
276,540
276,549
276,556
276,560
276,591
276,616
276,618
276,628
276,655
276,700
276,710
276,730
276,749
276,752
276,775
276,778
276,779
276,785
276,796
276,802
276,811
276,828
276,829
276,853
276,857
276,866
276,878
276,881
276,887
276,888
276,915
276,932
276,937
276,945
276,948
276,953
277,294
277,315
277,333
277,344
277,385
277,434
277,439
277,466
277,509
277,546
277,555
277,562
277,597
277,617
277,638
277,693
277,706
277,718
277,721
277,817
277,890
277,906
277,925
277,985
278,304
278,330
278,394
278,402
278,406
278,421
278,439
278,441
278,444
278,445
278,511
278,623
278,671
278,681
278,684
278,701
278,752
278,781
278,796
278,804
278,815
278,864
278,907
278,913
278,937
278,955
278,969
278,991
279,292
279,384
279,415
279,445
279,481
279,489
279,499
279,510
279,526
279,528
279,543
279,574
279,577
279,625
279,646
279,658
279,669
279,682
279,690
279,698
279,710
279,743
279,790
279,793
279,828
279,849
279,869
279,883
279,939
279,949
279,951
279,953
279,963
279,980
279,987
280,284
280,348
280,353
280,366
280,370
280,378
280,384
280,394
280,441
280,497
280,502
280,526
280,583
280,649
280,667
280,693
280,698
280,722
280,726
280,742
280,749
280,751
280,760
280,779
280,797
280,871
280,874
280,901
280,912
280,917
280,939
281,287
281,289
281,318
281,334
281,339
281,362
281,368
281,375
281,376
281,405
281,411
281,420
281,429
281,445
281,449
281,465
281,481
281,489
281,491
281,499
281,548
281,559
281,571
281,578
281,604
281,614
281,623
281,660
281,665
281,679
281,712
281,719
281,729
281,736
281,773
281,774
281,795
281,800
281,818
281,833
281,864
281,866
281,869
281,883
281,890
281,891
281,911
281,912
281,924
281,926
281,951
281,962
281,988
281,991
282,285
282,289
282,293
282,320
282,321
282,356
282,408
282,445
282,460
282,470
282,485
282,491
282,507
282,522
282,542
282,544
282,553
282,557
282,579
282,604
282,619
282,631
282,635
282,639
282,643
282,669
282,683
282,726
282,774
282,822
282,857
282,869
282,878
282,891
282,893
282,946
282,962
282,975
282,976
282,988
282,989
283,284
283,297
283,397
283,421
283,438
283,566
283,572
283,612
283,676
283,703
283,762
283,853
283,870
283,878
283,883
283,893
283,900
283,911
283,937
283,939
283,942
283,949
283,959
283,961
284,311
284,321
284,323
284,327
284,337
284,355
284,364
284,367
284,369
284,382
284,402
284,410
284,421
284,427
284,434
284,458
284,470
284,531
284,539
284,590
284,595
284,608
284,613
284,650
284,674
284,680
284,687
284,689
284,693
284,715
284,721
284,738
284,782
284,783
284,784
284,819
284,827
284,830
284,846
284,848
284,857
284,858
284,893
284,896
284,904
284,913
284,915
284,927
284,930
284,931
284,940
284,943
284,949
284,965
284,984
284,990
285,293
285,306
285,311
285,328
285,366
285,368
285,439
285,465
285,491
285,513
285,541
285,555
285,577
285,587
285,592
285,598
285,613
285,621
285,630
285,640
285,667
285,671
285,722
285,736
285,745
285,758
285,769
285,805
285,827
285,832
285,842
285,849
285,884
285,888
285,942
285,970
285,973
285,977
286,315
286,446
286,479
286,481
286,512
286,532
286,535
286,577
286,595
286,683
286,686
286,728
286,748
286,781
286,818
286,828
286,853
286,889
286,915
286,919
286,943
286,965
286,995
287,307
287,320
287,333
287,338
287,344
287,355
287,358
287,381
287,385
287,404
287,411
287,442
287,445
287,455
287,475
287,481
287,489
287,512
287,521
287,528
287,540
287,561
287,571
287,606
287,640
287,659
287,682
287,696
287,702
287,709
287,711
287,712
287,729
287,739
287,758
287,761
287,768
287,773
287,785
287,797
287,799
287,817
287,827
287,831
287,833
287,857
287,858
287,862
287,884
287,887
287,910
287,940
287,946
287,961
287,965
287,967
287,970
287,999
288,314
288,332
288,338
288,341
288,352
288,354
288,405
288,416
288,417
288,438
288,477
288,479
288,491
288,508
288,573
288,585
288,601
288,632
288,639
288,686
288,697
288,710
288,740
288,768
288,772
288,786
288,792
288,799
288,827
288,838
288,843
288,856
288,857
288,864
288,865
288,878
288,881
288,907
288,916
288,922
288,936
288,937
288,947
288,958
288,982
289,310
289,375
289,418
289,460
289,480
289,481
289,509
289,514
289,522
289,546
289,570
289,575
289,582
289,586
289,603
289,631
289,637
289,650
289,656
289,679
289,682
289,709
289,719
289,727
289,733
289,735
289,754
289,757
289,814
289,835
289,836
289,842
289,855
289,857
289,861
289,862
289,873
289,883
289,900
289,907
289,925
289,964
289,967
289,971
289,972
289,975
289,979
289,987
290,307
290,379
290,385
290,417
290,490
290,509
290,535
290,547
290,592
290,601
290,636
290,650
290,668
290,692
290,718
290,781
290,817
290,829
290,882
290,883
290,887
290,905
290,910
290,976
291,384
291,462
291,485
291,841
291,859
291,952
291,971
292,313
292,324
292,338
292,357
292,375
292,402
292,414
292,446
292,448
292,466
292,473
292,481
292,527
292,532
292,536
292,572
292,590
292,611
292,617
292,631
292,672
292,686
292,701
292,730
292,811
292,818
292,831
292,841
292,852
292,860
292,887
292,890
292,898
292,899
293,316
293,337
293,346
293,384
293,396
293,414
293,459
293,489
293,493
293,507
293,549
293,561
293,564
293,583
293,598
293,612
293,627
293,629
293,672
293,681
293,689
293,707
293,710
293,712
293,714
293,737
293,741
293,791
293,832
293,838
293,868
293,884
293,901
293,921
293,946
293,959
293,975
293,988
293,989
294,349
294,362
294,381
294,426
294,433
294,500
294,590
294,637
294,643
294,665
294,689
294,699
294,735
294,783
294,831
294,883
294,937
295,354
295,380
295,439
295,446
295,465
295,546
295,557
295,592
295,595
295,599
295,639
295,656
295,713
295,729
295,790
295,801
295,809
295,821
295,985
296,307
296,325
296,340
296,359
296,368
296,375
296,378
296,391
296,394
296,396
296,421
296,455
296,465
296,478
296,492
296,496
296,504
296,524
296,566
296,598
296,605
296,626
296,650
296,654
296,694
296,719
296,725
296,737
296,751
296,773
296,785
296,797
296,801
296,828
296,833
296,842
296,862
296,870
296,909
296,913
296,917
296,950
297,299
297,331
297,351
297,387
297,453
297,568
297,571
297,590
297,633
297,661
297,699
297,700
297,793
297,810
297,819
297,849
297,858
297,925
297,951
297,976
297,986
297,995
298,313
298,384
298,389
298,402
298,439
298,441
298,446
298,499
298,521
298,533
298,613
298,618
298,624
298,742
298,787
298,788
298,793
298,797
298,830
298,869
298,873
298,877
298,908
298,911
298,921
298,930
298,935
298,948
298,976
298,987
299,342
299,347
299,366
299,453
299,469
299,473
299,484
299,513
299,608
299,681
299,699
299,790
299,812
299,863
299,900
299,909
299,959
300,334
300,395
300,401
300,409
300,435
300,447
300,476
300,489
300,523
300,536
300,540
300,581
300,583
300,587
300,658
300,674
300,680
300,710
300,712
300,729
300,746
300,749
300,751
300,753
300,754
300,756
300,773
300,800
300,806
300,818
300,819
300,827
300,831
300,874
300,925
300,944
300,948
300,949
300,952
300,975
300,987
300,990
301,333
301,339
301,341
301,355
301,415
301,438
301,451
301,519
301,532
301,557
301,596
301,664
301,680
301,681
301,689
301,700
301,732
301,884
301,963
302,315
302,332
302,388
302,389
302,393
302,394
302,397
302,409
302,441
302,444
302,445
302,471
302,498
302,535
302,557
302,563
302,636
302,650
302,669
302,741
302,753
302,780
302,895
303,307
303,325
303,329
303,345
303,348
303,353
303,365
303,379
303,381
303,403
303,411
303,424
303,446
303,492
303,515
303,516
303,527
303,539
303,544
303,546
303,552
303,599
303,615
303,644
303,697
303,699
303,700
303,702
303,711
303,716
303,779
303,804
303,805
303,811
303,833
303,880
303,884
303,903
303,933
303,936
303,937
303,963
303,993
304,309
304,359
304,394
304,443
304,445
304,459
304,464
304,466
304,509
304,515
304,528
304,552
304,566
304,586
304,613
304,619
304,652
304,665
304,689
304,696
304,716
304,761
304,783
304,804
304,816
304,832
304,833
304,845
304,866
304,893
304,910
304,926
304,928
304,954
304,967
304,998
305,311
305,321
305,335
305,343
305,368
305,380
305,381
305,382
305,385
305,419
305,426
305,438
305,439
305,447
305,452
305,485
305,492
305,494
305,508
305,527
305,530
305,560
305,566
305,570
305,618
305,622
305,628
305,652
305,674
305,711
305,729
305,736
305,748
305,751
305,757
305,765
305,785
305,805
305,815
305,823
305,856
305,872
305,884
305,888
305,890
305,924
305,961
305,967
305,982
306,373
306,380
306,381
306,383
306,403
306,431
306,527
306,556
306,581
306,618
306,628
306,633
306,639
306,726
306,729
306,733
306,741
306,770
306,848
306,861
306,896
306,959
306,969
307,321
307,340
307,379
307,382
307,412
307,437
307,438
307,454
307,467
307,474
307,530
307,566
307,657
307,697
307,704
307,706
307,713
307,729
307,773
307,869
307,910
307,912
307,937
307,961
307,963
307,971
307,978
307,983
307,985
308,421
308,425
308,428
308,467
308,471
308,473
308,488
308,545
308,558
308,559
308,561
308,579
308,585
308,590
308,601
308,633
308,658
308,722
308,724
308,759
308,766
308,777
308,835
308,873
308,893
308,896
308,950
308,972
308,976
308,980
309,315
309,326
309,340
309,342
309,356
309,358
309,370
309,371
309,388
309,389
309,394
309,401
309,450
309,463
309,491
309,497
309,512
309,520
309,526
309,527
309,528
309,536
309,570
309,581
309,587
309,605
309,618
309,625
309,638
309,643
309,651
309,672
309,674
309,692
309,698
309,725
309,770
309,792
309,815
309,819
309,908
309,917
309,919
309,948
309,962
310,326
310,337
310,340
310,435
310,491
310,497
310,532
310,557
310,570
310,604
310,608
310,617
310,635
310,660
310,678
310,698
310,700
310,788
310,820
310,850
310,866
310,903
310,904
310,908
310,917
310,920
310,956
310,969
311,321
311,323
311,334
311,337
311,340
311,347
311,372
311,419
311,430
311,439
311,449
311,485
311,489
311,525
311,526
311,529
311,539
311,543
311,545
311,550
311,554
311,561
311,572
311,575
311,577
311,590
311,595
311,616
311,617
311,642
311,654
311,660
311,675
311,682
311,686
311,693
311,697
311,717
311,747
311,753
311,763
311,765
311,768
311,791
311,806
311,823
311,847
311,853
311,867
311,871
311,876
311,911
311,926
311,970
311,978
311,996
312,323
312,327
312,329
312,333
312,352
312,370
312,381
312,383
312,397
312,412
312,443
312,455
312,461
312,470
312,482
312,496
312,526
312,529
312,534
312,555
312,561
312,570
312,593
312,594
312,598
312,600
312,606
312,662
312,690
312,693
312,731
312,745
312,772
312,773
312,801
312,814
312,827
312,835
312,842
312,867
312,901
312,908
312,930
312,937
312,949
312,961
312,979
313,318
313,349
313,375
313,380
313,384
313,487
313,500
313,534
313,536
313,602
313,627
313,648
313,705
313,707
313,718
313,720
313,741
313,784
313,805
313,841
313,856
313,870
313,875
313,913
313,948
313,971
313,978
313,992
314,351
314,435
314,452
314,464
314,488
314,519
314,552
314,556
314,578
314,589
314,595
314,619
314,626
314,681
314,686
314,700
314,735
314,796
314,798
314,834
314,837
314,862
314,920
314,936
314,937
314,958
314,972
315,324
315,356
315,363
315,374
315,420
315,440
315,483
315,494
315,519
315,565
315,566
315,569
315,575
315,642
315,717
315,748
315,749
315,755
315,771
315,814
315,816
315,827
315,864
315,869
315,872
315,880
315,905
315,919
315,947
315,958
315,968
316,340
316,414
316,418
316,481
316,604
316,625
316,630
316,689
316,756
316,781
316,820
316,841
316,975
317,341
317,342
317,344
317,353
317,391
317,421
317,426
317,438
317,464
317,486
317,489
317,506
317,519
317,521
317,526
317,535
317,572
317,573
317,579
317,606
317,621
317,647
317,687
317,711
317,713
317,758
317,794
317,798
317,816
317,827
317,829
317,836
317,849
317,858
317,878
317,897
317,899
317,907
317,936
317,944
317,950
317,956
317,959
317,976
317,995
318,339
318,378
318,382
318,396
318,408
318,447
318,459
318,478
318,481
318,530
318,568
318,650
318,659
318,680
318,684
318,689
318,693
318,718
318,736
318,762
318,835
318,851
318,888
318,892
318,906
318,918
318,950
318,989
319,320
319,340
319,375
319,383
319,386
319,416
319,426
319,438
319,447
319,454
319,483
319,503
319,506
319,531
319,540
319,546
319,552
319,578
319,608
319,623
319,628
319,639
319,668
319,686
319,731
319,733
319,765
319,767
319,817
319,824
319,858
319,890
319,891
319,910
319,931
319,943
319,950
319,951
319,989
320,325
320,347
320,354
320,357
320,397
320,429
320,445
320,455
320,492
320,518
320,524
320,533
320,539
320,549
320,561
320,626
320,642
320,701
320,718
320,720
320,742
320,769
320,771
320,774
320,777
320,802
320,810
320,814
320,830
320,842
320,883
320,899
320,901
320,907
320,945
320,975
320,994
321,421
321,427
321,445
321,485
321,535
321,567
321,577
321,611
321,617
321,631
321,680
321,720
321,727
321,734
321,736
321,784
321,785
321,801
321,811
321,837
321,866
321,903
321,907
321,916
321,918
321,921
321,922
321,937
321,941
321,959
321,962
321,970
321,980
322,327
322,356
322,388
322,404
322,411
322,415
322,440
322,464
322,502
322,504
322,535
322,548
322,577
322,626
322,632
322,664
322,681
322,683
322,749
322,750
322,784
322,831
322,838
322,856
322,866
322,884
322,902
322,945
322,958
323,330
323,335
323,384
323,392
323,397
323,400
323,404
323,406
323,450
323,454
323,538
323,544
323,598
323,628
323,668
323,681
323,682
323,697
323,725
323,811
323,814
323,823
323,865
323,866
323,886
323,918
323,921
323,978
323,990
323,993
323,996
324,351
324,376
324,378
324,402
324,408
324,419
324,437
324,450
324,526
324,528
324,546
324,582
324,586
324,600
324,605
324,630
324,636
324,642
324,643
324,647
324,675
324,681
324,682
324,693
324,694
324,696
324,743
324,789
324,807
324,814
324,820
324,826
324,832
324,845
324,861
324,866
324,867
324,884
324,895
324,900
324,938
324,941
324,946
324,962
324,998
324,999
325,334
325,356
325,359
325,395
325,396
325,407
325,430
325,437
325,493
325,503
325,525
325,532
325,568
325,577
325,578
325,600
325,604
325,609
325,610
325,640
325,648
325,691
325,696
325,716
325,742
325,750
325,764
325,768
325,781
325,801
325,802
325,824
325,826
325,846
325,904
325,932
325,958
325,997
326,336
326,376
326,402
326,405
326,418
326,429
326,444
326,445
326,450
326,480
326,505
326,508
326,512
326,513
326,520
326,521
326,541
326,546
326,548
326,552
326,558
326,570
326,593
326,604
326,611
326,614
326,623
326,624
326,634
326,653
326,671
326,679
326,690
326,706
326,709
326,710
326,720
326,767
326,773
326,782
326,783
326,785
326,790
326,812
326,826
326,847
326,893
326,894
326,911
326,921
326,946
326,975
326,976
326,983
326,998
327,333
327,381
327,390
327,394
327,397
327,411
327,429
327,434
327,435
327,437
327,478
327,487
327,492
327,496
327,514
327,546
327,581
327,582
327,589
327,593
327,613
327,616
327,631
327,635
327,645
327,655
327,680
327,700
327,715
327,718
327,720
327,736
327,779
327,802
327,813
327,814
327,827
327,847
327,876
327,885
327,942
327,977
327,996
328,334
328,436
328,510
328,515
328,519
328,530
328,546
328,583
328,600
328,604
328,626
328,653
328,675
328,696
328,706
328,725
328,750
328,768
328,773
328,776
328,782
328,833
328,861
328,876
328,922
328,933
328,935
328,962
328,970
329,345
329,362
329,398
329,427
329,530
329,553
329,558
329,592
329,608
329,613
329,628
329,797
329,881
329,917
329,950
329,994
330,334
330,340
330,360
330,374
330,378
330,394
330,404
330,405
330,408
330,412
330,428
330,434
330,450
330,467
330,473
330,512
330,522
330,529
330,538
330,566
330,574
330,597
330,630
330,637
330,652
330,657
330,682
330,683
330,703
330,713
330,715
330,716
330,739
330,742
330,746
330,754
330,774
330,785
330,803
330,804
330,815
330,816
330,853
330,867
330,868
330,869
330,893
330,895
330,908
330,926
330,927
330,935
330,946
330,951
330,954
330,962
330,966
330,984
330,999
331,360
331,451
331,484
331,545
331,578
331,649
331,721
331,756
331,893
331,904
331,999
332,333
332,366
332,368
332,374
332,382
332,386
332,392
332,408
332,416
332,417
332,444
332,467
332,468
332,483
332,484
332,485
332,487
332,488
332,499
332,506
332,514
332,515
332,518
332,527
332,546
332,560
332,567
332,580
332,585
332,592
332,593
332,600
332,603
332,641
332,642
332,650
332,654
332,680
332,686
332,700
332,720
332,722
332,728
332,738
332,740
332,747
332,750
332,767
332,769
332,814
332,824
332,851
332,872
332,875
332,903
332,906
332,907
332,910
332,938
332,943
332,953
332,954
332,967
333,355
333,358
333,368
333,382
333,404
333,459
333,461
333,485
333,488
333,546
333,549
333,579
333,622
333,679
333,686
333,707
333,715
333,720
333,725
333,764
333,775
333,784
333,844
333,857
333,866
333,882
333,899
333,902
333,921
333,931
333,958
333,983
333,993
334,337
334,340
334,362
334,366
334,384
334,415
334,424
334,429
334,434
334,437
334,457
334,459
334,474
334,479
334,482
334,492
334,506
334,515
334,525
334,528
334,534
334,538
334,543
334,548
334,555
334,593
334,599
334,606
334,608
334,613
334,681
334,696
334,729
334,814
334,850
334,875
334,885
334,911
334,926
334,928
334,935
334,968
334,975
334,978
334,988
335,341
335,363
335,374
335,378
335,421
335,425
335,445
335,455
335,474
335,528
335,540
335,542
335,578
335,588
335,597
335,639
335,651
335,668
335,674
335,707
335,709
335,713
335,729
335,734
335,746
335,750
335,757
335,775
335,861
335,890
335,952
335,954
335,978
335,987
336,366
336,390
336,409
336,430
336,432
336,461
336,482
336,501
336,510
336,519
336,544
336,557
336,653
336,677
336,715
336,720
336,730
336,737
336,759
336,770
336,797
336,800
336,846
336,854
336,893
336,933
336,968
336,980
337,410
337,415
337,445
337,461
337,491
337,524
337,540
337,570
337,594
337,620
337,630
337,647
337,655
337,691
337,696
337,700
337,716
337,725
337,726
337,761
337,768
337,848
337,893
337,916
337,943
337,970
337,995
338,356
338,388
338,404
338,413
338,416
338,420
338,427
338,428
338,445
338,473
338,506
338,527
338,566
338,571
338,573
338,677
338,717
338,731
338,732
338,765
338,781
338,807
338,822
338,855
338,887
338,890
338,916
338,945
338,997
338,998
339,351
339,358
339,375
339,394
339,415
339,416
339,424
339,435
339,450
339,452
339,464
339,468
339,477
339,480
339,485
339,507
339,513
339,519
339,540
339,564
339,565
339,580
339,594
339,605
339,623
339,624
339,625
339,646
339,655
339,664
339,695
339,718
339,730
339,787
339,797
339,807
339,816
339,818
339,819
339,820
339,831
339,839
339,856
339,869
339,874
339,889
339,893
339,897
339,901
339,903
339,926
339,935
339,953
339,954
339,955
339,968
339,969
339,972
340,354
340,357
340,360
340,383
340,394
340,397
340,459
340,467
340,470
340,485
340,494
340,502
340,508
340,519
340,526
340,528
340,534
340,538
340,540
340,566
340,571
340,616
340,626
340,631
340,652
340,665
340,667
340,672
340,677
340,681
340,693
340,694
340,711
340,729
340,750
340,762
340,775
340,776
340,784
340,785
340,794
340,796
340,800
340,801
340,814
340,833
340,836
340,842
340,852
340,860
340,875
340,876
340,878
340,881
340,882
340,884
340,899
340,901
340,908
340,951
340,952
340,962
340,970
340,979
340,999
341,369
341,393
341,414
341,452
341,458
341,467
341,475
341,477
341,481
341,498
341,516
341,519
341,544
341,555
341,564
341,578
341,593
341,614
341,628
341,633
341,772
341,777
341,817
341,871
341,908
341,916
341,958
341,973
342,351
342,371
342,373
342,405
342,412
342,421
342,454
342,483
342,540
342,578
342,592
342,608
342,686
342,701
342,722
342,739
342,806
342,887
342,915
342,928
343,378
343,383
343,435
343,444
343,508
343,573
343,610
343,620
343,654
343,665
343,713
343,725
343,733
343,734
343,826
343,836
343,856
343,885
343,928
343,945
344,460
344,548
344,571
344,572
344,598
344,604
344,618
344,656
344,668
344,696
344,701
344,705
344,706
344,804
344,833
344,841
344,864
344,936
344,970
344,999
345,358
345,382
345,388
345,457
345,459
345,461
345,486
345,489
345,525
345,527
345,570
345,579
345,613
345,653
345,659
345,709
345,785
345,789
345,801
345,860
345,865
345,885
345,925
346,369
346,375
346,417
346,448
346,462
346,517
346,551
346,563
346,630
346,682
346,714
346,947
346,953
347,402
347,426
347,433
347,493
347,531
347,585
347,592
347,605
347,617
347,634
347,642
347,669
347,671
347,733
347,774
347,871
347,902
347,958
347,962
347,981
347,991
348,368
348,383
348,384
348,386
348,417
348,431
348,443
348,463
348,488
348,491
348,506
348,532
348,564
348,590
348,603
348,612
348,629
348,650
348,672
348,676
348,679
348,699
348,819
348,852
348,894
348,907
348,966
348,967
348,968
349,358
349,414
349,424
349,442
349,525
349,583
349,588
349,631
349,635
349,640
349,682
349,683
349,716
349,758
349,776
349,782
349,784
349,800
349,856
349,862
349,868
349,869
349,901
349,935
349,958
349,974
349,989
350,352
350,374
350,387
350,390
350,392
350,393
350,417
350,421
350,426
350,441
350,472
350,493
350,552
350,581
350,592
350,650
350,651
350,657
350,668
350,680
350,706
350,743
350,746
350,752
350,773
350,806
350,827
350,844
350,862
350,878
350,900
350,913
350,921
350,936
350,949
350,951
350,958
350,998
351,353
351,369
351,376
351,378
351,382
351,405
351,413
351,423
351,470
351,478
351,483
351,506
351,509
351,515
351,518
351,546
351,549
351,560
351,568
351,581
351,585
351,586
351,661
351,665
351,682
351,687
351,697
351,700
351,711
351,716
351,731
351,747
351,750
351,769
351,775
351,800
351,818
351,878
351,880
351,900
351,909
351,936
351,941
351,961
351,962
352,376
352,378
352,383
352,391
352,396
352,422
352,450
352,480
352,488
352,530
352,544
352,549
352,554
352,555
352,569
352,588
352,596
352,639
352,669
352,679
352,680
352,693
352,707
352,749
352,752
352,792
352,797
352,813
352,814
352,828
352,906
352,931
352,947
352,956
352,958
352,961
352,978
353,357
353,369
353,390
353,400
353,416
353,451
353,465
353,475
353,493
353,534
353,605
353,636
353,687
353,691
353,757
353,772
353,795
353,843
353,844
353,846
353,857
353,876
353,887
353,922
353,937
353,987
354,375
354,379
354,381
354,386
354,402
354,408
354,416
354,419
354,494
354,495
354,500
354,518
354,538
354,546
354,563
354,567
354,580
354,596
354,681
354,704
354,770
354,777
354,789
354,822
354,825
354,839
354,871
354,888
354,961
354,967
354,972
354,977
354,989
354,994
355,365
355,400
355,415
355,416
355,417
355,447
355,473
355,483
355,500
355,503
355,519
355,541
355,579
355,590
355,594
355,603
355,653
355,661
355,672
355,685
355,687
355,709
355,744
355,753
355,781
355,834
355,881
355,921
355,961
355,999
356,374
356,414
356,416
356,442
356,451
356,453
356,469
356,506
356,531
356,536
356,539
356,541
356,549
356,568
356,586
356,590
356,593
356,603
356,609
356,629
356,643
356,655
356,668
356,681
356,715
356,777
356,780
356,815
356,820
356,830
356,855
356,888
356,910
356,930
356,953
356,954
356,967
356,979
357,359
357,373
357,389
357,394
357,444
357,451
357,501
357,505
357,586
357,605
357,613
357,660
357,669
357,679
357,682
357,693
357,725
357,758
357,773
357,839
357,860
357,894
357,933
357,970
358,359
358,362
358,381
358,390
358,394
358,405
358,407
358,424
358,445
358,457
358,482
358,483
358,487
358,550
358,569
358,587
358,588
358,592
358,594
358,625
358,656
358,675
358,690
358,696
358,730
358,750
358,753
358,761
358,763
358,828
358,831
358,850
358,866
358,883
358,893
358,901
358,907
358,908
358,916
358,917
358,919
358,956
358,972
358,978
359,362
359,371
359,381
359,396
359,424
359,474
359,485
359,492
359,509
359,528
359,530
359,532
359,538
359,540
359,546
359,570
359,571
359,574
359,575
359,578
359,582
359,588
359,592
359,594
359,670
359,682
359,693
359,696
359,703
359,707
359,747
359,749
359,758
359,759
359,760
359,771
359,785
359,800
359,831
359,841
359,866
359,879
359,901
359,915
359,940
359,945
359,949
359,969
359,970
359,983
359,989
360,369
360,385
360,391
360,420
360,453
360,512
360,526
360,530
360,531
360,546
360,552
360,618
360,621
360,661
360,724
360,744
360,784
360,789
360,798
360,822
360,894
360,902
360,953
360,957
360,959
360,961
361,375
361,402
361,434
361,493
361,504
361,510
361,527
361,531
361,562
361,608
361,644
361,650
361,681
361,690
361,702
361,710
361,712
361,716
361,722
361,743
361,770
361,807
361,866
361,870
361,887
361,893
361,894
361,949
361,950
361,955
361,956
361,984
361,986
361,991
362,366
362,405
362,501
362,515
362,540
362,541
362,570
362,580
362,581
362,582
362,613
362,623
362,630
362,642
362,646
362,664
362,668
362,717
362,721
362,736
362,737
362,750
362,773
362,774
362,833
362,868
362,935
362,977
362,987
362,998
363,387
363,388
363,423
363,601
363,608
363,614
363,619
363,640
363,645
363,658
363,707
363,821
363,838
363,850
363,887
363,898
363,908
363,953
363,969
363,997
364,380
364,392
364,393
364,426
364,482
364,495
364,516
364,619
364,668
364,693
364,701
364,762
364,802
364,810
364,844
364,915
364,935
364,936
364,951
364,953
365,396
365,403
365,424
365,425
365,480
365,521
365,555
365,580
365,612
365,647
365,661
365,665
365,674
365,705
365,738
365,756
365,802
365,850
365,877
365,913
365,944
365,946
365,984
365,988
366,383
366,384
366,398
366,403
366,478
366,480
366,491
366,598
366,640
366,680
366,696
366,734
366,842
366,865
366,875
366,914
366,956
366,962
366,990
367,372
367,425
367,477
367,530
367,532
367,566
367,581
367,664
367,724
367,898
367,971
367,985
368,381
368,397
368,427
368,485
368,509
368,537
368,539
368,543
368,546
368,550
368,566
368,575
368,576
368,605
368,616
368,696
368,697
368,702
368,772
368,786
368,818
368,829
368,857
368,861
368,878
368,910
368,911
368,930
368,937
368,938
368,939
368,954
368,962
368,965
368,967
368,970
368,978
368,979
368,983
368,990
369,385
369,388
369,416
369,447
369,448
369,454
369,485
369,486
369,522
369,561
369,567
369,568
369,589
369,642
369,664
369,687
369,700
369,765
369,774
369,777
369,793
369,816
369,834
369,851
369,863
369,867
369,888
369,916
369,934
369,952
369,964
369,970
369,973
369,980
370,388
370,402
370,447
370,466
370,512
370,533
370,535
370,588
370,636
370,653
370,666
370,698
370,734
370,759
370,760
370,860
370,974
371,391
371,395
371,408
371,412
371,415
371,420
371,437
371,439
371,530
371,553
371,575
371,606
371,607
371,624
371,640
371,649
371,656
371,677
371,696
371,723
371,725
371,737
371,758
371,778
371,780
371,800
371,850
371,870
371,901
371,919
371,935
371,946
372,414
372,431
372,451
372,486
372,488
372,682
372,700
372,774
372,877
372,885
372,915
372,929
372,942
373,390
373,403
373,442
373,462
373,526
373,540
373,581
373,600
373,606
373,614
373,623
373,667
373,676
373,681
373,713
373,722
373,746
373,818
373,831
373,856
373,882
373,946
373,983
374,392
374,441
374,482
374,568
374,669
374,728
374,796
374,798
374,818
374,819
374,835
374,871
374,982
375,397
375,424
375,433
375,436
375,443
375,451
375,453
375,463
375,480
375,491
375,500
375,509
375,541
375,545
375,560
375,570
375,580
375,593
375,604
375,605
375,619
375,631
375,634
375,665
375,669
375,688
375,710
375,716
375,769
375,776
375,782
375,797
375,798
375,836
375,839
375,845
375,847
375,850
375,875
375,877
375,886
375,894
375,910
375,917
375,924
375,926
375,931
375,955
375,960
375,987
375,994
376,379
376,384
376,402
376,406
376,418
376,426
376,434
376,449
376,459
376,481
376,488
376,499
376,506
376,513
376,518
376,519
376,528
376,531
376,548
376,559
376,580
376,593
376,614
376,619
376,650
376,661
376,693
376,712
376,715
376,722
376,725
376,730
376,731
376,765
376,767
376,775
376,792
376,798
376,814
376,816
376,824
376,850
376,852
376,867
376,871
376,872
376,900
376,911
376,916
376,921
376,925
376,926
376,950
376,968
376,977
376,995
376,998
376,999
377,399
377,439
377,482
377,595
377,602
377,707
377,714
377,745
377,801
377,899
377,943
377,961
378,400
378,445
378,447
378,472
378,483
378,485
378,495
378,518
378,524
378,528
378,538
378,545
378,566
378,571
378,578
378,590
378,597
378,598
378,613
378,617
378,619
378,639
378,665
378,667
378,682
378,686
378,687
378,696
378,704
378,711
378,758
378,786
378,790
378,820
378,822
378,844
378,867
378,885
378,890
378,926
378,937
378,968
378,979
378,997
379,382
379,384
379,391
379,398
379,445
379,462
379,549
379,560
379,569
379,585
379,592
379,660
379,697
379,704
379,722
379,729
379,778
379,790
379,814
379,836
379,841
379,851
379,869
379,889
379,890
379,902
379,937
379,967
379,969
379,989
380,403
380,473
380,484
380,495
380,509
380,523
380,539
380,550
380,557
380,642
380,681
380,698
380,725
380,760
380,790
380,791
380,811
380,840
380,842
380,865
380,933
380,936
380,953
380,965
380,973
380,981
380,983
381,386
381,392
381,403
381,434
381,438
381,465
381,482
381,484
381,485
381,489
381,495
381,509
381,518
381,524
381,585
381,622
381,661
381,674
381,680
381,702
381,712
381,730
381,732
381,750
381,768
381,770
381,797
381,807
381,823
381,832
381,852
381,888
381,910
381,911
381,937
381,954
381,961
381,967
381,969
381,976
381,979
381,988
381,993
381,997
381,998
382,437
382,438
382,452
382,455
382,504
382,520
382,528
382,544
382,549
382,550
382,582
382,588
382,611
382,634
382,640
382,662
382,667
382,680
382,696
382,706
382,711
382,724
382,729
382,746
382,750
382,759
382,765
382,795
382,797
382,813
382,868
382,878
382,906
382,930
382,943
382,949
382,985
383,417
383,445
383,459
383,485
383,553
383,569
383,570
383,581
383,594
383,623
383,666
383,692
383,697
383,759
383,782
383,819
383,853
383,864
383,902
383,917
383,919
383,967
383,968
383,988
383,995
384,396
384,459
384,460
384,514
384,535
384,536
384,553
384,574
384,594
384,595
384,637
384,653
384,712
384,736
384,754
384,785
384,850
384,934
384,939
384,978
384,979
384,984
385,386
385,392
385,394
385,438
385,449
385,485
385,493
385,508
385,518
385,535
385,537
385,538
385,540
385,543
385,578
385,608
385,667
385,676
385,711
385,712
385,785
385,818
385,842
385,867
385,878
385,893
385,907
385,910
385,917
385,926
385,931
385,937
385,941
385,985
385,993
386,395
386,443
386,454
386,467
386,486
386,526
386,531
386,577
386,592
386,636
386,642
386,657
386,658
386,703
386,747
386,782
386,802
386,855
386,857
386,871
386,872
386,959
387,397
387,444
387,450
387,463
387,476
387,533
387,539
387,618
387,691
387,692
387,697
387,698
387,704
387,713
387,753
387,778
387,779
387,785
387,797
387,810
387,826
387,848
387,858
387,907
387,930
387,931
387,942
387,946
387,956
388,400
388,405
388,408
388,412
388,424
388,432
388,456
388,464
388,480
388,482
388,499
388,515
388,553
388,578
388,594
388,618
388,623
388,634
388,650
388,664
388,665
388,716
388,719
388,733
388,736
388,737
388,738
388,772
388,783
388,793
388,800
388,807
388,818
388,834
388,835
388,849
388,850
388,858
388,911
388,925
388,926
388,934
388,941
388,954
388,955
388,998
389,520
389,534
389,541
389,583
389,646
389,651
389,667
389,718
389,758
389,797
389,834
389,847
389,885
389,943
389,952
389,992
390,412
390,438
390,466
390,482
390,492
390,524
390,527
390,535
390,541
390,586
390,613
390,624
390,627
390,662
390,682
390,687
390,689
390,714
390,740
390,794
390,814
390,829
390,844
390,864
390,865
390,866
390,871
390,907
390,910
390,916
390,937
390,941
390,999
391,406
391,483
391,497
391,511
391,535
391,544
391,547
391,549
391,552
391,564
391,628
391,633
391,654
391,699
391,707
391,708
391,734
391,756
391,813
391,860
392,413
392,423
392,520
392,535
392,546
392,549
392,561
392,585
392,608
392,622
392,676
392,680
392,702
392,725
392,729
392,774
392,830
392,833
392,842
392,843
392,867
392,878
392,907
392,931
392,949
392,958
392,981
393,467
393,556
393,576
393,609
393,619
393,642
393,680
393,743
393,784
393,967
394,397
394,413
394,429
394,434
394,441
394,470
394,491
394,530
394,538
394,539
394,540
394,543
394,546
394,575
394,581
394,582
394,586
394,590
394,600
394,613
394,647
394,658
394,663
394,664
394,679
394,682
394,687
394,693
394,696
394,697
394,720
394,758
394,760
394,813
394,842
394,849
394,861
394,866
394,868
394,878
394,893
394,908
394,910
394,930
394,935
394,946
394,948
394,957
394,958
394,961
394,969
394,978
394,997
395,426
395,491
395,510
395,556
395,561
395,631
395,634
395,683
395,689
395,699
395,749
395,792
395,800
395,835
395,866
395,873
395,894
395,917
395,987
396,405
396,415
396,430
396,457
396,483
396,489
396,521
396,522
396,539
396,541
396,548
396,570
396,592
396,593
396,600
396,613
396,629
396,647
396,649
396,665
396,678
396,682
396,707
396,720
396,727
396,736
396,749
396,758
396,760
396,761
396,768
396,782
396,800
396,804
396,818
396,828
396,832
396,861
396,862
396,866
396,879
396,899
396,906
396,934
396,949
396,967
396,975
396,987
397,455
397,535
397,537
397,540
397,549
397,550
397,577
397,585
397,587
397,658
397,676
397,697
397,704
397,711
397,720
397,725
397,790
397,796
397,801
397,807
397,814
397,821
397,833
397,858
397,869
397,872
397,894
397,902
397,926
397,937
397,967
397,983
398,411
398,609
398,644
398,714
398,761
398,844
398,892
398,898
398,965
398,988
398,992
399,414
399,426
399,501
399,550
399,570
399,612
399,626
399,647
399,680
399,735
399,831
399,893
399,935
399,953
399,981
400,427
400,453
400,473
400,513
400,544
400,546
400,547
400,559
400,598
400,662
400,680
400,698
400,718
400,739
400,787
400,830
400,867
400,911
400,912
400,973
401,406
401,430
401,435
401,444
401,455
401,503
401,528
401,539
401,555
401,615
401,619
401,635
401,646
401,652
401,667
401,736
401,754
401,758
401,767
401,792
401,812
401,815
401,935
401,969
402,404
402,424
402,429
402,464
402,500
402,501
402,510
402,539
402,579
402,614
402,652
402,656
402,669
402,671
402,737
402,739
402,812
402,857
402,860
402,861
402,869
402,876
402,936
402,952
402,958
402,964
402,987
403,431
403,483
403,484
403,489
403,572
403,580
403,606
403,611
403,628
403,662
403,682
403,689
403,706
403,804
403,814
403,863
403,866
403,910
403,932
403,997
404,427
404,435
404,464
404,474
404,511
404,521
404,534
404,585
404,617
404,626
404,636
404,643
404,690
404,696
404,710
404,712
404,725
404,729
404,731
404,780
404,800
404,807
404,824
404,826
404,835
404,870
404,872
404,891
404,893
404,916
404,935
404,952
404,961
404,966
404,975
404,981
404,987
404,998
405,412
405,418
405,421
405,428
405,443
405,458
405,459
405,463
405,476
405,499
405,501
405,512
405,521
405,529
405,544
405,545
405,567
405,580
405,592
405,604
405,612
405,629
405,631
405,634
405,643
405,658
405,665
405,699
405,704
405,705
405,803
405,818
405,825
405,833
405,835
405,850
405,853
405,872
405,874
405,878
405,887
405,922
405,925
405,950
405,958
405,969
405,988
405,989
405,998
406,424
406,469
406,553
406,574
406,605
406,623
406,641
406,655
406,659
406,716
406,792
406,861
406,864
406,872
406,877
406,925
406,936
406,951
406,961
406,968
406,972
406,976
406,977
406,979
406,981
407,415
407,440
407,445
407,522
407,544
407,570
407,581
407,611
407,649
407,726
407,743
407,790
407,797
407,882
407,890
407,921
407,938
407,948
407,961
407,966
407,998
408,434
408,452
408,464
408,506
408,524
408,591
408,623
408,665
408,671
408,682
408,691
408,724
408,774
408,803
408,807
408,822
408,827
408,855
408,858
408,877
408,878
408,894
408,934
408,949
408,954
408,969
408,981
408,984
408,988
408,998
409,411
409,427
409,442
409,447
409,466
409,478
409,481
409,491
409,524
409,531
409,590
409,605
409,632
409,633
409,634
409,651
409,654
409,684
409,732
409,750
409,752
409,766
409,768
409,776
409,807
409,812
409,894
409,930
409,947
409,948
409,950
409,951
409,985
410,439
410,450
410,451
410,460
410,523
410,564
410,567
410,569
410,580
410,587
410,590
410,591
410,679
410,699
410,707
410,731
410,738
410,739
410,774
410,803
410,821
410,828
410,853
410,861
410,863
410,891
410,922
410,932
410,949
410,962
410,970
410,980
411,426
411,465
411,472
411,486
411,524
411,536
411,537
411,549
411,561
411,567
411,585
411,593
411,662
411,680
411,715
411,747
411,799
411,811
411,849
411,857
411,867
411,872
411,927
411,928
411,949
411,965
412,427
412,441
412,464
412,482
412,491
412,529
412,547
412,569
412,588
412,594
412,605
412,615
412,642
412,663
412,679
412,680
412,686
412,712
412,718
412,722
412,750
412,812
412,832
412,841
412,864
412,876
412,893
412,949
412,961
412,967
412,981
412,985
413,416
413,456
413,466
413,478
413,488
413,495
413,509
413,516
413,520
413,531
413,546
413,549
413,561
413,578
413,586
413,590
413,593
413,594
413,602
413,636
413,639
413,655
413,657
413,660
413,668
413,704
413,722
413,743
413,807
413,814
413,867
413,888
413,910
413,911
413,914
413,921
413,922
413,931
413,969
413,993
414,419
414,445
414,483
414,489
414,491
414,599
414,610
414,628
414,637
414,657
414,674
414,690
414,694
414,698
414,819
414,820
414,845
414,876
414,880
414,904
414,928
414,967
415,437
415,442
415,451
415,512
415,526
415,553
415,626
415,638
415,670
415,685
415,690
415,693
415,698
415,700
415,705
415,727
415,741
415,742
415,841
415,842
415,845
415,851
415,866
415,870
415,886
415,928
415,929
415,946
415,989
416,427
416,449
416,485
416,506
416,524
416,526
416,539
416,547
416,561
416,564
416,570
416,613
416,623
416,633
416,642
416,677
416,679
416,691
416,692
416,703
416,708
416,715
416,784
416,819
416,855
416,862
416,867
416,871
416,872
416,880
416,882
416,906
416,907
416,911
416,922
416,932
416,967
416,977
416,980
416,990
417,427
417,434
417,472
417,475
417,488
417,493
417,523
417,546
417,568
417,574
417,578
417,590
417,604
417,609
417,613
417,623
417,632
417,643
417,657
417,659
417,661
417,665
417,668
417,672
417,699
417,704
417,756
417,758
417,774
417,827
417,851
417,907
417,914
417,931
417,932
417,934
417,938
417,941
417,963
417,975
417,986
418,426
418,435
418,456
418,491
418,499
418,521
418,557
418,578
418,587
418,592
418,623
418,646
418,649
418,665
418,689
418,703
418,738
418,758
418,782
418,828
418,839
418,858
418,895
418,909
418,911
418,946
418,997
419,429
419,483
419,485
419,525
419,599
419,636
419,662
419,744
419,800
419,811
419,856
419,887
419,932
419,954
420,432
420,446
420,468
420,523
420,565
420,579
420,580
420,686
420,710
420,713
420,737
420,740
420,757
420,783
420,791
420,794
420,818
420,835
420,888
420,897
420,951
421,443
421,461
421,468
421,485
421,532
421,541
421,549
421,561
421,564
421,569
421,579
421,581
421,586
421,594
421,604
421,617
421,640
421,650
421,665
421,685
421,686
421,695
421,696
421,700
421,702
421,803
421,864
421,868
421,890
421,910
421,913
421,929
421,936
421,946
421,950
421,953
421,958
421,983
421,988
421,998
422,439
422,441
422,467
422,642
422,660
422,700
422,773
422,856
422,936
423,434
423,485
423,489
423,506
423,554
423,558
423,559
423,657
423,667
423,685
423,686
423,716
423,731
423,772
423,857
423,865
423,936
423,951
424,443
424,456
424,487
424,495
424,497
424,500
424,510
424,534
424,737
424,748
424,754
424,785
424,847
424,853
424,893
424,903
424,948
424,953
424,977
424,986
425,434
425,438
425,516
425,555
425,598
425,628
425,674
425,678
425,683
425,697
425,726
425,728
425,870
425,884
425,889
425,895
425,929
426,447
426,463
426,506
426,514
426,518
426,544
426,546
426,564
426,580
426,619
426,632
426,635
426,642
426,661
426,692
426,700
426,708
426,715
426,749
426,773
426,812
426,814
426,820
426,860
426,877
426,878
426,894
426,896
426,903
427,471
427,480
427,492
427,516
427,522
427,524
427,528
427,549
427,560
427,566
427,567
427,575
427,583
427,591
427,592
427,616
427,617
427,637
427,679
427,691
427,703
427,710
427,715
427,720
427,737
427,774
427,818
427,835
427,851
427,866
427,878
427,900
427,926
427,931
427,946
427,947
427,968
427,970
427,977
427,981
427,995
428,444
428,493
428,504
428,506
428,507
428,509
428,527
428,531
428,542
428,544
428,556
428,558
428,647
428,700
428,705
428,707
428,732
428,749
428,750
428,769
428,771
428,781
428,785
428,792
428,807
428,836
428,840
428,863
428,889
428,894
428,906
428,911
428,931
428,937
428,941
428,951
428,961
428,964
428,989
428,991
429,464
429,525
429,539
429,545
429,552
429,569
429,613
429,686
429,690
429,736
429,773
429,776
429,783
429,804
429,861
429,878
429,900
429,912
429,946
429,987
430,433
430,520
430,526
430,570
430,587
430,635
430,649
430,683
430,707
430,768
430,861
430,864
430,875
430,897
430,956
430,967
431,462
431,465
431,547
431,551
431,562
431,564
431,575
431,598
431,604
431,617
431,723
431,765
431,771
431,791
431,813
431,815
431,816
431,890
431,896
431,907
431,937
431,943
431,945
431,979
431,980
432,435
432,443
432,467
432,492
432,528
432,534
432,541
432,578
432,584
432,604
432,619
432,630
432,645
432,668
432,703
432,721
432,735
432,784
432,824
432,856
432,865
432,911
432,939
432,969
432,980
433,435
433,450
433,460
433,463
433,475
433,480
433,486
433,493
433,525
433,541
433,558
433,596
433,612
433,635
433,636
433,664
433,665
433,669
433,676
433,680
433,723
433,734
433,761
433,840
433,852
433,857
433,862
433,864
433,906
433,914
433,964
433,975
433,998
434,464
434,468
434,470
434,476
434,481
434,488
434,489
434,503
434,506
434,509
434,521
434,523
434,535
434,538
434,567
434,571
434,581
434,592
434,614
434,623
434,670
434,676
434,687
434,693
434,696
434,710
434,712
434,725
434,731
434,745
434,748
434,750
434,756
434,758
434,767
434,773
434,774
434,792
434,820
434,833
434,842
434,857
434,862
434,866
434,870
434,876
434,878
434,882
434,911
434,913
434,926
434,927
434,945
434,968
434,984
434,988
434,999
435,442
435,455
435,468
435,470
435,481
435,493
435,498
435,521
435,525
435,533
435,544
435,551
435,570
435,590
435,617
435,647
435,679
435,716
435,717
435,758
435,804
435,808
435,819
435,832
435,949
435,954
435,968
435,970
435,981
435,988
435,993
435,996
436,475
436,481
436,491
436,514
436,523
436,532
436,587
436,592
436,716
436,862
436,893
436,929
437,438
437,512
437,528
437,566
437,598
437,615
437,636
437,675
437,705
437,732
437,777
437,797
437,840
437,866
437,921
437,926
437,943
438,474
438,518
438,521
438,540
438,549
438,550
438,585
438,592
438,597
438,599
438,622
438,668
438,670
438,678
438,682
438,688
438,693
438,697
438,701
438,758
438,773
438,814
438,857
438,887
438,902
438,927
438,959
438,961
438,962
438,975
438,997
439,441
439,470
439,512
439,525
439,526
439,536
439,544
439,571
439,586
439,597
439,607
439,610
439,626
439,630
439,665
439,674
439,676
439,680
439,696
439,705
439,711
439,768
439,807
439,842
439,846
439,850
439,852
439,859
439,862
439,870
439,883
439,919
439,932
439,952
439,982
439,984
439,986
440,445
440,506
440,532
440,553
440,562
440,590
440,613
440,624
440,669
440,713
440,715
440,727
440,739
440,849
440,864
440,891
440,916
440,958
441,470
441,479
441,570
441,575
441,591
441,598
441,605
441,634
441,638
441,649
441,659
441,682
441,722
441,801
441,815
441,832
441,840
441,841
441,869
441,924
441,977
441,992
442,443
442,450
442,485
442,489
442,497
442,561
442,566
442,580
442,617
442,623
442,702
442,720
442,733
442,736
442,737
442,748
442,766
442,774
442,798
442,851
442,873
442,956
443,457
443,467
443,481
443,493
443,518
443,546
443,556
443,566
443,582
443,592
443,650
443,654
443,661
443,668
443,714
443,756
443,766
443,774
443,807
443,814
443,820
443,822
443,850
443,856
443,863
443,866
443,868
443,872
443,876
443,894
443,895
443,900
443,920
443,931
443,941
443,951
443,954
443,957
443,960
443,976
443,996
443,999
444,491
444,494
444,658
444,686
444,706
444,723
444,741
444,815
444,847
444,850
444,866
444,879
444,893
444,936
444,967
444,969
444,982
444,991
444,994
445,478
445,496
445,500
445,502
445,524
445,532
445,533
445,541
445,548
445,554
445,570
445,571
445,588
445,612
445,613
445,638
445,690
445,693
445,712
445,718
445,769
445,866
445,882
445,885
445,922
445,932
445,938
445,946
445,947
445,948
445,949
445,951
445,954
445,956
445,978
445,980
445,990
446,463
446,489
446,495
446,526
446,560
446,566
446,575
446,577
446,592
446,596
446,672
446,720
446,721
446,774
446,777
446,794
446,812
446,835
446,845
446,894
446,974
447,474
447,481
447,484
447,493
447,526
447,559
447,564
447,603
447,642
447,652
447,677
447,688
447,702
447,703
447,712
447,720
447,756
447,761
447,765
447,774
447,786
447,796
447,800
447,816
447,818
447,864
447,866
447,871
447,885
447,891
447,894
447,895
447,916
447,954
447,970
447,976
447,996
447,999
448,543
448,546
448,590
448,632
448,739
448,765
448,789
448,881
448,900
449,481
449,486
449,504
449,505
449,518
449,524
449,527
449,529
449,531
449,535
449,584
449,591
449,614
449,636
449,642
449,715
449,720
449,739
449,773
449,785
449,813
449,851
449,857
449,866
449,890
449,902
449,906
449,916
449,921
449,951
449,953
449,958
449,968
449,984
449,991
450,458
450,471
450,549
450,593
450,594
450,619
450,659
450,672
450,711
450,715
450,717
450,765
450,830
450,872
450,883
450,909
450,920
450,921
450,926
450,935
450,959
450,968
450,978
451,478
451,488
451,490
451,513
451,541
451,544
451,559
451,578
451,644
451,645
451,685
451,700
451,710
451,715
451,756
451,774
451,791
451,805
451,810
451,825
451,873
451,886
451,903
451,905
451,938
451,972
451,996
452,491
452,530
452,538
452,572
452,577
452,598
452,638
452,656
452,662
452,680
452,686
452,700
452,706
452,709
452,719
452,720
452,722
452,736
452,760
452,761
452,786
452,813
452,818
452,838
452,848
452,881
452,895
452,927
452,929
452,930
452,941
453,495
453,527
453,552
453,619
453,629
453,642
453,712
453,818
453,822
453,889
453,963
453,998
454,455
454,464
454,496
454,501
454,518
454,535
454,561
454,590
454,635
454,641
454,676
454,687
454,710
454,715
454,815
454,851
454,866
454,872
454,878
454,910
454,916
454,938
454,951
454,958
454,964
454,973
454,976
454,998
454,999
455,469
455,509
455,526
455,531
455,532
455,571
455,594
455,617
455,652
455,681
455,697
455,703
455,713
455,732
455,733
455,738
455,777
455,785
455,797
455,820
455,842
455,870
455,875
455,882
455,885
455,901
455,941
455,945
455,954
455,962
455,970
456,502
456,513
456,515
456,534
456,551
456,602
456,635
456,640
456,655
456,763
456,767
456,788
456,795
456,799
456,840
456,868
456,875
456,906
456,967
456,984
457,464
457,489
457,550
457,567
457,579
457,585
457,641
457,652
457,710
457,765
457,782
457,796
457,797
457,798
457,818
457,819
457,850
457,858
457,861
457,870
457,895
457,931
457,938
457,980
458,465
458,485
458,486
458,493
458,541
458,586
458,590
458,594
458,601
458,634
458,676
458,679
458,689
458,710
458,728
458,786
458,798
458,819
458,853
458,858
458,908
458,911
458,916
458,934
458,954
458,972
459,470
459,492
459,500
459,553
459,593
459,595
459,613
459,618
459,628
459,638
459,642
459,651
459,673
459,747
459,754
459,807
459,828
459,846
459,867
459,878
459,934
459,951
459,959
459,965
459,967
459,968
459,991
460,629
460,664
460,700
460,703
460,717
460,719
460,732
460,786
460,795
460,845
460,865
460,891
460,909
460,933
460,999
461,462
461,465
461,614
461,693
461,851
461,881
462,474
462,526
462,527
462,537
462,654
462,746
462,768
462,841
462,846
462,879
463,476
463,534
463,559
463,587
463,612
463,640
463,669
463,716
463,744
463,747
463,774
463,793
463,804
463,808
463,830
463,834
463,869
463,877
463,926
463,947
463,950
463,963
464,470
464,480
464,481
464,501
464,511
464,552
464,559
464,570
464,578
464,619
464,621
464,623
464,655
464,659
464,665
464,670
464,674
464,707
464,731
464,735
464,738
464,766
464,774
464,806
464,807
464,826
464,839
464,866
464,867
464,882
464,894
464,900
464,918
464,931
464,934
464,960
464,975
465,491
465,554
465,569
465,708
465,711
465,790
465,808
465,866
465,867
465,871
465,884
465,890
465,899
465,902
465,945
465,980
465,981
465,985
466,484
466,495
466,546
466,566
466,604
466,683
466,821
466,878
466,953
466,964
466,976
466,985
467,478
467,531
467,535
467,547
467,561
467,590
467,632
467,642
467,650
467,699
467,730
467,792
467,793
467,800
467,837
467,851
467,858
467,867
467,895
467,907
467,920
467,951
467,960
468,473
468,485
468,505
468,506
468,578
468,607
468,659
468,660
468,668
468,685
468,798
468,820
468,890
468,895
468,900
468,945
468,958
468,962
468,977
469,471
469,478
469,485
469,486
469,487
469,528
469,530
469,559
469,700
469,758
469,761
469,769
469,844
469,851
469,855
469,878
469,897
469,907
469,945
469,989
470,493
470,498
470,560
470,565
470,570
470,594
470,623
470,649
470,655
470,657
470,659
470,664
470,690
470,708
470,719
470,807
470,816
470,819
470,835
470,838
470,848
470,877
470,890
470,893
470,901
470,934
470,968
471,503
471,552
471,567
471,601
471,613
471,628
471,636
471,683
471,696
471,776
471,841
471,878
471,924
471,926
472,485
472,488
472,490
472,501
472,506
472,544
472,581
472,666
472,673
472,747
472,849
472,878
472,896
472,996
473,477
473,485
473,488
473,516
473,532
473,560
473,611
473,722
473,766
473,774
473,825
473,832
473,837
473,845
473,847
473,870
473,871
473,904
473,912
473,932
473,937
473,945
473,992
474,492
474,533
474,534
474,549
474,550
474,577
474,581
474,592
474,600
474,617
474,628
474,697
474,711
474,717
474,737
474,746
474,751
474,759
474,771
474,777
474,798
474,801
474,836
474,857
474,899
474,904
474,976
474,998
475,506
475,517
475,528
475,551
475,616
475,677
475,689
475,716
475,794
475,812
475,856
475,876
475,888
475,897
475,950
475,988
476,491
476,492
476,604
476,608
476,621
476,625
476,707
476,731
476,738
476,761
476,791
476,797
476,800
476,806
476,823
476,849
476,852
476,859
476,862
476,866
476,937
476,944
476,986
477,506
477,532
477,568
477,576
477,591
477,603
477,623
477,627
477,661
477,685
477,716
477,767
477,799
477,880
477,961
477,964
478,481
478,502
478,506
478,509
478,537
478,539
478,561
478,573
478,614
478,616
478,642
478,649
478,658
478,680
478,739
478,778
478,825
478,826
478,827
478,833
478,872
478,878
478,905
478,916
478,922
478,926
478,931
478,951
478,953
478,956
479,500
479,530
479,545
479,619
479,631
479,649
479,689
479,750
479,770
479,788
479,818
479,845
479,865
479,912
479,939
479,987
479,992
480,486
480,510
480,545
480,563
480,590
480,611
480,632
480,641
480,644
480,659
480,665
480,678
480,685
480,709
480,729
480,733
480,756
480,770
480,778
480,786
480,798
480,800
480,808
480,819
480,825
480,826
480,827
480,836
480,839
480,841
480,894
480,903
480,911
480,925
480,950
481,527
481,611
481,614
481,617
481,643
481,662
481,729
481,738
481,745
481,759
481,774
481,793
481,837
481,852
481,864
481,894
481,932
481,947
481,950
481,951
481,956
481,958
481,961
481,996
482,491
482,504
482,511
482,532
482,540
482,541
482,569
482,579
482,586
482,610
482,615
482,626
482,629
482,639
482,678
482,682
482,685
482,693
482,743
482,750
482,768
482,791
482,828
482,832
482,850
482,876
483,495
483,513
483,544
483,546
483,564
483,679
483,707
483,746
483,761
483,771
483,777
483,826
483,857
483,867
483,905
483,961
484,490
484,496
484,555
484,562
484,564
484,576
484,611
484,639
484,645
484,668
484,697
484,742
484,745
484,759
484,769
484,771
484,786
484,797
484,806
484,809
484,866
484,889
484,894
484,992
484,997
485,490
485,499
485,518
485,524
485,542
485,543
485,549
485,581
485,592
485,622
485,628
485,637
485,647
485,652
485,654
485,672
485,704
485,710
485,711
485,712
485,729
485,734
485,755
485,761
485,796
485,798
485,811
485,814
485,820
485,861
485,867
485,876
485,878
485,887
485,900
485,906
485,916
485,921
485,926
485,949
485,959
485,967
485,976
485,979
485,993
486,557
486,578
486,590
486,593
486,596
486,629
486,650
486,657
486,748
486,897
486,900
486,942
486,973
486,980
487,489
487,494
487,549
487,605
487,664
487,676
487,684
487,694
487,769
487,772
487,812
487,849
487,851
487,858
487,863
487,872
487,905
487,906
487,947
487,980
487,982
488,493
488,504
488,572
488,605
488,608
488,634
488,642
488,665
488,669
488,714
488,728
488,738
488,766
488,777
488,781
488,797
488,810
488,816
488,825
488,849
488,852
488,855
488,863
488,864
488,882
488,894
488,902
488,911
488,931
488,969
488,989
488,991
488,993
489,526
489,529
489,587
489,596
489,624
489,631
489,646
489,647
489,658
489,665
489,671
489,672
489,679
489,682
489,700
489,708
489,718
489,732
489,743
489,749
489,774
489,789
489,797
489,801
489,809
489,820
489,824
489,835
489,872
489,893
489,912
489,913
489,944
489,949
489,997
490,501
490,523
490,542
490,578
490,616
490,752
490,811
490,855
490,885
490,890
490,921
490,990
491,529
491,533
491,540
491,571
491,572
491,580
491,610
491,617
491,624
491,664
491,698
491,705
491,712
491,713
491,734
491,758
491,776
491,790
491,793
491,810
491,850
491,901
491,904
491,931
491,932
491,934
491,962
491,970
491,986
491,998
492,541
492,549
492,567
492,569
492,616
492,617
492,649
492,654
492,655
492,680
492,697
492,701
492,708
492,710
492,723
492,729
492,740
492,778
492,794
492,822
492,850
492,857
492,861
492,866
492,871
492,890
492,907
492,908
492,948
493,496
493,499
493,528
493,552
493,553
493,593
493,634
493,637
493,651
493,690
493,699
493,710
493,743
493,757
493,765
493,771
493,810
493,827
493,835
493,862
493,877
493,903
493,916
493,926
493,933
493,954
493,960
493,974
493,986
493,989
494,716
494,860
495,519
495,525
495,539
495,542
495,585
495,616
495,629
495,654
495,657
495,677
495,728
495,740
495,747
495,752
495,840
495,844
495,857
495,867
495,883
495,911
495,942
495,949
495,963
495,971
495,995
496,540
496,554
496,627
496,696
496,710
496,729
496,753
496,805
496,826
496,881
496,977
497,501
497,525
497,533
497,559
497,583
497,648
497,669
497,687
497,725
497,739
497,750
497,754
497,759
497,795
497,804
497,806
497,812
497,840
497,944
497,962
498,549
498,570
498,583
498,612
498,656
498,692
498,713
498,862
498,864
498,955
498,998
499,540
499,546
499,547
499,570
499,665
499,690
499,700
499,736
499,750
499,758
499,807
499,816
499,819
499,832
499,869
499,934
499,941
499,950
499,981
499,984
500,519
500,553
500,570
500,621
500,624
500,665
500,694
500,705
500,717
500,724
500,741
500,782
500,841
500,848
500,852
500,898
500,899
500,914
500,928
500,936
500,942
500,952
500,980
501,533
501,541
501,578
501,677
501,703
501,723
501,741
501,743
501,750
501,783
501,787
501,795
501,861
501,872
501,888
501,916
501,920
501,926
501,927
501,935
501,958
501,975
501,978
502,534
502,654
502,667
502,670
502,739
502,749
502,750
502,752
502,781
502,819
502,835
502,840
502,906
502,913
502,919
502,988
503,515
503,530
503,583
503,593
503,609
503,617
503,658
503,684
503,703
503,707
503,724
503,757
503,984
504,506
504,509
504,546
504,547
504,549
504,564
504,575
504,590
504,624
504,668
504,675
504,677
504,689
504,701
504,710
504,769
504,814
504,837
504,838
504,844
504,846
504,857
504,858
504,890
504,892
504,905
504,931
504,958
504,961
504,980
504,985
504,990
504,993
504,997
505,545
505,565
505,597
505,618
505,655
505,683
505,691
505,703
505,706
505,747
505,754
505,861
505,905
505,910
506,524
506,539
506,543
506,546
506,555
506,564
506,567
506,575
506,586
506,605
506,607
506,619
506,622
506,637
506,640
506,642
506,655
506,680
506,690
506,693
506,697
506,700
506,713
506,714
506,715
506,718
506,719
506,731
506,732
506,733
506,750
506,758
506,825
506,837
506,851
506,861
506,867
506,872
506,881
506,895
506,907
506,910
506,916
506,926
506,931
506,953
506,963
506,979
506,993
506,995
507,513
507,514
507,658
507,795
507,808
507,822
507,834
507,860
507,877
507,880
508,559
508,582
508,617
508,662
508,697
508,706
508,738
508,769
508,775
508,786
508,799
508,924
508,927
508,936
508,937
508,962
509,546
509,549
509,567
509,575
509,577
509,578
509,585
509,592
509,696
509,702
509,712
509,720
509,757
509,796
509,814
509,818
509,878
509,902
509,905
509,937
509,962
509,993
509,997
510,513
510,546
510,556
510,570
510,594
510,610
510,623
510,670
510,726
510,795
510,852
510,873
510,944
510,957
510,975
511,534
511,540
511,618
511,634
511,683
511,717
511,718
511,726
511,750
511,776
511,798
511,828
511,841
511,848
511,870
511,927
512,521
512,553
512,559
512,575
512,594
512,610
512,640
512,641
512,645
512,647
512,664
512,665
512,710
512,743
512,772
512,792
512,793
512,794
512,795
512,815
512,822
512,824
512,835
512,842
512,855
512,880
512,942
512,958
513,516
513,546
513,578
513,680
513,693
513,814
513,902
513,915
513,944
513,976
514,526
514,532
514,559
514,562
514,590
514,608
514,627
514,665
514,674
514,683
514,705
514,718
514,746
514,779
514,797
514,798
514,803
514,807
514,893
514,901
514,902
514,915
514,922
514,942
515,523
515,623
515,635
515,647
515,670
515,679
515,706
515,717
515,780
515,816
515,835
515,841
515,911
515,912
515,914
515,924
515,950
515,981
515,998
516,519
516,526
516,536
516,587
516,608
516,619
516,629
516,636
516,647
516,651
516,699
516,896
516,964
517,562
517,564
517,636
517,683
517,700
517,728
517,739
517,766
517,814
517,837
517,850
517,878
517,953
517,972
518,556
518,561
518,614
518,622
518,673
518,687
518,731
518,774
518,842
518,857
518,858
518,906
518,910
518,923
518,924
518,926
518,951
518,977
519,541
519,590
519,672
519,695
519,715
519,821
519,833
519,841
519,871
519,873
519,887
519,958
519,973
520,528
520,535
520,564
520,579
520,588
520,605
520,617
520,629
520,672
520,688
520,695
520,698
520,717
520,722
520,796
520,806
520,889
520,896
520,920
520,926
520,961
520,967
521,533
521,542
521,546
521,604
521,623
521,637
521,650
521,660
521,692
521,710
521,715
521,716
521,718
521,719
521,738
521,766
521,821
521,827
521,841
521,867
521,868
521,872
521,887
521,893
521,902
521,913
521,926
521,949
521,976
522,602
522,607
522,621
522,669
522,677
522,730
522,782
522,820
522,822
522,852
522,894
522,905
522,919
522,952
522,965
522,984
522,993
523,524
523,528
523,543
523,590
523,601
523,623
523,641
523,642
523,676
523,689
523,717
523,735
523,741
523,770
523,781
523,798
523,803
523,826
523,832
523,852
523,901
523,931
524,526
524,546
524,552
524,553
524,554
524,575
524,632
524,633
524,642
524,704
524,710
524,711
524,718
524,744
524,769
524,772
524,827
524,836
524,843
524,855
524,878
524,886
524,895
524,919
524,941
524,943
524,945
524,967
524,985
525,610
525,640
525,674
525,678
525,680
525,684
525,729
525,750
525,759
525,776
525,813
525,870
525,872
525,890
525,908
525,951
525,961
525,962
525,966
525,970
526,528
526,530
526,561
526,575
526,603
526,610
526,624
526,625
526,631
526,662
526,671
526,682
526,683
526,704
526,712
526,764
526,768
526,782
526,797
526,833
526,836
526,850
526,859
526,861
526,866
526,870
526,894
526,926
526,938
526,949
526,950
526,975
526,978
526,985
527,530
527,531
527,552
527,557
527,558
527,561
527,581
527,628
527,629
527,651
527,691
527,701
527,703
527,733
527,784
527,813
527,890
527,897
527,904
527,945
527,961
527,991
528,531
528,534
528,538
528,549
528,568
528,594
528,614
528,617
528,624
528,631
528,632
528,635
528,682
528,685
528,689
528,693
528,703
528,771
528,773
528,833
528,842
528,852
528,861
528,877
528,890
528,931
528,935
528,953
528,969
528,977
529,538
529,541
529,575
529,590
529,650
529,653
529,673
529,702
529,711
529,737
529,758
529,773
529,776
529,786
529,818
529,828
529,842
529,862
529,870
529,893
529,907
529,909
529,941
529,958
529,961
529,968
529,984
529,985
530,571
530,588
530,619
530,626
530,660
530,689
530,693
530,697
530,698
530,703
530,709
530,742
530,759
530,768
530,811
530,814
530,821
530,833
530,836
530,871
530,899
530,901
530,917
530,926
530,932
531,550
531,566
531,570
531,592
531,605
531,611
531,617
531,650
531,651
531,702
531,711
531,715
531,733
531,745
531,750
531,758
531,777
531,819
531,826
531,863
531,866
531,867
531,878
531,883
531,895
531,937
531,939
531,946
531,951
531,969
531,989
531,995
532,547
532,563
532,569
532,570
532,575
532,581
532,660
532,670
532,695
532,699
532,701
532,713
532,732
532,744
532,747
532,764
532,801
532,806
532,812
532,816
532,819
532,828
532,850
532,856
532,857
532,897
532,903
532,907
532,931
532,932
532,955
532,958
532,959
532,970
532,982
532,989
533,553
533,594
533,600
533,613
533,618
533,624
533,626
533,634
533,640
533,648
533,683
533,706
533,711
533,715
533,736
533,803
533,819
533,850
533,859
533,862
533,864
533,882
533,908
533,917
533,952
533,963
533,982
534,554
534,579
534,666
534,670
534,685
534,768
534,789
534,798
534,804
534,813
534,814
534,826
534,857
534,859
534,875
534,927
534,928
534,946
534,952
534,969
534,977
534,979
535,537
535,540
535,565
535,582
535,605
535,609
535,626
535,647
535,665
535,676
535,679
535,680
535,682
535,696
535,700
535,704
535,707
535,710
535,713
535,714
535,717
535,720
535,733
535,745
535,759
535,773
535,778
535,785
535,786
535,818
535,827
535,871
535,893
535,903
535,907
535,911
535,912
535,922
535,932
535,937
535,950
535,968
535,976
536,553
536,570
536,615
536,624
536,660
536,663
536,665
536,689
536,756
536,792
536,804
536,903
536,964
537,539
537,542
537,566
537,584
537,627
537,662
537,701
537,752
537,759
537,797
537,848
537,864
537,889
537,903
537,930
537,942
538,547
538,571
538,638
538,665
538,696
538,698
538,712
538,797
538,819
538,828
538,842
538,857
538,866
538,878
538,887
538,911
538,938
538,946
538,949
538,954
538,961
538,967
538,978
538,979
538,982
538,986
539,540
539,542
539,557
539,563
539,581
539,582
539,585
539,588
539,589
539,590
539,603
539,607
539,630
539,647
539,656
539,674
539,679
539,686
539,694
539,722
539,767
539,798
539,802
539,844
539,845
539,848
539,849
539,873
539,883
539,892
539,893
539,903
539,911
539,963
539,990
539,991
540,550
540,568
540,570
540,571
540,583
540,613
540,617
540,681
540,682
540,693
540,705
540,741
540,749
540,751
540,753
540,773
540,776
540,796
540,806
540,807
540,850
540,876
540,882
540,887
540,901
540,908
540,931
540,937
540,946
540,948
540,956
540,970
540,975
540,978
540,999
541,546
541,549
541,567
541,600
541,646
541,660
541,670
541,671
541,677
541,685
541,693
541,727
541,736
541,739
541,749
541,770
541,794
541,799
541,819
541,850
541,852
541,858
541,892
541,893
541,915
541,922
541,930
541,949
541,968
541,981
542,549
542,600
542,619
542,629
542,652
542,662
542,688
542,693
542,694
542,702
542,710
542,711
542,724
542,785
542,794
542,819
542,836
542,871
542,885
542,890
542,902
542,945
542,968
542,971
543,548
543,562
543,578
543,583
543,617
543,676
543,677
543,688
543,701
543,709
543,729
543,759
543,789
543,893
543,894
543,906
543,945
543,970
543,983
544,548
544,576
544,580
544,597
544,599
544,606
544,644
544,680
544,684
544,685
544,692
544,699
544,707
544,730
544,734
544,742
544,747
544,776
544,779
544,817
544,821
544,838
544,851
544,895
544,931
544,943
544,951
544,993
545,565
545,610
545,618
545,620
545,623
545,662
545,685
545,767
545,800
545,815
545,833
545,840
545,861
545,927
545,964
545,975
546,564
546,565
546,566
546,568
546,577
546,584
546,592
546,598
546,606
546,608
546,611
546,612
546,651
546,657
546,665
546,676
546,687
546,700
546,702
546,704
546,711
546,732
546,749
546,751
546,766
546,772
546,778
546,794
546,796
546,799
546,830
546,855
546,857
546,866
546,872
546,896
546,902
546,907
546,908
546,911
546,921
546,931
546,941
546,946
546,963
546,967
546,970
546,983
546,984
546,995
547,557
547,628
547,630
547,657
547,673
547,718
547,734
547,769
547,774
547,806
547,814
547,842
547,861
547,867
547,880
547,893
547,921
547,967
548,557
548,571
548,608
548,611
548,618
548,630
548,637
548,640
548,643
548,649
548,650
548,656
548,687
548,690
548,710
548,730
548,736
548,737
548,750
548,758
548,773
548,783
548,800
548,803
548,818
548,824
548,835
548,838
548,850
548,852
548,883
548,896
548,909
548,920
548,928
548,930
548,931
548,936
548,958
548,987
548,994
549,550
549,552
549,569
549,572
549,592
549,636
549,639
549,640
549,647
549,659
549,660
549,676
549,680
549,682
549,689
549,700
549,710
549,713
549,769
549,793
549,797
549,818
549,850
549,851
549,857
549,861
549,865
549,866
549,878
549,887
549,888
549,894
549,907
549,916
549,931
549,937
549,953
549,961
549,962
549,967
549,979
550,559
550,643
550,665
550,697
550,729
550,745
550,759
550,768
550,785
550,803
550,811
550,836
550,844
550,846
550,851
550,888
550,889
550,907
550,932
550,943
550,946
550,981
550,983
550,985
550,993
551,559
551,590
551,612
551,613
551,645
551,730
551,754
551,773
551,774
551,781
551,840
551,852
551,874
551,933
551,954
551,998
552,561
552,566
552,577
552,608
552,619
552,625
552,642
552,667
552,681
552,691
552,706
552,708
552,712
552,714
552,715
552,744
552,767
552,778
552,796
552,797
552,812
552,818
552,827
552,833
552,851
552,853
552,866
552,876
552,884
552,900
552,911
552,921
552,936
553,571
553,573
553,598
553,628
553,653
553,685
553,703
553,705
553,711
553,715
553,753
553,796
553,800
553,828
553,847
553,850
553,857
553,862
553,870
553,878
553,898
553,920
553,946
553,952
554,560
554,562
554,587
554,675
554,693
554,741
554,748
554,752
554,802
554,813
554,830
554,927
555,678
555,688
555,746
555,773
555,776
555,828
555,837
555,888
555,965
555,974
555,977
556,559
556,562
556,565
556,629
556,639
556,715
556,895
556,909
556,948
556,995
557,594
557,628
557,678
557,713
557,728
557,829
557,846
557,860
558,589
558,611
558,668
558,700
558,879
558,956
558,966
558,996
559,564
559,574
559,582
559,616
559,635
559,637
559,647
559,650
559,685
559,693
559,705
559,712
559,747
559,758
559,774
559,778
559,779
559,781
559,796
559,800
559,807
559,824
559,842
559,864
559,886
559,894
559,895
559,908
559,916
559,922
559,926
559,934
559,939
559,954
559,962
559,984
559,990
559,996
559,998
560,598
560,613
560,642
560,657
560,679
560,726
560,772
560,817
560,865
560,876
560,888
560,901
560,902
560,907
560,955
560,964
560,985
560,989
560,994
560,996
561,572
561,584
561,599
561,614
561,682
561,687
561,729
561,744
561,758
561,772
561,774
561,807
561,847
561,849
561,857
561,869
561,902
561,918
561,929
561,936
561,951
561,957
561,976
561,980
561,993
561,996
561,999
562,580
562,594
562,606
562,628
562,663
562,671
562,708
562,713
562,759
562,762
562,769
562,778
562,786
562,799
562,926
562,940
562,951
563,565
563,566
563,568
563,596
563,603
563,620
563,629
563,692
563,738
563,754
563,755
563,774
563,841
563,858
563,859
563,878
563,895
563,921
564,577
564,601
564,639
564,667
564,673
564,680
564,687
564,700
564,731
564,745
564,772
564,796
564,811
564,817
564,866
564,872
564,877
564,934
564,940
564,965
564,978
564,993
564,995
565,568
565,576
565,582
565,625
565,639
565,659
565,666
565,671
565,709
565,712
565,727
565,756
565,803
565,825
565,856
565,924
565,925
565,926
565,953
565,966
565,970
565,984
566,573
566,596
566,611
566,657
566,676
566,702
566,774
566,778
566,794
566,796
566,825
566,870
566,872
566,873
566,877
566,890
566,895
566,900
566,905
566,925
566,951
566,954
566,958
566,989
566,996
566,999
567,568
567,644
567,668
567,687
567,700
567,703
567,720
567,754
567,774
567,796
567,814
567,825
567,826
567,836
567,857
567,874
567,894
567,910
567,921
567,926
567,966
567,968
567,981
567,984
568,589
568,606
568,676
568,692
568,699
568,700
568,735
568,775
568,794
568,888
568,951
568,966
569,608
569,667
569,700
569,797
569,800
569,801
569,802
569,887
569,890
569,938
569,950
569,959
569,980
570,575
570,586
570,615
570,653
570,662
570,687
570,689
570,694
570,702
570,712
570,714
570,736
570,737
570,749
570,750
570,756
570,772
570,776
570,795
570,804
570,818
570,825
570,828
570,850
570,859
570,861
570,862
570,884
570,895
570,917
570,924
570,935
570,937
570,966
570,973
570,985
570,987
570,994
571,586
571,655
571,676
571,681
571,682
571,692
571,693
571,705
571,712
571,751
571,758
571,764
571,842
571,850
571,885
571,909
571,949
571,950
571,956
571,962
571,970
571,995
571,999
572,583
572,638
572,675
572,692
572,698
572,736
572,747
572,755
572,769
572,784
572,813
572,857
572,860
572,900
572,990
573,583
573,700
573,707
573,822
573,871
574,608
574,618
574,628
574,651
574,721
574,764
574,773
574,868
574,894
574,910
574,936
574,938
574,966
574,980
575,617
575,624
575,653
575,666
575,667
575,680
575,687
575,696
575,711
575,771
575,826
575,828
575,876
575,882
575,946
575,950
575,961
575,970
576,617
576,646
576,665
576,678
576,683
576,684
576,739
576,803
576,896
576,979
577,611
577,628
577,639
577,681
577,690
577,693
577,696
577,697
577,713
577,740
577,778
577,779
577,806
577,807
577,813
577,827
577,828
577,853
577,856
577,876
577,883
577,937
577,940
577,947
577,969
577,985
577,988
578,579
578,588
578,593
578,602
578,620
578,630
578,639
578,641
578,647
578,651
578,662
578,667
578,681
578,703
578,715
578,719
578,740
578,743
578,747
578,750
578,794
578,799
578,801
578,811
578,833
578,848
578,850
578,866
578,867
578,872
578,897
578,903
578,910
578,940
578,944
578,959
578,970
579,608
579,611
579,638
579,640
579,669
579,698
579,699
579,705
579,708
579,852
579,881
579,899
579,904
579,907
579,921
579,937
579,945
579,956
579,957
579,969
580,599
580,614
580,617
580,632
580,647
580,651
580,655
580,693
580,712
580,719
580,727
580,736
580,774
580,782
580,784
580,793
580,807
580,810
580,854
580,861
580,864
580,900
580,936
580,949
580,954
580,984
580,995
580,998
581,588
581,596
581,600
581,601
581,605
581,653
581,665
581,672
581,681
581,700
581,706
581,707
581,713
581,714
581,768
581,778
581,783
581,857
581,871
581,883
581,915
581,950
581,951
582,607
582,631
582,647
582,666
582,672
582,678
582,687
582,712
582,737
582,756
582,785
582,814
582,824
582,833
582,839
582,841
582,845
582,853
582,868
582,878
582,918
582,968
582,975
582,998
583,590
583,647
583,655
583,664
583,665
583,671
583,681
583,721
583,723
583,742
583,749
583,751
583,759
583,773
583,783
583,788
583,838
583,849
583,857
583,858
583,865
583,893
583,913
583,919
583,926
583,974
583,998
584,592
584,643
584,645
584,686
584,769
584,786
584,849
584,877
584,911
584,918
584,965
585,591
585,622
585,650
585,687
585,750
585,815
585,878
585,906
585,907
585,927
585,941
585,958
585,965
585,967
586,591
586,613
586,626
586,647
586,649
586,716
586,729
586,743
586,750
586,754
586,761
586,768
586,773
586,775
586,797
586,800
586,836
586,842
586,851
586,865
586,871
586,882
586,946
586,949
586,984
586,990
587,610
587,624
587,646
587,649
587,663
587,664
587,665
587,676
587,730
587,736
587,746
587,755
587,776
587,783
587,856
587,880
587,904
587,906
587,913
587,939
587,969
587,975
587,998
588,625
588,654
588,659
588,667
588,675
588,692
588,742
588,753
588,759
588,785
588,813
588,819
588,892
588,895
588,978
588,980
589,603
589,612
589,654
589,732
589,745
589,774
589,805
589,903
589,980
590,629
590,630
590,632
590,668
590,714
590,715
590,730
590,732
590,765
590,772
590,781
590,796
590,803
590,811
590,872
590,873
590,893
590,898
590,907
590,926
590,932
590,942
590,958
590,977
590,989
590,996
590,998
591,599
591,600
591,634
591,654
591,679
591,716
591,742
591,795
591,852
591,893
591,902
591,903
591,924
591,944
591,974
592,597
592,599
592,600
592,654
592,726
592,742
592,764
592,769
592,782
592,794
592,807
592,829
592,857
592,860
592,861
592,865
592,866
592,887
592,899
592,907
592,916
592,926
592,931
592,937
592,938
592,983
592,994
593,617
593,638
593,646
593,647
593,718
593,777
593,781
593,811
593,895
593,897
593,916
593,939
593,976
594,619
594,624
594,638
594,646
594,661
594,668
594,676
594,685
594,701
594,702
594,722
594,749
594,754
594,776
594,779
594,820
594,841
594,842
594,850
594,851
594,861
594,862
594,865
594,876
594,919
594,948
594,949
594,968
594,997
595,601
595,613
595,616
595,691
595,693
595,704
595,746
595,751
595,756
595,776
595,796
595,802
595,811
595,814
595,838
595,884
595,904
595,951
595,975
595,997
596,603
596,639
596,662
596,665
596,693
596,704
596,713
596,747
596,841
596,848
596,858
596,925
596,964
596,999
597,617
597,747
597,790
597,799
597,818
597,841
597,887
597,901
597,920
597,941
597,943
597,955
597,990
598,600
598,620
598,627
598,683
598,706
598,717
598,742
598,745
598,779
598,818
598,834
598,881
598,935
598,948
598,956
598,977
598,995
599,648
599,691
599,708
599,759
599,810
599,826
599,835
599,911
599,990
600,613
600,692
600,717
600,727
600,733
600,771
600,778
600,785
600,798
600,842
600,866
600,867
600,887
600,904
600,910
600,925
600,937
600,938
600,956
600,970
601,609
601,613
601,616
601,640
601,738
601,829
601,872
601,927
601,957
602,604
602,623
602,637
602,644
602,662
602,665
602,669
602,719
602,730
602,768
602,788
602,792
602,886
602,893
602,951
602,984
602,988
602,992
603,629
603,644
603,647
603,677
603,700
603,730
603,732
603,738
603,782
603,785
603,820
603,835
603,852
603,871
603,873
603,920
603,926
603,934
603,968
603,977
603,999
604,607
604,612
604,619
604,623
604,630
604,643
604,662
604,669
604,672
604,680
604,746
604,766
604,773
604,780
604,782
604,794
604,800
604,828
604,835
604,840
604,847
604,858
604,864
604,866
604,874
604,877
604,893
604,906
604,925
604,939
604,950
604,968
605,612
605,620
605,629
605,634
605,669
605,702
605,716
605,736
605,744
605,763
605,786
605,789
605,835
605,845
605,851
605,866
605,885
605,893
605,903
605,947
605,975
605,978
606,628
606,640
606,667
606,676
606,678
606,685
606,700
606,778
606,798
606,813
606,833
606,870
606,899
606,919
606,929
606,954
606,970
606,976
607,655
607,754
607,777
607,800
607,806
607,808
607,816
607,840
607,887
607,909
607,912
607,966
607,968
608,632
608,647
608,657
608,667
608,676
608,690
608,724
608,737
608,815
608,829
608,856
608,861
608,872
608,897
608,905
608,925
608,944
608,945
608,950
608,961
608,978
608,980
608,982
609,636
609,674
609,726
609,739
609,754
609,768
609,793
609,822
609,841
609,848
609,849
609,875
609,888
609,912
609,964
609,994
610,707
610,756
610,834
610,846
610,849
610,851
610,858
610,917
610,924
611,661
611,665
611,676
611,707
611,711
611,718
611,726
611,729
611,732
611,786
611,878
612,647
612,650
612,683
612,684
612,685
612,712
612,730
612,756
612,789
612,800
612,840
612,867
612,891
612,926
612,933
612,934
612,944
612,955
612,964
612,966
612,981
612,996
613,618
613,624
613,658
613,678
613,681
613,689
613,690
613,693
613,704
613,718
613,743
613,760
613,771
613,773
613,776
613,801
613,826
613,870
613,888
613,895
613,921
613,957
613,970
613,978
613,984
613,998
613,999
614,619
614,652
614,659
614,678
614,680
614,700
614,704
614,716
614,731
614,758
614,761
614,794
614,818
614,827
614,897
614,921
614,925
614,954
614,963
614,983
614,986
614,988
614,999
615,638
615,646
615,667
615,693
615,708
615,789
615,806
615,815
615,822
615,876
615,897
615,990
616,649
616,653
616,656
616,729
616,736
616,740
616,745
616,769
616,779
616,782
616,821
616,844
616,878
616,899
616,948
616,976
616,979
616,983
617,618
617,630
617,632
617,656
617,685
617,687
617,728
617,738
617,745
617,784
617,801
617,806
617,816
617,817
617,856
617,864
617,867
617,872
617,891
617,902
617,922
617,941
617,953
617,968
617,993
618,638
618,639
618,681
618,692
618,710
618,736
618,745
618,749
618,757
618,758
618,761
618,779
618,786
618,812
618,836
618,849
618,893
618,899
618,917
618,948
618,968
618,970
618,975
618,978
618,987
619,635
619,679
619,704
619,734
619,773
619,784
619,818
619,837
619,862
619,868
619,873
619,884
619,895
619,903
619,922
619,923
619,926
619,935
619,971
620,641
620,649
620,672
620,684
620,695
620,725
620,767
620,770
620,792
620,864
620,893
620,975
620,980
620,988
620,990
620,994
620,995
621,671
621,766
621,798
621,820
621,849
621,851
621,860
621,889
621,896
621,907
621,911
621,916
622,623
622,631
622,642
622,650
622,651
622,680
622,682
622,693
622,696
622,697
622,711
622,715
622,722
622,729
622,783
622,794
622,796
622,809
622,820
622,824
622,827
622,835
622,856
622,867
622,887
622,895
622,907
622,916
622,937
622,945
622,951
622,960
622,989
622,999
623,629
623,630
623,643
623,655
623,665
623,671
623,699
623,716
623,719
623,720
623,736
623,746
623,770
623,800
623,807
623,873
623,916
623,931
623,949
623,965
623,981
623,988
623,998
623,999
624,627
624,651
624,652
624,660
624,690
624,693
624,713
624,722
624,725
624,753
624,777
624,795
624,804
624,826
624,841
624,874
624,882
624,907
624,927
624,947
624,948
624,952
624,966
624,974
624,978
625,627
625,630
625,675
625,837
625,848
625,862
625,865
625,919
625,980
626,638
626,640
626,667
626,678
626,699
626,717
626,718
626,720
626,743
626,832
626,850
626,908
626,938
627,658
627,736
627,751
627,806
627,842
627,855
627,859
628,654
628,662
628,680
628,688
628,704
628,706
628,708
628,724
628,727
628,729
628,751
628,775
628,828
628,842
628,849
628,884
628,909
628,922
628,983
628,990
629,652
629,721
629,735
629,807
629,812
629,836
629,875
629,893
629,909
629,923
629,947
629,948
629,960
629,968
629,984
630,647
630,655
630,660
630,679
630,680
630,683
630,690
630,699
630,710
630,717
630,727
630,734
630,758
630,761
630,773
630,798
630,827
630,878
630,903
630,925
630,981
630,986
630,990
630,998
631,698
631,712
631,713
631,717
631,719
631,731
631,736
631,737
631,749
631,773
631,774
631,782
631,785
631,818
631,831
631,850
631,862
631,893
631,910
631,961
631,981
631,997
632,642
632,644
632,677
632,744
632,771
632,781
632,782
632,794
632,820
632,835
632,873
632,890
632,918
632,944
632,956
632,958
632,967
632,990
633,681
633,692
633,700
633,718
633,726
633,731
633,796
633,811
633,858
633,897
633,907
633,949
633,950
633,971
633,981
634,643
634,646
634,665
634,688
634,713
634,727
634,735
634,755
634,786
634,804
634,819
634,827
634,841
634,861
634,891
634,935
634,955
634,960
634,981
635,652
635,655
635,665
635,684
635,688
635,719
635,738
635,741
635,776
635,818
635,822
635,854
635,866
635,869
635,911
635,944
635,947
635,982
636,669
636,684
636,690
636,765
636,780
636,784
636,785
636,793
636,798
636,817
636,874
636,905
636,907
636,913
636,932
636,936
636,942
636,956
636,964
636,975
636,976
636,978
636,980
637,643
637,646
637,664
637,689
637,716
637,793
637,801
637,810
637,825
637,826
637,849
637,890
637,891
637,925
637,950
637,964
637,986
638,640
638,693
638,709
638,751
638,755
638,814
638,845
638,865
638,870
638,919
638,954
638,956
638,978
638,984
639,668
639,697
639,711
639,720
639,732
639,764
639,771
639,789
639,794
639,796
639,844
639,865
639,866
639,867
639,876
639,890
639,922
639,950
639,958
639,979
639,997
640,653
640,663
640,678
640,679
640,693
640,696
640,705
640,712
640,758
640,787
640,797
640,811
640,833
640,839
640,842
640,866
640,887
640,899
640,918
640,922
640,935
640,978
640,982
641,772
641,977
641,985
641,991
641,999
642,661
642,673
642,699
642,701
642,709
642,712
642,719
642,769
642,772
642,794
642,796
642,800
642,837
642,851
642,863
642,864
642,894
642,921
642,925
642,947
642,949
642,951
642,968
642,976
643,670
643,671
643,682
643,689
643,703
643,706
643,716
643,741
643,793
643,817
643,868
643,878
643,882
643,893
643,935
643,959
643,960
644,650
644,804
644,808
644,863
644,864
644,876
644,888
644,897
644,909
644,985
645,667
645,685
645,758
645,774
645,777
645,855
645,869
645,884
645,987
646,664
646,669
646,730
646,746
646,758
646,807
646,810
646,850
646,954
646,991
647,655
647,662
647,674
647,703
647,714
647,736
647,789
647,818
647,845
647,885
647,887
647,896
647,904
647,918
647,926
647,967
647,996
648,689
648,694
648,700
648,726
648,737
648,743
648,779
648,842
648,886
648,908
648,915
648,956
649,652
649,667
649,674
649,694
649,750
649,753
649,759
649,771
649,776
649,783
649,791
649,805
649,812
649,815
649,826
649,841
649,850
649,857
649,884
649,886
649,900
649,932
649,963
649,968
649,975
649,983
649,987
650,676
650,687
650,689
650,693
650,697
650,718
650,733
650,745
650,755
650,774
650,799
650,812
650,816
650,825
650,826
650,828
650,856
650,867
650,894
650,903
650,935
650,973
650,996
651,715
651,724
651,730
651,776
651,798
651,849
651,859
651,878
651,884
651,886
651,897
651,907
651,921
651,922
651,961
651,977
651,993
651,996
652,667
652,703
652,712
652,729
652,733
652,743
652,752
652,794
652,800
652,818
652,820
652,831
652,833
652,847
652,849
652,885
652,931
652,934
652,938
652,945
652,949
652,956
652,975
653,656
653,663
653,667
653,688
653,732
653,751
653,764
653,831
653,856
653,866
653,890
653,936
653,945
654,688
654,691
654,702
654,709
654,773
654,811
654,820
654,830
654,855
654,877
654,884
654,891
654,903
654,927
654,937
654,994
655,665
655,671
655,672
655,701
655,703
655,710
655,718
655,750
655,761
655,774
655,780
655,815
655,832
655,834
655,845
655,876
655,903
655,908
655,910
655,921
655,935
655,936
656,657
656,674
656,682
656,713
656,722
656,741
656,762
656,771
656,773
656,805
656,839
656,861
656,865
656,904
656,913
656,917
656,947
656,981
656,985
656,995
657,685
657,724
657,799
657,877
657,976
658,670
658,672
658,861
658,903
658,926
658,952
658,957
658,976
659,704
659,717
659,718
659,774
659,781
659,782
659,798
659,850
659,852
659,858
659,863
659,907
659,922
659,926
659,999
660,671
660,672
660,682
660,705
660,712
660,749
660,755
660,818
660,824
660,861
660,876
660,920
660,974
660,998
661,769
661,819
661,837
661,866
661,869
661,872
661,877
661,894
661,896
661,910
661,916
662,682
662,684
662,707
662,745
662,805
662,813
662,823
662,915
662,928
662,936
662,956
662,957
662,959
662,985
662,994
663,664
663,666
663,741
663,749
663,771
663,773
663,835
663,848
663,850
663,858
663,863
663,883
663,886
663,947
663,948
663,975
664,703
664,719
664,738
664,756
664,791
664,823
664,856
664,867
664,891
664,923
664,942
664,960
665,697
665,716
665,719
665,729
665,758
665,778
665,793
665,794
665,796
665,800
665,806
665,819
665,833
665,841
665,865
665,870
665,893
665,910
665,917
665,935
665,937
665,946
665,962
665,979
665,981
665,998
665,999
666,689
666,694
666,729
666,736
666,739
666,741
666,859
666,868
666,885
666,901
666,908
666,913
666,932
666,949
666,978
667,692
667,706
667,707
667,729
667,730
667,736
667,748
667,751
667,759
667,776
667,778
667,805
667,813
667,873
667,901
667,904
667,969
667,979
667,994
668,712
668,746
668,764
668,767
668,803
668,834
668,851
668,856
668,894
668,906
668,986
669,670
669,671
669,716
669,756
669,787
669,793
669,801
669,818
669,841
669,850
669,851
669,862
669,869
669,894
669,903
669,914
669,925
669,930
669,946
669,949
669,953
669,966
669,988
670,676
670,685
670,717
670,719
670,730
670,731
670,777
670,781
670,835
670,862
670,869
670,876
670,903
670,913
670,933
670,938
670,954
670,984
670,988
670,992
671,685
671,703
671,709
671,717
671,737
671,761
671,770
671,791
671,794
671,795
671,819
671,827
671,829
671,893
671,922
671,939
671,976
671,988
672,684
672,686
672,713
672,731
672,767
672,774
672,793
672,834
672,837
672,858
672,861
672,933
672,935
672,950
672,951
672,999
673,711
673,746
673,858
673,867
673,878
673,944
674,756
674,761
674,837
674,893
674,932
674,955
674,958
675,677
675,743
675,749
675,753
675,763
675,786
675,797
675,821
675,826
675,846
675,885
675,899
675,942
676,678
676,681
676,687
676,688
676,693
676,697
676,732
676,734
676,739
676,784
676,814
676,817
676,819
676,827
676,879
676,882
676,897
676,900
676,902
676,922
676,941
676,961
676,975
676,977
676,979
676,983
677,687
677,690
677,692
677,698
677,727
677,733
677,735
677,741
677,750
677,759
677,784
677,790
677,813
677,846
677,850
677,868
677,887
677,888
677,901
677,931
677,938
677,949
677,951
677,961
677,963
678,688
678,707
678,758
678,768
678,811
678,828
678,838
678,895
678,912
678,956
678,959
678,995
679,693
679,714
679,727
679,744
679,747
679,761
679,776
679,777
679,782
679,819
679,820
679,824
679,827
679,828
679,834
679,838
679,858
679,866
679,869
679,892
679,899
679,900
679,916
679,937
679,951
679,956
679,977
680,687
680,700
680,704
680,715
680,760
680,774
680,798
680,806
680,818
680,834
680,847
680,872
680,873
680,893
680,897
680,907
680,909
680,911
680,963
680,982
681,710
681,742
681,746
681,759
681,785
681,831
681,842
681,855
681,862
681,867
681,870
681,882
681,885
681,887
681,897
681,980
682,693
682,711
682,718
682,720
682,722
682,735
682,750
682,752
682,776
682,786
682,787
682,791
682,794
682,807
682,823
682,861
682,866
682,870
682,900
682,902
682,929
682,934
682,941
682,945
682,965
682,967
682,968
682,995
683,684
683,686
683,713
683,739
683,748
683,752
683,784
683,788
683,852
683,857
683,897
683,902
683,915
683,986
683,994
684,716
684,741
684,744
684,754
684,755
684,802
684,944
684,984
684,988
685,715
685,739
685,765
685,767
685,787
685,814
685,821
685,837
685,864
685,872
685,886
685,903
685,908
685,960
685,967
685,983
686,697
686,701
686,746
686,747
686,749
686,763
686,779
686,791
686,794
686,814
686,833
686,841
686,853
686,878
686,893
686,896
686,898
686,949
686,978
686,995
687,700
687,704
687,715
687,721
687,732
687,736
687,739
687,785
687,796
687,866
687,867
687,878
687,885
687,901
687,921
687,936
687,953
687,981
687,986
687,989
688,692
688,806
688,817
688,861
688,873
688,888
688,902
688,932
688,984
688,997
689,726
689,750
689,754
689,796
689,804
689,832
689,853
689,903
689,958
690,693
690,712
690,717
690,736
690,826
690,833
690,850
690,861
690,866
690,979
690,995
690,999
691,701
691,705
691,713
691,762
691,769
691,802
691,816
691,871
691,872
691,921
691,922
691,965
691,990
692,712
692,774
692,782
692,794
692,826
692,847
692,853
692,870
692,888
692,901
692,961
693,696
693,704
693,711
693,712
693,725
693,736
693,781
693,794
693,800
693,806
693,821
693,833
693,860
693,866
693,882
693,887
693,916
693,930
693,948
693,949
693,958
693,965
693,967
693,995
694,718
694,730
694,804
694,811
694,815
694,828
694,890
694,949
694,970
694,998
695,739
695,866
695,875
696,716
696,721
696,727
696,741
696,750
696,815
696,818
696,870
696,877
696,900
696,930
696,933
696,949
696,956
696,978
696,980
697,711
697,720
697,769
697,771
697,776
697,785
697,788
697,794
697,805
697,813
697,836
697,889
697,894
697,904
697,910
697,943
697,954
697,961
697,962
697,995
698,703
698,713
698,721
698,751
698,775
698,784
698,820
698,821
698,828
698,829
698,860
698,882
698,896
698,929
698,946
699,706
699,722
699,806
699,829
699,839
699,937
699,947
699,971
700,702
700,732
700,772
700,790
700,794
700,796
700,798
700,818
700,820
700,828
700,866
700,886
700,893
700,895
700,910
700,916
700,921
700,936
700,937
700,949
700,951
700,954
700,963
700,981
700,993
700,998
701,745
701,768
701,783
701,825
701,849
701,854
701,875
701,886
701,888
701,993
702,720
702,732
702,757
702,794
702,857
702,866
702,873
702,894
702,926
702,931
702,932
702,937
702,961
702,979
702,980
702,983
702,995
703,710
703,725
703,749
703,759
703,782
703,795
703,805
703,861
703,871
703,880
703,903
703,922
703,959
703,972
703,975
703,976
703,990
703,991
704,711
704,720
704,736
704,743
704,750
704,763
704,794
704,798
704,840
704,866
704,902
704,937
704,961
704,962
704,969
704,981
705,713
705,728
705,730
705,737
705,754
705,799
705,876
705,898
705,899
705,908
705,928
705,946
705,956
705,998
706,759
706,776
706,782
706,794
706,799
706,804
706,809
706,813
706,859
706,887
706,893
706,931
706,952
706,965
706,981
707,726
707,732
707,743
707,758
707,762
707,789
707,809
707,815
707,826
707,827
707,875
707,876
707,882
707,884
707,885
707,896
707,915
707,956
707,958
707,973
707,990
708,713
708,717
708,729
708,745
708,763
708,771
708,777
708,797
708,821
708,871
708,888
708,894
708,999
709,728
709,740
709,750
709,767
709,784
709,808
709,838
709,843
709,852
709,856
709,870
709,885
709,908
709,930
709,949
710,737
710,754
710,758
710,769
710,785
710,811
710,824
710,837
710,853
710,856
710,867
710,893
710,895
710,898
710,899
710,913
710,918
710,921
710,924
710,931
710,949
710,950
710,954
710,964
710,984
710,999
711,713
711,719
711,764
711,774
711,778
711,784
711,785
711,796
711,811
711,825
711,844
711,857
711,866
711,890
711,894
711,935
711,937
711,941
711,961
711,962
711,982
711,995
711,998
712,717
712,725
712,750
712,751
712,758
712,770
712,773
712,807
712,834
712,845
712,864
712,878
712,885
712,917
712,922
712,931
712,951
713,717
713,727
713,730
713,811
713,819
713,821
713,854
713,902
713,961
713,980
713,996
714,769
714,772
714,782
714,784
714,790
714,798
714,835
714,838
714,857
714,905
714,907
715,727
715,733
715,741
715,761
715,774
715,818
715,837
715,838
715,849
715,861
715,876
715,894
715,900
715,916
715,921
715,930
715,938
715,968
715,969
715,993
716,717
716,800
716,822
716,841
716,864
716,905
716,906
716,919
716,925
716,955
716,966
717,719
717,721
717,727
717,736
717,753
717,794
717,804
717,834
717,840
717,872
717,875
717,907
717,908
717,919
717,926
717,933
717,937
717,954
717,968
718,746
718,769
718,778
718,789
718,800
718,811
718,831
718,852
718,900
718,921
718,922
718,926
718,929
718,932
718,955
718,962
718,969
719,777
719,808
719,845
719,861
719,862
719,864
719,878
719,886
719,887
719,893
719,925
719,931
719,939
719,954
719,976
720,722
720,737
720,752
720,773
720,784
720,802
720,814
720,849
720,850
720,878
720,882
720,886
720,897
720,900
720,907
720,910
720,922
720,932
720,937
720,953
720,954
720,960
720,976
720,978
720,995
720,999
721,742
721,847
721,850
721,852
721,856
721,939
721,974
722,748
722,755
722,802
722,844
722,885
722,904
722,948
722,959
722,962
722,967
722,969
722,979
723,752
723,821
723,823
723,881
723,889
723,890
723,949
723,964
723,980
724,739
724,777
724,783
724,851
724,915
724,917
724,931
724,982
725,758
725,761
725,773
725,797
725,800
725,850
725,907
725,911
725,938
725,956
725,959
726,728
726,746
726,749
726,753
726,812
726,818
726,844
726,847
726,849
726,861
726,865
726,870
726,913
726,940
726,949
726,969
727,761
727,783
727,794
727,800
727,862
727,864
727,893
727,971
727,981
727,982
727,986
728,731
728,838
728,905
728,930
728,947
729,746
729,747
729,761
729,771
729,786
729,794
729,798
729,811
729,833
729,837
729,855
729,861
729,866
729,867
729,909
729,937
729,940
729,963
729,979
729,983
730,741
730,743
730,749
730,765
730,789
730,804
730,845
730,850
730,876
730,888
730,937
730,997
731,779
731,792
731,796
731,798
731,825
731,873
731,916
731,929
731,973
732,735
732,744
732,823
732,828
732,832
732,851
732,855
732,866
732,909
732,997
733,735
733,765
733,818
733,827
733,837
733,849
733,852
733,878
733,902
733,911
733,936
733,937
733,949
733,959
733,985
733,993
734,740
734,821
734,882
734,936
734,945
734,948
734,970
735,749
735,768
735,796
735,864
735,869
735,886
735,893
735,912
735,927
735,957
735,960
735,995
735,999
736,738
736,761
736,774
736,785
736,828
736,835
736,845
736,849
736,850
736,853
736,856
736,859
736,868
736,878
736,895
736,916
736,917
736,930
736,949
736,950
736,952
736,966
736,981
736,994
737,793
737,800
737,804
737,832
737,833
737,850
737,862
737,864
737,867
737,870
737,880
737,887
737,893
737,925
737,933
737,961
737,962
737,981
738,785
738,818
738,866
738,886
738,918
738,996
739,827
739,843
739,853
739,858
739,883
739,897
739,902
739,964
739,971
740,781
740,787
740,796
740,809
740,821
740,824
740,871
740,888
740,892
740,993
741,743
741,770
741,843
741,848
741,917
741,924
741,942
741,978
742,762
742,797
742,801
742,864
742,875
742,895
742,927
742,928
742,945
742,948
743,749
743,751
743,764
743,767
743,806
743,816
743,821
743,826
743,842
743,855
743,865
743,876
743,893
743,949
743,980
744,851
744,889
745,746
745,772
745,797
745,814
745,893
745,897
745,922
745,949
745,969
745,991
746,805
746,865
746,866
746,899
746,903
746,938
746,946
747,804
747,822
747,830
747,832
747,875
747,924
747,943
747,961
748,768
748,769
748,785
748,870
748,875
748,885
748,951
748,967
748,980
749,754
749,758
749,789
749,816
749,835
749,845
749,848
749,903
749,908
749,919
749,925
749,952
749,978
749,987
750,765
750,770
750,772
750,774
750,785
750,796
750,804
750,842
750,850
750,861
750,908
750,918
750,919
750,941
750,942
750,946
750,951
750,952
750,962
750,964
750,979
750,991
750,998
751,776
751,826
751,827
751,850
751,871
751,876
751,883
751,904
751,919
751,949
751,965
751,969
752,819
752,863
752,967
753,758
753,876
753,883
753,889
753,929
753,961
753,985
754,784
754,798
754,818
754,825
754,909
754,913
754,916
754,925
754,966
754,980
754,981
754,987
754,998
755,767
755,778
755,781
755,784
755,841
755,914
756,782
756,824
756,831
756,864
756,905
756,911
756,999
757,818
757,836
757,850
757,884
757,912
757,920
757,925
757,956
757,970
757,999
758,769
758,793
758,815
758,853
758,859
758,878
758,900
758,902
758,912
758,917
758,918
758,926
758,944
758,952
758,965
758,971
758,978
758,999
759,778
759,828
759,833
759,849
759,885
759,903
759,948
759,961
759,978
759,990
759,991
759,993
760,919
760,938
760,978
761,765
761,770
761,773
761,779
761,782
761,819
761,826
761,835
761,839
761,841
761,850
761,861
761,893
761,895
761,905
761,908
761,919
761,955
761,958
761,961
761,969
761,975
761,987
761,998
761,999
762,795
762,797
762,798
762,831
762,857
762,994
763,797
763,804
763,811
763,821
763,837
763,865
763,887
763,889
763,921
763,961
763,969
763,979
764,792
764,826
764,859
764,863
764,875
764,885
764,908
764,932
764,941
764,949
764,965
764,969
764,991
764,992
765,780
765,783
765,806
765,812
765,877
765,890
765,894
765,960
765,962
765,980
765,982
765,989
766,791
766,816
766,867
766,881
766,953
767,791
767,816
767,933
767,972
767,980
768,799
768,844
768,917
768,929
768,935
768,959
768,977
769,775
769,797
769,807
769,817
769,871
769,883
769,890
769,894
769,905
769,937
769,941
769,947
769,993
769,994
770,780
770,798
770,829
770,845
770,859
770,897
770,901
770,906
770,912
770,944
770,958
771,797
771,841
771,890
771,910
771,942
771,993
772,774
772,777
772,809
772,814
772,833
772,848
772,873
772,888
772,905
772,950
772,963
772,986
773,785
773,789
773,794
773,807
773,818
773,833
773,850
773,862
773,866
773,874
773,926
773,961
773,968
773,969
773,998
774,781
774,807
774,818
774,825
774,828
774,840
774,843
774,851
774,857
774,868
774,873
774,877
774,894
774,901
774,903
774,909
774,920
774,932
774,951
774,953
774,967
774,968
774,980
774,991
774,999
775,887
775,899
775,945
775,958
775,969
775,978
776,804
776,859
776,870
776,887
776,938
776,945
776,946
776,949
776,978
776,997
777,790
777,804
777,811
777,827
777,954
777,973
777,977
777,981
777,987
778,785
778,797
778,865
778,878
778,946
778,983
778,995
779,813
779,858
779,885
779,940
779,943
780,808
780,818
780,848
780,889
780,910
780,974
781,794
781,798
781,805
781,806
781,888
781,909
781,962
781,970
781,981
781,982
782,787
782,847
782,851
782,858
782,864
782,877
782,891
782,901
782,907
782,916
782,929
782,950
782,977
782,982
782,984
782,999
783,793
783,840
783,852
783,857
783,952
783,994
784,816
784,823
784,852
784,901
784,909
784,919
784,994
784,998
785,813
785,838
785,865
785,866
785,878
785,882
785,885
785,893
785,899
785,943
785,979
785,989
786,811
786,838
786,900
786,940
786,956
787,890
787,893
787,973
787,978
788,800
788,857
788,896
788,987
789,793
789,800
789,814
789,822
789,841
789,860
789,933
789,986
790,811
790,866
790,867
790,904
790,931
790,940
791,812
791,820
791,838
791,841
791,861
791,876
791,909
791,938
791,939
791,955
792,832
792,838
792,840
792,861
792,897
792,899
792,968
792,977
792,991
793,810
793,846
793,868
793,882
793,894
793,905
793,927
793,949
793,954
793,971
793,974
794,818
794,861
794,866
794,867
794,878
794,890
794,898
794,922
794,931
794,967
795,839
795,849
795,860
795,869
795,908
796,830
796,844
796,851
796,856
796,895
796,900
796,911
796,921
796,988
796,991
797,823
797,827
797,840
797,849
797,866
797,875
797,903
797,916
797,962
797,963
797,965
797,970
797,981
798,833
798,835
798,849
798,901
798,931
798,939
798,953
798,955
798,963
798,980
798,981
799,875
799,936
799,940
800,819
800,835
800,840
800,841
800,848
800,866
800,869
800,874
800,887
800,941
800,954
800,962
800,967
800,976
800,978
800,998
801,813
801,876
801,919
801,930
802,936
803,814
803,816
803,828
803,829
803,869
803,922
803,926
803,960
803,999
804,831
804,840
804,848
804,862
804,865
804,893
804,905
804,919
804,931
804,973
804,985
804,991
805,837
805,887
805,930
805,940
805,943
806,817
806,820
806,821
806,867
806,872
806,875
806,886
806,917
806,921
806,922
806,937
806,959
806,969
807,829
807,852
807,853
807,864
807,882
807,913
807,934
807,954
807,960
807,978
807,983
808,858
808,891
808,893
808,954
808,972
808,983
808,991
809,927
810,820
810,852
810,876
810,911
810,968
811,814
811,820
811,825
811,835
811,901
811,925
811,945
811,951
811,958
811,985
811,990
812,858
812,861
812,869
812,886
812,914
812,977
812,996
813,819
813,836
813,949
813,956
813,976
813,978
814,866
814,867
814,882
814,887
814,890
814,899
814,927
814,931
814,934
814,941
814,945
814,961
814,979
814,991
814,995
814,997
815,842
815,845
815,895
815,917
815,929
815,948
815,956
815,975
815,987
816,872
816,874
816,884
816,893
816,903
816,921
816,931
816,946
816,951
816,954
816,968
816,977
816,998
817,862
817,890
817,905
817,946
817,964
818,821
818,827
818,843
818,855
818,862
818,863
818,867
818,874
818,878
818,893
818,900
818,907
818,911
818,922
818,934
818,941
818,945
818,967
819,825
819,835
819,882
819,893
819,895
819,908
819,911
819,913
819,918
819,954
819,963
819,964
819,976
819,981
819,999
820,851
820,862
820,867
820,897
820,954
820,965
820,968
820,995
820,999
821,837
821,848
821,856
821,866
821,871
821,877
821,881
821,895
821,931
821,952
821,976
821,994
821,995
822,842
822,861
822,874
822,916
822,950
822,952
823,865
823,866
823,887
823,890
823,994
823,995
824,834
824,841
824,893
824,922
824,944
824,958
824,972
824,974
824,979
824,984
824,998
824,999
825,887
825,905
825,911
825,937
826,864
826,882
826,912
826,914
826,929
826,940
826,962
826,970
826,980
827,849
827,897
827,910
827,920
827,925
827,931
827,937
828,842
828,867
828,882
828,883
828,915
828,934
828,961
828,975
828,979
828,995
829,857
829,871
829,911
829,948
829,967
829,995
830,896
831,851
831,869
831,899
832,846
832,865
832,895
832,935
832,962
832,978
833,846
833,876
833,900
833,904
833,911
833,916
833,934
833,941
833,981
833,990
834,884
834,925
834,954
834,984
835,864
835,893
835,939
835,972
835,983
836,842
836,865
836,867
836,890
836,902
837,867
837,872
837,893
837,943
837,952
837,961
838,842
838,916
838,936
838,968
838,991
839,912
839,921
839,977
839,989
840,869
840,891
840,895
840,905
840,906
840,925
840,933
840,954
841,850
841,861
841,893
841,913
841,952
841,958
841,974
841,998
842,850
842,862
842,870
842,901
842,904
842,910
842,929
842,956
842,957
842,962
842,967
842,970
842,981
843,900
843,914
843,921
843,942
843,965
843,992
844,857
844,870
844,876
844,889
844,911
844,940
844,945
844,997
846,848
846,865
846,889
846,904
846,925
846,931
846,943
847,858
847,876
847,877
847,946
847,948
847,949
847,966
847,998
848,858
848,891
848,917
848,940
848,944
848,950
848,960
849,856
849,864
849,896
849,916
849,961
849,977
849,988
849,994
850,855
850,859
850,903
850,904
850,906
850,909
850,948
850,966
850,974
850,981
850,984
850,995
851,856
851,873
851,875
851,876
851,893
851,904
851,923
851,931
851,941
851,942
851,950
851,953
852,861
852,951
852,977
852,980
852,986
852,993
853,858
853,859
853,867
853,922
853,948
853,961
853,976
854,921
855,866
855,878
855,902
855,949
855,963
855,990
856,860
856,873
856,903
856,916
856,985
857,879
857,883
857,902
857,927
857,937
857,979
858,864
858,883
858,893
858,903
858,907
858,971
858,974
858,982
858,989
859,887
859,919
859,930
859,931
859,938
859,949
859,970
859,995
860,864
860,923
860,967
860,968
860,971
861,878
861,879
861,882
861,903
861,917
861,918
861,926
861,958
861,970
861,975
862,869
862,964
862,966
862,981
862,987
863,910
863,972
864,906
864,922
864,925
864,935
864,947
864,954
864,980
864,991
864,999
865,866
865,901
865,908
865,917
865,937
865,957
865,994
866,867
866,872
866,884
866,890
866,900
866,902
866,907
866,910
866,911
866,922
866,931
866,937
866,951
866,952
866,958
866,961
866,994
867,878
867,890
867,900
867,907
867,910
867,934
867,938
867,941
867,946
867,952
867,970
867,985
868,961
868,980
869,886
869,903
869,934
869,955
869,975
870,901
870,903
870,907
870,929
870,945
870,952
870,997
871,877
871,878
871,880
871,883
871,905
871,921
871,961
872,935
872,947
872,951
872,953
872,958
872,965
872,968
872,986
873,895
873,911
873,916
873,942
873,951
873,954
873,965
874,929
874,955
874,977
875,910
875,948
875,978
876,885
876,894
876,919
876,977
876,987
876,988
876,990
877,895
877,920
877,968
877,986
878,887
878,895
878,900
878,921
878,925
878,926
878,931
878,937
878,946
878,959
878,990
879,927
879,932
880,886
880,896
880,912
880,927
880,962
880,976
881,929
882,885
882,887
882,893
882,895
882,897
882,900
882,919
882,924
882,945
882,962
882,984
882,997
883,928
883,930
883,975
884,886
884,897
884,906
884,912
884,946
884,958
884,969
884,985
885,925
885,952
886,887
886,896
886,900
886,909
886,912
886,976
887,908
887,925
887,937
887,958
887,959
887,983
887,985
888,903
888,933
888,945
888,950
889,919
889,961
889,994
890,956
890,961
890,965
890,979
890,985
891,977
891,985
892,964
892,966
892,980
893,894
893,911
893,925
893,927
893,939
893,950
893,953
893,954
893,956
893,969
893,986
893,991
894,922
894,923
894,956
894,976
895,908
895,916
895,918
895,925
895,959
895,977
895,991
896,915
896,921
896,994
897,922
897,929
897,936
897,945
897,964
897,968
898,936
898,968
899,901
899,902
899,933
899,946
899,962
899,978
899,981
900,927
900,958
900,967
900,979
900,988
900,995
900,999
901,904
901,908
901,919
901,952
901,962
901,993
901,999
902,931
902,937
902,938
902,940
902,949
902,961
902,965
902,967
902,977
902,979
902,985
902,987
902,995
902,998
903,913
903,935
903,951
903,958
903,996
904,929
904,970
904,976
904,985
905,913
905,951
905,986
905,999
906,919
906,966
906,978
906,980
906,998
907,910
907,945
907,957
907,960
907,961
907,963
907,966
907,967
907,982
908,919
908,920
908,936
908,946
908,970
908,978
908,983
909,912
909,947
909,950
910,911
910,916
910,921
910,951
910,956
910,965
910,967
910,984
910,999
911,921
911,925
911,937
911,941
911,946
911,976
911,986
912,916
912,944
913,916
916,934
916,949
916,953
916,954
916,958
916,986
916,996
917,970
918,931
918,954
918,981
918,985
918,986
918,988
918,999
919,937
919,952
919,961
919,978
920,924
920,926
920,935
920,940
920,974
920,999
921,931
921,944
921,953
921,958
921,963
921,968
921,995
922,949
922,950
922,958
922,986
923,936
923,982
924,988
925,937
925,988
926,931
926,958
926,981
927,931
927,957
927,964
927,978
927,980
928,946
931,939
931,940
931,959
931,961
931,978
931,985
931,998
931,999
932,948
932,949
932,962
933,936
933,949
933,988
934,941
934,951
934,954
934,984
934,986
934,996
935,954
935,960
935,962
935,981
935,991
936,969
937,940
937,950
937,962
937,990
937,998
938,959
938,965
938,978
938,988
939,948
939,949
939,974
940,949
940,978
940,986
941,954
941,979
941,995
942,973
943,963
943,967
943,997
944,954
945,963
945,991
946,949
946,952
946,958
947,952
947,960
947,972
947,980
947,986
948,969
948,992
949,963
949,981
949,994
950,951
950,960
950,972
950,975
950,989
951,976
951,981
951,995
952,984
952,992
953,962
953,975
953,989
954,984
954,998
954,999
955,957
956,957
956,962
956,963
957,994
958,977
958,980
958,988
958,993
959,999
961,983
961,990
962,967
962,970
962,983
962,987
962,998
963,967
963,995
964,966
964,998
965,976
965,979
966,974
966,994
967,979
967,983
968,985
968,993
968,996
969,975
970,997
972,981
974,977
974,998
976,980
976,989
978,984
980,994
981,984
981,991
984,999
988,998
989,996
990,993
990,999
