source,target
0,2
0,3
0,8
0,32
0,96
0,98
0,109
0,143
0,161
0,171
0,173
0,264
0,291
0,314
0,341
0,372
0,383
0,420
0,424
0,430
0,434
0,478
0,494
0,495
0,504
0,561
0,576
0,630
0,652
0,670
0,802
0,807
0,854
0,956
0,977
0,988
1,38
1,63
1,93
1,97
1,162
1,176
1,200
1,314
1,321
1,329
1,349
1,350
1,367
1,375
1,416
1,452
1,477
1,501
1,502
1,507
1,508
1,529
1,590
1,633
1,818
1,831
1,838
1,844
1,853
1,856
1,884
1,886
1,906
1,919
1,949
1,979
2,32
2,54
2,57
2,97
2,109
2,171
2,180
2,192
2,195
2,264
2,291
2,320
2,327
2,330
2,342
2,348
2,408
2,420
2,463
2,492
2,495
2,504
2,535
2,561
2,581
2,602
2,699
2,731
2,757
2,802
2,806
2,825
2,860
2,902
2,903
2,911
2,963
2,990
3,22
3,26
3,41
3,45
3,48
3,50
3,58
3,62
3,71
3,94
3,106
3,116
3,140
3,179
3,205
3,233
3,238
3,271
3,280
3,308
3,314
3,321
3,367
3,371
3,374
3,395
3,414
3,486
3,526
3,535
3,547
3,598
3,604
3,615
3,668
3,684
3,694
3,697
3,700
3,701
3,702
3,714
3,742
3,749
3,780
3,784
3,786
3,802
3,854
3,903
3,934
3,936
3,949
4,32
4,57
4,96
4,109
4,139
4,181
4,184
4,209
4,253
4,289
4,352
4,414
4,424
4,478
4,481
4,556
4,586
4,731
4,837
4,847
5,16
5,33
5,47
5,171
5,185
5,199
5,252
5,256
5,384
5,443
5,448
5,485
5,500
5,502
5,559
5,560
5,688
5,706
5,709
5,731
5,767
5,773
5,848
5,872
5,935
6,40
6,44
6,45
6,68
6,71
6,84
6,85
6,128
6,168
6,177
6,196
6,199
6,227
6,248
6,265
6,266
6,269
6,277
6,280
6,285
6,327
6,333
6,351
6,367
6,374
6,387
6,409
6,428
6,448
6,508
6,523
6,530
6,550
6,613
6,623
6,629
6,654
6,673
6,717
6,749
6,757
6,764
6,769
6,776
6,777
6,801
6,808
6,837
6,864
6,886
6,916
6,951
6,952
6,956
7,32
7,59
7,135
7,140
7,159
7,171
7,291
7,327
7,354
7,408
7,420
7,445
7,454
7,467
7,492
7,500
7,583
7,616
7,631
7,634
7,652
7,670
7,700
7,762
7,780
7,802
7,825
7,864
8,82
8,116
8,124
8,154
8,184
8,189
8,201
8,222
8,281
8,299
8,305
8,310
8,349
8,374
8,447
8,448
8,528
8,531
8,542
8,580
8,596
8,604
8,620
8,650
8,664
8,671
8,678
8,684
8,709
8,715
8,782
8,784
8,810
8,827
8,845
8,852
8,861
8,891
8,911
8,936
8,957
8,987
9,16
9,28
9,35
9,52
9,64
9,84
9,112
9,125
9,150
9,158
9,186
9,190
9,199
9,218
9,251
9,271
9,282
9,290
9,303
9,332
9,336
9,356
9,378
9,388
9,405
9,414
9,441
9,475
9,515
9,546
9,547
9,571
9,588
9,591
9,595
9,665
9,679
9,696
9,717
9,729
9,741
9,753
9,821
9,824
9,826
9,839
9,865
9,903
9,931
9,976
9,980
9,992
10,97
10,120
10,207
10,259
10,268
10,304
10,321
10,340
10,343
10,365
10,399
10,487
10,497
10,507
10,562
10,616
10,653
10,695
10,722
10,828
10,846
10,851
10,858
10,882
10,884
10,919
10,926
10,952
10,972
11,25
11,67
11,91
11,95
11,99
11,101
11,104
11,119
11,146
11,147
11,157
11,160
11,164
11,174
11,236
11,303
11,329
11,339
11,340
11,353
11,375
11,392
11,417
11,418
11,505
11,525
11,551
11,559
11,562
11,657
11,665
11,690
11,691
11,723
11,749
11,846
11,874
11,876
11,887
11,905
11,937
11,938
11,971
11,981
12,48
12,53
12,78
12,79
12,101
12,104
12,108
12,148
12,150
12,160
12,235
12,237
12,246
12,247
12,267
12,321
12,329
12,349
12,359
12,375
12,376
12,392
12,401
12,417
12,461
12,505
12,572
12,575
12,606
12,633
12,648
12,704
12,720
12,729
12,738
12,774
12,806
12,816
12,818
12,838
12,856
12,858
12,895
12,926
12,964
12,970
13,25
13,30
13,36
13,41
13,42
13,56
13,95
13,104
13,112
13,114
13,141
13,153
13,169
13,182
13,190
13,213
13,259
13,294
13,321
13,337
13,378
13,382
13,384
13,394
13,405
13,430
13,438
13,471
13,476
13,487
13,497
13,503
13,505
13,509
13,512
13,522
13,540
13,551
13,553
13,563
13,571
13,575
13,593
13,595
13,611
13,626
13,633
13,635
13,641
13,648
13,657
13,711
13,717
13,721
13,730
13,738
13,805
13,821
13,822
13,828
13,830
13,836
13,855
13,868
13,876
13,903
13,938
13,944
13,964
13,971
13,981
13,996
14,124
14,139
14,218
14,292
14,298
14,313
14,316
14,342
14,352
14,362
14,408
14,414
14,466
14,485
14,490
14,510
14,561
14,581
14,584
14,612
14,663
14,670
14,682
14,695
14,717
14,726
14,731
14,734
14,749
14,757
14,825
14,837
14,864
14,886
14,911
15,59
15,79
15,147
15,272
15,275
15,279
15,317
15,326
15,347
15,371
15,398
15,468
15,489
15,522
15,534
15,621
15,659
15,673
15,679
15,698
15,705
15,716
15,739
15,768
15,780
15,800
15,808
15,813
15,862
15,873
15,912
15,992
16,42
16,46
16,48
16,57
16,59
16,67
16,79
16,83
16,88
16,89
16,107
16,130
16,142
16,172
16,179
16,199
16,200
16,218
16,224
16,230
16,282
16,304
16,315
16,324
16,358
16,371
16,374
16,388
16,426
16,435
16,439
16,458
16,460
16,476
16,488
16,490
16,492
16,516
16,539
16,548
16,564
16,565
16,566
16,605
16,619
16,623
16,642
16,654
16,684
16,697
16,699
16,716
16,717
16,732
16,749
16,750
16,753
16,777
16,780
16,786
16,836
16,885
16,886
16,894
16,914
16,943
16,984
16,988
16,995
17,18
17,29
17,114
17,202
17,213
17,225
17,229
17,300
17,317
17,335
17,403
17,433
17,522
17,578
17,579
17,591
17,624
17,679
17,792
17,799
17,800
17,814
17,829
17,831
17,842
17,872
18,100
18,168
18,225
18,229
18,244
18,280
18,300
18,337
18,390
18,442
18,448
18,488
18,507
18,509
18,579
18,621
18,624
18,637
18,674
18,691
18,789
18,799
18,913
18,980
18,989
19,95
19,132
19,152
19,199
19,217
19,232
19,268
19,269
19,297
19,336
19,354
19,374
19,441
19,551
19,602
19,609
19,616
19,635
19,639
19,684
19,703
19,725
19,812
19,815
19,824
19,856
19,865
19,874
19,892
19,904
19,910
19,928
19,943
19,970
19,982
19,983
20,29
20,255
20,259
20,276
20,336
20,340
20,349
20,543
20,566
20,595
20,660
20,816
20,843
20,846
20,878
20,890
20,944
20,961
20,972
21,88
21,209
21,273
21,284
21,358
21,402
21,493
21,510
21,566
21,580
21,656
21,748
21,770
21,782
21,840
21,941
21,947
21,985
21,987
22,30
22,31
22,34
22,36
22,39
22,42
22,55
22,70
22,74
22,79
22,80
22,99
22,112
22,137
22,158
22,184
22,208
22,210
22,274
22,287
22,312
22,317
22,326
22,335
22,346
22,371
22,384
22,388
22,393
22,394
22,406
22,439
22,449
22,472
22,482
22,489
22,495
22,497
22,524
22,544
22,566
22,569
22,579
22,584
22,618
22,626
22,637
22,648
22,669
22,674
22,684
22,691
22,718
22,738
22,755
22,776
22,778
22,781
22,789
22,798
22,804
22,809
22,817
22,835
22,855
22,864
22,868
22,893
22,900
22,903
22,909
22,917
22,967
22,972
23,42
23,44
23,51
23,57
23,84
23,138
23,188
23,205
23,218
23,238
23,302
23,322
23,389
23,397
23,404
23,410
23,475
23,542
23,597
23,632
23,634
23,728
23,755
23,771
23,779
23,781
23,785
23,826
23,848
23,863
23,903
23,909
23,935
23,947
24,53
24,125
24,132
24,145
24,245
24,251
24,290
24,311
24,319
24,354
24,364
24,366
24,422
24,448
24,521
24,588
24,684
24,714
24,764
24,796
24,809
24,826
24,885
24,922
24,947
24,954
24,984
25,45
25,64
25,70
25,75
25,76
25,88
25,95
25,101
25,104
25,112
25,138
25,145
25,150
25,151
25,153
25,183
25,186
25,191
25,259
25,275
25,283
25,294
25,305
25,309
25,319
25,325
25,329
25,337
25,353
25,355
25,378
25,384
25,394
25,421
25,427
25,430
25,438
25,500
25,505
25,509
25,519
25,525
25,540
25,543
25,551
25,553
25,554
25,562
25,593
25,635
25,657
25,690
25,738
25,774
25,800
25,803
25,836
25,842
25,850
25,853
25,880
25,882
25,896
25,938
25,959
25,970
25,971
26,44
26,49
26,62
26,67
26,71
26,72
26,73
26,86
26,88
26,128
26,136
26,157
26,184
26,217
26,219
26,231
26,238
26,239
26,242
26,243
26,281
26,283
26,295
26,299
26,311
26,325
26,354
26,361
26,391
26,436
26,447
26,459
26,486
26,491
26,505
26,506
26,517
26,542
26,557
26,560
26,567
26,599
26,604
26,606
26,608
26,627
26,671
26,703
26,720
26,741
26,745
26,753
26,759
26,777
26,786
26,810
26,827
26,840
26,842
26,845
26,852
26,871
26,928
26,943
26,949
26,958
26,973
26,985
26,990
27,87
27,175
27,193
27,293
27,332
27,397
27,434
27,556
27,607
27,618
27,685
27,749
27,795
27,798
27,875
27,883
27,885
27,917
28,103
28,107
28,121
28,126
28,149
28,154
28,168
28,198
28,276
28,283
28,303
28,317
28,354
28,372
28,379
28,404
28,416
28,429
28,460
28,464
28,475
28,495
28,522
28,539
28,540
28,577
28,587
28,639
28,667
28,710
28,717
28,723
28,743
28,752
28,764
28,798
28,799
28,871
28,879
28,903
28,917
28,918
28,930
29,36
29,39
29,56
29,75
29,91
29,131
29,134
29,158
29,214
29,223
29,229
29,247
29,265
29,278
29,279
29,322
29,356
29,407
29,450
29,483
29,513
29,554
29,578
29,593
29,595
29,604
29,621
29,624
29,669
29,672
29,697
29,705
29,711
29,720
29,773
29,774
29,781
29,789
29,829
29,836
29,842
29,851
29,891
29,913
29,949
29,967
29,971
29,980
29,984
30,31
30,32
30,45
30,55
30,64
30,78
30,87
30,105
30,129
30,193
30,198
30,243
30,249
30,257
30,266
30,275
30,293
30,298
30,316
30,347
30,366
30,384
30,392
30,432
30,436
30,450
30,455
30,473
30,484
30,533
30,544
30,567
30,603
30,611
30,612
30,614
30,624
30,637
30,644
30,647
30,659
30,667
30,676
30,698
30,721
30,740
30,746
30,765
30,769
30,777
30,779
30,804
30,814
30,815
30,817
30,873
30,883
30,885
30,900
30,916
30,917
30,923
30,954
30,967
30,984
30,992
30,999
31,35
31,42
31,64
31,74
31,79
31,83
31,99
31,105
31,110
31,128
31,137
31,143
31,166
31,186
31,193
31,216
31,219
31,257
31,263
31,265
31,266
31,275
31,279
31,293
31,317
31,322
31,323
31,326
31,331
31,332
31,347
31,374
31,389
31,426
31,436
31,439
31,450
31,451
31,455
31,473
31,476
31,532
31,536
31,564
31,587
31,593
31,600
31,603
31,605
31,607
31,617
31,621
31,626
31,636
31,640
31,641
31,649
31,652
31,658
31,659
31,669
31,682
31,683
31,698
31,699
31,705
31,708
31,716
31,721
31,731
31,767
31,771
31,779
31,780
31,794
31,800
31,803
31,804
31,815
31,817
31,819
31,841
31,849
31,862
31,863
31,883
31,888
31,899
31,912
31,923
31,941
31,950
31,992
32,33
32,45
32,57
32,66
32,96
32,109
32,121
32,155
32,180
32,186
32,195
32,224
32,230
32,241
32,247
32,264
32,288
32,289
32,301
32,314
32,335
32,352
32,354
32,356
32,388
32,419
32,432
32,462
32,468
32,470
32,472
32,476
32,491
32,492
32,496
32,504
32,514
32,515
32,573
32,652
32,670
32,697
32,703
32,731
32,740
32,752
32,804
32,821
32,837
32,847
32,849
32,893
32,898
32,909
32,923
32,967
32,983
32,990
33,36
33,126
33,193
33,245
33,252
33,253
33,335
33,401
33,413
33,466
33,619
33,631
33,638
33,706
33,712
33,733
33,786
33,804
33,866
33,898
33,908
33,909
33,910
33,920
33,927
33,939
33,963
33,967
34,42
34,70
34,79
34,99
34,175
34,197
34,210
34,217
34,241
34,267
34,272
34,274
34,302
34,313
34,375
34,381
34,388
34,390
34,413
34,429
34,536
34,601
34,617
34,637
34,674
34,764
34,779
34,789
34,791
34,794
34,799
34,800
34,807
34,820
34,835
34,849
34,883
34,900
34,913
34,958
34,969
35,49
35,58
35,64
35,88
35,90
35,119
35,122
35,151
35,152
35,153
35,154
35,155
35,170
35,183
35,193
35,196
35,207
35,208
35,222
35,232
35,233
35,247
35,251
35,254
35,261
35,262
35,269
35,282
35,283
35,336
35,341
35,349
35,358
35,374
35,380
35,390
35,393
35,396
35,401
35,405
35,407
35,466
35,477
35,482
35,505
35,545
35,547
35,549
35,570
35,572
35,589
35,609
35,610
35,627
35,644
35,647
35,651
35,658
35,669
35,681
35,683
35,693
35,703
35,736
35,739
35,741
35,753
35,759
35,796
35,804
35,805
35,806
35,812
35,816
35,850
35,852
35,855
35,867
35,882
35,903
35,907
35,925
35,939
35,955
35,959
35,964
35,965
36,46
36,56
36,75
36,110
36,134
36,225
36,233
36,241
36,262
36,274
36,278
36,300
36,309
36,389
36,398
36,407
36,431
36,482
36,522
36,618
36,627
36,649
36,657
36,679
36,686
36,698
36,711
36,738
36,756
36,808
36,829
36,842
36,896
36,900
36,921
36,934
36,979
37,58
37,106
37,154
37,190
37,232
37,234
37,269
37,270
37,280
37,281
37,296
37,354
37,369
37,376
37,408
37,447
37,452
37,466
37,491
37,511
37,517
37,531
37,536
37,558
37,574
37,606
37,611
37,613
37,616
37,618
37,634
37,691
37,692
37,696
37,724
37,725
37,737
37,741
37,753
37,766
37,794
37,824
37,878
37,901
37,936
37,964
37,993
37,998
38,47
38,99
38,113
38,147
38,166
38,190
38,488
38,544
38,670
38,705
38,765
38,778
38,813
38,862
38,872
38,873
38,900
38,925
38,969
38,981
39,42
39,56
39,75
39,118
39,122
39,146
39,185
39,200
39,235
39,242
39,247
39,265
39,304
39,317
39,326
39,345
39,362
39,376
39,384
39,388
39,389
39,405
39,407
39,426
39,431
39,439
39,443
39,450
39,482
39,483
39,503
39,511
39,522
39,575
39,591
39,600
39,603
39,617
39,655
39,657
39,677
39,679
39,699
39,711
39,716
39,723
39,728
39,750
39,768
39,786
39,789
39,793
39,794
39,803
39,818
39,826
39,836
39,842
39,903
39,923
39,925
39,945
39,972
39,999
40,111
40,179
40,181
40,206
40,222
40,244
40,254
40,342
40,362
40,367
40,373
40,406
40,469
40,472
40,492
40,600
40,688
40,726
40,752
40,802
40,807
40,825
40,877
40,911
40,914
40,995
41,57
41,68
41,89
41,109
41,113
41,115
41,117
41,129
41,138
41,140
41,157
41,178
41,179
41,181
41,184
41,227
41,238
41,245
41,254
41,298
41,319
41,320
41,327
41,342
41,344
41,374
41,376
41,385
41,401
41,402
41,408
41,411
41,451
41,476
41,491
41,510
41,539
41,555
41,557
41,569
41,571
41,596
41,598
41,606
41,627
41,694
41,695
41,700
41,777
41,811
41,819
41,839
41,867
41,898
41,899
41,911
41,914
41,916
41,933
41,965
41,978
41,987
41,991
42,64
42,70
42,73
42,74
42,79
42,91
42,106
42,120
42,158
42,193
42,197
42,210
42,214
42,216
42,257
42,262
42,272
42,301
42,323
42,326
42,332
42,337
42,347
42,378
42,389
42,398
42,405
42,408
42,423
42,431
42,472
42,482
42,486
42,489
42,513
42,536
42,541
42,542
42,551
42,556
42,562
42,563
42,590
42,596
42,599
42,605
42,614
42,617
42,618
42,622
42,674
42,705
42,717
42,721
42,735
42,751
42,753
42,773
42,778
42,779
42,789
42,794
42,795
42,814
42,815
42,817
42,820
42,821
42,828
42,841
42,862
42,872
42,888
42,898
42,909
42,915
42,917
42,925
42,931
42,934
42,944
42,948
42,950
42,969
42,984
42,992
43,44
43,112
43,131
43,149
43,225
43,262
43,267
43,276
43,290
43,307
43,309
43,322
43,325
43,326
43,334
43,348
43,374
43,389
43,450
43,503
43,511
43,512
43,545
43,555
43,579
43,605
43,619
43,701
43,723
43,781
43,800
43,808
43,855
43,896
43,918
43,931
43,938
43,949
43,971
43,985
44,58
44,86
44,122
44,172
44,179
44,184
44,190
44,201
44,204
44,205
44,212
44,222
44,286
44,295
44,297
44,310
44,311
44,313
44,324
44,326
44,332
44,361
44,381
44,405
44,421
44,491
44,493
44,500
44,506
44,531
44,549
44,562
44,574
44,606
44,613
44,629
44,637
44,642
44,644
44,671
44,694
44,703
44,707
44,715
44,717
44,726
44,737
44,741
44,745
44,764
44,766
44,777
44,782
44,791
44,805
44,839
44,845
44,851
44,854
44,860
44,861
44,871
44,889
44,892
44,911
44,914
44,922
44,933
44,936
44,957
44,973
44,993
45,49
45,71
45,73
45,77
45,80
45,88
45,94
45,97
45,116
45,172
45,179
45,184
45,192
45,199
45,201
45,227
45,244
45,259
45,280
45,282
45,292
45,299
45,314
45,344
45,354
45,362
45,373
45,374
45,395
45,408
45,410
45,441
45,463
45,481
45,507
45,511
45,526
45,530
45,535
45,547
45,550
45,559
45,633
45,663
45,669
45,672
45,678
45,684
45,717
45,732
45,741
45,742
45,749
45,757
45,777
45,780
45,784
45,786
45,802
45,825
45,840
45,847
45,863
45,900
45,941
45,944
45,949
45,953
45,954
45,962
45,983
45,987
46,62
46,71
46,80
46,86
46,97
46,121
46,130
46,132
46,168
46,185
46,186
46,233
46,244
46,252
46,258
46,335
46,372
46,403
46,420
46,439
46,451
46,458
46,460
46,464
46,467
46,469
46,486
46,502
46,509
46,559
46,560
46,564
46,582
46,610
46,619
46,623
46,659
46,681
46,691
46,693
46,706
46,731
46,732
46,734
46,740
46,802
46,847
46,848
46,854
46,859
46,878
46,924
46,966
46,984
47,70
47,78
47,80
47,110
47,134
47,147
47,159
47,197
47,210
47,247
47,263
47,279
47,326
47,345
47,347
47,373
47,398
47,450
47,482
47,489
47,499
47,513
47,533
47,601
47,625
47,634
47,649
47,682
47,698
47,705
47,716
47,768
47,793
47,800
47,813
47,862
47,903
47,949
47,989
47,992
48,53
48,54
48,77
48,80
48,86
48,92
48,98
48,132
48,140
48,179
48,201
48,219
48,243
48,247
48,251
48,258
48,280
48,281
48,284
48,285
48,287
48,333
48,354
48,374
48,375
48,376
48,386
48,402
48,406
48,416
48,441
48,464
48,483
48,486
48,491
48,492
48,526
48,582
48,590
48,604
48,613
48,629
48,642
48,682
48,702
48,703
48,714
48,717
48,777
48,784
48,826
48,849
48,949
48,962
48,976
49,86
49,152
49,157
49,200
49,231
49,242
49,243
49,281
49,282
49,311
49,358
49,359
49,362
49,376
49,385
49,392
49,405
49,411
49,419
49,420
49,430
49,435
49,467
49,507
49,554
49,644
49,669
49,684
49,694
49,710
49,739
49,840
49,845
49,852
49,854
49,929
49,934
49,941
49,943
49,947
49,970
50,79
50,227
50,243
50,280
50,344
50,598
50,613
50,632
50,672
50,673
50,737
50,746
50,833
50,839
50,938
50,962
50,993
51,55
51,56
51,64
51,107
51,126
51,161
51,203
51,208
51,221
51,224
51,226
51,253
51,281
51,286
51,341
51,423
51,443
51,456
51,486
51,519
51,539
51,544
51,547
51,583
51,611
51,631
51,658
51,697
51,720
51,740
51,752
51,760
51,765
51,780
51,786
51,792
51,800
51,803
51,831
51,834
51,835
51,841
51,893
51,894
51,906
51,909
51,916
51,920
51,927
51,985
51,986
51,989
52,66
52,80
52,85
52,98
52,109
52,126
52,142
52,149
52,166
52,193
52,204
52,230
52,238
52,252
52,264
52,268
52,326
52,333
52,341
52,347
52,374
52,403
52,404
52,425
52,436
52,444
52,451
52,486
52,515
52,536
52,539
52,547
52,565
52,647
52,658
52,665
52,731
52,741
52,799
52,807
52,819
52,839
52,856
52,893
52,898
52,921
52,923
52,939
52,994
53,78
53,80
53,88
53,96
53,157
53,201
53,234
53,261
53,268
53,281
53,285
53,297
53,313
53,324
53,333
53,354
53,385
53,388
53,411
53,550
53,554
53,574
53,608
53,609
53,613
53,628
53,629
53,643
53,647
53,714
53,737
53,744
53,753
53,889
53,904
53,946
53,993
54,58
54,63
54,97
54,102
54,109
54,152
54,164
54,189
54,200
54,239
54,281
54,298
54,310
54,311
54,340
54,411
54,428
54,462
54,508
54,536
54,563
54,574
54,596
54,608
54,616
54,677
54,724
54,747
54,761
54,822
54,827
54,941
54,944
54,985
54,995
55,87
55,126
55,137
55,302
55,347
55,387
55,413
55,420
55,455
55,475
55,515
55,532
55,612
55,634
55,734
55,735
55,798
55,847
55,861
55,883
55,928
55,931
55,948
55,953
55,995
56,64
56,79
56,104
56,112
56,118
56,119
56,150
56,151
56,153
56,181
56,182
56,205
56,213
56,233
56,278
56,302
56,309
56,322
56,325
56,347
56,354
56,359
56,384
56,389
56,390
56,400
56,407
56,448
56,450
56,471
56,482
56,505
56,507
56,509
56,512
56,518
56,521
56,540
56,545
56,553
56,560
56,563
56,587
56,589
56,616
56,647
56,651
56,686
56,693
56,711
56,736
56,756
56,781
56,786
56,789
56,836
56,871
56,880
56,896
56,905
56,921
56,938
56,949
56,952
56,979
56,981
56,996
57,66
57,77
57,94
57,96
57,98
57,122
57,161
57,172
57,192
57,195
57,216
57,253
57,264
57,288
57,289
57,292
57,298
57,348
57,362
57,375
57,383
57,385
57,414
57,420
57,432
57,450
57,473
57,476
57,478
57,481
57,484
57,492
57,504
57,514
57,526
57,532
57,542
57,547
57,548
57,561
57,589
57,619
57,630
57,658
57,666
57,714
57,722
57,731
57,740
57,784
57,819
57,821
57,847
57,872
57,893
57,898
57,915
57,920
57,928
57,963
57,978
57,983
57,988
57,991
57,994
58,64
58,80
58,88
58,136
58,149
58,167
58,171
58,196
58,199
58,219
58,220
58,227
58,271
58,280
58,282
58,290
58,308
58,310
58,317
58,333
58,344
58,354
58,406
58,408
58,410
58,428
58,450
58,497
58,501
58,517
58,530
58,531
58,588
58,590
58,598
58,613
58,615
58,623
58,624
58,680
58,710
58,713
58,714
58,728
58,753
58,757
58,786
58,809
58,824
58,827
58,833
58,834
58,854
58,886
58,914
58,949
58,971
58,984
58,993
59,61
59,81
59,105
59,135
59,168
59,222
59,264
59,282
59,286
59,291
59,301
59,307
59,310
59,342
59,408
59,410
59,420
59,451
59,454
59,476
59,486
59,496
59,515
59,527
59,537
59,547
59,560
59,573
59,590
59,597
59,600
59,608
59,652
59,662
59,670
59,682
59,706
59,784
59,789
59,795
59,821
59,899
59,923
59,984
60,69
60,71
60,106
60,159
60,179
60,184
60,319
60,327
60,408
60,435
60,448
60,457
60,481
60,491
60,523
60,676
60,688
60,762
60,786
60,802
60,886
60,916
60,917
60,960
61,100
61,127
61,177
61,188
61,242
61,273
61,295
61,310
61,391
61,402
61,416
61,440
61,447
61,448
61,552
61,602
61,620
61,646
61,666
61,691
61,748
61,839
61,853
61,866
61,884
61,892
61,928
61,941
61,957
61,978
61,982
61,993
62,183
62,195
62,201
62,206
62,219
62,230
62,254
62,282
62,372
62,374
62,405
62,408
62,502
62,565
62,573
62,650
62,694
62,698
62,703
62,747
62,760
62,764
62,833
62,867
62,869
62,888
62,892
62,893
62,906
62,949
63,71
63,95
63,123
63,124
63,129
63,141
63,144
63,157
63,179
63,186
63,200
63,207
63,224
63,232
63,244
63,251
63,268
63,271
63,274
63,296
63,305
63,311
63,345
63,354
63,375
63,389
63,390
63,400
63,402
63,411
63,518
63,545
63,557
63,574
63,589
63,595
63,606
63,609
63,616
63,643
63,646
63,665
63,683
63,700
63,710
63,739
63,741
63,744
63,747
63,757
63,761
63,772
63,784
63,824
63,826
63,830
63,853
63,856
63,865
63,892
63,907
63,934
63,943
63,955
63,964
63,966
63,976
63,986
63,997
64,75
64,84
64,138
64,152
64,154
64,172
64,186
64,196
64,199
64,208
64,225
64,246
64,283
64,285
64,294
64,302
64,322
64,341
64,344
64,347
64,355
64,360
64,376
64,387
64,451
64,484
64,501
64,507
64,521
64,539
64,550
64,566
64,577
64,588
64,620
64,647
64,651
64,676
64,690
64,701
64,747
64,754
64,777
64,786
64,804
64,809
64,850
64,855
64,871
64,875
64,880
64,892
64,903
64,949
64,964
65,74
65,122
65,146
65,153
65,169
65,224
65,260
65,312
65,317
65,352
65,444
65,449
65,524
65,534
65,542
65,545
65,612
65,614
65,617
65,659
65,727
65,778
65,788
65,813
65,817
65,872
65,873
65,883
65,912
65,917
65,964
65,992
66,67
66,100
66,157
66,158
66,179
66,181
66,192
66,195
66,241
66,264
66,289
66,291
66,311
66,316
66,347
66,348
66,350
66,362
66,370
66,373
66,383
66,395
66,406
66,419
66,420
66,439
66,470
66,481
66,492
66,496
66,504
66,542
66,544
66,548
66,550
66,561
66,564
66,571
66,586
66,587
66,670
66,695
66,740
66,802
66,807
66,824
66,860
66,888
66,909
66,940
66,956
66,969
66,988
66,991
66,994
66,995
67,106
67,109
67,111
67,141
67,181
67,195
67,228
67,230
67,254
67,264
67,296
67,297
67,298
67,327
67,348
67,362
67,373
67,380
67,385
67,419
67,424
67,440
67,469
67,470
67,476
67,478
67,492
67,495
67,536
67,547
67,548
67,586
67,630
67,662
67,695
67,697
67,734
67,740
67,742
67,775
67,780
67,786
67,810
67,825
67,840
67,847
67,860
67,870
67,916
67,917
67,956
67,957
67,963
67,984
67,990
67,994
68,69
68,89
68,106
68,116
68,128
68,136
68,140
68,179
68,243
68,260
68,285
68,296
68,302
68,319
68,386
68,430
68,447
68,469
68,487
68,529
68,547
68,552
68,563
68,569
68,586
68,654
68,663
68,678
68,713
68,737
68,750
68,843
68,852
68,860
68,909
68,911
68,914
68,926
68,936
68,942
68,946
68,955
68,960
68,965
68,984
69,84
69,113
69,132
69,175
69,197
69,205
69,217
69,218
69,222
69,232
69,251
69,290
69,344
69,357
69,382
69,445
69,451
69,453
69,475
69,484
69,496
69,529
69,531
69,546
69,559
69,569
69,587
69,595
69,597
69,618
69,619
69,632
69,634
69,639
69,654
69,668
69,750
69,753
69,757
69,764
69,772
69,817
69,823
69,856
69,875
69,924
69,942
69,949
69,977
69,984
70,74
70,99
70,136
70,137
70,144
70,158
70,160
70,175
70,182
70,231
70,246
70,265
70,272
70,274
70,293
70,317
70,323
70,378
70,390
70,431
70,439
70,449
70,468
70,472
70,489
70,491
70,512
70,513
70,522
70,524
70,536
70,542
70,579
70,600
70,620
70,625
70,626
70,641
70,679
70,694
70,702
70,705
70,708
70,762
70,773
70,781
70,793
70,794
70,804
70,813
70,815
70,862
70,867
70,872
70,873
70,885
70,893
70,896
70,899
70,925
70,955
70,967
70,971
70,992
71,81
71,83
71,101
71,155
71,159
71,184
71,234
71,238
71,277
71,280
71,302
71,303
71,330
71,354
71,358
71,374
71,379
71,406
71,467
71,480
71,489
71,490
71,501
71,510
71,518
71,531
71,547
71,603
71,613
71,629
71,630
71,673
71,674
71,703
71,709
71,717
71,742
71,745
71,748
71,766
71,784
71,791
71,839
71,854
71,857
71,871
71,897
71,913
71,916
71,928
71,962
71,973
71,974
71,975
71,993
72,88
72,115
72,117
72,132
72,136
72,141
72,144
72,157
72,188
72,194
72,200
72,201
72,219
72,231
72,238
72,242
72,286
72,305
72,310
72,313
72,318
72,319
72,333
72,390
72,430
72,447
72,469
72,491
72,528
72,534
72,557
72,569
72,574
72,580
72,590
72,606
72,618
72,642
72,711
72,731
72,753
72,777
72,807
72,827
72,839
72,845
72,852
72,860
72,861
72,871
72,877
72,914
72,934
72,936
72,942
72,949
72,953
72,955
72,974
72,987
72,995
73,74
73,112
73,125
73,146
73,151
73,154
73,168
73,233
73,235
73,246
73,278
73,283
73,336
73,343
73,350
73,354
73,359
73,378
73,383
73,389
73,390
73,396
73,438
73,477
73,503
73,553
73,590
73,639
73,645
73,696
73,774
73,796
73,803
73,806
73,810
73,824
73,826
73,833
73,855
73,856
73,857
73,863
73,865
73,934
73,964
73,985
74,79
74,101
74,109
74,115
74,121
74,126
74,158
74,180
74,204
74,233
74,279
74,293
74,326
74,337
74,347
74,363
74,425
74,436
74,473
74,482
74,484
74,513
74,515
74,533
74,547
74,564
74,582
74,603
74,605
74,614
74,617
74,622
74,649
74,659
74,669
74,676
74,682
74,717
74,721
74,731
74,733
74,743
74,780
74,784
74,794
74,804
74,815
74,836
74,841
74,873
74,912
74,924
74,948
74,950
74,956
74,967
74,986
74,992
75,76
75,91
75,112
75,117
75,122
75,146
75,150
75,182
75,186
75,214
75,278
75,287
75,298
75,300
75,309
75,317
75,330
75,345
75,375
75,390
75,407
75,433
75,450
75,483
75,499
75,522
75,526
75,534
75,560
75,587
75,591
75,621
75,635
75,645
75,655
75,679
75,691
75,808
75,835
75,842
75,862
75,873
75,899
75,913
75,934
75,944
75,992
76,79
76,90
76,122
76,123
76,137
76,169
76,171
76,198
76,200
76,223
76,325
76,384
76,461
76,499
76,511
76,512
76,519
76,522
76,539
76,540
76,550
76,563
76,578
76,593
76,701
76,781
76,797
76,803
76,805
76,829
76,836
76,838
76,842
76,870
76,896
76,921
76,952
76,981
76,992
77,83
77,105
77,109
77,113
77,126
77,139
77,143
77,174
77,181
77,208
77,230
77,245
77,254
77,298
77,308
77,356
77,373
77,374
77,382
77,383
77,385
77,408
77,419
77,454
77,470
77,490
77,510
77,535
77,548
77,602
77,611
77,700
77,729
77,731
77,740
77,742
77,765
77,767
77,773
77,774
77,793
77,802
77,807
77,821
77,867
77,871
77,885
77,906
77,962
77,963
78,79
78,140
78,166
78,193
78,194
78,207
78,249
78,257
78,262
78,263
78,266
78,274
78,275
78,302
78,341
78,374
78,380
78,398
78,401
78,420
78,425
78,436
78,450
78,455
78,460
78,491
78,501
78,520
78,521
78,533
78,536
78,539
78,544
78,568
78,579
78,603
78,612
78,614
78,629
78,631
78,638
78,649
78,658
78,667
78,669
78,685
78,698
78,721
78,731
78,740
78,743
78,746
78,771
78,779
78,795
78,801
78,802
78,804
78,814
78,872
78,883
78,885
78,898
78,923
78,950
78,954
78,964
78,977
78,986
79,86
79,110
79,122
79,145
79,175
79,182
79,183
79,186
79,193
79,206
79,208
79,262
79,265
79,271
79,272
79,275
79,279
79,326
79,328
79,331
79,332
79,341
79,345
79,347
79,349
79,358
79,362
79,398
79,401
79,425
79,426
79,431
79,436
79,439
79,446
79,450
79,455
79,472
79,473
79,484
79,488
79,489
79,513
79,522
79,542
79,544
79,556
79,561
79,575
79,585
79,587
79,600
79,617
79,626
79,640
79,673
79,674
79,682
79,716
79,727
79,743
79,749
79,768
79,773
79,776
79,781
79,789
79,792
79,793
79,794
79,795
79,796
79,804
79,813
79,815
79,820
79,841
79,854
79,862
79,872
79,885
79,888
79,899
79,913
79,917
79,944
79,969
79,972
79,980
79,986
80,84
80,103
80,108
80,113
80,128
80,180
80,196
80,199
80,205
80,206
80,216
80,217
80,238
80,251
80,271
80,284
80,286
80,302
80,311
80,333
80,358
80,374
80,412
80,422
80,454
80,456
80,508
80,526
80,530
80,531
80,539
80,550
80,563
80,571
80,590
80,618
80,629
80,638
80,647
80,648
80,672
80,684
80,700
80,702
80,714
80,717
80,749
80,757
80,777
80,784
80,786
80,791
80,792
80,816
80,826
80,836
80,839
80,845
80,854
80,857
80,934
80,943
80,967
80,975
80,984
81,88
81,142
81,189
81,227
81,238
81,280
81,357
81,361
81,374
81,389
81,395
81,435
81,480
81,549
81,559
81,561
81,599
81,628
81,629
81,663
81,668
81,703
81,707
81,746
81,825
81,840
81,857
81,868
81,878
81,886
81,936
81,960
81,962
82,85
82,97
82,209
82,212
82,219
82,269
82,280
82,299
82,426
82,448
82,552
82,656
82,703
82,759
82,783
82,810
82,845
82,861
82,923
82,928
82,941
82,957
82,962
82,985
83,89
83,116
83,146
83,159
83,167
83,195
83,205
83,228
83,230
83,244
83,245
83,268
83,288
83,308
83,314
83,344
83,356
83,376
83,382
83,390
83,410
83,440
83,454
83,460
83,469
83,490
83,492
83,502
83,504
83,526
83,530
83,531
83,542
83,560
83,582
83,598
83,644
83,674
83,681
83,722
83,728
83,732
83,740
83,780
83,785
83,786
83,792
83,802
83,821
83,837
83,856
83,864
83,884
83,886
83,892
83,911
83,914
83,957
83,974
83,986
84,107
84,186
84,205
84,240
84,340
84,342
84,356
84,374
84,387
84,391
84,401
84,453
84,456
84,521
84,541
84,550
84,610
84,632
84,672
84,684
84,690
84,691
84,714
84,728
84,753
84,755
84,809
84,822
84,879
84,932
84,946
84,949
84,984
85,115
85,173
85,276
85,354
85,362
85,457
85,579
85,670
85,706
85,733
85,765
85,779
85,796
85,835
85,837
85,888
85,891
85,893
85,908
85,909
85,915
85,967
86,164
86,183
86,200
86,272
86,281
86,295
86,299
86,310
86,331
86,354
86,358
86,361
86,374
86,447
86,587
86,590
86,602
86,604
86,606
86,611
86,654
86,673
86,703
86,710
86,734
86,737
86,745
86,758
86,777
86,791
86,803
86,810
86,839
86,845
86,861
86,934
86,957
86,964
86,995
87,112
87,115
87,137
87,149
87,171
87,203
87,216
87,228
87,249
87,450
87,484
87,490
87,520
87,544
87,549
87,556
87,610
87,612
87,621
87,638
87,676
87,687
87,706
87,735
87,746
87,765
87,771
87,801
87,823
87,883
87,890
87,910
88,112
88,124
88,132
88,157
88,170
88,172
88,181
88,186
88,199
88,222
88,258
88,261
88,262
88,268
88,269
88,282
88,305
88,310
88,333
88,340
88,344
88,354
88,371
88,375
88,376
88,452
88,507
88,550
88,559
88,589
88,590
88,599
88,602
88,608
88,613
88,647
88,671
88,673
88,683
88,684
88,714
88,717
88,737
88,739
88,753
88,791
88,792
88,810
88,824
88,826
88,830
88,845
88,849
88,855
88,889
88,892
88,907
88,943
88,944
88,949
88,955
88,967
88,979
88,984
88,988
89,106
89,116
89,128
89,139
89,142
89,179
89,184
89,209
89,230
89,231
89,238
89,241
89,245
89,281
89,291
89,298
89,310
89,318
89,319
89,327
89,348
89,352
89,361
89,389
89,391
89,408
89,411
89,434
89,435
89,457
89,469
89,486
89,501
89,510
89,533
89,569
89,582
89,596
89,644
89,652
89,654
89,657
89,663
89,665
89,666
89,667
89,700
89,716
89,724
89,744
89,750
89,753
89,803
89,807
89,811
89,844
89,851
89,869
89,898
89,909
89,916
89,949
89,953
89,994
90,93
90,97
90,145
90,149
90,155
90,157
90,163
90,170
90,178
90,233
90,283
90,294
90,303
90,322
90,359
90,405
90,420
90,477
90,529
90,562
90,631
90,644
90,647
90,696
90,757
90,774
90,803
90,818
90,843
90,846
90,856
90,865
90,931
90,934
90,955
91,106
91,118
91,135
91,147
91,194
91,223
91,274
91,325
91,433
91,449
91,541
91,579
91,617
91,624
91,626
91,674
91,705
91,721
91,773
91,802
91,808
91,829
91,849
91,912
91,925
91,968
92,96
92,98
92,109
92,116
92,161
92,241
92,264
92,289
92,295
92,335
92,347
92,370
92,373
92,397
92,414
92,441
92,470
92,481
92,490
92,492
92,494
92,504
92,532
92,536
92,538
92,561
92,726
92,731
92,740
92,807
92,847
92,859
92,867
92,885
92,906
92,917
92,940
92,956
92,963
92,977
92,983
92,990
93,97
93,154
93,174
93,189
93,219
93,259
93,267
93,321
93,344
93,362
93,365
93,366
93,369
93,405
93,416
93,502
93,507
93,518
93,550
93,572
93,609
93,651
93,653
93,657
93,689
93,749
93,769
93,803
93,822
93,851
93,870
93,919
93,924
93,926
93,935
94,96
94,116
94,117
94,130
94,139
94,140
94,142
94,213
94,217
94,230
94,231
94,234
94,292
94,307
94,316
94,360
94,372
94,374
94,383
94,406
94,434
94,457
94,467
94,469
94,500
94,502
94,526
94,535
94,547
94,582
94,593
94,668
94,672
94,684
94,708
94,732
94,750
94,784
94,817
94,825
94,837
94,877
94,897
94,903
94,911
94,957
94,975
94,998
95,112
95,131
95,149
95,153
95,163
95,174
95,175
95,187
95,207
95,223
95,235
95,259
95,298
95,299
95,307
95,324
95,349
95,353
95,355
95,371
95,390
95,392
95,417
95,437
95,509
95,512
95,525
95,551
95,554
95,562
95,633
95,635
95,641
95,657
95,658
95,704
95,716
95,717
95,720
95,754
95,805
95,816
95,826
95,836
95,849
95,858
95,886
95,900
95,905
95,932
95,934
95,937
95,938
95,971
95,978
96,109
96,139
96,142
96,241
96,288
96,289
96,331
96,335
96,397
96,402
96,406
96,410
96,455
96,476
96,478
96,481
96,492
96,494
96,506
96,520
96,532
96,535
96,620
96,699
96,706
96,731
96,792
96,807
96,834
96,847
96,860
96,902
96,939
96,953
96,960
96,990
97,108
97,112
97,145
97,146
97,207
97,220
97,304
97,339
97,340
97,343
97,345
97,354
97,378
97,416
97,461
97,501
97,529
97,562
97,587
97,620
97,636
97,644
97,665
97,689
97,730
97,838
97,895
97,949
97,968
97,970
97,979
98,121
98,142
98,143
98,166
98,172
98,173
98,181
98,201
98,218
98,244
98,254
98,264
98,291
98,298
98,320
98,419
98,424
98,447
98,466
98,470
98,485
98,486
98,497
98,504
98,538
98,548
98,561
98,586
98,601
98,634
98,688
98,695
98,712
98,731
98,740
98,775
98,786
98,807
98,819
98,825
98,847
98,860
98,867
98,872
98,920
98,963
98,994
99,131
99,137
99,158
99,198
99,201
99,223
99,265
99,272
99,297
99,298
99,309
99,312
99,332
99,385
99,389
99,393
99,397
99,398
99,404
99,411
99,426
99,437
99,464
99,511
99,515
99,533
99,541
99,563
99,568
99,594
99,610
99,618
99,626
99,627
99,632
99,637
99,658
99,686
99,699
99,701
99,705
99,739
99,773
99,777
99,789
99,851
99,875
99,879
99,888
99,894
99,900
99,913
99,921
99,990
100,113
100,116
100,139
100,144
100,281
100,307
100,308
100,352
100,362
100,367
100,408
100,466
100,500
100,611
100,623
100,668
100,696
100,700
100,728
100,752
100,786
100,846
100,864
100,891
100,901
100,965
101,108
101,164
101,178
101,237
101,262
101,294
101,308
101,329
101,353
101,378
101,384
101,385
101,417
101,438
101,441
101,487
101,505
101,519
101,544
101,545
101,551
101,558
101,590
101,635
101,690
101,738
101,747
101,754
101,812
101,816
101,863
101,874
101,939
101,952
101,955
101,971
101,982
102,123
102,144
102,190
102,202
102,250
102,270
102,297
102,310
102,324
102,369
102,377
102,417
102,453
102,493
102,501
102,517
102,565
102,592
102,606
102,645
102,692
102,744
102,818
102,830
102,886
102,892
102,902
102,941
102,996
103,107
103,123
103,246
103,248
103,269
103,302
103,376
103,401
103,424
103,429
103,444
103,445
103,456
103,464
103,502
103,521
103,535
103,577
103,625
103,634
103,691
103,733
103,743
103,746
103,755
103,809
103,827
103,841
103,863
103,879
103,894
103,897
103,910
103,924
104,131
104,148
104,151
104,259
104,267
104,300
104,315
104,321
104,333
104,349
104,353
104,378
104,421
104,525
104,690
104,846
104,887
104,959
104,968
105,131
105,142
105,158
105,166
105,204
105,209
105,224
105,266
105,293
105,298
105,301
105,330
105,343
105,345
105,356
105,410
105,443
105,450
105,455
105,460
105,467
105,482
105,581
105,614
105,631
105,658
105,659
105,667
105,685
105,691
105,716
105,717
105,718
105,721
105,723
105,726
105,731
105,780
105,781
105,794
105,795
105,801
105,804
105,814
105,826
105,841
105,842
105,885
105,891
105,893
105,899
105,909
105,915
105,920
105,923
105,939
105,941
105,948
105,954
106,128
106,184
106,190
106,209
106,307
106,318
106,360
106,373
106,526
106,546
106,573
106,650
106,654
106,663
106,678
106,719
106,741
106,748
106,758
106,759
106,766
106,784
106,786
106,867
106,886
106,901
106,911
106,916
106,947
106,983
107,139
107,170
107,193
107,224
107,301
107,372
107,426
107,464
107,541
107,577
107,752
107,875
107,966
108,131
108,148
108,160
108,233
108,235
108,321
108,329
108,339
108,340
108,343
108,345
108,350
108,358
108,365
108,371
108,378
108,392
108,405
108,417
108,487
108,509
108,562
108,567
108,633
108,641
108,686
108,786
108,794
108,813
108,824
108,828
108,838
108,851
108,900
108,926
108,932
108,944
108,949
108,970
108,972
109,126
109,140
109,142
109,143
109,166
109,181
109,185
109,195
109,206
109,216
109,218
109,230
109,241
109,252
109,254
109,264
109,283
109,289
109,291
109,292
109,298
109,331
109,335
109,348
109,352
109,356
109,370
109,378
109,382
109,383
109,410
109,414
109,419
109,454
109,460
109,470
109,478
109,492
109,494
109,495
109,504
109,509
109,515
109,532
109,533
109,536
109,548
109,561
109,564
109,576
109,586
109,589
109,598
109,635
109,647
109,688
109,695
109,697
109,700
109,706
109,726
109,731
109,732
109,740
109,746
109,748
109,753
109,762
109,765
109,769
109,775
109,807
109,813
109,819
109,835
109,847
109,857
109,863
109,867
109,871
109,874
109,877
109,883
109,902
109,909
109,916
109,939
109,953
109,956
109,967
109,990
110,112
110,158
110,189
110,193
110,197
110,230
110,247
110,248
110,263
110,265
110,272
110,275
110,279
110,323
110,344
110,371
110,390
110,398
110,407
110,420
110,427
110,431
110,439
110,460
110,473
110,476
110,489
110,522
110,534
110,542
110,554
110,562
110,601
110,621
110,652
110,670
110,679
110,684
110,716
110,770
110,789
110,793
110,799
110,800
110,820
110,825
110,826
110,850
110,862
110,925
110,939
110,949
110,964
110,984
110,989
111,113
111,245
111,280
111,291
111,309
111,327
111,357
111,373
111,470
111,547
111,630
111,637
111,695
111,706
111,825
111,854
111,860
111,876
111,909
111,914
111,916
111,966
112,114
112,146
112,150
112,154
112,158
112,164
112,213
112,223
112,224
112,257
112,271
112,278
112,294
112,300
112,309
112,311
112,325
112,389
112,392
112,426
112,430
112,497
112,498
112,503
112,509
112,512
112,522
112,545
112,554
112,563
112,585
112,613
112,627
112,633
112,639
112,648
112,657
112,690
112,694
112,711
112,716
112,728
112,774
112,808
112,836
112,842
112,843
112,851
112,855
112,872
112,896
112,931
112,938
112,964
112,971
113,116
113,159
113,172
113,231
113,241
113,244
113,245
113,264
113,285
113,298
113,307
113,319
113,333
113,415
113,420
113,422
113,434
113,435
113,436
113,500
113,547
113,582
113,590
113,621
113,670
113,687
113,688
113,695
113,734
113,749
113,786
113,792
113,839
113,860
113,892
113,893
113,897
113,901
113,902
113,911
113,914
114,153
114,182
114,188
114,213
114,294
114,379
114,384
114,416
114,478
114,512
114,585
114,686
114,711
114,714
114,723
114,768
114,789
114,796
114,896
114,952
114,996
115,166
115,193
115,198
115,208
115,218
115,245
115,322
115,325
115,332
115,408
115,451
115,462
115,482
115,536
115,548
115,549
115,614
115,617
115,633
115,658
115,667
115,703
115,712
115,721
115,768
115,779
115,792
115,801
115,814
115,817
115,927
115,948
115,967
116,139
116,140
116,142
116,162
116,176
116,184
116,205
116,206
116,214
116,281
116,282
116,285
116,286
116,298
116,307
116,360
116,362
116,373
116,374
116,410
116,415
116,418
116,423
116,435
116,452
116,490
116,508
116,516
116,535
116,547
116,565
116,596
116,611
116,624
116,654
116,663
116,668
116,678
116,728
116,732
116,734
116,784
116,786
116,941
116,975
116,984
116,994
117,127
117,242
117,333
117,367
117,374
117,404
117,498
117,526
117,528
117,535
117,671
117,678
117,684
117,709
117,744
117,786
117,809
117,854
117,897
117,930
118,122
118,146
118,168
118,182
118,213
118,225
118,302
118,309
118,442
118,449
118,465
118,512
118,522
118,578
118,591
118,593
118,640
118,686
118,721
118,751
118,760
118,794
118,813
118,816
118,834
118,848
118,878
118,912
118,945
118,996
119,150
119,153
119,154
119,164
119,207
119,223
119,232
119,233
119,235
119,259
119,262
119,281
119,326
119,343
119,345
119,356
119,359
119,378
119,385
119,392
119,405
119,416
119,417
119,486
119,505
119,529
119,558
119,577
119,586
119,587
119,599
119,601
119,604
119,609
119,625
119,633
119,638
119,657
119,683
119,716
119,758
119,793
119,809
119,846
119,849
119,870
119,876
119,921
119,924
119,935
119,979
120,148
120,150
120,165
120,169
120,179
120,183
120,184
120,207
120,220
120,267
120,322
120,329
120,349
120,353
120,365
120,392
120,405
120,417
120,438
120,449
120,479
120,501
120,511
120,519
120,525
120,558
120,559
120,567
120,633
120,635
120,641
120,657
120,659
120,669
120,690
120,720
120,726
120,738
120,766
120,787
120,816
120,828
120,839
120,858
120,870
120,895
120,903
120,926
120,928
120,932
120,938
120,949
120,961
120,968
120,971
120,981
121,124
121,179
121,195
121,264
121,292
121,335
121,348
121,383
121,401
121,406
121,478
121,492
121,494
121,515
121,536
121,586
121,731
121,740
121,767
121,798
121,808
121,837
121,856
121,860
121,891
121,906
121,911
121,956
121,989
121,990
121,994
122,149
122,161
122,186
122,214
122,223
122,225
122,254
122,271
122,278
122,279
122,323
122,326
122,327
122,348
122,361
122,389
122,407
122,431
122,511
122,522
122,542
122,571
122,581
122,591
122,609
122,624
122,625
122,651
122,661
122,679
122,686
122,691
122,739
122,751
122,752
122,754
122,778
122,789
122,808
122,813
122,817
122,835
122,842
122,868
122,925
122,938
122,956
122,981
123,144
123,155
123,232
123,268
123,290
123,308
123,361
123,366
123,388
123,395
123,440
123,506
123,589
123,599
123,608
123,616
123,653
123,698
123,723
123,725
123,747
123,833
123,838
123,856
123,959
123,993
123,998
124,144
124,157
124,177
124,189
124,190
124,261
124,307
124,349
124,384
124,396
124,399
124,416
124,428
124,529
124,531
124,559
124,571
124,598
124,608
124,651
124,671
124,678
124,680
124,692
124,737
124,757
124,787
124,802
124,812
124,824
124,839
124,851
124,856
124,892
124,917
124,921
124,941
124,943
124,959
124,976
124,993
124,997
125,135
125,186
125,242
125,243
125,276
125,300
125,308
125,344
125,387
125,588
125,607
125,703
125,718
125,734
125,755
125,783
125,807
125,889
125,913
125,921
125,935
125,949
125,988
126,130
126,142
126,167
126,171
126,203
126,216
126,226
126,237
126,253
126,257
126,266
126,272
126,275
126,331
126,338
126,341
126,352
126,363
126,370
126,394
126,401
126,443
126,455
126,460
126,521
126,555
126,560
126,576
126,590
126,605
126,625
126,658
126,712
126,732
126,735
126,739
126,765
126,767
126,792
126,795
126,799
126,801
126,842
126,874
126,879
126,893
126,898
126,900
126,909
126,910
126,923
126,927
126,939
126,958
126,990
126,991
126,995
127,141
127,176
127,188
127,224
127,250
127,286
127,467
127,552
127,602
127,694
127,755
127,770
127,777
127,830
127,839
127,842
127,866
127,928
127,943
127,947
127,964
127,982
128,136
128,179
128,184
128,201
128,209
128,238
128,245
128,280
128,286
128,313
128,318
128,360
128,408
128,435
128,456
128,457
128,467
128,486
128,494
128,504
128,510
128,529
128,538
128,547
128,550
128,569
128,573
128,628
128,640
128,650
128,654
128,656
128,673
128,681
128,700
128,745
128,854
128,903
128,916
128,953
128,965
129,139
129,141
129,144
129,172
129,200
129,218
129,240
129,243
129,311
129,321
129,350
129,399
129,422
129,437
129,448
129,458
129,459
129,506
129,508
129,517
129,550
129,555
129,599
129,643
129,671
129,677
129,683
129,689
129,710
129,721
129,759
129,844
129,852
129,928
129,934
129,941
129,943
129,944
129,951
129,973
130,133
130,168
130,215
130,218
130,224
130,228
130,327
130,333
130,345
130,410
130,456
130,502
130,534
130,582
130,615
130,623
130,632
130,673
130,752
130,757
130,785
130,856
130,953
131,134
131,150
131,153
131,158
131,160
131,179
131,183
131,187
131,191
131,211
131,213
131,220
131,237
131,247
131,255
131,262
131,263
131,300
131,341
131,353
131,355
131,358
131,378
131,389
131,390
131,394
131,417
131,482
131,487
131,540
131,551
131,564
131,620
131,635
131,690
131,720
131,722
131,738
131,757
131,772
131,805
131,816
131,818
131,836
131,855
131,858
131,870
131,877
131,885
131,888
131,895
131,905
131,926
131,934
131,968
131,979
131,987
132,180
132,200
132,205
132,211
132,217
132,218
132,227
132,241
132,258
132,271
132,290
132,302
132,311
132,334
132,344
132,358
132,382
132,403
132,420
132,507
132,535
132,550
132,584
132,590
132,609
132,627
132,628
132,634
132,646
132,702
132,717
132,757
132,764
132,774
132,831
132,839
132,842
132,863
132,867
132,886
132,931
132,934
132,945
132,947
132,948
132,949
132,955
132,975
132,976
132,984
132,998
133,172
133,214
133,218
133,258
133,260
133,420
133,460
133,539
133,631
133,687
133,731
133,743
133,748
133,751
133,764
133,771
133,789
133,799
133,831
133,834
133,844
133,909
133,917
133,930
133,991
133,995
134,137
134,151
134,158
134,213
134,223
134,236
134,238
134,257
134,263
134,309
134,334
134,336
134,337
134,355
134,378
134,384
134,389
134,407
134,416
134,417
134,422
134,427
134,438
134,448
134,463
134,509
134,525
134,551
134,560
134,571
134,593
134,595
134,609
134,616
134,635
134,637
134,648
134,693
134,711
134,730
134,773
134,894
134,896
134,900
134,903
134,921
134,927
134,938
134,971
134,981
135,142
135,161
135,230
135,286
135,319
135,320
135,408
135,420
135,434
135,486
135,560
135,561
135,650
135,670
135,706
135,734
135,750
135,769
135,821
135,837
135,878
136,140
136,168
136,179
136,183
136,201
136,206
136,238
136,241
136,244
136,246
136,286
136,310
136,313
136,360
136,374
136,454
136,469
136,492
136,510
136,557
136,569
136,590
136,604
136,654
136,667
136,678
136,684
136,697
136,700
136,703
136,713
136,721
136,731
136,777
136,796
136,810
136,827
136,839
136,852
136,854
136,860
136,863
136,866
136,871
136,898
136,934
136,936
136,987
137,164
137,197
137,214
137,298
137,332
137,343
137,355
137,371
137,380
137,407
137,426
137,431
137,433
137,442
137,450
137,482
137,488
137,509
137,513
137,522
137,578
137,579
137,585
137,587
137,618
137,624
137,627
137,636
137,639
137,658
137,679
137,743
137,759
137,773
137,789
137,815
137,829
137,836
137,868
137,878
137,899
137,908
137,913
137,994
138,155
138,186
138,215
138,217
138,244
138,246
138,264
138,321
138,366
138,387
138,468
138,501
138,503
138,507
138,521
138,541
138,545
138,554
138,566
138,571
138,593
138,618
138,649
138,686
138,696
138,723
138,754
138,771
138,792
138,875
138,903
138,938
138,949
139,161
139,171
139,177
139,268
139,292
139,296
139,316
139,362
139,408
139,413
139,435
139,486
139,490
139,492
139,500
139,584
139,769
139,859
139,916
139,924
140,159
140,163
140,183
140,201
140,208
140,219
140,227
140,230
140,235
140,238
140,239
140,243
140,244
140,269
140,270
140,280
140,281
140,293
140,319
140,352
140,362
140,374
140,402
140,405
140,406
140,408
140,419
140,434
140,466
140,470
140,486
140,490
140,492
140,496
140,500
140,515
140,517
140,526
140,535
140,539
140,577
140,582
140,589
140,598
140,623
140,627
140,654
140,670
140,678
140,684
140,688
140,695
140,700
140,717
140,721
140,726
140,740
140,741
140,742
140,752
140,784
140,786
140,793
140,799
140,807
140,821
140,825
140,837
140,867
140,909
140,919
140,964
140,965
140,974
140,975
141,144
141,146
141,156
141,185
141,200
141,212
141,297
141,305
141,306
141,311
141,354
141,359
141,366
141,369
141,375
141,380
141,385
141,389
141,408
141,411
141,422
141,452
141,459
141,498
141,507
141,536
141,548
141,557
141,589
141,615
141,642
141,669
141,680
141,682
141,713
141,741
141,747
141,761
141,772
141,777
141,801
141,810
141,814
141,816
141,824
141,827
141,830
141,851
141,854
141,856
141,874
141,875
141,884
141,907
141,922
141,928
141,943
141,965
141,973
141,976
142,147
142,167
142,180
142,199
142,229
142,230
142,291
142,296
142,307
142,316
142,352
142,401
142,408
142,410
142,413
142,419
142,420
142,424
142,486
142,490
142,536
142,565
142,582
142,656
142,670
142,706
142,734
142,765
142,810
142,837
142,860
142,867
142,940
142,991
143,314
143,320
143,327
143,342
143,352
143,356
143,454
143,688
143,721
143,765
143,807
143,827
144,157
144,178
144,196
144,200
144,240
144,259
144,290
144,366
144,399
144,402
144,447
144,475
144,493
144,506
144,507
144,508
144,517
144,559
144,575
144,589
144,614
144,655
144,668
144,677
144,680
144,718
144,722
144,744
144,747
144,761
144,764
144,766
144,772
144,777
144,809
144,826
144,830
144,919
144,949
144,982
144,997
145,155
145,268
145,318
145,322
145,375
145,377
145,440
145,570
145,616
145,689
145,834
145,846
145,850
145,865
145,931
145,934
146,164
146,182
146,213
146,223
146,224
146,236
146,237
146,309
146,322
146,334
146,337
146,384
146,388
146,394
146,412
146,426
146,482
146,497
146,509
146,520
146,522
146,534
146,554
146,563
146,591
146,593
146,648
146,711
146,764
146,842
146,893
146,896
146,912
146,918
146,945
146,952
146,972
147,149
147,197
147,198
147,210
147,217
147,247
147,258
147,263
147,279
147,283
147,301
147,317
147,337
147,381
147,398
147,489
147,521
147,534
147,565
147,596
147,600
147,606
147,639
147,640
147,682
147,750
147,764
147,778
147,793
147,800
147,862
147,876
147,925
147,950
148,150
148,160
148,266
148,267
148,378
148,392
148,416
148,417
148,487
148,490
148,525
148,554
148,635
148,665
148,720
148,738
148,765
148,786
148,802
148,828
148,870
148,937
148,968
149,171
149,276
149,278
149,293
149,300
149,302
149,308
149,341
149,344
149,351
149,373
149,388
149,392
149,397
149,398
149,405
149,439
149,443
149,451
149,501
149,556
149,587
149,637
149,667
149,674
149,683
149,733
149,744
149,794
149,795
149,820
149,869
149,872
149,883
149,917
149,967
150,152
150,157
150,183
150,187
150,235
150,237
150,249
150,255
150,267
150,316
150,324
150,332
150,343
150,352
150,365
150,366
150,375
150,376
150,383
150,385
150,390
150,392
150,417
150,479
150,487
150,492
150,519
150,558
150,562
150,567
150,575
150,595
150,620
150,633
150,635
150,683
150,720
150,763
150,774
150,796
150,816
150,828
150,842
150,845
150,865
150,870
150,885
150,895
150,919
150,924
150,926
150,932
150,961
150,968
150,972
150,978
151,164
151,170
151,178
151,187
151,212
151,223
151,246
151,247
151,336
151,385
151,400
151,433
151,493
151,499
151,555
151,572
151,579
151,594
151,644
151,655
151,715
151,751
151,764
151,794
151,803
151,846
151,855
151,878
151,889
151,893
151,918
151,959
151,970
151,979
152,153
152,156
152,166
152,200
152,219
152,242
152,297
152,311
152,358
152,375
152,377
152,385
152,388
152,400
152,411
152,437
152,508
152,635
152,644
152,645
152,646
152,654
152,677
152,680
152,683
152,713
152,722
152,739
152,787
152,791
152,796
152,822
152,846
152,851
152,856
152,878
152,906
152,923
152,927
152,929
152,933
152,934
152,943
152,952
152,957
152,973
152,974
153,179
153,225
153,257
153,290
153,305
153,325
153,337
153,392
153,394
153,450
153,487
153,526
153,543
153,550
153,551
153,554
153,558
153,559
153,567
153,648
153,690
153,757
153,808
153,813
153,828
153,830
153,837
153,876
153,880
153,887
153,894
153,895
153,944
154,162
154,190
154,232
154,247
154,261
154,267
154,316
154,345
154,360
154,366
154,368
154,390
154,410
154,414
154,420
154,482
154,512
154,513
154,551
154,566
154,588
154,589
154,590
154,592
154,599
154,606
154,609
154,629
154,633
154,669
154,680
154,684
154,697
154,803
154,808
154,824
154,832
154,846
154,865
154,959
155,165
155,190
155,193
155,215
155,217
155,236
155,260
155,269
155,283
155,303
155,354
155,376
155,404
155,452
155,493
155,507
155,508
155,511
155,556
155,559
155,587
155,590
155,615
155,616
155,628
155,632
155,637
155,655
155,665
155,723
155,725
155,796
155,812
155,823
155,824
155,826
155,833
155,848
155,890
155,904
155,907
155,911
155,927
155,934
155,941
155,949
155,988
156,230
156,231
156,235
156,237
156,297
156,321
156,343
156,350
156,358
156,359
156,395
156,411
156,414
156,422
156,437
156,440
156,501
156,507
156,508
156,515
156,529
156,562
156,571
156,574
156,590
156,646
156,730
156,739
156,784
156,787
156,830
156,832
156,844
156,865
156,874
156,903
156,919
156,959
156,973
157,169
157,181
157,191
157,199
157,200
157,222
157,231
157,242
157,243
157,270
157,271
157,281
157,286
157,319
157,324
157,359
157,374
157,405
157,411
157,416
157,447
157,471
157,491
157,517
157,518
157,574
157,590
157,604
157,606
157,614
157,628
157,642
157,643
157,646
157,647
157,671
157,677
157,683
157,684
157,703
157,707
157,737
157,741
157,745
157,749
157,759
157,761
157,777
157,810
157,826
157,830
157,832
157,839
157,886
157,892
157,907
157,928
157,941
157,944
157,946
157,974
157,988
158,187
158,198
158,219
158,229
158,300
158,337
158,341
158,347
158,389
158,405
158,426
158,473
158,482
158,487
158,507
158,512
158,562
158,589
158,607
158,627
158,637
158,679
158,697
158,733
158,739
158,773
158,781
158,841
158,842
158,900
158,903
158,913
158,918
158,934
158,939
158,946
158,952
158,964
158,971
158,976
158,977
159,218
159,223
159,230
159,244
159,252
159,260
159,277
159,286
159,290
159,304
159,314
159,347
159,352
159,370
159,458
159,467
159,500
159,502
159,516
159,610
159,613
159,650
159,670
159,692
159,695
159,706
159,717
159,718
159,743
159,762
159,784
159,786
159,831
159,856
159,943
159,957
159,960
159,966
159,987
160,174
160,207
160,211
160,220
160,248
160,255
160,267
160,353
160,354
160,365
160,417
160,427
160,452
160,474
160,497
160,636
160,677
160,686
160,738
160,774
160,789
160,797
160,816
160,828
160,848
160,858
160,870
160,882
160,887
160,926
160,944
160,949
161,173
161,256
161,266
161,274
161,288
161,316
161,320
161,335
161,410
161,454
161,462
161,485
161,489
161,538
161,560
161,576
161,584
161,599
161,617
161,623
161,631
161,652
161,697
161,712
161,713
161,737
161,740
161,749
161,807
161,821
161,831
161,839
161,847
161,859
161,877
161,893
161,898
161,907
161,909
161,963
161,989
161,990
162,214
162,303
162,358
162,416
162,477
162,518
162,529
162,609
162,718
162,830
162,846
162,931
162,961
163,187
163,262
163,294
163,337
163,340
163,353
163,359
163,378
163,417
163,430
163,437
163,453
163,479
163,505
163,545
163,554
163,566
163,590
163,620
163,635
163,641
163,648
163,651
163,654
163,749
163,754
163,805
163,816
163,853
163,905
163,926
163,937
164,165
164,181
164,187
164,191
164,259
164,315
164,336
164,353
164,369
164,378
164,409
164,416
164,418
164,430
164,509
164,515
164,529
164,540
164,554
164,562
164,585
164,639
164,652
164,686
164,696
164,723
164,754
164,790
164,826
164,874
164,876
164,896
164,938
164,943
164,970
164,975
165,169
165,174
165,207
165,212
165,340
165,349
165,358
165,417
165,430
165,633
165,679
165,742
165,781
165,792
165,816
165,828
165,882
165,895
165,926
166,170
166,171
166,187
166,193
166,195
166,197
166,203
166,208
166,216
166,246
166,274
166,279
166,282
166,301
166,306
166,331
166,341
166,356
166,370
166,380
166,393
166,410
166,425
166,450
166,451
166,455
166,492
166,502
166,515
166,536
166,544
166,550
166,600
166,617
166,638
166,647
166,658
166,712
166,717
166,721
166,792
166,801
166,807
166,814
166,821
166,835
166,861
166,880
166,888
166,893
166,923
166,943
166,948
166,967
166,992
167,168
167,172
167,175
167,205
167,224
167,277
167,282
167,401
167,410
167,413
167,425
167,429
167,458
167,460
167,483
167,517
167,522
167,525
167,527
167,549
167,550
167,559
167,575
167,687
167,702
167,717
167,726
167,734
167,771
167,821
167,839
167,890
167,916
167,935
168,196
168,204
168,224
168,250
168,252
168,267
168,314
168,320
168,331
168,348
168,361
168,409
168,413
168,420
168,434
168,446
168,454
168,500
168,502
168,536
168,543
168,544
168,547
168,560
168,569
168,574
168,640
168,655
168,679
168,698
168,723
168,765
168,767
168,780
168,784
168,834
168,858
168,867
168,889
168,890
168,905
168,925
168,951
168,960
169,186
169,191
169,203
169,213
169,255
169,312
169,315
169,384
169,442
169,459
169,477
169,512
169,525
169,554
169,593
169,621
169,648
169,736
169,751
169,813
169,842
169,896
169,981
170,218
170,233
170,246
170,278
170,311
170,325
170,366
170,384
170,390
170,412
170,418
170,452
170,471
170,475
170,512
170,543
170,546
170,566
170,587
170,598
170,609
170,639
170,669
170,689
170,701
170,725
170,736
170,772
170,803
170,806
170,830
170,843
170,849
170,865
170,872
170,893
170,903
170,907
170,955
170,959
170,964
171,184
171,207
171,242
171,264
171,291
171,296
171,314
171,319
171,320
171,348
171,373
171,382
171,403
171,410
171,413
171,414
171,454
171,462
171,490
171,492
171,522
171,586
171,631
171,695
171,703
171,717
171,731
171,740
171,750
171,769
171,770
171,807
171,821
171,867
171,905
171,914
171,975
172,190
172,218
172,282
172,296
172,308
172,336
172,393
172,401
172,404
172,414
172,435
172,441
172,451
172,490
172,496
172,500
172,532
172,574
172,609
172,611
172,667
172,690
172,697
172,698
172,710
172,728
172,732
172,750
172,752
172,760
172,776
172,810
172,831
172,860
172,899
172,914
172,917
172,945
172,958
172,984
173,256
173,380
173,459
173,485
173,536
173,568
173,612
173,631
173,638
173,667
173,672
173,758
173,779
173,916
174,183
174,211
174,235
174,261
174,304
174,306
174,311
174,339
174,340
174,392
174,417
174,422
174,427
174,474
174,500
174,519
174,551
174,554
174,572
174,575
174,620
174,644
174,689
174,730
174,816
174,818
174,843
174,846
174,882
174,895
174,936
174,946
174,968
174,973
175,215
175,253
175,257
175,322
175,325
175,352
175,359
175,381
175,384
175,388
175,393
175,400
175,426
175,432
175,444
175,449
175,458
175,460
175,475
175,482
175,489
175,513
175,609
175,618
175,626
175,637
175,639
175,645
175,679
175,686
175,765
175,778
175,813
175,855
175,875
175,892
175,900
175,910
175,918
175,938
175,986
176,177
176,231
176,239
176,273
176,281
176,364
176,386
176,391
176,402
176,463
176,602
176,646
176,666
176,744
176,748
176,770
176,783
176,827
176,840
176,845
176,866
176,983
177,189
177,238
177,273
177,281
177,448
177,580
177,640
177,646
177,670
177,675
177,694
177,707
177,745
177,810
177,827
177,861
177,928
177,940
177,951
177,982
177,985
178,186
178,232
178,233
178,244
178,376
178,390
178,422
178,440
178,487
178,503
178,517
178,529
178,562
178,585
178,588
178,599
178,609
178,616
178,635
178,645
178,655
178,677
178,683
178,717
178,736
178,761
178,764
178,774
178,806
178,810
178,827
178,865
178,874
178,934
178,997
179,181
179,184
179,192
179,199
179,209
179,219
179,230
179,238
179,245
179,258
179,273
179,297
179,298
179,305
179,309
179,319
179,360
179,366
179,374
179,402
179,405
179,407
179,415
179,419
179,426
179,463
179,467
179,469
179,475
179,491
179,495
179,496
179,573
179,586
179,649
179,654
179,668
179,684
179,695
179,697
179,702
179,717
179,758
179,769
179,784
179,807
179,827
179,839
179,854
179,867
179,877
179,891
179,906
179,907
179,911
179,916
179,922
179,946
179,953
179,965
179,978
179,987
180,195
180,213
180,221
180,230
180,298
180,316
180,336
180,356
180,362
180,370
180,373
180,382
180,410
180,446
180,454
180,470
180,478
180,490
180,495
180,496
180,500
180,561
180,574
180,670
180,696
180,704
180,771
180,802
180,831
180,837
180,848
180,849
180,864
180,867
180,869
180,898
180,901
180,920
180,930
180,966
181,193
181,195
181,206
181,243
181,254
181,264
181,292
181,298
181,302
181,348
181,352
181,362
181,373
181,375
181,388
181,406
181,408
181,410
181,414
181,419
181,424
181,437
181,451
181,470
181,489
181,492
181,522
181,548
181,569
181,586
181,656
181,659
181,665
181,681
181,740
181,777
181,784
181,794
181,807
181,825
181,837
181,898
181,906
181,914
181,940
181,953
181,958
181,990
181,994
182,213
182,248
182,278
182,300
182,309
182,408
182,418
182,482
182,489
182,512
182,563
182,587
182,648
182,690
182,733
182,752
182,824
182,865
183,187
183,220
183,237
183,268
183,337
183,343
183,349
183,355
183,365
183,417
183,501
183,519
183,558
183,567
183,571
183,575
183,590
183,595
183,633
183,635
183,641
183,651
183,682
183,689
183,704
183,720
183,803
183,844
183,872
183,895
183,961
183,968
183,972
183,983
184,209
184,245
184,280
184,307
184,319
184,333
184,361
184,395
184,399
184,423
184,435
184,463
184,467
184,469
184,517
184,530
184,535
184,596
184,611
184,654
184,663
184,678
184,688
184,699
184,828
184,854
184,897
184,901
184,942
184,947
185,270
185,306
185,332
185,350
185,366
185,421
185,474
185,500
185,501
185,508
185,529
185,574
185,644
185,680
185,730
185,733
185,784
185,787
185,816
185,856
185,868
185,870
185,915
185,970
185,988
186,199
186,201
186,202
186,204
186,205
186,221
186,224
186,235
186,246
186,247
186,271
186,282
186,283
186,290
186,303
186,319
186,333
186,347
186,351
186,372
186,376
186,382
186,393
186,431
186,434
186,439
186,440
186,469
186,509
186,546
186,551
186,570
186,582
186,587
186,588
186,590
186,594
186,609
186,610
186,618
186,630
186,647
186,657
186,683
186,697
186,700
186,717
186,730
186,750
186,796
186,813
186,824
186,826
186,833
186,840
186,842
186,863
186,906
186,907
186,925
186,930
186,949
186,955
186,964
186,983
187,189
187,199
187,207
187,214
187,255
187,262
187,345
187,353
187,355
187,359
187,365
187,378
187,392
187,407
187,417
187,487
187,509
187,519
187,540
187,551
187,554
187,558
187,575
187,582
187,633
187,635
187,639
187,690
187,696
187,713
187,716
187,738
187,739
187,749
187,754
187,774
187,807
187,816
187,826
187,870
187,905
187,925
187,926
187,938
187,953
187,992
188,239
188,264
188,281
188,305
188,318
188,358
188,386
188,402
188,448
188,491
188,495
188,534
188,569
188,668
188,715
188,744
188,758
188,805
188,827
188,829
188,845
188,894
188,928
188,978
189,190
189,224
189,260
189,311
189,322
189,412
189,493
189,517
189,627
189,694
189,703
189,713
189,724
189,744
189,767
189,840
189,884
189,941
189,944
189,947
189,985
190,217
190,239
190,268
190,284
190,285
190,366
190,375
190,376
190,447
190,517
190,574
190,592
190,606
190,620
190,643
190,680
190,683
190,692
190,710
190,719
190,761
190,822
190,824
190,830
190,839
190,865
190,867
190,878
190,892
190,904
190,929
190,936
190,943
190,949
190,974
191,255
191,262
191,340
191,341
191,365
191,389
191,404
191,478
191,482
191,505
191,521
191,551
191,618
191,671
191,720
191,729
191,754
191,774
191,797
191,805
191,836
191,880
191,887
191,905
191,911
191,935
191,937
191,968
192,195
192,264
192,284
192,341
192,356
192,374
192,383
192,406
192,408
192,410
192,454
192,475
192,486
192,494
192,514
192,526
192,530
192,586
192,639
192,700
192,717
192,726
192,740
192,763
192,819
192,834
192,860
192,899
192,901
192,902
192,983
192,990
192,992
192,994
193,195
193,208
193,212
193,216
193,247
193,249
193,257
193,265
193,266
193,279
193,296
193,301
193,329
193,354
193,363
193,373
193,410
193,436
193,450
193,451
193,473
193,484
193,492
193,520
193,533
193,536
193,539
193,544
193,551
193,652
193,658
193,670
193,697
193,711
193,716
193,721
193,741
193,765
193,770
193,775
193,776
193,792
193,794
193,799
193,804
193,814
193,817
193,834
193,841
193,854
193,885
193,888
193,909
193,923
193,954
193,967
193,989
193,995
194,225
194,274
194,287
194,302
194,328
194,545
194,556
194,572
194,637
194,638
194,655
194,743
194,885
194,894
195,241
195,264
195,289
195,292
195,298
195,334
195,348
195,356
195,383
195,388
195,406
195,454
195,470
195,491
195,492
195,495
195,548
195,586
195,637
195,695
195,697
195,706
195,712
195,717
195,740
195,784
195,807
195,825
195,860
195,890
195,906
195,911
195,923
195,940
195,983
195,990
195,994
196,231
196,265
196,282
196,283
196,290
196,308
196,344
196,353
196,356
196,376
196,388
196,408
196,439
196,440
196,511
196,515
196,546
196,577
196,582
196,595
196,605
196,616
196,617
196,618
196,633
196,686
196,752
196,757
196,824
196,863
196,874
196,879
196,903
196,923
196,924
196,958
196,991
197,247
197,250
197,263
197,287
197,317
197,323
197,326
197,347
197,374
197,394
197,408
197,423
197,443
197,444
197,464
197,467
197,484
197,489
197,491
197,522
197,534
197,542
197,546
197,601
197,626
197,640
197,659
197,674
197,789
197,793
197,800
197,840
197,862
197,868
197,926
198,229
198,282
198,286
198,347
198,389
198,425
198,426
198,433
198,473
198,483
198,494
198,522
198,544
198,569
198,579
198,624
198,627
198,751
198,765
198,773
198,793
198,795
198,868
198,872
198,876
198,899
198,917
198,925
198,934
198,941
198,989
199,200
199,251
199,267
199,271
199,282
199,333
199,344
199,354
199,361
199,374
199,376
199,400
199,466
199,475
199,482
199,512
199,532
199,550
199,598
199,604
199,628
199,634
199,714
199,717
199,740
199,744
199,753
199,810
199,813
199,826
199,855
199,867
199,903
199,907
199,935
199,936
199,941
199,944
199,949
199,951
199,998
200,219
200,222
200,230
200,231
200,238
200,242
200,243
200,268
200,297
200,364
200,385
200,388
200,411
200,437
200,506
200,508
200,521
200,551
200,589
200,590
200,595
200,628
200,649
200,678
200,680
200,719
200,744
200,745
200,747
200,761
200,772
200,816
200,856
200,869
200,919
200,933
200,936
200,941
200,944
200,985
200,986
200,998
201,222
201,231
201,238
201,239
201,285
201,304
201,305
201,310
201,313
201,319
201,333
201,354
201,362
201,381
201,406
201,428
201,491
201,508
201,528
201,557
201,569
201,602
201,643
201,678
201,703
201,737
201,749
201,758
201,777
201,816
201,840
201,851
201,852
201,854
201,916
201,928
201,942
201,947
201,953
201,957
201,960
201,965
202,229
202,246
202,315
202,337
202,389
202,409
202,430
202,509
202,540
202,562
202,563
202,583
202,641
202,648
202,657
202,683
202,688
202,827
202,838
202,840
202,905
202,979
203,216
203,231
203,253
203,289
203,398
203,446
203,556
203,568
203,577
203,631
203,658
203,676
203,681
203,691
203,743
203,746
203,765
203,828
203,848
203,862
203,908
203,910
203,940
203,958
203,966
203,967
204,224
204,227
204,246
204,263
204,271
204,282
204,296
204,302
204,331
204,332
204,337
204,341
204,377
204,386
204,388
204,397
204,439
204,451
204,456
204,460
204,469
204,483
204,517
204,531
204,539
204,546
204,565
204,610
204,618
204,624
204,639
204,645
204,682
204,684
204,695
204,697
204,700
204,712
204,726
204,739
204,740
204,743
204,752
204,779
204,786
204,789
204,807
204,823
204,826
204,845
204,849
204,863
204,872
204,879
204,885
204,903
204,912
204,924
204,925
204,939
204,955
204,990
204,992
205,231
205,251
205,258
205,260
205,261
205,264
205,266
205,271
205,282
205,283
205,285
205,290
205,291
205,331
205,333
205,401
205,423
205,441
205,445
205,453
205,456
205,458
205,531
205,539
205,547
205,555
205,609
205,659
205,693
205,712
205,757
205,764
205,792
205,809
205,827
205,863
205,902
205,918
205,936
205,944
205,967
205,975
205,982
205,995
206,230
206,264
206,280
206,292
206,298
206,310
206,329
206,335
206,341
206,362
206,408
206,419
206,435
206,472
206,485
206,502
206,534
206,565
206,643
206,688
206,695
206,726
206,740
206,793
206,802
206,814
206,837
206,914
206,916
206,963
206,965
207,211
207,235
207,297
207,336
207,349
207,353
207,389
207,405
207,409
207,416
207,417
207,430
207,460
207,479
207,487
207,505
207,507
207,554
207,562
207,575
207,595
207,599
207,633
207,635
207,641
207,644
207,660
207,684
207,720
207,729
207,738
207,739
207,773
207,774
207,797
207,812
207,816
207,818
207,824
207,843
207,846
207,856
207,884
207,889
207,895
207,901
207,905
207,921
207,968
207,972
208,216
208,221
208,256
208,264
208,296
208,301
208,331
208,332
208,370
208,397
208,407
208,426
208,441
208,460
208,466
208,515
208,536
208,537
208,549
208,576
208,591
208,610
208,625
208,637
208,658
208,673
208,699
208,721
208,764
208,771
208,780
208,793
208,801
208,814
208,820
208,885
208,893
208,898
208,903
208,909
208,923
208,925
208,927
208,939
208,958
208,967
208,991
208,994
209,274
209,318
209,327
209,367
209,415
209,457
209,463
209,469
209,510
209,557
209,596
209,663
209,668
209,684
209,723
209,786
209,830
209,911
210,247
210,263
210,279
210,322
210,388
210,423
210,481
210,489
210,511
210,601
210,640
210,676
210,682
210,689
210,708
210,716
210,768
210,793
210,813
210,817
210,873
210,907
210,939
210,958
210,969
211,283
211,329
211,345
211,365
211,392
211,417
211,487
211,633
211,641
211,651
211,670
211,689
211,690
211,704
211,720
211,828
211,887
211,895
211,914
211,932
211,949
211,979
212,283
212,337
212,365
212,372
212,389
212,390
212,400
212,408
212,441
212,482
212,521
212,568
212,594
212,662
212,736
212,738
212,781
212,789
212,813
212,878
212,903
212,921
212,931
212,984
213,236
213,278
213,315
213,378
213,384
213,398
213,438
213,488
213,564
213,593
213,633
213,648
213,657
213,690
213,729
213,757
213,763
213,781
213,815
213,836
213,938
213,996
214,250
214,265
214,278
214,283
214,317
214,326
214,337
214,378
214,389
214,399
214,404
214,430
214,431
214,442
214,482
214,483
214,502
214,513
214,522
214,534
214,542
214,543
214,559
214,591
214,600
214,621
214,649
214,652
214,669
214,674
214,704
214,710
214,714
214,737
214,789
214,813
214,829
214,852
214,911
214,945
214,963
214,976
214,986
214,992
214,999
215,276
215,283
215,300
215,420
215,426
215,430
215,555
215,556
215,583
215,639
215,697
215,730
215,799
215,872
215,875
215,889
215,893
215,896
215,905
215,909
215,919
216,224
216,252
216,341
216,358
216,373
216,380
216,395
216,420
216,425
216,426
216,430
216,439
216,475
216,476
216,485
216,492
216,500
216,515
216,536
216,544
216,549
216,564
216,624
216,629
216,657
216,658
216,710
216,712
216,716
216,730
216,746
216,779
216,780
216,801
216,809
216,825
216,826
216,839
216,849
216,867
216,885
216,890
216,906
216,909
216,917
216,927
216,931
216,958
216,967
216,972
216,992
217,231
217,242
217,269
217,271
217,344
217,372
217,375
217,376
217,440
217,482
217,589
217,590
217,628
217,639
217,647
217,653
217,654
217,669
217,710
217,725
217,749
217,755
217,771
217,794
217,801
217,824
217,831
217,851
217,855
217,856
217,874
217,886
217,892
217,907
217,916
217,917
217,934
217,942
217,943
217,962
218,224
218,271
218,282
218,290
218,298
218,308
218,397
218,401
218,404
218,446
218,453
218,457
218,458
218,460
218,475
218,502
218,511
218,513
218,521
218,523
218,530
218,539
218,559
218,569
218,599
218,621
218,677
218,691
218,695
218,728
218,733
218,747
218,752
218,773
218,787
218,835
218,888
218,890
218,909
218,949
218,955
218,984
218,989
218,995
219,230
219,231
219,238
219,242
219,243
219,273
219,281
219,305
219,321
219,361
219,382
219,402
219,447
219,459
219,517
219,553
219,580
219,629
219,694
219,695
219,720
219,730
219,741
219,758
219,770
219,781
219,782
219,810
219,813
219,840
219,852
219,909
219,919
219,928
219,941
219,944
219,947
219,973
219,974
219,982
219,985
220,234
220,250
220,255
220,324
220,365
220,392
220,393
220,519
220,554
220,567
220,575
220,633
220,641
220,645
220,729
220,738
220,765
220,774
220,828
220,870
220,875
220,922
221,282
221,293
221,309
221,314
221,397
221,425
221,437
221,512
221,520
221,536
221,544
221,623
221,638
221,698
221,792
221,810
221,851
221,894
221,903
221,917
221,927
221,948
221,957
222,233
222,238
222,243
222,268
222,271
222,281
222,297
222,305
222,310
222,321
222,361
222,386
222,390
222,408
222,437
222,447
222,492
222,500
222,523
222,539
222,550
222,554
222,559
222,574
222,593
222,606
222,628
222,642
222,643
222,664
222,669
222,671
222,678
222,681
222,703
222,741
222,745
222,766
222,775
222,777
222,807
222,810
222,821
222,827
222,839
222,845
222,871
222,874
222,886
222,911
222,934
222,936
222,941
222,943
222,946
222,957
222,962
222,963
222,972
222,998
223,229
223,259
223,278
223,300
223,322
223,337
223,394
223,407
223,465
223,475
223,488
223,509
223,512
223,525
223,600
223,700
223,704
223,710
223,711
223,730
223,774
223,836
223,842
223,863
223,893
223,942
223,945
223,949
223,981
223,990
223,996
224,230
224,238
224,246
224,252
224,272
224,274
224,287
224,307
224,333
224,338
224,341
224,352
224,373
224,374
224,376
224,380
224,388
224,397
224,401
224,429
224,439
224,440
224,451
224,455
224,460
224,475
224,520
224,551
224,556
224,563
224,577
224,610
224,618
224,638
224,647
224,648
224,658
224,662
224,685
224,687
224,706
224,716
224,739
224,741
224,743
224,755
224,765
224,772
224,814
224,849
224,856
224,867
224,888
224,909
224,915
224,924
224,939
224,984
224,986
224,989
224,992
224,995
225,229
225,347
225,394
225,418
225,474
225,542
225,595
225,626
225,679
225,702
225,801
226,249
226,280
226,401
226,410
226,456
226,560
226,561
226,581
226,630
226,658
226,699
226,746
226,810
226,814
226,821
226,849
226,903
226,909
226,939
226,950
226,984
226,986
226,991
226,995
227,234
227,240
227,277
227,280
227,286
227,292
227,330
227,354
227,358
227,395
227,411
227,437
227,438
227,470
227,480
227,526
227,530
227,531
227,547
227,550
227,559
227,588
227,616
227,629
227,671
227,682
227,691
227,700
227,737
227,744
227,748
227,753
227,777
227,824
227,830
227,857
227,863
227,870
227,871
227,886
227,927
227,928
227,942
227,943
227,964
227,987
227,993
227,994
228,312
228,351
228,380
228,413
228,435
228,485
228,520
228,536
228,570
228,624
228,670
228,699
228,700
228,859
228,910
228,993
229,264
229,265
229,267
229,300
229,305
229,309
229,322
229,389
229,421
229,482
229,483
229,497
229,519
229,542
229,568
229,578
229,585
229,591
229,605
229,624
229,637
229,691
229,744
229,756
229,773
229,839
229,842
229,902
229,942
229,950
229,952
230,244
230,271
230,289
230,296
230,305
230,315
230,316
230,320
230,327
230,356
230,362
230,374
230,382
230,392
230,394
230,410
230,414
230,419
230,420
230,439
230,454
230,462
230,476
230,482
230,496
230,500
230,502
230,547
230,560
230,565
230,578
230,582
230,611
230,618
230,658
230,670
230,671
230,678
230,699
230,712
230,720
230,731
230,734
230,742
230,750
230,769
230,807
230,816
230,821
230,837
230,840
230,841
230,848
230,859
230,867
230,888
230,901
230,922
230,950
230,964
230,965
230,981
230,983
230,987
230,990
230,993
231,234
231,239
231,240
231,242
231,243
231,251
231,271
231,279
231,281
231,299
231,305
231,311
231,318
231,324
231,361
231,364
231,374
231,385
231,386
231,402
231,447
231,486
231,498
231,502
231,517
231,528
231,550
231,552
231,562
231,590
231,593
231,635
231,638
231,656
231,671
231,694
231,713
231,745
231,748
231,758
231,759
231,810
231,811
231,835
231,836
231,840
231,845
231,914
231,934
231,941
231,946
231,947
231,949
231,974
231,985
232,248
232,269
232,281
232,345
232,396
232,405
232,440
232,450
232,456
232,480
232,550
232,570
232,574
232,606
232,609
232,632
232,639
232,669
232,673
232,696
232,722
232,736
232,752
232,772
232,796
232,824
232,904
232,907
232,931
232,934
232,988
233,262
233,265
233,283
233,358
233,359
233,376
233,390
233,394
233,396
233,400
233,405
233,417
233,427
233,477
233,491
233,517
233,519
233,521
233,529
233,545
233,562
233,575
233,589
233,590
233,641
233,644
233,648
233,651
233,665
233,677
233,696
233,697
233,700
233,729
233,730
233,738
233,739
233,774
233,816
233,836
233,851
233,903
233,907
233,944
233,955
233,970
233,972
233,979
234,285
234,289
234,333
234,374
234,388
234,440
234,446
234,456
234,463
234,475
234,506
234,517
234,530
234,559
234,609
234,616
234,643
234,702
234,706
234,737
234,758
234,777
234,782
234,810
234,821
234,857
234,935
234,942
234,946
234,957
234,962
235,294
235,304
235,340
235,343
235,345
235,349
235,358
235,450
235,479
235,487
235,496
235,505
235,507
235,546
235,562
235,633
235,647
235,648
235,665
235,669
235,684
235,722
235,729
235,730
235,744
235,772
235,796
235,826
235,851
235,919
235,925
235,926
235,970
235,976
236,258
236,262
236,278
236,309
236,315
236,323
236,337
236,384
236,389
236,394
236,449
236,488
236,503
236,509
236,520
236,524
236,573
236,593
236,621
236,645
236,648
236,686
236,700
236,773
236,803
236,805
236,850
236,870
236,880
236,903
236,923
236,952
236,968
236,981
237,248
237,267
237,339
237,349
237,352
237,369
237,409
237,416
237,417
237,427
237,460
237,477
237,479
237,507
237,543
237,558
237,575
237,620
237,633
237,744
237,797
237,844
237,846
237,850
237,932
237,935
237,968
237,972
237,995
238,241
238,242
238,243
238,257
238,281
238,291
238,305
238,309
238,310
238,313
238,316
238,358
238,370
238,374
238,376
238,386
238,395
238,411
238,457
238,459
238,479
238,491
238,528
238,552
238,557
238,569
238,599
238,632
238,635
238,654
238,656
238,663
238,702
238,741
238,742
238,744
238,748
238,752
238,772
238,777
238,791
238,810
238,819
238,839
238,854
238,856
238,860
238,907
238,913
238,934
238,942
238,949
238,966
238,978
238,987
239,242
239,243
239,281
239,293
239,305
239,310
239,374
239,386
239,402
239,447
239,486
239,491
239,526
239,550
239,564
239,604
239,671
239,701
239,715
239,750
239,758
239,770
239,794
239,810
239,827
239,839
239,845
239,852
239,867
239,876
239,936
239,947
239,957
239,978
240,268
240,270
240,271
240,327
240,329
240,366
240,411
240,477
240,490
240,491
240,535
240,664
240,713
240,741
240,744
240,747
240,772
240,782
240,786
240,856
240,919
241,264
241,289
241,292
241,330
241,335
241,348
241,352
241,362
241,375
241,383
241,408
241,414
241,419
241,466
241,470
241,478
241,481
241,484
241,504
241,521
241,548
241,569
241,669
241,676
241,683
241,717
241,731
241,740
241,819
241,825
241,834
241,837
241,847
241,860
241,867
241,869
241,914
241,923
241,983
241,990
242,273
242,281
242,284
242,286
242,342
242,386
242,402
242,422
242,447
242,552
242,590
242,602
242,604
242,666
242,695
242,707
242,710
242,715
242,722
242,737
242,753
242,758
242,782
242,810
242,845
242,949
242,973
242,978
242,985
242,998
243,265
243,268
243,269
243,281
243,305
243,324
243,354
243,358
243,374
243,375
243,388
243,392
243,408
243,411
243,506
243,517
243,540
243,551
243,559
243,574
243,589
243,599
243,606
243,609
243,643
243,677
243,680
243,683
243,684
243,694
243,713
243,717
243,744
243,749
243,777
243,791
243,810
243,824
243,840
243,851
243,880
243,928
243,934
243,935
243,943
243,949
243,957
243,971
243,973
243,975
243,988
244,296
244,301
244,348
244,352
244,366
244,372
244,375
244,397
244,404
244,410
244,423
244,434
244,435
244,456
244,466
244,486
244,496
244,500
244,502
244,516
244,555
244,559
244,561
244,565
244,581
244,582
244,586
244,642
244,672
244,681
244,732
244,745
244,750
244,782
244,821
244,825
244,837
244,848
244,868
244,907
244,912
244,946
244,995
245,318
245,319
245,435
245,458
245,502
245,522
245,552
245,573
245,596
245,628
245,663
245,672
245,784
245,810
245,811
245,830
245,854
245,857
245,864
245,901
245,914
245,916
246,249
246,283
246,334
246,353
246,376
246,387
246,390
246,431
246,471
246,474
246,482
246,508
246,512
246,531
246,540
246,559
246,603
246,611
246,616
246,632
246,638
246,639
246,645
246,647
246,653
246,689
246,696
246,720
246,736
246,755
246,774
246,775
246,803
246,812
246,835
246,849
246,856
246,869
246,878
246,889
246,896
246,900
246,931
246,955
246,959
246,964
246,970
246,975
246,980
246,986
246,988
247,263
247,265
247,279
247,281
247,289
247,309
247,317
247,323
247,359
247,371
247,372
247,390
247,398
247,407
247,423
247,431
247,475
247,484
247,489
247,501
247,509
247,513
247,534
247,585
247,591
247,593
247,599
247,601
247,603
247,621
247,649
247,657
247,682
247,685
247,697
247,705
247,716
247,768
247,778
247,793
247,794
247,813
247,814
247,816
247,826
247,834
247,842
247,851
247,862
247,867
247,992
248,283
248,334
248,355
248,359
248,389
248,418
248,471
248,482
248,509
248,522
248,563
248,579
248,651
248,693
248,723
248,761
248,829
248,961
248,993
249,266
249,301
249,332
249,348
249,446
249,455
249,469
249,533
249,539
249,614
249,626
249,631
249,642
249,659
249,684
249,718
249,721
249,762
249,765
249,814
249,823
249,859
249,896
249,915
249,954
250,251
250,252
250,308
250,331
250,342
250,420
250,460
250,464
250,466
250,581
250,627
250,697
250,728
250,753
250,755
250,784
250,785
250,798
250,842
250,909
250,939
250,958
250,989
251,258
251,271
251,277
251,283
251,284
251,285
251,342
251,344
251,354
251,437
251,456
251,475
251,480
251,486
251,488
251,502
251,529
251,546
251,557
251,596
251,598
251,606
251,628
251,629
251,632
251,634
251,658
251,672
251,673
251,676
251,695
251,702
251,757
251,761
251,817
251,865
251,898
251,905
251,907
251,909
251,964
252,316
252,401
252,446
252,496
252,549
252,560
252,581
252,668
252,706
252,728
252,750
252,801
252,851
252,869
252,903
252,939
252,966
252,967
252,989
253,264
253,283
253,288
253,291
253,293
253,314
253,328
253,330
253,342
253,360
253,373
253,383
253,404
253,408
253,429
253,446
253,468
253,476
253,478
253,481
253,486
253,490
253,492
253,514
253,581
253,631
253,712
253,731
253,762
253,789
253,891
253,898
253,969
254,264
254,278
254,281
254,291
254,292
254,298
254,307
254,342
254,356
254,362
254,469
254,470
254,494
254,538
254,541
254,559
254,566
254,587
254,630
254,667
254,726
254,745
254,775
254,796
254,802
254,803
254,807
254,819
254,825
254,847
254,854
254,906
254,914
254,962
255,278
255,286
255,304
255,315
255,329
255,355
255,377
255,384
255,401
255,416
255,475
255,487
255,497
255,505
255,575
255,595
255,620
255,635
255,646
255,648
255,680
255,689
255,812
255,843
255,845
255,849
255,858
255,870
255,905
255,932
255,937
255,943
256,282
256,293
256,296
256,314
256,332
256,356
256,382
256,408
256,432
256,446
256,452
256,462
256,466
256,470
256,476
256,515
256,532
256,576
256,582
256,584
256,742
256,752
256,780
256,798
256,831
256,834
256,883
256,893
256,956
256,958
256,977
257,263
257,266
257,272
257,287
257,293
257,298
257,308
257,325
257,346
257,435
257,442
257,455
257,468
257,494
257,528
257,544
257,602
257,603
257,614
257,662
257,679
257,693
257,794
257,817
257,883
257,927
257,963
257,986
258,265
258,269
258,272
258,274
258,283
258,296
258,303
258,410
258,441
258,445
258,456
258,535
258,569
258,606
258,616
258,632
258,684
258,714
258,764
258,786
258,792
258,812
258,827
258,849
258,884
258,901
258,903
258,960
258,974
258,976
259,333
259,349
259,353
259,378
259,394
259,416
259,487
259,488
259,513
259,525
259,540
259,562
259,595
259,643
259,648
259,720
259,722
259,725
259,738
259,753
259,774
259,816
259,818
259,882
259,913
259,921
259,926
259,944
260,283
260,302
260,319
260,331
260,332
260,338
260,341
260,351
260,354
260,388
260,402
260,429
260,443
260,451
260,460
260,464
260,520
260,577
260,601
260,610
260,632
260,640
260,681
260,682
260,685
260,729
260,743
260,792
260,811
260,835
260,848
260,879
260,909
260,915
260,930
260,966
260,986
260,988
260,991
260,995
261,358
261,390
261,405
261,471
261,480
261,509
261,570
261,592
261,652
261,658
261,689
261,725
261,797
261,807
261,851
261,856
261,931
261,959
262,265
262,274
262,283
262,322
262,329
262,353
262,355
262,358
262,378
262,390
262,487
262,499
262,509
262,512
262,525
262,540
262,543
262,545
262,551
262,553
262,554
262,556
262,563
262,589
262,591
262,595
262,651
262,657
262,738
262,766
262,789
262,804
262,810
262,816
262,829
262,853
262,870
262,895
262,905
262,938
262,971
262,986
263,265
263,268
263,279
263,302
263,317
263,323
263,332
263,347
263,358
263,371
263,380
263,390
263,398
263,472
263,484
263,501
263,524
263,534
263,544
263,546
263,548
263,565
263,577
263,579
263,601
263,626
263,627
263,636
263,643
263,649
263,659
263,660
263,716
263,750
263,771
263,778
263,793
263,794
263,862
263,912
263,924
263,945
263,969
263,984
263,992
264,286
264,288
264,289
264,291
264,292
264,298
264,301
264,314
264,316
264,348
264,354
264,356
264,360
264,362
264,373
264,378
264,382
264,383
264,391
264,396
264,406
264,419
264,443
264,462
264,469
264,470
264,473
264,492
264,504
264,514
264,518
264,538
264,544
264,548
264,569
264,586
264,658
264,695
264,700
264,729
264,740
264,750
264,755
264,775
264,784
264,807
264,819
264,825
264,831
264,834
264,837
264,847
264,849
264,860
264,902
264,906
264,940
264,949
264,956
264,964
264,983
264,984
264,990
264,994
265,274
265,293
265,317
265,325
265,332
265,337
265,347
265,371
265,398
265,405
265,423
265,431
265,433
265,483
265,488
265,497
265,511
265,513
265,539
265,542
265,544
265,600
265,603
265,621
265,705
265,726
265,753
265,768
265,778
265,789
265,800
265,804
265,808
265,813
265,817
265,842
265,849
265,862
265,868
265,888
265,899
265,925
265,951
266,301
266,303
266,326
266,335
266,336
266,391
266,401
266,425
266,436
266,443
266,468
266,484
266,489
266,533
266,536
266,581
266,614
266,630
266,638
266,718
266,721
266,740
266,753
266,799
266,805
266,814
266,819
266,831
266,894
266,915
266,927
266,984
267,304
267,306
267,343
267,353
267,355
267,365
267,392
267,417
267,474
267,483
267,519
267,525
267,558
267,563
267,567
267,585
267,593
267,689
267,690
267,703
267,704
267,720
267,738
267,784
267,816
267,828
267,846
267,892
267,895
267,901
267,905
267,932
268,295
268,305
268,307
268,308
268,336
268,354
268,361
268,376
268,391
268,395
268,402
268,438
268,503
268,508
268,517
268,535
268,569
268,590
268,592
268,604
268,644
268,647
268,669
268,671
268,677
268,710
268,716
268,730
268,741
268,744
268,745
268,753
268,826
268,839
268,856
268,885
268,905
268,922
268,923
268,928
268,934
268,947
268,976
268,997
269,377
269,451
269,497
269,559
269,574
269,590
269,591
269,609
269,615
269,692
269,725
269,744
269,748
269,758
269,772
269,822
269,844
269,850
269,857
269,887
269,929
269,951
269,970
269,997
270,280
270,324
270,364
270,411
270,480
270,506
270,574
270,604
270,606
270,677
270,684
270,694
270,724
270,741
270,744
270,782
270,869
270,932
270,943
270,957
270,960
270,974
271,279
271,286
271,302
271,333
271,354
271,374
271,376
271,411
271,419
271,428
271,501
271,523
271,531
271,563
271,590
271,606
271,628
271,629
271,637
271,643
271,658
271,668
271,684
271,706
271,714
271,749
271,757
271,791
271,849
271,877
271,904
271,935
271,950
271,953
271,960
271,965
271,975
272,274
272,276
272,289
272,337
272,351
272,358
272,371
272,389
272,394
272,439
272,483
272,531
272,542
272,563
272,610
272,629
272,647
272,649
272,674
272,690
272,705
272,708
272,716
272,789
272,793
272,794
272,795
272,800
272,804
272,863
272,872
272,874
272,905
272,932
272,959
272,999
273,284
273,290
273,293
273,310
273,360
273,373
273,386
273,391
273,400
273,402
273,410
273,417
273,501
273,507
273,522
273,554
273,595
273,639
273,646
273,666
273,677
273,701
273,741
273,744
273,810
273,845
273,851
273,861
273,866
273,885
273,928
273,941
273,947
273,962
273,982
274,278
274,287
274,289
274,302
274,309
274,326
274,328
274,332
274,429
274,460
274,482
274,559
274,568
274,683
274,685
274,691
274,694
274,733
274,798
274,801
274,807
274,849
274,910
274,913
274,917
274,986
275,283
275,331
275,363
275,403
275,430
275,444
275,460
275,482
275,486
275,489
275,503
275,603
275,614
275,617
275,630
275,659
275,667
275,678
275,685
275,716
275,765
275,795
275,798
275,808
275,823
275,849
275,883
275,966
276,283
276,356
276,370
276,372
276,439
276,452
276,475
276,562
276,598
276,618
276,664
276,691
276,728
276,903
277,285
277,333
277,344
277,348
277,395
277,412
277,469
277,523
277,530
277,644
277,672
277,757
277,869
277,897
277,951
278,325
278,337
278,376
278,384
278,389
278,420
278,427
278,513
278,563
278,567
278,627
278,686
278,691
278,756
278,781
278,789
278,793
278,840
278,842
278,909
278,952
278,986
279,317
279,325
279,341
279,347
279,351
279,359
279,398
279,484
279,489
279,529
279,541
279,555
279,571
279,601
279,603
279,649
279,654
279,659
279,679
279,682
279,705
279,716
279,778
279,789
279,792
279,793
279,813
279,815
279,823
279,841
279,862
279,868
279,872
279,873
279,902
279,912
279,918
279,969
279,992
280,284
280,285
280,290
280,374
280,447
280,454
280,467
280,521
280,535
280,541
280,608
280,671
280,677
280,744
280,749
280,760
280,775
280,792
280,866
280,886
280,936
280,941
280,943
280,956
280,957
280,962
280,993
281,284
281,299
281,305
281,337
281,374
281,386
281,391
281,402
281,406
281,447
281,448
281,456
281,491
281,498
281,507
281,552
281,563
281,604
281,634
281,646
281,647
281,692
281,707
281,715
281,720
281,724
281,738
281,741
281,744
281,745
281,753
281,758
281,774
281,791
281,810
281,827
281,839
281,840
281,845
281,851
281,852
281,861
281,881
281,884
281,899
281,911
281,928
281,936
281,941
281,944
281,947
281,955
281,974
281,976
281,978
281,982
281,985
282,307
282,308
282,310
282,325
282,358
282,361
282,373
282,384
282,390
282,395
282,401
282,404
282,445
282,456
282,458
282,460
282,462
282,466
282,475
282,496
282,526
282,549
282,577
282,601
282,609
282,634
282,644
282,680
282,709
282,712
282,714
282,734
282,750
282,752
282,769
282,781
282,835
282,870
282,886
282,900
282,903
282,909
282,914
282,919
282,924
282,936
282,964
282,967
282,971
282,975
282,984
283,290
283,303
283,323
283,334
283,344
283,358
283,372
283,376
283,394
283,397
283,400
283,461
283,511
283,521
283,546
283,550
283,555
283,566
283,570
283,572
283,586
283,588
283,616
283,617
283,632
283,647
283,670
283,684
283,690
283,691
283,701
283,736
283,742
283,752
283,757
283,759
283,799
283,809
283,824
283,826
283,850
283,851
283,857
283,863
283,865
283,879
283,907
283,919
283,931
283,938
283,945
283,964
283,974
283,976
283,984
283,986
284,364
284,386
284,402
284,406
284,447
284,629
284,634
284,646
284,656
284,666
284,707
284,748
284,758
284,783
284,840
284,911
284,941
284,956
284,960
284,974
284,985
284,997
285,319
285,349
285,372
285,453
285,475
285,499
285,554
285,613
285,623
285,645
285,654
285,672
285,673
285,684
285,702
285,717
285,742
285,746
285,854
285,941
285,949
285,966
286,347
286,357
286,374
286,376
286,386
286,395
286,410
286,435
286,450
286,463
286,471
286,483
286,496
286,544
286,575
286,602
286,613
286,615
286,632
286,643
286,646
286,653
286,673
286,683
286,691
286,764
286,777
286,789
286,791
286,845
286,852
286,855
286,857
286,871
286,936
286,946
286,957
287,346
287,353
287,362
287,381
287,410
287,439
287,442
287,521
287,534
287,568
287,579
287,610
287,617
287,618
287,637
287,691
287,716
287,727
287,733
287,756
287,765
287,854
287,879
287,888
287,900
287,913
287,917
287,980
287,986
288,289
288,335
288,383
288,412
288,431
288,446
288,454
288,456
288,481
288,492
288,514
288,532
288,547
288,548
288,568
288,586
288,598
288,697
288,769
288,861
288,877
288,956
288,964
288,977
288,983
288,991
288,994
289,314
289,335
289,382
289,383
289,406
289,414
289,426
289,454
289,470
289,473
289,476
289,478
289,481
289,492
289,520
289,532
289,547
289,548
289,576
289,619
289,681
289,731
289,740
289,743
289,801
289,807
289,819
289,847
289,854
289,867
289,872
289,873
289,893
289,898
289,914
289,940
289,983
290,303
290,316
290,333
290,358
290,446
290,452
290,456
290,511
290,522
290,539
290,555
290,588
290,589
290,599
290,606
290,613
290,616
290,628
290,629
290,683
290,700
290,702
290,725
290,753
290,764
290,766
290,826
290,833
290,851
290,939
290,955
290,964
290,988
290,991
290,992
290,995
291,308
291,314
291,341
291,348
291,356
291,419
291,439
291,467
291,486
291,494
291,504
291,582
291,609
291,618
291,726
291,731
291,802
291,807
291,837
291,849
291,920
291,995
292,298
292,314
292,348
292,358
292,362
292,371
292,374
292,382
292,408
292,415
292,419
292,457
292,470
292,495
292,539
292,548
292,586
292,599
292,717
292,726
292,752
292,807
292,816
292,825
292,837
292,864
292,902
292,906
292,925
292,946
293,301
293,326
293,341
293,351
293,447
293,454
293,482
293,499
293,520
293,576
293,577
293,603
293,614
293,640
293,652
293,718
293,721
293,727
293,741
293,765
293,794
293,814
293,815
293,817
293,821
293,824
293,854
293,885
293,915
293,923
293,925
293,948
293,967
293,983
293,990
293,992
294,315
294,337
294,384
294,390
294,394
294,400
294,430
294,438
294,441
294,448
294,482
294,509
294,587
294,593
294,614
294,615
294,624
294,648
294,663
294,689
294,690
294,736
294,765
294,805
294,829
294,843
294,897
294,932
294,979
294,981
294,996
295,299
295,304
295,402
295,408
295,411
295,458
295,459
295,502
295,508
295,528
295,629
295,642
295,643
295,666
295,684
295,700
295,703
295,744
295,745
295,759
295,810
295,839
295,845
295,861
295,873
295,928
295,936
295,994
296,343
296,347
296,366
296,454
296,458
296,475
296,496
296,507
296,514
296,547
296,564
296,584
296,592
296,658
296,681
296,699
296,700
296,732
296,739
296,740
296,750
296,761
296,762
296,767
296,769
296,806
296,821
296,831
296,848
296,888
296,890
296,936
297,319
297,333
297,361
297,375
297,385
297,390
297,392
297,411
297,412
297,421
297,422
297,437
297,452
297,501
297,507
297,508
297,512
297,529
297,545
297,615
297,616
297,646
297,658
297,669
297,694
297,713
297,715
297,725
297,730
297,739
297,754
297,778
297,787
297,824
297,852
297,853
297,854
297,884
297,925
297,934
297,941
297,943
297,946
297,949
297,955
298,327
298,348
298,352
298,354
298,356
298,362
298,373
298,382
298,386
298,388
298,408
298,414
298,419
298,424
298,452
298,469
298,470
298,485
298,486
298,514
298,535
298,536
298,565
298,579
298,589
298,596
298,612
298,630
298,638
298,695
298,697
298,699
298,706
298,726
298,750
298,761
298,775
298,807
298,821
298,825
298,847
298,849
298,864
298,867
298,876
298,877
298,906
298,909
298,914
298,934
298,935
298,949
298,973
298,983
298,990
298,994
299,353
299,402
299,448
299,457
299,528
299,580
299,664
299,666
299,684
299,703
299,748
299,761
299,810
299,827
299,839
299,845
299,847
299,852
299,857
299,861
299,871
299,957
299,985
300,311
300,312
300,317
300,325
300,393
300,394
300,407
300,426
300,482
300,488
300,503
300,509
300,511
300,542
300,556
300,578
300,591
300,610
300,621
300,624
300,632
300,659
300,674
300,679
300,693
300,751
300,834
300,872
300,880
300,897
300,921
300,923
300,980
301,345
301,372
301,380
301,446
301,455
301,495
301,520
301,536
301,628
301,647
301,695
301,699
301,762
301,771
301,785
301,814
301,837
301,859
301,915
301,948
302,317
302,332
302,341
302,347
302,349
302,379
302,388
302,398
302,410
302,440
302,443
302,451
302,458
302,502
302,505
302,539
302,566
302,573
302,582
302,603
302,610
302,625
302,642
302,687
302,697
302,715
302,716
302,733
302,765
302,776
302,780
302,793
302,829
302,830
302,868
302,878
302,883
302,917
302,928
302,948
302,958
302,967
302,984
303,354
303,426
303,452
303,477
303,511
303,530
303,539
303,583
303,589
303,590
303,615
303,620
303,662
303,692
303,725
303,755
303,771
303,774
303,826
303,833
303,848
303,856
303,973
303,993
303,994
304,321
304,339
304,340
304,349
304,358
304,405
304,409
304,450
304,474
304,480
304,521
304,529
304,543
304,572
304,575
304,602
304,606
304,644
304,669
304,701
304,715
304,722
304,772
304,774
304,816
304,818
304,826
304,827
304,919
304,932
304,958
304,970
305,310
305,313
305,336
305,351
305,354
305,364
305,376
305,386
305,402
305,408
305,437
305,439
305,447
305,448
305,457
305,490
305,505
305,557
305,599
305,602
305,604
305,612
305,643
305,646
305,666
305,671
305,677
305,694
305,706
305,713
305,715
305,717
305,720
305,741
305,746
305,758
305,766
305,777
305,782
305,792
305,810
305,821
305,827
305,839
305,840
305,845
305,852
305,861
305,871
305,906
305,911
305,928
305,941
305,947
305,957
305,960
305,971
305,978
305,982
306,340
306,350
306,358
306,370
306,396
306,456
306,503
306,505
306,644
306,648
306,653
306,730
306,782
306,797
306,810
306,822
306,838
306,851
306,932
306,970
306,997
307,327
307,351
307,356
307,367
307,395
307,408
307,434
307,440
307,467
307,484
307,489
307,547
307,552
307,586
307,610
307,611
307,616
307,630
307,663
307,701
307,706
307,750
307,769
307,782
307,786
307,845
307,846
307,864
307,871
307,893
307,901
307,914
307,953
307,976
307,991
308,341
308,363
308,389
308,401
308,404
308,410
308,435
308,450
308,475
308,489
308,496
308,536
308,539
308,542
308,553
308,577
308,586
308,618
308,627
308,658
308,703
308,728
308,752
308,767
308,786
308,792
308,855
308,903
308,939
308,984
309,322
309,341
309,384
309,389
309,394
309,407
309,418
309,454
309,456
309,482
309,511
309,512
309,536
309,553
309,563
309,583
309,585
309,598
309,627
309,638
309,655
309,679
309,686
309,693
309,701
309,711
309,741
309,751
309,799
309,800
309,836
309,842
309,846
309,876
309,880
309,896
309,934
309,937
309,938
309,952
310,313
310,319
310,358
310,366
310,386
310,437
310,457
310,469
310,535
310,565
310,569
310,610
310,628
310,654
310,671
310,692
310,709
310,749
310,764
310,766
310,777
310,786
310,791
310,807
310,810
310,839
310,840
310,845
310,852
310,856
310,871
310,888
310,898
310,941
310,960
311,321
311,376
311,385
311,386
311,389
311,396
311,411
311,437
311,480
311,498
311,508
311,517
311,518
311,526
311,572
311,599
311,605
311,642
311,643
311,644
311,677
311,694
311,713
311,715
311,730
311,745
311,748
311,753
311,766
311,782
311,827
311,830
311,834
311,840
311,850
311,863
311,903
311,926
311,934
311,935
311,936
311,941
311,947
311,974
312,317
312,361
312,423
312,488
312,489
312,524
312,534
312,610
312,624
312,640
312,727
312,768
312,778
312,800
312,837
312,855
312,872
312,893
312,986
313,318
313,319
313,360
313,420
313,486
313,491
313,528
313,557
313,569
313,615
313,642
313,643
313,832
313,861
313,935
313,936
313,946
313,947
313,957
313,987
314,356
314,398
314,406
314,408
314,419
314,424
314,434
314,468
314,486
314,490
314,492
314,495
314,515
314,520
314,530
314,561
314,604
314,670
314,684
314,688
314,695
314,734
314,802
314,807
314,825
314,860
314,862
314,864
314,867
314,891
314,910
314,916
314,940
314,966
315,353
315,358
315,384
315,394
315,418
315,421
315,439
315,461
315,497
315,512
315,543
315,579
315,618
315,623
315,655
315,690
315,691
315,701
315,793
315,803
315,805
315,813
315,829
315,887
315,976
315,981
315,984
316,342
316,371
316,394
316,420
316,431
316,443
316,454
316,475
316,486
316,490
316,496
316,502
316,527
316,536
316,543
316,549
316,560
316,565
316,569
316,581
316,586
316,684
316,691
316,712
316,770
316,793
316,821
316,837
316,840
316,849
316,865
316,867
316,889
316,894
316,995
317,366
317,398
317,421
317,423
317,426
317,430
317,431
317,433
317,437
317,471
317,483
317,494
317,506
317,513
317,524
317,534
317,542
317,579
317,601
317,621
317,679
317,691
317,705
317,706
317,751
317,776
317,781
317,793
317,834
317,842
317,868
317,872
317,898
317,945
317,955
317,986
318,373
318,374
318,410
318,435
318,437
318,457
318,528
318,570
318,596
318,654
318,663
318,668
318,713
318,811
318,914
318,960
318,977
318,997
319,402
319,419
319,469
319,490
319,510
319,529
319,535
319,539
319,550
319,559
319,560
319,569
319,573
319,596
319,604
319,606
319,652
319,654
319,658
319,663
319,681
319,700
319,715
319,717
319,774
319,807
319,810
319,811
319,826
319,839
319,842
319,845
319,862
319,867
319,877
319,911
319,914
319,916
319,953
319,960
319,965
320,330
320,342
320,348
320,352
320,356
320,373
320,424
320,454
320,466
320,496
320,509
320,561
320,585
320,596
320,670
320,695
320,726
320,740
320,877
320,898
320,920
321,340
321,358
321,361
321,389
321,399
321,408
321,422
321,430
321,452
321,479
321,501
321,502
321,507
321,516
321,558
321,562
321,590
321,654
321,665
321,669
321,689
321,694
321,701
321,720
321,730
321,738
321,739
321,777
321,805
321,851
321,856
321,885
321,907
321,919
321,928
321,944
321,970
321,976
321,997
322,389
322,390
322,407
322,408
322,426
322,435
322,438
322,452
322,482
322,503
322,522
322,525
322,540
322,554
322,579
322,585
322,593
322,595
322,610
322,611
322,621
322,674
322,686
322,711
322,739
322,751
322,754
322,758
322,829
322,842
322,846
322,883
322,900
322,913
322,944
322,969
322,980
323,371
323,393
323,423
323,425
323,433
323,436
323,444
323,472
323,489
323,534
323,536
323,542
323,576
323,600
323,601
323,605
323,679
323,701
323,716
323,727
323,765
323,773
323,784
323,800
323,817
323,862
323,872
323,912
323,925
323,944
323,986
324,325
324,376
324,506
324,507
324,517
324,518
324,552
324,574
324,606
324,741
324,759
324,777
324,825
324,869
324,936
324,949
324,993
325,343
325,374
325,379
325,417
325,482
325,503
325,505
325,509
325,511
325,513
325,524
325,563
325,574
325,600
325,602
325,627
325,679
325,686
325,694
325,711
325,749
325,773
325,776
325,789
325,798
325,842
325,850
325,900
325,907
325,925
325,938
325,952
325,981
326,332
326,337
326,347
326,363
326,371
326,378
326,388
326,398
326,405
326,439
326,450
326,470
326,473
326,484
326,509
326,513
326,515
326,533
326,542
326,544
326,568
326,601
326,603
326,610
326,618
326,649
326,682
326,705
326,715
326,786
326,794
326,815
326,860
326,885
326,893
326,900
326,915
326,924
326,950
326,955
326,969
326,986
326,992
327,352
327,360
327,401
327,447
327,457
327,469
327,547
327,573
327,596
327,773
327,914
328,332
328,346
328,366
328,381
328,383
328,431
328,449
328,538
328,549
328,578
328,626
328,637
328,662
328,674
328,693
328,718
328,760
328,815
328,935
329,378
329,389
329,392
329,482
329,488
329,521
329,551
329,554
329,593
329,635
329,754
329,778
329,805
329,827
329,854
329,870
329,876
329,880
329,895
329,938
329,955
329,959
329,971
329,972
330,408
330,414
330,419
330,420
330,424
330,454
330,470
330,485
330,494
330,504
330,535
330,561
330,670
330,743
330,750
330,762
330,775
330,777
330,802
330,807
330,821
330,864
330,989
330,995
331,356
331,374
331,452
331,491
331,496
331,502
331,539
331,564
331,610
331,618
331,644
331,654
331,697
331,717
331,752
331,753
331,780
331,784
331,785
331,794
331,806
331,813
331,819
331,834
331,835
331,837
331,867
331,872
331,888
331,898
331,909
331,910
331,927
331,939
331,967
332,341
332,347
332,388
332,398
332,422
332,434
332,439
332,441
332,473
332,520
332,536
332,556
332,563
332,578
332,610
332,618
332,627
332,665
332,684
332,685
332,686
332,703
332,788
332,795
332,799
332,801
332,806
332,808
332,849
332,888
332,900
332,917
332,925
332,957
332,967
332,986
332,999
333,372
333,387
333,401
333,405
333,428
333,440
333,448
333,464
333,469
333,497
333,531
333,535
333,550
333,559
333,598
333,604
333,606
333,629
333,634
333,641
333,673
333,702
333,705
333,708
333,714
333,722
333,752
333,757
333,796
333,830
333,844
333,922
333,929
333,931
333,951
333,972
333,988
333,989
334,342
334,381
334,396
334,400
334,445
334,484
334,503
334,509
334,521
334,524
334,544
334,599
334,651
334,661
334,723
334,725
334,773
334,812
334,838
334,878
335,344
335,348
335,380
335,410
335,432
335,444
335,451
335,494
335,508
335,514
335,532
335,560
335,586
335,667
335,683
335,713
335,740
335,775
335,802
335,847
335,867
335,898
335,954
335,983
335,997
336,390
336,405
336,416
336,420
336,421
336,482
336,484
336,509
336,540
336,554
336,558
336,589
336,626
336,632
336,639
336,645
336,655
336,657
336,665
336,696
336,722
336,736
336,739
336,790
336,803
336,804
336,806
336,846
336,850
336,911
336,918
336,934
336,944
336,959
336,971
336,979
337,355
337,358
337,378
337,384
337,392
337,394
337,398
337,430
337,450
337,482
337,497
337,509
337,540
337,551
337,553
337,554
337,562
337,563
337,571
337,585
337,587
337,644
337,648
337,657
337,703
337,711
337,717
337,753
337,803
337,806
337,816
337,842
337,853
337,880
337,895
337,900
337,935
337,937
337,944
337,951
337,964
337,971
337,976
338,370
338,388
338,393
338,452
338,537
338,612
338,616
338,621
338,645
338,685
338,788
338,795
338,798
338,801
338,804
338,872
338,893
338,904
338,910
338,919
338,948
338,979
338,986
338,987
339,365
339,405
339,427
339,479
339,620
339,691
339,730
339,808
339,825
339,838
339,905
339,907
339,972
340,349
340,356
340,378
340,392
340,400
340,409
340,416
340,474
340,507
340,519
340,588
340,599
340,620
340,674
340,722
340,729
340,747
340,838
340,851
340,859
340,882
340,926
340,968
341,344
341,388
341,405
341,451
341,455
341,460
341,473
341,513
341,520
341,534
341,557
341,571
341,579
341,610
341,617
341,627
341,663
341,679
341,684
341,701
341,772
341,780
341,798
341,820
341,842
341,879
341,888
341,894
341,903
341,917
341,923
341,926
341,986
342,352
342,373
342,374
342,380
342,391
342,402
342,434
342,490
342,495
342,514
342,520
342,548
342,554
342,557
342,569
342,611
342,632
342,706
342,726
342,786
342,837
342,877
342,894
342,902
342,914
342,918
342,977
342,988
343,349
343,405
343,407
343,411
343,474
343,496
343,523
343,525
343,529
343,562
343,567
343,575
343,633
343,644
343,665
343,722
343,738
343,816
343,838
343,882
343,895
343,916
343,919
343,926
343,947
343,962
343,970
344,354
344,385
344,387
344,440
344,456
344,465
344,521
344,546
344,550
344,575
344,582
344,606
344,609
344,621
344,632
344,700
344,717
344,737
344,761
344,764
344,786
344,833
344,842
344,863
344,894
344,903
344,918
344,924
344,935
344,949
344,975
344,991
345,349
345,353
345,359
345,383
345,390
345,393
345,398
345,405
345,409
345,416
345,417
345,482
345,487
345,529
345,543
345,557
345,562
345,590
345,611
345,633
345,651
345,660
345,669
345,704
345,729
345,738
345,739
345,774
345,797
345,816
345,828
345,843
345,846
345,850
345,860
345,865
345,944
345,972
346,383
346,400
346,433
346,465
346,489
346,556
346,618
346,626
346,676
346,708
346,718
346,731
346,795
346,815
347,363
347,398
347,407
347,422
347,423
347,436
347,450
347,473
347,484
347,489
347,536
347,539
347,544
347,580
347,601
347,603
347,605
347,618
347,636
347,649
347,659
347,682
347,697
347,706
347,716
347,727
347,779
347,794
347,813
347,841
347,851
347,855
347,862
347,873
347,949
347,992
348,356
348,374
348,383
348,406
348,414
348,419
348,470
348,481
348,484
348,494
348,495
348,532
348,547
348,548
348,560
348,586
348,626
348,688
348,699
348,753
348,762
348,775
348,779
348,807
348,860
348,864
348,867
348,898
348,949
349,359
349,390
349,405
349,407
349,409
349,417
349,437
349,462
349,479
349,487
349,505
349,558
349,562
349,575
349,595
349,615
349,633
349,635
349,644
349,665
349,729
349,738
349,774
349,806
349,808
349,816
349,818
349,844
349,870
349,883
349,891
349,895
349,905
349,924
349,926
349,932
349,941
349,944
349,967
350,375
350,416
350,417
350,422
350,437
350,501
350,507
350,517
350,529
350,546
350,598
350,613
350,615
350,644
350,665
350,747
350,774
350,777
350,787
350,810
350,816
350,832
350,836
350,856
350,882
350,884
350,919
350,937
351,381
351,438
351,465
351,470
351,473
351,484
351,513
351,542
351,546
351,571
351,596
351,600
351,601
351,603
351,605
351,612
351,615
351,623
351,640
351,649
351,659
351,727
351,764
351,817
351,841
351,856
351,873
351,963
351,967
352,362
352,392
352,406
352,410
352,414
352,420
352,465
352,470
352,502
352,533
352,539
352,540
352,561
352,565
352,575
352,586
352,591
352,611
352,630
352,663
352,688
352,733
352,769
352,807
352,831
352,864
352,875
352,898
352,914
352,928
352,951
352,984
353,359
353,378
353,392
353,417
353,430
353,471
353,525
353,540
353,543
353,545
353,554
353,558
353,562
353,593
353,620
353,635
353,648
353,672
353,684
353,686
353,770
353,773
353,774
353,790
353,799
353,803
353,832
353,855
353,858
353,882
353,903
353,905
353,937
353,968
353,988
354,375
354,376
354,377
354,411
354,419
354,429
354,447
354,456
354,473
354,487
354,517
354,550
354,559
354,581
354,582
354,590
354,604
354,609
354,613
354,616
354,624
354,628
354,643
354,669
354,677
354,682
354,683
354,692
354,694
354,710
354,714
354,753
354,755
354,764
354,772
354,790
354,803
354,810
354,824
354,826
354,827
354,856
354,907
354,919
354,927
354,935
354,942
354,943
354,944
354,949
354,957
355,374
355,392
355,405
355,409
355,417
355,438
355,505
355,525
355,551
355,553
355,558
355,562
355,567
355,594
355,602
355,635
355,642
355,698
355,754
355,805
355,816
355,818
355,828
355,836
355,843
355,870
355,872
355,887
355,925
355,926
355,932
355,970
355,971
356,382
356,414
356,419
356,424
356,450
356,454
356,460
356,476
356,481
356,490
356,494
356,515
356,532
356,538
356,548
356,623
356,658
356,667
356,682
356,688
356,695
356,699
356,705
356,736
356,740
356,804
356,807
356,819
356,821
356,842
356,856
356,863
356,867
356,877
356,898
356,906
356,923
356,925
356,926
356,990
356,994
357,415
357,424
357,461
357,481
357,547
357,580
357,609
357,630
357,668
357,762
357,766
357,777
357,791
357,871
357,951
357,957
357,960
357,993
357,999
358,376
358,388
358,390
358,395
358,411
358,437
358,440
358,441
358,475
358,477
358,493
358,501
358,507
358,508
358,509
358,518
358,529
358,562
358,599
358,609
358,610
358,648
358,665
358,669
358,692
358,693
358,694
358,696
358,713
358,714
358,722
358,771
358,772
358,782
358,787
358,789
358,806
358,824
358,832
358,836
358,840
358,842
358,850
358,851
358,855
358,856
358,863
358,865
358,874
358,922
358,923
358,934
358,941
358,944
358,959
358,970
358,973
358,976
358,986
359,360
359,365
359,374
359,378
359,384
359,390
359,405
359,416
359,429
359,437
359,475
359,482
359,518
359,529
359,540
359,562
359,567
359,571
359,580
359,620
359,629
359,633
359,644
359,648
359,653
359,662
359,683
359,684
359,696
359,704
359,722
359,724
359,730
359,737
359,739
359,826
359,836
359,846
359,851
359,853
359,863
359,888
359,895
359,900
359,934
359,944
359,949
359,955
359,958
359,959
360,391
360,440
360,457
360,469
360,476
360,506
360,510
360,547
360,569
360,573
360,596
360,630
360,663
360,678
360,688
360,763
360,811
360,824
360,911
360,942
360,950
361,366
361,373
361,411
361,447
361,470
361,517
361,518
361,531
361,551
361,568
361,574
361,615
361,626
361,628
361,646
361,664
361,671
361,683
361,703
361,710
361,714
361,739
361,741
361,744
361,745
361,750
361,758
361,791
361,810
361,811
361,824
361,892
361,935
361,941
361,943
361,946
361,955
361,998
362,373
362,402
362,406
362,414
362,419
362,454
362,470
362,481
362,517
362,526
362,535
362,561
362,609
362,623
362,632
362,642
362,669
362,695
362,750
362,802
362,807
362,821
362,825
362,860
362,906
362,909
362,914
362,941
362,943
362,953
362,965
363,378
363,389
363,405
363,431
363,436
363,481
363,514
363,533
363,544
363,603
363,612
363,617
363,667
363,780
363,815
363,900
363,927
364,374
364,385
364,391
364,402
364,430
364,447
364,569
364,580
364,646
364,647
364,656
364,796
364,845
364,866
364,919
364,928
364,933
364,974
364,985
365,390
365,417
365,427
365,546
365,558
365,595
365,633
365,651
365,720
365,774
365,797
365,812
365,932
365,961
365,968
365,980
366,376
366,377
366,390
366,395
366,404
366,428
366,462
366,491
366,496
366,507
366,517
366,526
366,559
366,572
366,590
366,628
366,647
366,680
366,683
366,692
366,710
366,744
366,748
366,772
366,784
366,824
366,839
366,855
366,856
366,892
366,900
366,943
366,968
366,993
366,997
367,379
367,415
367,454
367,530
367,547
367,717
367,765
367,766
367,799
367,826
367,895
368,390
368,405
368,416
368,452
368,471
368,530
368,651
368,744
368,781
368,850
368,888
368,951
369,374
369,399
369,416
369,507
369,559
369,589
369,611
369,663
369,677
369,703
369,719
369,832
369,855
369,880
369,942
369,955
369,961
369,998
370,397
370,408
370,413
370,414
370,441
370,453
370,455
370,466
370,484
370,489
370,514
370,515
370,533
370,536
370,547
370,554
370,565
370,584
370,619
370,633
370,640
370,657
370,696
370,740
370,751
370,752
370,755
370,765
370,788
370,791
370,801
370,826
370,828
370,878
370,885
370,897
370,908
370,909
370,927
370,967
371,381
371,423
371,438
371,450
371,462
371,473
371,489
371,512
371,515
371,527
371,534
371,542
371,563
371,564
371,570
371,600
371,603
371,631
371,674
371,679
371,716
371,721
371,789
371,793
371,800
371,808
371,813
371,842
371,862
371,868
371,872
371,888
371,900
371,925
371,986
372,387
372,393
372,410
372,429
372,464
372,488
372,521
372,544
372,555
372,566
372,589
372,599
372,706
372,734
372,749
372,755
372,764
372,784
372,809
372,822
372,833
372,883
372,897
372,917
372,966
372,991
373,376
373,414
373,419
373,420
373,441
373,463
373,469
373,515
373,526
373,547
373,548
373,556
373,573
373,598
373,604
373,654
373,670
373,720
373,722
373,750
373,753
373,800
373,807
373,810
373,819
373,877
373,909
373,914
373,916
373,953
373,955
373,957
373,965
373,983
373,986
373,990
374,376
374,412
374,419
374,431
374,435
374,451
374,486
374,492
374,502
374,506
374,507
374,512
374,523
374,526
374,530
374,535
374,536
374,540
374,547
374,550
374,559
374,564
374,569
374,586
374,590
374,604
374,672
374,684
374,694
374,696
374,713
374,715
374,732
374,758
374,764
374,766
374,777
374,784
374,801
374,821
374,826
374,834
374,852
374,854
374,863
374,865
374,903
374,907
374,915
374,916
374,940
374,946
374,955
374,987
374,993
375,437
375,440
375,452
375,459
375,475
375,477
375,496
375,529
375,539
375,574
375,615
375,665
375,683
375,714
375,719
375,724
375,761
375,772
375,782
375,810
375,830
375,832
375,839
375,856
375,867
375,871
375,934
375,944
375,946
375,955
375,976
376,378
376,405
376,411
376,428
376,439
376,467
376,475
376,493
376,529
376,531
376,546
376,550
376,559
376,567
376,571
376,589
376,590
376,598
376,599
376,608
376,610
376,613
376,629
376,634
376,644
376,665
376,669
376,671
376,683
376,684
376,710
376,713
376,714
376,717
376,737
376,739
376,753
376,762
376,772
376,773
376,801
376,806
376,807
376,816
376,826
376,840
376,847
376,851
376,854
376,907
376,924
376,929
376,943
376,964
376,965
376,993
377,452
377,518
377,566
377,606
377,609
377,653
377,677
377,680
377,748
377,772
377,874
377,876
377,892
377,936
377,978
378,390
378,396
378,398
378,400
378,429
378,441
378,473
378,501
378,509
378,522
378,525
378,540
378,545
378,550
378,553
378,554
378,587
378,618
378,633
378,690
378,723
378,754
378,778
378,839
378,841
378,843
378,846
378,850
378,851
378,862
378,887
378,895
378,937
378,938
378,943
378,944
378,971
378,996
379,388
379,401
379,405
379,437
379,439
379,446
379,453
379,455
379,485
379,555
379,593
379,675
379,682
379,728
379,743
379,752
379,765
379,780
379,894
379,909
379,928
380,401
380,446
380,454
380,476
380,485
380,536
380,631
380,638
380,712
380,716
380,721
380,735
380,765
380,771
380,792
380,794
380,869
380,870
380,923
380,995
381,472
381,492
381,691
381,733
381,735
381,795
381,812
382,419
382,424
382,470
382,486
382,490
382,504
382,575
382,636
382,667
382,695
382,723
382,726
382,731
382,740
382,804
382,807
382,886
382,916
382,990
383,388
383,401
383,406
383,414
383,416
383,419
383,470
383,473
383,476
383,477
383,492
383,514
383,515
383,523
383,532
383,536
383,548
383,582
383,611
383,631
383,652
383,684
383,737
383,740
383,795
383,807
383,814
383,867
383,901
383,908
383,913
383,920
383,933
383,939
383,953
383,956
383,962
383,983
383,990
383,994
384,391
384,400
384,418
384,434
384,482
384,510
384,512
384,529
384,540
384,551
384,563
384,575
384,604
384,648
384,655
384,657
384,674
384,686
384,692
384,711
384,753
384,773
384,789
384,793
384,794
384,829
384,852
384,879
384,880
384,913
384,964
384,980
385,399
385,422
385,437
385,452
385,498
385,505
385,508
385,517
385,604
385,632
385,644
385,658
385,677
385,694
385,733
385,752
385,772
385,777
385,832
385,840
385,856
385,881
385,914
385,919
385,922
385,927
385,941
385,947
385,973
385,976
385,997
386,405
386,436
386,447
386,491
386,507
386,548
386,604
386,641
386,694
386,707
386,713
386,715
386,726
386,758
386,772
386,780
386,787
386,793
386,810
386,824
386,827
386,839
386,845
386,852
386,909
386,974
386,978
386,982
386,985
387,521
387,537
387,551
387,618
387,658
387,675
387,687
387,739
387,809
388,408
388,431
388,439
388,443
388,460
388,487
388,489
388,539
388,568
388,589
388,610
388,618
388,647
388,659
388,686
388,691
388,743
388,776
388,804
388,814
388,821
388,828
388,863
388,888
388,903
388,925
388,949
388,951
388,986
389,390
389,396
389,426
389,461
389,482
389,489
389,503
389,509
389,511
389,514
389,522
389,533
389,543
389,553
389,567
389,579
389,587
389,590
389,617
389,627
389,634
389,637
389,655
389,657
389,661
389,667
389,716
389,749
389,755
389,776
389,778
389,784
389,796
389,803
389,848
389,913
389,918
389,921
389,926
389,943
389,976
390,405
390,414
390,417
390,431
390,491
390,494
390,501
390,505
390,509
390,517
390,529
390,545
390,553
390,563
390,568
390,570
390,572
390,587
390,609
390,618
390,632
390,639
390,643
390,645
390,647
390,665
390,669
390,696
390,711
390,720
390,722
390,739
390,756
390,771
390,774
390,796
390,797
390,801
390,803
390,806
390,826
390,846
390,850
390,859
390,863
390,895
390,905
390,925
390,937
390,938
390,944
390,959
390,970
390,972
390,974
390,979
391,402
391,431
391,580
391,602
391,604
391,641
391,646
391,652
391,656
391,671
391,677
391,707
391,757
391,827
391,840
391,845
391,928
391,947
391,957
391,962
391,974
391,982
391,985
392,409
392,417
392,426
392,487
392,505
392,507
392,519
392,543
392,554
392,563
392,567
392,575
392,592
392,595
392,618
392,633
392,657
392,665
392,669
392,682
392,704
392,705
392,720
392,738
392,739
392,750
392,774
392,816
392,828
392,849
392,858
392,903
392,905
392,932
392,958
392,984
392,991
393,407
393,433
393,449
393,450
393,539
393,547
393,618
393,627
393,674
393,682
393,767
393,894
393,899
393,903
393,915
393,942
393,949
393,952
393,973
393,981
394,430
394,438
394,439
394,461
394,509
394,512
394,534
394,540
394,563
394,588
394,591
394,648
394,657
394,682
394,729
394,765
394,776
394,792
394,805
394,808
394,812
394,836
394,879
394,899
394,971
394,973
394,996
395,408
395,428
395,480
395,557
395,569
395,574
395,584
395,606
395,651
395,656
395,664
395,671
395,672
395,694
395,695
395,737
395,741
395,777
395,791
395,816
395,845
395,877
395,905
395,907
395,915
395,916
395,936
395,960
395,962
396,405
396,570
396,593
396,639
396,651
396,657
396,660
396,669
396,692
396,696
396,752
396,763
396,790
396,803
396,805
396,811
396,894
396,926
396,959
396,979
396,988
397,402
397,413
397,439
397,440
397,441
397,450
397,455
397,460
397,465
397,488
397,513
397,520
397,539
397,544
397,581
397,582
397,610
397,634
397,687
397,714
397,717
397,733
397,773
397,774
397,780
397,781
397,807
397,811
397,824
397,831
397,849
397,886
397,888
397,903
397,924
397,925
397,927
397,967
397,984
397,988
397,994
397,995
398,402
398,417
398,439
398,454
398,472
398,475
398,482
398,483
398,489
398,499
398,540
398,542
398,640
398,649
398,659
398,667
398,679
398,682
398,716
398,721
398,731
398,780
398,793
398,794
398,800
398,804
398,827
398,849
398,862
398,873
398,912
398,918
398,925
398,948
398,995
399,411
399,441
399,456
399,574
399,608
399,615
399,642
399,647
399,669
399,715
399,758
399,770
399,830
399,881
399,964
399,968
399,973
400,438
400,452
400,471
400,477
400,585
400,594
400,663
400,686
400,701
400,833
400,855
400,865
400,878
400,882
400,909
400,934
400,996
401,429
401,433
401,451
401,453
401,458
401,464
401,511
401,533
401,539
401,566
401,580
401,597
401,600
401,632
401,659
401,661
401,691
401,706
401,728
401,752
401,755
401,792
401,820
401,823
401,828
401,833
401,837
401,867
401,873
401,903
401,906
401,909
401,917
401,919
401,941
401,959
401,964
401,969
401,984
401,991
402,428
402,440
402,445
402,447
402,464
402,469
402,484
402,491
402,498
402,502
402,517
402,546
402,552
402,569
402,580
402,602
402,604
402,609
402,643
402,644
402,646
402,647
402,658
402,665
402,666
402,677
402,694
402,707
402,715
402,758
402,768
402,770
402,783
402,810
402,839
402,840
402,841
402,928
402,942
402,947
402,974
402,982
402,994
403,404
403,408
403,456
403,475
403,502
403,521
403,560
403,565
403,589
403,616
403,625
403,681
403,684
403,732
403,753
403,784
403,787
403,809
403,845
403,876
403,881
403,890
403,897
403,935
404,445
404,449
404,453
404,458
404,467
404,475
404,478
404,539
404,575
404,593
404,595
404,605
404,623
404,632
404,695
404,717
404,728
404,752
404,755
404,760
404,764
404,767
404,854
404,949
404,958
404,984
404,995
405,423
405,437
405,471
405,479
405,487
405,512
405,540
405,541
405,543
405,551
405,562
405,563
405,570
405,571
405,580
405,609
405,615
405,639
405,651
405,652
405,655
405,696
405,710
405,711
405,722
405,727
405,739
405,754
405,763
405,774
405,777
405,790
405,803
405,806
405,816
405,830
405,853
405,867
405,873
405,880
405,882
405,888
405,914
405,917
405,919
405,921
405,922
405,932
405,944
405,947
405,949
405,955
405,959
405,964
405,970
405,972
405,976
405,979
405,988
406,419
406,492
406,495
406,514
406,532
406,561
406,564
406,586
406,589
406,613
406,688
406,697
406,772
406,775
406,801
406,802
406,848
406,860
406,877
406,906
406,940
406,958
406,983
406,994
407,417
407,418
407,426
407,436
407,482
407,484
407,509
407,512
407,522
407,648
407,686
407,705
407,731
407,751
407,754
407,756
407,808
407,816
407,842
407,876
407,900
408,414
408,435
408,440
408,454
408,456
408,462
408,463
408,473
408,490
408,494
408,500
408,510
408,516
408,521
408,526
408,538
408,544
408,571
408,573
408,577
408,611
408,701
408,726
408,734
408,735
408,749
408,750
408,777
408,791
408,821
408,886
408,891
408,901
408,909
408,914
408,916
408,921
408,927
408,955
408,965
408,972
409,541
409,542
409,562
409,734
409,774
409,797
409,836
409,853
409,944
409,996
410,414
410,420
410,454
410,494
410,500
410,516
410,524
410,536
410,546
410,547
410,560
410,564
410,565
410,581
410,582
410,590
410,604
410,638
410,646
410,652
410,685
410,688
410,699
410,710
410,726
410,728
410,740
410,749
410,750
410,755
410,767
410,769
410,786
410,821
410,836
410,837
410,920
410,981
410,995
411,414
411,428
411,491
411,509
411,517
411,521
411,559
411,563
411,574
411,577
411,644
411,646
411,647
411,668
411,669
411,677
411,724
411,776
411,810
411,814
411,839
411,840
411,881
411,906
411,919
411,922
411,934
411,941
411,943
411,974
412,431
412,523
412,530
412,588
412,672
412,684
412,702
412,717
412,863
412,924
412,962
413,455
413,635
413,652
413,670
413,802
413,897
413,982
414,419
414,454
414,486
414,490
414,494
414,514
414,519
414,586
414,644
414,681
414,684
414,688
414,697
414,717
414,726
414,734
414,740
414,762
414,802
414,807
414,814
414,819
414,824
414,834
414,849
414,860
414,864
414,867
414,877
414,906
414,955
415,422
415,500
415,516
415,535
415,547
415,695
415,700
415,784
415,787
415,803
415,875
416,452
416,507
416,522
416,543
416,545
416,562
416,575
416,609
416,633
416,672
416,674
416,677
416,689
416,720
416,774
416,777
416,781
416,787
416,816
416,843
416,844
416,846
416,856
416,873
416,882
416,905
416,910
416,923
416,934
416,943
416,972
416,979
417,438
417,474
417,479
417,487
417,501
417,519
417,562
417,567
417,575
417,629
417,633
417,635
417,648
417,653
417,665
417,686
417,696
417,704
417,720
417,722
417,723
417,731
417,738
417,805
417,816
417,828
417,836
417,852
417,856
417,862
417,870
417,895
417,925
417,926
417,964
417,970
417,998
418,503
418,512
418,578
418,693
418,756
418,776
418,808
418,829
418,878
418,896
418,900
418,952
418,980
419,420
419,424
419,434
419,463
419,470
419,494
419,515
419,540
419,547
419,561
419,569
419,582
419,586
419,611
419,658
419,684
419,700
419,717
419,726
419,731
419,740
419,791
419,794
419,801
419,802
419,807
419,813
419,821
419,867
419,877
419,902
419,906
419,910
419,939
419,940
419,953
420,450
420,463
420,467
420,485
420,486
420,492
420,496
420,514
420,532
420,547
420,560
420,561
420,569
420,618
420,650
420,652
420,677
420,699
420,701
420,706
420,712
420,734
420,755
420,760
420,807
420,821
420,826
420,859
420,867
420,893
420,902
420,909
420,927
420,944
420,954
420,966
420,974
420,989
421,430
421,522
421,573
421,690
421,751
421,754
421,783
421,836
421,996
422,440
422,452
422,493
422,501
422,514
422,615
422,702
422,730
422,772
422,777
422,796
422,844
422,856
422,882
422,884
422,892
422,941
422,976
423,439
423,484
423,489
423,527
423,534
423,542
423,556
423,591
423,640
423,659
423,685
423,717
423,873
423,951
423,969
423,971
424,446
424,454
424,478
424,516
424,561
424,584
424,643
424,670
424,745
424,775
424,798
424,801
424,807
424,844
424,864
424,946
425,496
425,544
425,631
425,637
425,673
425,687
425,699
425,721
425,735
425,765
425,779
425,854
425,883
425,885
425,954
425,967
425,986
425,994
425,995
426,439
426,442
426,475
426,482
426,484
426,494
426,499
426,503
426,526
426,542
426,551
426,563
426,579
426,618
426,627
426,635
426,650
426,679
426,695
426,750
426,776
426,789
426,793
426,794
426,800
426,855
426,862
426,892
426,900
426,913
426,925
426,944
426,955
426,976
426,996
427,461
427,543
427,575
427,633
427,689
427,704
427,846
427,921
427,926
428,510
428,541
428,608
428,613
428,628
428,672
428,677
428,684
428,737
428,749
428,753
428,757
428,769
428,856
428,872
428,943
429,444
429,511
429,529
429,539
429,597
429,616
429,642
429,672
429,685
429,690
429,714
429,743
429,792
429,863
429,890
429,891
429,939
429,986
430,438
430,461
430,471
430,497
430,509
430,512
430,540
430,551
430,553
430,562
430,593
430,618
430,648
430,655
430,657
430,713
430,774
430,836
430,851
430,880
430,887
430,896
430,944
430,972
430,981
431,483
431,489
431,511
431,513
431,522
431,553
431,560
431,600
431,679
431,691
431,722
431,751
431,764
431,789
431,794
431,813
431,829
431,842
431,843
431,865
431,868
431,883
431,900
431,903
431,925
431,938
431,971
432,446
432,462
432,576
432,966
433,436
433,542
433,579
433,751
433,789
433,799
433,829
433,836
433,872
433,896
433,996
434,439
434,456
434,523
434,526
434,547
434,550
434,573
434,616
434,732
434,739
434,766
434,854
435,457
435,462
435,466
435,467
435,469
435,495
435,510
435,514
435,547
435,569
435,577
435,596
435,619
435,668
435,706
435,750
435,842
435,901
435,915
435,965
436,439
436,450
436,473
436,482
436,489
436,520
436,527
436,605
436,635
436,649
436,659
436,682
436,699
436,727
436,731
436,763
436,765
436,768
436,770
436,773
436,778
436,800
436,804
436,807
436,808
436,815
436,841
436,872
436,873
436,898
436,925
436,939
436,958
436,969
436,986
437,454
437,482
437,506
437,587
437,615
437,669
437,680
437,694
437,738
437,747
437,750
437,772
437,777
437,798
437,845
437,851
437,856
437,864
437,915
437,919
437,922
437,934
437,944
437,956
437,976
438,446
438,447
438,471
438,482
438,509
438,512
438,522
438,525
438,553
438,554
438,571
438,591
438,593
438,620
438,621
438,632
438,645
438,657
438,690
438,701
438,774
438,781
438,788
438,795
438,815
438,836
438,851
438,872
438,880
438,896
438,919
438,938
438,939
438,952
438,961
438,980
439,451
439,472
439,484
439,486
439,503
439,511
439,515
439,534
439,539
439,542
439,544
439,556
439,582
439,588
439,597
439,600
439,609
439,610
439,616
439,626
439,642
439,649
439,657
439,665
439,684
439,685
439,695
439,700
439,720
439,740
439,765
439,766
439,780
439,784
439,795
439,798
439,804
439,817
439,833
439,834
439,839
439,849
439,864
439,867
439,879
439,888
439,903
439,967
439,984
440,452
440,477
440,482
440,509
440,518
440,519
440,554
440,559
440,572
440,574
440,590
440,598
440,599
440,609
440,613
440,629
440,647
440,669
440,696
440,730
440,739
440,751
440,781
440,787
440,817
440,824
440,846
440,865
440,872
440,874
440,921
440,936
440,971
440,974
440,976
441,451
441,473
441,475
441,550
441,596
441,599
441,610
441,634
441,684
441,736
441,753
441,755
441,767
441,774
441,793
441,809
441,820
441,841
441,863
441,879
441,903
441,924
441,934
441,936
441,974
441,989
441,993
442,464
442,480
442,585
442,597
442,625
442,627
442,675
442,691
442,696
442,776
442,829
442,876
442,908
442,913
443,455
443,485
443,515
443,577
443,587
443,623
443,638
443,674
443,676
443,697
443,700
443,714
443,750
443,752
443,779
443,785
443,792
443,827
443,831
443,835
443,893
443,903
443,909
443,910
443,917
443,927
443,966
443,986
443,987
443,989
443,991
443,999
444,489
444,508
444,520
444,524
444,637
444,640
444,659
444,674
444,716
444,778
444,872
444,898
444,900
444,912
445,588
445,632
445,701
445,702
445,767
445,809
445,825
445,878
445,897
445,935
445,993
446,454
446,464
446,492
446,510
446,515
446,557
446,614
446,617
446,631
446,659
446,728
446,735
446,746
446,752
446,769
446,785
446,819
446,881
446,891
446,901
446,926
446,938
446,995
447,510
447,552
447,555
447,560
447,604
447,646
447,666
447,703
447,707
447,713
447,715
447,741
447,748
447,758
447,759
447,777
447,794
447,801
447,807
447,810
447,827
447,840
447,845
447,854
447,861
447,866
447,941
447,943
447,944
447,978
447,985
448,486
448,581
448,588
448,604
448,616
448,643
448,742
448,758
448,767
448,782
448,827
448,845
448,878
448,974
448,978
449,471
449,482
449,576
449,637
449,661
449,674
449,726
449,751
449,765
449,773
449,785
450,465
450,473
450,579
450,605
450,614
450,626
450,633
450,636
450,649
450,667
450,682
450,727
450,765
450,793
450,794
450,799
450,804
450,813
450,815
450,821
450,841
450,851
450,858
450,867
450,876
450,909
450,992
451,460
451,467
451,539
451,541
451,546
451,566
451,572
451,576
451,577
451,603
451,605
451,618
451,632
451,667
451,684
451,710
451,716
451,752
451,767
451,788
451,792
451,801
451,821
451,824
451,849
451,865
451,879
451,888
451,900
451,909
451,921
451,925
451,958
451,968
451,992
452,465
452,491
452,493
452,508
452,518
452,527
452,529
452,543
452,566
452,571
452,589
452,653
452,669
452,747
452,760
452,763
452,776
452,803
452,822
452,830
452,833
452,838
452,845
452,846
452,856
452,874
452,884
452,886
452,909
452,911
452,922
452,934
452,940
452,959
452,970
452,973
452,975
452,976
452,993
453,458
453,466
453,483
453,587
453,618
453,642
453,646
453,672
453,809
453,861
453,901
453,917
453,924
453,954
454,460
454,485
454,486
454,490
454,514
454,613
454,634
454,642
454,688
454,726
454,734
454,738
454,750
454,762
454,767
454,780
454,802
454,807
454,821
454,847
454,849
454,867
454,897
454,902
454,907
454,916
455,536
455,544
455,612
455,614
455,621
455,638
455,779
455,788
455,796
455,813
455,814
455,823
455,872
455,893
455,915
455,950
455,991
456,458
456,475
456,516
456,521
456,530
456,546
456,550
456,563
456,574
456,592
456,609
456,632
456,634
456,667
456,702
456,714
456,730
456,731
456,743
456,747
456,757
456,761
456,769
456,771
456,795
456,898
456,924
456,971
457,463
457,528
457,532
457,596
457,629
457,769
457,877
457,911
457,925
457,947
457,965
457,987
457,993
458,460
458,462
458,477
458,502
458,529
458,542
458,684
458,701
458,711
458,717
458,728
458,732
458,757
458,786
458,809
458,836
458,879
458,883
458,935
458,946
458,955
458,964
458,984
458,986
459,467
459,498
459,552
459,580
459,606
459,664
459,671
459,672
459,777
459,861
459,946
459,957
460,470
460,539
460,541
460,560
460,581
460,588
460,605
460,609
460,618
460,658
460,682
460,684
460,702
460,732
460,743
460,780
460,792
460,795
460,821
460,826
460,849
460,888
460,895
460,903
460,925
460,958
460,964
460,966
460,967
460,984
460,989
460,991
460,995
461,530
461,593
461,657
461,829
461,885
462,486
462,496
462,515
462,532
462,533
462,536
462,548
462,610
462,612
462,631
462,643
462,713
462,714
462,731
462,760
462,785
462,802
462,811
462,819
462,891
462,914
462,956
462,977
462,983
463,467
463,469
463,487
463,491
463,510
463,530
463,547
463,573
463,574
463,586
463,596
463,672
463,678
463,684
463,707
463,710
463,726
463,766
463,837
463,854
463,867
463,914
463,953
464,516
464,517
464,539
464,555
464,577
464,625
464,645
464,656
464,717
464,727
464,755
464,879
464,935
464,986
465,509
465,549
465,556
465,622
465,626
465,640
465,712
465,776
465,834
465,840
465,913
465,938
465,986
466,478
466,485
466,490
466,496
466,514
466,547
466,555
466,631
466,652
466,672
466,712
466,740
466,796
466,821
466,831
466,864
466,890
466,891
466,893
466,900
466,909
466,916
466,989
466,990
466,994
467,490
467,491
467,517
467,526
467,530
467,547
467,566
467,583
467,652
467,657
467,668
467,672
467,678
467,734
467,762
467,765
467,791
467,854
467,870
467,927
467,965
467,972
468,519
468,533
468,544
468,548
468,552
468,583
468,614
468,649
468,712
468,721
468,761
468,778
468,815
468,817
468,823
468,891
468,912
468,923
468,958
468,989
469,510
469,531
469,569
469,576
469,582
469,590
469,598
469,654
469,668
469,672
469,695
469,706
469,715
469,766
469,827
469,839
469,854
469,863
469,877
469,911
469,946
469,953
469,957
469,960
469,967
469,987
469,997
470,476
470,486
470,495
470,496
470,514
470,548
470,561
470,586
470,670
470,726
470,732
470,771
470,775
470,792
470,821
470,825
470,860
470,863
470,885
470,906
470,914
470,954
470,983
470,990
470,994
471,485
471,497
471,509
471,540
471,563
471,565
471,593
471,594
471,648
471,670
471,693
471,701
471,704
471,710
471,723
471,771
471,816
471,855
471,858
471,878
471,921
471,929
471,938
471,942
471,957
471,964
472,524
472,544
472,591
472,617
472,622
472,687
472,735
472,755
472,789
472,795
472,804
472,848
472,867
472,872
472,925
473,484
473,564
473,601
473,603
473,612
473,617
473,640
473,649
473,658
473,659
473,667
473,682
473,716
473,721
473,727
473,794
473,795
473,804
473,821
473,834
473,841
473,862
473,863
473,868
473,927
473,992
474,530
474,620
474,653
474,689
474,717
474,738
474,782
474,787
474,816
474,832
474,853
474,970
475,515
475,531
475,536
475,550
475,564
475,618
475,627
475,642
475,650
475,700
475,710
475,714
475,717
475,732
475,809
475,816
475,840
475,846
475,849
475,854
475,863
475,903
475,943
475,948
475,973
476,481
476,485
476,492
476,504
476,512
476,514
476,532
476,596
476,632
476,710
476,716
476,726
476,731
476,739
476,740
476,811
476,819
476,830
476,834
476,856
476,893
476,898
476,900
476,907
476,909
476,914
476,920
476,958
476,983
477,518
477,570
477,594
477,608
477,609
477,645
477,663
477,725
477,759
477,796
477,812
477,824
477,826
477,850
477,853
477,856
477,863
477,907
477,943
477,957
477,959
478,481
478,514
478,520
478,532
478,544
478,571
478,576
478,586
478,695
478,740
478,775
478,802
478,847
478,854
478,897
478,966
479,487
479,501
479,509
479,525
479,554
479,562
479,633
479,644
479,653
479,669
479,686
479,717
479,720
479,722
479,729
479,730
479,739
479,787
479,816
479,818
479,843
479,851
479,855
479,858
479,870
479,895
479,909
479,919
479,926
479,931
479,964
479,972
480,491
480,523
480,530
480,593
480,599
480,643
480,654
480,718
480,737
480,744
480,777
480,786
480,791
480,857
480,867
480,875
480,904
480,907
480,936
480,946
480,991
480,998
481,492
481,494
481,514
481,517
481,532
481,561
481,655
481,688
481,765
481,891
481,902
481,983
481,990
482,491
482,497
482,509
482,512
482,529
482,553
482,562
482,563
482,572
482,573
482,587
482,591
482,627
482,633
482,637
482,654
482,660
482,675
482,682
482,686
482,693
482,706
482,714
482,724
482,730
482,781
482,787
482,796
482,813
482,826
482,833
482,836
482,840
482,842
482,849
482,855
482,862
482,896
482,900
482,903
482,909
482,921
482,928
482,934
482,938
482,944
482,955
482,956
482,980
482,981
482,984
482,992
483,513
483,522
483,579
483,600
483,624
483,645
483,701
483,751
483,778
483,789
483,793
483,842
483,849
483,855
483,868
483,873
483,898
483,909
483,916
483,929
483,995
484,510
484,513
484,542
484,571
484,603
484,614
484,716
484,717
484,761
484,778
484,793
484,841
484,868
484,896
484,903
484,917
485,489
485,586
485,619
485,631
485,652
485,667
485,699
485,700
485,752
485,771
485,780
485,801
485,807
485,819
485,847
485,859
485,860
485,891
485,893
485,927
485,977
485,984
486,490
486,491
486,492
486,496
486,502
486,505
486,532
486,553
486,559
486,560
486,564
486,569
486,582
486,593
486,631
486,652
486,657
486,658
486,661
486,670
486,697
486,699
486,700
486,732
486,741
486,750
486,758
486,762
486,769
486,775
486,793
486,807
486,821
486,841
486,854
486,872
486,893
486,898
486,909
486,945
486,946
486,959
487,491
487,501
487,509
487,540
487,553
487,562
487,575
487,580
487,590
487,595
487,620
487,633
487,635
487,665
487,708
487,722
487,729
487,730
487,738
487,739
487,752
487,796
487,814
487,816
487,818
487,839
487,851
487,858
487,862
487,867
487,895
487,931
487,968
488,509
488,522
488,551
488,562
488,578
488,614
488,657
488,674
488,680
488,693
488,701
488,733
488,773
488,794
488,913
489,492
489,513
489,534
489,600
489,601
489,603
489,615
489,626
489,636
489,649
489,705
489,716
489,751
489,768
489,769
489,789
489,800
489,804
489,813
489,862
489,868
489,893
489,903
489,969
489,975
489,983
490,496
490,500
490,532
490,538
490,582
490,612
490,762
490,769
490,784
490,795
490,802
490,837
490,847
490,867
490,898
490,900
490,906
490,909
490,936
490,939
490,956
490,968
490,999
491,495
491,539
491,542
491,547
491,590
491,602
491,604
491,611
491,618
491,654
491,678
491,694
491,707
491,713
491,715
491,748
491,753
491,761
491,770
491,777
491,802
491,810
491,827
491,840
491,852
491,869
491,907
491,914
491,941
491,942
491,947
491,957
491,965
491,987
491,998
492,495
492,504
492,514
492,532
492,540
492,548
492,567
492,586
492,631
492,635
492,658
492,731
492,740
492,785
492,802
492,819
492,835
492,890
492,893
492,898
492,916
492,920
492,948
492,983
492,984
492,990
492,994
493,503
493,669
493,737
493,824
493,840
493,856
494,495
494,500
494,504
494,548
494,560
494,561
494,611
494,731
494,801
494,802
494,807
494,851
494,867
494,914
494,936
495,532
495,548
495,586
495,802
495,860
495,885
495,914
495,995
496,511
496,554
496,564
496,565
496,581
496,631
496,654
496,670
496,695
496,700
496,706
496,734
496,743
496,750
496,807
496,821
496,848
496,909
496,992
497,509
497,512
497,519
497,543
497,545
497,553
497,563
497,571
497,646
497,657
497,705
497,710
497,723
497,730
497,739
497,754
497,794
497,804
497,829
497,855
497,921
497,938
497,964
497,968
497,971
497,981
497,996
498,559
498,643
498,666
498,703
498,782
498,787
498,810
498,840
498,845
498,928
498,960
498,974
499,516
499,594
499,647
499,655
499,660
499,701
499,723
499,806
499,836
499,878
499,986
500,502
500,516
500,524
500,529
500,554
500,565
500,579
500,580
500,732
500,750
500,785
500,807
500,849
500,914
500,953
500,957
500,959
500,984
501,507
501,509
501,518
501,529
501,541
501,562
501,590
501,599
501,633
501,644
501,665
501,730
501,739
501,772
501,806
501,814
501,816
501,837
501,842
501,844
501,851
501,856
501,884
501,921
501,926
501,931
501,934
501,939
501,952
501,964
501,970
502,505
502,516
502,526
502,547
502,560
502,598
502,632
502,643
502,672
502,681
502,717
502,726
502,740
502,784
502,786
502,821
502,837
502,845
502,864
502,914
502,916
502,982
503,509
503,511
503,533
503,551
503,563
503,578
503,585
503,609
503,618
503,639
503,645
503,649
503,654
503,661
503,674
503,679
503,686
503,704
503,711
503,718
503,773
503,781
503,809
503,846
503,855
503,872
503,900
503,921
503,925
503,971
504,529
504,652
504,706
504,731
504,786
504,802
504,803
504,805
504,842
504,867
504,909
504,953
504,986
505,529
505,540
505,553
505,562
505,588
505,633
505,635
505,645
505,647
505,683
505,738
505,751
505,753
505,754
505,774
505,806
505,816
505,820
505,838
505,851
505,858
505,865
505,866
505,870
505,876
505,905
505,914
505,922
505,937
505,944
505,968
505,971
505,972
505,996
506,523
506,531
506,552
506,628
506,633
506,671
506,677
506,724
506,744
506,751
506,759
506,782
506,783
506,810
506,824
506,861
506,931
506,943
506,974
507,518
507,519
507,529
507,550
507,596
507,599
507,637
507,644
507,645
507,665
507,689
507,730
507,739
507,772
507,791
507,796
507,806
507,822
507,844
507,846
507,851
507,884
507,919
507,925
507,941
507,964
507,976
508,615
508,648
508,664
508,684
508,694
508,719
508,720
508,752
508,830
508,856
508,865
508,870
508,884
508,941
508,942
508,946
508,974
509,511
509,512
509,522
509,525
509,529
509,540
509,541
509,545
509,553
509,554
509,562
509,563
509,577
509,587
509,590
509,593
509,594
509,609
509,635
509,641
509,648
509,657
509,669
509,672
509,675
509,697
509,701
509,715
509,717
509,720
509,722
509,723
509,727
509,736
509,738
509,752
509,756
509,776
509,780
509,803
509,815
509,818
509,826
509,836
509,842
509,846
509,851
509,853
509,858
509,862
509,876
509,878
509,880
509,887
509,889
509,896
509,907
509,913
509,926
509,932
509,938
509,941
509,944
509,955
509,972
509,974
509,986
509,996
510,569
510,603
510,791
510,796
510,811
510,845
510,852
510,888
510,911
510,914
510,916
510,941
510,962
510,965
510,995
511,512
511,522
511,539
511,555
511,563
511,587
511,621
511,624
511,627
511,661
511,674
511,679
511,684
511,686
511,794
511,872
511,879
511,900
511,903
511,996
512,513
512,540
512,563
512,582
512,593
512,621
512,627
512,657
512,665
512,677
512,679
512,686
512,693
512,711
512,730
512,740
512,789
512,816
512,836
512,842
512,883
512,896
512,913
512,928
512,944
512,952
512,971
512,980
512,986
513,540
513,560
513,563
513,566
513,579
513,618
513,691
513,721
513,727
513,736
513,771
513,789
513,799
513,804
513,813
513,820
513,836
513,842
513,849
513,872
513,926
513,935
514,532
514,533
514,550
514,658
514,681
514,712
514,731
514,775
514,819
514,834
514,847
514,859
514,865
514,877
514,891
514,898
514,943
514,963
514,983
514,994
515,527
515,536
515,544
515,619
515,631
515,658
515,712
515,731
515,750
515,794
515,814
515,820
515,849
515,893
515,898
515,906
515,909
515,923
515,963
515,967
515,983
515,994
516,547
516,637
516,676
516,869
516,897
516,900
517,574
517,592
517,599
517,606
517,628
517,633
517,642
517,643
517,656
517,664
517,677
517,700
517,713
517,717
517,724
517,725
517,737
517,745
517,753
517,766
517,810
517,811
517,894
517,929
517,941
517,946
517,974
517,976
517,998
518,539
518,572
518,574
518,575
518,587
518,641
518,653
518,669
518,720
518,738
518,739
518,787
518,810
518,816
518,835
518,851
518,856
518,884
518,919
518,922
518,931
518,957
518,968
518,988
519,522
519,540
519,558
519,595
519,633
519,641
519,703
519,704
519,711
519,720
519,816
519,828
519,846
519,858
519,905
519,932
519,937
519,944
519,994
520,527
520,533
520,534
520,544
520,610
520,638
520,679
520,685
520,687
520,751
520,765
520,773
520,780
520,817
520,849
520,883
520,890
520,894
520,901
520,948
520,969
520,999
521,551
521,555
521,587
521,593
521,597
521,617
521,634
521,733
521,760
521,766
521,784
521,793
521,836
521,873
521,894
521,899
521,924
521,931
521,936
521,955
521,971
522,585
522,593
522,600
522,679
522,684
522,789
522,808
522,841
522,842
522,868
522,872
522,882
522,896
522,900
522,947
522,996
523,530
523,547
523,549
523,577
523,623
523,628
523,672
523,702
523,737
523,784
523,826
523,854
524,610
524,708
524,804
524,815
524,865
524,885
524,893
524,899
524,912
524,948
525,540
525,553
525,554
525,562
525,563
525,567
525,588
525,605
525,657
525,675
525,683
525,686
525,690
525,774
525,797
525,805
525,815
525,843
525,846
525,870
525,880
525,887
525,921
525,926
525,931
525,937
526,535
526,539
526,547
526,550
526,569
526,590
526,654
526,668
526,684
526,697
526,700
526,703
526,737
526,753
526,784
526,786
526,795
526,827
526,852
526,854
526,901
526,906
526,943
527,534
527,640
527,693
527,789
527,793
527,799
527,800
527,823
528,530
528,557
528,657
528,677
528,692
528,709
528,732
528,786
528,810
528,869
528,911
528,934
528,947
528,957
528,978
528,987
529,541
529,563
529,567
529,571
529,572
529,590
529,599
529,613
529,644
529,647
529,653
529,657
529,658
529,669
529,683
529,713
529,720
529,722
529,772
529,787
529,796
529,814
529,826
529,832
529,846
529,851
529,865
529,884
529,903
529,919
529,922
529,934
529,949
529,959
529,970
529,973
529,982
530,550
530,598
530,640
530,644
530,670
530,672
530,676
530,684
530,700
530,703
530,758
530,769
530,784
530,786
530,796
530,853
530,909
530,957
530,988
530,993
531,544
531,587
531,613
531,633
531,672
531,673
531,683
531,684
531,692
531,730
531,737
531,742
531,787
531,845
531,879
531,886
531,941
531,946
531,993
532,533
532,548
532,586
532,628
532,631
532,684
532,740
532,773
532,813
532,814
532,819
532,839
532,847
532,891
532,898
532,939
532,940
532,983
533,545
533,607
533,614
533,631
533,638
533,645
533,662
533,698
533,714
533,717
533,718
533,721
533,765
533,772
533,801
533,814
533,837
533,954
533,958
534,542
534,600
534,601
534,621
534,643
534,682
534,691
534,716
534,760
534,789
534,792
534,800
534,817
534,842
534,862
534,883
534,899
534,912
534,945
534,952
534,981
535,563
535,629
535,672
535,698
535,726
535,737
535,745
535,748
535,766
535,784
535,786
535,807
535,825
535,884
535,920
535,921
535,954
535,975
535,987
536,539
536,547
536,581
536,583
536,584
536,604
536,612
536,619
536,631
536,638
536,649
536,655
536,667
536,741
536,746
536,771
536,787
536,792
536,801
536,814
536,836
536,849
536,885
536,909
536,923
536,927
536,939
536,958
536,967
536,983
536,985
536,986
537,549
537,698
537,760
537,868
538,610
538,786
538,799
538,802
538,807
538,867
538,869
538,933
539,564
539,610
539,632
539,663
539,699
539,706
539,708
539,714
539,717
539,728
539,748
539,752
539,765
539,785
539,789
539,868
539,878
539,888
539,903
539,917
539,925
539,927
539,939
539,955
539,967
539,983
539,984
540,551
540,553
540,554
540,621
540,627
540,635
540,647
540,657
540,677
540,686
540,697
540,754
540,836
540,842
540,846
540,938
540,944
540,996
541,555
541,569
541,577
541,587
541,599
541,618
541,625
541,632
541,661
541,675
541,697
541,717
541,726
541,730
541,809
541,843
541,862
541,875
541,889
541,894
541,903
541,922
541,944
541,963
541,995
542,544
542,550
542,556
542,567
542,585
542,600
542,603
542,618
542,626
542,640
542,705
542,722
542,784
542,793
542,795
542,798
542,804
542,813
542,817
542,862
542,868
542,872
542,885
542,899
542,912
542,986
543,562
543,599
543,618
543,660
543,704
543,722
543,729
543,774
543,787
543,818
543,823
543,843
543,850
543,853
543,855
543,882
543,896
543,968
543,971
543,972
544,549
544,583
544,610
544,612
544,614
544,627
544,649
544,659
544,667
544,676
544,685
544,718
544,721
544,735
544,779
544,780
544,795
544,820
544,823
544,841
544,883
544,900
544,910
544,917
544,927
544,934
544,938
544,954
544,967
544,988
545,570
545,571
545,575
545,596
545,612
545,641
545,686
545,693
545,701
545,736
545,836
545,837
545,905
545,921
545,949
546,566
546,571
546,574
546,580
546,588
546,590
546,595
546,671
546,753
546,810
546,828
546,850
546,855
546,877
546,903
546,914
546,964
546,972
547,554
547,556
547,574
547,579
547,581
547,590
547,611
547,630
547,658
547,663
547,666
547,672
547,680
547,684
547,695
547,700
547,726
547,732
547,736
547,737
547,742
547,749
547,750
547,752
547,786
547,818
547,819
547,840
547,855
547,856
547,893
547,901
547,934
547,951
547,984
547,986
547,989
548,561
548,586
548,670
548,682
548,732
548,740
548,784
548,792
548,819
548,902
548,906
548,916
548,990
549,573
549,610
549,658
549,659
549,676
549,698
549,699
549,714
549,757
549,801
549,817
549,819
549,834
549,835
549,849
549,885
549,888
549,890
549,917
549,939
549,948
550,560
550,562
550,569
550,576
550,577
550,578
550,599
550,606
550,613
550,623
550,670
550,695
550,706
550,714
550,724
550,732
550,740
550,747
550,749
550,752
550,753
550,757
550,763
550,792
550,816
550,826
550,830
550,844
550,854
550,855
550,901
550,907
550,918
550,955
550,965
550,971
550,982
551,553
551,566
551,635
551,639
551,654
551,690
551,704
551,711
551,717
551,739
551,740
551,753
551,777
551,789
551,805
551,816
551,824
551,826
551,836
551,842
551,862
551,876
551,880
551,909
551,922
551,959
551,968
551,971
551,981
551,992
552,564
552,580
552,602
552,604
552,606
552,616
552,619
552,646
552,666
552,707
552,735
552,741
552,744
552,759
552,770
552,777
552,781
552,810
552,839
552,845
552,846
552,866
552,918
552,928
552,947
552,978
552,982
552,985
552,987
552,993
553,571
553,657
553,690
553,774
553,781
553,816
553,835
553,836
553,885
553,896
553,926
553,972
554,563
554,591
554,609
554,686
554,690
554,691
554,701
554,728
554,747
554,754
554,776
554,789
554,805
554,816
554,818
554,821
554,828
554,855
554,880
554,887
554,905
554,922
554,931
554,937
554,971
555,559
555,564
555,612
555,616
555,624
555,625
555,655
555,687
555,702
555,709
555,723
555,743
555,875
555,876
555,879
555,883
555,903
555,945
556,685
556,705
556,724
556,743
556,765
556,795
556,814
556,856
556,879
556,913
556,986
557,569
557,628
557,630
557,654
557,678
557,758
557,784
557,832
557,947
557,960
558,567
558,595
558,641
558,649
558,697
558,720
558,843
558,846
558,856
558,870
558,897
558,931
558,932
558,949
558,970
559,589
559,599
559,601
559,606
559,613
559,620
559,646
559,653
559,672
559,687
559,692
559,710
559,736
559,737
559,803
559,830
559,892
559,921
559,929
559,943
559,949
559,976
560,564
560,576
560,582
560,583
560,611
560,638
560,674
560,684
560,700
560,701
560,706
560,757
560,807
560,848
560,854
560,867
560,879
560,893
560,898
560,909
560,924
560,927
560,989
561,586
561,670
561,740
561,769
561,807
561,858
561,910
561,919
561,990
562,572
562,618
562,624
562,635
562,641
562,657
562,665
562,669
562,683
562,722
562,729
562,730
562,739
562,750
562,763
562,774
562,805
562,816
562,818
562,826
562,836
562,846
562,851
562,874
562,875
562,882
562,888
562,895
562,900
562,904
562,905
562,918
562,931
562,934
562,938
562,944
562,949
562,961
562,968
562,971
562,972
563,567
563,583
563,626
563,641
563,655
563,684
563,693
563,711
563,720
563,740
563,765
563,781
563,787
563,834
563,836
563,842
563,868
563,883
563,896
563,900
563,958
563,983
563,992
564,569
564,658
564,681
564,695
564,697
564,699
564,700
564,706
564,721
564,760
564,792
564,793
564,807
564,811
564,821
564,835
564,847
564,848
564,890
564,893
564,897
564,901
564,906
564,909
564,925
564,939
564,966
564,984
565,574
565,582
565,595
565,603
565,611
565,620
565,633
565,670
565,706
565,712
565,714
565,722
565,750
565,821
565,851
565,867
565,903
565,931
565,932
565,939
565,941
565,956
565,976
565,984
565,989
566,571
566,588
566,605
566,610
566,618
566,624
566,632
566,678
566,701
566,736
566,737
566,750
566,764
566,796
566,801
566,806
566,807
566,879
566,881
566,889
566,903
566,907
566,951
566,964
566,995
567,595
567,609
567,641
567,653
567,669
567,696
567,720
567,729
567,730
567,793
567,818
567,828
567,870
567,944
567,949
567,950
567,961
568,687
568,691
568,765
568,773
568,795
568,833
568,917
568,975
568,986
569,602
569,620
569,663
569,697
569,703
569,709
569,715
569,717
569,732
569,774
569,777
569,811
569,819
569,840
569,845
569,854
569,892
569,903
569,911
569,942
569,966
569,974
569,982
569,987
570,672
570,696
570,739
570,774
570,790
570,851
570,853
570,865
570,894
571,587
571,627
571,647
571,677
571,714
571,736
571,742
571,753
571,769
571,799
571,826
571,854
571,888
571,897
571,907
571,943
571,955
571,959
571,964
572,597
572,653
572,660
572,689
572,722
572,745
572,787
572,790
572,797
572,818
572,822
572,844
572,893
573,594
573,596
573,654
573,663
573,689
573,759
573,770
573,784
573,811
573,847
573,854
573,856
573,911
574,580
574,610
574,645
574,658
574,677
574,686
574,710
574,719
574,724
574,737
574,742
574,744
574,748
574,757
574,770
574,772
574,786
574,791
574,838
574,844
574,863
574,866
574,887
574,933
574,936
574,943
574,951
574,957
574,962
575,609
575,633
575,651
575,716
575,720
575,729
575,769
575,774
575,796
575,816
575,827
575,836
575,846
575,877
575,895
575,905
575,906
575,926
575,937
576,631
576,712
576,734
576,740
576,807
576,819
576,898
576,902
576,914
576,920
576,966
577,587
577,597
577,637
577,644
577,677
577,715
577,736
577,746
577,752
577,773
577,778
577,792
577,795
577,820
577,850
577,851
577,897
577,903
577,935
577,964
577,975
577,986
578,622
578,661
578,668
578,686
578,710
578,779
578,795
578,808
578,817
578,842
578,903
579,591
579,600
579,601
579,621
579,624
579,626
579,789
579,794
579,799
579,827
579,846
579,855
579,868
579,872
579,913
579,925
579,986
580,646
580,656
580,712
580,783
580,803
580,810
580,840
580,846
580,866
580,870
580,928
580,933
580,936
580,962
580,978
581,582
581,652
581,731
581,784
581,795
581,802
581,893
581,909
581,939
581,986
581,989
581,994
582,684
582,688
582,706
582,729
582,731
582,750
582,769
582,775
582,785
582,819
582,821
582,837
582,854
582,867
582,896
582,923
582,936
583,658
583,687
583,746
583,765
583,809
583,831
583,834
583,886
583,909
583,922
583,939
583,958
583,989
584,687
584,703
584,819
584,859
584,893
585,621
585,624
585,658
585,686
585,691
585,712
585,773
585,781
585,798
585,811
585,842
585,889
585,943
586,630
586,633
586,670
586,685
586,688
586,726
586,740
586,762
586,775
586,794
586,807
586,848
586,860
586,863
586,877
586,906
586,909
586,956
586,967
586,970
586,986
587,594
587,599
587,627
587,636
587,644
587,669
587,701
587,736
587,776
587,781
587,789
587,794
587,804
587,828
587,880
587,912
587,918
587,919
587,921
587,922
587,925
587,937
587,938
587,942
587,964
587,984
587,986
588,632
588,669
588,683
588,730
588,763
588,787
588,796
588,803
588,843
588,863
588,913
588,939
588,955
589,590
589,599
589,613
589,628
589,634
589,647
589,665
589,680
589,683
589,694
589,697
589,710
589,713
589,728
589,736
589,752
589,753
589,757
589,772
589,777
589,796
589,824
589,830
589,892
589,943
589,949
589,964
589,997
590,606
590,609
590,647
590,673
590,679
590,683
590,684
590,707
590,710
590,722
590,741
590,747
590,753
590,761
590,796
590,824
590,830
590,836
590,849
590,892
590,905
590,929
590,943
590,949
590,997
591,621
591,679
591,751
591,778
591,794
591,804
591,829
591,868
591,872
591,879
591,880
591,896
591,935
591,942
591,945
591,971
591,992
592,606
592,645
592,680
592,737
592,744
592,757
592,759
592,791
592,856
592,876
592,881
592,889
592,946
592,959
593,624
593,635
593,648
593,659
593,685
593,690
593,693
593,717
593,723
593,786
593,795
593,808
593,828
593,836
593,846
593,870
593,886
593,896
593,919
593,971
593,980
594,627
594,704
594,755
594,803
594,804
594,855
594,875
594,878
594,889
594,926
594,938
595,608
595,641
595,644
595,665
595,690
595,714
595,720
595,729
595,754
595,774
595,816
595,828
595,870
595,876
595,882
595,895
595,903
595,926
595,932
595,941
595,952
595,961
596,662
596,663
596,692
596,695
596,700
596,724
596,750
596,807
596,901
596,983
597,687
597,743
597,894
597,918
597,919
598,616
598,642
598,651
598,695
598,702
598,717
598,757
598,786
598,794
598,934
598,955
598,962
598,975
599,604
599,609
599,616
599,637
599,665
599,671
599,683
599,690
599,710
599,725
599,729
599,739
599,764
599,766
599,772
599,774
599,777
599,785
599,786
599,796
599,802
599,806
599,824
599,826
599,839
599,843
599,851
599,865
599,870
599,874
599,884
599,892
599,909
599,921
599,922
599,926
599,934
599,955
599,974
599,979
600,603
600,610
600,620
600,621
600,622
600,640
600,679
600,703
600,705
600,711
600,780
600,800
600,813
600,862
600,872
600,945
601,607
601,659
601,691
601,773
601,778
601,786
601,800
601,855
601,862
601,873
601,883
601,898
601,912
602,745
602,748
602,758
602,781
602,783
602,817
602,839
602,852
602,856
602,866
602,923
602,933
602,941
602,955
603,605
603,617
603,619
603,658
603,659
603,667
603,682
603,716
603,723
603,727
603,733
603,765
603,793
603,794
603,797
603,798
603,814
603,817
603,841
603,849
603,873
603,885
603,887
603,912
603,991
603,992
604,606
604,621
604,646
604,669
604,677
604,695
604,707
604,713
604,715
604,729
604,745
604,748
604,777
604,791
604,810
604,822
604,827
604,836
604,839
604,852
604,861
604,871
604,906
604,928
604,941
604,947
604,978
604,982
605,607
605,614
605,636
605,649
605,674
605,727
605,764
605,789
605,792
605,817
605,841
605,862
605,880
605,890
605,912
606,608
606,614
606,630
606,643
606,652
606,664
606,671
606,677
606,695
606,723
606,737
606,741
606,744
606,747
606,759
606,763
606,777
606,782
606,799
606,806
606,810
606,827
606,840
606,852
606,885
606,928
606,932
606,936
606,946
606,959
606,978
606,987
607,617
607,649
607,708
607,718
607,778
607,800
607,885
607,912
607,950
608,672
608,680
608,713
608,718
608,904
608,958
608,973
609,616
609,633
609,639
609,653
609,654
609,665
609,683
609,684
609,710
609,722
609,731
609,741
609,745
609,753
609,757
609,764
609,796
609,805
609,806
609,809
609,832
609,842
609,845
609,851
609,854
609,855
609,900
609,901
609,909
609,919
609,925
609,932
609,934
609,944
609,949
609,955
609,964
609,976
610,618
610,638
610,667
610,669
610,697
610,730
610,743
610,786
610,792
610,874
610,885
610,903
610,909
610,917
610,963
610,984
610,986
610,991
610,999
611,615
611,644
611,652
611,671
611,695
611,726
611,742
611,793
611,821
611,837
611,867
611,901
611,914
611,916
611,917
611,962
611,965
612,617
612,716
612,732
612,733
612,765
612,777
612,788
612,831
612,851
612,879
612,908
612,915
612,950
612,983
613,623
613,628
613,629
613,634
613,673
613,683
613,702
613,710
613,714
613,736
613,753
613,757
613,781
613,805
613,830
613,928
613,943
613,972
613,993
613,995
614,622
614,631
614,636
614,667
614,679
614,721
614,727
614,730
614,792
614,796
614,805
614,817
614,820
614,835
614,841
614,849
614,909
614,915
614,948
614,954
614,965
614,991
615,644
615,655
615,673
615,694
615,747
615,830
615,838
615,856
615,876
615,892
615,904
615,976
615,987
615,997
616,647
616,653
616,654
616,659
616,677
616,683
616,725
616,754
616,797
616,798
616,830
616,833
616,874
616,929
616,943
616,949
616,964
616,976
617,622
617,627
617,649
617,674
617,691
617,705
617,733
617,743
617,778
617,794
617,795
617,798
617,799
617,815
617,835
617,873
617,883
617,891
617,897
617,913
617,934
617,987
617,995
618,625
618,627
618,637
618,639
618,644
618,645
618,665
618,674
618,686
618,705
618,710
618,736
618,752
618,772
618,776
618,794
618,813
618,814
618,824
618,833
618,836
618,839
618,851
618,856
618,883
618,894
618,900
618,902
618,903
618,910
618,917
618,929
618,948
618,967
618,971
618,981
618,991
619,631
619,637
619,718
619,734
619,771
619,847
619,897
619,963
620,630
620,635
620,648
620,680
620,689
620,692
620,704
620,722
620,729
620,739
620,774
620,787
620,822
620,838
620,843
620,850
620,882
620,887
620,964
620,968
621,637
621,673
621,674
621,690
621,751
621,795
621,817
621,850
621,868
621,872
621,878
621,913
621,925
622,708
622,789
622,794
622,795
622,815
622,992
623,631
623,657
623,702
623,706
623,732
623,777
623,781
623,802
623,827
623,834
623,837
623,879
623,890
623,891
623,924
623,939
623,966
623,984
623,985
623,989
624,708
624,723
624,729
624,733
624,754
624,829
624,842
624,915
624,950
624,961
625,633
625,644
625,645
625,675
625,679
625,701
625,728
625,737
625,755
625,773
625,781
625,809
625,846
625,851
625,868
625,912
625,918
625,949
626,637
626,658
626,674
626,685
626,691
626,705
626,789
626,799
626,804
626,810
626,813
626,814
626,873
626,892
626,899
626,900
626,913
626,921
626,925
626,948
626,955
626,986
627,637
627,649
627,675
627,681
627,708
627,714
627,716
627,776
627,821
627,851
627,855
627,867
627,874
627,877
627,889
627,900
627,921
627,925
627,952
627,984
628,656
628,673
628,692
628,703
628,709
628,737
628,744
628,747
628,754
628,762
628,777
628,791
628,824
628,892
628,936
628,960
628,993
629,673
629,684
629,714
629,730
629,750
629,757
629,761
629,786
629,807
629,810
629,821
629,839
629,886
629,897
629,937
629,972
629,976
629,984
629,993
630,649
630,652
630,695
630,749
630,807
630,869
630,871
630,879
630,906
630,914
630,942
630,986
631,638
631,643
631,712
631,716
631,765
631,768
631,779
631,796
631,801
631,814
631,819
631,821
631,859
631,885
631,920
631,923
631,940
631,963
631,977
631,995
632,634
632,637
632,650
632,673
632,692
632,749
632,805
632,821
632,863
632,897
632,900
633,635
633,665
633,689
633,690
633,720
633,722
633,738
633,739
633,766
633,781
633,803
633,805
633,816
633,818
633,843
633,846
633,858
633,870
633,895
633,921
633,926
633,932
633,934
633,941
633,961
633,968
633,972
633,995
634,674
634,675
634,714
634,753
634,764
634,784
634,826
634,851
634,870
634,975
635,641
635,649
635,657
635,689
635,704
635,754
635,795
635,816
635,870
635,895
635,905
635,952
635,971
635,986
636,716
636,768
636,778
636,815
636,867
636,900
636,912
636,984
636,993
637,674
637,682
637,687
637,733
637,773
637,780
637,788
637,791
637,839
637,875
637,900
637,945
637,953
637,970
637,991
637,995
638,681
638,698
638,721
638,757
638,771
638,868
638,927
638,967
638,991
639,647
639,648
639,655
639,736
639,806
639,816
639,824
639,855
639,875
639,896
639,900
639,921
639,938
639,968
640,716
640,773
640,815
640,845
640,872
640,873
640,897
640,902
640,952
641,665
641,684
641,685
641,704
641,720
641,722
641,816
641,828
641,855
641,858
641,880
641,884
641,895
641,926
641,944
641,961
641,970
642,671
642,703
642,717
642,745
642,777
642,782
642,810
642,814
642,861
642,957
642,993
643,664
643,669
643,671
643,703
643,741
643,745
643,774
643,785
643,856
643,886
643,943
643,957
644,665
644,684
644,694
644,701
644,721
644,730
644,739
644,761
644,774
644,787
644,806
644,816
644,826
644,832
644,851
644,856
644,870
644,884
644,895
644,900
644,903
644,911
644,919
644,921
644,934
644,941
644,948
644,949
644,955
644,976
644,998
645,647
645,711
645,752
645,756
645,784
645,803
645,850
645,890
645,905
645,917
645,921
645,925
645,931
645,959
646,656
646,677
646,737
646,740
646,753
646,758
646,810
646,828
646,840
646,845
646,856
646,861
646,866
646,901
646,928
646,947
646,974
647,683
647,721
647,736
647,748
647,753
647,755
647,764
647,772
647,784
647,790
647,826
647,833
647,836
647,850
647,856
647,872
647,878
647,884
647,893
647,903
647,907
647,924
647,925
647,934
647,949
647,962
647,964
648,657
648,693
648,697
648,723
648,774
648,816
648,836
648,925
648,938
648,971
648,979
648,996
649,659
649,667
649,674
649,682
649,715
649,716
649,727
649,752
649,762
649,778
649,792
649,795
649,813
649,814
649,836
649,841
649,849
649,862
649,868
649,877
649,912
649,948
649,949
649,992
650,652
650,734
650,769
650,837
650,924
651,659
651,708
651,755
651,763
651,797
651,803
651,846
651,850
651,855
651,876
651,877
651,959
651,979
652,699
652,706
652,735
652,807
652,841
652,847
652,848
652,856
652,859
652,893
652,958
652,963
652,967
652,986
652,989
652,991
653,655
653,669
653,719
653,724
653,732
653,796
653,822
653,838
653,846
653,851
653,853
653,856
653,876
653,881
653,925
653,979
653,997
654,672
654,678
654,697
654,710
654,742
654,777
654,811
654,839
654,854
654,871
654,907
654,911
654,914
654,916
654,941
654,942
654,943
654,984
655,760
655,764
655,796
655,843
655,854
655,878
655,921
655,932
655,938
655,959
655,974
655,993
655,996
656,665
656,677
656,703
656,715
656,745
656,758
656,772
656,840
656,845
656,861
656,862
656,928
656,933
656,947
656,968
656,974
656,982
656,985
657,705
657,711
657,735
657,739
657,791
657,816
657,819
657,826
657,836
657,846
657,849
657,850
657,926
657,937
657,949
657,967
657,981
657,988
657,996
658,659
658,676
658,687
658,690
658,757
658,795
658,801
658,804
658,806
658,825
658,831
658,834
658,835
658,849
658,865
658,871
658,879
658,885
658,909
658,910
658,917
658,923
658,927
658,939
658,940
658,948
658,958
658,963
658,967
658,984
659,674
659,700
659,705
659,716
659,727
659,767
659,778
659,789
659,794
659,813
659,841
659,842
659,872
659,873
659,887
659,899
659,913
659,915
659,919
659,949
659,950
659,986
660,689
660,774
660,787
660,790
660,818
660,838
660,843
660,866
660,887
660,968
661,692
661,723
661,733
661,737
661,773
661,821
661,830
661,962
662,685
662,697
662,743
662,765
662,789
662,821
662,883
662,917
662,930
662,958
663,678
663,726
663,734
663,787
663,811
663,825
663,856
663,857
663,868
663,878
663,906
663,911
663,916
663,929
663,942
663,953
663,960
664,692
664,710
664,759
664,782
664,827
664,831
664,840
664,933
664,936
664,941
664,957
664,962
665,669
665,689
665,694
665,717
665,722
665,730
665,777
665,781
665,804
665,806
665,816
665,838
665,839
665,843
665,851
665,883
665,907
665,926
665,937
665,944
665,949
666,769
666,807
666,866
666,933
666,978
666,982
666,985
667,676
667,708
667,735
667,765
667,778
667,794
667,795
667,804
667,814
667,820
667,865
667,875
667,883
667,885
667,914
667,977
667,999
668,702
668,717
668,742
668,749
668,766
668,769
668,778
668,802
668,845
668,867
668,903
668,993
669,683
669,696
669,710
669,713
669,717
669,720
669,722
669,738
669,739
669,747
669,772
669,774
669,803
669,806
669,816
669,846
669,851
669,854
669,865
669,900
669,907
669,922
669,926
669,931
669,934
669,938
669,944
669,949
669,955
669,964
669,979
670,688
670,706
670,714
670,731
670,734
670,781
670,795
670,798
670,801
670,807
670,821
670,831
670,834
670,847
670,890
670,914
670,956
670,977
671,703
671,717
671,729
671,737
671,744
671,745
671,748
671,777
671,839
671,865
671,868
671,874
671,879
671,904
671,936
671,947
672,684
672,688
672,732
672,736
672,749
672,784
672,794
672,890
672,895
672,897
672,921
673,692
673,712
673,747
673,753
673,807
673,821
673,833
673,901
673,931
674,679
674,682
674,705
674,708
674,750
674,789
674,798
674,799
674,855
674,856
674,868
674,873
674,883
674,899
674,925
674,936
675,716
675,765
675,776
675,808
675,812
675,813
676,728
676,765
676,835
676,849
676,885
676,917
676,927
676,965
676,989
677,696
677,713
677,724
677,741
677,745
677,759
677,784
677,827
677,845
677,849
677,861
677,871
677,877
677,892
677,907
677,916
677,928
677,932
677,933
677,936
677,938
677,941
677,943
677,987
678,688
678,766
678,845
678,861
678,863
678,871
678,909
678,911
678,919
678,942
678,960
678,962
679,686
679,688
679,711
679,773
679,785
679,789
679,808
679,816
679,841
679,842
679,955
680,701
680,744
680,747
680,772
680,791
680,830
680,889
680,918
680,946
680,961
680,973
680,984
680,997
681,706
681,760
681,767
681,850
681,872
681,941
681,984
682,705
682,716
682,727
682,778
682,793
682,794
682,801
682,862
682,894
682,900
682,925
682,969
682,986
682,992
683,710
683,717
683,725
683,731
683,753
683,772
683,796
683,805
683,824
683,836
683,851
683,852
683,856
683,863
683,865
683,885
683,907
683,928
683,931
683,934
683,941
683,949
683,976
683,998
684,700
684,702
684,710
684,717
684,732
684,736
684,739
684,749
684,757
684,780
684,786
684,810
684,812
684,822
684,849
684,863
684,877
684,893
684,895
684,929
684,935
684,951
684,953
684,955
684,973
684,975
684,976
685,743
685,765
685,778
685,785
685,808
685,855
685,917
685,921
685,938
685,952
685,995
685,999
686,701
686,706
686,756
686,781
686,789
686,791
686,836
686,876
686,902
686,913
686,938
687,735
687,869
687,878
687,917
687,930
687,966
687,991
687,995
688,695
688,697
688,706
688,746
688,775
688,807
688,833
688,848
688,854
688,901
688,906
688,953
689,797
689,798
689,812
689,816
689,822
689,845
689,846
689,882
690,711
690,722
690,754
690,805
690,809
690,880
690,887
690,895
690,896
690,920
690,932
690,962
690,987
691,727
691,733
691,751
691,783
691,787
691,799
691,894
691,897
691,900
691,909
691,913
691,932
691,969
691,980
692,703
692,724
692,749
692,753
692,759
692,764
692,782
692,798
692,811
692,826
692,856
692,857
692,892
692,905
692,929
692,935
692,943
692,957
692,973
692,982
693,723
693,781
693,842
693,855
693,880
693,896
693,947
694,713
694,717
694,730
694,744
694,753
694,755
694,758
694,777
694,802
694,810
694,832
694,840
694,875
694,907
694,933
694,934
694,941
694,947
694,973
694,974
694,976
695,700
695,706
695,726
695,760
695,831
695,867
695,871
695,877
695,901
695,906
695,914
695,928
696,737
696,739
696,754
696,790
696,850
696,854
696,870
696,897
696,907
696,941
696,944
696,959
696,964
696,968
697,728
697,729
697,732
697,740
697,750
697,760
697,779
697,785
697,817
697,820
697,823
697,834
697,835
697,841
697,863
697,867
697,888
697,890
697,909
697,910
697,935
697,966
697,967
697,970
697,984
697,986
697,991
698,735
698,743
698,765
698,771
698,776
698,783
698,841
698,848
698,885
698,997
699,745
699,750
699,767
699,785
699,794
699,835
699,837
699,889
699,893
699,898
699,963
699,989
699,990
700,726
700,750
700,769
700,786
700,840
700,859
700,877
700,900
700,965
700,991
701,736
701,781
701,789
701,842
701,855
701,878
701,900
701,921
701,938
701,942
701,952
701,959
701,971
701,992
702,757
702,772
702,784
702,802
702,863
702,916
702,975
703,709
703,714
703,719
703,741
703,745
703,777
703,784
703,814
703,827
703,839
703,854
703,893
703,903
703,904
703,919
703,928
703,936
703,941
703,943
703,946
703,957
704,738
704,786
704,828
704,882
704,961
704,968
705,714
705,716
705,753
705,768
705,793
705,794
705,800
705,813
705,814
705,834
705,862
705,868
705,899
705,903
705,912
705,925
705,992
706,713
706,726
706,757
706,821
706,831
706,837
706,900
706,909
706,930
706,948
706,954
706,967
706,975
706,989
706,995
707,710
707,758
707,777
707,791
707,807
707,810
707,827
707,852
707,892
707,928
707,934
707,982
708,717
708,768
708,774
708,794
708,872
708,896
709,791
709,839
709,856
709,957
710,722
710,730
710,772
710,824
710,865
710,880
710,892
710,925
710,934
710,964
710,975
710,976
711,730
711,733
711,776
711,789
711,805
711,829
711,842
711,879
711,903
711,917
711,921
711,952
712,726
712,746
712,749
712,885
712,893
712,909
712,917
712,927
712,986
713,722
713,739
713,740
713,748
713,764
713,772
713,810
713,813
713,839
713,840
713,871
713,881
713,903
713,922
713,933
713,941
713,974
713,985
714,738
714,753
714,757
714,764
714,810
714,812
714,836
714,857
714,931
714,993
715,717
715,758
715,827
715,836
715,845
715,852
715,911
715,960
715,978
716,727
716,793
716,794
716,799
716,800
716,809
716,813
716,841
716,862
716,872
716,880
716,909
716,949
716,970
716,986
717,732
717,742
717,745
717,752
717,756
717,757
717,764
717,786
717,791
717,796
717,798
717,802
717,821
717,826
717,835
717,842
717,854
717,856
717,874
717,917
717,920
717,944
717,965
717,984
717,992
717,993
718,721
718,760
718,768
718,771
718,814
718,894
718,915
718,927
718,948
718,967
718,984
719,787
719,832
719,856
719,941
719,951
720,730
720,806
720,816
720,842
720,885
720,895
720,898
720,926
720,932
720,961
720,970
720,993
720,996
721,771
721,814
721,817
721,820
721,836
721,841
721,849
721,885
721,893
721,923
721,954
722,730
722,738
722,790
722,816
722,828
722,842
722,843
722,865
722,882
722,895
722,921
722,926
722,931
722,944
722,968
722,970
722,997
723,781
723,803
723,826
723,830
723,855
723,871
723,876
723,921
723,938
723,949
723,977
724,778
724,787
724,809
724,823
724,869
724,901
724,941
724,974
724,990
724,998
725,770
725,796
725,812
725,851
725,874
725,879
725,892
725,924
725,937
726,731
726,742
726,762
726,769
726,781
726,797
726,802
726,821
726,826
726,848
726,867
726,891
726,914
726,984
727,733
727,746
727,778
727,804
727,849
727,889
727,896
727,912
727,969
727,980
728,752
728,792
728,834
728,852
728,879
728,917
728,925
728,949
728,967
728,984
728,990
728,995
729,803
729,816
729,818
729,822
729,846
729,919
729,968
729,970
730,736
730,738
730,797
730,816
730,822
730,838
730,865
730,872
730,903
730,919
730,926
730,931
730,944
730,970
730,971
730,979
731,732
731,807
731,815
731,819
731,839
731,847
731,852
731,898
731,900
731,903
731,915
731,923
731,967
731,976
731,977
731,983
731,986
731,990
732,749
732,750
732,761
732,784
732,786
732,863
732,897
732,903
732,916
732,946
732,975
733,735
733,766
733,773
733,780
733,873
733,875
733,896
733,917
733,918
733,986
733,991
734,737
734,743
734,760
734,769
734,798
734,837
734,859
734,894
734,901
734,902
734,920
734,931
734,965
734,990
735,761
735,764
735,794
735,814
735,883
735,893
735,910
735,995
735,999
736,756
736,761
736,779
736,821
736,846
736,855
736,878
736,914
736,943
736,949
736,964
736,984
737,744
737,753
737,757
737,759
737,791
737,810
737,839
737,878
737,881
737,913
737,934
737,936
737,946
737,988
738,753
738,816
738,836
738,851
738,870
738,911
738,944
738,981
739,753
739,763
739,806
739,807
739,841
739,843
739,844
739,846
739,851
739,855
739,863
739,865
739,874
739,884
739,912
739,921
739,925
739,931
739,934
739,938
739,944
739,976
740,742
740,772
740,786
740,801
740,807
740,819
740,863
740,878
740,898
740,900
740,906
740,913
740,943
740,983
740,990
740,994
741,745
741,749
741,753
741,774
741,777
741,826
741,827
741,839
741,854
741,886
741,888
741,936
741,946
741,957
741,960
741,974
741,975
742,749
742,750
742,784
743,765
743,798
743,799
743,885
743,918
743,925
743,930
743,962
743,984
743,987
744,745
744,759
744,772
744,839
744,854
744,871
744,881
744,904
744,928
744,929
744,934
744,946
744,957
744,973
745,758
745,770
745,777
745,782
745,807
745,810
745,824
745,827
745,839
745,845
745,943
745,957
745,962
746,765
746,773
746,814
746,817
746,821
746,823
746,891
746,898
746,911
746,962
746,963
746,991
747,761
747,798
747,854
747,856
747,892
747,904
747,932
747,956
747,973
747,976
748,761
748,782
748,827
748,840
748,861
748,866
748,928
748,941
748,947
748,978
748,987
749,752
749,766
749,782
749,784
749,791
749,833
749,839
749,890
749,914
749,962
749,963
749,988
749,993
750,753
750,767
750,792
750,801
750,802
750,819
750,821
750,824
750,839
750,854
750,874
750,914
750,917
750,925
751,778
751,789
751,799
751,803
751,808
751,815
751,842
751,945
751,994
752,776
752,792
752,863
752,888
752,935
752,970
753,764
753,784
753,824
753,846
753,857
753,900
753,903
753,907
753,928
753,931
753,936
753,941
753,942
753,943
753,944
753,949
753,951
753,981
753,988
754,757
754,805
754,971
754,997
755,819
755,830
755,835
755,863
755,885
755,894
755,917
755,924
755,951
756,797
756,804
756,829
756,842
756,847
756,939
756,970
756,976
757,764
757,766
757,791
757,809
757,811
757,826
757,850
757,896
757,916
757,951
757,955
757,987
757,988
757,991
757,993
758,759
758,772
758,782
758,810
758,852
758,857
758,886
758,947
758,957
758,965
758,976
758,982
758,985
759,782
759,783
759,839
759,857
759,866
759,888
759,987
760,769
760,854
760,856
760,929
760,935
761,772
761,778
761,824
761,830
761,832
761,851
761,856
761,857
761,881
761,904
761,970
761,973
761,976
762,767
762,845
762,859
762,864
762,911
762,940
763,774
763,847
763,853
763,931
763,972
763,979
764,797
764,824
764,836
764,944
764,955
764,975
764,988
765,771
765,780
765,792
765,795
765,798
765,823
765,846
765,848
765,883
765,896
765,909
765,917
765,935
765,940
765,983
765,995
766,777
766,837
766,840
766,845
766,852
766,854
766,912
766,942
766,960
766,962
767,786
767,792
767,831
767,835
767,848
767,855
767,890
767,899
767,910
767,917
767,948
767,984
768,773
768,793
768,800
768,862
768,872
768,878
768,891
769,808
769,837
769,857
769,867
769,869
769,930
769,997
770,783
770,837
770,866
770,982
771,801
771,893
771,898
771,927
772,814
772,824
772,830
772,832
772,851
772,856
772,874
772,892
772,895
772,904
772,907
772,922
772,934
772,941
772,943
772,949
772,973
772,976
772,993
773,794
773,795
773,797
773,831
773,878
773,900
773,903
773,910
773,925
773,938
774,784
774,787
774,790
774,797
774,816
774,818
774,828
774,836
774,843
774,846
774,851
774,872
774,880
774,882
774,900
774,919
774,922
774,931
774,968
774,970
774,972
775,801
775,847
775,860
775,864
775,902
775,906
775,989
775,990
775,994
776,809
776,836
776,855
776,862
776,879
776,894
776,900
776,938
776,952
776,995
777,789
777,791
777,798
777,810
777,816
777,839
777,845
777,852
777,854
777,870
777,895
777,903
777,910
777,921
777,941
777,942
777,946
777,957
777,998
778,872
778,903
778,912
778,925
778,937
778,969
779,795
779,815
779,823
779,836
779,849
779,885
779,889
779,898
779,907
779,925
779,967
779,973
779,983
779,986
780,795
780,801
780,805
780,817
780,819
780,820
780,834
780,849
780,873
780,883
780,885
780,896
780,897
780,912
780,915
780,923
780,963
780,964
780,999
781,826
781,846
781,853
781,876
781,878
781,885
781,903
781,921
781,946
781,949
781,978
781,995
781,999
782,810
782,850
782,871
782,936
782,985
783,866
783,928
783,957
783,982
784,821
784,854
784,869
784,892
784,906
784,917
784,924
784,927
784,935
784,951
784,960
784,977
784,989
785,830
785,834
785,867
785,891
786,802
786,809
786,841
786,845
786,854
786,862
786,865
786,869
786,871
786,875
786,886
786,893
786,897
786,900
786,958
786,964
786,975
786,981
787,818
787,828
787,870
787,907
787,919
787,934
787,997
788,800
788,815
788,853
788,883
788,889
788,917
788,948
789,826
789,829
789,842
789,850
789,896
789,913
789,944
789,945
789,981
789,995
790,828
790,876
790,937
790,941
791,837
791,845
791,871
791,886
791,905
791,911
791,914
791,937
791,941
791,942
791,950
792,834
792,835
792,849
792,864
792,908
792,930
792,935
792,939
792,966
792,970
792,984
792,989
792,991
793,813
793,841
793,867
793,912
793,938
793,947
794,804
794,813
794,815
794,820
794,840
794,841
794,849
794,862
794,903
794,915
794,925
794,926
794,948
794,955
794,957
794,958
794,967
794,986
794,992
795,815
795,820
795,834
795,883
795,901
795,909
795,913
795,917
795,984
795,986
795,995
796,846
796,863
796,880
796,907
796,917
796,955
796,962
796,964
796,968
796,976
797,805
797,816
797,843
797,846
797,881
797,889
797,895
797,932
797,968
797,972
797,995
797,997
798,835
798,875
798,917
798,945
798,983
798,991
799,804
799,849
799,865
799,889
799,899
799,912
799,913
799,918
799,939
799,945
799,981
800,804
800,813
800,862
800,868
800,872
800,896
800,898
801,817
801,821
801,824
801,850
801,854
801,867
801,882
801,883
801,885
801,891
801,898
801,909
801,923
801,927
801,939
801,958
801,967
801,976
801,977
802,807
802,867
802,900
802,909
802,925
802,994
803,805
803,838
803,846
803,851
803,855
803,897
803,913
803,919
803,934
803,938
803,949
803,959
803,974
804,805
804,813
804,815
804,826
804,846
804,888
804,899
804,900
804,925
804,950
804,986
805,858
805,876
805,934
805,968
805,980
805,981
806,833
806,838
806,843
806,852
806,865
806,875
806,907
806,909
806,921
806,926
806,931
806,944
806,955
806,959
806,971
806,972
807,819
807,835
807,847
807,860
807,862
807,864
807,867
807,873
807,877
807,897
807,901
807,903
807,914
807,944
807,953
807,965
807,983
807,991
808,809
808,842
808,872
808,894
808,926
809,833
809,841
809,861
809,914
809,978
810,839
810,840
810,844
810,845
810,849
810,852
810,856
810,861
810,866
810,871
810,916
810,918
810,923
810,928
810,942
810,946
810,947
810,957
810,964
810,985
810,987
811,832
811,901
811,913
811,940
811,945
811,953
811,974
812,824
812,892
812,931
813,849
813,850
813,862
813,872
813,893
813,899
813,909
813,958
813,972
813,980
813,992
813,999
814,824
814,849
814,883
814,885
814,900
814,914
814,915
814,939
814,950
814,956
814,990
814,999
815,820
815,874
815,883
815,913
815,915
815,917
815,954
815,963
815,990
815,992
816,818
816,842
816,858
816,870
816,887
816,894
816,895
816,901
816,914
816,934
816,944
816,949
816,953
816,964
816,968
816,970
816,971
816,972
817,820
817,841
817,900
817,949
817,958
818,831
818,851
818,882
818,934
818,935
819,836
819,893
819,898
819,906
819,920
819,923
819,930
819,939
819,967
819,983
819,989
819,995
820,883
820,914
820,917
820,967
820,986
821,837
821,847
821,848
821,909
821,916
821,939
821,947
821,991
821,992
822,832
822,850
822,853
822,861
822,904
822,917
822,919
822,997
823,864
824,826
824,834
824,851
824,854
824,857
824,865
824,918
824,934
824,949
824,955
824,980
824,985
825,864
825,877
825,906
825,914
825,936
825,974
826,832
826,850
826,879
826,898
826,907
826,921
826,926
826,934
826,949
826,955
826,988
827,839
827,840
827,845
827,852
827,861
827,871
827,878
827,911
827,920
827,946
827,978
827,982
827,987
827,998
828,846
828,856
828,870
828,895
828,905
828,932
828,970
829,842
829,904
829,945
829,956
829,964
829,980
829,996
830,844
830,853
830,856
830,904
830,919
830,933
830,934
830,941
830,973
830,976
830,997
831,834
831,835
831,837
831,841
831,859
831,939
831,991
832,844
832,856
832,866
832,919
832,949
832,976
832,985
833,846
833,863
833,885
833,892
833,894
833,924
833,955
833,984
833,988
833,997
834,835
834,863
834,875
834,879
834,889
834,893
834,909
834,923
834,924
834,935
834,966
834,967
834,975
834,995
835,849
835,860
835,869
835,883
835,910
835,936
835,949
835,984
836,842
836,844
836,845
836,855
836,862
836,878
836,896
836,907
836,912
836,938
836,980
836,992
837,840
837,859
837,864
837,869
837,897
837,914
837,934
837,976
837,982
838,856
838,937
838,944
838,974
839,871
839,911
839,914
839,919
839,955
839,957
839,965
839,976
840,842
840,865
840,866
840,901
840,941
840,943
840,946
840,947
840,972
840,974
840,985
840,998
841,906
841,986
841,992
842,862
842,872
842,873
842,878
842,896
842,899
842,945
842,955
842,974
843,846
843,892
843,926
843,968
843,979
844,845
844,856
844,869
844,884
844,892
844,911
844,926
844,934
845,852
845,860
845,866
845,871
845,877
845,909
845,942
845,943
845,957
845,959
845,978
845,983
845,985
845,987
846,850
846,862
846,886
846,895
846,925
846,931
846,941
846,944
846,959
846,961
846,972
847,865
847,871
847,891
847,893
847,956
847,977
847,990
848,869
848,893
848,924
849,885
849,888
849,909
849,910
849,966
849,967
849,991
849,995
850,895
850,899
850,931
850,937
850,959
850,964
850,972
850,976
851,865
851,879
851,895
851,911
851,921
851,926
851,934
851,937
851,944
851,955
851,958
851,970
851,976
851,984
852,871
852,967
852,978
852,987
852,994
853,931
853,972
854,863
854,942
854,943
854,953
854,955
855,874
855,878
855,889
855,894
855,900
855,907
855,909
855,938
855,995
856,861
856,873
856,881
856,884
856,904
856,909
856,919
856,922
856,926
856,931
856,934
856,941
856,972
856,973
856,974
856,976
857,881
857,886
857,962
857,987
857,993
858,932
859,886
859,893
859,966
859,995
860,877
860,940
860,956
861,957
862,876
862,898
862,909
862,925
862,938
862,953
862,992
863,893
863,899
863,900
863,903
863,913
863,924
864,867
864,898
864,954
864,977
865,874
865,894
865,899
865,906
865,907
865,921
865,949
865,958
865,976
866,871
866,928
866,947
866,985
867,877
867,898
867,906
867,957
867,983
868,912
868,945
868,955
868,969
868,981
868,991
869,897
869,930
870,932
870,968
870,972
870,998
871,916
871,942
871,957
871,987
872,932
872,992
873,944
873,969
873,971
874,904
874,922
874,931
874,934
874,938
874,944
874,976
874,998
875,894
875,935
875,955
875,997
876,887
876,913
876,971
876,972
877,893
877,896
877,909
877,914
877,917
877,953
877,955
877,988
878,879
878,903
878,918
878,919
878,921
878,925
878,949
878,964
878,999
879,907
879,952
880,881
880,883
880,905
880,917
880,953
880,971
881,982
882,934
883,885
883,896
883,901
883,914
883,916
883,926
883,945
883,991
884,919
884,934
885,891
885,893
885,910
885,917
885,939
885,949
885,959
885,975
885,986
885,995
886,888
886,932
886,943
886,960
886,993
888,903
888,909
888,921
888,930
888,964
888,967
888,986
888,995
889,906
889,912
889,921
889,948
890,909
890,935
890,966
891,977
891,989
892,920
892,941
892,946
892,947
892,949
892,976
893,935
893,989
893,998
894,986
895,919
895,926
895,932
895,944
895,968
896,901
896,903
896,905
896,952
896,980
896,986
896,996
897,914
898,909
898,911
898,920
899,900
899,913
900,925
900,955
900,965
900,967
900,984
900,990
901,911
901,913
901,955
902,956
903,917
903,919
903,924
903,963
903,964
903,967
903,979
903,995
904,922
904,929
904,934
904,937
904,976
904,988
904,993
904,997
905,926
905,937
905,945
905,972
906,914
906,956
907,928
907,943
907,949
907,955
907,964
908,910
908,927
908,940
908,955
908,967
908,982
909,927
909,928
909,939
909,947
909,958
909,989
910,963
910,964
911,942
911,947
912,950
912,995
913,921
913,952
914,916
914,956
914,957
914,965
914,975
915,923
915,954
915,999
916,930
916,953
916,965
916,988
917,925
917,969
917,986
917,999
919,934
919,976
920,935
920,977
921,935
921,955
923,928
923,967
924,935
925,958
925,967
925,971
925,979
925,984
925,986
925,992
925,994
926,970
927,958
927,991
928,941
928,947
928,982
928,985
928,993
929,987
930,995
931,935
931,964
931,979
932,961
932,964
933,946
933,982
933,985
933,987
934,938
934,943
934,949
934,955
934,973
934,976
934,984
935,988
936,962
936,973
936,993
937,949
937,968
938,952
938,996
939,966
939,989
940,990
941,944
941,947
941,957
941,973
941,974
941,985
941,995
941,997
941,998
942,955
942,975
942,987
943,949
943,955
943,957
943,964
943,973
943,976
943,978
943,981
943,988
944,949
944,955
944,959
944,970
945,978
946,957
946,975
946,976
947,974
948,958
948,967
948,995
949,955
949,970
949,979
949,995
949,997
952,959
952,975
952,980
952,981
953,965
953,976
953,994
954,980
954,985
954,997
955,964
955,976
955,982
955,988
955,996
957,961
957,973
957,987
957,995
958,967
959,968
960,965
962,993
964,971
965,984
966,993
967,974
967,988
967,990
967,992
968,972
968,975
968,992
970,972
972,976
973,976
973,983
975,984
975,991
976,997
977,992
981,996
982,985
983,989
983,994
984,989
985,987
986,991
987,995
989,990
991,995
993,997
