source,target
0,5
0,16
0,34
0,35
0,40
0,46
0,51
0,53
0,58
0,91
0,92
0,95
0,98
0,103
0,111
0,121
0,137
0,152
0,158
0,165
0,176
0,180
0,193
0,200
0,208
0,223
0,224
0,231
0,234
0,243
0,261
0,277
0,283
0,294
0,295
0,298
0,318
0,338
0,371
0,376
0,384
0,418
0,440
0,444
0,465
0,474
0,480
0,498
0,521
0,533
0,538
0,565
0,567
0,580
0,582
0,596
0,610
0,635
0,639
0,643
0,651
0,675
0,710
0,717
0,721
0,722
0,727
0,736
0,759
0,765
0,780
0,817
0,825
0,846
0,853
0,874
0,877
0,882
0,883
0,905
0,915
0,925
0,939
0,951
0,954
0,955
0,979
0,994
1,4
1,7
1,16
1,23
1,33
1,64
1,70
1,108
1,124
1,157
1,201
1,227
1,228
1,230
1,248
1,258
1,281
1,299
1,315
1,343
1,395
1,401
1,407
1,435
1,454
1,495
1,519
1,529
1,533
1,590
1,592
1,600
1,622
1,623
1,640
1,647
1,665
1,705
1,728
1,734
1,740
1,744
1,753
1,757
1,768
1,804
1,828
1,830
1,863
1,901
1,902
1,903
1,905
1,946
1,951
1,972
1,977
1,981
1,997
2,5
2,10
2,34
2,40
2,51
2,61
2,77
2,113
2,121
2,128
2,132
2,136
2,169
2,193
2,195
2,247
2,269
2,290
2,306
2,307
2,314
2,346
2,348
2,355
2,394
2,440
2,441
2,450
2,493
2,499
2,510
2,519
2,532
2,533
2,565
2,589
2,616
2,618
2,626
2,670
2,679
2,708
2,710
2,716
2,717
2,723
2,751
2,808
2,809
2,810
2,866
2,868
2,882
2,897
2,928
2,992
3,17
3,68
3,110
3,123
3,132
3,171
3,172
3,231
3,279
3,381
3,407
3,410
3,411
3,420
3,427
3,556
3,562
3,573
3,588
3,598
3,631
3,664
3,792
3,822
3,844
3,873
3,880
3,901
3,932
3,966
4,15
4,95
4,119
4,126
4,128
4,153
4,178
4,200
4,206
4,209
4,213
4,218
4,236
4,248
4,250
4,311
4,315
4,323
4,325
4,357
4,386
4,389
4,409
4,438
4,441
4,460
4,501
4,517
4,529
4,547
4,562
4,576
4,580
4,583
4,589
4,595
4,596
4,614
4,660
4,665
4,676
4,692
4,705
4,753
4,820
4,846
4,850
4,871
4,884
4,902
4,935
4,966
4,986
4,997
5,23
5,53
5,100
5,108
5,109
5,116
5,121
5,123
5,136
5,138
5,143
5,157
5,160
5,164
5,178
5,182
5,196
5,198
5,262
5,281
5,290
5,299
5,316
5,327
5,334
5,368
5,378
5,384
5,395
5,398
5,408
5,445
5,467
5,476
5,480
5,501
5,520
5,535
5,565
5,578
5,618
5,625
5,635
5,654
5,655
5,657
5,667
5,670
5,674
5,675
5,678
5,682
5,732
5,736
5,759
5,783
5,823
5,830
5,846
5,877
5,883
5,884
5,914
5,925
5,952
5,955
5,990
6,20
6,29
6,35
6,48
6,115
6,123
6,126
6,128
6,148
6,176
6,231
6,245
6,255
6,281
6,288
6,304
6,318
6,327
6,340
6,348
6,383
6,385
6,456
6,470
6,474
6,480
6,492
6,508
6,521
6,538
6,580
6,643
6,647
6,665
6,691
6,712
6,715
6,725
6,761
6,777
6,780
6,804
6,811
6,847
6,897
6,900
6,906
6,918
6,926
6,951
6,961
6,969
6,991
7,16
7,46
7,75
7,100
7,116
7,143
7,145
7,160
7,184
7,227
7,236
7,240
7,286
7,287
7,309
7,322
7,349
7,389
7,404
7,464
7,467
7,489
7,505
7,579
7,589
7,622
7,645
7,672
7,680
7,721
7,739
7,768
7,781
7,783
7,842
7,844
7,866
7,882
7,934
7,952
7,968
7,980
7,982
8,17
8,18
8,30
8,33
8,56
8,57
8,64
8,92
8,172
8,207
8,209
8,215
8,264
8,266
8,289
8,299
8,304
8,309
8,323
8,386
8,400
8,406
8,413
8,417
8,435
8,445
8,469
8,482
8,504
8,508
8,509
8,512
8,518
8,528
8,548
8,564
8,584
8,677
8,683
8,692
8,728
8,733
8,785
8,801
8,802
8,809
8,845
8,857
8,863
8,894
8,905
8,921
8,924
8,946
8,948
8,951
8,967
8,981
8,984
8,988
8,994
8,997
9,15
9,35
9,104
9,123
9,135
9,149
9,157
9,205
9,231
9,233
9,239
9,266
9,289
9,324
9,340
9,344
9,378
9,398
9,456
9,496
9,498
9,501
9,507
9,508
9,580
9,593
9,607
9,617
9,643
9,662
9,682
9,688
9,694
9,715
9,727
9,747
9,755
9,775
9,777
9,810
9,811
9,836
9,847
9,867
9,874
9,876
9,904
9,932
9,961
9,997
10,18
10,23
10,212
10,256
10,287
10,320
10,323
10,331
10,394
10,401
10,454
10,459
10,464
10,479
10,519
10,528
10,592
10,634
10,686
10,687
10,690
10,748
10,797
10,953
10,993
11,31
11,39
11,72
11,83
11,141
11,149
11,167
11,186
11,188
11,222
11,225
11,230
11,281
11,303
11,310
11,375
11,426
11,443
11,518
11,525
11,530
11,554
11,567
11,570
11,586
11,587
11,597
11,606
11,645
11,678
11,706
11,807
11,827
11,834
11,839
11,903
11,914
11,921
11,923
11,931
11,980
11,986
12,18
12,85
12,181
12,183
12,276
12,278
12,330
12,384
12,442
12,445
12,462
12,509
12,531
12,558
12,560
12,628
12,649
12,729
12,733
12,741
12,758
12,836
12,844
12,857
12,863
12,869
12,887
12,888
12,889
12,899
12,926
12,937
12,953
13,15
13,40
13,51
13,77
13,117
13,143
13,149
13,158
13,195
13,199
13,208
13,216
13,219
13,254
13,260
13,268
13,270
13,311
13,321
13,330
13,340
13,346
13,393
13,446
13,463
13,478
13,521
13,539
13,598
13,618
13,622
13,680
13,682
13,685
13,690
13,695
13,732
13,741
13,783
13,798
13,804
13,818
13,846
13,849
13,877
13,880
13,927
13,948
13,987
13,992
13,994
14,19
14,36
14,70
14,131
14,188
14,195
14,201
14,246
14,266
14,309
14,325
14,443
14,485
14,543
14,558
14,564
14,614
14,623
14,635
14,661
14,708
14,827
14,892
14,917
14,951
14,996
15,28
15,36
15,55
15,65
15,68
15,80
15,92
15,136
15,138
15,143
15,144
15,162
15,172
15,213
15,240
15,258
15,278
15,282
15,316
15,319
15,324
15,335
15,340
15,356
15,385
15,387
15,400
15,405
15,409
15,418
15,453
15,479
15,573
15,600
15,615
15,627
15,656
15,694
15,701
15,705
15,719
15,727
15,729
15,759
15,785
15,798
15,800
15,834
15,851
15,877
15,883
15,940
15,947
15,959
15,987
16,46
16,52
16,68
16,76
16,81
16,86
16,90
16,106
16,128
16,134
16,135
16,137
16,143
16,145
16,156
16,165
16,182
16,193
16,194
16,209
16,214
16,224
16,226
16,277
16,285
16,287
16,309
16,312
16,322
16,323
16,350
16,359
16,374
16,378
16,417
16,419
16,453
16,484
16,499
16,505
16,518
16,524
16,535
16,547
16,554
16,566
16,579
16,582
16,598
16,611
16,614
16,620
16,622
16,637
16,644
16,660
16,667
16,675
16,696
16,702
16,703
16,712
16,717
16,746
16,754
16,757
16,772
16,776
16,795
16,849
16,866
16,882
16,951
16,952
16,953
16,986
17,44
17,54
17,64
17,85
17,92
17,111
17,211
17,230
17,248
17,255
17,257
17,260
17,265
17,272
17,275
17,278
17,288
17,289
17,297
17,306
17,323
17,333
17,352
17,358
17,367
17,369
17,383
17,392
17,393
17,410
17,437
17,462
17,482
17,504
17,508
17,525
17,528
17,543
17,558
17,560
17,571
17,580
17,596
17,606
17,612
17,628
17,639
17,643
17,659
17,713
17,766
17,780
17,785
17,802
17,805
17,806
17,814
17,829
17,863
17,871
17,881
17,893
17,931
17,955
17,957
17,967
17,982
17,997
18,31
18,56
18,62
18,64
18,69
18,92
18,119
18,127
18,170
18,193
18,196
18,201
18,210
18,217
18,227
18,242
18,264
18,270
18,280
18,289
18,318
18,327
18,344
18,351
18,354
18,373
18,375
18,392
18,406
18,416
18,421
18,425
18,427
18,429
18,435
18,441
18,479
18,515
18,528
18,548
18,550
18,572
18,574
18,590
18,602
18,612
18,677
18,692
18,706
18,733
18,737
18,764
18,809
18,829
18,845
18,878
18,884
18,886
18,899
18,950
19,54
19,72
19,86
19,154
19,171
19,180
19,222
19,252
19,261
19,273
19,312
19,375
19,530
19,554
19,559
19,570
19,619
19,623
19,629
19,695
19,697
19,701
19,706
19,714
19,722
19,749
19,792
19,852
19,889
19,913
19,919
19,931
19,934
19,951
19,957
20,48
20,84
20,93
20,113
20,126
20,140
20,157
20,164
20,186
20,196
20,211
20,231
20,255
20,288
20,290
20,307
20,324
20,340
20,383
20,385
20,397
20,406
20,420
20,444
20,447
20,452
20,454
20,456
20,491
20,528
20,532
20,546
20,573
20,580
20,595
20,617
20,624
20,628
20,643
20,659
20,694
20,709
20,712
20,715
20,733
20,742
20,754
20,760
20,762
20,770
20,777
20,820
20,845
20,932
20,954
20,961
20,989
20,991
20,997
21,56
21,65
21,85
21,130
21,146
21,168
21,181
21,212
21,242
21,276
21,278
21,291
21,353
21,370
21,390
21,397
21,413
21,479
21,494
21,517
21,635
21,639
21,647
21,687
21,742
21,759
21,778
21,890
22,31
22,34
22,55
22,61
22,143
22,193
22,197
22,204
22,213
22,239
22,326
22,351
22,401
22,444
22,467
22,589
22,600
22,630
22,636
22,644
22,664
22,692
22,736
22,763
22,810
22,813
22,927
22,951
23,24
23,35
23,67
23,123
23,148
23,157
23,163
23,187
23,251
23,268
23,274
23,277
23,281
23,333
23,395
23,439
23,448
23,486
23,510
23,521
23,529
23,573
23,575
23,576
23,577
23,578
23,580
23,584
23,603
23,611
23,641
23,661
23,694
23,716
23,732
23,733
23,736
23,741
23,747
23,754
23,767
23,793
23,834
23,862
23,875
23,877
23,922
23,926
23,939
23,950
23,982
23,988
24,27
24,51
24,53
24,56
24,72
24,73
24,84
24,95
24,128
24,143
24,148
24,153
24,156
24,160
24,167
24,193
24,279
24,290
24,293
24,307
24,311
24,316
24,324
24,344
24,348
24,385
24,398
24,416
24,480
24,487
24,501
24,508
24,510
24,521
24,524
24,528
24,529
24,556
24,572
24,580
24,589
24,591
24,593
24,662
24,670
24,673
24,691
24,708
24,716
24,738
24,740
24,741
24,759
24,766
24,768
24,793
24,798
24,820
24,846
24,847
24,873
24,877
24,882
24,883
24,899
24,915
24,918
24,953
24,954
25,79
25,87
25,195
25,216
25,223
25,231
25,364
25,434
25,438
25,447
25,451
25,494
25,540
25,573
25,582
25,616
25,642
25,684
25,727
25,750
25,754
25,760
25,796
25,806
25,810
25,818
25,867
25,906
25,953
26,35
26,38
26,68
26,89
26,124
26,144
26,162
26,192
26,218
26,287
26,342
26,360
26,362
26,367
26,403
26,432
26,434
26,515
26,528
26,550
26,623
26,656
26,670
26,681
26,697
26,803
26,835
26,860
26,892
26,904
26,920
26,957
26,970
26,987
27,34
27,40
27,44
27,51
27,57
27,87
27,94
27,97
27,132
27,138
27,157
27,164
27,196
27,198
27,199
27,230
27,290
27,301
27,315
27,340
27,348
27,351
27,380
27,395
27,433
27,435
27,438
27,444
27,478
27,479
27,487
27,493
27,520
27,524
27,532
27,565
27,570
27,616
27,617
27,624
27,627
27,633
27,635
27,636
27,658
27,673
27,674
27,694
27,705
27,715
27,720
27,724
27,785
27,787
27,792
27,793
27,800
27,822
27,841
27,883
27,901
27,903
27,922
27,927
27,955
27,958
27,966
27,981
27,982
28,63
28,130
28,184
28,188
28,209
28,235
28,254
28,286
28,322
28,368
28,373
28,415
28,432
28,469
28,503
28,558
28,582
28,586
28,603
28,609
28,614
28,667
28,678
28,697
28,706
28,718
28,737
28,779
28,782
28,799
28,842
28,843
28,879
28,902
28,909
28,912
28,913
28,923
28,944
28,960
29,34
29,58
29,61
29,77
29,91
29,95
29,97
29,105
29,108
29,121
29,125
29,128
29,158
29,165
29,178
29,182
29,199
29,204
29,239
29,258
29,279
29,282
29,307
29,322
29,332
29,350
29,354
29,359
29,375
29,392
29,444
29,446
29,460
29,463
29,478
29,480
29,498
29,569
29,601
29,618
29,672
29,686
29,722
29,734
29,759
29,765
29,771
29,802
29,811
29,834
29,867
29,869
29,911
29,918
29,924
29,940
29,969
29,994
30,57
30,69
30,78
30,92
30,118
30,129
30,139
30,167
30,208
30,210
30,266
30,299
30,349
30,371
30,386
30,404
30,418
30,423
30,466
30,496
30,501
30,504
30,558
30,563
30,574
30,584
30,595
30,650
30,689
30,713
30,766
30,778
30,829
30,892
30,921
30,924
30,963
30,972
30,996
31,54
31,58
31,110
31,112
31,124
31,131
31,133
31,159
31,174
31,175
31,210
31,244
31,264
31,270
31,274
31,284
31,302
31,310
31,336
31,342
31,358
31,366
31,367
31,375
31,376
31,389
31,399
31,415
31,423
31,442
31,443
31,459
31,479
31,488
31,504
31,515
31,529
31,531
31,534
31,535
31,536
31,551
31,586
31,595
31,641
31,656
31,663
31,671
31,678
31,695
31,697
31,713
31,728
31,730
31,739
31,761
31,765
31,794
31,795
31,807
31,843
31,863
31,901
31,919
31,920
31,923
31,962
31,967
31,995
32,34
32,45
32,51
32,61
32,77
32,112
32,113
32,128
32,143
32,148
32,149
32,165
32,188
32,216
32,218
32,247
32,332
32,357
32,398
32,409
32,446
32,458
32,488
32,521
32,532
32,539
32,547
32,556
32,611
32,618
32,654
32,690
32,697
32,707
32,716
32,724
32,725
32,727
32,740
32,777
32,828
32,918
32,927
33,40
33,60
33,75
33,91
33,124
33,145
33,177
33,183
33,220
33,223
33,231
33,236
33,239
33,246
33,266
33,281
33,345
33,398
33,406
33,410
33,414
33,418
33,420
33,427
33,432
33,482
33,501
33,571
33,576
33,607
33,665
33,742
33,761
33,767
33,793
33,805
33,845
33,863
33,869
33,874
33,921
33,931
33,952
33,986
34,40
34,44
34,45
34,51
34,53
34,54
34,57
34,67
34,77
34,78
34,86
34,112
34,115
34,126
34,128
34,137
34,141
34,143
34,151
34,152
34,160
34,165
34,182
34,186
34,190
34,234
34,242
34,258
34,262
34,265
34,269
34,275
34,277
34,282
34,290
34,305
34,306
34,307
34,321
34,332
34,337
34,355
34,371
34,385
34,399
34,406
34,408
34,416
34,431
34,441
34,446
34,448
34,467
34,478
34,493
34,510
34,521
34,532
34,539
34,540
34,565
34,572
34,581
34,608
34,610
34,618
34,619
34,662
34,670
34,680
34,708
34,716
34,722
34,723
34,727
34,740
34,746
34,748
34,760
34,761
34,765
34,768
34,775
34,783
34,786
34,793
34,794
34,804
34,810
34,822
34,846
34,862
34,877
34,903
34,925
34,931
34,948
34,977
34,983
34,989
35,48
35,64
35,79
35,92
35,123
35,157
35,163
35,178
35,186
35,211
35,231
35,233
35,239
35,278
35,292
35,300
35,344
35,350
35,370
35,383
35,406
35,423
35,441
35,459
35,499
35,508
35,522
35,532
35,538
35,591
35,604
35,613
35,632
35,635
35,637
35,643
35,644
35,657
35,666
35,676
35,685
35,686
35,715
35,736
35,741
35,743
35,761
35,767
35,770
35,796
35,814
35,818
35,819
35,834
35,865
35,867
35,873
35,882
35,887
35,891
35,895
35,899
35,944
35,946
35,947
35,955
35,956
35,969
35,990
36,40
36,69
36,91
36,92
36,115
36,117
36,127
36,172
36,261
36,289
36,297
36,333
36,351
36,356
36,363
36,364
36,384
36,400
36,439
36,462
36,466
36,550
36,712
36,721
36,791
36,816
36,829
36,868
36,890
36,984
37,42
37,48
37,49
37,60
37,88
37,124
37,138
37,155
37,164
37,192
37,278
37,305
37,318
37,340
37,347
37,394
37,398
37,423
37,427
37,428
37,465
37,477
37,493
37,500
37,528
37,531
37,593
37,594
37,651
37,702
37,709
37,748
37,761
37,773
37,778
37,783
37,815
37,818
37,831
37,841
37,856
37,873
37,875
38,45
38,66
38,67
38,75
38,91
38,132
38,134
38,158
38,234
38,261
38,271
38,298
38,391
38,409
38,426
38,427
38,433
38,440
38,453
38,486
38,498
38,594
38,615
38,625
38,710
38,719
38,793
38,814
38,825
38,849
38,896
38,915
38,928
38,938
38,952
38,953
38,986
39,54
39,59
39,63
39,108
39,121
39,131
39,181
39,184
39,188
39,208
39,217
39,228
39,241
39,246
39,254
39,256
39,303
39,320
39,338
39,342
39,343
39,375
39,395
39,396
39,399
39,404
39,412
39,477
39,538
39,550
39,583
39,595
39,610
39,637
39,661
39,663
39,683
39,687
39,696
39,706
39,732
39,760
39,784
39,803
39,857
39,875
39,892
39,893
39,901
39,917
39,943
40,48
40,61
40,87
40,92
40,109
40,115
40,136
40,138
40,145
40,230
40,234
40,236
40,246
40,248
40,268
40,294
40,306
40,307
40,312
40,319
40,334
40,344
40,368
40,381
40,408
40,420
40,428
40,433
40,467
40,519
40,520
40,536
40,586
40,594
40,600
40,610
40,613
40,616
40,627
40,635
40,646
40,740
40,763
40,783
40,800
40,846
40,853
40,854
40,862
40,867
40,871
40,876
40,901
40,910
40,922
40,924
40,943
40,948
40,953
40,966
40,968
41,70
41,83
41,111
41,135
41,139
41,183
41,217
41,229
41,242
41,254
41,255
41,266
41,276
41,291
41,328
41,369
41,377
41,382
41,386
41,387
41,390
41,392
41,400
41,401
41,412
41,418
41,425
41,452
41,462
41,481
41,482
41,489
41,498
41,500
41,522
41,531
41,559
41,564
41,635
41,683
41,733
41,766
41,788
41,801
41,826
41,836
41,881
41,905
41,957
41,964
42,91
42,99
42,238
42,252
42,305
42,321
42,375
42,399
42,431
42,434
42,451
42,469
42,524
42,601
42,671
42,682
42,728
42,730
42,781
42,783
42,820
42,891
42,902
42,939
43,48
43,88
43,89
43,92
43,106
43,119
43,125
43,136
43,164
43,172
43,178
43,187
43,199
43,212
43,231
43,241
43,250
43,323
43,371
43,388
43,410
43,479
43,480
43,496
43,513
43,533
43,583
43,611
43,666
43,701
43,704
43,729
43,742
43,743
43,767
43,783
43,811
43,815
43,820
43,850
43,857
43,862
43,886
43,922
43,946
44,50
44,52
44,54
44,57
44,69
44,74
44,75
44,102
44,171
44,226
44,279
44,281
44,288
44,297
44,304
44,312
44,337
44,350
44,361
44,364
44,372
44,379
44,385
44,418
44,421
44,424
44,429
44,467
44,479
44,496
44,504
44,534
44,543
44,573
44,576
44,593
44,595
44,603
44,628
44,632
44,652
44,702
44,713
44,733
44,743
44,767
44,774
44,814
44,844
44,845
44,862
44,869
44,872
44,881
44,888
44,911
44,927
44,945
44,946
44,977
44,986
44,988
45,58
45,95
45,99
45,156
45,182
45,193
45,202
45,208
45,216
45,282
45,298
45,366
45,372
45,374
45,404
45,409
45,427
45,434
45,440
45,444
45,449
45,463
45,465
45,483
45,497
45,523
45,565
45,579
45,582
45,618
45,619
45,623
45,637
45,638
45,670
45,702
45,710
45,760
45,771
45,797
45,812
45,816
45,826
45,870
45,896
45,915
45,916
45,936
45,953
45,967
45,992
45,994
46,83
46,86
46,112
46,130
46,135
46,145
46,146
46,167
46,193
46,194
46,209
46,224
46,275
46,322
46,343
46,344
46,363
46,368
46,378
46,384
46,419
46,480
46,607
46,614
46,655
46,660
46,702
46,704
46,721
46,739
46,743
46,777
46,805
46,853
46,870
46,882
46,921
47,59
47,62
47,101
47,130
47,170
47,225
47,232
47,237
47,241
47,251
47,280
47,317
47,326
47,359
47,371
47,384
47,396
47,518
47,535
47,536
47,548
47,587
47,614
47,647
47,733
47,738
47,755
47,794
47,836
47,878
47,882
47,885
47,917
47,919
47,923
47,929
47,978
47,982
47,986
47,995
48,53
48,56
48,57
48,70
48,90
48,101
48,123
48,150
48,177
48,178
48,181
48,182
48,317
48,385
48,508
48,600
48,604
48,635
48,685
48,694
48,709
48,747
48,768
48,781
48,805
48,813
48,814
48,848
48,858
48,880
48,887
48,903
48,948
48,986
49,132
49,236
49,308
49,322
49,326
49,334
49,355
49,381
49,529
49,553
49,562
49,576
49,577
49,582
49,600
49,613
49,633
49,665
49,672
49,781
49,786
49,788
49,815
49,818
49,822
49,875
49,881
49,927
49,936
49,942
49,946
49,965
49,974
50,71
50,200
50,258
50,295
50,304
50,317
50,333
50,335
50,350
50,357
50,380
50,390
50,410
50,509
50,528
50,534
50,535
50,564
50,574
50,592
50,602
50,603
50,639
50,652
50,709
50,737
50,743
50,752
50,785
50,805
50,830
50,844
50,888
50,893
50,897
50,900
50,947
50,950
50,977
51,61
51,86
51,109
51,111
51,136
51,153
51,157
51,165
51,193
51,225
51,262
51,269
51,275
51,290
51,324
51,341
51,345
51,354
51,416
51,438
51,441
51,446
51,463
51,474
51,485
51,498
51,508
51,510
51,521
51,556
51,569
51,576
51,618
51,657
51,670
51,682
51,690
51,708
51,715
51,716
51,719
51,723
51,727
51,736
51,741
51,746
51,759
51,771
51,818
51,846
51,863
51,870
51,877
51,918
51,992
51,994
52,55
52,66
52,151
52,178
52,179
52,186
52,238
52,239
52,248
52,275
52,370
52,384
52,451
52,479
52,547
52,682
52,849
52,892
52,950
53,102
53,105
53,107
53,113
53,120
53,123
53,145
53,149
53,157
53,182
53,202
53,231
53,260
53,290
53,294
53,321
53,328
53,344
53,348
53,371
53,391
53,433
53,470
53,480
53,493
53,499
53,520
53,533
53,540
53,616
53,617
53,618
53,635
53,641
53,649
53,651
53,662
53,670
53,691
53,715
53,716
53,720
53,721
53,722
53,723
53,727
53,736
53,753
53,759
53,774
53,820
53,830
53,846
53,876
53,877
53,917
53,918
53,952
53,954
53,955
53,989
54,59
54,65
54,70
54,74
54,103
54,106
54,108
54,111
54,117
54,138
54,167
54,180
54,185
54,204
54,235
54,244
54,264
54,270
54,276
54,280
54,295
54,297
54,299
54,323
54,325
54,338
54,364
54,368
54,386
54,389
54,393
54,400
54,412
54,415
54,420
54,429
54,443
54,453
54,455
54,462
54,468
54,472
54,509
54,518
54,523
54,534
54,548
54,554
54,570
54,574
54,587
54,597
54,600
54,601
54,602
54,608
54,620
54,632
54,643
54,647
54,651
54,656
54,660
54,663
54,672
54,683
54,706
54,730
54,731
54,756
54,779
54,789
54,802
54,807
54,819
54,829
54,837
54,855
54,863
54,872
54,878
54,890
54,898
54,901
54,914
54,931
54,951
54,973
54,977
54,981
54,999
55,62
55,117
55,189
55,216
55,240
55,270
55,279
55,360
55,362
55,424
55,491
55,526
55,546
55,554
55,569
55,594
55,704
55,743
55,753
55,790
55,821
55,876
55,901
55,934
55,938
55,944
55,972
55,985
56,106
56,110
56,116
56,118
56,161
56,162
56,165
56,170
56,177
56,181
56,205
56,220
56,224
56,235
56,246
56,255
56,264
56,266
56,270
56,289
56,297
56,303
56,318
56,325
56,333
56,375
56,382
56,386
56,387
56,393
56,412
56,414
56,482
56,503
56,513
56,518
56,548
56,559
56,561
56,564
56,581
56,593
56,608
56,632
56,635
56,647
56,649
56,653
56,664
56,683
56,687
56,696
56,697
56,703
56,706
56,715
56,722
56,756
56,765
56,766
56,780
56,785
56,794
56,828
56,837
56,853
56,872
56,878
56,896
56,910
56,917
56,920
56,946
56,949
56,951
56,954
56,966
56,972
56,974
56,986
56,996
57,69
57,74
57,92
57,112
57,119
57,131
57,156
57,175
57,177
57,192
57,203
57,204
57,214
57,230
57,233
57,242
57,248
57,252
57,265
57,270
57,289
57,312
57,321
57,323
57,325
57,333
57,337
57,354
57,358
57,361
57,366
57,392
57,403
57,413
57,424
57,429
57,432
57,437
57,442
57,454
57,461
57,480
57,489
57,504
57,541
57,546
57,569
57,576
57,593
57,595
57,603
57,607
57,608
57,664
57,672
57,683
57,686
57,689
57,712
57,713
57,730
57,780
57,785
57,830
57,837
57,856
57,862
57,864
57,901
57,924
57,946
57,951
57,953
57,957
57,983
57,996
58,77
58,82
58,105
58,112
58,131
58,141
58,149
58,156
58,157
58,163
58,165
58,182
58,198
58,202
58,218
58,269
58,271
58,275
58,285
58,298
58,307
58,321
58,328
58,332
58,348
58,351
58,354
58,361
58,374
58,379
58,384
58,396
58,431
58,433
58,444
58,448
58,461
58,463
58,498
58,508
58,510
58,567
58,594
58,614
58,621
58,651
58,672
58,675
58,684
58,691
58,710
58,714
58,717
58,719
58,742
58,759
58,771
58,772
58,791
58,800
58,802
58,813
58,817
58,823
58,860
58,861
58,870
58,883
58,898
58,918
58,940
58,945
58,983
58,990
58,994
59,106
59,108
59,111
59,122
59,131
59,162
59,177
59,180
59,210
59,212
59,223
59,231
59,244
59,272
59,280
59,287
59,325
59,326
59,334
59,336
59,342
59,349
59,403
59,419
59,427
59,432
59,482
59,562
59,564
59,621
59,623
59,661
59,683
59,687
59,697
59,725
59,728
59,794
59,808
59,826
59,835
59,837
59,853
59,862
59,886
59,912
59,919
59,923
59,982
60,74
60,89
60,155
60,178
60,194
60,245
60,248
60,278
60,333
60,358
60,361
60,365
60,369
60,387
60,517
60,556
60,573
60,689
60,709
60,742
60,773
60,811
60,828
60,831
60,845
60,866
60,868
60,887
60,888
60,906
60,926
60,933
60,944
60,961
60,964
61,68
61,80
61,91
61,113
61,134
61,138
61,149
61,165
61,277
61,305
61,362
61,403
61,409
61,425
61,447
61,562
61,589
61,635
61,637
61,698
61,700
61,737
61,752
61,818
61,820
61,821
61,823
61,880
61,903
61,915
61,927
61,942
62,136
62,184
62,187
62,228
62,272
62,319
62,325
62,336
62,338
62,367
62,373
62,435
62,436
62,443
62,453
62,477
62,495
62,530
62,546
62,563
62,586
62,608
62,655
62,664
62,669
62,706
62,738
62,756
62,808
62,815
62,852
62,884
62,900
62,905
62,929
63,65
63,70
63,85
63,106
63,124
63,155
63,175
63,177
63,197
63,237
63,264
63,270
63,299
63,320
63,337
63,345
63,395
63,419
63,436
63,443
63,567
63,599
63,602
63,648
63,661
63,680
63,683
63,694
63,706
63,728
63,742
63,754
63,782
63,786
63,789
63,803
63,822
63,827
63,840
63,853
63,890
63,892
63,902
63,909
63,920
63,926
63,927
63,943
63,980
63,991
63,995
64,70
64,85
64,91
64,153
64,193
64,207
64,218
64,230
64,258
64,295
64,297
64,299
64,331
64,332
64,333
64,339
64,361
64,386
64,390
64,392
64,412
64,418
64,423
64,435
64,445
64,469
64,488
64,509
64,528
64,543
64,545
64,553
64,555
64,567
64,574
64,584
64,595
64,606
64,649
64,652
64,666
64,676
64,677
64,685
64,691
64,695
64,696
64,709
64,713
64,719
64,723
64,764
64,767
64,802
64,805
64,829
64,844
64,852
64,863
64,864
64,881
64,884
64,899
64,924
64,972
64,976
64,984
64,988
64,996
64,997
65,167
65,197
65,209
65,214
65,215
65,223
65,227
65,237
65,244
65,273
65,274
65,283
65,303
65,305
65,315
65,323
65,345
65,367
65,382
65,391
65,417
65,426
65,427
65,472
65,474
65,488
65,503
65,525
65,550
65,554
65,566
65,574
65,611
65,639
65,706
65,744
65,761
65,795
65,800
65,832
65,902
65,917
65,920
65,943
65,976
65,989
66,83
66,84
66,90
66,100
66,105
66,156
66,160
66,187
66,277
66,370
66,409
66,410
66,449
66,490
66,497
66,547
66,566
66,572
66,698
66,710
66,722
66,723
66,757
66,765
66,822
66,909
66,929
66,979
66,998
67,74
67,134
67,209
67,307
67,346
67,377
67,380
67,395
67,411
67,420
67,464
67,481
67,486
67,527
67,528
67,538
67,548
67,595
67,748
67,767
67,794
67,804
67,845
67,875
67,905
67,909
67,911
67,964
67,981
67,995
68,97
68,110
68,113
68,116
68,119
68,136
68,143
68,154
68,158
68,163
68,173
68,185
68,209
68,225
68,227
68,240
68,251
68,321
68,349
68,393
68,401
68,439
68,474
68,488
68,491
68,505
68,515
68,518
68,521
68,542
68,581
68,585
68,622
68,624
68,625
68,632
68,644
68,647
68,657
68,678
68,692
68,696
68,706
68,710
68,719
68,765
68,786
68,830
68,843
68,852
68,859
68,861
68,862
68,863
68,921
68,933
68,938
68,943
68,946
68,970
68,972
68,979
68,980
69,89
69,91
69,118
69,130
69,175
69,217
69,232
69,257
69,295
69,304
69,339
69,359
69,386
69,387
69,417
69,418
69,459
69,466
69,483
69,504
69,505
69,518
69,543
69,578
69,605
69,634
69,647
69,650
69,676
69,687
69,689
69,713
69,742
69,780
69,785
69,830
69,888
69,899
69,945
69,946
69,996
70,106
70,108
70,157
70,201
70,202
70,228
70,254
70,264
70,280
70,293
70,315
70,326
70,373
70,393
70,399
70,412
70,468
70,520
70,531
70,550
70,579
70,607
70,635
70,661
70,666
70,678
70,706
70,713
70,720
70,739
70,800
70,808
70,871
70,878
70,891
70,913
70,915
70,923
70,946
70,973
70,977
70,981
71,82
71,152
71,206
71,252
71,301
71,343
71,567
71,613
71,614
71,622
71,718
71,721
71,746
71,793
71,825
71,876
71,883
71,906
71,983
72,141
72,167
72,171
72,180
72,209
72,214
72,215
72,235
72,252
72,267
72,273
72,274
72,285
72,302
72,316
72,320
72,332
72,333
72,342
72,343
72,345
72,365
72,366
72,418
72,426
72,443
72,448
72,474
72,476
72,483
72,485
72,505
72,515
72,519
72,525
72,533
72,550
72,551
72,570
72,579
72,587
72,594
72,597
72,607
72,608
72,625
72,640
72,678
72,734
72,739
72,757
72,789
72,807
72,808
72,879
72,898
72,902
72,909
72,920
72,928
72,931
72,934
73,93
73,105
73,145
73,182
73,193
73,195
73,214
73,228
73,259
73,263
73,270
73,305
73,365
73,372
73,375
73,409
73,444
73,626
73,629
73,654
73,656
73,693
73,704
73,771
73,791
73,797
73,815
73,855
73,896
73,959
73,970
73,982
73,989
73,994
74,88
74,101
74,109
74,127
74,129
74,130
74,138
74,146
74,155
74,164
74,205
74,254
74,272
74,289
74,293
74,299
74,317
74,326
74,341
74,365
74,367
74,392
74,397
74,401
74,412
74,413
74,414
74,423
74,429
74,439
74,464
74,479
74,494
74,496
74,512
74,519
74,535
74,543
74,545
74,559
74,583
74,593
74,607
74,637
74,644
74,649
74,667
74,681
74,687
74,692
74,710
74,713
74,733
74,736
74,738
74,742
74,753
74,756
74,784
74,836
74,841
74,856
74,863
74,886
74,888
74,935
74,974
74,977
74,997
75,95
75,113
75,189
75,219
75,227
75,236
75,281
75,315
75,387
75,393
75,480
75,491
75,505
75,530
75,531
75,532
75,534
75,545
75,587
75,614
75,705
75,772
75,786
75,842
75,859
75,864
75,912
75,952
75,987
76,86
76,135
76,204
76,363
76,404
76,449
76,450
76,451
76,523
76,535
76,557
76,655
76,738
76,772
76,782
76,803
76,909
76,992
77,91
77,104
77,132
77,220
77,224
77,306
77,354
77,427
77,448
77,454
77,469
77,480
77,493
77,497
77,510
77,539
77,540
77,561
77,565
77,578
77,596
77,611
77,616
77,617
77,618
77,698
77,704
77,708
77,715
77,716
77,727
77,761
77,764
77,765
77,793
77,822
77,827
77,846
77,856
77,936
77,952
77,973
77,995
78,87
78,148
78,227
78,231
78,241
78,327
78,328
78,340
78,406
78,421
78,428
78,470
78,501
78,562
78,580
78,604
78,651
78,652
78,662
78,715
78,751
78,811
78,834
78,904
78,927
78,945
79,80
79,91
79,135
79,149
79,153
79,193
79,199
79,231
79,263
79,315
79,377
79,414
79,456
79,533
79,546
79,562
79,612
79,662
79,732
79,741
79,777
79,787
79,806
79,818
79,821
79,854
79,872
79,874
79,911
79,914
80,109
80,114
80,194
80,334
80,364
80,367
80,478
80,487
80,508
80,525
80,598
80,688
80,689
80,698
80,731
80,732
80,735
80,746
80,754
80,802
80,821
80,911
81,128
81,136
81,190
81,248
81,260
81,349
81,371
81,408
81,433
81,635
81,658
81,660
81,704
81,757
81,769
81,793
81,873
81,915
81,971
82,113
82,231
82,253
82,255
82,314
82,315
82,320
82,346
82,360
82,371
82,413
82,533
82,549
82,573
82,635
82,796
82,804
82,810
82,821
82,841
82,953
82,954
82,961
82,987
82,988
82,990
82,998
83,86
83,90
83,166
83,207
83,224
83,238
83,240
83,263
83,283
83,368
83,418
83,440
83,478
83,547
83,645
83,660
83,675
83,693
83,718
83,757
83,833
83,842
83,886
83,918
83,921
83,939
83,952
83,979
83,992
84,136
84,145
84,152
84,156
84,222
84,227
84,243
84,248
84,274
84,279
84,308
84,321
84,326
84,354
84,365
84,379
84,386
84,392
84,427
84,433
84,440
84,484
84,500
84,514
84,543
84,572
84,582
84,610
84,618
84,619
84,626
84,629
84,658
84,660
84,671
84,672
84,675
84,688
84,689
84,765
84,805
84,825
84,846
84,855
84,861
84,901
84,952
84,959
84,968
84,971
84,983
84,989
84,994
85,127
85,159
85,183
85,201
85,217
85,232
85,301
85,311
85,318
85,328
85,333
85,341
85,350
85,400
85,414
85,434
85,462
85,509
85,512
85,527
85,555
85,606
85,612
85,650
85,661
85,689
85,697
85,701
85,766
85,802
85,809
85,829
85,837
85,871
85,937
85,972
86,91
86,116
86,133
86,135
86,159
86,206
86,214
86,227
86,233
86,239
86,285
86,316
86,320
86,332
86,349
86,359
86,392
86,395
86,402
86,439
86,450
86,484
86,506
86,518
86,534
86,546
86,559
86,585
86,608
86,611
86,625
86,629
86,644
86,650
86,660
86,664
86,667
86,675
86,679
86,723
86,737
86,761
86,842
86,843
86,855
86,859
86,866
86,882
86,889
86,901
86,912
86,916
86,921
86,924
86,931
86,933
86,968
86,969
86,980
86,981
86,992
87,115
87,138
87,140
87,185
87,228
87,283
87,327
87,348
87,400
87,486
87,533
87,568
87,641
87,682
87,741
87,751
87,757
87,760
87,810
87,821
87,841
87,900
87,904
87,932
87,965
87,969
87,976
87,998
88,92
88,134
88,278
88,323
88,398
88,406
88,414
88,417
88,421
88,504
88,514
88,589
88,610
88,612
88,701
88,721
88,743
88,753
88,764
88,780
88,788
88,809
88,818
88,836
88,846
88,852
88,864
88,894
88,922
88,929
88,948
88,976
89,102
89,150
89,167
89,170
89,205
89,213
89,225
89,231
89,248
89,249
89,337
89,384
89,388
89,396
89,429
89,442
89,452
89,527
89,545
89,571
89,606
89,632
89,637
89,640
89,665
89,722
89,724
89,742
89,758
89,760
89,761
89,764
89,811
89,812
89,820
89,835
89,845
89,869
89,888
89,932
89,935
89,951
89,977
89,982
90,97
90,124
90,138
90,166
90,186
90,323
90,410
90,417
90,441
90,450
90,488
90,491
90,500
90,534
90,546
90,547
90,567
90,572
90,579
90,600
90,606
90,607
90,634
90,652
90,676
90,692
90,694
90,704
90,705
90,722
90,733
90,756
90,780
90,783
90,795
90,805
90,830
90,843
90,851
90,859
90,882
90,883
90,896
90,903
90,920
90,931
90,948
90,952
90,980
91,95
91,100
91,165
91,190
91,216
91,239
91,262
91,294
91,306
91,307
91,314
91,322
91,348
91,352
91,363
91,390
91,441
91,456
91,475
91,493
91,521
91,532
91,556
91,565
91,624
91,656
91,658
91,670
91,679
91,691
91,694
91,699
91,729
91,741
91,760
91,771
91,775
91,776
91,783
91,793
91,805
91,846
91,852
91,853
91,867
91,877
92,104
92,106
92,111
92,112
92,125
92,127
92,130
92,131
92,207
92,230
92,239
92,254
92,263
92,289
92,323
92,327
92,333
92,348
92,352
92,361
92,375
92,382
92,386
92,392
92,417
92,418
92,437
92,453
92,462
92,469
92,482
92,489
92,498
92,502
92,504
92,516
92,543
92,553
92,571
92,573
92,584
92,593
92,596
92,632
92,634
92,637
92,641
92,651
92,670
92,688
92,713
92,733
92,743
92,764
92,766
92,778
92,780
92,805
92,809
92,815
92,831
92,838
92,841
92,847
92,862
92,864
92,878
92,888
92,893
92,899
92,903
92,905
92,944
92,967
92,977
92,996
93,137
93,157
93,171
93,193
93,294
93,305
93,306
93,318
93,359
93,400
93,411
93,427
93,444
93,446
93,463
93,480
93,497
93,524
93,561
93,588
93,596
93,610
93,680
93,688
93,714
93,764
93,769
93,771
93,775
93,783
93,791
93,870
93,918
93,959
93,994
94,136
94,163
94,210
94,223
94,311
94,334
94,369
94,439
94,492
94,520
94,632
94,633
94,646
94,650
94,701
94,702
94,715
94,736
94,804
94,835
94,923
95,107
95,136
95,158
95,169
95,182
95,184
95,198
95,218
95,294
95,307
95,321
95,322
95,326
95,343
95,404
95,405
95,441
95,467
95,493
95,508
95,539
95,573
95,596
95,603
95,625
95,629
95,636
95,637
95,642
95,658
95,665
95,670
95,692
95,695
95,704
95,708
95,740
95,759
95,793
95,794
95,810
95,822
95,825
95,843
95,877
95,988
95,994
96,218
96,250
96,434
96,464
96,500
96,518
96,542
96,549
96,591
96,599
96,614
96,644
96,719
96,798
96,842
96,949
96,957
96,968
96,982
97,145
97,197
97,239
97,258
97,264
97,311
97,315
97,349
97,354
97,356
97,384
97,391
97,405
97,441
97,453
97,476
97,498
97,518
97,523
97,547
97,576
97,578
97,581
97,618
97,619
97,640
97,655
97,683
97,704
97,757
97,797
97,800
97,823
97,830
97,836
97,853
97,856
97,882
97,921
97,957
97,987
98,142
98,168
98,181
98,183
98,251
98,266
98,284
98,350
98,364
98,369
98,417
98,433
98,462
98,466
98,469
98,512
98,539
98,560
98,589
98,602
98,658
98,666
98,700
98,773
98,864
98,930
98,949
98,980
99,105
99,206
99,216
99,275
99,321
99,369
99,381
99,383
99,601
99,759
99,775
99,793
99,820
99,909
99,959
100,131
100,138
100,205
100,211
100,225
100,243
100,301
100,350
100,352
100,380
100,394
100,395
100,439
100,458
100,471
100,517
100,518
100,549
100,584
100,592
100,603
100,604
100,665
100,668
100,737
100,751
100,765
100,778
100,785
100,821
100,831
100,834
100,844
100,858
100,887
100,935
100,936
100,944
100,945
100,950
100,957
100,997
101,120
101,131
101,134
101,162
101,183
101,187
101,189
101,214
101,217
101,222
101,234
101,235
101,242
101,254
101,272
101,297
101,302
101,309
101,407
101,414
101,417
101,445
101,526
101,531
101,552
101,592
101,595
101,647
101,661
101,666
101,687
101,689
101,766
101,780
101,837
101,852
101,941
101,943
101,982
101,997
102,163
102,164
102,173
102,191
102,218
102,282
102,339
102,394
102,413
102,434
102,461
102,467
102,521
102,532
102,584
102,611
102,662
102,684
102,687
102,694
102,699
102,705
102,731
102,742
102,848
102,867
102,874
102,876
102,883
102,922
102,983
103,108
103,109
103,111
103,124
103,167
103,170
103,175
103,264
103,270
103,274
103,369
103,375
103,378
103,418
103,434
103,437
103,477
103,518
103,551
103,565
103,578
103,628
103,645
103,647
103,661
103,675
103,683
103,696
103,697
103,713
103,715
103,754
103,827
103,849
103,851
103,877
103,902
103,914
103,924
103,931
103,973
103,980
103,997
104,123
104,148
104,157
104,167
104,186
104,226
104,231
104,255
104,275
104,288
104,327
104,340
104,344
104,382
104,406
104,446
104,458
104,470
104,475
104,484
104,495
104,499
104,507
104,516
104,520
104,537
104,538
104,598
104,641
104,657
104,659
104,662
104,666
104,675
104,682
104,686
104,709
104,715
104,741
104,743
104,761
104,768
104,820
104,822
104,834
104,856
104,865
104,877
104,887
104,897
104,910
104,926
104,954
104,988
104,990
105,109
105,112
105,114
105,121
105,128
105,132
105,141
105,149
105,151
105,165
105,193
105,194
105,195
105,202
105,204
105,235
105,261
105,267
105,270
105,316
105,328
105,358
105,368
105,370
105,404
105,409
105,427
105,438
105,463
105,497
105,508
105,510
105,518
105,562
105,596
105,600
105,610
105,657
105,666
105,670
105,680
105,693
105,710
105,714
105,721
105,722
105,723
105,729
105,746
105,751
105,765
105,775
105,791
105,799
105,823
105,855
105,870
105,911
105,918
105,927
105,940
105,983
105,989
106,124
106,180
106,204
106,270
106,280
106,312
106,335
106,345
106,352
106,366
106,367
106,375
106,377
106,382
106,392
106,397
106,406
106,426
106,432
106,437
106,441
106,445
106,476
106,479
106,482
106,483
106,525
106,553
106,563
106,595
106,608
106,618
106,636
106,647
106,649
106,656
106,657
106,661
106,683
106,685
106,687
106,697
106,706
106,756
106,780
106,784
106,803
106,808
106,818
106,847
106,853
106,863
106,898
106,920
106,924
106,929
106,931
106,951
107,123
107,127
107,164
107,172
107,198
107,205
107,216
107,232
107,255
107,285
107,299
107,311
107,369
107,394
107,420
107,441
107,448
107,452
107,480
107,515
107,516
107,523
107,526
107,529
107,531
107,537
107,556
107,569
107,571
107,589
107,600
107,606
107,610
107,611
107,613
107,631
107,635
107,646
107,647
107,651
107,694
107,699
107,705
107,706
107,712
107,717
107,723
107,729
107,736
107,746
107,751
107,763
107,818
107,841
107,877
107,903
107,911
107,914
107,918
107,927
107,930
107,946
107,965
108,116
108,119
108,121
108,124
108,138
108,145
108,146
108,158
108,180
108,187
108,188
108,209
108,210
108,214
108,258
108,259
108,264
108,270
108,289
108,294
108,299
108,323
108,326
108,338
108,352
108,359
108,366
108,368
108,373
108,382
108,387
108,389
108,398
108,406
108,421
108,426
108,456
108,458
108,462
108,489
108,503
108,505
108,518
108,521
108,534
108,536
108,556
108,578
108,602
108,603
108,623
108,630
108,672
108,678
108,683
108,696
108,723
108,728
108,733
108,753
108,766
108,780
108,794
108,798
108,808
108,827
108,837
108,843
108,845
108,851
108,857
108,863
108,887
108,916
108,951
108,968
108,973
108,977
109,113
109,133
109,143
109,163
109,233
109,255
109,294
109,315
109,324
109,366
109,393
109,405
109,429
109,465
109,470
109,510
109,534
109,556
109,564
109,572
109,631
109,656
109,659
109,660
109,662
109,670
109,690
109,698
109,721
109,723
109,732
109,755
109,759
109,768
109,800
109,815
109,874
109,877
109,883
109,897
109,927
109,948
109,966
109,975
109,997
110,116
110,127
110,137
110,157
110,178
110,187
110,211
110,244
110,318
110,327
110,328
110,355
110,373
110,375
110,446
110,456
110,467
110,516
110,589
110,596
110,635
110,642
110,662
110,687
110,688
110,717
110,754
110,763
110,777
110,825
110,880
110,927
110,961
111,124
111,131
111,187
111,227
111,254
111,259
111,273
111,320
111,350
111,368
111,373
111,386
111,406
111,407
111,482
111,489
111,496
111,513
111,517
111,564
111,576
111,585
111,587
111,593
111,607
111,632
111,647
111,664
111,685
111,691
111,706
111,722
111,728
111,733
111,739
111,764
111,776
111,780
111,795
111,805
111,808
111,828
111,830
111,845
111,863
111,880
111,900
111,973
111,982
111,996
112,116
112,126
112,137
112,141
112,151
112,165
112,199
112,201
112,206
112,234
112,259
112,261
112,282
112,307
112,316
112,332
112,354
112,368
112,374
112,378
112,379
112,427
112,444
112,448
112,463
112,499
112,531
112,572
112,594
112,610
112,626
112,658
112,672
112,681
112,703
112,713
112,722
112,723
112,765
112,771
112,780
112,785
112,823
112,853
112,940
112,959
112,983
112,992
113,128
113,136
113,160
113,216
113,245
113,273
113,275
113,276
113,279
113,290
113,328
113,329
113,382
113,398
113,401
113,421
113,462
113,467
113,480
113,518
113,529
113,565
113,629
113,635
113,639
113,651
113,655
113,670
113,688
113,710
113,723
113,738
113,751
113,776
113,816
113,846
113,865
113,885
113,900
113,915
113,918
113,922
113,924
113,955
113,994
114,152
114,198
114,268
114,274
114,282
114,294
114,316
114,322
114,374
114,405
114,416
114,524
114,536
114,565
114,620
114,655
114,680
114,727
114,775
114,860
114,865
114,925
114,938
114,971
115,186
115,212
115,231
115,253
115,327
115,329
115,402
115,440
115,562
115,580
115,624
115,630
115,731
115,760
115,793
115,907
115,910
115,923
115,944
115,961
116,170
116,209
116,214
116,227
116,236
116,243
116,283
116,290
116,311
116,320
116,368
116,374
116,390
116,392
116,408
116,426
116,451
116,500
116,513
116,515
116,535
116,566
116,567
116,569
116,586
116,614
116,620
116,640
116,645
116,664
116,672
116,675
116,696
116,703
116,706
116,723
116,732
116,753
116,798
116,853
116,882
116,885
116,913
116,948
116,951
116,952
116,976
116,982
116,988
116,999
117,131
117,163
117,305
117,346
117,361
117,383
117,408
117,422
117,430
117,499
117,528
117,529
117,616
117,657
117,682
117,726
117,733
117,743
117,751
117,764
117,818
117,820
117,887
117,897
117,911
117,935
117,946
117,983
117,988
118,134
118,181
118,203
118,227
118,233
118,253
118,254
118,274
118,281
118,304
118,319
118,320
118,366
118,397
118,414
118,421
118,426
118,437
118,445
118,489
118,531
118,543
118,564
118,608
118,648
118,651
118,661
118,664
118,676
118,693
118,761
118,767
118,774
118,780
118,805
118,924
118,949
118,997
119,124
119,125
119,159
119,172
119,197
119,200
119,240
119,266
119,297
119,317
119,345
119,401
119,407
119,417
119,429
119,454
119,464
119,634
119,653
119,743
119,759
119,790
119,816
119,954
119,981
119,997
120,133
120,148
120,178
120,231
120,318
120,327
120,339
120,340
120,344
120,348
120,377
120,387
120,418
120,454
120,474
120,480
120,499
120,508
120,510
120,531
120,533
120,537
120,540
120,561
120,562
120,662
120,676
120,682
120,702
120,712
120,715
120,725
120,732
120,736
120,753
120,761
120,806
120,811
120,862
120,874
120,885
120,906
120,914
120,953
120,955
120,976
120,977
121,128
121,136
121,186
121,193
121,203
121,204
121,248
121,261
121,264
121,275
121,282
121,283
121,312
121,318
121,332
121,334
121,404
121,405
121,408
121,427
121,453
121,491
121,505
121,529
121,557
121,567
121,572
121,596
121,622
121,683
121,701
121,703
121,722
121,723
121,738
121,765
121,771
121,795
121,798
121,822
121,830
121,842
121,844
121,867
121,897
121,898
121,918
121,921
121,925
121,988
121,989
122,154
122,162
122,166
122,181
122,197
122,201
122,270
122,280
122,317
122,322
122,387
122,399
122,401
122,410
122,462
122,468
122,512
122,597
122,621
122,650
122,663
122,687
122,718
122,728
122,756
122,767
122,776
122,786
122,815
122,917
122,920
122,964
122,970
122,994
122,995
123,124
123,134
123,150
123,157
123,165
123,174
123,204
123,208
123,231
123,255
123,260
123,268
123,288
123,290
123,306
123,318
123,327
123,328
123,344
123,348
123,352
123,406
123,408
123,425
123,426
123,427
123,435
123,467
123,478
123,480
123,491
123,501
123,510
123,538
123,539
123,543
123,556
123,576
123,580
123,583
123,585
123,589
123,628
123,635
123,637
123,642
123,643
123,665
123,670
123,675
123,694
123,709
123,725
123,741
123,751
123,761
123,768
123,776
123,811
123,814
123,818
123,821
123,834
123,862
123,867
123,885
123,894
123,899
123,900
123,903
123,904
123,911
123,946
123,955
123,966
123,969
123,986
123,988
124,131
124,138
124,145
124,175
124,177
124,180
124,184
124,201
124,207
124,220
124,264
124,266
124,273
124,274
124,279
124,283
124,284
124,317
124,326
124,336
124,345
124,366
124,406
124,412
124,416
124,426
124,427
124,437
124,455
124,466
124,491
124,504
124,518
124,523
124,528
124,539
124,561
124,592
124,600
124,607
124,618
124,640
124,670
124,685
124,697
124,705
124,720
124,728
124,738
124,742
124,753
124,754
124,756
124,782
124,783
124,824
124,863
124,872
124,883
124,893
124,898
124,905
124,914
124,931
124,973
124,981
124,983
124,986
124,988
124,990
125,132
125,169
125,203
125,227
125,243
125,258
125,266
125,275
125,296
125,317
125,333
125,345
125,347
125,358
125,361
125,369
125,386
125,392
125,418
125,421
125,437
125,440
125,454
125,471
125,474
125,476
125,501
125,527
125,541
125,543
125,593
125,596
125,608
125,614
125,634
125,641
125,658
125,659
125,689
125,696
125,702
125,706
125,723
125,742
125,743
125,765
125,770
125,814
125,830
125,886
125,890
125,899
125,915
125,935
125,946
125,972
125,986
125,991
126,151
126,163
126,203
126,225
126,231
126,253
126,254
126,255
126,258
126,263
126,266
126,288
126,314
126,318
126,324
126,337
126,348
126,351
126,353
126,367
126,393
126,414
126,437
126,459
126,508
126,516
126,529
126,545
126,617
126,631
126,637
126,638
126,646
126,657
126,672
126,674
126,686
126,709
126,712
126,725
126,747
126,762
126,814
126,815
126,819
126,845
126,867
126,886
126,897
126,911
126,926
126,932
126,938
126,950
126,978
127,224
127,243
127,297
127,351
127,417
127,462
127,496
127,504
127,512
127,553
127,574
127,580
127,611
127,629
127,652
127,655
127,677
127,684
127,689
127,774
127,829
127,832
127,864
127,919
127,967
128,136
128,145
128,152
128,157
128,158
128,180
128,190
128,193
128,203
128,208
128,219
128,220
128,231
128,243
128,252
128,255
128,266
128,322
128,328
128,361
128,364
128,365
128,367
128,398
128,404
128,427
128,429
128,444
128,448
128,451
128,461
128,480
128,497
128,498
128,510
128,519
128,536
128,541
128,543
128,569
128,585
128,590
128,611
128,616
128,625
128,638
128,653
128,654
128,658
128,660
128,675
128,678
128,680
128,684
128,690
128,691
128,692
128,722
128,723
128,727
128,759
128,764
128,765
128,768
128,771
128,797
128,822
128,830
128,859
128,882
128,903
128,910
128,918
128,919
128,924
128,926
128,952
128,982
128,983
128,987
128,994
129,164
129,170
129,177
129,230
129,232
129,255
129,257
129,304
129,333
129,338
129,339
129,344
129,352
129,383
129,394
129,398
129,401
129,419
129,423
129,437
129,445
129,471
129,481
129,536
129,557
129,558
129,559
129,573
129,592
129,600
129,606
129,607
129,623
129,666
129,668
129,676
129,701
129,707
129,713
129,714
129,722
129,733
129,774
129,778
129,805
129,818
129,922
129,928
129,944
129,967
130,156
130,157
130,175
130,186
130,193
130,203
130,216
130,237
130,249
130,254
130,257
130,258
130,265
130,291
130,315
130,323
130,338
130,354
130,358
130,382
130,387
130,392
130,393
130,437
130,456
130,462
130,465
130,482
130,483
130,531
130,603
130,607
130,641
130,643
130,664
130,676
130,689
130,703
130,720
130,722
130,729
130,764
130,770
130,780
130,809
130,827
130,829
130,836
130,886
130,893
130,905
130,914
130,923
130,951
130,963
130,972
130,997
131,152
131,173
131,201
131,203
131,206
131,214
131,226
131,227
131,233
131,246
131,267
131,284
131,286
131,294
131,299
131,319
131,326
131,336
131,368
131,415
131,432
131,454
131,459
131,476
131,518
131,519
131,523
131,525
131,565
131,579
131,595
131,652
131,666
131,669
131,672
131,676
131,681
131,686
131,692
131,696
131,697
131,704
131,706
131,711
131,718
131,776
131,814
131,827
131,848
131,863
131,872
131,951
131,966
131,980
131,984
132,163
132,172
132,279
132,296
132,316
132,318
132,329
132,346
132,375
132,380
132,385
132,390
132,398
132,405
132,409
132,414
132,441
132,454
132,458
132,474
132,492
132,499
132,508
132,520
132,525
132,529
132,537
132,600
132,603
132,611
132,613
132,651
132,662
132,665
132,670
132,674
132,694
132,705
132,710
132,712
132,725
132,732
132,736
132,747
132,754
132,783
132,811
132,834
132,861
132,865
132,897
132,898
132,900
132,914
132,946
132,983
132,986
133,148
133,157
133,164
133,174
133,229
133,231
133,248
133,263
133,264
133,279
133,311
133,328
133,329
133,516
133,611
133,613
133,642
133,644
133,657
133,715
133,725
133,747
133,754
133,761
133,783
133,817
133,845
133,847
133,854
133,867
133,871
133,882
133,907
134,137
134,195
134,221
134,294
134,338
134,454
134,493
134,534
134,564
134,665
134,694
134,699
134,724
134,726
134,754
134,793
134,853
135,138
135,184
135,192
135,194
135,208
135,222
135,227
135,272
135,299
135,338
135,356
135,365
135,375
135,450
135,503
135,515
135,531
135,550
135,569
135,587
135,594
135,610
135,614
135,661
135,684
135,727
135,728
135,753
135,782
135,787
135,864
135,894
135,921
135,931
135,960
135,967
135,987
135,992
136,137
136,184
136,204
136,211
136,224
136,239
136,243
136,290
136,294
136,328
136,343
136,393
136,404
136,405
136,409
136,434
136,448
136,461
136,480
136,484
136,485
136,521
136,536
136,547
136,564
136,572
136,581
136,585
136,594
136,600
136,616
136,621
136,622
136,626
136,689
136,699
136,705
136,729
136,742
136,759
136,761
136,787
136,798
136,805
136,842
136,846
136,911
136,913
136,916
136,921
136,946
136,948
136,968
136,971
136,989
136,994
137,138
137,152
137,159
137,177
137,179
137,190
137,226
137,235
137,243
137,268
137,277
137,283
137,344
137,347
137,354
137,355
137,381
137,404
137,420
137,453
137,467
137,475
137,539
137,540
137,547
137,596
137,611
137,619
137,659
137,681
137,710
137,717
137,720
137,746
137,754
137,793
137,825
137,833
137,845
137,885
137,938
137,948
137,989
138,155
138,173
138,209
138,210
138,217
138,222
138,224
138,265
138,276
138,284
138,293
138,349
138,403
138,415
138,450
138,472
138,479
138,493
138,497
138,498
138,513
138,519
138,607
138,623
138,635
138,647
138,666
138,690
138,691
138,700
138,716
138,720
138,738
138,805
138,807
138,836
138,849
138,892
138,894
138,906
138,912
138,977
138,987
139,159
139,164
139,254
139,411
139,418
139,489
139,502
139,504
139,545
139,645
139,650
139,697
139,766
139,809
139,824
139,905
139,933
139,995
140,157
140,458
140,533
140,613
140,617
140,665
140,729
140,755
140,777
140,821
140,923
140,941
141,148
141,165
141,193
141,235
141,244
141,271
141,305
141,315
141,319
141,374
141,427
141,434
141,451
141,463
141,572
141,619
141,641
141,692
141,693
141,723
141,727
141,730
141,748
141,771
141,791
141,797
141,823
141,850
141,863
141,870
141,883
141,969
142,159
142,250
142,259
142,291
142,371
142,375
142,418
142,437
142,459
142,466
142,479
142,485
142,487
142,531
142,650
142,658
142,683
142,752
142,826
142,852
142,892
142,982
143,145
143,152
143,172
143,175
143,185
143,248
143,253
143,258
143,268
143,281
143,313
143,315
143,335
143,343
143,347
143,351
143,444
143,447
143,449
143,477
143,503
143,567
143,569
143,576
143,600
143,606
143,644
143,670
143,691
143,696
143,705
143,712
143,729
143,753
143,754
143,767
143,769
143,783
143,785
143,813
143,815
143,824
143,843
143,853
143,856
143,877
143,886
143,925
143,941
143,958
144,163
144,171
144,173
144,190
144,200
144,293
144,309
144,362
144,376
144,381
144,417
144,472
144,505
144,539
144,553
144,557
144,581
144,588
144,595
144,608
144,621
144,650
144,664
144,687
144,692
144,734
144,747
144,763
144,802
144,813
144,821
144,824
144,833
144,843
144,851
144,905
144,941
145,166
145,182
145,218
145,227
145,231
145,274
145,275
145,279
145,281
145,299
145,363
145,365
145,395
145,405
145,406
145,407
145,410
145,441
145,448
145,453
145,455
145,488
145,498
145,518
145,526
145,567
145,585
145,594
145,607
145,614
145,643
145,657
145,672
145,680
145,683
145,692
145,694
145,703
145,705
145,722
145,727
145,753
145,757
145,767
145,781
145,800
145,819
145,827
145,830
145,862
145,868
145,875
145,886
145,901
145,911
145,913
145,931
145,952
145,980
145,986
146,215
146,270
146,373
146,376
146,430
146,552
146,579
146,600
146,623
146,656
146,710
146,772
146,836
146,840
146,912
146,927
146,963
146,982
147,155
147,164
147,169
147,177
147,179
147,192
147,205
147,266
147,293
147,296
147,323
147,364
147,388
147,389
147,430
147,455
147,460
147,486
147,593
147,609
147,637
147,673
147,698
147,701
147,718
147,728
147,743
147,753
147,758
147,771
147,796
147,837
147,845
147,884
147,888
147,935
147,946
148,150
148,182
148,185
148,208
148,221
148,231
148,255
148,285
148,324
148,340
148,350
148,354
148,362
148,385
148,422
148,427
148,442
148,456
148,470
148,501
148,508
148,521
148,546
148,548
148,562
148,569
148,576
148,580
148,607
148,617
148,630
148,641
148,642
148,643
148,659
148,670
148,671
148,682
148,686
148,709
148,712
148,715
148,725
148,729
148,742
148,747
148,771
148,777
148,780
148,785
148,811
148,848
148,877
148,887
148,899
148,900
148,907
148,939
148,954
148,958
148,969
148,987
149,165
149,180
149,190
149,198
149,248
149,262
149,275
149,306
149,332
149,365
149,372
149,386
149,395
149,408
149,416
149,453
149,460
149,463
149,505
149,524
149,531
149,569
149,625
149,680
149,693
149,716
149,723
149,729
149,735
149,740
149,771
149,775
149,791
149,822
149,846
149,857
149,877
149,886
149,918
149,938
149,983
149,992
150,178
150,199
150,211
150,243
150,311
150,312
150,313
150,344
150,370
150,381
150,396
150,455
150,468
150,481
150,487
150,510
150,513
150,517
150,520
150,523
150,532
150,533
150,540
150,609
150,628
150,701
150,739
150,760
150,796
150,811
150,856
150,865
150,876
150,883
150,885
150,896
150,932
150,942
150,982
151,356
151,364
151,379
151,408
151,409
151,517
151,625
151,723
151,743
151,877
151,940
151,990
151,994
152,154
152,190
152,198
152,238
152,245
152,302
152,328
152,347
152,362
152,398
152,404
152,448
152,484
152,524
152,547
152,580
152,582
152,614
152,658
152,716
152,717
152,723
152,740
152,775
152,793
152,859
152,948
152,952
152,970
152,981
153,202
153,216
153,219
153,251
153,343
153,409
153,478
153,481
153,531
153,651
153,658
153,793
153,833
153,834
153,876
153,961
153,994
154,201
154,214
154,238
154,244
154,274
154,309
154,433
154,500
154,554
154,557
154,579
154,586
154,642
154,669
154,697
154,701
154,744
154,779
154,896
154,919
154,987
155,181
155,192
155,236
155,250
155,251
155,293
155,301
155,311
155,342
155,349
155,364
155,369
155,401
155,407
155,430
155,437
155,527
155,560
155,571
155,573
155,592
155,677
155,686
155,687
155,711
155,733
155,754
155,796
155,815
155,820
155,832
155,845
155,878
155,884
155,941
155,945
155,946
155,951
155,953
155,984
155,999
156,165
156,182
156,193
156,208
156,213
156,231
156,264
156,275
156,314
156,316
156,320
156,354
156,361
156,408
156,444
156,498
156,572
156,640
156,654
156,675
156,716
156,736
156,751
156,765
156,769
156,778
156,800
156,822
156,884
156,896
156,901
156,912
156,916
156,958
156,980
157,172
157,178
157,214
157,231
157,239
157,255
157,258
157,288
157,318
157,327
157,328
157,343
157,344
157,346
157,347
157,348
157,372
157,406
157,416
157,430
157,454
157,455
157,456
157,458
157,459
157,461
157,470
157,501
157,507
157,520
157,580
157,584
157,604
157,616
157,630
157,632
157,634
157,635
157,637
157,641
157,646
157,657
157,686
157,691
157,692
157,694
157,709
157,715
157,716
157,725
157,727
157,741
157,751
157,753
157,754
157,763
157,777
157,810
157,814
157,819
157,828
157,834
157,871
157,873
157,877
157,897
157,899
157,903
157,911
157,926
157,954
157,955
157,965
157,977
157,986
157,988
158,173
158,179
158,206
158,211
158,218
158,219
158,262
158,283
158,288
158,290
158,306
158,327
158,376
158,503
158,532
158,565
158,601
158,615
158,673
158,684
158,696
158,705
158,727
158,751
158,774
158,850
158,873
158,877
158,918
158,948
158,986
158,989
159,181
159,183
159,246
159,256
159,276
159,280
159,288
159,342
159,417
159,418
159,432
159,435
159,462
159,466
159,563
159,574
159,650
159,667
159,701
159,737
159,742
159,802
159,803
159,835
159,871
159,964
160,398
160,427
160,428
160,484
160,530
160,546
160,595
160,670
160,674
160,694
160,731
160,773
160,979
161,175
161,180
161,187
161,242
161,252
161,270
161,274
161,285
161,366
161,392
161,412
161,428
161,467
161,472
161,554
161,574
161,647
161,656
161,667
161,683
161,696
161,706
161,728
161,739
161,756
161,761
161,767
161,785
161,808
161,813
161,838
161,851
161,855
161,857
161,924
161,931
161,943
161,964
161,997
162,264
162,272
162,326
162,354
162,363
162,369
162,413
162,414
162,419
162,432
162,518
162,552
162,569
162,579
162,695
162,738
162,748
162,788
162,863
162,963
162,997
163,201
163,244
163,248
163,278
163,309
163,348
163,400
163,438
163,441
163,467
163,519
163,529
163,545
163,562
163,575
163,579
163,590
163,598
163,630
163,635
163,652
163,662
163,705
163,736
163,751
163,759
163,761
163,763
163,843
163,845
163,858
163,859
163,890
163,900
163,927
163,935
163,955
163,986
163,988
164,176
164,178
164,230
164,233
164,273
164,278
164,292
164,295
164,296
164,351
164,352
164,360
164,361
164,379
164,394
164,406
164,422
164,429
164,430
164,463
164,471
164,479
164,499
164,508
164,573
164,577
164,584
164,592
164,603
164,604
164,632
164,634
164,637
164,638
164,652
164,666
164,668
164,670
164,676
164,685
164,690
164,692
164,702
164,725
164,747
164,750
164,778
164,780
164,783
164,785
164,790
164,796
164,805
164,811
164,818
164,831
164,837
164,844
164,862
164,874
164,881
164,885
164,887
164,888
164,893
164,949
164,951
164,982
164,990
164,994
164,996
165,193
165,204
165,214
165,234
165,275
165,288
165,316
165,318
165,321
165,332
165,349
165,354
165,372
165,409
165,427
165,444
165,448
165,449
165,463
165,477
165,544
165,622
165,680
165,693
165,714
165,719
165,723
165,727
165,757
165,791
165,855
165,857
165,865
165,870
165,874
165,896
165,918
165,940
165,952
165,955
165,959
165,983
165,994
166,195
166,219
166,239
166,272
166,300
166,490
166,515
166,517
166,557
166,611
166,622
166,681
166,688
166,792
166,835
166,881
166,921
166,928
167,204
167,227
167,248
167,262
167,273
167,274
167,285
167,303
167,314
167,332
167,335
167,342
167,345
167,359
167,366
167,375
167,377
167,378
167,389
167,415
167,424
167,441
167,485
167,497
167,530
167,533
167,536
167,548
167,554
167,578
167,597
167,608
167,612
167,632
167,662
167,678
167,683
167,726
167,753
167,767
167,795
167,823
167,846
167,864
167,866
167,871
167,872
167,890
167,898
167,904
167,905
167,934
168,176
168,196
168,200
168,205
168,206
168,347
168,360
168,370
168,384
168,399
168,420
168,431
168,467
168,501
168,518
168,519
168,567
168,568
168,676
168,686
168,703
168,709
168,873
168,884
168,892
168,917
168,927
168,928
168,941
168,990
169,203
169,212
169,232
169,309
169,397
169,414
169,429
169,522
169,570
169,573
169,589
169,606
169,716
169,743
169,778
169,782
169,841
169,845
169,869
169,887
169,908
169,946
170,175
170,204
170,210
170,214
170,230
170,236
170,246
170,270
170,272
170,280
170,309
170,317
170,326
170,387
170,395
170,407
170,421
170,430
170,432
170,435
170,442
170,454
170,479
170,482
170,483
170,512
170,515
170,547
170,560
170,571
170,583
170,595
170,644
170,645
170,661
170,664
170,692
170,724
170,738
170,753
170,757
170,766
170,778
170,780
170,796
170,797
170,824
170,828
170,837
170,845
170,862
170,890
170,944
170,946
170,951
170,958
170,977
170,982
171,227
171,241
171,287
171,302
171,309
171,319
171,320
171,491
171,519
171,530
171,534
171,567
171,608
171,609
171,621
171,669
171,726
171,742
171,789
171,795
171,837
171,859
171,876
171,898
171,917
171,945
171,973
171,975
171,982
172,177
172,205
172,256
172,296
172,297
172,333
172,386
172,389
172,408
172,413
172,420
172,441
172,453
172,460
172,469
172,496
172,512
172,517
172,543
172,558
172,595
172,638
172,639
172,702
172,720
172,723
172,754
172,767
172,778
172,841
172,878
172,884
172,888
172,893
172,957
172,967
172,972
172,976
173,266
173,280
173,298
173,468
173,518
173,531
173,556
173,601
173,609
173,616
173,623
173,642
173,651
173,691
173,710
173,797
173,918
173,966
174,179
174,291
174,301
174,346
174,352
174,458
174,459
174,486
174,541
174,584
174,589
174,632
174,645
174,818
174,841
174,885
174,903
174,932
174,956
174,965
174,982
174,997
175,213
175,235
175,254
175,255
175,264
175,267
175,270
175,285
175,336
175,368
175,373
175,374
175,384
175,386
175,393
175,436
175,465
175,476
175,519
175,531
175,534
175,536
175,554
175,567
175,579
175,631
175,648
175,656
175,661
175,696
175,706
175,756
175,794
175,795
175,804
175,879
175,893
175,919
175,921
175,924
175,931
175,934
175,963
175,973
175,982
176,185
176,196
176,199
176,231
176,300
176,340
176,347
176,385
176,417
176,447
176,456
176,471
176,472
176,580
176,642
176,755
176,763
176,786
176,806
176,811
176,872
176,904
176,907
176,969
177,178
177,220
177,225
177,230
177,231
177,234
177,249
177,278
177,327
177,333
177,369
177,382
177,395
177,406
177,441
177,464
177,474
177,499
177,504
177,518
177,528
177,543
177,552
177,578
177,603
177,610
177,634
177,639
177,676
177,683
177,694
177,702
177,732
177,753
177,774
177,800
177,802
177,805
177,820
177,845
177,862
177,863
177,884
177,888
177,899
177,924
177,946
177,973
177,986
177,988
178,225
178,230
178,264
178,288
178,328
178,385
178,394
178,428
178,474
178,499
178,505
178,568
178,590
178,618
178,635
178,637
178,649
178,657
178,662
178,671
178,706
178,709
178,712
178,723
178,725
178,747
178,753
178,767
178,773
178,778
178,780
178,805
178,819
178,899
178,941
178,945
178,946
178,988
178,991
179,189
179,243
179,250
179,281
179,288
179,294
179,315
179,409
179,411
179,438
179,449
179,465
179,532
179,562
179,585
179,628
179,690
179,699
179,710
179,716
179,732
179,792
179,793
179,803
179,805
179,823
179,860
179,940
179,958
179,959
179,969
179,994
180,187
180,201
180,209
180,215
180,220
180,233
180,267
180,325
180,326
180,377
180,382
180,407
180,426
180,437
180,442
180,444
180,485
180,534
180,547
180,548
180,563
180,607
180,609
180,737
180,738
180,739
180,751
180,753
180,766
180,786
180,789
180,794
180,827
180,838
180,863
180,890
180,893
180,943
180,982
180,988
180,996
181,198
181,199
181,224
181,251
181,266
181,270
181,333
181,339
181,386
181,399
181,400
181,402
181,462
181,483
181,553
181,558
181,560
181,574
181,606
181,674
181,685
181,725
181,764
181,801
181,809
181,864
181,919
181,950
181,957
181,976
182,204
182,231
182,234
182,250
182,275
182,279
182,305
182,306
182,307
182,356
182,379
182,386
182,408
182,446
182,447
182,497
182,510
182,521
182,565
182,596
182,607
182,618
182,634
182,643
182,651
182,654
182,658
182,671
182,686
182,722
182,731
182,759
182,765
182,820
182,862
182,866
182,870
182,877
182,896
182,900
182,910
182,925
182,940
182,966
183,207
183,351
183,386
183,387
183,402
183,417
183,418
183,439
183,466
183,531
183,602
183,605
183,667
183,683
183,706
183,737
183,764
183,778
183,832
183,836
183,871
183,923
184,200
184,214
184,224
184,227
184,254
184,309
184,312
184,347
184,354
184,367
184,440
184,450
184,451
184,484
184,489
184,491
184,503
184,515
184,523
184,542
184,553
184,579
184,596
184,609
184,618
184,645
184,655
184,675
184,720
184,723
184,823
184,849
184,853
184,872
184,882
184,917
184,952
184,968
184,970
184,973
184,987
184,992
185,291
185,344
185,355
185,368
185,385
185,456
185,470
185,533
185,546
185,578
185,616
185,617
185,642
185,682
185,720
185,755
185,760
185,786
185,791
185,818
185,848
185,900
185,932
185,953
185,969
185,993
186,225
186,255
186,278
186,288
186,301
186,344
186,355
186,361
186,406
186,413
186,420
186,448
186,450
186,459
186,474
186,512
186,609
186,632
186,633
186,637
186,641
186,643
186,647
186,657
186,665
186,670
186,685
186,686
186,695
186,736
186,761
186,777
186,796
186,819
186,880
186,887
186,888
186,897
186,899
186,924
186,935
186,944
186,959
186,976
186,996
186,997
187,251
187,270
187,273
187,285
187,312
187,338
187,349
187,382
187,384
187,389
187,440
187,474
187,519
187,536
187,567
187,590
187,593
187,650
187,661
187,674
187,676
187,697
187,702
187,706
187,726
187,738
187,766
187,784
187,890
187,929
187,973
188,193
188,252
188,264
188,335
188,362
188,373
188,375
188,376
188,422
188,463
188,488
188,527
188,551
188,572
188,608
188,656
188,683
188,687
188,697
188,701
188,706
188,707
188,739
188,764
188,786
188,789
188,803
188,834
188,839
188,876
188,890
188,917
188,943
188,968
189,340
189,362
189,365
189,367
189,434
189,444
189,454
189,457
189,477
189,518
189,530
189,539
189,552
189,564
189,572
189,574
189,620
189,718
189,772
189,786
189,803
189,843
189,944
189,993
190,204
190,206
190,218
190,235
190,272
190,301
190,305
190,316
190,321
190,372
190,374
190,391
190,615
190,700
190,704
190,824
190,825
190,851
190,910
190,915
190,920
190,975
190,994
191,249
191,337
191,457
191,505
191,576
191,579
191,600
191,622
191,640
191,669
191,672
191,681
191,722
191,738
191,933
192,238
192,279
192,284
192,289
192,292
192,307
192,370
192,384
192,403
192,430
192,439
192,480
192,491
192,517
192,518
192,527
192,529
192,576
192,577
192,591
192,632
192,653
192,676
192,677
192,679
192,695
192,702
192,713
192,720
192,724
192,751
192,767
192,824
192,885
192,891
192,914
192,935
192,982
193,198
193,208
193,219
193,240
193,268
193,269
193,312
193,315
193,319
193,321
193,363
193,371
193,398
193,427
193,432
193,438
193,441
193,467
193,484
193,491
193,501
193,503
193,514
193,524
193,585
193,588
193,610
193,625
193,626
193,671
193,676
193,678
193,684
193,693
193,712
193,728
193,731
193,765
193,766
193,771
193,794
193,795
193,799
193,814
193,823
193,848
193,859
193,868
193,870
193,872
193,896
193,901
193,918
193,922
193,940
193,942
193,953
193,971
193,981
193,992
194,200
194,211
194,212
194,268
194,311
194,321
194,326
194,364
194,379
194,381
194,384
194,396
194,398
194,405
194,420
194,437
194,439
194,440
194,441
194,454
194,470
194,471
194,536
194,547
194,578
194,580
194,589
194,611
194,635
194,651
194,727
194,729
194,737
194,744
194,757
194,797
194,798
194,813
194,852
194,875
194,876
194,910
194,911
194,931
194,950
194,953
195,198
195,347
195,349
195,391
195,395
195,410
195,461
195,546
195,557
195,615
195,665
195,710
195,753
195,823
195,876
195,892
195,942
196,247
196,292
196,383
196,429
196,469
196,474
196,516
196,586
196,804
196,844
196,847
196,937
196,961
197,203
197,249
197,280
197,309
197,335
197,345
197,426
197,452
197,488
197,518
197,519
197,526
197,671
197,679
197,681
197,683
197,688
197,698
197,705
197,775
197,851
197,872
197,882
197,973
197,975
198,269
198,275
198,279
198,332
198,378
198,408
198,444
198,449
198,451
198,498
198,521
198,535
198,539
198,594
198,610
198,651
198,723
198,748
198,775
198,781
198,816
198,825
198,918
198,927
198,940
198,948
198,958
198,980
198,981
199,231
199,245
199,279
199,357
199,379
199,420
199,456
199,459
199,508
199,532
199,562
199,628
199,682
199,699
199,794
199,810
199,834
199,942
199,954
200,201
200,208
200,233
200,256
200,274
200,299
200,302
200,308
200,311
200,315
200,344
200,348
200,356
200,362
200,369
200,384
200,387
200,407
200,437
200,443
200,494
200,526
200,534
200,640
200,653
200,659
200,753
200,763
200,780
200,782
200,857
200,876
200,982
201,226
201,242
201,259
201,261
201,269
201,281
201,292
201,294
201,314
201,362
201,367
201,374
201,375
201,391
201,407
201,414
201,434
201,454
201,470
201,478
201,518
201,519
201,523
201,534
201,547
201,548
201,561
201,581
201,623
201,661
201,679
201,687
201,696
201,697
201,706
201,742
201,747
201,776
201,782
201,783
201,785
201,795
201,804
201,835
201,857
201,884
201,890
201,894
201,973
201,986
201,997
202,321
202,353
202,372
202,462
202,476
202,513
202,585
202,627
202,711
202,735
202,748
202,771
202,775
202,779
202,797
202,851
202,889
202,940
202,983
203,226
203,231
203,234
203,237
203,246
203,249
203,254
203,266
203,311
203,320
203,335
203,364
203,429
203,436
203,442
203,476
203,489
203,502
203,506
203,511
203,536
203,545
203,595
203,626
203,656
203,657
203,666
203,671
203,677
203,698
203,722
203,754
203,773
203,778
203,824
203,836
203,851
203,852
203,854
203,869
203,901
203,946
203,951
203,977
203,996
203,997
204,208
204,227
204,239
204,240
204,270
204,277
204,279
204,281
204,316
204,321
204,343
204,349
204,354
204,378
204,381
204,398
204,411
204,416
204,440
204,441
204,448
204,474
204,498
204,510
204,513
204,532
204,561
204,569
204,589
204,593
204,594
204,607
204,670
204,672
204,676
204,691
204,706
204,708
204,710
204,721
204,722
204,723
204,734
204,746
204,753
204,765
204,778
204,798
204,809
204,812
204,822
204,830
204,839
204,842
204,877
204,898
204,918
204,932
204,951
204,952
204,980
204,994
205,232
205,237
205,296
205,327
205,346
205,358
205,364
205,380
205,403
205,406
205,425
205,428
205,456
205,508
205,527
205,545
205,607
205,668
205,670
205,676
205,737
205,747
205,761
205,768
205,782
205,831
205,832
205,837
205,844
205,853
205,899
205,948
205,980
206,218
206,315
206,384
206,404
206,407
206,409
206,491
206,542
206,673
207,236
207,254
207,265
207,270
207,272
207,297
207,386
207,402
207,413
207,414
207,418
207,442
207,454
207,504
207,506
207,509
207,512
207,558
207,573
207,575
207,584
207,600
207,603
207,607
207,649
207,666
207,677
207,701
207,702
207,745
207,762
207,794
207,807
207,881
207,884
207,899
207,967
207,982
208,231
208,234
208,248
208,257
208,273
208,287
208,295
208,303
208,309
208,316
208,343
208,345
208,349
208,354
208,367
208,378
208,384
208,385
208,393
208,405
208,410
208,438
208,441
208,446
208,448
208,453
208,461
208,465
208,467
208,470
208,491
208,498
208,521
208,524
208,543
208,561
208,572
208,580
208,591
208,596
208,611
208,625
208,635
208,658
208,660
208,672
208,680
208,695
208,708
208,710
208,716
208,719
208,722
208,723
208,727
208,753
208,767
208,771
208,783
208,800
208,846
208,853
208,877
208,882
208,914
208,925
208,933
208,951
208,983
208,992
208,996
209,214
209,222
209,223
209,224
209,235
209,237
209,273
209,274
209,312
209,328
209,351
209,354
209,359
209,368
209,373
209,375
209,418
209,426
209,457
209,467
209,518
209,545
209,561
209,566
209,567
209,579
209,580
209,596
209,620
209,626
209,642
209,660
209,675
209,683
209,696
209,710
209,723
209,739
209,754
209,786
209,843
209,853
209,862
209,882
209,913
209,920
209,924
209,968
209,972
210,223
210,228
210,233
210,247
210,250
210,257
210,270
210,272
210,276
210,309
210,317
210,363
210,377
210,390
210,402
210,410
210,420
210,434
210,442
210,472
210,479
210,488
210,571
210,572
210,592
210,621
210,644
210,653
210,683
210,725
210,727
210,729
210,732
210,837
210,847
210,862
210,890
210,893
210,945
210,963
210,964
211,225
211,288
211,311
211,350
211,408
211,422
211,428
211,461
211,501
211,516
211,523
211,540
211,545
211,573
211,596
211,646
211,710
211,716
211,751
211,761
211,762
211,804
211,809
211,848
211,858
211,880
211,897
211,900
211,954
211,961
212,223
212,229
212,237
212,278
212,293
212,303
212,361
212,427
212,429
212,454
212,471
212,479
212,481
212,521
212,527
212,537
212,568
212,593
212,600
212,604
212,637
212,666
212,677
212,713
212,731
212,732
212,835
212,838
212,956
212,959
212,978
212,988
212,996
213,247
213,322
213,425
213,431
213,542
213,643
213,696
213,729
213,765
213,806
213,819
213,840
213,876
213,896
213,946
213,961
214,215
214,220
214,244
214,248
214,252
214,264
214,267
214,274
214,286
214,299
214,344
214,359
214,415
214,416
214,418
214,434
214,466
214,488
214,505
214,513
214,525
214,530
214,550
214,566
214,567
214,570
214,576
214,597
214,620
214,647
214,655
214,695
214,706
214,742
214,744
214,751
214,771
214,782
214,795
214,843
214,853
214,864
214,882
214,894
214,902
214,911
214,931
214,932
214,946
214,952
215,222
215,252
215,273
215,303
215,309
215,342
215,391
215,426
215,503
215,525
215,554
215,566
215,567
215,647
215,656
215,676
215,678
215,779
215,784
215,786
215,820
215,875
215,878
215,894
215,913
215,931
215,952
216,260
216,262
216,371
216,377
216,391
216,396
216,398
216,409
216,416
216,429
216,498
216,539
216,618
216,635
216,664
216,690
216,719
216,753
216,780
216,781
216,793
216,822
216,861
216,875
216,876
216,955
216,982
216,991
216,994
217,229
217,259
217,294
217,295
217,297
217,323
217,333
217,361
217,386
217,387
217,392
217,418
217,462
217,509
217,510
217,528
217,563
217,574
217,649
217,657
217,763
217,809
217,829
217,864
217,874
217,899
218,219
218,234
218,250
218,269
218,283
218,298
218,328
218,340
218,370
218,373
218,395
218,396
218,404
218,428
218,438
218,447
218,571
218,575
218,598
218,615
218,622
218,647
218,666
218,690
218,708
218,737
218,765
218,769
218,776
218,817
218,840
218,846
218,876
218,877
218,914
218,921
218,938
218,939
218,944
218,948
218,983
218,985
219,222
219,227
219,305
219,327
219,361
219,371
219,373
219,398
219,427
219,461
219,519
219,539
219,585
219,615
219,632
219,655
219,684
219,734
219,759
219,793
219,816
219,880
219,896
219,918
219,993
220,226
220,267
220,325
220,326
220,371
220,375
220,383
220,437
220,448
220,454
220,515
220,534
220,559
220,564
220,580
220,607
220,608
220,641
220,647
220,661
220,664
220,667
220,669
220,683
220,687
220,697
220,703
220,706
220,739
220,768
220,817
220,827
220,853
220,857
220,862
220,878
220,882
220,892
220,897
220,924
220,951
220,952
220,973
220,997
221,231
221,255
221,265
221,327
221,364
221,383
221,395
221,420
221,454
221,489
221,546
221,580
221,609
221,636
221,673
221,682
221,709
221,725
221,781
221,811
221,814
221,865
221,874
221,876
221,900
221,904
221,954
221,961
222,226
222,235
222,254
222,264
222,273
222,274
222,284
222,318
222,320
222,342
222,359
222,367
222,368
222,418
222,463
222,473
222,488
222,518
222,534
222,546
222,554
222,566
222,600
222,613
222,669
222,731
222,771
222,786
222,792
222,795
222,820
222,856
222,872
222,873
222,894
222,908
222,909
222,934
222,937
222,947
223,235
223,270
223,274
223,280
223,336
223,399
223,415
223,443
223,454
223,459
223,462
223,477
223,491
223,570
223,586
223,623
223,654
223,667
223,669
223,695
223,726
223,728
223,738
223,774
223,780
223,786
223,795
223,807
223,833
223,863
223,879
223,909
223,916
223,917
223,931
223,934
223,979
224,259
224,270
224,317
224,335
224,365
224,372
224,375
224,402
224,407
224,411
224,441
224,448
224,482
224,484
224,500
224,622
224,675
224,696
224,711
224,783
224,791
224,792
224,800
224,807
224,813
224,894
224,897
224,954
224,981
225,253
225,311
225,328
225,346
225,400
225,406
225,407
225,418
225,422
225,438
225,442
225,657
225,670
225,671
225,695
225,703
225,761
225,767
225,820
225,834
225,841
225,847
225,873
225,892
225,910
225,911
225,937
225,943
225,945
225,966
225,977
225,982
226,237
226,240
226,258
226,264
226,313
226,415
226,421
226,480
226,504
226,519
226,536
226,561
226,645
226,661
226,664
226,699
226,703
226,706
226,728
226,729
226,738
226,753
226,756
226,792
226,863
226,884
226,890
226,891
226,900
226,923
226,934
226,982
226,999
227,233
227,236
227,259
227,264
227,273
227,281
227,293
227,320
227,354
227,359
227,362
227,368
227,375
227,380
227,384
227,389
227,398
227,401
227,419
227,420
227,426
227,434
227,439
227,453
227,498
227,505
227,518
227,519
227,521
227,534
227,536
227,561
227,566
227,567
227,585
227,601
227,607
227,608
227,622
227,645
227,671
227,675
227,692
227,700
227,709
227,753
227,759
227,761
227,769
227,789
227,802
227,819
227,830
227,842
227,867
227,882
227,913
227,921
227,951
227,952
227,955
227,957
227,968
227,980
228,254
228,270
228,293
228,303
228,326
228,362
228,366
228,392
228,412
228,443
228,454
228,485
228,496
228,515
228,519
228,551
228,554
228,564
228,590
228,643
228,689
228,728
228,732
228,765
228,767
228,774
228,780
228,786
228,789
228,794
228,827
228,850
228,852
228,853
228,928
228,963
228,965
229,247
229,323
229,390
229,471
229,496
229,575
229,603
229,639
229,762
229,910
229,918
229,956
229,978
230,232
230,233
230,253
230,279
230,304
230,307
230,333
230,351
230,352
230,358
230,382
230,392
230,417
230,423
230,435
230,508
230,509
230,528
230,559
230,584
230,612
230,614
230,641
230,675
230,685
230,702
230,713
230,733
230,796
230,802
230,819
230,838
230,881
230,887
230,888
230,899
230,922
230,944
230,945
230,967
230,976
230,986
230,990
231,263
231,271
231,288
231,297
231,304
231,318
231,324
231,327
231,340
231,344
231,355
231,381
231,382
231,383
231,398
231,406
231,429
231,439
231,441
231,452
231,455
231,463
231,470
231,480
231,482
231,493
231,501
231,508
231,520
231,539
231,542
231,543
231,569
231,580
231,596
231,602
231,607
231,623
231,631
231,638
231,640
231,641
231,643
231,654
231,658
231,662
231,665
231,668
231,673
231,675
231,682
231,690
231,691
231,705
231,715
231,723
231,736
231,741
231,747
231,751
231,755
231,760
231,761
231,762
231,767
231,768
231,777
231,817
231,820
231,821
231,827
231,845
231,846
231,848
231,850
231,897
231,900
231,906
231,914
231,917
231,928
231,946
231,953
231,954
231,955
231,957
231,969
231,990
232,242
232,258
232,278
232,290
232,304
232,330
232,339
232,358
232,361
232,384
232,417
232,430
232,454
232,469
232,509
232,512
232,546
232,592
232,628
232,632
232,636
232,657
232,676
232,698
232,707
232,737
232,754
232,770
232,773
232,785
232,805
232,844
232,888
232,893
232,903
232,935
232,946
232,984
233,239
233,242
233,248
233,256
233,258
233,262
233,276
233,281
233,295
233,318
233,324
233,384
233,405
233,410
233,420
233,421
233,443
233,461
233,463
233,510
233,600
233,644
233,645
233,647
233,676
233,706
233,709
233,753
233,761
233,785
233,809
233,849
233,857
233,860
233,862
233,887
233,906
233,951
233,996
234,261
234,262
234,270
234,275
234,282
234,283
234,398
234,430
234,449
234,478
234,493
234,569
234,582
234,615
234,625
234,646
234,647
234,688
234,699
234,704
234,706
234,720
234,723
234,727
234,734
234,765
234,804
234,875
234,914
234,938
234,940
234,953
234,994
235,242
235,252
235,270
235,273
235,284
235,285
235,303
235,342
235,368
235,375
235,382
235,387
235,389
235,396
235,412
235,417
235,426
235,465
235,503
235,514
235,515
235,518
235,570
235,586
235,597
235,605
235,608
235,648
235,656
235,657
235,663
235,675
235,726
235,739
235,744
235,754
235,776
235,780
235,789
235,791
235,795
235,803
235,808
235,816
235,839
235,850
235,902
235,908
235,913
235,917
235,931
235,934
235,952
235,960
235,966
235,975
235,982
236,275
236,310
236,315
236,340
236,355
236,378
236,389
236,449
236,451
236,476
236,484
236,515
236,519
236,526
236,542
236,547
236,572
236,600
236,611
236,614
236,625
236,645
236,660
236,681
236,690
236,703
236,706
236,720
236,721
236,722
236,753
236,786
236,792
236,805
236,834
236,836
236,861
236,870
236,970
236,980
237,264
237,278
237,294
237,299
237,311
237,386
237,423
237,448
237,473
237,483
237,494
237,509
237,574
237,580
237,595
237,607
237,653
237,780
237,781
237,824
237,885
237,947
237,951
237,952
237,972
237,977
237,992
238,248
238,281
238,324
238,405
238,449
238,514
238,526
238,564
238,623
238,681
238,711
238,723
238,881
238,942
239,248
239,255
239,268
239,269
239,274
239,281
239,315
239,324
239,349
239,351
239,356
239,375
239,393
239,398
239,410
239,427
239,437
239,456
239,478
239,513
239,518
239,519
239,525
239,526
239,533
239,534
239,536
239,542
239,578
239,603
239,625
239,635
239,639
239,657
239,672
239,689
239,691
239,692
239,696
239,703
239,711
239,721
239,739
239,798
239,813
239,830
239,887
239,914
239,931
239,951
239,986
239,994
239,995
239,997
240,262
240,274
240,288
240,343
240,365
240,407
240,424
240,453
240,480
240,491
240,547
240,572
240,590
240,619
240,641
240,645
240,653
240,683
240,694
240,716
240,720
240,723
240,742
240,785
240,792
240,800
240,807
240,830
240,833
240,842
240,849
240,863
240,876
240,911
240,912
240,913
240,923
240,980
241,292
241,313
241,388
241,404
241,414
241,462
241,477
241,479
241,494
241,517
241,523
241,679
241,696
241,720
241,724
241,805
241,836
241,844
241,855
241,857
241,863
241,924
241,974
242,254
242,264
242,266
242,280
242,295
242,297
242,299
242,317
242,352
242,358
242,386
242,389
242,392
242,393
242,414
242,417
242,418
242,421
242,437
242,462
242,474
242,492
242,531
242,543
242,548
242,563
242,593
242,595
242,607
242,647
242,661
242,664
242,670
242,676
242,733
242,749
242,752
242,764
242,767
242,778
242,780
242,802
242,809
242,822
242,837
242,863
242,878
242,886
242,888
242,897
242,899
242,906
242,924
242,946
242,977
242,988
242,996
242,997
243,261
243,309
243,317
243,354
243,366
243,372
243,521
243,532
243,606
243,611
243,680
243,693
243,698
243,732
243,751
243,769
243,776
243,782
243,830
243,868
243,877
243,938
243,939
243,981
243,986
243,992
243,994
243,999
244,309
244,310
244,366
244,420
244,461
244,488
244,490
244,516
244,554
244,620
244,648
244,664
244,726
244,780
244,872
244,882
244,892
244,909
244,920
244,926
244,951
244,957
244,980
244,995
244,997
245,260
245,267
245,327
245,507
245,528
245,612
245,623
245,633
245,672
245,874
245,885
245,900
245,919
246,250
246,280
246,326
246,337
246,383
246,396
246,403
246,407
246,445
246,494
246,509
246,547
246,548
246,588
246,599
246,640
246,652
246,753
246,789
246,830
246,837
246,906
246,951
246,962
246,963
247,262
247,306
247,467
247,524
247,616
247,654
247,671
247,717
247,735
247,979
248,251
248,254
248,258
248,274
248,281
248,294
248,316
248,333
248,365
248,384
248,395
248,403
248,407
248,476
248,494
248,508
248,512
248,518
248,521
248,526
248,533
248,547
248,576
248,578
248,589
248,604
248,607
248,625
248,641
248,644
248,654
248,692
248,701
248,703
248,712
248,721
248,723
248,727
248,732
248,738
248,739
248,747
248,753
248,767
248,820
248,830
248,837
248,860
248,893
248,910
248,914
248,927
248,939
248,946
248,955
248,966
248,982
248,986
248,997
249,256
249,276
249,295
249,311
249,315
249,382
249,414
249,417
249,421
249,429
249,437
249,483
249,502
249,506
249,511
249,551
249,558
249,614
249,766
249,830
249,831
249,845
249,862
249,926
249,935
249,962
249,972
250,259
250,272
250,277
250,296
250,319
250,339
250,376
250,413
250,432
250,449
250,476
250,504
250,512
250,526
250,540
250,547
250,559
250,582
250,585
250,594
250,600
250,645
250,661
250,722
250,729
250,738
250,748
250,798
250,836
250,847
250,849
250,892
250,952
250,971
250,978
250,986
251,268
251,296
251,341
251,363
251,392
251,394
251,409
251,442
251,445
251,462
251,476
251,496
251,519
251,523
251,543
251,591
251,613
251,622
251,660
251,665
251,792
251,835
251,874
251,894
251,902
251,904
251,917
251,922
251,949
251,951
251,954
251,956
251,976
251,983
251,998
252,270
252,273
252,274
252,310
252,313
252,345
252,366
252,393
252,413
252,426
252,434
252,477
252,481
252,498
252,503
252,525
252,554
252,576
252,586
252,588
252,597
252,630
252,640
252,656
252,667
252,678
252,694
252,706
252,716
252,730
252,764
252,778
252,786
252,800
252,824
252,830
252,866
252,898
252,900
252,903
252,913
252,920
252,931
252,934
252,968
253,255
253,265
253,328
253,348
253,390
253,401
253,406
253,420
253,437
253,456
253,499
253,520
253,583
253,603
253,628
253,630
253,659
253,666
253,686
253,694
253,698
253,710
253,715
253,758
253,796
253,838
253,853
253,867
253,873
253,890
253,954
253,967
254,270
254,276
254,338
254,348
254,359
254,376
254,386
254,387
254,393
254,419
254,421
254,453
254,454
254,483
254,505
254,508
254,509
254,526
254,531
254,545
254,564
254,576
254,599
254,606
254,613
254,623
254,647
254,675
254,718
254,724
254,757
254,765
254,766
254,769
254,773
254,824
254,829
254,836
254,842
254,874
254,878
254,905
254,924
254,963
254,973
254,986
254,987
254,994
255,288
255,300
255,301
255,333
255,334
255,341
255,354
255,364
255,386
255,390
255,394
255,403
255,406
255,456
255,520
255,528
255,534
255,537
255,596
255,630
255,633
255,634
255,637
255,641
255,643
255,657
255,662
255,682
255,683
255,685
255,715
255,725
255,731
255,736
255,770
255,818
255,821
255,831
255,844
255,847
255,867
255,913
255,914
255,954
256,308
256,434
256,461
256,489
256,559
256,742
256,922
256,946
257,264
257,266
257,270
257,319
257,323
257,333
257,362
257,370
257,386
257,417
257,433
257,437
257,462
257,504
257,511
257,543
257,558
257,559
257,573
257,603
257,612
257,642
257,643
257,664
257,676
257,702
257,732
257,764
257,822
257,824
257,836
257,837
257,838
257,878
257,886
257,887
257,888
257,905
257,924
257,937
257,944
257,972
258,259
258,299
258,316
258,327
258,329
258,335
258,375
258,377
258,378
258,384
258,389
258,461
258,491
258,494
258,499
258,515
258,521
258,526
258,536
258,543
258,545
258,579
258,595
258,640
258,644
258,649
258,657
258,658
258,664
258,676
258,678
258,686
258,696
258,703
258,705
258,733
258,742
258,752
258,753
258,785
258,786
258,805
258,808
258,815
258,819
258,836
258,852
258,854
258,862
258,884
258,886
258,894
258,899
258,904
258,920
258,927
258,946
258,958
258,986
259,270
259,277
259,348
259,367
259,379
259,384
259,389
259,402
259,412
259,445
259,451
259,472
259,479
259,503
259,515
259,525
259,567
259,583
259,605
259,614
259,623
259,640
259,661
259,664
259,700
259,709
259,713
259,730
259,738
259,742
259,744
259,808
259,824
259,851
259,857
259,863
259,891
259,905
259,951
259,966
259,973
259,980
259,986
259,988
260,279
260,300
260,301
260,311
260,337
260,391
260,424
260,430
260,495
260,537
260,573
260,583
260,635
260,641
260,661
260,674
260,699
260,731
260,750
260,754
260,875
260,881
260,914
260,982
261,275
261,277
261,307
261,318
261,346
261,371
261,444
261,446
261,463
261,469
261,484
261,497
261,498
261,588
261,694
261,705
261,710
261,722
261,769
261,775
262,294
262,303
262,343
262,344
262,357
262,372
262,390
262,399
262,404
262,409
262,441
262,461
262,521
262,565
262,579
262,596
262,625
262,676
262,704
262,719
262,721
262,731
262,732
262,751
262,754
262,759
262,793
262,814
262,817
262,830
262,861
262,926
262,948
262,966
263,288
263,300
263,302
263,383
263,438
263,447
263,455
263,475
263,492
263,516
263,531
263,533
263,542
263,690
263,763
263,847
263,848
263,907
263,913
263,932
263,955
263,965
263,969
264,276
264,285
264,326
264,335
264,351
264,352
264,366
264,367
264,436
264,441
264,442
264,479
264,483
264,534
264,564
264,587
264,590
264,607
264,608
264,640
264,647
264,661
264,691
264,695
264,705
264,723
264,728
264,733
264,764
264,802
264,838
264,839
264,852
264,853
264,931
264,936
264,969
264,974
264,982
264,996
265,327
265,333
265,353
265,361
265,386
265,488
265,504
265,506
265,522
265,548
265,552
265,575
265,666
265,676
265,733
265,775
265,794
265,799
265,809
265,829
265,844
265,869
265,880
265,881
265,930
265,944
265,966
266,289
266,291
266,297
266,301
266,317
266,319
266,333
266,343
266,382
266,387
266,396
266,412
266,417
266,418
266,429
266,450
266,504
266,517
266,548
266,553
266,564
266,634
266,689
266,700
266,735
266,766
266,815
266,826
266,828
266,837
266,862
266,865
266,878
266,905
266,913
266,931
266,973
266,977
266,996
267,275
267,294
267,335
267,336
267,356
267,373
267,375
267,488
267,511
267,525
267,530
267,534
267,554
267,559
267,580
267,587
267,599
267,609
267,647
267,683
267,697
267,718
267,738
267,739
267,776
267,795
267,803
267,839
267,853
267,867
267,882
267,886
267,894
267,945
267,946
267,999
268,270
268,275
268,277
268,278
268,283
268,294
268,297
268,315
268,332
268,349
268,369
268,390
268,396
268,404
268,410
268,430
268,437
268,440
268,478
268,481
268,485
268,491
268,540
268,543
268,554
268,572
268,580
268,598
268,601
268,622
268,644
268,655
268,662
268,664
268,665
268,672
268,692
268,701
268,705
268,709
268,754
268,783
268,800
268,824
268,835
268,846
268,876
268,877
268,967
268,968
269,272
269,283
269,294
269,298
269,307
269,391
269,400
269,403
269,408
269,441
269,450
269,453
269,493
269,590
269,635
269,651
269,670
269,759
269,783
269,791
269,810
269,866
269,870
269,918
269,981
269,996
270,276
270,286
270,315
270,322
270,362
270,367
270,393
270,409
270,416
270,418
270,426
270,430
270,435
270,441
270,463
270,540
270,551
270,561
270,567
270,599
270,608
270,620
270,635
270,645
270,647
270,656
270,661
270,663
270,675
270,683
270,687
270,697
270,706
270,730
270,731
270,745
270,749
270,784
270,789
270,798
270,836
270,864
270,892
270,898
270,908
270,917
270,920
270,943
270,963
270,989
271,275
271,298
271,322
271,355
271,409
271,484
271,498
271,544
271,594
271,600
271,610
271,619
271,625
271,684
271,722
271,735
271,765
271,797
271,816
271,823
271,825
271,870
271,877
271,901
271,909
271,919
271,940
271,983
272,280
272,286
272,302
272,337
272,384
272,434
272,435
272,474
272,479
272,485
272,495
272,542
272,591
272,638
272,650
272,679
272,683
272,798
272,808
272,890
272,916
272,982
273,274
273,285
273,310
273,345
273,382
273,418
273,426
273,442
273,482
273,524
273,525
273,535
273,567
273,583
273,597
273,607
273,608
273,621
273,632
273,640
273,644
273,651
273,656
273,657
273,664
273,670
273,678
273,683
273,739
273,740
273,756
273,778
273,780
273,784
273,786
273,817
273,843
273,863
273,898
273,902
273,913
273,973
274,284
274,285
274,303
274,310
274,312
274,343
274,344
274,345
274,349
274,366
274,368
274,375
274,398
274,415
274,426
274,439
274,470
274,473
274,477
274,483
274,485
274,488
274,505
274,525
274,534
274,554
274,564
274,567
274,570
274,583
274,600
274,614
274,625
274,635
274,640
274,649
274,656
274,658
274,675
274,678
274,714
274,722
274,734
274,740
274,742
274,744
274,747
274,749
274,795
274,803
274,825
274,827
274,839
274,862
274,863
274,868
274,898
274,902
274,910
274,924
274,973
274,982
274,990
275,288
275,314
275,316
275,321
275,365
275,399
275,405
275,416
275,446
275,463
275,513
275,576
275,578
275,582
275,596
275,598
275,600
275,651
275,654
275,657
275,767
275,771
275,780
275,793
275,817
275,822
275,853
275,862
275,870
275,882
275,892
275,918
275,940
275,972
275,983
276,305
276,325
276,344
276,366
276,375
276,387
276,393
276,439
276,482
276,483
276,504
276,518
276,555
276,564
276,568
276,582
276,594
276,609
276,613
276,650
276,661
276,664
276,672
276,676
276,694
276,706
276,745
276,747
276,766
276,768
276,770
276,776
276,788
276,794
276,820
276,831
276,864
276,893
276,909
276,920
276,967
276,971
276,977
276,987
277,294
277,315
277,343
277,384
277,405
277,433
277,477
277,498
277,503
277,514
277,547
277,556
277,557
277,616
277,625
277,711
277,717
277,732
277,746
277,758
277,799
277,803
277,821
277,868
277,910
277,913
277,980
277,996
278,295
278,318
278,330
278,351
278,394
278,406
278,425
278,430
278,470
278,471
278,509
278,514
278,528
278,545
278,573
278,575
278,580
278,591
278,598
278,603
278,640
278,666
278,676
278,683
278,689
278,713
278,727
278,732
278,751
278,761
278,767
278,780
278,819
278,831
278,841
278,866
278,874
278,897
278,926
278,947
278,977
279,316
279,317
279,395
279,411
279,416
279,438
279,467
279,510
279,521
279,537
279,573
279,618
279,630
279,640
279,665
279,666
279,669
279,676
279,687
279,699
279,721
279,724
279,751
279,754
279,756
279,770
279,785
279,790
279,798
279,812
279,867
279,883
279,914
279,928
279,947
280,282
280,326
280,335
280,351
280,371
280,376
280,395
280,437
280,477
280,566
280,610
280,664
280,733
280,742
280,788
280,798
280,802
280,807
280,838
280,968
280,974
280,982
281,294
281,309
281,316
281,323
281,356
281,364
281,379
281,408
281,441
281,453
281,501
281,505
281,510
281,521
281,528
281,562
281,596
281,600
281,603
281,605
281,640
281,670
281,674
281,696
281,716
281,729
281,738
281,757
281,761
281,835
281,856
281,863
281,866
281,882
281,897
281,898
281,899
281,910
281,951
281,955
281,976
282,365
282,381
282,401
282,404
282,436
282,524
282,526
282,554
282,582
282,601
282,610
282,684
282,694
282,700
282,742
282,763
282,799
282,825
282,830
282,847
283,329
283,343
283,372
283,463
283,465
283,467
283,498
283,502
283,507
283,598
283,673
283,690
283,723
283,876
283,938
284,286
284,291
284,303
284,326
284,342
284,360
284,368
284,373
284,402
284,434
284,449
284,488
284,525
284,547
284,579
284,586
284,638
284,673
284,779
284,781
284,803
284,816
284,894
284,923
284,934
284,976
284,999
285,303
285,415
285,434
285,473
285,488
285,525
285,546
285,554
285,587
285,597
285,614
285,619
285,644
285,662
285,678
285,701
285,730
285,739
285,768
285,780
285,843
285,898
285,983
286,303
286,379
286,412
286,415
286,481
286,503
286,514
286,525
286,530
286,572
286,581
286,620
286,687
286,697
286,704
286,726
286,744
286,779
286,815
286,827
286,923
286,924
286,931
286,938
286,962
287,322
287,391
287,424
287,465
287,500
287,583
287,669
287,681
287,687
287,733
287,736
287,749
287,800
287,803
287,811
287,813
287,833
287,894
287,952
288,301
288,324
288,327
288,344
288,352
288,392
288,458
288,471
288,499
288,512
288,569
288,580
288,607
288,640
288,641
288,649
288,657
288,670
288,682
288,698
288,705
288,712
288,715
288,725
288,727
288,755
288,761
288,796
288,814
288,847
288,848
288,867
288,874
288,928
288,965
288,996
289,295
289,310
289,323
289,333
289,339
289,351
289,358
289,417
289,418
289,421
289,423
289,469
289,505
289,512
289,531
289,542
289,555
289,563
289,584
289,603
289,612
289,632
289,647
289,709
289,733
289,776
289,802
289,838
289,859
289,862
289,878
289,972
289,973
289,996
290,297
290,307
290,321
290,326
290,437
290,442
290,446
290,474
290,510
290,521
290,540
290,557
290,567
290,618
290,631
290,654
290,655
290,657
290,658
290,670
290,695
290,705
290,727
290,754
290,757
290,762
290,771
290,787
290,804
290,805
290,815
290,817
290,831
290,846
290,868
290,877
290,883
290,888
290,925
290,946
290,986
290,989
291,421
291,430
291,472
291,479
291,483
291,489
291,531
291,553
291,558
291,564
291,602
291,612
291,652
291,655
291,687
291,710
291,836
291,937
292,296
292,311
292,370
292,377
292,394
292,395
292,406
292,408
292,423
292,471
292,527
292,545
292,562
292,668
292,743
292,794
292,820
292,845
292,933
292,935
293,317
293,364
293,383
293,393
293,403
293,414
293,429
293,456
293,488
293,510
293,527
293,566
293,590
293,607
293,613
293,634
293,676
293,687
293,743
293,747
293,767
293,773
293,836
293,845
293,855
293,895
293,913
293,930
293,941
293,978
293,985
294,307
294,315
294,355
294,356
294,366
294,376
294,384
294,394
294,395
294,405
294,408
294,411
294,418
294,505
294,517
294,518
294,565
294,578
294,584
294,587
294,589
294,618
294,636
294,640
294,648
294,657
294,667
294,669
294,673
294,678
294,679
294,681
294,689
294,721
294,722
294,729
294,737
294,763
294,767
294,813
294,841
294,846
294,851
294,854
294,866
294,870
294,873
294,875
294,882
294,901
294,910
294,914
294,922
294,931
295,317
295,358
295,380
295,381
295,400
295,412
295,416
295,423
295,450
295,502
295,528
295,543
295,587
295,605
295,606
295,637
295,659
295,685
295,695
295,728
295,733
295,756
295,774
295,785
295,809
295,838
295,864
295,871
295,887
295,946
295,967
296,297
296,301
296,331
296,358
296,429
296,430
296,455
296,466
296,483
296,496
296,603
296,676
296,721
296,724
296,737
296,747
296,758
296,763
296,768
296,811
296,844
296,869
296,899
297,301
297,303
297,339
297,363
297,375
297,386
297,392
297,417
297,418
297,426
297,454
297,459
297,462
297,471
297,476
297,506
297,548
297,580
297,584
297,603
297,608
297,612
297,617
297,635
297,676
297,702
297,706
297,712
297,723
297,764
297,774
297,798
297,802
297,805
297,815
297,837
297,872
297,888
297,905
297,918
297,945
297,957
297,967
298,450
298,524
298,539
298,582
298,690
298,698
298,740
298,769
298,913
298,940
298,971
298,994
299,307
299,316
299,326
299,338
299,359
299,366
299,393
299,407
299,441
299,442
299,456
299,505
299,510
299,561
299,588
299,593
299,632
299,651
299,661
299,672
299,676
299,692
299,752
299,753
299,756
299,759
299,811
299,813
299,857
299,882
299,897
299,951
299,955
299,996
300,385
300,387
300,425
300,492
300,542
300,624
300,674
300,682
300,715
300,793
300,896
301,327
301,330
301,358
301,360
301,370
301,374
301,385
301,390
301,394
301,406
301,412
301,425
301,428
301,462
301,499
301,512
301,580
301,596
301,609
301,637
301,641
301,651
301,657
301,659
301,685
301,686
301,689
301,694
301,704
301,709
301,733
301,747
301,761
301,773
301,819
301,883
301,889
301,897
301,914
301,944
301,961
301,993
302,310
302,366
302,379
302,412
302,434
302,453
302,515
302,525
302,535
302,608
302,620
302,656
302,720
302,726
302,730
302,773
302,803
302,862
302,863
302,870
302,933
303,312
303,366
303,491
303,514
303,525
303,535
303,554
303,587
303,597
303,678
303,710
303,738
303,740
303,760
303,784
303,803
303,812
303,816
303,843
303,879
303,913
303,920
303,967
303,992
304,320
304,330
304,364
304,380
304,402
304,428
304,429
304,438
304,461
304,506
304,512
304,560
304,574
304,584
304,638
304,647
304,649
304,676
304,702
304,713
304,733
304,737
304,752
304,770
304,778
304,779
304,838
304,884
304,944
304,946
304,977
304,978
305,332
305,354
305,412
305,427
305,446
305,449
305,582
305,601
305,626
305,653
305,656
305,671
305,684
305,693
305,769
305,812
305,823
305,858
305,868
305,885
305,889
305,915
305,932
305,983
306,309
306,349
306,372
306,374
306,434
306,446
306,479
306,497
306,521
306,540
306,680
306,693
306,716
306,727
306,751
306,760
306,771
306,777
306,820
306,822
306,823
306,860
306,969
306,981
307,348
307,398
307,409
307,416
307,426
307,441
307,468
307,474
307,480
307,497
307,498
307,508
307,510
307,521
307,533
307,569
307,576
307,596
307,616
307,618
307,626
307,651
307,658
307,662
307,680
307,690
307,708
307,716
307,759
307,804
307,819
307,822
307,823
307,840
307,846
307,861
307,865
307,870
307,874
307,881
307,895
307,931
307,951
307,954
307,966
307,986
308,314
308,327
308,377
308,428
308,434
308,529
308,546
308,553
308,584
308,641
308,649
308,652
308,666
308,677
308,761
308,785
308,787
308,805
308,815
308,819
308,831
308,834
308,844
308,944
308,993
309,345
309,354
309,368
309,373
309,393
309,418
309,434
309,450
309,489
309,503
309,518
309,547
309,554
309,579
309,593
309,609
309,614
309,619
309,640
309,656
309,671
309,675
309,695
309,697
309,712
309,713
309,730
309,742
309,769
309,773
309,800
309,843
309,859
309,868
309,909
309,913
309,922
309,934
309,949
309,952
309,969
310,434
310,554
310,579
310,632
310,650
310,672
310,678
310,749
310,756
310,779
310,803
310,860
310,879
310,902
310,959
311,334
311,335
311,337
311,403
311,413
311,415
311,425
311,481
311,533
311,537
311,545
311,556
311,577
311,589
311,692
311,748
311,783
311,790
311,815
311,818
311,835
311,891
311,917
311,960
311,974
311,976
311,977
312,337
312,338
312,397
312,443
312,488
312,515
312,526
312,566
312,614
312,660
312,808
312,916
312,924
312,980
312,981
312,982
313,315
313,317
313,326
313,369
313,407
313,411
313,429
313,454
313,469
313,515
313,522
313,553
313,558
313,576
313,587
313,600
313,688
313,724
313,738
313,770
313,786
313,788
313,820
313,824
313,848
313,863
313,892
313,906
313,913
313,931
313,962
314,369
314,371
314,383
314,390
314,392
314,414
314,486
314,506
314,507
314,516
314,533
314,566
314,568
314,584
314,604
314,607
314,621
314,628
314,630
314,637
314,657
314,666
314,671
314,676
314,682
314,701
314,709
314,747
314,780
314,782
314,804
314,815
314,836
314,841
314,844
314,874
314,887
314,889
314,895
314,897
314,947
314,990
315,343
315,346
315,356
315,360
315,384
315,395
315,410
315,476
315,491
315,498
315,535
315,547
315,550
315,557
315,585
315,645
315,655
315,727
315,739
315,763
315,766
315,855
315,857
315,876
315,910
315,911
315,913
315,914
315,966
315,996
316,326
316,334
316,354
316,426
316,448
316,450
316,484
316,505
316,518
316,524
316,534
316,547
316,572
316,582
316,585
316,596
316,675
316,683
316,704
316,706
316,710
316,716
316,721
316,734
316,765
316,805
316,823
316,830
316,833
316,859
316,866
316,882
316,901
316,925
316,927
316,934
316,946
316,964
316,980
316,992
317,339
317,364
317,366
317,371
317,473
317,485
317,494
317,500
317,502
317,519
317,558
317,571
317,575
317,627
317,647
317,665
317,697
317,709
317,720
317,738
317,753
317,786
317,791
317,823
317,824
317,826
317,838
317,845
317,866
317,876
317,905
317,919
317,923
317,929
317,951
317,966
317,976
317,982
318,346
318,348
318,385
318,426
318,437
318,446
318,459
318,499
318,501
318,508
318,529
318,531
318,533
318,536
318,538
318,564
318,576
318,580
318,618
318,628
318,641
318,649
318,665
318,690
318,691
318,709
318,715
318,736
318,754
318,767
318,768
318,777
318,809
318,817
318,834
318,846
318,863
318,865
318,884
318,897
318,904
318,954
318,967
318,969
319,347
319,361
319,398
319,413
319,473
319,494
319,547
319,634
319,676
319,817
319,820
319,895
319,974
320,337
320,338
320,366
320,384
320,418
320,426
320,430
320,452
320,488
320,528
320,542
320,550
320,566
320,585
320,592
320,608
320,622
320,640
320,661
320,663
320,695
320,706
320,728
320,736
320,737
320,763
320,780
320,789
320,792
320,813
320,842
320,851
320,863
320,882
320,890
320,926
320,992
321,332
321,354
321,358
321,371
321,386
321,389
321,416
321,427
321,446
321,463
321,498
321,504
321,520
321,524
321,529
321,544
321,610
321,658
321,691
321,703
321,714
321,759
321,771
321,780
321,786
321,791
321,797
321,800
321,805
321,817
321,823
321,855
321,859
321,866
321,870
321,896
321,897
321,925
321,929
321,980
321,986
321,994
322,338
322,368
322,376
322,378
322,407
322,434
322,450
322,455
322,513
322,531
322,566
322,579
322,622
322,629
322,669
322,680
322,689
322,732
322,771
322,789
322,866
322,882
322,891
322,909
322,920
322,952
322,967
322,982
323,333
323,358
323,382
323,392
323,397
323,421
323,437
323,462
323,512
323,513
323,538
323,553
323,605
323,609
323,628
323,689
323,697
323,713
323,742
323,752
323,766
323,805
323,820
323,829
323,830
323,836
323,848
323,864
323,878
323,889
323,899
323,937
323,943
323,946
323,996
323,997
324,344
324,383
324,385
324,455
324,456
324,470
324,508
324,517
324,533
324,540
324,549
324,580
324,617
324,643
324,651
324,657
324,670
324,709
324,713
324,715
324,725
324,733
324,736
324,811
324,817
324,818
324,820
324,844
324,848
324,874
324,946
324,950
324,951
324,953
324,954
324,969
324,990
325,443
325,494
325,551
325,615
325,638
325,647
325,697
325,700
325,701
325,728
325,742
325,800
325,838
325,852
325,893
325,970
325,999
326,351
326,358
326,377
326,389
326,422
326,427
326,437
326,472
326,482
326,503
326,513
326,518
326,528
326,542
326,543
326,559
326,567
326,578
326,591
326,595
326,607
326,618
326,621
326,622
326,623
326,634
326,645
326,650
326,665
326,666
326,675
326,676
326,680
326,683
326,747
326,753
326,755
326,767
326,784
326,786
326,819
326,824
326,827
326,852
326,857
326,869
326,885
326,898
326,951
326,974
326,987
326,997
327,340
327,344
327,351
327,384
327,393
327,396
327,453
327,456
327,470
327,501
327,508
327,540
327,546
327,562
327,579
327,580
327,583
327,613
327,616
327,618
327,634
327,635
327,636
327,656
327,657
327,662
327,670
327,690
327,695
327,696
327,715
327,725
327,736
327,737
327,741
327,747
327,768
327,777
327,818
327,821
327,824
327,834
327,847
327,848
327,865
327,870
327,874
327,875
327,877
327,880
327,897
327,900
327,904
327,914
327,926
327,954
327,961
327,969
327,980
327,996
328,329
328,340
328,353
328,360
328,383
328,390
328,456
328,458
328,476
328,478
328,503
328,508
328,516
328,526
328,529
328,545
328,568
328,573
328,580
328,589
328,628
328,631
328,646
328,669
328,683
328,689
328,704
328,733
328,760
328,770
328,796
328,821
328,867
328,921
328,953
329,370
329,400
329,447
329,452
329,507
329,508
329,538
329,553
329,657
329,834
329,848
329,855
329,976
329,986
329,992
330,344
330,361
330,369
330,602
330,628
330,647
330,676
330,702
330,747
330,767
330,778
330,819
330,873
330,937
330,946
330,985
331,377
331,380
331,386
331,442
331,527
331,549
331,747
331,757
331,776
331,780
331,782
331,829
331,839
331,869
331,873
331,874
331,881
331,944
331,982
332,338
332,354
332,389
332,404
332,427
332,454
332,463
332,534
332,544
332,556
332,569
332,610
332,654
332,669
332,670
332,690
332,691
332,714
332,719
332,723
332,727
332,759
332,765
332,771
332,791
332,797
332,870
332,883
332,925
332,946
332,983
333,386
333,387
333,392
333,393
333,400
333,482
333,483
333,512
333,519
333,543
333,550
333,553
333,555
333,563
333,576
333,591
333,602
333,612
333,640
333,657
333,669
333,683
333,685
333,702
333,705
333,713
333,720
333,733
333,769
333,785
333,795
333,802
333,809
333,814
333,829
333,838
333,867
333,878
333,972
333,986
334,348
334,394
334,431
334,434
334,439
334,509
334,513
334,526
334,537
334,588
334,631
334,664
334,699
334,709
334,748
334,763
334,783
334,798
334,836
334,854
334,868
334,922
334,985
334,993
335,338
335,363
335,376
335,432
335,439
335,485
335,518
335,525
335,542
335,554
335,566
335,574
335,576
335,596
335,605
335,635
335,645
335,672
335,703
335,730
335,765
335,776
335,795
335,839
335,842
335,849
335,853
335,879
335,894
335,905
335,913
335,933
335,970
335,977
335,999
336,399
336,475
336,515
336,567
336,599
336,807
336,833
336,892
336,904
336,908
336,952
336,970
337,343
337,355
337,389
337,432
337,444
337,454
337,464
337,474
337,482
337,509
337,513
337,538
337,573
337,607
337,609
337,634
337,655
337,690
337,701
337,706
337,729
337,736
337,745
337,748
337,767
337,784
337,813
337,835
337,841
337,865
337,886
337,924
337,958
337,978
337,984
337,986
337,999
338,343
338,367
338,375
338,378
338,412
338,415
338,434
338,443
338,489
338,523
338,534
338,559
338,561
338,594
338,603
338,611
338,621
338,645
338,664
338,696
338,697
338,700
338,785
338,831
338,851
338,868
338,872
338,882
338,916
338,917
338,943
338,997
338,999
339,386
339,389
339,390
339,407
339,413
339,417
339,428
339,436
339,504
339,560
339,649
339,670
339,676
339,689
339,707
339,769
339,819
339,836
339,845
339,846
339,864
339,884
339,996
340,344
340,367
340,370
340,381
340,394
340,406
340,422
340,430
340,433
340,446
340,474
340,481
340,483
340,492
340,508
340,512
340,513
340,520
340,540
340,547
340,562
340,582
340,614
340,617
340,633
340,688
340,715
340,725
340,727
340,736
340,741
340,742
340,754
340,761
340,773
340,780
340,798
340,831
340,847
340,897
340,928
340,961
340,984
340,992
341,347
341,411
341,421
341,471
341,486
341,494
341,517
341,533
341,538
341,577
341,632
341,665
341,694
341,702
341,729
341,733
341,760
341,761
341,781
341,787
341,820
341,836
341,895
341,899
341,911
341,922
341,932
341,944
341,946
341,985
341,994
341,998
342,407
342,443
342,518
342,535
342,550
342,554
342,561
342,608
342,609
342,641
342,648
342,656
342,683
342,701
342,711
342,779
342,782
342,786
342,789
342,807
342,836
342,862
342,872
342,894
342,960
342,975
343,391
343,404
343,407
343,409
343,410
343,424
343,448
343,467
343,520
343,565
343,569
343,579
343,582
343,598
343,611
343,615
343,625
343,690
343,692
343,712
343,721
343,722
343,751
343,757
343,777
343,822
343,823
343,868
344,368
344,390
344,404
344,454
344,464
344,470
344,474
344,475
344,492
344,498
344,501
344,508
344,510
344,514
344,520
344,540
344,545
344,546
344,562
344,580
344,598
344,603
344,608
344,614
344,631
344,645
344,658
344,668
344,675
344,682
344,685
344,689
344,691
344,715
344,727
344,736
344,738
344,760
344,775
344,777
344,804
344,811
344,817
344,819
344,821
344,846
344,848
344,865
344,874
344,878
344,888
344,897
344,904
344,914
344,927
344,947
344,948
344,976
344,977
344,986
344,990
345,415
345,434
345,439
345,485
345,554
345,614
345,678
345,705
345,713
345,730
345,739
345,853
345,878
345,883
345,898
345,905
345,973
345,989
345,997
346,370
346,385
346,404
346,405
346,438
346,449
346,474
346,496
346,508
346,520
346,529
346,556
346,575
346,598
346,624
346,630
346,635
346,665
346,701
346,710
346,711
346,729
346,737
346,752
346,754
346,761
346,763
346,777
346,821
346,873
346,875
346,876
346,927
346,941
346,951
346,994
347,403
347,430
347,456
347,463
347,464
347,471
347,479
347,508
347,543
347,563
347,564
347,591
347,607
347,622
347,638
347,666
347,684
347,743
347,815
347,820
347,844
347,875
347,900
347,920
347,923
347,935
347,985
347,986
348,386
348,398
348,406
348,413
348,416
348,422
348,441
348,474
348,480
348,491
348,501
348,532
348,567
348,577
348,598
348,620
348,624
348,625
348,637
348,640
348,658
348,670
348,674
348,694
348,715
348,751
348,754
348,755
348,760
348,761
348,810
348,817
348,844
348,874
348,877
348,888
348,895
348,914
348,955
348,966
348,988
349,359
349,366
349,368
349,444
349,518
349,519
349,536
349,566
349,607
349,610
349,660
349,672
349,675
349,680
349,706
349,711
349,716
349,721
349,843
349,968
349,981
350,355
350,370
350,429
350,441
350,447
350,458
350,499
350,500
350,538
350,568
350,573
350,595
350,600
350,604
350,622
350,637
350,639
350,715
350,765
350,796
350,819
350,820
350,858
350,876
350,922
350,930
351,367
351,375
351,390
351,392
351,414
351,418
351,462
351,465
351,504
351,512
351,516
351,517
351,526
351,531
351,534
351,549
351,555
351,563
351,567
351,574
351,602
351,612
351,672
351,676
351,685
351,707
351,713
351,733
351,739
351,764
351,765
351,766
351,774
351,780
351,829
351,838
351,878
351,886
351,888
351,905
351,924
351,935
351,967
351,978
351,990
351,996
351,997
352,358
352,373
352,375
352,381
352,392
352,413
352,421
352,428
352,437
352,453
352,458
352,476
352,506
352,512
352,513
352,528
352,543
352,559
352,573
352,591
352,635
352,637
352,638
352,643
352,652
352,660
352,661
352,666
352,678
352,701
352,706
352,710
352,716
352,733
352,742
352,743
352,747
352,761
352,778
352,811
352,817
352,819
352,831
352,836
352,844
352,871
352,888
352,924
352,937
352,945
352,950
352,986
352,988
352,990
353,370
353,390
353,475
353,490
353,527
353,568
353,573
353,592
353,633
353,643
353,668
353,685
353,694
353,712
353,790
353,898
353,906
353,950
353,998
354,368
354,420
354,440
354,444
354,461
354,476
354,498
354,502
354,543
354,547
354,567
354,587
354,594
354,595
354,625
354,626
354,632
354,671
354,680
354,684
354,696
354,704
354,716
354,739
354,743
354,759
354,772
354,780
354,783
354,799
354,812
354,870
354,877
354,882
354,901
354,909
354,920
354,924
354,925
354,935
354,981
354,983
354,989
354,992
355,357
355,363
355,409
355,418
355,420
355,427
355,441
355,600
355,649
355,654
355,665
355,669
355,679
355,690
355,700
355,708
355,713
355,759
355,793
356,395
356,442
356,539
356,549
356,581
356,586
356,610
356,653
356,671
356,692
356,723
356,804
356,813
356,840
356,994
356,996
357,360
357,406
357,446
357,456
357,458
357,545
357,546
357,616
357,635
357,644
357,698
357,747
357,818
357,845
357,860
357,869
357,908
357,966
358,386
358,387
358,406
358,417
358,425
358,460
358,475
358,479
358,510
358,513
358,553
358,561
358,591
358,603
358,619
358,632
358,662
358,668
358,676
358,677
358,685
358,702
358,703
358,712
358,731
358,760
358,761
358,808
358,809
358,817
358,884
358,895
358,913
358,931
358,946
358,950
359,363
359,394
359,407
359,427
359,441
359,453
359,498
359,525
359,528
359,530
359,567
359,595
359,640
359,660
359,672
359,706
359,736
359,771
359,789
359,792
359,798
359,827
359,834
359,843
359,851
359,853
359,856
359,866
359,882
359,911
359,918
359,928
359,952
359,968
359,989
360,380
360,490
360,494
360,516
360,549
360,565
360,568
360,589
360,604
360,609
360,639
360,640
360,685
360,691
360,785
360,805
360,819
360,887
360,917
360,922
360,945
360,947
360,978
360,993
361,386
361,414
361,417
361,421
361,429
361,430
361,454
361,458
361,462
361,469
361,475
361,506
361,572
361,573
361,665
361,685
361,690
361,724
361,762
361,764
361,773
361,800
361,805
361,820
361,829
361,831
361,832
361,845
361,888
361,899
361,901
361,914
361,920
361,945
361,976
361,978
361,985
361,997
362,384
362,413
362,484
362,514
362,516
362,547
362,601
362,614
362,645
362,660
362,687
362,696
362,710
362,794
362,806
362,828
362,842
362,853
362,882
362,892
362,905
362,910
362,916
362,964
362,967
363,393
363,408
363,450
363,457
363,485
363,567
363,579
363,590
363,655
363,681
363,718
363,792
363,821
363,822
363,870
363,892
363,917
363,939
364,366
364,369
364,381
364,388
364,389
364,394
364,395
364,403
364,407
364,414
364,419
364,429
364,430
364,441
364,472
364,481
364,496
364,504
364,505
364,519
364,530
364,559
364,562
364,572
364,575
364,591
364,595
364,603
364,666
364,673
364,705
364,757
364,760
364,761
364,762
364,802
364,814
364,836
364,859
364,871
364,884
364,895
364,906
364,923
364,936
364,946
364,976
365,378
365,404
365,405
365,432
365,465
365,467
365,484
365,488
365,491
365,500
365,503
365,569
365,600
365,610
365,622
365,637
365,658
365,688
365,729
365,759
365,765
365,775
365,780
365,783
365,818
365,823
365,842
365,857
365,859
365,863
365,882
365,901
365,992
365,996
366,375
366,426
366,434
366,439
366,441
366,443
366,462
366,465
366,483
366,485
366,491
366,518
366,539
366,542
366,567
366,584
366,587
366,608
366,656
366,675
366,696
366,706
366,728
366,730
366,734
366,756
366,767
366,779
366,788
366,789
366,832
366,845
366,852
366,863
366,909
366,920
366,973
366,982
367,368
367,375
367,406
367,429
367,432
367,445
367,482
367,545
367,609
367,694
367,720
367,726
367,782
367,786
367,795
367,857
367,866
367,917
367,920
367,943
368,375
368,393
368,408
368,426
368,437
368,463
368,485
368,505
368,518
368,534
368,597
368,607
368,614
368,629
368,667
368,670
368,689
368,696
368,697
368,706
368,709
368,723
368,729
368,734
368,757
368,765
368,778
368,822
368,878
368,882
368,898
368,905
368,913
368,924
368,951
368,973
368,981
369,388
369,401
369,403
369,410
369,425
369,429
369,434
369,436
369,450
369,472
369,489
369,494
369,508
369,548
369,549
369,575
369,613
369,634
369,646
369,661
369,705
369,706
369,738
369,763
369,778
369,783
369,829
369,845
369,889
369,928
369,986
370,390
370,405
370,413
370,423
370,459
370,471
370,494
370,517
370,538
370,558
370,574
370,617
370,635
370,709
370,710
370,737
370,785
370,837
370,897
370,957
370,972
370,993
371,384
371,427
371,446
371,462
371,467
371,516
371,565
371,585
371,684
371,719
371,731
371,742
371,756
371,793
371,805
371,825
371,898
371,907
371,909
371,918
371,932
371,933
371,980
371,983
371,989
371,994
371,995
372,380
372,461
372,606
372,654
372,680
372,684
372,771
372,782
372,790
372,797
372,816
372,837
372,870
372,876
372,877
372,890
372,896
372,915
372,944
372,945
373,421
373,434
373,436
373,463
373,488
373,515
373,554
373,567
373,620
373,642
373,663
373,678
373,697
373,735
373,779
373,795
373,797
373,843
373,863
373,911
373,915
373,921
373,960
373,999
374,379
374,385
374,396
374,530
374,547
374,584
374,610
374,688
374,723
374,765
374,799
374,870
374,896
375,382
375,399
375,413
375,434
375,482
375,503
375,534
375,561
375,567
375,569
375,570
375,580
375,587
375,588
375,597
375,603
375,608
375,637
375,656
375,672
375,687
375,689
375,695
375,697
375,739
375,756
375,780
375,795
375,807
375,853
375,875
375,888
375,894
375,909
375,931
375,943
375,951
375,973
375,986
376,420
376,434
376,443
376,450
376,473
376,566
376,590
376,614
376,644
376,687
376,696
376,746
376,786
376,872
376,917
376,970
376,982
377,388
377,445
377,449
377,452
377,453
377,454
377,494
377,512
377,527
377,583
377,589
377,591
377,632
377,645
377,703
377,724
377,742
377,761
377,768
377,788
377,835
377,841
377,905
377,919
377,946
377,967
377,986
378,450
378,461
378,482
378,491
378,505
378,514
378,567
378,569
378,572
378,576
378,594
378,637
378,643
378,645
378,683
378,724
378,734
378,793
378,800
378,830
378,833
378,842
378,863
378,898
378,913
378,946
378,948
378,951
378,952
378,968
379,521
379,526
379,654
379,672
379,716
379,723
379,754
379,757
379,870
379,883
379,901
379,915
379,925
379,979
379,980
379,994
380,385
380,428
380,442
380,455
380,456
380,476
380,549
380,650
380,655
380,677
380,699
380,702
380,722
380,737
380,747
380,758
380,783
380,785
380,790
380,859
380,895
380,899
380,935
380,946
380,972
380,985
381,398
381,403
381,408
381,458
381,522
381,546
381,576
381,581
381,646
381,658
381,662
381,690
381,699
381,716
381,820
381,830
381,848
381,875
382,389
382,393
382,403
382,417
382,418
382,436
382,462
382,482
382,483
382,531
382,551
382,561
382,566
382,607
382,638
382,640
382,641
382,647
382,651
382,661
382,683
382,689
382,713
382,745
382,766
382,808
382,862
382,863
382,864
382,924
382,963
382,973
382,996
382,997
383,428
383,456
383,471
383,486
383,487
383,499
383,540
383,580
383,643
383,682
383,712
383,727
383,731
383,760
383,761
383,780
383,814
383,818
383,819
383,844
383,848
383,852
383,865
383,870
383,874
383,891
383,904
383,907
383,932
383,969
384,392
384,397
384,407
384,410
384,421
384,443
384,453
384,455
384,576
384,578
384,585
384,611
384,634
384,641
384,645
384,670
384,705
384,714
384,718
384,742
384,753
384,757
384,783
384,816
384,858
384,860
384,863
384,906
384,914
384,918
384,934
384,945
384,948
384,960
384,986
384,994
385,398
385,452
385,459
385,463
385,532
385,533
385,540
385,596
385,635
385,636
385,651
385,662
385,674
385,682
385,691
385,712
385,715
385,736
385,755
385,815
385,867
385,900
385,907
385,925
385,926
385,946
385,954
385,969
386,390
386,393
386,414
386,423
386,426
386,429
386,437
386,472
386,482
386,491
386,496
386,502
386,504
386,506
386,512
386,528
386,531
386,543
386,548
386,551
386,553
386,558
386,589
386,602
386,612
386,634
386,640
386,649
386,652
386,689
386,696
386,706
386,707
386,710
386,715
386,743
386,758
386,764
386,774
386,780
386,785
386,802
386,805
386,819
386,832
386,871
386,886
386,888
386,924
386,937
386,949
386,950
386,963
386,977
386,981
386,996
386,997
387,399
387,419
387,421
387,439
387,543
387,548
387,555
387,556
387,582
387,609
387,635
387,642
387,647
387,702
387,708
387,712
387,750
387,766
387,773
387,788
387,824
387,895
387,937
387,967
387,978
387,981
387,987
387,996
387,997
388,396
388,411
388,442
388,453
388,461
388,527
388,573
388,636
388,648
388,673
388,705
388,848
388,891
388,937
388,951
389,405
389,418
389,505
389,534
389,547
389,548
389,564
389,596
389,623
389,625
389,631
389,632
389,640
389,645
389,649
389,678
389,729
389,738
389,754
389,774
389,784
389,817
389,824
389,862
389,863
389,886
389,914
389,921
389,924
389,962
389,966
389,989
389,999
390,425
390,444
390,486
390,507
390,538
390,549
390,577
390,638
390,657
390,668
390,670
390,677
390,709
390,716
390,752
390,759
390,770
390,796
390,814
390,818
390,932
390,941
390,952
390,953
390,954
390,993
391,416
391,458
391,467
391,526
391,531
391,547
391,578
391,588
391,593
391,611
391,615
391,732
391,757
391,765
391,791
391,866
391,897
391,921
391,977
392,401
392,417
392,418
392,437
392,454
392,471
392,479
392,489
392,504
392,536
392,573
392,587
392,590
392,593
392,595
392,614
392,621
392,634
392,647
392,653
392,678
392,714
392,716
392,747
392,756
392,761
392,762
392,767
392,814
392,822
392,844
392,862
392,863
392,878
392,884
392,888
392,899
392,911
392,930
392,934
392,944
392,951
392,982
392,997
393,401
393,406
393,439
393,443
393,445
393,482
393,483
393,485
393,515
393,535
393,547
393,548
393,558
393,559
393,564
393,578
393,587
393,592
393,608
393,669
393,683
393,689
393,696
393,697
393,706
393,733
393,758
393,784
393,793
393,794
393,829
393,837
393,878
393,891
393,914
393,930
393,931
393,963
393,964
393,982
394,458
394,471
394,475
394,483
394,538
394,545
394,553
394,589
394,632
394,637
394,640
394,713
394,731
394,778
394,780
394,796
394,809
394,820
394,823
394,831
394,881
394,887
394,935
394,944
394,999
395,405
395,407
395,410
395,421
395,431
395,441
395,534
395,536
395,542
395,549
395,568
395,594
395,596
395,600
395,611
395,612
395,637
395,642
395,670
395,711
395,728
395,729
395,757
395,880
395,894
395,901
395,945
395,951
395,960
396,475
396,477
396,553
396,556
396,573
396,576
396,589
396,613
396,627
396,636
396,642
396,652
396,686
396,694
396,710
396,755
396,804
396,820
396,835
396,841
396,865
396,875
396,888
396,939
397,432
397,442
397,476
397,479
397,483
397,517
397,551
397,552
397,599
397,612
397,641
397,662
397,687
397,697
397,737
397,788
397,891
397,977
397,988
398,416
398,448
398,467
398,470
398,478
398,510
398,525
398,533
398,572
398,596
398,618
398,631
398,651
398,658
398,670
398,698
398,701
398,706
398,716
398,722
398,732
398,751
398,759
398,762
398,791
398,813
398,814
398,834
398,846
398,877
398,893
398,918
398,955
398,988
398,994
399,403
399,432
399,475
399,513
399,564
399,656
399,681
399,808
399,837
399,838
399,891
399,900
399,910
399,934
399,967
399,978
400,401
400,412
400,469
400,504
400,512
400,531
400,534
400,548
400,555
400,568
400,574
400,600
400,606
400,638
400,650
400,676
400,677
400,691
400,702
400,706
400,725
400,756
400,766
400,809
400,829
400,855
400,871
400,930
400,976
400,984
401,411
401,418
401,425
401,464
401,498
401,528
401,575
401,593
401,603
401,606
401,617
401,634
401,640
401,661
401,763
401,781
401,831
401,862
401,884
401,911
401,924
401,934
401,949
401,960
401,979
402,483
402,511
402,516
402,519
402,531
402,590
402,594
402,789
402,824
402,837
402,844
402,865
402,905
402,929
402,934
402,967
402,976
402,987
402,996
403,407
403,413
403,429
403,464
403,513
403,528
403,593
403,598
403,737
403,742
403,743
403,761
403,767
403,773
403,778
403,807
403,813
403,814
403,836
403,900
403,951
403,962
403,976
403,996
404,409
404,410
404,449
404,461
404,484
404,523
404,530
404,535
404,562
404,582
404,600
404,625
404,660
404,670
404,690
404,698
404,705
404,710
404,711
404,723
404,753
404,757
404,759
404,786
404,798
404,825
404,839
404,845
404,846
404,847
404,869
404,922
404,948
404,959
404,966
404,967
404,971
405,408
405,448
405,450
405,453
405,476
405,491
405,518
405,521
405,537
405,547
405,609
405,611
405,640
405,651
405,658
405,671
405,709
405,727
405,765
405,830
405,834
405,866
405,880
405,885
405,888
405,918
405,922
405,952
405,971
405,984
406,412
406,437
406,457
406,466
406,470
406,499
406,504
406,518
406,562
406,565
406,602
406,612
406,633
406,635
406,637
406,638
406,643
406,657
406,659
406,666
406,674
406,679
406,686
406,691
406,710
406,727
406,747
406,752
406,761
406,767
406,768
406,785
406,822
406,869
406,887
406,897
406,947
406,976
407,439
407,458
407,460
407,473
407,543
407,564
407,567
407,605
407,612
407,687
407,696
407,722
407,724
407,753
407,761
407,813
407,822
407,824
407,828
407,844
407,848
407,854
407,863
407,878
407,906
407,911
407,920
407,923
407,924
407,935
407,951
407,960
407,972
407,977
407,980
407,981
407,994
408,410
408,467
408,516
408,545
408,587
408,636
408,645
408,661
408,680
408,709
408,711
408,732
408,742
408,772
408,818
408,824
408,866
408,910
408,927
408,930
408,933
409,414
409,444
409,498
409,502
409,510
409,580
409,583
409,596
409,615
409,616
409,618
409,653
409,704
409,710
409,719
409,738
409,754
409,775
409,791
409,793
409,797
409,825
409,894
409,918
409,935
409,959
409,983
410,449
410,476
410,499
410,526
410,547
410,583
410,597
410,600
410,611
410,644
410,645
410,692
410,701
410,774
410,794
410,798
410,808
410,849
410,871
410,911
410,917
410,921
410,924
410,940
410,942
410,986
410,997
411,413
411,432
411,438
411,458
411,507
411,511
411,540
411,543
411,607
411,613
411,690
411,692
411,705
411,774
411,794
411,805
411,846
411,862
411,910
411,928
411,936
411,950
411,971
411,985
412,417
412,453
412,531
412,623
412,695
412,738
412,784
412,789
412,808
412,809
412,843
412,852
412,934
412,943
412,951
412,981
412,987
413,416
413,417
413,419
413,428
413,436
413,444
413,462
413,464
413,479
413,493
413,496
413,500
413,541
413,568
413,576
413,581
413,593
413,618
413,621
413,622
413,632
413,652
413,740
413,742
413,746
413,779
413,787
413,838
413,845
413,862
413,886
413,972
414,417
414,425
414,437
414,445
414,479
414,531
414,535
414,548
414,558
414,559
414,571
414,574
414,576
414,590
414,593
414,610
414,635
414,639
414,668
414,687
414,733
414,738
414,741
414,752
414,754
414,755
414,766
414,786
414,802
414,852
414,878
414,891
414,911
414,958
414,960
414,996
414,998
415,429
415,446
415,525
415,566
415,570
415,585
415,586
415,614
415,664
415,805
415,852
415,934
415,957
416,443
416,468
416,493
416,505
416,521
416,556
416,596
416,618
416,664
416,693
416,708
416,716
416,725
416,727
416,864
416,867
416,901
416,940
416,948
417,418
417,437
417,441
417,454
417,466
417,469
417,504
417,512
417,547
417,553
417,563
417,584
417,591
417,592
417,602
417,605
417,613
417,689
417,728
417,764
417,766
417,798
417,814
417,829
417,837
417,844
417,878
417,886
417,898
417,903
417,977
417,982
418,437
418,442
418,480
418,483
418,496
418,504
418,509
418,512
418,528
418,538
418,548
418,563
418,597
418,602
418,642
418,647
418,649
418,650
418,676
418,683
418,703
418,743
418,754
418,764
418,780
418,802
418,814
418,831
418,837
418,838
418,852
418,864
418,872
418,878
418,884
418,887
418,905
418,935
418,939
418,978
418,988
418,990
418,996
419,450
419,455
419,476
419,524
419,553
419,681
419,712
419,742
419,780
419,832
419,862
419,879
419,918
419,934
419,962
419,964
420,425
420,458
420,489
420,520
420,529
420,604
420,611
420,631
420,636
420,705
420,742
420,757
420,768
420,793
420,841
420,862
420,887
420,897
420,911
420,918
420,946
421,437
421,441
421,462
421,472
421,510
421,519
421,531
421,551
421,573
421,647
421,657
421,672
421,742
421,743
421,760
421,774
421,793
421,831
421,832
421,842
421,843
421,862
421,884
421,943
421,945
421,978
421,982
422,455
422,528
422,537
422,632
422,636
422,642
422,675
422,715
422,761
422,887
422,895
422,946
422,994
423,439
423,497
423,512
423,516
423,533
423,548
423,564
423,572
423,584
423,592
423,621
423,637
423,649
423,670
423,677
423,685
423,702
423,713
423,729
423,778
423,780
423,809
423,829
423,832
423,838
423,853
423,882
423,888
423,899
423,905
423,935
423,937
423,946
423,957
424,427
424,431
424,450
424,473
424,476
424,524
424,539
424,581
424,601
424,614
424,622
424,650
424,790
424,843
424,859
424,866
424,927
424,951
424,996
425,471
425,476
425,496
425,522
425,565
425,589
425,638
425,707
425,733
425,741
425,742
425,747
425,750
425,758
425,764
425,785
425,796
425,856
425,865
425,904
425,976
425,993
425,998
426,443
426,477
426,482
426,498
426,512
426,525
426,548
426,554
426,570
426,579
426,583
426,584
426,596
426,608
426,621
426,664
426,665
426,672
426,675
426,678
426,692
426,695
426,714
426,739
426,762
426,782
426,787
426,789
426,811
426,878
426,882
426,886
426,898
426,916
426,917
426,920
426,951
427,440
427,444
427,449
427,451
427,461
427,508
427,510
427,570
427,572
427,576
427,580
427,582
427,583
427,596
427,610
427,625
427,626
427,654
427,664
427,684
427,688
427,690
427,704
427,710
427,714
427,716
427,723
427,741
427,757
427,759
427,765
427,769
427,793
427,819
427,833
427,855
427,863
427,870
427,873
427,877
427,882
427,918
427,920
427,922
427,952
427,979
427,989
428,452
428,504
428,516
428,549
428,592
428,604
428,605
428,614
428,646
428,653
428,685
428,702
428,709
428,713
428,742
428,765
428,770
428,785
428,819
428,830
428,836
428,846
428,880
428,887
428,900
428,914
428,993
428,998
429,435
429,439
429,454
429,458
429,490
429,499
429,513
429,517
429,527
429,528
429,567
429,593
429,637
429,658
429,676
429,684
429,689
429,713
429,722
429,740
429,743
429,836
429,852
429,876
429,935
429,944
429,946
429,978
429,989
429,999
430,441
430,527
430,529
430,551
430,583
430,612
430,632
430,666
430,676
430,680
430,704
430,751
430,761
430,813
430,835
430,836
430,869
430,888
430,935
430,954
430,980
430,982
430,986
430,998
431,451
431,471
431,475
431,500
431,558
431,588
431,594
431,616
431,656
431,710
431,728
431,825
431,833
431,866
431,933
431,980
431,992
432,437
432,441
432,476
432,477
432,483
432,485
432,511
432,529
432,542
432,590
432,641
432,687
432,718
432,729
432,753
432,782
432,788
432,876
432,886
432,948
432,982
432,986
432,995
433,439
433,440
433,491
433,498
433,502
433,524
433,539
433,554
433,582
433,595
433,610
433,615
433,619
433,625
433,662
433,690
433,704
433,711
433,735
433,769
433,819
433,820
433,844
433,882
433,898
433,931
433,933
433,973
433,981
434,443
434,485
434,488
434,525
434,534
434,557
434,566
434,589
434,608
434,661
434,695
434,700
434,706
434,718
434,723
434,738
434,779
434,784
434,789
434,794
434,807
434,836
434,852
434,853
434,893
434,908
434,924
434,950
434,997
435,511
435,547
435,558
435,563
435,571
435,602
435,631
435,650
435,666
435,782
435,803
435,864
435,871
435,980
435,986
436,439
436,531
436,536
436,541
436,550
436,564
436,613
436,661
436,663
436,697
436,711
436,720
436,729
436,890
436,996
437,442
437,443
437,457
437,464
437,476
437,481
437,483
437,489
437,498
437,543
437,560
437,578
437,590
437,593
437,596
437,603
437,618
437,628
437,634
437,635
437,651
437,682
437,683
437,712
437,713
437,756
437,764
437,766
437,778
437,780
437,783
437,791
437,829
437,836
437,844
437,846
437,869
437,892
437,918
437,945
437,946
437,948
437,951
437,973
437,977
437,986
437,988
437,996
437,997
438,442
438,462
438,526
438,556
438,588
438,651
438,657
438,676
438,680
438,692
438,710
438,720
438,731
438,732
438,759
438,793
438,798
438,804
438,877
438,918
439,474
439,531
439,548
439,560
439,567
439,683
439,696
439,706
439,739
439,784
439,826
439,831
439,844
439,917
439,936
439,949
439,997
440,449
440,497
440,524
440,572
440,594
440,610
440,625
440,641
440,651
440,684
440,688
440,693
440,705
440,710
440,728
440,755
440,763
440,769
440,823
440,835
440,843
440,851
440,855
440,878
440,881
440,890
440,896
440,968
440,992
441,461
441,499
441,501
441,525
441,547
441,576
441,578
441,585
441,614
441,632
441,634
441,660
441,671
441,705
441,723
441,759
441,765
441,783
441,793
441,822
441,830
441,854
441,867
441,872
441,875
441,883
441,887
441,918
441,954
441,969
441,974
442,454
442,464
442,487
442,499
442,518
442,536
442,633
442,728
442,736
442,744
442,745
442,805
442,813
442,824
442,832
442,837
442,885
442,886
442,891
442,901
443,477
443,507
443,523
443,539
443,567
443,587
443,664
443,678
443,697
443,706
443,718
443,744
443,765
443,776
443,786
443,853
443,872
443,923
443,963
443,973
443,981
444,463
444,498
444,524
444,582
444,588
444,597
444,637
444,672
444,676
444,693
444,710
444,771
444,822
444,855
444,861
444,866
444,870
444,918
444,938
444,945
444,983
444,989
445,483
445,531
445,553
445,576
445,578
445,584
445,600
445,603
445,621
445,661
445,680
445,689
445,697
445,713
445,720
445,773
445,780
445,785
445,830
445,866
445,911
445,918
445,926
445,929
445,943
445,963
446,463
446,498
446,521
446,543
446,547
446,592
446,604
446,646
446,658
446,660
446,662
446,698
446,712
446,713
446,759
446,791
446,816
446,846
446,848
446,887
446,897
446,936
446,969
446,989
447,456
447,459
447,533
447,545
447,588
447,617
447,682
447,705
447,751
447,842
447,847
447,928
447,942
447,958
447,966
447,993
448,463
448,498
448,534
448,573
448,574
448,594
448,619
448,625
448,636
448,666
448,671
448,684
448,690
448,710
448,730
448,732
448,759
448,767
448,769
448,771
448,782
448,797
448,812
448,822
448,830
448,855
448,866
448,877
448,894
448,924
448,953
448,971
448,979
448,980
448,983
448,994
449,463
449,491
449,524
449,582
449,588
449,615
449,626
449,684
449,721
449,722
449,763
449,771
449,790
449,870
449,896
449,924
449,925
449,938
449,982
450,484
450,518
450,534
450,551
450,572
450,600
450,629
450,651
450,671
450,672
450,694
450,698
450,704
450,706
450,734
450,740
450,833
450,836
450,840
450,842
450,843
450,865
450,866
450,867
450,901
450,909
450,952
450,953
450,967
450,992
451,463
451,484
451,503
451,561
451,566
451,585
451,594
451,610
451,621
451,625
451,640
451,646
451,654
451,655
451,670
451,671
451,710
451,729
451,754
451,771
451,823
451,833
451,843
451,855
451,921
451,981
452,456
452,472
452,487
452,549
452,579
452,580
452,604
452,641
452,668
452,725
452,770
452,863
452,865
452,877
452,885
452,932
452,945
452,986
452,998
453,491
453,512
453,519
453,526
453,547
453,566
453,567
453,581
453,610
453,622
453,644
453,657
453,682
453,705
453,710
453,711
453,721
453,723
453,830
453,876
453,878
453,901
453,931
453,946
453,970
453,997
454,479
454,489
454,531
454,559
454,576
454,627
454,632
454,689
454,701
454,752
454,764
454,778
454,792
454,793
454,814
454,911
454,924
454,944
454,949
454,958
455,459
455,475
455,479
455,545
455,568
455,587
455,640
455,650
455,652
455,666
455,685
455,702
455,743
455,773
455,820
455,887
455,888
455,893
455,976
455,991
456,480
456,510
456,533
456,540
456,546
456,548
456,562
456,580
456,588
456,617
456,624
456,629
456,638
456,643
456,657
456,680
456,682
456,695
456,712
456,715
456,725
456,751
456,760
456,777
456,796
456,811
456,818
456,847
456,867
456,897
456,900
456,926
456,932
456,947
456,953
456,954
456,965
456,981
456,991
456,993
456,995
457,518
457,523
457,534
457,535
457,547
457,566
457,579
457,586
457,652
457,664
457,671
457,703
457,718
457,742
457,743
457,744
457,776
457,803
457,849
457,871
457,979
458,507
458,517
458,538
458,564
458,565
458,576
458,584
458,589
458,598
458,602
458,638
458,652
458,682
458,697
458,699
458,710
458,729
458,736
458,741
458,760
458,787
458,802
458,806
458,811
458,818
458,831
458,858
458,873
458,874
458,879
458,885
458,945
458,946
458,947
458,953
458,988
459,461
459,508
459,577
459,630
459,741
459,762
459,768
459,811
459,897
459,941
459,965
460,462
460,471
460,511
460,553
460,584
460,591
460,592
460,602
460,603
460,605
460,646
460,666
460,687
460,707
460,733
460,900
460,927
460,932
460,967
460,972
461,499
461,556
461,565
461,566
461,596
461,598
461,663
461,689
461,692
461,698
461,704
461,719
461,757
461,843
461,852
461,875
461,876
461,895
461,918
461,921
461,980
461,994
462,465
462,473
462,479
462,509
462,559
462,568
462,571
462,591
462,605
462,612
462,643
462,673
462,677
462,702
462,711
462,713
462,723
462,737
462,743
462,748
462,753
462,756
462,766
462,773
462,776
462,805
462,818
462,833
462,843
462,862
462,871
462,886
462,893
462,930
462,935
462,957
462,997
463,472
463,497
463,596
463,619
463,641
463,658
463,680
463,682
463,693
463,714
463,715
463,723
463,735
463,739
463,747
463,764
463,771
463,797
463,823
463,855
463,870
463,914
463,918
463,925
463,939
463,940
463,948
463,951
463,954
463,983
464,476
464,575
464,595
464,656
464,697
464,737
464,743
464,769
464,788
464,797
464,844
464,871
464,919
464,946
464,963
464,977
464,995
465,470
465,478
465,490
465,506
465,596
465,613
465,628
465,629
465,640
465,651
465,655
465,729
465,732
465,847
466,483
466,509
466,511
466,527
466,531
466,602
466,605
466,612
466,625
466,649
466,702
466,738
466,829
466,831
466,864
466,906
466,946
466,978
466,996
467,480
467,508
467,547
467,582
467,589
467,597
467,604
467,637
467,682
467,690
467,708
467,716
467,726
467,753
467,783
467,787
467,793
467,812
467,822
467,854
467,855
467,878
467,922
467,927
467,953
467,981
468,493
468,539
468,565
468,614
468,690
468,708
468,727
468,732
468,735
468,850
468,887
468,904
468,948
469,496
469,502
469,528
469,531
469,541
469,647
469,676
469,689
469,764
469,770
469,804
469,834
469,931
469,957
469,991
469,998
470,514
470,548
470,564
470,587
470,641
470,643
470,658
470,665
470,676
470,685
470,692
470,709
470,712
470,715
470,724
470,766
470,777
470,780
470,783
470,811
470,820
470,845
470,847
470,870
470,874
470,897
470,926
470,954
470,983
470,986
471,481
471,517
471,521
471,526
471,543
471,567
471,587
471,603
471,639
471,663
471,713
471,715
471,770
471,778
471,785
471,814
471,844
471,845
471,847
471,854
471,887
471,897
471,922
471,945
471,950
471,957
471,978
471,984
472,483
472,489
472,500
472,509
472,552
472,566
472,590
472,618
472,621
472,687
472,688
472,706
472,720
472,729
472,738
472,788
472,828
472,832
472,836
472,852
472,877
472,893
472,973
472,987
473,488
473,502
473,530
473,554
473,557
473,617
473,620
473,655
473,744
473,768
473,779
473,866
473,889
473,893
473,894
474,521
474,540
474,546
474,582
474,594
474,609
474,616
474,642
474,643
474,662
474,670
474,691
474,694
474,708
474,710
474,713
474,719
474,731
474,736
474,751
474,760
474,768
474,775
474,787
474,793
474,817
474,834
474,838
474,852
474,883
474,911
474,914
474,952
474,955
474,969
475,509
475,652
475,659
475,674
475,694
475,722
475,737
475,754
475,768
475,810
475,821
475,884
475,900
475,901
475,911
475,917
475,945
475,982
476,479
476,489
476,509
476,559
476,576
476,592
476,593
476,599
476,641
476,696
476,724
476,747
476,804
476,832
476,834
476,862
476,893
476,896
476,899
476,951
476,965
477,525
477,536
477,541
477,551
477,584
477,647
477,661
477,690
477,706
477,718
477,744
477,786
477,794
477,808
477,827
477,852
477,868
477,878
477,917
477,923
477,967
477,970
477,997
478,510
478,556
478,564
478,607
478,658
478,694
478,708
478,717
478,721
478,748
478,793
478,868
478,883
478,905
478,948
478,974
478,997
479,502
479,531
479,545
479,549
479,555
479,560
479,571
479,581
479,586
479,588
479,593
479,595
479,642
479,645
479,667
479,673
479,676
479,689
479,709
479,730
479,738
479,742
479,775
479,805
479,820
479,824
479,832
479,841
479,864
479,886
479,887
479,889
479,924
479,943
479,951
479,964
479,975
479,977
479,986
480,498
480,510
480,576
480,595
480,598
480,616
480,618
480,631
480,654
480,662
480,673
480,674
480,690
480,694
480,695
480,699
480,727
480,736
480,753
480,754
480,759
480,777
480,793
480,836
480,846
480,856
480,862
480,870
480,877
480,882
480,911
480,918
480,952
480,953
480,966
480,986
481,483
481,496
481,501
481,543
481,556
481,577
481,666
481,679
481,745
481,786
481,807
481,832
481,868
481,869
481,895
481,922
481,941
482,513
482,536
482,546
482,564
482,593
482,647
482,650
482,689
482,733
482,750
482,764
482,781
482,784
482,837
482,878
482,890
482,923
482,927
482,946
482,969
482,977
482,979
482,996
483,496
483,563
483,595
483,607
483,648
483,677
483,686
483,687
483,689
483,694
483,738
483,742
483,778
483,820
483,857
483,945
483,962
483,984
483,997
484,490
484,593
484,622
484,648
484,672
484,683
484,684
484,711
484,722
484,765
484,775
484,798
484,810
484,825
484,829
484,833
484,842
484,866
484,870
484,877
484,900
484,931
484,968
484,981
484,989
485,561
485,564
485,574
485,587
485,597
485,609
485,646
485,700
485,718
485,726
485,753
485,772
485,795
485,803
485,839
485,843
485,852
485,865
485,894
485,951
485,987
486,496
486,537
486,546
486,631
486,865
486,896
486,904
486,998
487,520
487,596
487,793
487,812
487,919
487,930
487,942
487,968
488,519
488,520
488,563
488,576
488,579
488,594
488,620
488,648
488,669
488,696
488,711
488,728
488,776
488,803
488,857
488,876
488,902
488,917
488,952
488,958
489,504
489,547
489,611
489,640
489,681
489,701
489,754
489,773
489,805
489,808
489,822
489,837
489,858
489,883
489,910
489,944
489,991
490,524
490,601
490,645
490,721
490,866
490,876
490,946
490,952
490,983
491,500
491,515
491,545
491,547
491,566
491,569
491,606
491,622
491,665
491,675
491,698
491,711
491,713
491,740
491,798
491,842
491,843
491,882
491,901
491,918
491,921
491,951
491,967
491,981
491,987
491,989
492,533
492,540
492,562
492,580
492,625
492,642
492,643
492,672
492,682
492,715
492,741
492,793
492,818
492,900
492,973
493,497
493,498
493,510
493,556
493,558
493,561
493,568
493,616
493,623
493,626
493,631
493,658
493,690
493,732
493,736
493,834
493,842
493,860
493,885
493,894
493,922
493,950
493,983
493,990
493,992
493,994
494,500
494,560
494,567
494,712
494,740
494,801
494,831
494,852
494,866
495,514
495,551
495,599
495,614
495,682
495,687
495,739
495,782
495,786
495,792
495,795
495,892
495,917
495,919
495,949
495,957
496,558
496,573
496,574
496,605
496,634
496,636
496,652
496,710
496,713
496,773
496,808
496,835
496,849
496,854
496,871
496,881
496,884
496,896
496,899
496,946
496,972
496,978
497,616
497,626
497,631
497,673
497,687
497,692
497,722
497,727
497,798
497,848
497,865
497,901
497,915
497,959
497,987
497,989
497,992
497,994
498,499
498,510
498,521
498,532
498,567
498,579
498,596
498,601
498,611
498,625
498,632
498,651
498,654
498,657
498,670
498,678
498,680
498,716
498,721
498,722
498,723
498,759
498,765
498,769
498,797
498,825
498,830
498,834
498,875
498,914
498,925
498,933
498,952
498,982
498,983
498,989
499,508
499,519
499,533
499,603
499,632
499,635
499,657
499,659
499,671
499,725
499,741
499,761
499,767
499,768
499,770
499,818
499,830
499,868
499,873
499,888
499,897
499,903
499,906
499,928
499,954
499,988
499,990
500,532
500,533
500,547
500,558
500,582
500,614
500,662
500,679
500,693
500,734
500,740
500,759
500,842
500,882
500,912
500,948
500,980
500,982
500,996
501,508
501,540
501,562
501,604
501,608
501,624
501,630
501,632
501,636
501,641
501,662
501,664
501,690
501,706
501,736
501,755
501,760
501,762
501,768
501,777
501,800
501,815
501,817
501,834
501,865
501,880
501,883
501,904
501,926
501,932
501,947
501,955
501,986
502,509
502,511
502,512
502,541
502,558
502,564
502,574
502,577
502,602
502,611
502,620
502,673
502,713
502,737
502,753
502,829
502,853
502,871
502,881
503,525
503,535
503,554
503,561
503,562
503,564
503,576
503,590
503,624
503,631
503,670
503,675
503,687
503,710
503,744
503,776
503,803
503,809
503,825
503,852
503,872
503,902
503,931
503,983
504,508
504,509
504,512
504,531
504,540
504,548
504,569
504,575
504,584
504,603
504,657
504,686
504,703
504,707
504,709
504,733
504,764
504,774
504,785
504,802
504,871
504,876
504,878
504,905
504,924
504,951
504,967
504,968
504,976
504,984
504,989
505,518
505,567
505,569
505,594
505,600
505,614
505,645
505,649
505,675
505,696
505,777
505,798
505,808
505,812
505,830
505,882
505,939
505,943
505,977
505,980
505,982
505,983
505,992
506,519
506,531
506,560
506,584
506,649
506,673
506,676
506,743
506,757
506,793
506,796
506,817
506,820
506,844
506,864
506,872
506,935
506,949
506,957
506,962
506,967
506,972
506,978
507,537
507,589
507,631
507,657
507,690
507,755
507,781
507,787
507,854
507,871
507,964
507,992
507,998
508,510
508,520
508,540
508,546
508,562
508,602
508,631
508,632
508,633
508,643
508,670
508,691
508,701
508,736
508,747
508,777
508,815
508,818
508,820
508,829
508,845
508,847
508,865
508,876
508,897
508,914
508,926
508,927
508,947
508,954
508,955
508,969
508,991
509,512
509,547
509,555
509,563
509,564
509,574
509,577
509,606
509,666
509,677
509,706
509,733
509,737
509,747
509,770
509,801
509,802
509,804
509,809
509,825
509,829
509,864
509,868
509,881
509,884
509,969
509,996
510,521
510,549
510,632
510,658
510,670
510,691
510,692
510,715
510,768
510,793
510,846
510,877
510,880
510,885
510,903
510,904
510,948
510,955
511,517
511,560
511,574
511,623
511,765
511,841
511,864
511,937
511,944
512,555
512,559
512,566
512,592
512,593
512,602
512,656
512,675
512,702
512,706
512,737
512,761
512,838
512,855
512,899
512,913
512,927
512,937
512,967
512,976
512,996
513,524
513,540
513,576
513,614
513,632
513,660
513,666
513,694
513,713
513,733
513,752
513,761
513,766
513,782
513,794
513,796
513,798
513,805
513,824
513,836
513,895
513,905
513,945
513,973
513,997
514,563
514,565
514,652
514,655
514,714
514,717
514,722
514,734
514,772
514,778
514,820
514,842
514,863
514,910
514,952
514,968
514,981
515,526
515,531
515,554
515,582
515,618
515,626
515,650
515,653
515,664
515,669
515,676
515,727
515,767
515,773
515,792
515,827
515,830
515,853
515,865
515,915
515,979
516,534
516,558
516,562
516,568
516,638
516,687
516,709
516,750
516,762
516,768
516,770
516,773
516,790
516,796
516,844
516,849
516,897
516,907
516,978
517,524
517,583
517,599
517,612
517,625
517,668
517,675
517,745
517,832
517,836
517,871
517,949
518,534
518,548
518,561
518,566
518,567
518,572
518,594
518,607
518,614
518,628
518,640
518,641
518,681
518,683
518,692
518,703
518,706
518,720
518,728
518,734
518,753
518,780
518,782
518,785
518,786
518,792
518,823
518,835
518,843
518,857
518,872
518,874
518,877
518,881
518,882
518,892
518,894
518,898
518,916
518,927
518,932
518,946
518,951
518,958
518,962
518,970
518,980
518,986
518,990
518,994
518,999
519,535
519,542
519,553
519,566
519,579
519,590
519,595
519,660
519,664
519,667
519,687
519,690
519,705
519,738
519,782
519,797
519,808
519,819
519,820
519,837
519,853
519,885
519,905
519,913
519,923
519,949
519,955
519,973
519,987
520,533
520,540
520,545
520,562
520,601
520,652
520,665
520,709
520,751
520,754
520,755
520,761
520,763
520,770
520,798
520,810
520,894
520,897
520,904
520,912
520,929
520,947
521,539
521,593
521,596
521,616
521,617
521,618
521,619
521,627
521,646
521,651
521,654
521,657
521,658
521,660
521,662
521,673
521,676
521,682
521,689
521,691
521,694
521,708
521,716
521,722
521,729
521,740
521,745
521,760
521,761
521,771
521,779
521,789
521,797
521,800
521,806
521,814
521,817
521,822
521,846
521,859
521,879
521,883
521,901
521,911
521,928
521,948
521,951
521,976
521,980
521,981
521,989
522,555
522,591
522,623
522,702
522,718
522,747
522,773
522,788
522,937
522,950
522,985
522,998
523,525
523,542
523,634
523,666
523,667
523,692
523,724
523,725
523,759
523,894
523,901
523,909
523,951
523,962
523,970
523,987
524,547
524,601
524,625
524,642
524,671
524,690
524,693
524,722
524,723
524,735
524,736
524,791
524,816
524,823
524,825
524,837
524,840
524,856
524,870
524,896
524,959
525,531
525,533
525,554
525,654
525,669
525,675
525,738
525,742
525,779
525,828
525,886
525,894
525,898
525,917
525,931
525,937
525,949
525,977
526,531
526,547
526,555
526,556
526,564
526,576
526,640
526,645
526,672
526,681
526,692
526,704
526,705
526,729
526,798
526,833
526,882
526,888
526,910
526,951
526,953
527,529
527,547
527,569
527,605
527,613
527,641
527,664
527,691
527,694
527,765
527,845
527,847
527,897
527,903
527,937
527,957
528,540
528,543
528,556
528,584
528,592
528,605
528,635
528,637
528,647
528,676
528,677
528,689
528,715
528,733
528,737
528,766
528,780
528,802
528,803
528,809
528,810
528,819
528,899
528,917
528,926
528,937
528,945
528,967
528,976
529,533
529,557
529,570
529,590
529,596
529,643
529,665
529,694
529,754
529,768
529,783
529,817
529,818
529,875
529,880
529,888
529,914
529,927
529,943
529,957
529,987
530,534
530,590
530,614
530,623
530,694
530,728
530,749
530,782
530,913
530,916
530,923
530,975
531,548
531,551
531,552
531,553
531,562
531,603
531,621
531,623
531,630
531,650
531,655
531,669
531,694
531,702
531,709
531,730
531,738
531,742
531,776
531,780
531,808
531,835
531,836
531,837
531,871
531,878
531,881
531,895
531,935
531,949
531,958
531,962
531,967
531,979
531,983
531,995
531,996
531,997
532,577
532,585
532,642
532,644
532,662
532,670
532,674
532,690
532,698
532,727
532,731
532,751
532,759
532,775
532,793
532,813
532,818
532,834
532,848
532,859
532,888
532,927
532,930
532,939
532,945
532,958
532,973
533,540
533,562
533,591
533,601
533,632
533,633
533,647
533,657
533,665
533,666
533,682
533,697
533,721
533,741
533,760
533,787
533,821
533,834
533,848
533,862
533,874
533,898
533,922
533,945
533,961
533,999
534,547
534,557
534,561
534,565
534,578
534,579
534,585
534,593
534,640
534,645
534,647
534,660
534,669
534,675
534,681
534,696
534,713
534,718
534,720
534,723
534,730
534,749
534,768
534,777
534,813
534,824
534,834
534,843
534,857
534,863
534,876
534,879
534,921
534,943
534,970
534,980
534,987
535,547
535,557
535,561
535,655
535,678
535,695
535,706
535,710
535,798
535,803
535,807
535,853
535,879
535,917
535,923
536,596
536,607
536,656
536,661
536,681
536,687
536,691
536,692
536,696
536,706
536,713
536,736
536,767
536,771
536,782
536,794
536,802
536,828
536,863
536,883
536,893
536,899
536,917
536,924
536,943
536,973
536,977
536,980
536,986
537,562
537,653
537,673
537,701
537,763
537,820
537,836
537,842
537,885
537,922
537,971
537,982
538,628
538,639
538,668
538,694
538,725
538,742
538,748
538,754
538,874
538,897
538,903
538,926
538,944
538,973
539,594
539,654
539,674
539,679
539,699
539,735
539,747
539,782
539,818
539,915
539,979
539,984
540,546
540,562
540,580
540,617
540,624
540,630
540,635
540,662
540,665
540,670
540,690
540,691
540,725
540,752
540,804
540,810
540,817
540,818
540,834
540,846
540,848
540,870
540,887
540,949
540,961
540,966
541,555
541,558
541,689
541,690
541,805
541,864
541,891
541,927
541,957
541,976
542,557
542,564
542,582
542,614
542,617
542,653
542,659
542,678
542,684
542,752
542,754
542,797
542,798
542,813
542,857
542,869
542,872
542,906
542,934
542,982
543,572
543,593
543,595
543,603
543,612
543,635
543,649
543,713
543,725
543,733
543,759
543,767
543,774
543,778
543,785
543,802
543,805
543,814
543,819
543,837
543,881
543,884
543,888
543,924
543,944
543,945
543,952
543,972
543,977
544,565
544,625
544,693
544,710
544,771
544,775
544,791
544,822
544,845
544,896
544,940
544,994
545,564
545,572
545,623
545,628
545,652
545,701
545,702
545,748
545,752
545,767
545,782
545,825
545,842
545,865
545,869
545,930
545,945
545,949
545,956
545,958
545,977
545,986
546,598
546,604
546,634
546,662
546,670
546,682
546,691
546,714
546,715
546,725
546,732
546,741
546,755
546,761
546,768
546,846
546,874
546,877
546,900
546,926
546,954
546,955
546,966
546,969
546,973
546,982
547,557
547,566
547,569
547,590
547,611
547,622
547,624
547,625
547,629
547,634
547,670
547,681
547,710
547,722
547,736
547,800
547,830
547,842
547,848
547,849
547,851
547,863
547,865
547,906
547,923
547,933
547,952
547,970
547,980
547,987
548,640
548,669
548,683
548,687
548,706
548,733
548,737
548,752
548,754
548,764
548,768
548,780
548,845
548,877
548,878
548,897
548,919
548,924
548,930
548,957
548,977
548,987
548,996
549,634
549,652
549,659
549,661
549,685
549,743
549,786
549,793
549,804
549,847
549,851
549,862
549,888
549,897
549,927
549,928
549,970
550,587
550,597
550,608
550,756
550,814
550,824
550,829
550,839
550,898
550,913
550,917
550,923
550,934
551,557
551,570
551,622
551,648
551,656
551,661
551,720
551,771
551,803
551,842
551,892
551,917
551,923
551,999
552,557
552,599
552,635
552,656
552,681
552,733
552,738
552,778
552,836
552,874
552,919
552,923
552,960
553,560
553,574
553,601
553,649
553,662
553,669
553,677
553,689
553,694
553,734
553,764
553,796
553,838
553,839
553,841
553,864
553,878
553,881
553,905
553,928
554,586
554,607
554,625
554,661
554,678
554,710
554,730
554,734
554,776
554,779
554,803
554,879
554,901
554,913
554,931
554,943
554,972
554,975
555,566
555,592
555,594
555,650
555,689
555,702
555,740
555,774
555,801
555,805
555,829
555,871
555,957
555,967
555,976
555,978
555,998
556,572
556,616
556,625
556,643
556,654
556,670
556,674
556,688
556,690
556,692
556,699
556,715
556,749
556,768
556,789
556,811
556,818
556,824
556,835
556,874
556,906
556,959
557,561
557,569
557,608
557,610
557,645
557,669
557,674
557,703
557,711
557,830
557,851
557,863
557,894
557,906
557,927
557,931
557,951
557,952
557,968
558,560
558,567
558,583
558,602
558,612
558,639
558,649
558,676
558,677
558,702
558,707
558,713
558,733
558,736
558,778
558,802
558,838
558,882
558,888
558,899
558,903
558,937
558,942
558,977
558,984
559,574
559,593
559,666
559,668
559,676
559,689
559,713
559,733
559,743
559,780
559,795
559,820
559,852
559,935
559,982
559,984
559,997
560,563
560,752
560,820
560,835
560,871
560,932
560,961
561,567
561,569
561,578
561,607
561,637
561,640
561,664
561,669
561,683
561,696
561,734
561,739
561,741
561,759
561,766
561,785
561,786
561,798
561,852
561,878
561,913
561,917
561,924
561,949
561,999
562,578
562,583
562,603
562,628
562,637
562,643
562,662
562,670
562,674
562,684
562,698
562,762
562,804
562,812
562,874
562,900
562,907
562,965
563,602
563,677
563,689
563,719
563,766
563,801
563,815
563,829
563,864
563,888
563,967
563,984
563,995
564,573
564,595
564,599
564,606
564,612
564,632
564,634
564,647
564,663
564,667
564,681
564,683
564,701
564,713
564,720
564,744
564,784
564,789
564,794
564,890
564,892
564,905
564,919
564,934
565,598
565,601
565,651
565,658
565,683
565,705
565,723
565,725
565,767
565,793
565,896
565,911
565,979
565,994
566,569
566,572
566,614
566,638
566,657
566,659
566,660
566,713
566,734
566,762
566,783
566,815
566,830
566,839
566,846
566,851
566,866
566,872
566,903
566,913
566,921
566,933
566,980
567,579
567,595
567,596
567,607
567,617
567,625
567,640
567,647
567,651
567,667
567,675
567,687
567,695
567,723
567,727
567,730
567,757
567,792
567,795
567,802
567,827
567,840
567,846
567,855
567,882
567,893
567,909
567,921
567,944
567,952
567,973
567,980
567,986
567,989
568,585
568,657
568,659
568,683
568,705
568,709
568,747
568,748
568,751
568,770
568,841
568,928
568,947
568,961
568,990
568,993
568,994
568,998
569,576
569,587
569,622
569,625
569,640
569,649
569,655
569,661
569,672
569,681
569,691
569,704
569,719
569,720
569,729
569,734
569,795
569,800
569,830
569,874
569,921
569,924
569,968
570,586
570,661
570,710
570,779
570,780
570,803
570,833
570,896
570,921
570,979
570,982
570,993
571,574
571,713
571,802
571,895
572,579
572,587
572,593
572,597
572,598
572,622
572,625
572,672
572,678
572,703
572,716
572,727
572,728
572,734
572,765
572,769
572,792
572,798
572,815
572,821
572,830
572,846
572,851
572,857
572,882
572,901
572,910
572,912
572,951
572,952
572,979
572,995
573,575
573,591
573,598
573,604
573,612
573,631
573,637
573,638
573,639
573,652
573,660
573,666
573,667
573,676
573,701
573,733
573,778
573,783
573,819
573,844
573,865
573,877
573,885
573,887
573,888
573,921
573,946
573,954
573,958
573,989
573,990
574,591
574,602
574,677
574,795
574,816
574,905
574,937
575,624
575,639
575,702
575,728
575,778
575,798
575,803
575,935
575,972
575,986
576,578
576,582
576,592
576,611
576,621
576,640
576,644
576,645
576,647
576,649
576,666
576,676
576,686
576,692
576,710
576,721
576,724
576,761
576,810
576,824
576,846
576,853
576,857
576,869
576,886
576,911
576,924
576,929
576,931
576,961
576,980
576,981
576,982
576,986
576,996
577,613
577,729
577,773
577,774
577,821
577,930
577,952
577,980
578,600
578,658
578,670
578,678
578,689
578,701
578,713
578,722
578,729
578,738
578,746
578,754
578,761
578,783
578,785
578,805
578,811
578,820
578,869
578,893
578,955
578,977
578,981
578,986
578,988
578,989
579,795
579,798
579,800
579,807
579,882
579,891
579,895
579,913
579,921
579,924
579,931
579,982
579,997
580,592
580,637
580,641
580,643
580,657
580,662
580,676
580,678
580,682
580,714
580,715
580,725
580,739
580,810
580,834
580,846
580,848
580,864
580,869
580,874
580,897
580,898
580,900
580,911
580,912
580,924
580,961
580,969
581,626
581,629
581,645
581,813
581,876
581,884
581,933
581,979
581,988
582,596
582,611
582,619
582,674
582,693
582,702
582,708
582,711
582,746
582,757
582,769
582,797
582,861
582,868
582,876
582,989
582,994
583,606
583,651
583,682
583,697
583,724
583,725
583,761
583,768
583,820
583,821
583,895
583,914
583,917
583,951
583,988
584,607
584,657
584,676
584,685
584,686
584,713
584,721
584,728
584,733
584,736
584,770
584,774
584,802
584,805
584,813
584,814
584,815
584,818
584,831
584,844
584,862
584,869
584,880
584,881
584,897
584,926
584,948
584,957
584,966
584,980
584,986
585,588
585,611
585,629
585,644
585,647
585,652
585,687
585,711
585,732
585,756
585,761
585,798
585,819
585,835
585,845
585,895
585,909
585,918
585,952
585,954
585,958
585,968
585,980
585,990
586,654
586,663
586,677
586,697
586,723
586,730
586,744
586,779
586,803
586,839
586,857
586,876
586,908
586,929
586,934
586,958
587,594
587,608
587,609
587,619
587,640
587,645
587,647
587,656
587,658
587,678
587,692
587,695
587,697
587,728
587,733
587,739
587,745
587,756
587,779
587,784
587,795
587,803
587,827
587,830
587,839
587,853
587,898
587,909
587,920
587,931
587,934
587,943
587,951
587,963
588,604
588,615
588,626
588,654
588,693
588,704
588,723
588,797
588,812
588,823
588,861
588,870
588,959
588,966
588,994
589,646
589,662
589,674
589,710
589,736
589,747
589,748
589,756
589,773
589,818
589,854
589,880
589,885
589,922
589,930
590,600
590,657
590,661
590,664
590,668
590,718
590,722
590,740
590,743
590,747
590,759
590,798
590,813
590,820
590,824
590,828
590,880
590,892
590,893
590,951
590,960
591,603
591,606
591,676
591,697
591,702
591,707
591,849
591,864
591,895
591,912
591,922
591,939
591,944
591,957
591,976
591,978
592,602
592,628
592,644
592,652
592,676
592,677
592,687
592,701
592,702
592,737
592,761
592,784
592,884
592,945
592,967
592,978
592,998
593,595
593,605
593,607
593,634
593,637
593,702
593,743
593,794
593,805
593,819
593,830
593,835
593,841
593,845
593,846
593,862
593,863
593,865
593,869
593,878
593,887
593,888
593,895
593,899
593,906
593,927
593,937
593,946
593,954
593,977
593,996
594,615
594,619
594,622
594,637
594,671
594,706
594,721
594,722
594,740
594,765
594,769
594,793
594,825
594,855
594,859
594,861
594,862
594,870
594,872
594,882
594,895
594,912
594,945
594,952
595,597
595,603
595,607
595,630
595,634
595,670
595,687
595,695
595,728
595,743
595,766
595,768
595,778
595,780
595,785
595,796
595,802
595,819
595,846
595,857
595,874
595,877
595,882
595,886
595,888
595,895
595,905
595,934
595,952
595,954
595,972
595,978
595,989
596,651
596,658
596,662
596,665
596,671
596,704
596,716
596,719
596,723
596,727
596,746
596,754
596,783
596,792
596,833
596,846
596,859
596,877
596,882
596,896
596,903
596,914
596,925
596,942
596,982
596,992
597,600
597,607
597,658
597,672
597,675
597,678
597,693
597,696
597,706
597,727
597,730
597,753
597,757
597,781
597,803
597,805
597,807
597,842
597,872
597,879
597,898
597,931
597,952
598,616
598,622
598,649
598,670
598,671
598,690
598,694
598,703
598,736
598,803
598,877
598,914
598,922
598,927
598,948
598,966
599,621
599,663
599,687
599,697
599,711
599,729
599,917
599,923
599,951
600,611
600,632
600,641
600,644
600,666
600,692
600,723
600,725
600,728
600,729
600,768
600,807
600,819
600,822
600,827
600,862
600,869
600,885
600,909
600,910
600,949
600,977
600,986
601,610
601,692
601,717
601,798
601,799
601,820
601,835
601,870
601,876
601,879
601,921
601,959
602,605
602,612
602,636
602,650
602,683
602,702
602,753
602,761
602,766
602,773
602,794
602,829
602,837
602,860
602,946
602,967
603,612
603,640
603,643
603,647
603,657
603,676
603,686
603,694
603,715
603,724
603,725
603,733
603,736
603,742
603,752
603,756
603,761
603,764
603,768
603,774
603,809
603,862
603,884
603,888
603,899
603,905
603,914
603,924
603,946
603,962
603,967
604,606
604,607
604,628
604,657
604,698
604,712
604,737
604,751
604,795
604,796
604,847
604,897
604,944
604,993
605,637
605,689
605,870
605,907
605,940
605,976
606,607
606,676
606,686
606,689
606,708
606,814
606,831
606,845
606,922
606,937
606,984
606,986
607,632
607,640
607,644
607,647
607,683
607,687
607,695
607,707
607,720
607,734
607,753
607,760
607,761
607,778
607,780
607,814
607,830
607,886
607,888
607,893
607,917
607,924
607,946
607,951
607,958
607,963
607,967
607,973
607,982
607,987
607,996
608,609
608,634
608,655
608,656
608,689
608,695
608,697
608,706
608,723
608,749
608,756
608,789
608,807
608,853
608,883
608,908
608,920
608,931
608,973
609,622
609,623
609,645
609,687
609,728
609,739
609,852
609,894
609,906
609,913
609,929
609,952
609,964
609,970
609,973
609,978
609,980
610,625
610,704
610,710
610,720
610,757
610,769
610,771
610,793
610,823
610,859
610,870
610,875
610,882
610,940
610,953
610,989
611,614
611,619
611,721
611,753
611,798
611,842
611,850
611,883
611,940
611,952
611,980
612,705
612,733
612,758
612,774
612,805
612,819
612,829
612,845
612,862
612,864
612,881
612,946
612,992
613,627
613,636
613,664
613,681
613,722
613,750
613,751
613,820
613,825
613,850
613,854
613,900
613,914
613,924
613,940
613,954
613,955
613,975
614,618
614,640
614,655
614,660
614,664
614,666
614,688
614,700
614,703
614,705
614,709
614,714
614,803
614,837
614,852
614,857
614,878
614,894
614,908
614,916
614,917
614,943
614,960
614,986
615,618
615,654
615,657
615,672
615,719
615,899
615,910
615,948
615,959
616,619
616,642
616,670
616,679
616,699
616,732
616,748
616,876
616,884
616,928
616,933
616,953
617,630
617,643
617,658
617,676
617,691
617,761
617,770
617,811
617,815
617,821
617,848
617,900
617,951
617,961
618,625
618,658
618,662
618,670
618,690
618,692
618,699
618,704
618,708
618,709
618,710
618,716
618,723
618,785
618,810
618,892
618,990
618,995
618,997
619,664
619,671
619,704
619,710
619,711
619,754
619,759
619,766
619,790
619,791
619,792
619,857
619,870
619,883
619,921
619,944
619,959
619,979
619,983
619,992
620,623
620,701
620,726
620,744
620,747
620,776
620,795
620,960
621,749
621,798
621,808
621,820
621,835
621,836
621,853
621,863
621,878
621,945
621,957
621,982
622,658
622,672
622,678
622,681
622,682
622,701
622,726
622,742
622,746
622,757
622,776
622,792
622,800
622,804
622,825
622,830
622,856
622,875
622,882
622,889
622,891
622,894
622,913
622,921
622,951
622,952
622,962
622,967
622,968
622,980
623,647
623,660
623,724
623,742
623,748
623,789
623,803
623,863
623,875
623,890
623,970
623,990
624,642
624,670
624,793
624,834
624,924
624,927
624,942
625,654
625,657
625,671
625,697
625,700
625,714
625,716
625,757
625,816
625,896
625,904
625,912
625,918
625,923
625,940
625,964
625,971
625,989
625,992
626,704
626,716
626,723
626,738
626,793
626,797
626,799
626,823
626,855
626,919
626,942
626,983
627,642
627,742
627,922
627,980
628,631
628,638
628,671
628,676
628,682
628,686
628,707
628,743
628,789
628,796
628,846
628,864
628,886
628,895
628,945
628,978
629,635
629,662
629,664
629,671
629,701
629,711
629,722
629,803
629,833
629,866
629,882
629,953
629,954
629,956
630,631
630,635
630,682
630,699
630,738
630,751
630,768
630,822
630,870
630,900
630,990
631,636
631,665
631,686
631,692
631,703
631,705
631,735
631,741
631,747
631,754
631,759
631,768
631,788
631,817
631,848
631,866
631,867
631,875
631,884
631,892
631,900
631,911
631,914
631,932
631,955
631,966
631,967
631,968
631,986
631,992
632,647
632,701
632,723
632,730
632,736
632,761
632,767
632,768
632,774
632,778
632,785
632,814
632,815
632,863
632,887
632,897
632,899
632,911
632,914
632,924
632,935
632,946
632,950
632,951
632,954
632,969
632,986
632,988
632,997
633,635
633,682
633,701
633,747
633,751
633,761
633,770
633,818
633,865
633,885
633,906
633,935
633,950
633,968
634,644
634,692
634,724
634,725
634,727
634,736
634,762
634,774
634,811
634,831
634,836
634,837
634,873
634,888
634,899
634,901
634,946
634,988
635,643
635,665
635,682
635,686
635,692
635,709
635,715
635,716
635,737
635,755
635,761
635,763
635,768
635,780
635,813
635,817
635,846
635,862
635,873
635,927
635,941
635,953
635,958
635,976
635,986
635,988
636,646
636,699
636,701
636,709
636,723
636,725
636,771
636,813
636,815
636,885
636,903
636,927
636,952
636,991
637,657
637,679
637,686
637,709
637,743
637,758
637,760
637,761
637,762
637,802
637,804
637,818
637,819
637,830
637,844
637,867
637,885
637,887
637,897
637,990
637,996
638,652
638,657
638,666
638,676
638,691
638,709
638,714
638,721
638,751
638,754
638,814
638,820
638,862
638,869
638,873
638,881
638,958
638,990
638,997
639,687
639,743
639,774
639,783
639,803
639,820
639,872
639,887
639,892
639,944
639,945
640,645
640,660
640,664
640,670
640,675
640,695
640,696
640,706
640,721
640,722
640,723
640,738
640,747
640,751
640,753
640,767
640,811
640,827
640,830
640,834
640,851
640,857
640,886
640,893
640,895
640,924
640,931
640,951
640,953
640,968
640,973
640,986
640,997
641,657
641,706
641,709
641,719
641,725
641,736
641,750
641,783
641,785
641,796
641,818
641,830
641,831
641,847
641,848
641,867
641,897
641,914
641,926
641,932
641,946
641,986
641,990
641,994
642,662
642,690
642,751
642,763
642,777
642,810
642,823
642,834
642,862
642,900
642,961
643,657
643,662
643,670
643,682
643,686
643,694
643,704
643,712
643,715
643,725
643,736
643,741
643,755
643,760
643,777
643,810
643,817
643,819
643,821
643,834
643,848
643,897
643,899
643,907
643,926
643,928
643,951
643,965
643,968
643,969
644,686
644,721
644,729
644,746
644,817
644,824
644,834
644,835
644,863
644,865
644,883
644,951
644,952
644,966
644,980
644,986
644,994
645,660
645,696
645,714
645,723
645,753
645,785
645,816
645,830
645,835
645,851
645,853
645,857
645,866
645,877
645,882
645,898
645,917
645,921
645,927
645,968
645,980
645,999
646,671
646,699
646,786
646,818
646,855
646,875
646,947
647,661
647,675
647,687
647,689
647,699
647,703
647,723
647,737
647,743
647,761
647,774
647,785
647,827
647,863
647,888
647,893
647,899
647,924
647,946
647,952
647,954
647,978
647,996
647,997
648,754
648,852
648,891
648,894
648,916
648,943
648,968
649,713
649,733
649,760
649,773
649,802
649,864
649,871
649,888
649,899
649,967
649,973
649,976
650,712
650,720
650,780
650,782
650,790
650,826
650,837
650,852
650,864
650,869
650,878
650,879
650,972
651,657
651,658
651,680
651,690
651,696
651,705
651,715
651,722
651,727
651,734
651,741
651,755
651,759
651,760
651,791
651,793
651,817
651,828
651,837
651,846
651,855
651,914
651,942
651,953
651,955
651,958
651,977
651,980
651,981
651,983
652,657
652,666
652,691
652,709
652,734
652,743
652,752
652,762
652,765
652,845
652,897
652,932
652,988
653,669
653,700
653,710
653,726
653,749
653,798
653,834
653,836
653,860
653,906
653,983
654,680
654,693
654,716
654,740
654,772
654,787
654,791
654,872
654,874
654,880
654,910
654,918
654,938
654,939
655,672
655,710
655,725
655,734
655,797
655,853
655,865
655,866
655,881
655,921
656,687
656,688
656,713
656,718
656,723
656,724
656,728
656,730
656,789
656,795
656,817
656,891
656,913
656,931
656,943
657,658
657,668
657,686
657,692
657,702
657,709
657,715
657,725
657,747
657,751
657,761
657,768
657,770
657,790
657,802
657,819
657,871
657,873
657,883
657,887
657,888
657,897
657,901
657,926
657,927
657,969
657,976
657,990
657,991
658,670
658,676
658,686
658,690
658,691
658,693
658,708
658,715
658,721
658,740
658,742
658,810
658,817
658,834
658,846
658,852
658,877
658,883
658,896
658,897
658,914
658,932
658,945
658,946
658,948
658,955
658,965
658,977
659,666
659,686
659,705
659,709
659,747
659,753
659,841
659,867
659,884
659,887
659,951
659,997
660,667
660,672
660,675
660,678
660,680
660,689
660,736
660,754
660,779
660,784
660,830
660,832
660,846
660,857
660,860
660,863
660,882
660,894
660,901
660,920
660,952
660,968
660,971
660,986
661,683
661,703
661,726
661,728
661,739
661,756
661,773
661,789
661,795
661,797
661,808
661,820
661,827
661,841
661,872
661,890
661,913
661,943
661,960
662,670
662,682
662,694
662,715
662,725
662,736
662,759
662,761
662,765
662,771
662,775
662,817
662,818
662,846
662,874
662,893
662,900
662,901
662,922
662,953
662,973
662,990
663,702
663,703
663,718
663,728
663,738
663,739
663,857
663,892
663,909
663,934
663,996
664,697
664,709
664,719
664,721
664,732
664,752
664,776
664,795
664,798
664,837
664,851
664,854
664,857
664,863
664,872
664,911
664,913
664,917
664,943
664,973
664,980
664,987
665,677
665,694
665,754
665,755
665,770
665,815
665,818
665,844
665,860
665,885
665,955
665,994
666,670
666,676
666,678
666,721
666,742
666,754
666,761
666,783
666,796
666,829
666,831
666,867
666,869
666,888
666,895
666,935
666,946
666,955
666,985
666,990
666,994
667,704
667,784
667,800
667,866
667,902
667,913
667,918
667,931
667,952
667,981
667,992
668,733
668,747
668,790
668,813
668,836
668,926
668,967
668,988
669,686
669,718
669,728
669,739
669,744
669,765
669,771
669,779
669,816
669,852
669,872
669,931
669,970
669,986
670,679
670,682
670,690
670,691
670,698
670,706
670,708
670,710
670,715
670,716
670,725
670,741
670,751
670,753
670,760
670,782
670,783
670,795
670,817
670,819
670,846
670,851
670,862
670,874
670,877
670,888
670,907
670,948
670,953
670,955
670,969
670,971
670,987
670,990
670,992
671,675
671,743
671,754
671,765
671,771
671,772
671,779
671,791
671,802
671,809
671,816
671,823
671,840
671,855
671,859
671,867
671,898
671,901
671,902
671,948
671,959
671,981
671,992
672,678
672,704
672,708
672,710
672,718
672,719
672,723
672,734
672,793
672,800
672,825
672,830
672,846
672,855
672,863
672,866
672,896
672,920
672,980
672,994
673,682
673,712
673,775
673,793
673,819
673,846
673,932
673,942
673,948
673,959
673,991
674,679
674,683
674,698
674,754
674,763
674,768
674,781
674,786
674,797
674,834
674,851
674,870
674,876
674,885
674,966
674,981
675,722
675,723
675,726
675,742
675,754
675,761
675,771
675,780
675,792
675,797
675,822
675,830
675,855
675,866
675,882
675,894
675,899
675,901
675,902
675,926
675,980
676,692
676,707
676,733
676,747
676,748
676,758
676,761
676,767
676,771
676,778
676,785
676,801
676,831
676,844
676,891
676,897
676,924
676,944
676,945
676,976
676,977
676,980
676,996
677,774
677,802
677,838
677,864
677,865
677,927
677,967
677,976
678,696
678,786
678,803
678,805
678,865
678,898
678,914
678,934
678,944
678,980
678,981
678,997
679,690
680,684
680,694
680,699
680,759
680,771
680,783
680,788
680,791
680,800
680,831
680,843
680,870
680,896
680,915
680,918
680,955
681,708
681,723
681,726
681,748
681,761
681,776
681,798
681,830
681,859
681,866
681,976
682,703
682,712
682,715
682,717
682,725
682,760
682,769
682,793
682,806
682,810
682,811
682,818
682,821
682,823
682,887
682,915
682,941
682,969
683,705
683,713
683,716
683,749
683,773
683,794
683,824
683,827
683,862
683,872
683,878
683,890
683,893
683,894
683,896
683,898
683,968
683,971
683,973
683,982
683,987
684,704
684,714
684,719
684,731
684,771
684,797
684,799
684,800
684,820
684,823
684,833
684,846
684,857
684,861
684,896
684,966
684,979
684,994
685,747
685,752
685,761
685,774
685,778
685,780
685,785
685,817
685,819
685,820
685,824
685,834
685,862
685,878
685,887
685,897
685,899
685,927
685,988
686,702
686,709
686,713
686,770
686,777
686,785
686,819
686,832
686,842
686,846
686,884
686,904
686,906
686,917
686,927
686,945
686,954
686,955
686,972
686,988
686,990
686,993
687,706
687,720
687,751
687,774
687,780
687,808
687,810
687,838
687,890
687,896
687,923
687,937
687,949
687,953
687,962
687,982
687,997
688,704
688,705
688,721
688,771
688,794
688,816
688,825
688,876
688,941
688,952
688,971
689,699
689,756
689,764
689,785
689,801
689,805
689,809
689,819
689,829
689,836
689,858
689,878
689,905
689,938
689,949
689,996
690,710
690,729
690,759
690,769
690,780
690,793
690,804
690,834
690,874
690,877
690,880
690,900
690,932
691,705
691,708
691,716
691,723
691,736
691,777
691,800
691,811
691,817
691,845
691,846
691,866
691,911
691,914
691,922
691,928
691,940
692,703
692,705
692,729
692,753
692,766
692,771
692,784
692,788
692,798
692,824
692,837
692,880
692,887
692,903
692,910
692,914
692,921
692,973
692,986
693,694
693,700
693,710
693,746
693,775
693,789
693,797
693,816
693,855
693,870
693,896
693,901
693,915
693,918
693,994
694,701
694,705
694,725
694,727
694,737
694,755
694,768
694,799
694,813
694,818
694,830
694,838
694,865
694,872
694,875
694,897
694,932
694,935
694,955
694,966
694,982
695,706
695,728
695,746
695,749
695,756
695,820
695,829
695,843
695,863
695,894
695,900
695,908
695,917
695,920
695,921
695,923
695,977
695,980
695,982
696,701
696,720
696,744
696,749
696,798
696,868
696,869
696,870
696,882
696,931
696,977
696,980
696,987
696,994
697,706
697,749
697,764
697,769
697,774
697,782
697,786
697,795
697,857
697,882
697,888
697,910
697,919
697,920
697,923
697,964
697,975
698,732
698,757
698,817
698,846
698,862
698,875
698,879
698,912
698,932
698,942
698,985
698,989
699,719
699,724
699,748
699,778
699,793
699,815
699,816
699,822
699,854
699,860
699,875
699,876
699,903
699,914
700,701
700,726
700,759
700,893
701,705
701,710
701,721
701,724
701,729
701,736
701,751
701,757
701,787
701,817
701,828
701,831
701,854
701,906
701,926
701,946
701,986
702,713
702,733
702,780
702,801
702,802
702,809
702,810
702,814
702,827
702,843
702,864
702,888
702,895
702,899
702,930
702,944
702,949
702,957
702,967
702,972
702,976
702,995
703,710
703,722
703,727
703,729
703,753
703,765
703,776
703,782
703,786
703,868
703,945
703,946
703,951
703,952
703,992
704,710
704,714
704,744
704,797
704,831
704,846
704,888
704,890
704,921
704,959
704,987
704,992
704,994
705,725
705,727
705,729
705,757
705,761
705,765
705,783
705,824
705,830
705,887
705,948
705,951
705,953
705,955
705,969
705,980
705,994
706,728
706,730
706,731
706,749
706,756
706,780
706,782
706,819
706,833
706,852
706,866
706,870
706,878
706,886
706,900
706,943
706,946
706,973
706,986
706,996
707,798
707,837
707,945
707,949
707,976
708,716
708,723
708,727
708,787
708,797
708,822
708,894
708,927
708,939
708,967
708,968
708,994
709,725
709,761
709,764
709,768
709,770
709,834
709,845
709,856
709,867
709,897
709,899
709,935
709,972
709,973
709,986
709,988
709,990
710,759
710,807
710,811
710,813
710,822
710,826
710,843
710,855
710,861
710,868
710,869
710,870
710,875
710,882
710,939
710,947
710,959
710,971
710,979
710,981
710,992
710,994
711,723
711,765
711,795
711,857
711,859
711,918
711,952
712,715
712,720
712,729
712,741
712,761
712,810
712,819
712,834
712,846
712,872
712,900
712,922
712,932
712,951
712,954
712,969
712,991
713,728
713,771
713,773
713,802
713,832
713,843
713,844
713,862
713,877
713,878
713,893
713,898
713,922
713,946
713,977
713,978
713,997
714,775
714,791
714,793
714,797
714,823
714,870
714,896
714,958
714,979
715,725
715,731
715,759
715,760
715,768
715,777
715,811
715,846
715,851
715,875
715,884
715,887
715,900
715,910
715,926
715,928
715,932
715,943
715,944
715,954
715,969
715,972
716,722
716,727
716,732
716,741
716,747
716,793
716,817
716,846
716,863
716,877
716,888
716,911
716,946
717,748
717,779
717,807
717,822
717,848
717,855
717,939
718,749
718,786
718,803
718,824
718,843
718,851
718,872
718,910
718,943
718,960
718,982
719,791
719,797
719,885
719,904
719,983
719,986
720,738
720,742
720,748
720,786
720,793
720,795
720,828
720,839
720,862
720,864
720,872
720,882
720,883
720,890
720,982
720,999
721,723
721,725
721,729
721,767
721,791
721,817
721,823
721,830
721,860
721,883
721,952
721,981
722,723
722,734
722,736
722,747
722,752
722,757
722,765
722,783
722,808
722,813
722,819
722,855
722,882
722,907
722,909
722,935
722,980
722,994
722,997
723,724
723,727
723,759
723,765
723,769
723,771
723,793
723,797
723,799
723,811
723,822
723,855
723,859
723,861
723,867
723,870
723,872
723,875
723,878
723,914
723,915
723,934
723,951
723,952
723,971
723,979
723,980
724,748
724,761
724,778
724,884
724,897
724,911
724,929
724,944
724,988
724,989
724,997
725,750
725,752
725,768
725,777
725,805
725,811
725,834
725,848
725,900
725,907
725,914
725,926
725,948
725,961
725,962
725,966
725,969
725,982
725,990
725,991
726,777
726,852
727,734
727,759
727,767
727,769
727,770
727,822
727,846
727,857
727,861
727,862
727,877
727,886
727,901
727,914
727,938
727,942
727,969
728,729
728,730
728,742
728,756
728,771
728,784
728,807
728,839
728,893
728,943
728,944
728,975
729,755
729,777
729,780
729,813
729,818
729,824
729,835
729,876
729,883
729,886
729,888
729,911
729,951
729,952
729,958
730,738
730,759
730,786
730,890
731,746
731,754
731,758
731,763
731,767
731,776
731,787
731,821
731,846
731,851
731,897
731,927
731,992
732,740
732,769
732,779
732,780
732,794
732,822
732,911
732,915
732,988
732,994
733,747
733,752
733,761
733,785
733,878
733,899
733,914
733,944
733,946
733,954
733,957
733,963
733,976
733,979
733,989
733,991
733,996
734,738
734,747
734,765
734,768
734,822
734,827
734,830
734,842
734,846
734,855
734,859
734,866
734,870
734,875
734,882
734,887
734,888
734,901
734,909
734,912
734,921
734,947
734,977
734,983
734,986
735,742
735,791
735,799
735,914
735,959
736,741
736,751
736,767
736,777
736,814
736,834
736,865
736,874
736,881
736,900
736,901
736,904
736,926
736,932
736,948
736,953
736,954
736,955
736,969
736,970
736,988
737,761
737,790
737,796
737,831
737,896
737,950
737,957
737,976
737,981
737,993
738,744
738,798
738,813
738,828
738,836
738,842
738,857
738,863
738,883
738,893
738,894
738,919
738,920
738,927
738,928
738,968
738,982
739,789
739,803
739,814
739,839
739,866
739,878
739,879
739,887
739,898
739,904
739,917
739,931
739,986
739,996
739,999
740,793
740,813
740,835
740,856
740,864
741,742
741,751
741,755
741,817
741,818
741,862
741,865
741,877
741,904
741,922
741,926
741,954
741,986
742,743
742,774
742,783
742,788
742,824
742,828
742,862
742,866
742,869
742,872
742,885
742,888
742,893
742,903
742,911
742,913
742,924
742,927
742,951
742,958
742,967
742,978
743,751
743,752
743,785
743,809
743,815
743,817
743,844
743,885
743,895
743,898
743,912
743,959
743,974
743,978
743,986
744,757
744,779
744,786
744,803
744,807
744,890
744,917
744,934
744,975
745,768
746,762
746,859
746,861
746,866
746,927
747,761
747,770
747,780
747,785
747,819
747,827
747,844
747,845
747,846
747,863
747,864
747,897
747,909
747,918
747,950
747,990
748,803
748,853
748,863
748,978
748,990
749,786
749,807
749,830
749,852
749,908
749,934
749,964
750,821
750,826
750,926
750,944
750,981
750,990
751,754
751,760
751,797
751,804
751,806
751,811
751,817
751,823
751,834
751,845
751,847
751,848
751,874
751,880
751,899
751,900
751,914
751,926
751,927
751,932
751,934
751,935
751,953
751,955
751,961
752,761
752,786
752,813
752,837
752,844
752,867
752,881
752,885
752,958
752,976
753,767
753,769
753,780
753,788
753,805
753,814
753,824
753,862
753,882
753,931
753,946
753,955
753,973
753,982
753,986
753,987
753,992
754,755
754,761
754,783
754,804
754,805
754,817
754,818
754,869
754,873
754,874
754,875
754,877
754,880
754,884
754,885
754,921
754,922
754,939
754,955
754,966
754,986
754,988
755,760
755,777
755,822
755,865
755,867
755,900
755,934
756,784
756,863
756,893
756,898
756,920
756,921
757,761
757,876
757,952
757,958
758,794
758,862
758,866
758,930
758,944
759,762
759,765
759,786
759,846
759,852
759,870
759,883
759,918
759,922
759,948
759,983
759,989
760,813
760,860
760,874
760,898
760,904
760,947
760,967
760,994
761,770
761,777
761,783
761,798
761,814
761,820
761,841
761,842
761,862
761,872
761,877
761,880
761,883
761,885
761,895
761,899
761,900
761,905
761,914
761,953
761,980
761,988
761,990
762,770
762,790
762,814
762,887
762,895
762,911
762,928
762,961
762,968
763,767
763,768
763,790
763,804
763,816
763,834
763,841
763,927
763,932
763,945
763,950
763,953
763,954
763,988
764,766
764,767
764,771
764,789
764,802
764,830
764,838
764,849
764,864
764,872
764,878
764,893
764,905
764,922
764,926
764,930
764,945
764,951
764,996
765,805
765,816
765,846
765,859
765,876
765,900
765,977
765,992
766,809
766,829
766,886
766,891
766,931
766,951
766,952
766,976
766,992
767,778
767,819
767,820
767,834
767,846
767,858
767,862
767,863
767,885
767,888
767,889
767,893
767,944
767,954
767,955
767,960
767,988
768,781
768,805
768,818
768,820
768,822
768,873
768,875
768,878
768,889
768,901
768,927
768,932
768,954
768,958
768,966
769,859
769,868
769,870
769,932
769,952
769,980
770,790
770,795
770,820
770,844
770,845
770,867
770,896
770,899
770,932
770,991
771,791
771,797
771,823
771,843
771,861
771,870
771,875
771,877
771,882
771,883
771,896
771,921
771,925
771,945
771,983
771,989
772,882
772,968
772,993
773,806
773,820
773,822
773,838
773,839
773,845
773,850
773,897
773,945
773,950
773,963
773,970
773,986
774,785
774,805
774,808
774,814
774,819
774,829
774,858
774,864
774,899
774,924
774,951
774,997
775,803
775,918
775,927
775,938
775,994
776,800
776,820
776,851
776,857
776,868
776,882
776,898
776,992
777,804
777,817
777,821
777,829
777,841
777,848
777,865
777,867
777,885
777,887
777,900
777,926
777,932
777,961
777,966
777,988
778,814
778,819
778,831
778,844
778,845
778,862
778,865
778,888
778,900
778,948
778,957
778,996
779,792
779,803
779,851
779,853
779,951
779,971
780,794
780,818
780,823
780,826
780,836
780,837
780,853
780,856
780,888
780,891
780,893
780,913
780,924
780,951
780,970
780,977
780,986
780,996
780,997
781,815
781,819
781,837
781,861
782,808
782,838
782,892
782,898
782,906
782,919
782,928
782,931
782,943
782,960
782,970
782,975
783,792
783,832
783,837
783,846
783,862
783,885
783,911
783,922
783,948
783,950
783,955
783,971
783,986
783,994
784,794
784,827
784,830
784,835
784,885
784,893
784,923
784,934
784,982
784,986
785,786
785,792
785,796
785,800
785,819
785,844
785,871
785,884
785,887
785,897
785,899
785,900
785,935
785,945
785,946
785,962
785,976
785,977
786,789
786,807
786,811
786,820
786,837
786,892
786,943
786,973
786,987
787,820
787,841
787,856
787,865
787,900
787,913
787,948
787,994
788,811
788,815
788,839
788,862
788,891
788,927
788,943
788,951
788,982
789,803
789,818
789,843
789,886
789,913
789,917
789,920
789,944
789,995
790,796
790,798
790,858
790,867
790,935
790,946
790,976
790,993
791,793
791,797
791,800
791,819
791,823
791,834
791,861
791,870
791,928
791,940
791,994
792,795
792,875
792,902
792,912
792,932
792,944
792,952
792,955
792,980
792,986
793,798
793,820
793,824
793,845
793,914
793,948
793,950
793,969
793,973
793,982
794,852
794,853
794,894
794,992
795,853
795,855
795,872
795,902
795,917
795,922
795,931
795,943
795,993
796,814
796,815
796,819
796,844
796,848
796,857
796,869
796,887
796,939
796,986
796,990
797,940
797,951
797,962
797,994
798,834
798,862
798,872
798,877
798,878
798,906
798,917
798,946
798,961
798,971
798,987
799,825
799,861
799,870
799,896
799,983
800,830
800,842
800,843
800,849
800,855
800,866
800,882
800,894
800,952
801,802
801,805
801,900
801,932
802,809
802,819
802,831
802,838
802,844
802,862
802,887
802,888
802,899
802,935
802,949
802,958
802,973
802,976
802,980
803,918
803,929
803,934
804,858
804,865
804,869
804,883
804,928
804,936
804,954
804,956
804,958
804,961
804,965
805,807
805,814
805,831
805,861
805,869
805,901
805,946
805,957
805,996
806,875
806,885
806,900
806,922
806,961
807,853
807,857
807,863
807,917
808,821
808,864
808,890
808,893
808,906
808,917
808,919
808,923
808,952
808,982
808,996
809,814
809,818
809,837
809,860
809,901
809,951
809,967
810,867
810,888
810,891
810,914
810,955
810,966
810,968
811,846
811,857
811,885
811,897
811,900
811,953
811,955
811,969
811,990
811,991
812,863
813,815
813,820
813,825
813,849
813,873
813,878
813,882
813,884
813,886
813,887
813,911
813,927
813,962
813,967
813,989
814,845
814,865
814,869
814,884
814,887
814,899
814,988
815,820
815,841
815,858
815,876
815,885
815,896
815,935
815,985
815,988
815,990
816,823
816,834
816,861
816,868
816,882
816,980
816,989
817,818
817,830
817,834
817,835
817,846
817,877
817,900
817,942
817,953
817,966
818,865
818,867
818,873
818,874
818,885
818,911
818,922
818,932
818,954
818,966
818,983
819,837
819,846
819,853
819,867
819,869
819,887
819,899
819,935
819,950
819,986
820,831
820,858
820,865
820,867
820,869
820,875
820,880
820,884
820,889
820,891
820,918
820,929
820,950
820,957
820,961
820,988
821,823
821,862
821,865
821,877
821,880
821,904
821,918
821,932
821,961
821,983
822,824
822,866
822,870
822,915
822,927
822,994
823,861
823,875
823,884
823,896
823,898
823,901
823,913
823,931
823,959
823,983
823,990
823,994
824,871
824,888
824,921
824,924
824,931
824,943
824,951
824,987
825,933
825,971
825,979
825,983
825,989
826,878
826,891
826,974
827,852
827,870
828,830
828,863
828,870
828,891
828,904
828,951
828,962
828,988
829,879
829,926
830,842
830,882
830,989
830,994
831,873
832,836
832,891
832,937
832,944
832,945
832,964
833,866
833,994
834,840
834,861
834,900
834,907
834,926
834,944
834,945
834,966
834,991
835,869
835,904
835,912
835,951
835,987
836,837
836,862
836,949
836,951
836,986
837,878
837,884
837,892
837,919
837,951
837,996
838,884
838,885
838,888
838,924
838,937
838,984
838,986
839,908
839,997
840,905
840,912
841,852
841,858
841,867
841,869
841,883
841,907
841,945
841,947
842,844
842,862
842,866
842,882
842,909
842,912
842,921
842,951
842,952
842,968
842,994
843,866
843,894
843,909
843,952
843,968
843,975
843,981
843,992
844,878
844,946
844,954
844,980
844,988
845,857
845,867
845,886
845,899
845,958
845,967
845,968
845,972
845,976
845,986
846,861
846,862
846,877
846,882
846,900
846,904
846,907
846,911
846,914
846,922
846,924
846,925
846,948
846,953
846,960
846,966
846,973
846,986
847,914
847,928
847,932
847,937
847,954
847,967
847,988
847,990
848,864
848,873
848,892
848,900
848,904
848,918
848,926
848,961
849,915
850,911
850,927
850,933
850,986
851,855
851,859
851,895
851,906
851,916
851,970
851,980
852,864
852,886
852,894
852,919
852,931
852,943
852,966
852,982
852,991
853,867
853,872
853,920
853,952
853,966
853,967
853,996
854,856
854,863
854,915
854,955
854,964
854,966
855,857
855,866
855,882
855,920
855,957
855,976
855,980
855,989
855,992
856,936
856,939
856,976
857,863
857,872
857,882
857,899
857,948
857,955
857,981
858,930
858,986
859,989
859,994
859,998
860,910
861,868
861,870
861,876
861,896
861,922
861,959
861,979
862,884
862,913
862,943
862,945
862,946
862,951
862,973
862,977
862,986
863,870
863,882
863,898
863,919
863,952
863,970
863,973
863,976
864,898
864,930
864,964
864,993
865,873
865,877
865,885
865,889
865,926
865,928
865,944
865,974
866,868
866,912
866,921
866,923
866,979
866,980
866,988
867,873
867,876
867,897
867,900
867,901
867,951
867,982
868,915
868,921
868,970
868,981
868,986
868,994
869,895
869,897
869,911
869,958
869,996
870,896
870,918
870,927
870,940
870,973
870,983
870,989
870,994
871,899
871,905
871,944
871,950
871,957
871,972
872,878
872,882
872,893
872,898
872,913
872,919
872,943
872,970
872,976
872,982
873,935
873,967
873,988
873,990
874,898
874,922
874,926
875,900
875,922
875,968
875,971
876,882
876,901
876,904
876,913
876,981
877,884
877,887
877,911
877,948
877,953
877,955
878,884
878,899
878,931
878,935
878,949
878,951
878,996
878,997
879,894
879,920
879,931
879,949
879,952
879,982
880,904
880,913
880,914
880,927
880,947
881,888
881,899
881,943
881,967
881,976
881,979
882,914
882,929
882,968
883,886
883,888
883,914
883,922
883,925
884,888
884,914
884,924
884,926
884,935
884,945
884,946
884,950
884,957
884,958
884,963
884,972
884,996
884,997
885,927
885,935
885,941
885,980
886,888
886,895
886,919
886,957
886,966
886,977
887,888
887,928
887,969
887,988
887,998
888,891
888,899
888,914
888,918
888,924
888,937
888,946
888,954
888,967
888,977
889,942
890,919
891,894
891,926
891,959
891,982
891,988
891,995
892,908
892,924
892,943
892,962
893,905
893,946
893,973
893,980
894,916
894,917
894,968
894,975
894,976
894,992
895,924
895,946
895,947
895,986
895,988
895,997
896,897
896,904
896,923
896,925
896,939
896,959
896,976
896,983
896,992
897,899
897,923
897,926
897,954
897,972
897,988
897,990
898,931
898,951
898,966
899,907
899,969
899,972
900,907
900,981
900,988
901,921
901,954
901,959
901,968
901,981
901,989
901,996
902,925
903,947
903,951
903,976
904,932
904,945
904,955
904,991
905,937
905,947
905,982
905,995
906,912
906,915
906,977
907,926
907,978
907,991
908,909
908,963
908,964
909,921
909,923
909,973
909,974
909,980
910,931
910,936
910,937
910,972
911,921
911,927
911,934
911,946
911,987
911,989
912,951
912,988
912,999
913,915
913,929
913,968
913,982
914,928
914,939
914,955
914,966
914,989
914,996
915,985
916,923
916,999
917,923
917,931
917,943
917,951
917,953
917,975
918,925
918,940
918,946
918,948
918,983
919,961
919,974
919,995
920,931
920,977
921,952
921,986
922,927
922,942
922,953
923,934
923,994
923,996
923,999
924,931
924,937
924,951
924,954
924,977
924,982
924,986
925,952
925,959
925,981
925,989
925,990
926,932
926,948
926,954
927,941
927,951
927,952
928,932
928,953
928,961
928,966
928,969
929,951
929,982
929,997
930,971
930,976
931,955
931,973
931,997
932,945
932,954
932,969
932,983
932,991
932,994
935,944
935,946
935,947
936,946
936,967
936,986
938,989
939,973
940,952
940,960
940,962
940,973
940,989
941,952
942,944
943,952
943,973
943,977
944,946
944,950
944,967
944,970
944,984
945,950
945,951
945,957
945,972
945,986
945,994
946,977
946,988
946,996
947,954
947,980
949,996
950,967
950,978
951,973
951,980
951,986
951,995
951,996
951,997
952,968
952,981
952,986
952,997
952,998
953,966
953,968
953,982
953,986
953,991
953,992
955,966
955,990
955,996
957,988
958,982
958,986
958,997
959,981
961,965
961,994
961,998
962,966
962,987
963,997
966,987
966,994
967,976
967,978
967,982
967,984
967,996
969,990
970,980
971,986
971,989
971,994
974,975
974,986
974,988
974,993
977,978
977,982
978,996
980,986
980,991
980,997
981,992
982,987
982,995
983,989
983,992
985,996
986,988
986,995
992,994
993,998
994,997
