source,target
0,39
0,141
0,167
0,197
0,202
0,287
0,341
0,407
0,420
0,443
0,453
0,553
0,608
0,666
0,671
0,698
0,703
0,727
0,742
0,779
0,829
0,830
0,848
0,874
0,880
1,3
1,37
1,99
1,111
1,136
1,206
1,222
1,255
1,264
1,316
1,345
1,390
1,401
1,429
1,460
1,508
1,529
1,560
1,575
1,580
1,605
1,608
1,644
1,715
1,726
1,735
1,748
1,783
1,844
1,889
1,941
1,956
1,971
1,993
2,4
2,20
2,37
2,62
2,80
2,85
2,86
2,125
2,164
2,248
2,272
2,321
2,325
2,326
2,353
2,354
2,370
2,390
2,410
2,427
2,429
2,430
2,442
2,493
2,496
2,498
2,509
2,517
2,550
2,563
2,604
2,704
2,709
2,727
2,741
2,748
2,750
2,768
2,771
2,775
2,790
2,810
2,838
2,842
2,858
2,874
2,890
2,927
2,950
2,960
2,961
2,967
3,15
3,19
3,51
3,94
3,136
3,159
3,163
3,216
3,245
3,263
3,281
3,282
3,316
3,322
3,331
3,346
3,351
3,374
3,375
3,378
3,384
3,387
3,389
3,395
3,401
3,407
3,426
3,430
3,439
3,451
3,464
3,466
3,472
3,487
3,488
3,506
3,538
3,544
3,560
3,564
3,565
3,588
3,595
3,605
3,618
3,669
3,693
3,707
3,730
3,747
3,757
3,763
3,774
3,798
3,805
3,810
3,816
3,829
3,838
3,871
3,875
3,901
3,915
3,935
3,942
3,956
3,957
3,982
3,985
3,996
4,5
4,6
4,28
4,29
4,53
4,55
4,61
4,62
4,68
4,70
4,79
4,85
4,86
4,90
4,97
4,105
4,121
4,123
4,132
4,140
4,142
4,150
4,164
4,168
4,176
4,189
4,202
4,209
4,217
4,219
4,220
4,240
4,264
4,295
4,308
4,321
4,326
4,354
4,375
4,377
4,382
4,391
4,426
4,429
4,439
4,468
4,471
4,508
4,517
4,539
4,568
4,575
4,604
4,623
4,624
4,643
4,644
4,648
4,669
4,670
4,704
4,709
4,710
4,730
4,735
4,753
4,770
4,775
4,776
4,790
4,812
4,822
4,829
4,841
4,842
4,852
4,858
4,882
4,898
4,904
4,905
4,906
4,913
4,921
4,931
4,943
4,945
4,956
4,961
4,962
4,967
4,982
5,27
5,29
5,32
5,47
5,53
5,55
5,70
5,79
5,100
5,159
5,300
5,301
5,350
5,379
5,385
5,396
5,452
5,476
5,488
5,518
5,577
5,599
5,602
5,649
5,670
5,709
5,729
5,734
5,750
5,751
5,753
5,766
5,784
5,794
5,802
5,809
5,815
5,839
5,849
5,851
5,862
5,869
5,880
5,882
5,892
5,893
5,903
5,919
5,976
5,979
5,987
5,992
6,25
6,35
6,146
6,218
6,248
6,322
6,613
6,707
6,715
6,729
6,749
6,814
6,832
6,871
6,888
6,889
6,901
6,927
6,928
6,943
6,951
7,19
7,31
7,59
7,72
7,80
7,98
7,116
7,121
7,159
7,162
7,199
7,200
7,206
7,248
7,282
7,301
7,316
7,431
7,439
7,451
7,487
7,506
7,538
7,550
7,575
7,602
7,621
7,626
7,653
7,696
7,710
7,718
7,786
7,808
7,836
7,840
7,844
7,848
7,853
7,871
7,875
7,885
7,970
7,988
8,17
8,28
8,35
8,43
8,69
8,71
8,80
8,90
8,99
8,114
8,121
8,139
8,158
8,164
8,201
8,216
8,252
8,299
8,313
8,327
8,332
8,348
8,368
8,376
8,389
8,390
8,400
8,413
8,502
8,507
8,509
8,524
8,538
8,564
8,597
8,601
8,607
8,615
8,638
8,649
8,658
8,665
8,721
8,724
8,760
8,779
8,782
8,811
8,812
8,884
8,895
8,902
8,968
9,24
9,120
9,142
9,165
9,200
9,222
9,225
9,227
9,359
9,381
9,512
9,611
9,626
9,661
9,676
9,681
9,747
9,786
9,796
9,853
9,871
9,876
9,885
9,888
10,34
10,66
10,82
10,133
10,144
10,172
10,181
10,195
10,243
10,252
10,260
10,285
10,287
10,337
10,349
10,356
10,362
10,364
10,366
10,376
10,386
10,407
10,421
10,497
10,530
10,548
10,559
10,624
10,644
10,651
10,700
10,717
10,746
10,804
10,845
10,864
10,872
10,879
10,896
10,926
10,975
10,979
10,987
10,996
11,21
11,82
11,98
11,142
11,157
11,188
11,258
11,285
11,355
11,362
11,364
11,421
11,427
11,456
11,463
11,486
11,567
11,571
11,575
11,596
11,608
11,636
11,678
11,689
11,704
11,758
11,827
11,840
11,848
11,865
11,870
11,879
11,903
11,907
11,945
11,960
11,964
11,974
11,975
11,985
12,38
12,50
12,81
12,82
12,103
12,104
12,122
12,133
12,134
12,144
12,172
12,181
12,210
12,243
12,287
12,289
12,298
12,309
12,358
12,363
12,364
12,371
12,376
12,386
12,422
12,452
12,486
12,500
12,522
12,530
12,532
12,536
12,561
12,596
12,624
12,724
12,736
12,795
12,814
12,824
12,907
12,921
12,984
13,40
13,46
13,104
13,127
13,158
13,161
13,227
13,234
13,280
13,281
13,290
13,310
13,326
13,351
13,404
13,433
13,449
13,450
13,462
13,543
13,557
13,569
13,588
13,591
13,654
13,674
13,686
13,787
13,789
13,877
13,959
14,25
14,59
14,62
14,85
14,223
14,256
14,269
14,302
14,322
14,343
14,368
14,377
14,425
14,429
14,440
14,470
14,475
14,489
14,507
14,516
14,524
14,568
14,579
14,585
14,646
14,658
14,686
14,723
14,754
14,764
14,775
14,805
14,854
14,863
14,885
14,887
14,956
14,982
14,987
14,994
15,25
15,47
15,60
15,61
15,63
15,77
15,126
15,129
15,136
15,137
15,208
15,211
15,217
15,221
15,265
15,282
15,320
15,357
15,378
15,395
15,398
15,401
15,426
15,429
15,431
15,460
15,472
15,489
15,505
15,517
15,520
15,522
15,529
15,542
15,544
15,546
15,584
15,588
15,591
15,595
15,597
15,668
15,684
15,696
15,772
15,774
15,783
15,805
15,810
15,847
15,914
15,927
15,928
15,935
15,982
16,20
16,36
16,47
16,53
16,83
16,93
16,125
16,143
16,152
16,154
16,165
16,178
16,318
16,332
16,361
16,379
16,384
16,390
16,408
16,431
16,443
16,457
16,473
16,499
16,513
16,517
16,548
16,621
16,637
16,648
16,659
16,685
16,735
16,759
16,775
16,784
16,790
16,809
16,849
16,851
16,893
16,928
16,985
17,55
17,275
17,296
17,362
17,421
17,435
17,446
17,448
17,449
17,564
17,608
17,619
17,641
17,703
17,704
17,724
17,823
17,865
17,923
17,972
17,990
18,31
18,90
18,136
18,137
18,148
18,163
18,169
18,174
18,193
18,208
18,249
18,263
18,282
18,301
18,359
18,369
18,398
18,422
18,426
18,440
18,460
18,487
18,574
18,575
18,633
18,717
18,720
18,726
18,775
18,798
18,813
18,833
18,871
18,885
18,915
19,29
19,46
19,48
19,57
19,82
19,201
19,212
19,234
19,236
19,256
19,261
19,273
19,299
19,312
19,343
19,346
19,348
19,385
19,401
19,409
19,419
19,425
19,448
19,479
19,485
19,489
19,507
19,556
19,558
19,595
19,640
19,723
19,734
19,754
19,764
19,817
19,825
19,829
19,836
19,857
19,859
19,941
19,954
19,967
19,993
20,25
20,32
20,60
20,93
20,94
20,98
20,142
20,164
20,169
20,196
20,221
20,231
20,242
20,251
20,260
20,264
20,266
20,309
20,321
20,326
20,327
20,340
20,345
20,384
20,390
20,418
20,426
20,429
20,441
20,442
20,448
20,457
20,466
20,479
20,508
20,517
20,541
20,568
20,617
20,622
20,626
20,648
20,652
20,667
20,704
20,705
20,717
20,719
20,729
20,740
20,743
20,747
20,753
20,788
20,812
20,822
20,856
20,859
20,892
20,919
20,938
20,946
20,955
20,960
20,973
20,976
21,35
21,36
21,51
21,156
21,160
21,181
21,202
21,213
21,216
21,240
21,261
21,299
21,304
21,314
21,337
21,351
21,378
21,416
21,458
21,471
21,521
21,524
21,530
21,553
21,556
21,564
21,597
21,603
21,606
21,609
21,615
21,628
21,630
21,658
21,666
21,682
21,683
21,686
21,724
21,734
21,737
21,742
21,745
21,746
21,796
21,811
21,824
21,865
21,877
21,887
21,902
21,928
21,931
21,939
21,944
21,949
21,951
21,958
21,959
21,997
22,23
22,40
22,104
22,108
22,114
22,131
22,139
22,166
22,172
22,175
22,277
22,281
22,294
22,333
22,347
22,364
22,393
22,468
22,564
22,589
22,619
22,621
22,628
22,658
22,674
22,680
22,737
22,745
22,755
22,828
22,922
22,980
23,32
23,73
23,139
23,158
23,275
23,280
23,290
23,297
23,313
23,317
23,332
23,461
23,557
23,598
23,658
23,664
23,755
23,889
24,32
24,101
24,111
24,200
24,211
24,222
24,324
24,359
24,381
24,441
24,465
24,512
24,545
24,573
24,583
24,611
24,661
24,673
24,752
24,756
24,774
24,786
24,796
24,833
24,875
24,876
24,897
24,932
24,977
25,37
25,59
25,86
25,89
25,118
25,146
25,167
25,180
25,205
25,212
25,226
25,244
25,248
25,267
25,316
25,322
25,361
25,370
25,372
25,375
25,384
25,429
25,471
25,475
25,504
25,585
25,595
25,605
25,607
25,623
25,640
25,642
25,671
25,696
25,702
25,715
25,717
25,749
25,753
25,794
25,813
25,827
25,832
25,838
25,854
25,858
25,876
25,901
25,903
25,909
25,924
25,927
25,995
26,47
26,55
26,67
26,74
26,84
26,140
26,289
26,303
26,337
26,338
26,339
26,351
26,361
26,379
26,396
26,414
26,427
26,444
26,473
26,476
26,498
26,515
26,582
26,599
26,635
26,648
26,700
26,734
26,741
26,784
26,794
26,837
26,851
26,862
26,872
26,880
26,881
26,960
26,976
27,33
27,83
27,100
27,113
27,132
27,140
27,143
27,148
27,176
27,178
27,183
27,184
27,192
27,195
27,242
27,251
27,259
27,260
27,265
27,270
27,295
27,339
27,350
27,372
27,396
27,400
27,415
27,418
27,424
27,437
27,444
27,448
27,454
27,491
27,505
27,520
27,562
27,584
27,589
27,603
27,610
27,622
27,637
27,639
27,667
27,679
27,729
27,750
27,773
27,801
27,814
27,837
27,862
27,881
27,904
27,918
27,922
27,999
28,210
28,219
28,318
28,325
28,326
28,517
28,524
28,549
28,644
28,704
28,841
28,845
28,866
28,874
28,960
28,961
28,991
29,50
29,154
29,155
29,183
29,196
29,220
29,228
29,261
29,309
29,317
29,326
29,328
29,330
29,376
29,377
29,380
29,389
29,419
29,516
29,524
29,583
29,609
29,644
29,649
29,655
29,659
29,677
29,678
29,689
29,782
29,825
29,847
29,866
29,882
29,888
29,895
29,919
29,954
29,955
29,987
30,66
30,82
30,99
30,133
30,134
30,144
30,149
30,181
30,186
30,209
30,210
30,242
30,243
30,253
30,262
30,270
30,285
30,288
30,311
30,328
30,355
30,356
30,362
30,367
30,386
30,393
30,416
30,421
30,453
30,551
30,553
30,618
30,644
30,649
30,683
30,689
30,692
30,700
30,733
30,758
30,781
30,795
30,823
30,845
30,848
30,865
30,888
30,907
30,921
30,959
30,985
31,111
31,137
31,169
31,199
31,206
31,232
31,255
31,264
31,429
31,431
31,439
31,460
31,472
31,495
31,550
31,568
31,575
31,595
31,626
31,652
31,678
31,686
31,717
31,728
31,798
31,833
31,853
31,871
31,886
31,895
31,909
31,934
31,935
31,950
31,970
31,989
32,48
32,50
32,94
32,102
32,113
32,142
32,187
32,189
32,200
32,221
32,232
32,257
32,263
32,316
32,324
32,327
32,424
32,441
32,542
32,560
32,574
32,581
32,610
32,621
32,635
32,648
32,726
32,767
32,800
32,822
32,850
32,859
32,863
32,881
32,886
32,914
32,918
32,948
32,949
32,950
32,970
33,47
33,100
33,132
33,148
33,178
33,295
33,315
33,350
33,392
33,400
33,444
33,559
33,603
33,688
33,716
33,734
33,751
33,880
33,903
33,904
33,990
34,71
34,151
34,157
34,164
34,189
34,197
34,219
34,296
34,313
34,341
34,342
34,347
34,353
34,380
34,386
34,387
34,409
34,432
34,446
34,463
34,524
34,567
34,571
34,608
34,627
34,630
34,666
34,671
34,683
34,714
34,829
34,867
34,896
34,921
34,972
34,974
34,990
35,41
35,55
35,57
35,85
35,88
35,93
35,96
35,104
35,107
35,155
35,156
35,201
35,215
35,216
35,261
35,284
35,293
35,309
35,332
35,333
35,341
35,351
35,354
35,362
35,370
35,389
35,423
35,425
35,428
35,441
35,453
35,461
35,466
35,471
35,481
35,499
35,502
35,509
35,521
35,523
35,524
35,534
35,536
35,555
35,563
35,564
35,596
35,601
35,607
35,609
35,638
35,642
35,645
35,649
35,659
35,665
35,674
35,675
35,687
35,693
35,699
35,708
35,715
35,720
35,721
35,730
35,745
35,760
35,763
35,777
35,811
35,815
35,838
35,841
35,845
35,860
35,879
35,882
35,915
35,939
35,954
35,956
35,959
35,962
35,963
35,968
35,969
36,50
36,58
36,60
36,67
36,104
36,108
36,134
36,141
36,160
36,217
36,291
36,312
36,313
36,324
36,332
36,334
36,352
36,364
36,407
36,433
36,471
36,514
36,521
36,523
36,525
36,540
36,541
36,569
36,609
36,630
36,647
36,658
36,672
36,682
36,698
36,699
36,703
36,725
36,727
36,730
36,797
36,865
36,877
36,902
36,922
36,939
36,949
36,955
36,958
36,972
36,974
36,997
37,55
37,68
37,86
37,93
37,118
37,136
37,146
37,221
37,233
37,248
37,261
37,316
37,322
37,324
37,330
37,370
37,517
37,585
37,673
37,704
37,717
37,729
37,731
37,749
37,774
37,817
37,832
37,839
37,841
37,842
37,897
37,920
37,927
37,928
37,931
37,943
37,949
37,955
37,961
37,967
37,970
37,999
38,56
38,95
38,114
38,133
38,207
38,210
38,233
38,242
38,285
38,306
38,337
38,349
38,362
38,386
38,412
38,423
38,478
38,532
38,536
38,596
38,624
38,683
38,706
38,727
38,746
38,779
38,811
38,823
38,864
38,926
39,45
39,96
39,117
39,135
39,141
39,181
39,362
39,403
39,443
39,445
39,474
39,497
39,536
39,592
39,641
39,671
39,689
39,779
39,829
39,830
39,930
39,944
40,131
40,139
40,141
40,158
40,192
40,193
40,198
40,220
40,223
40,227
40,245
40,247
40,254
40,277
40,280
40,281
40,290
40,297
40,310
40,317
40,332
40,333
40,383
40,404
40,416
40,433
40,466
40,468
40,543
40,591
40,613
40,618
40,664
40,665
40,686
40,699
40,715
40,764
40,781
40,847
40,857
40,954
40,976
40,995
40,999
41,44
41,110
41,114
41,128
41,153
41,198
41,203
41,205
41,283
41,295
41,319
41,323
41,341
41,358
41,362
41,420
41,437
41,498
41,519
41,590
41,657
41,739
41,759
41,815
41,823
41,893
41,949
41,965
41,979
41,987
42,76
42,110
42,151
42,153
42,214
42,226
42,235
42,239
42,242
42,305
42,308
42,315
42,323
42,338
42,353
42,358
42,361
42,372
42,420
42,467
42,471
42,477
42,582
42,734
42,759
42,762
42,768
42,771
42,809
42,823
42,845
42,880
42,891
42,893
42,896
43,85
43,103
43,117
43,207
43,238
43,309
43,342
43,452
43,477
43,493
43,502
43,509
43,563
43,609
43,642
43,677
43,686
43,730
43,732
43,778
43,810
43,832
43,870
43,901
43,956
43,961
44,47
44,67
44,74
44,84
44,90
44,110
44,128
44,163
44,168
44,170
44,198
44,235
44,267
44,305
44,309
44,319
44,323
44,361
44,372
44,402
44,435
44,455
44,457
44,518
44,519
44,535
44,537
44,559
44,572
44,758
44,773
44,784
44,794
44,801
44,802
44,809
44,814
44,837
44,838
44,846
44,865
44,874
44,903
44,907
44,913
44,953
44,966
45,76
45,154
45,165
45,180
45,181
45,214
45,242
45,244
45,311
45,338
45,379
45,386
45,410
45,518
45,637
45,643
45,700
45,771
45,790
45,913
45,934
45,953
46,81
46,108
46,120
46,139
46,162
46,166
46,190
46,194
46,269
46,271
46,284
46,317
46,321
46,334
46,351
46,419
46,425
46,430
46,449
46,450
46,470
46,471
46,527
46,534
46,573
46,576
46,577
46,618
46,620
46,621
46,623
46,675
46,697
46,774
46,780
46,785
46,822
46,847
46,912
46,917
46,931
46,939
46,947
46,980
46,994
47,60
47,83
47,91
47,92
47,101
47,112
47,115
47,132
47,138
47,140
47,143
47,168
47,248
47,260
47,278
47,279
47,294
47,300
47,302
47,303
47,316
47,339
47,354
47,361
47,372
47,383
47,385
47,397
47,437
47,476
47,480
47,495
47,541
47,546
47,568
47,573
47,599
47,648
47,659
47,663
47,667
47,669
47,677
47,688
47,689
47,727
47,732
47,734
47,753
47,774
47,794
47,802
47,825
47,833
47,835
47,837
47,869
47,896
47,899
47,903
47,919
47,940
47,945
47,964
47,976
47,991
47,992
47,996
48,55
48,61
48,74
48,83
48,84
48,99
48,105
48,114
48,140
48,142
48,143
48,150
48,165
48,178
48,196
48,198
48,226
48,235
48,242
48,260
48,279
48,303
48,305
48,307
48,321
48,328
48,338
48,354
48,361
48,379
48,382
48,385
48,403
48,425
48,427
48,429
48,473
48,496
48,498
48,518
48,542
48,568
48,577
48,597
48,608
48,617
48,622
48,654
48,657
48,659
48,662
48,685
48,696
48,708
48,710
48,719
48,734
48,736
48,753
48,774
48,790
48,812
48,837
48,849
48,851
48,860
48,881
48,882
48,904
48,918
48,956
48,961
48,979
48,987
48,994
49,130
49,166
49,231
49,245
49,271
49,449
49,450
49,461
49,468
49,470
49,600
49,654
49,701
49,755
49,781
49,828
49,887
49,912
49,952
50,57
50,64
50,71
50,77
50,82
50,90
50,123
50,125
50,149
50,155
50,164
50,183
50,242
50,253
50,270
50,299
50,303
50,326
50,347
50,377
50,380
50,382
50,389
50,407
50,421
50,429
50,432
50,437
50,441
50,452
50,481
50,502
50,509
50,514
50,521
50,524
50,563
50,564
50,567
50,571
50,583
50,587
50,597
50,608
50,616
50,620
50,629
50,649
50,658
50,665
50,677
50,683
50,689
50,692
50,708
50,713
50,721
50,760
50,774
50,785
50,797
50,802
50,812
50,825
50,829
50,832
50,854
50,860
50,882
50,934
50,937
50,946
50,956
50,961
50,970
50,974
50,981
50,990
50,994
50,997
51,57
51,88
51,127
51,134
51,145
51,151
51,156
51,181
51,201
51,215
51,256
51,376
51,387
51,436
51,458
51,556
51,564
51,576
51,580
51,601
51,607
51,614
51,620
51,621
51,624
51,628
51,636
51,646
51,649
51,675
51,687
51,708
51,720
51,722
51,734
51,760
51,847
51,860
51,909
51,913
51,951
51,956
51,959
51,968
51,999
52,94
52,111
52,174
52,176
52,200
52,221
52,222
52,247
52,249
52,266
52,282
52,283
52,333
52,334
52,376
52,383
52,472
52,490
52,531
52,702
52,738
52,748
52,783
52,850
52,915
52,970
52,988
52,998
53,67
53,111
53,143
53,152
53,156
53,184
53,192
53,259
53,278
53,279
53,300
53,305
53,339
53,361
53,385
53,455
53,473
53,476
53,495
53,520
53,599
53,632
53,648
53,659
53,663
53,667
53,700
53,704
53,707
53,734
53,750
53,760
53,790
53,802
53,814
53,835
53,837
53,846
53,851
53,869
53,891
53,905
53,970
53,976
53,991
53,992
54,78
54,238
54,253
54,269
54,271
54,306
54,332
54,342
54,353
54,365
54,366
54,367
54,407
54,481
54,521
54,525
54,527
54,536
54,541
54,549
54,567
54,588
54,630
54,641
54,658
54,666
54,680
54,724
54,926
54,944
54,951
54,958
54,972
54,990
54,994
54,996
54,997
55,68
55,70
55,72
55,106
55,113
55,114
55,125
55,136
55,138
55,152
55,172
55,205
55,216
55,260
55,305
55,328
55,332
55,361
55,393
55,410
55,425
55,442
55,444
55,469
55,492
55,541
55,546
55,568
55,577
55,604
55,644
55,706
55,708
55,709
55,717
55,735
55,753
55,767
55,776
55,784
55,788
55,790
55,818
55,837
55,838
55,843
55,858
55,874
55,882
55,905
55,913
55,943
55,945
55,961
55,962
55,987
55,995
55,997
56,81
56,95
56,131
56,157
56,182
56,229
56,254
56,296
56,349
56,386
56,474
56,478
56,483
56,522
56,536
56,554
56,561
56,624
56,627
56,671
56,706
56,712
56,779
56,792
56,804
56,838
56,907
56,921
56,922
56,925
56,926
56,930
56,975
57,88
57,151
57,201
57,261
57,312
57,325
57,332
57,336
57,407
57,420
57,502
57,508
57,522
57,597
57,601
57,618
57,638
57,643
57,649
57,666
57,687
57,721
57,744
57,758
57,760
57,811
57,847
57,941
57,944
57,956
57,972
58,75
58,89
58,126
58,130
58,250
58,257
58,314
58,317
58,335
58,344
58,346
58,409
58,425
58,486
58,487
58,494
58,511
58,521
58,527
58,581
58,620
58,629
58,652
58,676
58,693
58,696
58,707
58,728
58,749
58,772
58,788
58,793
58,829
58,868
58,916
58,924
58,967
58,983
59,63
59,72
59,73
59,79
59,80
59,136
59,187
59,200
59,208
59,220
59,257
59,263
59,276
59,299
59,301
59,303
59,324
59,346
59,348
59,357
59,405
59,411
59,417
59,422
59,438
59,439
59,441
59,451
59,526
59,529
59,533
59,556
59,676
59,684
59,713
59,715
59,718
59,747
59,755
59,760
59,774
59,786
59,805
59,853
59,871
59,918
59,932
59,933
59,988
60,63
60,72
60,75
60,89
60,137
60,191
60,255
60,263
60,282
60,283
60,292
60,301
60,316
60,354
60,357
60,370
60,375
60,385
60,398
60,417
60,422
60,436
60,438
60,439
60,440
60,460
60,466
60,487
60,489
60,529
60,544
60,550
60,566
60,575
60,584
60,593
60,626
60,635
60,647
60,676
60,696
60,707
60,723
60,738
60,766
60,774
60,786
60,805
60,815
60,816
60,833
60,850
60,859
60,871
60,878
60,913
60,951
60,982
61,67
61,68
61,70
61,86
61,88
61,90
61,96
61,97
61,99
61,112
61,114
61,121
61,123
61,160
61,164
61,176
61,177
61,203
61,216
61,228
61,305
61,309
61,316
61,325
61,326
61,339
61,348
61,358
61,361
61,376
61,381
61,382
61,391
61,393
61,410
61,432
61,452
61,459
61,474
61,481
61,506
61,515
61,563
61,583
61,613
61,630
61,637
61,644
61,649
61,659
61,678
61,689
61,704
61,719
61,747
61,759
61,768
61,778
61,811
61,816
61,841
61,842
61,845
61,847
61,851
61,865
61,882
61,901
61,902
61,904
61,913
61,919
61,928
61,937
61,946
61,987
62,65
62,85
62,99
62,102
62,107
62,108
62,142
62,155
62,161
62,191
62,207
62,216
62,218
62,230
62,256
62,261
62,264
62,299
62,302
62,309
62,312
62,325
62,334
62,336
62,343
62,382
62,405
62,425
62,438
62,475
62,488
62,506
62,509
62,527
62,563
62,569
62,577
62,585
62,613
62,621
62,659
62,696
62,697
62,698
62,723
62,749
62,772
62,816
62,822
62,825
62,841
62,854
62,887
62,931
62,941
62,946
62,947
62,954
62,956
62,963
62,966
62,981
62,998
62,999
63,75
63,98
63,116
63,130
63,145
63,179
63,200
63,255
63,257
63,283
63,316
63,329
63,416
63,417
63,440
63,464
63,472
63,487
63,488
63,529
63,550
63,566
63,593
63,626
63,679
63,696
63,718
63,729
63,756
63,772
63,774
63,786
63,852
63,857
63,871
63,878
63,885
63,933
63,934
63,946
63,957
63,988
64,66
64,68
64,82
64,144
64,157
64,186
64,209
64,214
64,215
64,270
64,274
64,279
64,285
64,287
64,289
64,311
64,355
64,362
64,380
64,386
64,416
64,421
64,428
64,435
64,481
64,486
64,491
64,552
64,629
64,632
64,678
64,739
64,758
64,770
64,781
64,827
64,865
64,893
64,895
64,896
64,929
64,937
64,945
64,974
64,997
65,157
65,217
65,343
65,413
65,414
65,472
65,475
65,504
65,605
65,702
65,733
65,747
65,981
66,103
66,114
66,144
66,156
66,174
66,181
66,185
66,188
66,209
66,215
66,220
66,229
66,231
66,233
66,244
66,270
66,272
66,295
66,339
66,353
66,364
66,371
66,386
66,408
66,446
66,477
66,500
66,518
66,624
66,625
66,650
66,651
66,699
66,700
66,712
66,728
66,750
66,770
66,774
66,835
66,845
66,861
66,937
66,944
66,953
66,955
66,975
66,984
66,989
67,74
67,82
67,106
67,110
67,127
67,128
67,140
67,168
67,180
67,259
67,260
67,266
67,270
67,279
67,300
67,305
67,307
67,319
67,350
67,354
67,372
67,397
67,437
67,444
67,450
67,462
67,476
67,480
67,492
67,500
67,520
67,548
67,568
67,572
67,608
67,622
67,623
67,624
67,636
67,637
67,648
67,650
67,656
67,657
67,659
67,663
67,667
67,688
67,716
67,719
67,729
67,750
67,781
67,788
67,794
67,801
67,846
67,868
67,872
67,882
67,903
67,919
67,966
67,978
68,70
68,79
68,90
68,114
68,123
68,164
68,207
68,219
68,368
68,375
68,398
68,444
68,496
68,516
68,577
68,591
68,604
68,617
68,704
68,736
68,790
68,814
68,832
68,839
68,858
68,866
68,874
68,878
68,884
68,891
68,941
68,961
68,967
69,108
69,151
69,158
69,162
69,245
69,261
69,281
69,294
69,309
69,333
69,369
69,383
69,435
69,449
69,450
69,461
69,468
69,469
69,471
69,484
69,521
69,523
69,525
69,540
69,606
69,612
69,619
69,620
69,628
69,674
69,686
69,699
69,701
69,745
69,747
69,760
69,797
69,828
69,877
69,902
69,949
69,976
70,78
70,90
70,97
70,98
70,112
70,121
70,136
70,158
70,165
70,264
70,302
70,309
70,325
70,354
70,361
70,368
70,391
70,401
70,432
70,437
70,438
70,453
70,514
70,563
70,583
70,621
70,639
70,644
70,667
70,676
70,677
70,698
70,704
70,713
70,716
70,734
70,737
70,784
70,811
70,812
70,829
70,847
70,866
70,874
70,882
70,895
70,913
70,926
70,929
70,930
70,961
70,974
70,979
70,987
70,993
71,90
71,99
71,123
71,183
71,197
71,202
71,206
71,252
71,256
71,297
71,309
71,311
71,337
71,342
71,361
71,365
71,369
71,376
71,377
71,380
71,389
71,413
71,453
71,501
71,514
71,524
71,616
71,665
71,677
71,689
71,703
71,716
71,721
71,782
71,847
71,860
71,865
71,882
71,895
71,949
71,952
71,973
71,974
71,979
71,980
71,983
71,990
72,94
72,119
72,129
72,199
72,221
72,301
72,324
72,357
72,366
72,381
72,423
72,431
72,439
72,465
72,512
72,526
72,531
72,538
72,573
72,593
72,611
72,626
72,649
72,668
72,681
72,696
72,718
72,727
72,786
72,796
72,876
72,933
72,956
72,971
72,977
72,988
73,89
73,127
73,134
73,173
73,205
73,224
73,245
73,275
73,277
73,280
73,281
73,290
73,294
73,310
73,351
73,404
73,419
73,449
73,450
73,502
73,523
73,539
73,543
73,545
73,557
73,563
73,569
73,570
73,579
73,581
73,591
73,619
73,620
73,623
73,640
73,654
73,668
73,701
73,745
73,754
73,777
73,793
73,834
73,865
73,877
73,889
73,913
73,923
73,963
74,82
74,83
74,84
74,91
74,102
74,128
74,153
74,195
74,198
74,203
74,235
74,259
74,272
74,303
74,305
74,323
74,325
74,339
74,358
74,361
74,402
74,420
74,421
74,459
74,476
74,492
74,498
74,519
74,522
74,587
74,657
74,659
74,663
74,665
74,669
74,685
74,694
74,711
74,759
74,773
74,794
74,795
74,803
74,899
74,903
74,913
74,953
74,964
74,966
74,972
74,976
74,987
75,80
75,119
75,136
75,145
75,156
75,187
75,191
75,193
75,206
75,236
75,248
75,255
75,257
75,261
75,263
75,283
75,290
75,301
75,327
75,346
75,357
75,362
75,364
75,368
75,370
75,374
75,384
75,417
75,431
75,434
75,439
75,468
75,487
75,526
75,527
75,529
75,533
75,538
75,544
75,550
75,595
75,640
75,661
75,676
75,696
75,707
75,724
75,752
75,774
75,822
75,853
75,871
75,878
75,882
75,885
75,897
75,909
75,932
75,957
75,990
75,998
76,104
76,154
76,195
76,231
76,239
76,242
76,262
76,276
76,287
76,291
76,301
76,303
76,358
76,406
76,407
76,414
76,518
76,556
76,571
76,648
76,744
76,762
76,768
76,795
76,845
76,880
76,891
76,893
76,895
76,896
76,904
76,960
76,975
77,108
77,136
77,235
77,248
77,264
77,351
77,391
77,421
77,441
77,457
77,460
77,479
77,508
77,546
77,547
77,560
77,568
77,715
77,717
77,728
77,729
77,740
77,743
77,747
77,766
77,769
77,783
77,805
77,822
77,831
77,844
77,858
77,881
77,920
77,928
77,962
77,983
78,149
78,165
78,177
78,185
78,210
78,423
78,456
78,543
78,552
78,596
78,632
78,651
78,781
78,800
78,840
78,861
78,864
78,958
78,997
79,100
79,115
79,132
79,176
79,178
79,192
79,295
79,345
79,385
79,388
79,418
79,429
79,457
79,473
79,520
79,531
79,559
79,562
79,568
79,603
79,663
79,743
79,791
79,802
79,803
79,822
79,872
79,892
79,904
79,978
79,991
79,995
80,85
80,102
80,116
80,136
80,145
80,255
80,263
80,308
80,314
80,339
80,346
80,374
80,381
80,384
80,389
80,429
80,487
80,488
80,522
80,526
80,550
80,595
80,604
80,620
80,676
80,696
80,698
80,718
80,728
80,747
80,774
80,805
80,850
80,889
80,932
80,935
80,988
81,82
81,133
81,172
81,181
81,210
81,258
81,287
81,298
81,332
81,349
81,446
81,486
81,505
81,522
81,530
81,532
81,536
81,537
81,596
81,597
81,624
81,643
81,768
81,784
81,792
81,804
81,865
81,902
81,907
81,921
81,926
81,948
81,996
82,144
82,181
82,185
82,186
82,209
82,215
82,242
82,245
82,262
82,270
82,285
82,287
82,291
82,303
82,311
82,355
82,362
82,377
82,403
82,416
82,421
82,423
82,432
82,491
82,522
82,526
82,534
82,551
82,567
82,580
82,587
82,623
82,629
82,649
82,683
82,724
82,770
82,781
82,795
82,827
82,865
82,882
82,896
82,907
82,921
82,936
82,945
82,975
82,983
82,985
82,989
82,997
83,84
83,98
83,121
83,125
83,143
83,279
83,354
83,379
83,492
83,516
83,547
83,577
83,659
83,685
83,800
83,804
83,837
83,841
83,849
83,869
83,903
83,904
83,976
84,98
84,110
84,170
84,178
84,211
84,254
84,288
84,303
84,305
84,388
84,396
84,473
84,498
84,617
84,648
84,650
84,694
84,719
84,784
84,837
84,882
84,891
84,897
84,898
84,903
84,911
84,919
84,975
84,983
84,987
85,107
85,146
85,177
85,183
85,223
85,261
85,263
85,269
85,343
85,368
85,425
85,431
85,446
85,503
85,580
85,585
85,609
85,811
85,838
85,847
85,857
85,919
85,974
86,93
86,120
86,129
86,136
86,147
86,167
86,212
86,217
86,248
86,250
86,255
86,280
86,321
86,322
86,326
86,354
86,370
86,384
86,411
86,429
86,434
86,441
86,496
86,525
86,530
86,541
86,620
86,649
86,663
86,704
86,729
86,749
86,758
86,759
86,766
86,782
86,832
86,842
86,876
86,890
86,928
86,935
86,967
86,971
86,997
87,106
87,192
87,198
87,278
87,279
87,289
87,361
87,400
87,548
87,599
87,688
87,716
87,801
87,820
87,835
87,972
88,113
88,120
88,134
88,151
88,156
88,191
88,280
88,304
88,320
88,351
88,387
88,429
88,445
88,452
88,471
88,555
88,576
88,601
88,606
88,615
88,618
88,621
88,635
88,638
88,658
88,666
88,697
88,744
88,760
88,770
88,778
88,887
88,902
88,907
88,947
88,994
88,999
89,126
89,130
89,145
89,156
89,192
89,193
89,211
89,237
89,248
89,250
89,257
89,346
89,357
89,362
89,375
89,381
89,398
89,429
89,430
89,531
89,539
89,569
89,581
89,609
89,618
89,634
89,636
89,652
89,676
89,707
89,709
89,710
89,718
89,728
89,745
89,767
89,772
89,805
89,857
89,877
90,93
90,99
90,100
90,112
90,121
90,134
90,165
90,180
90,183
90,199
90,210
90,215
90,303
90,309
90,311
90,321
90,325
90,328
90,345
90,351
90,361
90,364
90,377
90,382
90,410
90,419
90,421
90,427
90,470
90,492
90,506
90,583
90,665
90,678
90,689
90,696
90,704
90,713
90,719
90,790
90,794
90,812
90,816
90,832
90,837
90,846
90,861
90,877
90,882
90,896
90,929
90,940
90,964
90,989
90,995
91,114
91,119
91,362
91,414
91,427
91,587
91,598
91,687
91,735
91,762
91,784
91,794
91,807
91,895
91,934
92,115
92,278
92,307
92,315
92,411
92,455
92,480
92,519
92,582
92,622
92,631
92,711
92,835
92,855
92,869
92,898
92,940
92,976
92,979
93,107
93,164
93,167
93,261
93,273
93,322
93,330
93,332
93,377
93,384
93,401
93,429
93,439
93,460
93,484
93,527
93,540
93,549
93,556
93,585
93,611
93,630
93,633
93,655
93,677
93,707
93,710
93,711
93,715
93,723
93,730
93,748
93,749
93,769
93,788
93,805
93,811
93,841
93,901
93,918
93,927
93,946
93,949
93,954
93,993
94,119
94,137
94,142
94,163
94,189
94,199
94,200
94,221
94,232
94,247
94,248
94,249
94,269
94,282
94,324
94,327
94,406
94,421
94,422
94,424
94,431
94,457
94,513
94,531
94,542
94,588
94,610
94,611
94,626
94,729
94,740
94,767
94,819
94,831
94,835
94,859
94,863
94,871
94,875
94,876
94,888
94,909
94,914
94,915
94,918
95,141
95,173
95,181
95,204
95,210
95,235
95,240
95,254
95,258
95,364
95,386
95,391
95,407
95,412
95,446
95,453
95,454
95,478
95,530
95,532
95,536
95,553
95,592
95,596
95,643
95,682
95,727
95,746
95,770
95,782
95,804
95,907
95,921
95,926
95,937
95,944
95,972
95,984
96,99
96,114
96,136
96,260
96,326
96,448
96,474
96,546
96,604
96,644
96,685
96,704
96,734
96,818
96,843
96,847
96,856
96,874
96,888
96,903
96,905
96,947
97,99
97,127
97,129
97,167
97,219
97,271
97,309
97,321
97,325
97,343
97,382
97,391
97,452
97,583
97,677
97,681
97,704
97,708
97,714
97,727
97,747
97,750
97,787
97,790
97,847
97,860
97,874
97,902
97,909
97,929
97,961
97,994
98,99
98,105
98,107
98,112
98,121
98,130
98,213
98,228
98,235
98,309
98,318
98,327
98,339
98,391
98,393
98,418
98,427
98,437
98,444
98,528
98,630
98,641
98,656
98,689
98,704
98,716
98,729
98,779
98,780
98,785
98,790
98,825
98,838
98,847
98,852
98,882
98,929
98,934
98,962
99,105
99,112
99,121
99,138
99,150
99,160
99,162
99,176
99,196
99,294
99,299
99,319
99,328
99,361
99,377
99,406
99,410
99,432
99,473
99,621
99,644
99,678
99,686
99,689
99,708
99,709
99,758
99,790
99,865
99,869
99,874
99,882
99,913
99,929
99,945
99,955
99,956
99,962
99,979
100,132
100,148
100,178
100,192
100,203
100,232
100,260
100,265
100,279
100,295
100,307
100,328
100,330
100,340
100,350
100,396
100,400
100,429
100,444
100,481
100,491
100,495
100,498
100,635
100,639
100,667
100,670
100,750
100,751
100,802
100,809
100,852
100,862
100,869
100,872
100,892
100,904
100,913
100,929
100,977
100,991
100,995
101,107
101,184
101,198
101,260
101,279
101,305
101,315
101,339
101,340
101,350
101,388
101,400
101,415
101,454
101,491
101,603
101,637
101,650
101,659
101,667
101,688
101,768
101,800
101,801
101,814
101,846
101,852
101,862
101,869
101,948
101,987
102,113
102,115
102,119
102,142
102,167
102,174
102,176
102,192
102,257
102,294
102,327
102,339
102,350
102,419
102,422
102,426
102,440
102,493
102,513
102,526
102,572
102,575
102,590
102,635
102,679
102,696
102,704
102,726
102,791
102,799
102,850
102,859
102,863
102,885
102,906
102,909
102,914
102,918
102,948
102,950
102,978
102,986
103,144
103,149
103,195
103,210
103,227
103,362
103,363
103,364
103,371
103,500
103,522
103,554
103,561
103,563
103,566
103,632
103,739
103,746
103,753
103,902
104,108
104,144
104,156
104,160
104,161
104,192
104,205
104,231
104,257
104,287
104,297
104,306
104,333
104,334
104,354
104,365
104,442
104,468
104,471
104,485
104,521
104,525
104,543
104,553
104,567
104,597
104,619
104,630
104,647
104,649
104,658
104,665
104,672
104,674
104,680
104,683
104,699
104,714
104,725
104,737
104,760
104,797
104,808
104,860
104,877
104,882
104,893
104,902
104,907
104,926
104,939
104,953
104,958
104,972
105,108
105,114
105,152
105,193
105,209
105,212
105,300
105,303
105,321
105,328
105,411
105,432
105,447
105,517
105,523
105,644
105,649
105,704
105,708
105,709
105,741
105,750
105,782
105,790
105,808
105,812
105,843
105,856
105,880
105,913
105,926
105,962
105,982
105,987
106,110
106,168
106,233
106,244
106,262
106,265
106,278
106,305
106,350
106,354
106,372
106,385
106,386
106,400
106,415
106,448
106,491
106,559
106,568
106,582
106,622
106,657
106,659
106,663
106,670
106,693
106,694
106,711
106,759
106,835
106,892
106,898
106,899
106,940
106,973
106,978
107,116
107,236
107,261
107,269
107,311
107,327
107,334
107,353
107,368
107,381
107,382
107,384
107,401
107,403
107,429
107,485
107,509
107,580
107,585
107,605
107,613
107,629
107,635
107,677
107,715
107,728
107,797
107,841
107,842
107,853
107,854
107,871
107,941
107,956
107,962
107,968
108,131
108,158
108,166
108,180
108,273
108,294
108,333
108,334
108,365
108,383
108,419
108,466
108,468
108,471
108,484
108,545
108,546
108,606
108,609
108,619
108,628
108,630
108,665
108,672
108,674
108,689
108,697
108,699
108,716
108,737
108,745
108,752
108,758
108,797
108,870
108,923
108,931
108,961
108,988
108,999
109,141
109,235
109,240
109,243
109,263
109,296
109,321
109,365
109,380
109,406
109,407
109,435
109,453
109,497
109,530
109,579
109,609
109,647
109,658
109,698
109,733
109,779
109,829
109,873
109,931
109,944
109,975
109,994
109,997
110,112
110,144
110,149
110,153
110,168
110,198
110,200
110,203
110,207
110,239
110,267
110,298
110,305
110,307
110,315
110,319
110,361
110,367
110,372
110,400
110,437
110,535
110,563
110,599
110,657
110,663
110,670
110,711
110,716
110,734
110,759
110,773
110,800
110,835
110,846
110,891
110,898
110,903
110,919
110,953
111,116
111,137
111,142
111,174
111,199
111,200
111,282
111,316
111,327
111,331
111,375
111,388
111,422
111,429
111,431
111,437
111,439
111,440
111,457
111,466
111,525
111,526
111,593
111,661
111,673
111,684
111,698
111,702
111,752
111,756
111,796
111,798
111,813
111,819
111,863
111,883
111,909
111,915
111,948
111,970
111,977
111,988
112,121
112,151
112,165
112,177
112,187
112,228
112,296
112,300
112,328
112,371
112,407
112,444
112,448
112,515
112,516
112,524
112,541
112,546
112,563
112,564
112,578
112,580
112,618
112,689
112,704
112,708
112,749
112,751
112,776
112,790
112,808
112,812
112,851
112,874
112,882
112,962
113,138
113,140
113,142
113,167
113,176
113,178
113,235
113,264
113,266
113,267
113,318
113,321
113,327
113,328
113,372
113,375
113,390
113,392
113,400
113,408
113,416
113,418
113,422
113,426
113,431
113,457
113,479
113,493
113,505
113,513
113,524
113,542
113,559
113,568
113,577
113,581
113,585
113,603
113,604
113,633
113,691
113,717
113,743
113,781
113,798
113,863
113,876
113,892
113,893
113,914
113,918
113,923
113,928
113,948
113,995
114,121
114,138
114,143
114,144
114,150
114,156
114,165
114,169
114,228
114,265
114,328
114,354
114,361
114,397
114,425
114,448
114,465
114,515
114,516
114,520
114,524
114,529
114,541
114,577
114,642
114,644
114,659
114,665
114,668
114,669
114,696
114,717
114,722
114,727
114,741
114,755
114,757
114,767
114,790
114,825
114,843
114,856
114,874
114,913
114,937
114,943
114,961
114,962
114,992
115,176
115,178
115,192
115,246
115,295
115,331
115,345
115,385
115,392
115,402
115,408
115,426
115,505
115,559
115,562
115,572
115,603
115,729
115,730
115,750
115,803
115,839
115,851
115,892
115,904
115,914
115,950
115,970
115,982
115,991
115,995
116,119
116,126
116,169
116,357
116,440
116,443
116,451
116,538
116,544
116,718
116,752
116,786
116,868
116,871
116,885
116,933
116,977
117,120
117,127
117,159
117,161
117,187
117,205
117,218
117,261
117,310
117,320
117,329
117,336
117,351
117,409
117,466
117,468
117,485
117,488
117,501
117,507
117,526
117,527
117,539
117,540
117,557
117,569
117,573
117,579
117,589
117,620
117,623
117,668
117,715
117,760
117,777
117,816
117,820
117,826
117,834
117,836
117,837
117,860
117,887
117,923
117,931
117,942
117,947
117,980
118,124
118,126
118,146
118,152
118,206
118,212
118,368
118,370
118,452
118,504
118,549
118,655
118,783
118,805
118,807
118,838
118,839
118,841
118,854
118,890
118,901
118,927
118,938
118,964
118,967
118,979
119,159
119,200
119,225
119,241
119,243
119,247
119,263
119,282
119,330
119,331
119,460
119,465
119,490
119,513
119,531
119,538
119,575
119,610
119,614
119,688
119,702
119,752
119,756
119,774
119,796
119,832
119,850
119,870
119,876
119,897
119,910
119,915
119,988
119,999
120,147
120,167
120,171
120,205
120,216
120,218
120,233
120,275
120,277
120,280
120,294
120,299
120,317
120,329
120,401
120,405
120,415
120,419
120,425
120,462
120,470
120,485
120,494
120,521
120,523
120,543
120,556
120,564
120,573
120,579
120,589
120,614
120,623
120,640
120,649
120,652
120,668
120,707
120,733
120,763
120,777
120,793
120,834
120,847
120,868
120,889
120,916
120,923
120,939
120,957
120,963
120,980
120,981
120,993
121,138
121,152
121,157
121,161
121,169
121,197
121,207
121,220
121,228
121,239
121,257
121,266
121,295
121,307
121,314
121,326
121,349
121,384
121,391
121,426
121,427
121,429
121,481
121,504
121,509
121,524
121,546
121,564
121,575
121,583
121,598
121,602
121,604
121,622
121,636
121,644
121,648
121,699
121,708
121,709
121,719
121,767
121,781
121,790
121,794
121,809
121,811
121,812
121,825
121,832
121,843
121,874
121,882
121,905
121,913
121,943
121,953
121,962
121,964
121,976
121,993
122,135
122,181
122,229
122,287
122,298
122,364
122,371
122,380
122,419
122,423
122,607
122,739
122,785
122,824
122,834
122,864
122,930
122,936
123,145
123,165
123,177
123,207
123,215
123,242
123,253
123,270
123,306
123,328
123,362
123,377
123,382
123,389
123,428
123,432
123,439
123,453
123,466
123,469
123,474
123,481
123,508
123,535
123,543
123,556
123,563
123,564
123,569
123,583
123,597
123,678
123,683
123,689
123,713
123,730
123,761
123,784
123,819
123,837
123,838
123,872
123,879
123,882
123,890
123,929
123,943
123,965
123,974
123,990
124,150
124,155
124,170
124,197
124,214
124,217
124,393
124,414
124,479
124,505
124,510
124,517
124,541
124,546
124,559
124,562
124,602
124,603
124,663
124,691
124,735
124,808
124,809
124,813
124,818
124,847
124,868
124,905
124,956
124,960
124,961
124,962
125,140
125,173
125,225
125,253
125,372
125,397
125,429
125,476
125,479
125,493
125,498
125,520
125,546
125,549
125,599
125,659
125,696
125,750
125,753
125,774
125,790
125,812
125,834
125,849
125,851
125,899
125,913
125,976
125,978
125,987
126,137
126,156
126,230
126,319
126,381
126,395
126,449
126,653
126,693
126,710
126,763
126,772
126,786
126,793
126,878
126,882
126,912
126,954
126,981
126,998
127,138
127,158
127,160
127,201
127,205
127,224
127,227
127,243
127,245
127,280
127,281
127,294
127,359
127,384
127,419
127,431
127,441
127,449
127,450
127,466
127,468
127,470
127,485
127,488
127,543
127,545
127,556
127,557
127,562
127,570
127,579
127,588
127,589
127,591
127,600
127,614
127,620
127,623
127,640
127,654
127,668
127,730
127,763
127,777
127,787
127,885
127,887
127,912
127,923
127,949
127,963
128,143
128,154
128,165
128,231
128,261
128,305
128,307
128,315
128,358
128,370
128,382
128,402
128,437
128,476
128,622
128,637
128,657
128,719
128,808
128,836
128,852
128,966
128,990
129,158
129,159
129,225
129,284
129,324
129,327
129,357
129,440
129,465
129,488
129,512
129,538
129,543
129,544
129,579
129,601
129,604
129,611
129,756
129,786
129,796
129,833
129,871
129,885
129,933
129,961
129,970
129,977
130,135
130,145
130,147
130,161
130,173
130,218
130,230
130,250
130,257
130,270
130,277
130,284
130,316
130,317
130,329
130,330
130,336
130,405
130,419
130,425
130,485
130,489
130,494
130,507
130,523
130,540
130,558
130,569
130,573
130,581
130,620
130,664
130,675
130,721
130,746
130,763
130,787
130,816
130,820
130,834
130,854
130,857
130,917
130,924
130,931
130,942
130,947
130,954
130,957
130,993
131,166
131,271
131,275
131,281
131,299
131,333
131,351
131,380
131,429
131,452
131,461
131,468
131,470
131,471
131,520
131,526
131,557
131,564
131,609
131,618
131,619
131,621
131,701
131,745
131,782
131,828
131,882
131,887
131,972
132,148
132,167
132,178
132,192
132,248
132,267
132,295
132,309
132,318
132,339
132,345
132,379
132,385
132,392
132,397
132,400
132,408
132,415
132,577
132,585
132,588
132,603
132,637
132,657
132,663
132,709
132,719
132,751
132,775
132,801
132,803
132,814
132,846
132,859
132,892
132,898
132,904
132,953
132,954
132,976
132,995
133,172
133,210
133,249
133,264
133,287
133,298
133,326
133,364
133,371
133,421
133,453
133,473
133,486
133,500
133,522
133,529
133,532
133,536
133,544
133,564
133,592
133,596
133,609
133,624
133,651
133,658
133,665
133,683
133,703
133,706
133,739
133,742
133,746
133,767
133,792
133,872
133,907
133,926
133,965
133,984
134,182
134,186
134,236
134,240
134,258
134,261
134,290
134,298
134,365
134,366
134,389
134,403
134,453
134,486
134,520
134,522
134,523
134,530
134,536
134,557
134,609
134,613
134,618
134,624
134,630
134,643
134,647
134,692
134,698
134,711
134,714
134,723
134,727
134,797
134,829
134,832
134,864
134,865
134,867
134,873
134,921
134,922
134,997
135,149
135,185
135,229
135,264
135,270
135,286
135,287
135,311
135,371
135,386
135,423
135,456
135,463
135,472
135,552
135,584
135,594
135,618
135,627
135,632
135,692
135,724
135,739
135,768
135,795
135,823
135,840
135,852
135,858
135,870
135,936
135,983
136,137
136,163
136,167
136,169
136,191
136,211
136,232
136,234
136,264
136,301
136,316
136,333
136,354
136,357
136,418
136,429
136,431
136,438
136,460
136,490
136,510
136,527
136,542
136,560
136,575
136,595
136,599
136,633
136,646
136,696
136,702
136,704
136,715
136,717
136,728
136,740
136,747
136,774
136,783
136,786
136,790
136,798
136,810
136,813
136,822
136,826
136,831
136,833
136,854
136,858
136,888
136,892
136,906
136,935
136,962
136,982
137,140
137,163
137,169
137,174
137,200
137,206
137,221
137,225
137,234
137,255
137,263
137,316
137,327
137,350
137,356
137,375
137,422
137,426
137,431
137,439
137,466
137,508
137,512
137,522
137,565
137,574
137,610
137,633
137,685
137,702
137,752
137,769
137,781
137,786
137,798
137,813
137,833
137,859
137,876
137,888
137,906
137,909
137,914
137,949
137,960
137,970
137,988
138,142
138,148
138,152
138,295
138,326
138,328
138,361
138,415
138,448
138,515
138,546
138,564
138,568
138,577
138,636
138,659
138,689
138,709
138,735
138,737
138,741
138,768
138,790
138,809
138,812
138,818
138,847
138,851
138,882
138,913
138,919
138,962
139,158
139,172
139,173
139,175
139,245
139,285
139,417
139,540
139,600
139,612
139,614
139,658
139,664
139,789
139,902
139,929
139,952
140,176
140,212
140,254
140,264
140,300
140,303
140,345
140,354
140,361
140,422
140,427
140,476
140,491
140,537
140,577
140,595
140,637
140,648
140,659
140,685
140,689
140,704
140,716
140,735
140,743
140,750
140,766
140,790
140,814
140,837
140,851
140,882
140,892
140,905
140,943
140,979
140,987
140,992
141,160
141,204
141,243
141,258
141,365
141,435
141,443
141,453
141,500
141,514
141,528
141,530
141,553
141,597
141,609
141,698
141,725
141,733
141,759
141,788
141,829
141,830
141,877
141,972
141,975
141,997
142,192
142,199
142,220
142,221
142,232
142,247
142,249
142,318
142,327
142,422
142,424
142,444
142,473
142,490
142,505
142,541
142,542
142,560
142,566
142,602
142,610
142,696
142,699
142,717
142,767
142,798
142,806
142,819
142,833
142,850
142,853
142,859
142,863
142,888
142,915
142,918
142,935
142,938
142,943
142,948
142,970
142,988
143,259
143,260
143,358
143,361
143,377
143,396
143,416
143,546
143,568
143,639
143,648
143,657
143,667
143,734
143,779
143,802
143,852
143,869
143,904
143,979
144,215
144,231
144,233
144,248
144,253
144,261
144,270
144,285
144,289
144,291
144,298
144,349
144,362
144,377
144,392
144,416
144,421
144,427
144,428
144,469
144,536
144,618
144,624
144,636
144,713
144,770
144,780
144,827
144,879
144,893
144,895
144,913
144,929
144,937
144,965
144,985
144,989
144,996
145,200
145,211
145,241
145,280
145,292
145,324
145,375
145,381
145,434
145,494
145,512
145,527
145,544
145,566
145,588
145,593
145,605
145,693
145,705
145,710
145,718
145,764
145,894
145,932
145,935
145,948
145,998
146,248
146,282
146,322
146,326
146,330
146,343
146,382
146,387
146,414
146,472
146,473
146,504
146,521
146,549
146,598
146,709
146,748
146,749
146,808
146,832
146,842
146,856
146,885
146,901
146,927
146,967
146,982
147,161
147,173
147,187
147,230
147,257
147,336
147,352
147,401
147,405
147,409
147,419
147,424
147,425
147,460
147,503
147,506
147,507
147,539
147,579
147,586
147,620
147,649
147,653
147,660
147,675
147,732
147,754
147,757
147,763
147,764
147,775
147,787
147,816
147,817
147,826
147,831
147,854
147,868
147,901
147,947
147,993
148,167
148,184
148,192
148,260
148,265
148,279
148,350
148,368
148,396
148,400
148,415
148,438
148,444
148,508
148,513
148,520
148,562
148,572
148,599
148,621
148,633
148,637
148,639
148,734
148,750
148,802
148,814
148,856
148,862
148,869
148,877
148,891
148,904
148,905
148,913
148,949
148,991
148,999
149,172
149,177
149,195
149,227
149,239
149,285
149,286
149,303
149,308
149,311
149,318
149,338
149,353
149,358
149,364
149,386
149,421
149,423
149,427
149,456
149,477
149,486
149,528
149,536
149,552
149,587
149,594
149,623
149,632
149,636
149,678
149,692
149,719
149,739
149,760
149,768
149,781
149,785
149,824
149,861
149,882
149,900
149,925
149,937
149,976
149,983
149,984
149,989
149,999
150,168
150,226
150,228
150,234
150,303
150,328
150,362
150,379
150,406
150,457
150,472
150,473
150,517
150,520
150,541
150,585
150,589
150,602
150,624
150,644
150,659
150,729
150,735
150,741
150,750
150,753
150,766
150,788
150,807
150,808
150,815
150,818
150,834
150,856
150,858
150,892
150,905
150,943
150,962
150,973
150,979
150,982
150,987
150,997
151,201
151,314
151,342
151,377
151,378
151,387
151,389
151,392
151,502
151,513
151,555
151,576
151,579
151,586
151,590
151,601
151,606
151,615
151,732
151,839
151,863
151,866
151,873
151,951
151,968
151,976
151,994
152,270
152,339
152,345
152,361
152,373
152,390
152,472
152,492
152,495
152,541
152,546
152,603
152,667
152,709
152,719
152,737
152,741
152,790
152,812
152,856
152,858
152,892
152,895
152,913
152,943
152,949
152,962
153,180
153,198
153,210
153,235
153,252
153,257
153,267
153,272
153,318
153,323
153,338
153,358
153,372
153,411
153,420
153,457
153,477
153,519
153,537
153,568
153,636
153,656
153,662
153,677
153,683
153,736
153,759
153,773
153,784
153,833
153,846
153,864
153,884
153,895
153,911
153,919
153,953
153,966
153,979
153,992
154,186
154,206
154,214
154,235
154,239
154,291
154,301
154,323
154,376
154,406
154,410
154,428
154,452
154,535
154,567
154,578
154,636
154,689
154,700
154,735
154,758
154,809
154,874
154,880
154,890
154,891
154,944
154,970
155,183
155,220
155,229
155,291
155,309
155,364
155,376
155,380
155,421
155,452
155,479
155,556
155,563
155,565
155,583
155,613
155,620
155,624
155,649
155,677
155,689
155,704
155,760
155,805
155,825
155,847
155,856
155,865
155,866
155,895
155,900
155,901
155,956
155,982
156,161
156,173
156,201
156,202
156,216
156,275
156,295
156,309
156,314
156,339
156,365
156,369
156,377
156,387
156,432
156,445
156,446
156,471
156,502
156,523
156,576
156,581
156,593
156,597
156,601
156,606
156,615
156,638
156,640
156,649
156,687
156,697
156,699
156,704
156,722
156,758
156,760
156,896
156,949
156,951
156,959
156,968
156,994
157,164
157,165
157,196
157,281
157,291
157,298
157,313
157,353
157,406
157,428
157,429
157,463
157,469
157,477
157,478
157,481
157,509
157,561
157,678
157,683
157,700
157,701
157,758
157,780
157,781
157,841
157,881
157,928
157,937
157,945
157,955
157,973
157,975
157,990
158,166
158,175
158,190
158,235
158,271
158,275
158,280
158,281
158,290
158,291
158,294
158,310
158,332
158,333
158,351
158,391
158,404
158,433
158,449
158,461
158,468
158,470
158,471
158,534
158,539
158,540
158,545
158,579
158,591
158,612
158,614
158,619
158,620
158,623
158,630
158,654
158,664
158,665
158,699
158,701
158,705
158,725
158,755
158,789
158,812
158,877
158,879
158,887
158,952
158,954
158,958
158,981
158,999
159,169
159,199
159,200
159,201
159,221
159,225
159,282
159,283
159,301
159,316
159,331
159,422
159,439
159,452
159,512
159,538
159,543
159,575
159,581
159,752
159,765
159,786
159,806
159,853
159,859
159,885
159,894
159,897
159,935
159,970
159,988
160,210
160,254
160,286
160,287
160,294
160,332
160,334
160,379
160,453
160,458
160,468
160,509
160,523
160,525
160,573
160,601
160,603
160,604
160,609
160,628
160,630
160,641
160,643
160,647
160,658
160,671
160,697
160,699
160,725
160,848
160,861
160,902
160,924
160,931
160,958
160,973
160,974
160,993
160,994
160,997
161,171
161,173
161,238
161,257
161,281
161,317
161,342
161,348
161,351
161,461
161,478
161,485
161,494
161,503
161,529
161,539
161,556
161,569
161,579
161,589
161,620
161,632
161,640
161,646
161,696
161,697
161,816
161,851
161,860
161,917
161,924
161,947
161,963
161,993
161,997
161,999
162,166
162,193
162,207
162,333
162,383
162,412
162,468
162,470
162,499
162,591
162,606
162,628
162,664
162,674
162,680
162,699
162,725
162,745
162,797
162,828
162,917
162,931
162,997
163,189
163,191
163,206
163,225
163,247
163,316
163,359
163,382
163,383
163,431
163,439
163,454
163,457
163,547
163,560
163,565
163,575
163,633
163,657
163,726
163,729
163,766
163,786
163,798
163,813
163,819
163,833
163,909
163,915
163,948
163,965
163,976
163,998
164,204
164,212
164,219
164,248
164,261
164,267
164,269
164,376
164,377
164,382
164,393
164,442
164,466
164,481
164,496
164,516
164,522
164,524
164,546
164,642
164,665
164,683
164,704
164,741
164,742
164,751
164,753
164,754
164,780
164,788
164,794
164,818
164,822
164,825
164,838
164,847
164,890
164,901
164,938
164,955
164,961
164,971
164,981
164,982
165,178
165,188
165,190
165,195
165,196
165,209
165,226
165,253
165,262
165,272
165,313
165,356
165,361
165,377
165,410
165,427
165,441
165,463
165,522
165,535
165,571
165,583
165,598
165,727
165,758
165,761
165,762
165,780
165,785
165,795
165,840
165,860
165,874
165,882
165,884
165,887
165,895
165,905
165,913
165,934
165,943
165,964
165,974
166,290
166,333
166,342
166,461
166,468
166,576
166,619
166,621
166,623
166,674
166,755
166,828
166,994
166,999
167,176
167,192
167,193
167,326
167,327
167,339
167,392
167,393
167,418
167,426
167,431
167,441
167,457
167,465
167,477
167,493
167,559
167,562
167,568
167,574
167,659
167,691
167,709
167,717
167,739
167,759
167,825
167,863
167,906
167,914
167,995
168,203
168,234
168,244
168,259
168,260
168,278
168,305
168,307
168,334
168,339
168,360
168,400
168,411
168,455
168,476
168,590
168,613
168,622
168,657
168,663
168,670
168,694
168,715
168,729
168,759
168,823
168,835
168,872
168,896
168,898
168,899
168,903
168,904
168,940
168,962
168,978
169,191
169,221
169,255
169,263
169,283
169,302
169,316
169,318
169,324
169,381
169,417
169,439
169,440
169,451
169,460
169,472
169,487
169,489
169,512
169,550
169,566
169,575
169,613
169,626
169,757
169,798
169,813
169,831
169,863
169,878
169,885
169,906
169,909
169,915
169,935
169,977
169,982
169,998
170,187
170,192
170,214
170,265
170,272
170,279
170,288
170,303
170,305
170,325
170,328
170,354
170,358
170,391
170,399
170,427
170,431
170,452
170,459
170,473
170,476
170,492
170,495
170,498
170,518
170,520
170,535
170,537
170,591
170,636
170,648
170,650
170,656
170,659
170,669
170,685
170,690
170,719
170,736
170,741
170,762
170,770
170,780
170,794
170,801
170,805
170,823
170,825
170,880
170,884
170,903
170,911
170,937
170,966
171,173
171,230
171,317
171,509
171,511
171,556
171,569
171,620
171,623
171,732
171,792
171,834
171,912
171,917
172,181
172,212
172,234
172,243
172,272
172,291
172,349
172,364
172,386
172,412
172,429
172,478
172,483
172,486
172,500
172,532
172,536
172,554
172,571
172,587
172,596
172,624
172,627
172,698
172,746
172,792
172,795
172,824
172,827
172,907
172,949
172,965
173,269
173,284
173,317
173,321
173,335
173,342
173,368
173,374
173,425
173,449
173,471
173,539
173,550
173,556
173,569
173,573
173,595
173,606
173,620
173,621
173,640
173,675
173,697
173,701
173,715
173,744
173,777
173,816
173,917
173,923
173,952
173,954
173,963
174,199
174,200
174,225
174,249
174,282
174,316
174,359
174,392
174,422
174,431
174,439
174,493
174,531
174,540
174,542
174,663
174,665
174,675
174,702
174,767
174,787
174,794
174,798
174,822
174,833
174,846
174,850
174,853
174,859
174,896
174,897
174,909
174,915
174,988
175,205
175,275
175,280
175,284
175,304
175,310
175,333
175,337
175,366
175,449
175,450
175,461
175,470
175,494
175,543
175,569
175,600
175,614
175,621
175,664
175,674
175,701
175,755
175,789
175,797
175,829
175,836
175,873
175,912
175,931
175,939
175,947
175,952
175,994
176,295
176,327
176,339
176,345
176,361
176,386
176,392
176,399
176,424
176,426
176,427
176,432
176,493
176,542
176,559
176,562
176,563
176,568
176,603
176,622
176,659
176,708
176,715
176,717
176,729
176,730
176,740
176,750
176,766
176,788
176,791
176,863
176,869
176,885
176,892
176,914
176,918
176,926
176,950
176,960
176,992
176,995
177,185
177,210
177,214
177,233
177,267
177,286
177,287
177,291
177,298
177,364
177,423
177,427
177,486
177,528
177,551
177,552
177,609
177,665
177,677
177,692
177,699
177,739
177,779
177,781
177,785
177,840
177,845
177,848
177,861
177,893
177,936
177,943
177,965
177,975
177,983
177,994
178,210
178,217
178,251
178,295
178,300
178,305
178,327
178,350
178,373
178,377
178,418
178,444
178,454
178,457
178,512
178,519
178,520
178,546
178,562
178,603
178,637
178,639
178,712
178,717
178,732
178,740
178,753
178,770
178,791
178,809
178,815
178,844
178,871
178,892
178,903
178,904
178,913
178,955
178,967
178,976
178,988
178,991
178,995
179,189
179,226
179,251
179,301
179,309
179,327
179,512
179,626
179,673
179,752
179,756
179,786
179,876
179,977
180,212
180,244
180,267
180,270
180,307
180,327
180,340
180,360
180,372
180,396
180,437
180,455
180,457
180,459
180,577
180,590
180,617
180,622
180,657
180,663
180,667
180,670
180,694
180,711
180,712
180,716
180,781
180,801
180,840
180,870
180,872
180,891
180,898
180,899
180,903
180,934
180,978
180,989
180,990
180,991
180,995
181,185
181,210
181,215
181,239
181,276
181,287
181,290
181,298
181,308
181,313
181,349
181,362
181,363
181,371
181,385
181,386
181,435
181,447
181,474
181,481
181,486
181,522
181,536
181,551
181,568
181,587
181,596
181,616
181,624
181,625
181,639
181,683
181,692
181,697
181,712
181,746
181,770
181,781
181,797
181,802
181,827
181,830
181,845
181,854
181,861
181,864
181,870
181,902
181,956
181,990
182,185
182,412
182,445
182,530
182,553
182,742
182,779
182,818
182,829
183,201
183,216
183,220
183,307
183,309
183,481
183,493
183,502
183,524
183,563
183,601
183,616
183,649
183,665
183,678
183,683
183,708
183,730
183,798
183,821
183,824
183,858
183,900
183,922
183,946
183,949
183,956
184,192
184,260
184,265
184,279
184,291
184,295
184,317
184,339
184,350
184,380
184,415
184,444
184,454
184,482
184,491
184,637
184,639
184,688
184,800
184,801
184,814
184,835
184,848
184,904
185,205
185,210
185,229
185,254
185,286
185,298
185,353
185,364
185,382
185,386
185,425
185,528
185,552
185,554
185,594
185,636
185,692
185,739
185,759
185,780
185,824
185,829
185,930
185,936
185,965
185,997
186,209
186,215
186,229
186,287
186,355
186,362
186,377
186,432
186,481
186,601
186,610
186,780
186,804
186,827
186,880
186,893
186,975
186,976
187,211
187,225
187,257
187,320
187,326
187,336
187,346
187,389
187,405
187,419
187,430
187,462
187,494
187,509
187,513
187,569
187,581
187,586
187,589
187,605
187,652
187,653
187,697
187,760
187,772
187,787
187,793
187,816
187,817
187,820
187,826
187,834
187,836
187,841
187,857
187,877
187,889
187,913
187,954
187,963
187,991
188,195
188,210
188,214
188,233
188,270
188,276
188,403
188,427
188,428
188,578
188,598
188,683
188,762
188,780
188,781
188,807
188,975
188,986
189,206
189,249
189,304
189,327
189,392
189,429
189,431
189,448
189,457
189,505
189,513
189,520
189,542
189,560
189,568
189,569
189,574
189,635
189,649
189,659
189,684
189,717
189,726
189,741
189,757
189,766
189,786
189,799
189,814
189,819
189,831
189,850
189,863
189,868
189,884
189,888
189,903
189,906
189,913
189,918
189,948
189,964
190,333
190,348
190,351
190,450
190,461
190,468
190,494
190,606
190,674
190,755
191,205
191,263
191,326
191,375
191,398
191,431
191,488
191,529
191,550
191,584
191,676
191,720
191,764
191,796
191,878
191,932
191,938
191,982
192,212
192,250
192,260
192,265
192,295
192,318
192,327
192,358
192,385
192,395
192,396
192,408
192,418
192,426
192,432
192,457
192,461
192,465
192,482
192,520
192,559
192,562
192,568
192,599
192,603
192,607
192,637
192,647
192,657
192,670
192,695
192,717
192,751
192,767
192,784
192,791
192,801
192,803
192,845
192,858
192,868
192,869
192,870
192,892
192,904
192,974
192,979
192,991
192,995
193,221
193,249
193,270
193,292
193,370
193,374
193,395
193,418
193,422
193,466
193,475
193,488
193,489
193,491
193,504
193,529
193,560
193,579
193,585
193,588
193,595
193,613
193,676
193,696
193,707
193,728
193,834
193,851
193,885
193,886
193,894
193,913
193,924
193,964
193,981
194,205
194,280
194,332
194,364
194,450
194,501
194,540
194,620
194,902
194,939
194,980
195,198
195,214
195,235
195,242
195,267
195,270
195,272
195,303
195,309
195,328
195,338
195,353
195,372
195,377
195,394
195,399
195,420
195,455
195,459
195,473
195,475
195,477
195,492
195,535
195,543
195,607
195,623
195,636
195,657
195,719
195,736
195,762
195,770
195,771
195,823
195,846
195,861
195,872
195,880
195,893
195,896
195,937
195,953
195,966
195,974
195,979
195,983
195,995
195,996
196,231
196,253
196,275
196,290
196,333
196,337
196,376
196,481
196,678
196,713
196,719
196,758
196,780
196,781
196,807
196,844
196,847
196,879
196,929
196,974
197,202
197,229
197,309
197,328
197,332
197,376
197,377
197,380
197,416
197,428
197,432
197,469
197,471
197,481
197,492
197,493
197,530
197,553
197,616
197,643
197,666
197,719
197,724
197,758
197,780
197,807
197,827
197,848
197,865
197,867
197,874
197,890
197,930
197,974
197,985
197,990
198,203
198,235
198,239
198,244
198,262
198,272
198,286
198,287
198,288
198,298
198,305
198,313
198,319
198,323
198,358
198,361
198,394
198,414
198,415
198,437
198,469
198,518
198,519
198,637
198,647
198,657
198,662
198,705
198,716
198,719
198,759
198,762
198,773
198,775
198,784
198,805
198,823
198,891
198,898
198,903
198,911
198,937
198,966
199,209
199,221
199,232
199,247
199,249
199,316
199,327
199,334
199,362
199,431
199,490
199,512
199,513
199,531
199,574
199,575
199,610
199,613
199,673
199,702
199,715
199,738
199,756
199,767
199,796
199,798
199,813
199,833
199,850
199,875
199,886
199,888
199,909
199,918
199,928
199,948
199,950
199,970
199,988
199,991
200,249
200,282
200,324
200,331
200,422
200,439
200,454
200,465
200,476
200,485
200,490
200,512
200,526
200,531
200,587
200,588
200,599
200,605
200,661
200,663
200,673
200,676
200,702
200,726
200,728
200,738
200,756
200,786
200,796
200,813
200,853
200,857
200,893
200,897
200,909
200,915
200,938
200,977
200,988
201,215
201,269
201,271
201,284
201,306
201,313
201,348
201,362
201,380
201,401
201,419
201,430
201,431
201,452
201,471
201,502
201,509
201,513
201,524
201,534
201,540
201,556
201,557
201,568
201,576
201,601
201,606
201,615
201,638
201,640
201,665
201,675
201,677
201,697
201,760
201,778
201,822
201,841
201,848
201,887
201,896
201,909
201,928
201,939
201,940
201,951
201,954
201,955
201,959
201,993
201,994
201,999
202,230
202,299
202,347
202,355
202,364
202,377
202,380
202,386
202,436
202,452
202,463
202,481
202,567
202,577
202,583
202,609
202,636
202,686
202,703
202,761
202,825
202,838
202,848
202,874
202,879
202,882
202,894
202,945
202,949
202,974
202,990
203,231
203,235
203,242
203,267
203,279
203,291
203,303
203,307
203,308
203,319
203,323
203,358
203,394
203,414
203,420
203,482
203,519
203,532
203,537
203,541
203,577
203,599
203,659
203,662
203,667
203,670
203,683
203,694
203,711
203,759
203,763
203,768
203,785
203,812
203,823
203,845
203,846
203,891
203,903
203,911
203,919
203,940
203,967
203,977
203,978
204,229
204,254
204,258
204,323
204,347
204,349
204,365
204,435
204,443
204,530
204,553
204,592
204,608
204,609
204,643
204,666
204,698
204,719
204,742
204,770
204,829
204,884
204,958
204,969
204,975
205,224
205,250
205,274
205,275
205,277
205,280
205,281
205,290
205,294
205,303
205,307
205,351
205,405
205,419
205,433
205,449
205,450
205,461
205,468
205,472
205,501
205,523
205,539
205,540
205,543
205,552
205,557
205,570
205,589
205,593
205,618
205,623
205,640
205,654
205,658
205,755
205,777
205,789
205,820
205,912
205,939
205,952
205,963
205,968
205,979
205,980
205,993
206,221
206,301
206,313
206,322
206,464
206,465
206,512
206,565
206,568
206,575
206,584
206,620
206,626
206,633
206,635
206,717
206,726
206,756
206,767
206,798
206,799
206,813
206,819
206,831
206,833
206,857
206,886
206,894
206,906
206,909
206,915
206,927
206,928
206,991
207,212
207,216
207,326
207,328
207,348
207,362
207,374
207,382
207,389
207,405
207,452
207,489
207,492
207,504
207,511
207,516
207,547
207,563
207,585
207,601
207,607
207,613
207,624
207,632
207,640
207,649
207,665
207,675
207,677
207,756
207,778
207,836
207,838
207,847
207,853
207,869
207,882
207,931
207,943
207,947
207,949
207,956
207,964
207,974
208,217
208,249
208,264
208,321
208,345
208,419
208,429
208,440
208,496
208,508
208,510
208,547
208,603
208,605
208,615
208,665
208,720
208,726
208,735
208,772
208,788
208,831
208,844
208,881
208,906
208,932
208,935
208,955
209,215
209,227
209,245
209,276
209,285
209,337
209,362
209,366
209,416
209,421
209,436
209,456
209,466
209,477
209,551
209,583
209,624
209,651
209,692
209,712
209,736
209,758
209,770
209,781
209,782
209,812
209,827
209,845
209,861
209,879
209,903
209,937
209,980
209,985
210,254
210,285
210,291
210,312
210,332
210,337
210,349
210,355
210,364
210,371
210,453
210,456
210,486
210,522
210,525
210,532
210,536
210,561
210,596
210,624
210,627
210,645
210,683
210,692
210,770
210,779
210,781
210,795
210,797
210,824
210,829
210,835
210,861
210,877
210,890
210,893
210,907
210,915
210,921
210,926
210,928
210,930
210,936
210,988
211,250
211,257
211,264
211,324
211,346
211,357
211,381
211,456
211,487
211,529
211,533
211,544
211,575
211,590
211,705
211,707
211,710
211,798
211,876
211,894
211,932
211,998
212,219
212,248
212,327
212,361
212,368
212,370
212,377
212,387
212,429
212,448
212,486
212,496
212,504
212,534
212,563
212,564
212,571
212,613
212,618
212,647
212,683
212,704
212,811
212,825
212,832
212,838
212,841
212,845
212,847
212,850
212,854
212,858
212,890
212,901
212,904
212,927
212,938
212,943
212,956
212,982
213,285
213,303
213,354
213,379
213,473
213,515
213,535
213,537
213,555
213,617
213,648
213,719
213,882
213,884
213,975
213,979
213,987
214,235
214,242
214,270
214,272
214,288
214,338
214,358
214,362
214,379
214,394
214,427
214,459
214,473
214,481
214,491
214,492
214,499
214,518
214,535
214,537
214,546
214,578
214,636
214,648
214,650
214,656
214,667
214,700
214,736
214,762
214,823
214,874
214,880
214,884
214,903
214,919
214,953
214,987
215,233
215,242
215,285
215,287
215,356
215,370
215,416
215,421
215,452
215,463
215,522
215,530
215,552
215,647
215,674
215,712
215,719
215,770
215,780
215,795
215,877
215,937
215,972
215,985
215,986
215,989
215,996
216,236
216,260
216,269
216,284
216,297
216,299
216,302
216,332
216,368
216,387
216,452
216,485
216,569
216,609
216,687
216,697
216,707
216,722
216,754
216,760
216,842
216,865
216,949
216,954
216,963
216,994
216,999
217,219
217,305
217,321
217,322
217,392
217,421
217,429
217,441
217,442
217,452
217,457
217,508
217,565
217,593
217,634
217,660
217,695
217,715
217,729
217,731
217,740
217,747
217,749
217,769
217,775
217,785
217,809
217,847
217,858
217,881
217,882
217,920
217,928
217,939
217,955
217,958
217,961
217,962
217,964
217,967
217,971
217,990
217,995
218,238
218,257
218,261
218,263
218,284
218,299
218,310
218,320
218,352
218,405
218,419
218,450
218,462
218,485
218,497
218,503
218,506
218,507
218,539
218,569
218,579
218,581
218,586
218,589
218,614
218,623
218,675
218,724
218,728
218,730
218,763
218,766
218,782
218,787
218,816
218,820
218,826
218,834
218,889
218,905
218,924
218,942
218,947
218,963
218,968
218,993
218,998
219,309
219,323
219,491
219,646
219,759
219,778
219,818
219,825
219,839
219,843
219,847
219,854
219,905
219,961
219,962
220,256
220,309
220,313
220,323
220,376
220,377
220,384
220,432
220,447
220,473
220,534
220,583
220,620
220,677
220,704
220,719
220,739
220,748
220,772
220,812
220,815
220,825
220,847
220,862
220,866
220,879
220,882
220,936
220,956
221,225
221,237
221,249
221,255
221,264
221,301
221,327
221,360
221,424
221,426
221,431
221,441
221,505
221,508
221,511
221,546
221,562
221,574
221,575
221,633
221,635
221,637
221,738
221,767
221,799
221,817
221,819
221,822
221,831
221,844
221,854
221,859
221,886
221,888
221,906
221,915
221,918
221,962
222,301
222,332
222,340
222,346
222,395
222,512
222,529
222,550
222,566
222,611
222,658
222,661
222,748
222,752
222,756
222,796
222,816
222,871
222,875
222,876
222,909
222,910
222,954
222,977
222,988
223,227
223,257
223,299
223,326
223,343
223,344
223,375
223,401
223,425
223,433
223,438
223,466
223,471
223,475
223,485
223,488
223,506
223,569
223,605
223,611
223,638
223,652
223,676
223,682
223,787
223,816
223,821
223,868
223,916
223,938
223,947
223,964
223,981
224,227
224,245
224,271
224,275
224,280
224,281
224,290
224,297
224,302
224,317
224,333
224,383
224,404
224,433
224,449
224,450
224,470
224,507
224,509
224,539
224,543
224,585
224,591
224,606
224,628
224,654
224,668
224,701
224,789
224,822
224,902
224,949
224,963
224,980
225,247
225,249
225,301
225,359
225,417
225,422
225,424
225,450
225,465
225,475
225,490
225,512
225,562
225,661
225,684
225,688
225,738
225,752
225,786
225,791
225,796
225,806
225,819
225,863
225,876
225,909
225,927
225,967
225,970
225,988
226,228
226,276
226,303
226,328
226,354
226,399
226,410
226,427
226,504
226,515
226,541
226,548
226,577
226,583
226,636
226,670
226,671
226,713
226,719
226,762
226,784
226,845
226,851
226,911
226,928
226,964
226,974
226,976
226,979
226,989
227,269
227,271
227,277
227,280
227,297
227,310
227,313
227,369
227,384
227,426
227,433
227,447
227,449
227,461
227,468
227,491
227,501
227,504
227,543
227,545
227,573
227,581
227,588
227,591
227,612
227,654
227,668
227,682
227,696
227,701
227,724
227,754
227,797
227,843
227,865
227,877
227,884
227,887
227,963
227,994
227,996
228,288
228,328
228,416
228,427
228,496
228,521
228,548
228,650
228,759
228,774
228,780
228,784
228,807
228,847
228,893
228,895
228,913
228,934
228,964
229,239
229,286
229,291
229,293
229,296
229,298
229,345
229,364
229,386
229,409
229,414
229,423
229,463
229,486
229,489
229,500
229,502
229,528
229,551
229,552
229,554
229,594
229,625
229,636
229,651
229,692
229,712
229,739
229,770
229,781
229,785
229,795
229,802
229,824
229,840
229,845
229,848
229,861
229,893
229,930
229,936
229,956
229,965
229,982
229,984
229,989
230,245
230,330
230,334
230,336
230,346
230,357
230,401
230,405
230,409
230,419
230,425
230,430
230,503
230,549
230,558
230,566
230,569
230,589
230,620
230,653
230,660
230,687
230,728
230,760
230,763
230,787
230,816
230,817
230,868
230,897
230,923
230,924
231,239
231,242
231,252
231,272
231,289
231,311
231,319
231,353
231,380
231,394
231,406
231,414
231,456
231,473
231,477
231,483
231,528
231,592
231,776
231,781
231,893
231,896
231,902
231,908
231,925
231,937
231,977
231,986
231,989
232,392
232,424
232,460
232,464
232,531
232,542
232,588
232,610
232,646
232,729
232,738
232,774
232,798
232,897
232,948
232,970
233,242
233,252
233,267
233,272
233,291
233,308
233,311
233,319
233,353
233,406
233,421
233,423
233,454
233,456
233,477
233,492
233,518
233,535
233,536
233,552
233,597
233,632
233,643
233,651
233,739
233,758
233,759
233,768
233,770
233,780
233,781
233,785
233,835
233,840
233,845
233,861
233,895
233,896
233,900
233,905
233,925
233,929
233,931
233,937
233,986
233,989
234,236
234,256
234,299
234,344
234,348
234,425
234,466
234,473
234,481
234,485
234,613
234,675
234,686
234,697
234,704
234,729
234,732
234,754
234,764
234,798
234,836
234,857
234,922
234,934
234,938
234,998
235,239
235,267
235,272
235,279
235,301
235,305
235,323
235,338
235,358
235,388
235,394
235,411
235,412
235,420
235,427
235,459
235,481
235,492
235,519
235,537
235,591
235,622
235,637
235,640
235,657
235,663
235,692
235,709
235,719
235,734
235,759
235,768
235,771
235,781
235,794
235,819
235,823
235,846
235,849
235,880
235,891
235,893
235,896
235,908
235,943
235,953
235,979
235,989
236,256
236,261
236,269
236,273
236,284
236,299
236,302
236,343
236,348
236,376
236,417
236,425
236,466
236,470
236,485
236,509
236,580
236,646
236,675
236,687
236,693
236,732
236,754
236,764
236,795
236,817
236,821
236,828
236,836
236,841
236,919
236,924
236,954
236,975
237,246
237,345
237,446
237,464
237,505
237,508
237,516
237,526
237,550
237,635
237,679
237,685
237,717
237,747
237,751
237,772
237,801
237,822
237,831
237,888
237,992
238,287
238,351
238,431
238,485
238,489
238,505
238,516
238,539
238,640
238,642
238,675
238,697
238,722
238,817
238,941
238,947
238,954
238,999
239,242
239,252
239,268
239,270
239,272
239,289
239,291
239,297
239,308
239,311
239,353
239,406
239,410
239,414
239,477
239,563
239,613
239,640
239,645
239,648
239,761
239,768
239,781
239,784
239,823
239,824
239,840
239,845
239,851
239,893
239,896
239,900
239,908
239,925
239,974
239,983
239,986
239,987
239,989
240,299
240,310
240,313
240,332
240,341
240,359
240,365
240,414
240,432
240,443
240,453
240,458
240,502
240,509
240,518
240,521
240,552
240,553
240,564
240,598
240,609
240,619
240,643
240,647
240,658
240,687
240,698
240,724
240,727
240,733
240,737
240,760
240,770
240,827
240,829
240,841
240,853
240,873
240,893
240,902
240,921
240,922
240,925
240,959
240,980
240,983
240,997
241,451
241,452
241,490
241,531
241,536
241,691
241,702
241,738
241,756
241,767
241,803
241,850
241,877
241,888
241,897
241,910
241,970
242,248
242,252
242,262
242,268
242,270
242,289
242,321
242,338
242,361
242,375
242,399
242,406
242,421
242,423
242,427
242,491
242,518
242,537
242,583
242,648
242,664
242,690
242,692
242,700
242,719
242,720
242,761
242,768
242,781
242,784
242,845
242,882
242,893
242,896
242,900
242,904
242,929
242,934
242,945
242,953
242,964
243,252
243,287
243,298
243,299
243,303
243,309
243,337
243,355
243,362
243,364
243,366
243,410
243,435
243,453
243,474
243,525
243,553
243,554
243,561
243,587
243,596
243,609
243,627
243,643
243,666
243,676
243,678
243,703
243,712
243,714
243,719
243,733
243,742
243,779
243,804
243,921
243,926
243,929
243,983
243,985
244,288
244,311
244,372
244,383
244,399
244,437
244,455
244,473
244,482
244,519
244,582
244,622
244,627
244,657
244,667
244,670
244,671
244,694
244,711
244,712
244,717
244,845
244,852
244,898
244,940
244,954
245,275
245,277
245,281
245,375
245,413
245,422
245,449
245,539
245,545
245,557
245,564
245,570
245,579
245,591
245,614
245,623
245,640
245,654
245,657
245,668
245,889
245,980
246,251
246,483
246,568
246,617
246,707
246,743
246,791
246,803
246,844
246,971
247,249
247,282
247,431
247,465
247,472
247,541
247,542
247,574
247,633
247,691
247,702
247,767
247,806
247,813
247,831
247,876
247,902
247,909
247,948
247,970
248,326
248,338
248,345
248,350
248,375
248,382
248,384
248,390
248,445
248,452
248,496
248,504
248,547
248,567
248,582
248,604
248,634
248,644
248,661
248,695
248,704
248,727
248,731
248,766
248,832
248,833
248,839
248,854
248,858
248,888
248,890
248,901
248,927
248,929
248,961
248,967
248,973
249,263
249,282
249,316
249,324
249,327
249,335
249,359
249,431
249,434
249,489
249,512
249,518
249,526
249,529
249,585
249,610
249,635
249,767
249,798
249,799
249,817
249,819
249,822
249,832
249,833
249,850
249,853
249,859
249,888
249,909
249,910
249,914
249,928
249,929
249,948
249,995
250,327
250,357
250,381
250,397
250,404
250,429
250,430
250,434
250,460
250,466
250,488
250,512
250,527
250,529
250,533
250,538
250,562
250,566
250,575
250,626
250,633
250,658
250,684
250,697
250,705
250,707
250,710
250,725
250,772
250,774
250,786
250,810
250,815
250,932
250,998
251,295
251,350
251,375
251,396
251,400
251,495
251,523
251,529
251,603
251,631
251,637
251,639
251,695
251,735
251,750
251,751
251,791
251,798
251,803
251,814
251,825
251,919
251,955
251,976
251,991
251,992
251,995
252,254
252,268
252,270
252,289
252,308
252,311
252,353
252,406
252,414
252,477
252,632
252,860
252,873
252,896
252,908
252,925
252,931
252,937
252,983
253,264
253,287
253,289
253,377
253,380
253,400
253,481
253,583
253,678
253,713
253,724
253,760
253,779
253,784
253,807
253,860
253,903
253,914
253,925
253,929
253,936
253,943
253,974
254,287
254,309
254,322
254,334
254,366
254,412
254,453
254,474
254,478
254,500
254,522
254,530
254,536
254,592
254,609
254,615
254,641
254,643
254,671
254,703
254,727
254,804
254,835
254,848
254,922
254,926
254,936
255,262
255,283
255,316
255,357
255,374
255,375
255,417
255,439
255,452
255,465
255,472
255,473
255,505
255,544
255,589
255,593
255,595
255,621
255,636
255,686
255,696
255,707
255,710
255,728
255,774
255,785
255,786
255,806
255,838
255,871
255,885
255,918
255,935
255,957
256,261
256,269
256,273
256,344
256,395
256,405
256,425
256,438
256,462
256,466
256,489
256,502
256,505
256,507
256,601
256,613
256,620
256,630
256,638
256,646
256,707
256,723
256,754
256,764
256,773
256,789
256,811
256,836
256,843
256,938
256,954
257,262
257,271
257,273
257,297
257,310
257,313
257,343
257,346
257,401
257,405
257,419
257,425
257,430
257,431
257,441
257,462
257,466
257,485
257,494
257,500
257,503
257,511
257,527
257,539
257,556
257,568
257,569
257,581
257,588
257,589
257,611
257,644
257,652
257,653
257,660
257,676
257,754
257,787
257,793
257,813
257,816
257,817
257,834
257,836
257,916
257,917
257,924
257,933
257,935
257,938
257,947
257,962
257,993
257,999
258,294
258,366
258,412
258,443
258,478
258,532
258,536
258,579
258,686
258,711
258,727
258,779
258,829
258,953
258,969
259,279
259,304
259,307
259,339
259,340
259,350
259,360
259,393
259,397
259,400
259,519
259,559
259,572
259,599
259,603
259,639
259,656
259,667
259,670
259,794
259,796
259,802
259,806
259,852
259,898
259,935
259,962
259,966
260,265
260,300
260,339
260,350
260,388
260,400
260,444
260,454
260,457
260,479
260,562
260,568
260,637
260,688
260,691
260,703
260,734
260,800
260,814
260,851
260,852
260,890
260,892
260,904
260,931
260,960
260,976
260,992
261,266
261,301
261,302
261,314
261,343
261,344
261,368
261,370
261,375
261,391
261,399
261,407
261,434
261,438
261,466
261,475
261,482
261,489
261,529
261,569
261,580
261,585
261,615
261,619
261,620
261,626
261,642
261,644
261,658
261,661
261,669
261,686
261,710
261,718
261,720
261,723
261,730
261,744
261,754
261,782
261,791
261,805
261,882
261,895
261,901
261,907
261,911
261,962
261,982
262,308
262,406
262,410
262,414
262,416
262,471
262,473
262,477
262,535
262,653
262,682
262,716
262,759
262,768
262,784
262,845
262,861
262,870
262,874
262,893
262,896
262,907
262,914
262,925
262,953
263,264
263,316
263,351
263,374
263,375
263,416
263,422
263,439
263,472
263,489
263,503
263,505
263,529
263,544
263,547
263,584
263,588
263,589
263,595
263,620
263,665
263,696
263,718
263,748
263,766
263,774
263,783
263,786
263,796
263,805
263,856
263,868
263,878
263,909
263,915
263,935
263,938
263,957
263,959
263,982
263,988
264,280
264,313
264,316
264,326
264,373
264,378
264,389
264,390
264,415
264,422
264,429
264,435
264,484
264,486
264,498
264,505
264,510
264,529
264,547
264,560
264,585
264,610
264,624
264,702
264,707
264,715
264,720
264,726
264,729
264,753
264,757
264,760
264,832
264,839
264,847
264,850
264,858
264,890
264,892
264,927
264,928
264,935
264,946
264,961
264,974
264,982
264,988
264,998
265,400
265,415
265,426
265,444
265,454
265,540
265,546
265,595
265,637
265,659
265,766
265,784
265,801
265,813
265,814
265,892
265,904
265,908
265,938
265,962
265,991
266,327
266,345
266,426
266,503
266,505
266,513
266,574
266,577
266,622
266,635
266,767
266,822
266,849
266,904
266,950
266,974
267,272
267,296
267,303
267,308
267,323
267,355
267,358
267,362
267,372
267,382
267,414
267,420
267,438
267,476
267,489
267,492
267,519
267,528
267,535
267,537
267,577
267,578
267,590
267,592
267,617
267,620
267,648
267,667
267,736
267,759
267,766
267,773
267,790
267,794
267,800
267,809
267,812
267,823
267,845
267,846
267,888
267,893
267,918
267,979
267,989
267,995
268,289
268,363
268,406
268,414
268,456
268,473
268,477
268,519
268,534
268,608
268,768
268,893
268,896
268,900
268,901
268,908
268,949
268,984
268,986
269,299
269,304
269,312
269,317
269,348
269,351
269,368
269,382
269,387
269,409
269,470
269,494
269,496
269,506
269,592
269,618
269,619
269,628
269,630
269,675
269,686
269,707
269,732
269,744
269,763
269,817
269,854
269,857
269,860
269,924
269,947
269,954
269,956
269,999
270,276
270,285
270,289
270,291
270,296
270,307
270,311
270,353
270,358
270,395
270,403
270,414
270,416
270,421
270,427
270,432
270,452
270,493
270,497
270,512
270,567
270,597
270,632
270,651
270,682
270,689
270,696
270,761
270,770
270,780
270,781
270,827
270,861
270,864
270,884
270,895
270,896
270,907
270,908
270,925
270,930
270,937
270,953
270,966
270,974
270,983
270,985
270,991
271,273
271,290
271,333
271,351
271,461
271,466
271,468
271,484
271,506
271,523
271,536
271,569
271,591
271,597
271,601
271,606
271,613
271,615
271,618
271,628
271,674
271,686
271,699
271,701
271,725
271,754
271,828
271,834
271,931
271,947
271,949
271,950
271,951
271,963
271,994
272,285
272,286
272,288
272,300
272,305
272,358
272,362
272,366
272,392
272,394
272,399
272,411
272,427
272,492
272,498
272,519
272,520
272,535
272,537
272,546
272,636
272,648
272,650
272,683
272,709
272,716
272,731
272,736
272,743
272,759
272,762
272,771
272,784
272,794
272,800
272,823
272,845
272,852
272,874
272,880
272,884
272,953
272,966
272,979
272,992
273,317
273,387
273,485
273,557
273,573
273,606
273,620
273,646
273,653
273,686
273,723
273,754
273,763
273,816
273,857
273,882
273,923
273,931
273,961
274,299
274,342
274,347
274,435
274,499
274,521
274,576
274,621
274,638
274,760
274,943
274,949
274,954
274,994
275,277
275,280
275,281
275,290
275,294
275,297
275,333
275,369
275,376
275,404
275,433
275,449
275,468
275,470
275,540
275,543
275,545
275,573
275,591
275,600
275,623
275,640
275,654
275,664
275,737
275,760
275,790
275,877
275,949
275,952
275,954
275,969
276,309
276,381
276,406
276,427
276,445
276,463
276,564
276,576
276,636
276,700
276,761
276,895
277,280
277,281
277,290
277,297
277,384
277,433
277,449
277,543
277,545
277,557
277,591
277,646
277,654
277,789
277,875
277,877
277,904
277,923
278,315
278,388
278,400
278,411
278,480
278,571
278,572
278,800
278,814
278,823
278,835
278,852
278,855
278,899
278,929
279,291
279,295
279,300
279,303
279,305
279,309
279,315
279,333
279,339
279,350
279,359
279,360
279,372
279,386
279,392
279,397
279,400
279,415
279,424
279,476
279,491
279,492
279,493
279,582
279,599
279,617
279,637
279,656
279,657
279,663
279,667
279,694
279,702
279,724
279,725
279,770
279,786
279,790
279,794
279,800
279,803
279,814
279,852
279,872
279,903
279,904
279,919
279,991
279,992
280,281
280,290
280,294
280,297
280,302
280,310
280,316
280,404
280,433
280,449
280,470
280,471
280,475
280,501
280,523
280,540
280,543
280,581
280,591
280,597
280,607
280,620
280,654
280,664
280,668
280,689
280,789
280,798
280,803
280,816
280,829
280,877
280,881
280,889
280,980
281,284
281,290
281,294
281,310
281,312
281,334
281,351
281,365
281,369
281,404
281,432
281,433
281,449
281,450
281,454
281,462
281,501
281,523
281,563
281,591
281,600
281,614
281,618
281,623
281,640
281,654
281,664
281,668
281,707
281,755
281,786
281,789
281,962
281,974
281,980
281,994
282,324
282,327
282,344
282,417
282,429
282,431
282,465
282,490
282,504
282,509
282,529
282,538
282,542
282,544
282,566
282,635
282,684
282,702
282,738
282,767
282,783
282,798
282,812
282,831
282,897
282,909
282,915
282,935
283,324
283,327
283,417
283,439
283,440
283,451
283,458
283,460
283,479
283,502
283,550
283,566
283,575
283,578
283,806
283,810
283,813
283,830
283,892
283,918
283,933
283,957
284,290
284,299
284,302
284,304
284,404
284,453
284,470
284,471
284,484
284,499
284,506
284,534
284,555
284,556
284,576
284,606
284,618
284,621
284,624
284,628
284,629
284,668
284,686
284,732
284,744
284,760
284,826
284,877
284,930
284,954
284,963
284,994
284,999
285,303
285,322
285,323
285,355
285,362
285,371
285,408
285,416
285,421
285,428
285,500
285,528
285,539
285,552
285,578
285,610
285,632
285,672
285,685
285,690
285,727
285,742
285,761
285,781
285,784
285,807
285,823
285,827
285,848
285,861
285,882
285,896
285,929
285,937
285,949
285,974
285,990
286,298
286,423
286,447
286,456
286,519
286,528
286,541
286,552
286,594
286,651
286,692
286,785
286,850
286,861
286,936
287,337
287,349
287,362
287,364
287,371
287,384
287,386
287,421
287,446
287,468
287,484
287,486
287,522
287,524
287,536
287,552
287,587
287,598
287,624
287,645
287,671
287,683
287,692
287,710
287,712
287,739
287,758
287,768
287,770
287,795
287,824
287,847
287,861
287,865
287,879
287,902
287,905
287,936
287,969
287,972
287,983
287,986
287,996
288,303
288,399
288,504
288,535
288,577
288,632
288,636
288,650
288,655
288,716
288,719
288,736
288,747
288,762
288,846
288,884
288,908
288,918
288,943
288,979
288,987
288,990
289,291
289,303
289,311
289,363
289,386
289,403
289,406
289,414
289,456
289,481
289,502
289,537
289,590
289,594
289,641
289,650
289,659
289,676
289,683
289,719
289,741
289,768
289,779
289,781
289,837
289,893
289,896
289,900
289,908
289,943
289,983
289,986
289,994
290,294
290,297
290,326
290,334
290,404
290,433
290,452
290,461
290,466
290,468
290,470
290,484
290,502
290,522
290,540
290,545
290,585
290,591
290,618
290,619
290,628
290,664
290,665
290,697
290,723
290,754
290,755
290,789
290,797
290,828
290,877
290,912
290,963
290,980
291,305
291,311
291,337
291,361
291,372
291,377
291,386
291,394
291,414
291,421
291,475
291,483
291,487
291,522
291,594
291,632
291,677
291,691
291,694
291,719
291,739
291,770
291,785
291,861
291,865
291,879
291,925
291,945
291,961
291,962
291,983
292,310
292,313
292,314
292,317
292,335
292,346
292,374
292,375
292,395
292,438
292,466
292,487
292,488
292,506
292,527
292,550
292,558
292,581
292,605
292,606
292,676
292,707
292,728
292,731
292,769
292,780
292,878
292,894
292,952
292,957
292,981
293,313
293,386
293,458
293,534
293,564
293,608
293,616
293,782
293,990
294,297
294,299
294,310
294,317
294,333
294,334
294,336
294,359
294,389
294,431
294,468
294,471
294,484
294,523
294,540
294,547
294,606
294,613
294,618
294,619
294,620
294,623
294,628
294,654
294,668
294,674
294,680
294,687
294,701
294,745
294,752
294,789
294,793
294,804
294,809
294,815
294,828
294,877
294,931
294,950
294,963
294,970
294,999
295,297
295,318
295,345
295,350
295,351
295,354
295,385
295,391
295,400
295,438
295,454
295,457
295,512
295,556
295,559
295,562
295,577
295,603
295,639
295,667
295,670
295,750
295,751
295,753
295,766
295,784
295,803
295,815
295,822
295,838
295,851
295,862
295,892
295,899
295,904
295,906
295,979
295,995
296,380
296,400
296,403
296,453
296,571
296,592
296,641
296,703
296,714
296,750
296,865
296,944
296,946
297,310
297,404
297,433
297,449
297,513
297,536
297,579
297,591
297,653
297,654
297,664
297,777
297,789
297,930
297,952
297,980
298,305
298,332
298,363
298,364
298,371
298,377
298,403
298,407
298,447
298,486
298,500
298,522
298,528
298,530
298,536
298,561
298,596
298,650
298,651
298,739
298,781
298,787
298,795
298,804
298,824
298,861
298,864
298,866
298,870
298,907
298,930
298,936
298,949
298,965
298,984
299,301
299,317
299,318
299,333
299,351
299,370
299,387
299,389
299,457
299,466
299,484
299,485
299,488
299,543
299,569
299,583
299,585
299,591
299,605
299,618
299,619
299,620
299,638
299,640
299,646
299,658
299,665
299,668
299,675
299,697
299,701
299,704
299,715
299,717
299,732
299,754
299,763
299,787
299,827
299,847
299,854
299,857
299,860
299,942
299,949
299,954
299,961
299,978
299,980
299,987
299,997
299,999
300,318
300,339
300,361
300,396
300,476
300,498
300,520
300,603
300,669
300,743
300,794
300,800
300,814
300,849
300,851
300,855
300,919
300,946
301,312
301,316
301,324
301,331
301,422
301,465
301,472
301,512
301,526
301,538
301,560
301,673
301,684
301,696
301,702
301,725
301,729
301,752
301,765
301,786
301,796
301,806
301,850
301,853
301,871
301,875
301,878
301,885
301,977
301,981
301,988
302,312
302,343
302,348
302,387
302,407
302,534
302,618
302,620
302,629
302,723
302,730
302,769
302,777
302,816
302,871
302,882
302,912
302,982
303,304
303,338
303,354
303,358
303,361
303,379
303,410
303,427
303,456
303,459
303,473
303,498
303,500
303,520
303,522
303,535
303,537
303,564
303,598
303,636
303,644
303,645
303,648
303,649
303,650
303,658
303,659
303,663
303,665
303,689
303,709
303,713
303,719
303,750
303,753
303,773
303,784
303,790
303,794
303,809
303,812
303,824
303,837
303,851
303,852
303,856
303,872
303,874
303,903
303,919
303,962
303,964
303,976
303,979
303,987
304,312
304,317
304,351
304,353
304,369
304,387
304,414
304,450
304,461
304,540
304,563
304,567
304,579
304,593
304,623
304,640
304,646
304,654
304,675
304,697
304,744
304,777
304,871
304,917
304,947
304,954
304,959
304,964
304,994
305,307
305,327
305,358
305,361
305,402
305,437
305,453
305,482
305,498
305,519
305,537
305,567
305,590
305,639
305,648
305,650
305,657
305,659
305,662
305,663
305,667
305,668
305,670
305,683
305,708
305,716
305,719
305,723
305,736
305,768
305,780
305,784
305,794
305,823
305,845
305,851
305,855
305,891
305,896
305,898
305,903
305,904
305,919
305,930
305,935
305,953
305,966
305,978
305,987
306,313
306,332
306,341
306,367
306,407
306,521
306,553
306,597
306,641
306,643
306,651
306,681
306,682
306,703
306,724
306,782
306,812
306,845
306,847
306,858
306,861
306,867
306,952
306,984
306,989
307,315
307,358
307,361
307,372
307,411
307,437
307,455
307,535
307,568
307,582
307,622
307,656
307,657
307,659
307,663
307,670
307,678
307,694
307,711
307,716
307,784
307,794
307,809
307,891
307,903
307,911
307,965
308,323
308,337
308,339
308,414
308,416
308,450
308,477
308,491
308,522
308,525
308,548
308,596
308,609
308,624
308,657
308,702
308,719
308,759
308,768
308,781
308,823
308,838
308,840
308,845
308,851
308,880
308,893
308,929
309,321
309,361
309,376
309,377
309,379
309,382
309,384
309,403
309,427
309,451
309,452
309,461
309,466
309,470
309,509
309,547
309,563
309,570
309,581
309,583
309,588
309,613
309,616
309,665
309,677
309,678
309,704
309,714
309,760
309,790
309,802
309,804
309,815
309,825
309,847
309,866
309,884
309,893
309,923
309,946
309,956
309,959
309,967
309,974
309,993
310,365
310,404
310,416
310,433
310,435
310,449
310,450
310,540
310,557
310,579
310,591
310,600
310,612
310,645
310,680
310,701
310,725
310,789
310,793
310,877
310,949
310,952
311,316
311,337
311,356
311,406
311,414
311,463
311,537
311,593
311,692
311,751
311,768
311,770
311,781
311,794
311,823
311,825
311,827
311,893
311,900
311,908
311,913
311,986
311,989
311,996
312,369
312,502
312,555
312,563
312,608
312,614
312,626
312,629
312,642
312,654
312,686
312,689
312,732
312,744
312,778
312,807
312,827
312,828
312,841
312,854
312,882
312,927
312,959
313,347
313,366
313,377
313,435
313,446
313,453
313,491
313,496
313,502
313,521
313,524
313,564
313,571
313,583
313,597
313,607
313,636
313,641
313,658
313,706
313,714
313,724
313,782
313,811
313,830
313,838
313,854
313,860
313,865
313,867
313,879
313,896
313,907
313,943
313,959
313,961
313,972
313,990
313,994
314,352
314,368
314,374
314,378
314,381
314,391
314,434
314,462
314,487
314,488
314,510
314,511
314,527
314,550
314,555
314,557
314,596
314,623
314,676
314,707
314,728
314,772
314,783
314,939
314,981
315,340
315,444
315,454
315,482
315,637
315,670
315,688
315,694
315,783
315,800
315,846
315,851
315,852
315,872
315,898
315,976
316,320
316,324
316,331
316,377
316,395
316,398
316,417
316,431
316,439
316,440
316,489
316,490
316,512
316,531
316,575
316,626
316,684
316,702
316,715
316,729
316,738
316,787
316,798
316,810
316,819
316,844
316,871
316,885
316,897
316,915
316,988
317,329
317,343
317,348
317,351
317,352
317,391
317,432
317,433
317,449
317,506
317,556
317,579
317,614
317,620
317,623
317,630
317,640
317,660
317,664
317,675
317,677
317,682
317,696
317,834
317,865
317,917
317,952
317,987
318,361
318,448
318,457
318,482
318,493
318,503
318,515
318,520
318,536
318,600
318,602
318,634
318,637
318,659
318,667
318,704
318,729
318,735
318,743
318,747
318,753
318,788
318,809
318,812
318,815
318,824
318,850
318,852
318,854
318,901
318,913
318,914
318,934
318,973
318,991
319,323
319,338
319,352
319,358
319,420
319,537
319,612
319,652
319,662
319,739
319,759
319,771
319,845
319,891
319,911
319,966
320,334
320,352
320,401
320,405
320,457
320,462
320,503
320,558
320,579
320,589
320,620
320,649
320,660
320,700
320,721
320,787
320,816
320,826
320,834
320,894
320,924
320,989
320,993
320,999
321,326
321,345
321,368
321,370
321,382
321,390
321,421
321,429
321,432
321,442
321,471
321,472
321,491
321,492
321,496
321,504
321,517
321,584
321,604
321,608
321,610
321,634
321,644
321,667
321,668
321,677
321,719
321,732
321,735
321,741
321,750
321,753
321,756
321,775
321,788
321,790
321,798
321,799
321,803
321,815
321,817
321,822
321,825
321,833
321,841
321,847
321,849
321,851
321,856
321,858
321,859
321,885
321,886
321,890
321,919
321,920
321,927
321,928
321,935
321,943
321,961
321,962
321,967
322,378
322,429
322,749
322,783
322,810
322,822
322,842
322,886
322,927
322,971
323,338
323,339
323,377
323,403
323,414
323,420
323,480
323,492
323,519
323,552
323,556
323,563
323,622
323,644
323,662
323,667
323,677
323,700
323,725
323,759
323,768
323,771
323,773
323,812
323,823
323,846
323,880
323,891
323,896
323,898
323,902
323,911
323,953
323,966
323,986
323,989
324,335
324,357
324,392
324,416
324,417
324,429
324,441
324,466
324,488
324,493
324,512
324,513
324,526
324,531
324,538
324,546
324,560
324,588
324,593
324,683
324,705
324,718
324,728
324,732
324,756
324,765
324,775
324,786
324,825
324,851
324,853
324,871
324,876
324,885
324,886
324,910
324,915
324,933
324,961
324,977
324,998
325,351
325,386
325,391
325,410
325,522
325,544
325,546
325,598
325,686
325,689
325,704
325,754
325,838
325,874
325,961
325,976
326,354
326,361
326,379
326,382
326,442
326,471
326,496
326,604
326,626
326,634
326,655
326,704
326,713
326,719
326,729
326,748
326,750
326,766
326,768
326,775
326,786
326,788
326,809
326,812
326,814
326,832
326,842
326,854
326,856
326,858
326,888
326,890
326,891
326,905
326,913
326,928
326,943
326,962
326,967
326,971
326,987
327,345
327,376
327,385
327,418
327,424
327,426
327,429
327,431
327,441
327,457
327,460
327,464
327,471
327,489
327,493
327,505
327,513
327,524
327,526
327,542
327,543
327,546
327,547
327,588
327,610
327,635
327,673
327,691
327,705
327,715
327,717
327,726
327,729
327,732
327,740
327,743
327,752
327,767
327,783
327,798
327,799
327,819
327,822
327,831
327,847
327,850
327,859
327,863
327,875
327,886
327,888
327,892
327,895
327,909
327,914
327,918
327,935
327,946
327,948
327,950
327,963
327,970
327,988
328,354
328,361
328,455
328,457
328,498
328,536
328,556
328,606
328,617
328,644
328,708
328,709
328,785
328,788
328,790
328,812
328,851
328,872
328,877
328,879
328,882
328,895
328,905
328,913
328,954
328,962
329,344
329,352
329,409
329,485
329,487
329,494
329,509
329,539
329,579
329,677
329,691
329,744
329,817
329,826
329,849
329,887
329,923
329,947
329,952
329,993
330,368
330,370
330,441
330,475
330,504
330,520
330,549
330,655
330,710
330,741
330,749
330,808
330,839
330,854
330,858
330,981
330,982
331,359
331,382
331,422
331,424
331,460
331,473
331,490
331,512
331,573
331,661
331,684
331,765
331,786
331,799
331,853
331,871
331,876
331,988
331,995
332,362
332,383
332,389
332,403
332,410
332,413
332,457
332,476
332,514
332,521
332,524
332,525
332,534
332,540
332,547
332,551
332,563
332,564
332,597
332,601
332,613
332,630
332,643
332,644
332,665
332,671
332,678
332,698
332,704
332,724
332,725
332,730
332,737
332,755
332,760
332,763
332,838
332,847
332,873
332,902
332,931
332,949
332,972
332,979
332,996
332,997
333,351
333,373
333,449
333,461
333,468
333,470
333,484
333,485
333,499
333,543
333,570
333,576
333,618
333,619
333,621
333,623
333,628
333,640
333,674
333,697
333,701
333,727
333,755
333,828
333,887
333,902
333,923
333,949
333,997
334,341
334,348
334,349
334,365
334,446
334,470
334,481
334,484
334,487
334,525
334,557
334,597
334,620
334,621
334,628
334,630
334,658
334,672
334,675
334,677
334,680
334,696
334,698
334,699
334,703
334,724
334,725
334,735
334,737
334,745
334,772
334,789
334,797
334,828
334,877
334,902
334,926
334,931
334,949
334,958
334,972
334,989
334,997
335,346
335,401
335,452
335,488
335,510
335,511
335,579
335,581
335,623
335,652
335,803
335,817
335,868
335,981
336,375
336,401
336,446
336,503
336,507
336,539
336,557
336,623
336,787
336,816
336,821
336,857
336,916
336,942
336,947
336,963
336,974
337,353
337,355
337,356
337,362
337,366
337,380
337,403
337,435
337,445
337,500
337,522
337,551
337,678
337,683
337,813
337,827
337,829
337,936
337,937
337,943
337,996
337,997
338,386
338,394
338,410
338,420
338,459
338,483
338,495
338,537
338,562
338,570
338,648
338,759
338,768
338,771
338,784
338,823
338,845
338,851
338,880
338,909
338,953
338,966
339,361
339,364
339,397
339,455
339,476
339,480
339,482
339,491
339,542
339,572
339,577
339,599
339,622
339,637
339,648
339,670
339,694
339,738
339,750
339,770
339,800
339,802
339,814
339,835
339,852
339,869
339,897
339,919
339,963
339,966
339,978
339,987
340,388
340,397
340,400
340,447
340,454
340,491
340,522
340,603
340,688
340,753
340,768
340,773
340,784
340,814
340,856
340,872
340,936
341,354
341,363
341,365
341,366
341,407
341,428
341,497
341,514
341,592
341,609
341,616
341,630
341,643
341,658
341,706
341,724
341,733
341,829
341,997
342,387
342,399
342,499
342,502
342,555
342,561
342,563
342,605
342,658
342,719
342,829
342,830
342,949
343,382
343,384
343,471
343,534
343,556
343,562
343,580
343,585
343,605
343,629
343,642
343,668
343,764
343,828
343,836
343,851
343,935
343,937
343,941
343,961
344,374
344,395
344,401
344,409
344,430
344,450
344,460
344,466
344,475
344,487
344,489
344,506
344,507
344,566
344,576
344,581
344,605
344,660
344,744
344,793
344,805
344,868
344,928
344,938
344,988
344,993
345,357
345,380
345,390
345,393
345,411
345,441
345,457
345,462
345,479
345,491
345,493
345,504
345,505
345,508
345,527
345,529
345,542
345,546
345,562
345,574
345,635
345,679
345,702
345,714
345,726
345,729
345,743
345,747
345,766
345,772
345,798
345,802
345,808
345,812
345,822
345,831
345,844
345,848
345,863
345,872
345,881
345,886
345,892
345,893
345,914
345,918
345,950
345,970
345,995
346,370
346,378
346,381
346,419
346,434
346,439
346,488
346,511
346,541
346,586
346,589
346,618
346,652
346,673
346,676
346,693
346,707
346,710
346,715
346,728
346,772
346,773
346,793
346,805
346,811
346,817
346,821
346,932
346,981
346,982
346,988
346,993
346,998
347,371
347,380
347,435
347,564
347,567
347,581
347,606
347,608
347,641
347,671
347,698
347,703
347,713
347,778
347,781
347,782
347,860
347,865
347,867
347,874
347,879
347,990
348,352
348,387
348,419
348,425
348,485
348,506
348,539
348,569
348,626
348,633
348,672
348,675
348,732
348,747
348,754
348,764
348,776
348,787
348,808
348,811
348,834
348,836
348,889
348,963
348,993
349,366
349,407
349,412
349,478
349,486
349,522
349,523
349,525
349,532
349,536
349,561
349,578
349,624
349,627
349,666
349,700
349,721
349,760
349,781
349,785
349,791
349,792
349,907
349,921
349,936
349,997
350,370
350,396
350,426
350,444
350,480
350,602
350,610
350,639
350,667
350,669
350,688
350,719
350,747
350,750
350,777
350,799
350,800
350,802
350,803
350,808
350,850
350,862
350,869
350,892
350,976
351,352
351,369
351,404
351,419
351,433
351,449
351,450
351,461
351,468
351,470
351,484
351,501
351,525
351,543
351,545
351,556
351,569
351,573
351,589
351,600
351,607
351,610
351,614
351,618
351,620
351,623
351,638
351,640
351,668
351,675
351,686
351,693
351,697
351,710
351,754
351,787
351,804
351,815
351,892
351,907
351,912
351,939
351,963
351,980
352,364
352,381
352,405
352,450
352,462
352,466
352,499
352,539
352,579
352,585
352,591
352,614
352,653
352,763
352,777
352,793
352,810
352,816
352,820
352,826
352,834
352,841
352,857
352,889
352,924
352,942
352,961
352,993
353,364
353,397
353,414
353,421
353,423
353,456
353,468
353,477
353,486
353,518
353,528
353,582
353,629
353,692
353,706
353,737
353,761
353,770
353,781
353,785
353,861
353,908
353,925
353,983
353,984
353,986
353,989
354,358
354,377
354,382
354,467
354,473
354,535
354,536
354,578
354,613
354,648
354,650
354,651
354,657
354,659
354,678
354,680
354,695
354,709
354,719
354,724
354,729
354,739
354,781
354,784
354,815
354,825
354,847
354,851
354,880
354,882
354,893
354,949
354,959
354,964
354,976
354,978
354,979
354,987
355,362
355,403
355,414
355,426
355,432
355,453
355,491
355,532
355,534
355,564
355,596
355,671
355,683
355,695
355,758
355,787
355,827
355,832
355,857
355,860
355,874
355,879
355,926
355,937
355,974
355,975
355,996
356,362
356,366
356,403
356,404
356,407
356,525
356,541
356,671
356,698
356,724
356,726
356,779
356,782
356,824
356,829
356,830
356,882
356,898
356,948
356,969
356,973
356,975
356,990
357,374
357,381
357,390
357,398
357,401
357,431
357,434
357,438
357,462
357,472
357,490
357,498
357,499
357,504
357,517
357,533
357,534
357,540
357,544
357,581
357,583
357,593
357,595
357,611
357,615
357,705
357,707
357,710
357,718
357,719
357,756
357,760
357,772
357,786
357,798
357,833
357,847
357,850
357,853
357,865
357,871
357,876
357,883
357,888
357,919
357,932
357,933
357,948
357,959
357,963
357,977
357,979
357,998
358,372
358,382
358,394
358,416
358,420
358,519
358,537
358,590
358,603
358,636
358,648
358,656
358,657
358,662
358,667
358,716
358,758
358,759
358,771
358,880
358,891
358,896
358,911
358,919
358,953
358,989
359,422
359,425
359,465
359,487
359,502
359,531
359,542
359,593
359,611
359,665
359,673
359,676
359,681
359,756
359,786
359,793
359,796
359,813
359,838
359,875
359,876
359,910
359,914
359,927
359,931
359,933
359,943
359,977
359,988
360,372
360,411
360,493
360,622
360,657
360,663
360,667
360,670
360,694
360,835
360,940
360,978
361,377
361,379
361,391
361,393
361,400
361,442
361,457
361,481
361,517
361,520
361,522
361,532
361,535
361,537
361,541
361,546
361,604
361,617
361,639
361,659
361,666
361,704
361,709
361,715
361,720
361,729
361,740
361,741
361,746
361,747
361,750
361,788
361,790
361,807
361,812
361,813
361,829
361,843
361,844
361,851
361,858
361,884
361,903
361,905
361,913
361,919
361,928
361,943
361,950
361,955
361,956
361,964
361,976
361,979
361,995
361,996
361,997
362,366
362,371
362,386
362,400
362,403
362,428
362,481
362,500
362,517
362,551
362,552
362,563
362,564
362,596
362,608
362,609
362,619
362,624
362,659
362,668
362,677
362,692
362,703
362,711
362,714
362,723
362,733
362,735
362,758
362,795
362,823
362,827
362,838
362,865
362,867
362,895
362,907
362,921
362,937
362,963
362,974
362,984
362,985
362,990
363,366
363,371
363,426
363,447
363,500
363,522
363,528
363,561
363,587
363,624
363,665
363,692
363,739
363,742
363,747
363,795
363,824
363,861
363,870
363,893
363,930
363,936
363,947
363,965
363,984
363,985
364,366
364,371
364,386
364,435
364,446
364,448
364,457
364,460
364,500
364,522
364,536
364,552
364,571
364,596
364,624
364,632
364,683
364,696
364,739
364,758
364,781
364,795
364,824
364,840
364,861
364,865
364,879
364,907
364,930
364,936
364,965
364,984
365,366
365,407
365,435
365,453
365,478
365,497
365,553
365,606
365,609
365,632
365,641
365,643
365,647
365,657
365,698
365,699
365,714
365,733
365,792
365,804
365,829
365,830
365,838
365,877
365,924
365,959
365,972
366,369
366,414
366,429
366,447
366,455
366,474
366,481
366,483
366,486
366,530
366,553
366,597
366,624
366,647
366,649
366,666
366,698
366,706
366,724
366,727
366,742
366,746
366,779
366,804
366,827
366,838
366,848
366,867
366,887
366,921
366,922
366,926
366,949
366,979
367,453
367,497
367,514
367,592
367,609
367,733
367,848
367,958
367,969
367,972
368,382
368,384
368,398
368,405
368,429
368,438
368,504
368,520
368,585
368,613
368,678
368,724
368,730
368,738
368,740
368,787
368,810
368,838
368,841
368,848
368,854
368,868
368,881
368,901
368,903
368,910
368,928
368,962
368,975
369,425
369,461
369,470
369,484
369,502
369,523
369,618
369,621
369,697
369,701
369,829
369,887
369,939
369,954
369,994
370,382
370,384
370,387
370,410
370,444
370,504
370,509
370,549
370,585
370,605
370,613
370,644
370,655
370,717
370,720
370,731
370,780
370,832
370,838
370,841
370,868
370,871
370,936
370,961
370,967
371,384
371,447
371,500
371,522
371,554
371,561
371,682
371,688
371,779
371,781
371,824
371,870
371,925
371,926
371,930
371,965
372,397
372,399
372,402
372,415
372,420
372,437
372,455
372,482
372,491
372,523
372,572
372,582
372,622
372,631
372,657
372,663
372,670
372,685
372,689
372,709
372,711
372,716
372,719
372,742
372,750
372,753
372,773
372,778
372,780
372,794
372,799
372,846
372,880
372,891
372,898
372,899
372,903
372,911
372,966
372,978
373,429
373,441
373,479
373,570
373,603
373,729
373,740
373,747
373,753
373,766
373,872
373,877
373,886
374,438
374,439
374,466
374,482
374,487
374,488
374,511
374,516
374,544
374,549
374,605
374,618
374,633
374,652
374,697
374,704
374,707
374,728
374,730
374,754
374,776
374,857
374,859
374,871
374,899
375,382
375,395
375,398
375,401
375,417
375,440
375,452
375,466
375,503
375,510
375,529
375,550
375,564
375,585
375,588
375,592
375,604
375,652
375,664
375,673
375,675
375,679
375,718
375,720
375,722
375,748
375,780
375,805
375,810
375,838
375,851
375,854
375,906
375,912
375,981
375,982
375,990
376,389
376,391
376,393
376,432
376,500
376,563
376,575
376,583
376,665
376,678
376,689
376,700
376,713
376,730
376,767
376,770
376,784
376,785
376,807
376,811
376,824
376,825
376,847
376,866
376,874
376,882
376,884
376,901
376,931
376,934
376,943
376,946
377,382
377,383
377,414
377,418
377,432
377,435
377,469
377,481
377,535
377,537
377,563
377,583
377,585
377,607
377,608
377,649
377,651
377,678
377,683
377,689
377,713
377,733
377,735
377,736
377,758
377,791
377,812
377,827
377,851
377,929
377,931
377,935
377,945
377,956
377,962
377,974
377,990
378,398
378,429
378,440
378,460
378,472
378,529
378,595
378,635
378,696
378,757
378,766
378,810
378,832
378,878
378,982
379,390
379,392
379,396
379,427
379,476
379,492
379,504
379,577
379,590
379,599
379,617
379,639
379,659
379,666
379,669
379,685
379,731
379,734
379,770
379,807
379,808
379,843
379,849
379,851
379,905
379,913
379,929
379,955
380,389
380,435
380,453
380,469
380,502
380,524
380,597
380,608
380,665
380,714
380,726
380,782
380,785
380,860
380,934
380,990
381,419
381,430
381,434
381,488
381,505
381,511
381,527
381,529
381,544
381,626
381,693
381,696
381,710
381,718
381,728
381,752
381,772
381,826
381,871
381,894
381,928
381,932
381,947
381,981
381,988
381,998
382,384
382,389
382,391
382,427
382,429
382,430
382,441
382,444
382,452
382,473
382,491
382,504
382,516
382,573
382,580
382,604
382,613
382,644
382,652
382,678
382,689
382,704
382,710
382,724
382,749
382,753
382,764
382,805
382,813
382,819
382,822
382,838
382,839
382,843
382,854
382,913
382,927
382,946
382,956
382,961
382,967
382,976
382,997
383,410
383,484
383,515
383,525
383,540
383,552
383,555
383,606
383,608
383,614
383,618
383,619
383,620
383,628
383,655
383,664
383,680
383,687
383,701
383,745
383,755
383,797
383,811
383,827
383,828
383,877
383,887
383,926
383,949
383,957
383,996
384,389
384,395
384,398
384,407
384,417
384,425
384,438
384,462
384,466
384,470
384,489
384,557
384,571
384,585
384,588
384,590
384,613
384,620
384,647
384,652
384,665
384,730
384,750
384,797
384,805
384,841
384,847
384,854
384,887
384,903
384,909
384,933
384,941
384,950
384,962
384,982
384,988
385,408
385,426
385,444
385,493
385,496
385,505
385,519
385,559
385,562
385,603
385,678
385,679
385,702
385,766
385,791
385,798
385,802
385,847
385,849
385,850
385,862
385,863
385,892
385,904
385,995
386,403
386,456
386,480
386,486
386,500
386,522
386,561
386,562
386,587
386,596
386,601
386,609
386,613
386,624
386,625
386,643
386,649
386,677
386,683
386,692
386,706
386,713
386,719
386,739
386,784
386,785
386,795
386,804
386,816
386,840
386,861
386,904
386,907
386,921
386,925
386,930
386,936
386,983
386,984
387,403
387,425
387,452
387,453
387,470
387,485
387,497
387,541
387,564
387,581
387,607
387,623
387,625
387,629
387,640
387,642
387,644
387,674
387,687
387,697
387,723
387,732
387,760
387,811
387,821
387,828
387,836
387,854
387,938
387,949
387,959
387,994
387,997
388,411
388,415
388,429
388,444
388,446
388,454
388,637
388,688
388,716
388,749
388,759
388,800
388,801
388,814
388,838
388,852
388,896
388,954
389,413
389,432
389,452
389,453
389,469
389,502
389,509
389,524
389,539
389,563
389,564
389,573
389,597
389,601
389,603
389,607
389,615
389,616
389,623
389,649
389,658
389,665
389,675
389,677
389,716
389,721
389,722
389,724
389,760
389,782
389,811
389,815
389,839
389,860
389,865
389,879
389,931
389,946
389,990
390,437
390,452
390,457
390,500
390,517
390,560
390,602
390,715
390,729
390,735
390,775
390,788
390,817
390,856
390,882
390,955
390,962
390,992
391,479
391,496
391,514
391,588
391,595
391,603
391,605
391,617
391,644
391,671
391,679
391,704
391,715
391,753
391,784
391,825
391,843
391,847
391,881
391,887
391,905
391,935
392,408
392,426
392,429
392,438
392,491
392,493
392,497
392,512
392,542
392,559
392,586
392,602
392,717
392,745
392,791
392,799
392,801
392,856
392,863
392,866
392,869
392,892
392,918
393,396
393,448
393,476
393,495
393,520
393,540
393,546
393,600
393,602
393,617
393,637
393,639
393,663
393,734
393,735
393,738
393,750
393,753
393,815
393,905
393,919
393,960
393,978
394,399
394,410
394,411
394,439
394,459
394,492
394,530
394,602
394,643
394,657
394,685
394,759
394,761
394,768
394,794
394,845
394,880
394,884
394,893
394,911
394,950
394,953
394,969
395,466
395,475
395,485
395,489
395,529
395,579
395,585
395,605
395,673
395,693
395,732
395,737
395,759
395,772
395,774
395,805
395,870
395,882
395,938
396,418
396,448
396,473
396,476
396,495
396,520
396,541
396,559
396,571
396,579
396,602
396,688
396,690
396,750
396,753
396,770
396,802
396,808
396,818
396,858
396,869
396,909
396,922
396,955
396,960
396,967
396,976
396,991
396,992
397,400
397,482
397,490
397,537
397,572
397,640
397,667
397,695
397,719
397,851
397,862
397,904
397,940
397,963
397,991
397,992
398,414
398,425
398,438
398,490
398,506
398,508
398,529
398,550
398,569
398,575
398,581
398,584
398,588
398,651
398,696
398,707
398,728
398,748
398,774
398,783
398,798
398,810
398,859
398,878
398,892
398,914
398,935
398,982
398,997
399,412
399,455
399,459
399,492
399,518
399,537
399,559
399,577
399,580
399,650
399,685
399,700
399,736
399,762
399,880
399,884
399,953
400,415
400,437
400,444
400,498
400,609
400,617
400,637
400,648
400,657
400,659
400,663
400,667
400,673
400,688
400,696
400,711
400,729
400,750
400,752
400,762
400,790
400,801
400,803
400,812
400,814
400,835
400,852
400,897
400,904
400,978
401,419
401,438
401,462
401,489
401,494
401,503
401,506
401,511
401,558
401,563
401,589
401,653
401,660
401,728
401,754
401,756
401,787
401,805
401,812
401,816
401,817
401,821
401,838
401,861
401,865
401,916
401,924
401,928
401,938
401,942
401,951
401,954
401,956
402,428
402,437
402,656
402,709
402,716
402,780
402,966
402,978
402,993
403,421
403,432
403,435
403,436
403,463
403,499
403,522
403,530
403,571
403,594
403,619
403,630
403,666
403,671
403,678
403,683
403,698
403,704
403,707
403,714
403,742
403,745
403,803
403,827
403,829
403,848
403,865
403,867
403,899
403,945
403,972
403,975
403,996
404,433
404,543
404,557
404,570
404,591
404,654
404,793
404,939
405,419
405,422
405,424
405,430
405,462
405,485
405,503
405,507
405,509
405,527
405,558
405,564
405,581
405,589
405,591
405,593
405,623
405,640
405,646
405,654
405,660
405,664
405,697
405,763
405,772
405,787
405,805
405,816
405,828
405,834
405,836
405,889
405,903
405,916
405,942
405,959
405,993
406,414
406,427
406,477
406,552
406,650
406,685
406,784
406,809
406,845
406,884
406,893
406,896
406,900
406,965
406,989
407,433
407,434
407,435
407,436
407,437
407,443
407,445
407,446
407,452
407,474
407,497
407,504
407,514
407,530
407,553
407,556
407,563
407,568
407,597
407,615
407,618
407,641
407,643
407,647
407,666
407,671
407,674
407,683
407,694
407,697
407,699
407,724
407,727
407,733
407,737
407,745
407,824
407,829
407,835
407,860
407,865
407,867
407,922
407,944
407,969
407,980
407,990
408,444
408,559
408,562
408,572
408,593
408,660
408,691
408,729
408,772
408,780
408,796
408,844
408,892
408,995
409,425
409,507
409,573
409,586
409,623
409,652
409,656
409,732
409,754
409,764
409,836
409,868
409,889
409,938
409,956
409,982
410,427
410,428
410,432
410,457
410,473
410,502
410,548
410,644
410,658
410,678
410,723
410,753
410,761
410,780
410,794
410,795
410,864
410,879
410,882
410,895
410,896
410,929
410,934
410,941
410,964
410,979
410,996
411,415
411,437
411,455
411,480
411,482
411,491
411,538
411,582
411,590
411,631
411,657
411,663
411,711
411,750
411,872
411,893
411,898
411,899
411,966
411,999
412,447
412,478
412,597
412,686
412,727
412,830
412,996
413,493
413,518
413,534
413,553
413,564
413,597
413,607
413,630
413,678
413,704
413,721
413,760
413,782
413,804
413,865
414,420
414,429
414,447
414,477
414,486
414,496
414,498
414,519
414,537
414,552
414,556
414,593
414,622
414,632
414,645
414,693
414,768
414,781
414,823
414,824
414,845
414,846
414,880
414,891
414,893
414,896
414,900
414,907
414,908
414,925
414,936
414,953
414,983
414,986
414,989
415,426
415,444
415,454
415,476
415,593
415,635
415,637
415,644
415,657
415,669
415,800
415,801
415,812
415,814
415,852
415,854
415,892
415,899
415,904
415,975
415,991
416,423
416,428
416,439
416,500
416,555
416,625
416,663
416,666
416,689
416,713
416,778
416,780
416,827
416,857
416,861
416,879
416,929
416,937
416,962
416,974
416,985
416,997
417,434
417,487
417,494
417,500
417,538
417,544
417,549
417,575
417,593
417,626
417,681
417,718
417,757
417,765
417,796
417,810
417,878
417,909
417,915
417,957
417,981
418,457
418,466
418,493
418,520
418,522
418,602
418,603
418,689
418,695
418,717
418,729
418,740
418,750
418,751
418,791
418,799
418,808
418,815
418,846
418,862
418,888
418,904
418,919
418,995
419,430
419,446
419,461
419,462
419,466
419,475
419,485
419,494
419,503
419,511
419,523
419,539
419,569
419,581
419,586
419,588
419,589
419,618
419,619
419,660
419,696
419,710
419,790
419,793
419,816
419,833
419,834
419,868
419,887
419,889
419,893
419,924
419,942
419,982
420,445
420,454
420,459
420,482
420,518
420,519
420,578
420,617
420,636
420,692
420,711
420,719
420,759
420,768
420,784
420,823
420,851
420,858
420,880
420,891
420,893
420,899
420,911
420,953
420,959
420,983
420,991
421,496
421,519
421,551
421,597
421,651
421,697
421,712
421,717
421,727
421,812
421,832
421,879
421,893
421,925
421,937
421,965
421,975
421,985
422,490
422,525
422,526
422,581
422,610
422,633
422,673
422,684
422,696
422,702
422,738
422,752
422,765
422,767
422,775
422,796
422,813
422,853
422,869
422,876
422,883
422,885
422,886
422,915
422,964
422,970
422,988
423,477
423,534
423,552
423,592
423,632
423,692
423,758
423,781
423,785
423,824
423,829
423,848
423,900
423,907
423,921
423,965
424,487
424,490
424,542
424,547
424,560
424,610
424,767
424,806
424,822
424,833
424,859
424,915
424,948
424,970
424,971
425,429
425,468
425,470
425,472
425,485
425,498
425,503
425,504
425,507
425,519
425,529
425,539
425,541
425,556
425,569
425,579
425,585
425,588
425,589
425,653
425,696
425,707
425,723
425,754
425,805
425,816
425,836
425,838
425,841
425,857
425,900
425,951
425,954
425,963
425,998
425,999
426,457
426,493
426,509
426,513
426,542
426,559
426,568
426,589
426,601
426,603
426,635
426,644
426,649
426,667
426,676
426,688
426,691
426,695
426,698
426,717
426,729
426,739
426,750
426,783
426,796
426,798
426,799
426,803
426,822
426,888
426,897
426,906
426,914
426,918
426,919
426,920
426,948
426,950
426,970
426,981
426,982
426,987
426,988
426,992
426,999
427,452
427,476
427,482
427,489
427,518
427,528
427,537
427,576
427,625
427,636
427,666
427,690
427,707
427,758
427,761
427,780
427,813
427,880
427,887
427,893
427,895
427,903
427,934
427,964
427,974
427,986
428,443
428,446
428,508
428,522
428,552
428,636
428,659
428,703
428,746
428,753
428,758
428,848
428,858
428,895
428,929
428,934
428,937
428,988
429,438
429,441
429,457
429,472
429,488
429,496
429,504
429,508
429,510
429,513
429,517
429,538
429,550
429,559
429,560
429,568
429,584
429,599
429,613
429,649
429,670
429,675
429,677
429,704
429,715
429,717
429,720
429,726
429,729
429,743
429,747
429,753
429,757
429,766
429,767
429,783
429,831
429,832
429,843
429,851
429,858
429,863
429,871
429,877
429,881
429,888
429,906
429,909
429,920
429,927
429,928
429,955
429,959
429,961
429,982
429,987
430,434
430,462
430,466
430,487
430,506
430,556
430,581
430,652
430,696
430,718
430,728
430,754
430,793
430,817
430,834
430,890
430,913
430,916
430,924
430,925
430,970
431,456
431,464
431,465
431,472
431,490
431,518
431,531
431,537
431,542
431,563
431,565
431,574
431,575
431,588
431,603
431,611
431,632
431,636
431,681
431,690
431,696
431,702
431,726
431,735
431,756
431,766
431,767
431,798
431,810
431,813
431,815
431,819
431,831
431,833
431,844
431,858
431,863
431,881
431,888
431,898
431,909
431,914
431,955
431,970
432,469
432,478
432,481
432,504
432,534
432,564
432,577
432,583
432,597
432,608
432,609
432,656
432,665
432,678
432,688
432,697
432,701
432,708
432,714
432,754
432,758
432,761
432,762
432,779
432,780
432,784
432,794
432,815
432,817
432,827
432,829
432,847
432,848
432,873
432,879
432,905
432,931
432,937
432,944
432,945
432,946
432,954
432,964
432,974
432,975
432,986
433,449
433,470
433,499
433,543
433,570
433,591
433,602
433,611
433,701
433,727
433,789
433,828
433,889
433,923
433,980
434,496
434,527
434,533
434,584
434,705
434,710
434,718
434,719
434,772
434,774
434,786
434,788
434,793
434,816
434,821
434,932
434,950
434,955
434,998
435,445
435,446
435,453
435,458
435,469
435,478
435,484
435,521
435,530
435,534
435,564
435,567
435,571
435,585
435,608
435,623
435,641
435,642
435,665
435,671
435,683
435,686
435,703
435,714
435,742
435,829
435,841
435,860
435,861
435,865
435,867
435,923
435,944
435,958
435,990
435,996
436,445
436,469
436,481
436,497
436,532
436,627
436,641
436,671
436,683
436,687
436,703
436,779
436,780
436,782
436,860
436,975
436,990
436,996
437,455
437,481
437,492
437,590
437,617
437,622
437,632
437,648
437,656
437,657
437,663
437,666
437,670
437,702
437,716
437,773
437,794
437,800
437,823
437,846
437,872
437,891
437,898
437,903
437,905
437,978
438,453
438,470
438,475
438,489
438,525
438,553
438,566
438,580
438,585
438,595
438,605
438,613
438,642
438,653
438,723
438,774
438,786
438,805
438,813
438,816
438,817
438,821
438,852
438,854
438,892
438,923
438,998
438,999
439,452
439,457
439,460
439,470
439,472
439,479
439,487
439,505
439,512
439,529
439,538
439,544
439,565
439,626
439,673
439,694
439,696
439,703
439,705
439,707
439,718
439,726
439,747
439,760
439,765
439,768
439,774
439,786
439,798
439,813
439,821
439,822
439,825
439,850
439,853
439,863
439,871
439,885
439,894
439,897
439,915
439,935
439,938
439,947
439,977
439,982
439,988
440,460
440,472
440,505
440,547
440,550
440,566
440,584
440,610
440,696
440,702
440,718
440,738
440,749
440,783
440,784
440,810
440,850
440,853
440,854
440,858
440,878
440,927
440,935
440,970
441,442
441,457
441,464
441,473
441,476
441,479
441,493
441,505
441,508
441,510
441,520
441,541
441,568
441,574
441,611
441,623
441,637
441,686
441,726
441,729
441,738
441,743
441,747
441,766
441,769
441,790
441,791
441,819
441,821
441,822
441,844
441,850
441,856
441,858
441,881
441,909
441,920
441,928
441,950
441,967
442,496
442,546
442,547
442,634
442,747
442,750
442,775
442,809
442,822
442,858
442,936
443,474
443,483
443,497
443,523
443,553
443,592
443,607
443,666
443,698
443,706
443,730
443,779
443,829
443,870
443,975
443,996
444,457
444,469
444,509
444,559
444,582
444,584
444,637
444,675
444,681
444,688
444,803
444,814
444,851
444,862
444,878
444,904
444,914
444,964
444,970
444,995
445,446
445,453
445,571
445,608
445,665
445,680
445,681
445,714
445,724
445,760
445,775
445,829
445,840
445,865
445,867
445,907
445,922
445,985
446,453
446,469
446,484
446,497
446,514
446,532
446,564
446,592
446,597
446,641
446,659
446,686
446,698
446,712
446,714
446,724
446,733
446,745
446,759
446,829
446,840
446,872
446,879
446,944
446,975
446,987
446,988
447,486
447,500
447,554
447,561
447,624
447,698
447,739
447,795
447,824
447,861
447,864
447,907
447,930
447,965
448,452
448,457
448,460
448,476
448,517
448,520
448,546
448,559
448,562
448,563
448,583
448,605
448,613
448,636
448,669
448,715
448,729
448,753
448,788
448,815
448,844
448,847
448,869
448,887
448,890
448,905
448,928
448,943
448,955
449,450
449,557
449,579
449,593
449,600
449,614
449,621
449,654
449,665
449,668
449,701
449,764
449,789
449,802
449,814
449,949
449,980
449,995
450,470
450,484
450,501
450,540
450,543
450,557
450,569
450,570
450,579
450,600
450,606
450,614
450,618
450,623
450,668
450,697
450,699
450,723
450,805
450,877
450,939
450,952
450,963
450,980
451,478
451,538
451,626
451,658
451,701
451,705
451,718
451,786
451,885
451,933
452,502
452,507
452,509
452,516
452,522
452,524
452,563
452,601
452,613
452,639
452,646
452,649
452,655
452,665
452,677
452,686
452,693
452,714
452,727
452,730
452,731
452,757
452,758
452,778
452,825
452,841
452,848
452,854
452,865
452,866
452,879
452,938
452,953
452,956
452,961
452,962
452,993
453,484
453,486
453,497
453,500
453,503
453,514
453,530
453,532
453,534
453,553
453,581
453,592
453,596
453,609
453,624
453,643
453,647
453,658
453,671
453,682
453,698
453,703
453,714
453,724
453,733
453,741
453,804
453,811
453,829
453,860
453,879
453,882
453,921
453,922
453,931
453,936
453,951
453,965
453,997
454,476
454,480
454,491
454,559
454,637
454,641
454,657
454,688
454,736
454,757
454,759
454,773
454,795
454,800
454,801
454,814
454,863
454,872
454,899
454,904
454,908
454,963
454,978
454,995
455,482
455,491
455,498
455,535
455,589
455,622
455,657
455,662
455,685
455,688
455,693
455,709
455,711
455,731
455,751
455,759
455,801
455,805
455,814
455,852
455,855
455,872
455,898
455,904
455,909
455,955
455,997
456,497
456,552
456,632
456,692
456,739
456,781
456,785
456,795
456,809
456,849
456,861
456,884
456,933
456,983
456,989
457,470
457,473
457,479
457,508
457,510
457,517
457,520
457,559
457,568
457,577
457,584
457,595
457,605
457,659
457,669
457,675
457,689
457,691
457,695
457,715
457,717
457,726
457,729
457,740
457,743
457,747
457,750
457,751
457,766
457,775
457,794
457,797
457,799
457,803
457,808
457,818
457,822
457,838
457,844
457,851
457,858
457,869
457,881
457,891
457,892
457,897
457,906
457,913
457,914
457,915
457,920
457,927
457,934
457,950
457,955
457,960
457,961
457,973
457,974
457,991
458,497
458,502
458,514
458,521
458,525
458,567
458,665
458,682
458,704
458,706
458,732
458,751
458,763
458,785
458,879
458,919
458,922
458,944
458,958
458,969
458,990
459,473
459,492
459,537
459,568
459,636
459,641
459,648
459,659
459,663
459,690
459,709
459,719
459,794
459,839
459,851
459,880
459,953
460,464
460,472
460,524
460,560
460,566
460,574
460,584
460,588
460,595
460,646
460,673
460,676
460,693
460,717
460,720
460,726
460,748
460,765
460,783
460,805
460,810
460,811
460,814
460,815
460,822
460,825
460,836
460,871
460,878
460,881
460,909
460,925
460,928
460,935
460,943
460,961
460,991
461,468
461,470
461,471
461,484
461,523
461,540
461,601
461,606
461,628
461,646
461,664
461,674
461,686
461,701
461,733
461,745
461,807
461,857
461,861
461,923
461,928
461,939
461,956
461,965
462,470
462,488
462,494
462,503
462,573
462,579
462,581
462,585
462,586
462,588
462,589
462,620
462,652
462,697
462,707
462,756
462,772
462,774
462,787
462,816
462,820
462,821
462,841
462,857
462,924
462,938
462,954
462,993
463,466
463,469
463,481
463,686
463,691
463,758
463,761
463,784
463,820
463,975
464,487
464,493
464,508
464,547
464,565
464,633
464,635
464,717
464,816
464,819
464,822
464,831
464,876
464,888
464,906
464,909
464,928
465,490
465,491
465,504
465,512
465,526
465,621
465,661
465,673
465,681
465,696
465,752
465,796
465,853
465,875
465,876
465,885
465,897
465,910
465,915
465,918
465,977
465,988
466,475
466,484
466,488
466,489
466,503
466,506
466,511
466,516
466,524
466,529
466,573
466,585
466,588
466,605
466,620
466,623
466,652
466,658
466,675
466,676
466,704
466,727
466,728
466,738
466,765
466,786
466,787
466,788
466,805
466,816
466,817
466,821
466,838
466,846
466,860
466,878
466,882
466,909
466,916
466,938
466,973
466,993
466,994
466,995
467,480
467,582
467,631
467,657
467,855
467,872
467,899
468,470
468,471
468,484
468,523
468,530
468,540
468,545
468,605
468,606
468,609
468,612
468,618
468,619
468,623
468,628
468,630
468,658
468,674
468,701
468,717
468,725
468,727
468,745
468,755
468,763
468,764
468,861
468,877
468,915
468,931
468,949
469,476
469,481
469,496
469,518
469,532
469,551
469,561
469,564
469,571
469,584
469,628
469,675
469,719
469,758
469,779
469,827
469,879
469,900
469,929
469,945
469,962
469,974
469,975
469,983
469,984
469,990
470,471
470,484
470,523
470,534
470,539
470,545
470,591
470,597
470,601
470,606
470,607
470,613
470,614
470,618
470,619
470,620
470,621
470,623
470,628
470,640
470,642
470,643
470,674
470,675
470,686
470,701
470,737
470,752
470,754
470,777
470,834
470,841
470,877
470,887
470,920
470,931
470,947
470,949
470,959
470,963
470,994
471,485
471,499
471,523
471,525
471,534
471,563
471,603
471,606
471,609
471,615
471,618
471,619
471,621
471,632
471,658
471,666
471,680
471,697
471,699
471,701
471,705
471,722
471,782
471,789
471,814
471,828
471,842
471,880
471,887
471,902
471,921
471,922
471,931
471,949
471,951
471,954
471,968
471,994
472,498
472,529
472,569
472,577
472,585
472,595
472,687
472,693
472,710
472,715
472,718
472,735
472,748
472,749
472,757
472,798
472,805
472,810
472,878
472,885
472,982
473,482
473,496
473,498
473,514
473,535
473,572
473,577
473,582
473,590
473,636
473,644
473,648
473,650
473,659
473,667
473,685
473,691
473,725
473,736
473,784
473,785
473,788
473,790
473,794
473,808
473,809
473,812
473,837
473,849
473,851
473,872
473,879
473,893
473,895
473,897
473,960
473,964
473,975
473,987
473,992
474,530
474,551
474,553
474,624
474,647
474,706
474,764
474,804
474,829
474,850
474,924
474,926
474,952
475,484
475,504
475,509
475,511
475,558
475,580
475,585
475,613
475,614
475,672
475,718
475,757
475,778
475,868
475,954
475,981
476,495
476,498
476,516
476,537
476,632
476,667
476,685
476,700
476,741
476,794
476,799
476,802
476,837
476,847
476,849
476,919
476,940
476,976
476,980
476,989
476,992
476,996
477,481
477,517
477,518
477,632
477,641
477,645
477,651
477,662
477,761
477,768
477,781
477,790
477,823
477,845
477,871
477,884
477,892
477,896
477,900
477,908
477,944
477,983
477,986
477,989
478,483
478,489
478,497
478,522
478,530
478,532
478,562
478,613
478,658
478,666
478,727
478,804
478,824
478,829
478,867
478,870
478,893
478,907
478,921
478,926
478,963
478,976
478,997
479,480
479,483
479,513
479,568
479,729
479,740
479,743
479,747
479,766
479,781
479,920
479,928
479,953
479,973
479,988
480,491
480,582
480,590
480,631
480,688
480,814
480,872
480,879
480,898
480,903
480,979
480,987
481,507
481,641
481,657
481,662
481,678
481,683
481,689
481,698
481,713
481,729
481,746
481,748
481,770
481,780
481,794
481,807
481,811
481,838
481,848
481,865
481,884
481,891
481,893
481,902
481,919
481,929
481,956
481,986
482,537
482,562
482,591
482,622
482,656
482,657
482,668
482,685
482,694
482,785
482,898
482,899
482,927
482,966
483,486
483,554
483,624
483,627
483,792
483,827
483,907
483,921
483,926
483,965
483,975
483,985
484,606
484,619
484,628
484,630
484,658
484,668
484,674
484,680
484,725
484,730
484,745
484,759
484,789
484,797
484,809
484,828
484,838
484,887
484,902
484,924
484,928
484,931
484,936
485,497
485,503
485,556
485,558
485,564
485,589
485,590
485,591
485,601
485,618
485,623
485,629
485,640
485,675
485,677
485,686
485,697
485,699
485,701
485,723
485,732
485,754
485,760
485,793
485,804
485,816
485,826
485,834
485,836
485,857
485,877
485,888
485,901
485,924
485,942
485,947
485,987
485,994
485,999
486,500
486,522
486,528
486,530
486,532
486,536
486,552
486,587
486,594
486,596
486,606
486,609
486,624
486,627
486,665
486,677
486,706
486,727
486,792
486,863
486,866
486,886
486,907
486,921
486,936
486,949
486,956
486,984
487,488
487,490
487,508
487,527
487,544
487,562
487,566
487,588
487,652
487,696
487,702
487,707
487,718
487,774
487,775
487,779
487,805
487,806
487,868
487,871
487,872
487,893
487,894
487,926
488,544
488,550
488,557
488,584
488,595
488,613
488,675
488,676
488,707
488,728
488,774
488,782
488,788
488,798
488,816
488,817
488,836
488,857
488,858
488,887
488,903
488,938
488,967
488,989
489,496
489,503
489,506
489,507
489,563
489,581
489,588
489,605
489,676
489,701
489,728
489,764
489,766
489,772
489,805
489,836
489,844
489,868
489,924
489,938
489,954
489,965
489,982
489,988
489,994
490,512
490,527
490,530
490,531
490,574
490,699
490,702
490,718
490,738
490,756
490,767
490,796
490,806
490,850
490,853
490,876
490,897
490,909
490,938
490,957
490,977
491,518
491,536
491,582
491,590
491,599
491,622
491,631
491,634
491,637
491,656
491,657
491,670
491,785
491,794
491,835
491,861
491,872
491,887
491,891
491,898
491,899
491,916
491,934
491,953
491,987
492,495
492,519
492,537
492,577
492,650
492,662
492,685
492,719
492,736
492,762
492,794
492,880
492,884
492,896
492,900
492,903
492,949
492,953
492,987
493,505
493,513
493,617
493,633
493,635
493,702
493,717
493,750
493,791
493,813
493,822
493,863
493,906
493,914
493,918
493,947
493,970
493,976
494,534
494,581
494,586
494,589
494,640
494,652
494,687
494,707
494,777
494,786
494,787
494,793
494,817
494,820
494,825
494,826
494,841
494,857
494,868
494,889
494,915
494,924
494,971
494,993
495,568
495,577
495,603
495,669
495,716
495,750
495,803
495,808
495,814
495,863
495,869
495,906
495,991
496,503
496,516
496,517
496,566
496,604
496,630
496,633
496,644
496,653
496,689
496,704
496,720
496,729
496,731
496,775
496,778
496,812
496,817
496,832
496,838
496,839
496,842
496,852
496,858
496,879
496,890
496,913
496,927
496,956
496,961
496,962
496,967
496,969
496,971
497,514
497,553
497,592
497,727
497,733
497,746
497,758
497,810
497,821
497,829
497,830
497,848
497,867
497,873
497,929
497,962
497,969
498,515
498,520
498,548
498,568
498,578
498,599
498,616
498,648
498,659
498,695
498,753
498,790
498,832
498,837
498,851
498,856
498,862
498,884
498,903
498,919
498,964
498,979
498,987
499,509
499,563
499,567
499,591
499,601
499,605
499,608
499,621
499,647
499,672
499,737
499,744
499,745
499,747
499,760
499,797
499,887
499,949
499,951
499,994
500,522
500,528
500,530
500,536
500,554
500,561
500,596
500,624
500,627
500,643
500,742
500,746
500,792
500,797
500,824
500,873
500,893
500,907
500,963
500,965
501,557
501,570
501,614
501,618
501,620
501,697
501,704
501,795
501,834
501,847
501,892
501,923
501,939
501,947
501,949
501,963
501,980
502,509
502,521
502,524
502,555
502,563
502,564
502,593
502,605
502,613
502,615
502,649
502,665
502,686
502,730
502,760
502,811
502,825
502,841
502,852
502,865
502,882
502,930
502,941
502,946
502,956
502,959
502,968
502,990
502,996
503,507
503,539
503,558
503,573
503,603
503,611
503,621
503,623
503,643
503,652
503,653
503,660
503,665
503,697
503,754
503,763
503,772
503,787
503,816
503,826
503,834
503,857
503,889
503,916
503,924
503,938
503,942
503,947
503,954
503,956
504,507
504,516
504,580
504,686
504,720
504,733
504,775
504,787
504,838
504,843
504,847
504,854
504,874
504,901
505,513
505,546
505,635
505,726
505,780
505,799
505,822
505,831
505,835
505,874
505,888
505,892
505,906
505,914
505,918
505,962
505,964
506,588
506,613
506,660
506,728
506,787
506,805
506,821
506,857
506,868
506,938
506,999
507,556
507,559
507,588
507,623
507,640
507,660
507,668
507,675
507,732
507,754
507,817
507,826
507,843
507,885
507,954
507,962
507,981
508,547
508,604
508,611
508,626
508,672
508,679
508,685
508,691
508,705
508,709
508,740
508,757
508,790
508,815
508,822
508,834
508,841
508,844
508,858
508,865
508,881
508,901
508,955
508,977
508,996
509,510
509,516
509,555
509,563
509,565
509,581
509,609
509,613
509,616
509,649
509,665
509,677
509,686
509,703
509,704
509,714
509,757
509,838
509,857
509,868
509,873
509,944
509,946
509,956
509,968
509,982
510,526
510,560
510,574
510,688
510,715
510,726
510,748
510,783
510,796
510,841
510,844
510,858
510,881
510,885
510,906
510,928
511,605
511,615
511,652
511,653
511,707
511,723
511,817
511,878
511,910
511,916
511,941
511,981
512,526
512,538
512,588
512,611
512,626
512,634
512,673
512,677
512,696
512,738
512,752
512,756
512,765
512,767
512,786
512,796
512,813
512,876
512,888
512,897
512,910
512,920
512,933
512,977
512,988
513,547
513,574
513,635
513,690
513,717
513,769
513,798
513,863
513,880
513,914
513,935
513,948
513,956
514,530
514,587
514,602
514,609
514,628
514,643
514,724
514,733
514,742
514,789
514,854
514,867
514,896
514,944
514,961
514,969
514,997
515,642
515,708
515,735
515,741
515,743
515,761
515,776
515,790
515,793
515,808
515,812
516,550
516,668
516,808
516,829
516,838
516,841
516,854
516,901
516,996
517,520
517,522
517,546
517,547
517,563
517,626
517,704
517,729
517,735
517,760
517,788
517,794
517,796
517,802
517,815
517,838
517,843
517,856
517,858
517,905
517,927
517,955
517,962
517,991
518,644
518,651
518,716
518,730
518,768
518,771
518,781
518,794
518,809
518,824
518,829
518,861
518,881
518,893
518,896
518,900
518,922
518,925
518,937
518,953
518,964
518,984
519,537
519,590
519,619
519,637
519,657
519,662
519,669
519,700
519,736
519,759
519,768
519,771
519,773
519,810
519,823
519,848
519,858
519,868
519,872
519,900
519,911
519,919
519,985
519,986
520,546
520,602
520,604
520,617
520,634
520,648
520,656
520,663
520,669
520,677
520,685
520,716
520,719
520,729
520,740
520,743
520,747
520,750
520,751
520,753
520,802
520,805
520,808
520,815
520,903
520,905
520,913
520,960
520,961
520,988
520,991
521,534
521,597
521,760
521,826
521,865
521,870
521,873
521,943
521,968
521,969
521,972
522,530
522,532
522,536
522,550
522,552
522,554
522,559
522,561
522,564
522,581
522,590
522,594
522,596
522,598
522,609
522,624
522,663
522,666
522,678
522,706
522,727
522,746
522,750
522,751
522,792
522,795
522,804
522,829
522,841
522,864
522,902
522,907
522,921
522,922
522,926
522,936
522,965
522,975
523,534
523,557
523,588
523,606
523,618
523,621
523,649
523,677
523,687
523,792
523,851
523,857
523,865
523,887
523,902
523,931
523,949
523,963
523,994
523,999
524,525
524,563
524,564
524,579
524,607
524,616
524,624
524,628
524,638
524,649
524,665
524,677
524,678
524,686
524,687
524,730
524,755
524,775
524,807
524,809
524,825
524,839
524,847
524,860
524,866
524,913
524,946
524,949
524,956
524,961
524,965
524,974
525,561
525,609
525,615
525,630
525,658
525,682
525,699
525,725
525,741
525,797
525,804
525,822
525,833
525,902
525,919
525,921
525,922
525,949
525,958
525,997
526,531
526,533
526,542
526,566
526,611
526,673
526,696
526,752
526,756
526,786
526,816
526,853
526,859
526,875
526,876
526,903
526,910
526,914
526,972
526,977
526,991
527,529
527,538
527,539
527,544
527,550
527,581
527,584
527,588
527,593
527,621
527,640
527,676
527,696
527,705
527,710
527,718
527,728
527,740
527,754
527,793
527,798
527,829
527,871
527,882
527,893
527,894
527,896
527,932
527,933
527,936
527,993
527,998
528,552
528,594
528,712
528,758
528,777
528,781
528,785
528,824
528,847
528,864
528,891
528,896
528,921
528,930
528,936
528,983
528,984
528,990
529,545
529,547
529,566
529,581
529,584
529,588
529,595
529,657
529,673
529,676
529,707
529,717
529,747
529,757
529,772
529,774
529,810
529,813
529,853
529,877
529,878
529,885
529,910
529,928
529,935
529,957
529,982
530,553
530,556
530,592
530,609
530,619
530,643
530,647
530,666
530,698
530,714
530,727
530,730
530,733
530,742
530,746
530,761
530,779
530,782
530,795
530,804
530,829
530,865
530,873
530,926
530,975
531,610
531,633
531,663
531,738
531,767
531,799
531,806
531,833
531,850
531,853
531,859
531,876
531,885
531,897
531,980
532,542
532,554
532,555
532,592
532,649
532,652
532,678
532,708
532,727
532,730
532,737
532,746
532,829
532,907
532,921
532,926
532,968
532,969
533,693
533,705
533,710
533,718
533,737
533,875
533,927
533,932
533,988
534,555
534,564
534,597
534,601
534,605
534,615
534,621
534,627
534,629
534,658
534,713
534,724
534,760
534,770
534,782
534,848
534,867
534,877
534,902
534,922
534,945
534,949
534,961
535,598
535,636
535,648
535,650
535,685
535,719
535,768
535,843
535,851
535,881
535,893
535,903
535,905
535,979
535,983
535,987
536,553
536,554
536,555
536,587
536,596
536,624
536,627
536,641
536,666
536,706
536,739
536,746
536,766
536,781
536,792
536,823
536,832
536,865
536,907
536,919
536,921
536,944
536,965
537,561
537,636
537,662
537,719
537,736
537,759
537,762
537,781
537,784
537,812
537,823
537,846
537,851
537,861
537,874
537,891
537,908
537,913
537,919
537,983
537,987
538,565
538,568
538,673
538,712
538,718
538,756
538,786
538,871
538,910
538,932
538,933
538,957
538,977
538,988
539,545
539,557
539,569
539,579
539,604
539,620
539,623
539,640
539,652
539,668
539,676
539,721
539,777
539,783
539,787
539,816
539,826
539,834
539,881
539,889
539,924
539,942
539,947
539,993
539,999
540,569
540,592
540,623
540,625
540,628
540,668
540,676
540,699
540,755
540,777
540,877
540,887
540,902
540,931
540,951
541,546
541,561
541,563
541,566
541,577
541,602
541,604
541,659
541,669
541,684
541,685
541,686
541,709
541,728
541,731
541,781
541,809
541,810
541,812
541,818
541,843
541,849
541,858
541,870
541,905
541,913
541,943
541,950
541,960
541,992
542,574
542,610
542,634
542,635
542,689
542,696
542,703
542,717
542,726
542,767
542,796
542,799
542,806
542,822
542,859
542,863
542,881
542,897
542,906
542,914
542,915
542,918
542,948
542,970
542,988
543,557
543,591
543,606
543,643
543,654
543,668
543,676
543,699
543,760
543,865
543,882
543,902
543,952
543,988
544,593
544,652
544,693
544,710
544,774
544,825
544,868
544,871
544,889
544,893
544,894
544,928
544,984
544,998
545,557
545,563
545,591
545,612
545,620
545,647
545,676
545,714
545,777
545,789
545,847
545,877
545,896
545,952
545,961
545,963
545,980
545,985
546,550
546,590
546,597
546,617
546,633
546,662
546,695
546,704
546,709
546,719
546,734
546,741
546,750
546,753
546,764
546,769
546,773
546,776
546,788
546,809
546,818
546,847
546,849
546,851
546,870
546,881
546,893
546,905
546,913
546,923
547,549
547,647
547,715
547,754
547,765
547,802
547,803
547,805
547,831
547,844
547,881
547,899
547,906
547,914
547,924
548,598
548,604
548,613
548,636
548,659
548,730
548,734
548,755
548,760
548,784
548,818
548,823
548,846
548,929
548,964
549,569
549,640
549,720
549,841
549,858
549,890
549,935
549,982
549,988
550,560
550,566
550,588
550,595
550,677
550,696
550,707
550,718
550,728
550,743
550,774
550,786
550,878
550,923
550,957
551,596
551,638
551,770
551,879
551,893
552,561
552,641
552,645
552,651
552,692
552,739
552,746
552,781
552,785
552,840
552,861
552,884
552,930
552,931
552,936
552,964
552,974
552,983
553,583
553,592
553,603
553,609
553,610
553,627
553,647
553,666
553,683
553,692
553,698
553,705
553,742
553,746
553,779
553,780
553,804
553,829
553,862
553,867
553,929
553,933
553,951
553,969
553,994
553,996
554,561
554,580
554,686
554,739
554,745
554,795
554,823
554,824
554,825
554,865
554,870
554,907
554,921
554,930
554,944
554,965
555,576
555,601
555,687
555,721
555,730
555,782
555,968
555,999
556,569
556,573
556,576
556,588
556,606
556,619
556,620
556,621
556,623
556,640
556,675
556,676
556,680
556,697
556,763
556,793
556,816
556,835
556,841
556,887
556,896
556,902
556,916
556,917
556,921
556,937
556,947
556,949
556,954
556,956
556,999
557,570
557,573
557,592
557,606
557,654
557,668
557,745
557,768
557,793
557,816
557,834
557,939
557,942
557,954
557,963
557,968
558,586
558,589
558,653
558,660
558,723
558,763
558,765
558,787
558,816
558,826
558,828
558,868
558,885
558,889
558,924
559,562
559,603
559,639
559,656
559,691
559,695
559,702
559,719
559,784
559,791
559,892
559,903
559,904
559,918
559,970
559,987
559,995
560,590
560,635
560,704
560,715
560,726
560,783
560,810
560,833
560,844
560,875
560,898
560,906
560,909
560,934
560,935
561,569
561,622
561,624
561,641
561,675
561,698
561,795
561,824
561,864
561,870
561,907
561,930
561,936
561,953
561,965
562,568
562,603
562,629
562,637
562,639
562,686
562,695
562,716
562,717
562,751
562,757
562,791
562,822
562,835
562,841
562,878
562,892
562,904
562,914
562,943
562,955
562,971
562,976
562,995
563,566
563,567
563,583
563,585
563,591
563,601
563,613
563,620
563,628
563,638
563,642
563,649
563,659
563,662
563,665
563,666
563,671
563,677
563,687
563,719
563,723
563,730
563,753
563,782
563,790
563,825
563,847
563,860
563,865
563,866
563,868
563,879
563,922
563,938
563,956
563,975
563,978
563,998
564,586
564,597
564,601
564,608
564,616
564,638
564,658
564,665
564,696
564,708
564,724
564,737
564,777
564,782
564,784
564,804
564,805
564,811
564,822
564,844
564,856
564,865
564,888
564,913
564,922
564,946
564,949
564,951
564,956
564,959
564,972
564,980
565,574
565,575
565,633
565,654
565,705
565,726
565,798
565,800
565,813
565,833
565,978
565,988
566,649
566,677
566,689
566,726
566,774
566,810
566,831
566,850
566,868
566,883
566,949
566,982
566,998
567,608
567,609
567,625
567,655
567,666
567,683
567,714
567,746
567,762
567,782
567,795
567,820
567,865
567,929
567,941
567,944
567,968
567,990
568,634
568,677
568,691
568,695
568,717
568,718
568,724
568,729
568,740
568,743
568,747
568,748
568,750
568,753
568,766
568,767
568,774
568,788
568,791
568,799
568,822
568,825
568,841
568,872
568,881
568,942
568,973
569,579
569,606
569,613
569,618
569,620
569,623
569,652
569,668
569,675
569,676
569,704
569,753
569,763
569,781
569,784
569,787
569,805
569,816
569,889
569,912
569,917
569,931
569,942
569,947
569,954
569,999
570,573
570,579
570,600
570,612
570,620
570,664
570,674
570,771
570,777
570,923
570,939
570,947
570,963
571,608
571,641
571,682
571,683
571,703
571,712
571,714
571,733
571,829
571,848
571,860
571,865
571,975
571,990
572,667
572,669
572,670
572,794
572,852
572,874
572,991
573,579
573,591
573,612
573,614
573,618
573,620
573,623
573,668
573,745
573,777
573,787
573,789
573,857
573,889
573,912
573,923
573,939
573,942
573,947
573,954
573,975
574,633
574,729
574,738
574,798
574,806
574,813
574,828
574,833
574,859
574,862
574,875
574,882
574,888
574,892
574,897
574,918
574,935
574,948
574,970
574,992
575,613
575,679
575,696
575,715
575,720
575,729
575,747
575,765
575,798
575,803
575,806
575,813
575,819
575,831
575,832
575,833
575,844
575,885
575,906
575,909
575,915
575,918
575,935
575,948
576,669
576,674
576,698
576,722
576,744
576,775
576,782
576,902
576,954
576,994
576,999
577,617
577,659
577,685
577,704
577,719
577,734
577,809
577,815
577,843
577,849
577,851
577,891
577,976
577,992
578,598
578,636
578,650
578,652
578,687
578,700
578,719
578,776
578,843
578,881
578,884
578,893
579,591
579,620
579,623
579,636
579,652
579,654
579,660
579,668
579,686
579,693
579,701
579,752
579,755
579,777
579,787
579,793
579,817
579,820
579,826
579,905
579,923
579,924
579,954
579,963
579,994
580,585
580,593
580,618
580,642
580,653
580,655
580,717
580,793
580,805
580,832
580,841
580,854
580,928
581,586
581,589
581,593
581,615
581,652
581,693
581,703
581,710
581,724
581,764
581,793
581,802
581,817
581,820
581,834
581,868
581,875
581,877
581,887
581,913
581,924
581,938
581,942
581,993
582,590
582,622
582,631
582,657
582,688
582,691
582,844
582,872
582,893
582,898
582,957
583,607
583,632
583,643
583,677
583,683
583,690
583,703
583,737
583,804
583,807
583,825
583,833
583,847
583,851
583,866
583,882
583,927
583,937
583,946
583,961
583,964
584,588
584,653
584,729
584,774
584,783
584,810
584,831
584,878
584,927
584,982
585,588
585,607
585,614
585,642
585,673
585,684
585,686
585,707
585,723
585,782
585,787
585,822
585,838
585,841
585,854
585,858
585,886
585,947
585,993
585,998
585,999
586,646
586,763
586,793
586,817
586,834
586,870
586,897
586,924
586,949
587,624
587,636
587,669
587,706
587,770
587,824
587,840
587,864
587,900
587,907
587,985
587,996
588,595
588,611
588,635
588,659
588,664
588,684
588,707
588,720
588,728
588,786
588,788
588,796
588,805
588,824
588,825
588,853
588,878
588,913
588,916
588,933
588,938
588,948
588,951
588,957
588,963
588,982
588,994
588,998
588,999
589,601
589,602
589,652
589,657
589,660
589,668
589,675
589,728
589,732
589,787
589,816
589,820
589,826
589,834
589,857
589,888
589,903
589,915
589,928
589,938
589,980
589,993
590,622
590,631
590,639
590,657
590,667
590,688
590,711
590,770
590,852
590,860
590,872
590,878
590,898
590,899
590,919
590,922
590,949
591,615
591,620
591,668
591,674
591,686
591,868
591,877
591,912
591,924
591,947
591,963
591,968
591,980
591,993
592,643
592,666
592,672
592,698
592,733
592,742
592,770
592,779
592,804
592,975
592,996
593,623
593,707
593,710
593,752
593,774
593,871
593,894
593,907
593,935
593,962
594,651
594,712
594,758
594,770
594,785
594,795
594,864
594,900
594,930
594,936
595,611
595,620
595,651
595,696
595,715
595,718
595,720
595,723
595,748
595,757
595,774
595,805
595,810
595,878
595,888
595,909
595,954
595,956
595,967
595,982
595,988
595,989
596,607
596,624
596,627
596,666
596,703
596,742
596,746
596,759
596,780
596,792
596,795
596,812
596,824
596,829
596,905
596,921
596,926
596,930
596,944
597,607
597,608
597,609
597,620
597,641
597,649
597,658
597,665
597,682
597,704
597,724
597,741
597,753
597,758
597,760
597,779
597,832
597,838
597,865
597,879
597,896
597,902
597,907
597,920
597,968
597,972
598,636
598,690
598,700
598,743
598,761
598,780
598,784
598,879
598,884
598,893
598,895
598,900
598,908
598,934
598,937
598,992
599,667
599,685
599,701
599,740
599,741
599,756
599,787
599,790
599,802
599,815
599,837
599,856
599,862
599,880
599,898
599,905
599,966
599,976
599,992
599,995
600,606
600,619
600,623
600,668
600,733
600,789
600,912
600,946
601,609
601,619
601,621
601,623
601,638
601,643
601,697
601,699
601,721
601,727
601,730
601,754
601,760
601,777
601,924
601,931
601,946
601,956
601,959
601,968
601,972
601,990
601,999
602,628
602,636
602,637
602,639
602,669
602,740
602,750
602,753
602,808
602,815
602,833
602,935
602,960
602,964
602,991
603,615
603,637
603,639
603,678
603,695
603,743
603,751
603,791
603,803
603,815
603,872
603,892
603,991
603,992
603,995
604,616
604,632
604,634
604,729
604,749
604,751
604,766
604,788
604,810
604,812
604,813
604,818
604,832
604,858
604,877
604,881
604,913
604,914
604,924
604,929
604,953
604,956
604,962
604,967
605,720
605,728
605,780
605,789
605,793
605,805
605,818
605,821
605,825
605,831
605,868
605,919
605,962
605,999
606,618
606,621
606,628
606,640
606,649
606,672
606,674
606,686
606,701
606,722
606,737
606,744
606,745
606,772
606,778
606,781
606,820
606,828
606,830
606,858
606,887
606,902
606,930
606,931
606,949
606,951
606,952
606,954
606,980
606,994
607,638
607,652
607,665
607,675
607,683
607,697
607,721
607,760
607,782
607,828
607,858
607,865
607,887
607,904
607,907
607,921
607,940
607,959
607,977
607,999
608,641
608,714
608,725
608,742
608,770
608,779
608,830
608,861
608,865
608,866
608,867
608,877
608,902
608,907
608,944
608,958
608,975
608,985
608,990
608,996
609,618
609,628
609,630
609,643
609,647
609,658
609,663
609,674
609,682
609,687
609,698
609,727
609,742
609,797
609,829
609,865
609,873
609,905
609,922
609,936
609,952
609,965
609,972
609,987
609,997
610,701
610,702
610,707
610,738
610,746
610,756
610,767
610,796
610,799
610,859
610,918
610,948
611,661
611,679
611,681
611,688
611,715
611,724
611,736
611,756
611,777
611,786
611,788
611,796
611,812
611,853
611,875
611,876
611,910
611,933
611,954
611,977
612,621
612,674
612,722
612,755
612,797
612,857
612,871
612,877
612,952
613,629
613,638
613,652
613,677
613,686
613,699
613,723
613,778
613,810
613,816
613,838
613,841
613,862
613,905
613,923
613,931
613,933
613,941
613,956
613,959
613,978
613,990
613,999
614,620
614,630
614,664
614,754
614,817
614,834
614,912
614,923
614,939
614,947
614,954
614,963
614,980
615,699
615,721
615,722
615,730
615,737
615,760
615,785
615,803
615,829
615,847
615,859
615,913
615,931
615,949
615,951
615,959
615,975
616,665
616,698
616,707
616,721
616,730
616,946
616,951
616,956
616,974
616,994
617,659
617,669
617,735
617,750
617,753
617,784
617,796
617,808
617,809
617,815
617,905
617,935
617,962
617,965
617,991
618,621
618,623
618,640
618,658
618,674
618,675
618,697
618,701
618,724
618,760
618,787
618,817
618,838
618,855
618,887
618,924
618,949
618,954
618,994
618,997
619,676
619,697
619,699
619,745
619,746
619,755
619,789
619,797
619,828
619,832
619,841
619,864
619,877
619,924
619,939
619,949
619,998
620,623
620,640
620,647
620,666
620,668
620,680
620,697
620,701
620,723
620,724
620,744
620,763
620,764
620,777
620,787
620,798
620,821
620,834
620,887
620,898
620,902
620,923
620,939
620,942
620,947
620,949
620,954
620,957
620,963
620,968
620,980
620,999
621,623
621,640
621,642
621,665
621,680
621,701
621,722
621,730
621,763
621,813
621,887
621,902
621,917
621,922
621,931
621,949
621,956
622,657
622,663
622,670
622,688
622,694
622,705
622,708
622,798
622,802
622,871
622,896
622,898
622,899
622,903
622,940
622,978
623,646
623,653
623,668
623,763
623,777
623,787
623,794
623,851
623,887
623,889
623,902
623,912
623,917
623,923
623,947
623,963
623,980
623,987
624,627
624,666
624,692
624,704
624,712
624,739
624,746
624,785
624,795
624,804
624,823
624,824
624,827
624,841
624,847
624,864
624,899
624,907
624,921
624,926
624,930
624,954
624,984
625,632
625,651
625,692
625,824
625,840
625,936
625,984
626,696
626,697
626,718
626,728
626,765
626,786
626,815
626,871
626,885
626,894
626,898
626,909
626,911
626,988
627,649
627,666
627,727
627,730
627,754
627,792
627,829
627,907
627,921
627,984
628,630
628,668
628,674
628,680
628,697
628,699
628,701
628,744
628,745
628,755
628,777
628,789
628,797
628,877
628,927
628,949
628,994
629,642
629,730
629,749
629,817
629,841
629,854
629,927
629,941
629,961
630,649
630,658
630,665
630,672
630,675
630,680
630,682
630,699
630,704
630,725
630,773
630,829
630,850
630,873
630,902
630,922
630,949
630,954
630,958
630,997
631,669
631,688
631,694
631,855
631,872
631,898
631,904
632,651
632,670
632,739
632,746
632,770
632,781
632,784
632,785
632,840
632,861
632,896
632,925
632,948
632,958
632,984
633,635
633,679
633,726
633,756
633,758
633,787
633,806
633,813
633,819
633,822
633,833
633,850
633,851
633,859
633,886
633,906
633,909
633,918
633,935
633,982
633,998
634,644
634,729
634,775
634,805
634,892
634,905
634,920
635,637
635,669
635,679
635,717
635,729
635,756
635,757
635,822
635,909
635,918
635,920
635,948
635,950
635,992
636,650
636,690
636,709
636,719
636,745
636,759
636,762
636,768
636,773
636,790
636,845
636,884
636,893
636,903
636,934
636,953
636,955
636,978
636,987
637,640
637,659
637,662
637,663
637,688
637,753
637,773
637,774
637,796
637,800
637,801
637,814
637,822
637,852
637,872
637,898
637,904
637,905
637,934
637,976
637,978
638,686
638,732
638,760
638,827
638,941
638,944
638,968
639,664
639,669
639,735
639,747
639,751
639,775
639,799
639,803
639,862
639,918
639,991
639,997
640,649
640,668
640,675
640,697
640,721
640,722
640,749
640,777
640,784
640,816
640,828
640,838
640,882
640,887
640,889
640,917
640,941
640,954
640,963
640,980
641,698
641,703
641,724
641,840
641,865
641,866
641,867
641,873
641,885
641,902
641,941
641,946
641,956
641,990
642,652
642,686
642,730
642,841
642,941
643,647
643,659
643,671
643,683
643,698
643,700
643,719
643,724
643,725
643,727
643,739
643,780
643,829
643,873
643,889
643,942
643,965
643,974
643,983
643,997
644,669
644,685
644,704
644,708
644,726
644,793
644,805
644,811
644,818
644,825
644,832
644,839
644,843
644,849
644,874
644,892
644,905
644,913
644,931
644,943
644,950
644,962
644,963
644,990
645,781
645,845
645,866
645,896
645,907
645,908
645,986
645,989
646,701
646,732
646,744
646,836
646,917
646,993
647,733
647,797
647,804
647,829
647,846
647,849
647,873
647,922
647,926
647,974
647,997
648,656
648,669
648,685
648,695
648,711
648,734
648,740
648,783
648,784
648,802
648,814
648,816
648,851
648,854
648,880
648,895
648,919
648,933
648,966
649,665
649,668
649,675
649,678
649,686
649,687
649,720
649,724
649,730
649,760
649,772
649,825
649,836
649,857
649,866
649,887
649,913
649,956
649,981
649,994
650,656
650,667
650,719
650,762
650,784
650,837
650,880
650,884
650,896
650,938
650,965
650,966
650,968
650,979
651,683
651,692
651,698
651,712
651,715
651,739
651,754
651,768
651,785
651,824
651,846
651,861
651,893
651,905
651,921
651,925
651,984
652,676
652,693
652,701
652,707
652,728
652,746
652,772
652,777
652,793
652,834
652,938
652,948
652,981
652,998
653,660
653,686
653,763
653,787
653,816
653,817
653,820
653,821
653,836
653,838
653,924
653,938
653,956
653,961
653,981
653,993
654,664
654,680
654,707
654,721
654,789
654,826
654,829
654,877
654,963
654,999
655,749
655,752
655,916
656,663
656,694
656,700
656,762
656,811
656,852
656,903
656,909
656,919
656,949
656,978
657,659
657,663
657,667
657,670
657,688
657,694
657,706
657,711
657,716
657,739
657,765
657,790
657,794
657,809
657,823
657,835
657,846
657,855
657,872
657,898
657,899
657,903
657,962
657,978
657,991
658,672
658,682
658,725
658,778
658,797
658,804
658,860
658,881
658,883
658,902
658,922
658,942
658,958
658,963
658,972
658,982
658,999
659,685
659,719
659,729
659,753
659,794
659,815
659,851
659,860
659,872
659,884
659,888
659,914
659,928
659,943
659,964
659,979
659,987
659,991
659,992
660,672
660,687
660,710
660,820
660,916
660,924
660,981
661,681
661,751
661,756
661,796
661,850
661,876
661,910
661,928
661,977
662,759
662,771
662,814
662,846
662,891
662,911
662,936
663,670
663,688
663,694
663,711
663,716
663,759
663,771
663,794
663,803
663,815
663,852
663,872
663,898
663,899
663,903
663,909
663,940
663,948
664,674
664,816
664,828
664,877
664,954
664,963
665,668
665,675
665,680
665,697
665,721
665,730
665,768
665,778
665,779
665,782
665,790
665,811
665,813
665,825
665,837
665,838
665,840
665,847
665,848
665,855
665,860
665,866
665,890
665,893
665,931
665,946
665,949
665,956
665,964
665,990
665,999
666,698
666,706
666,727
666,733
666,742
666,746
666,779
666,829
666,865
666,873
666,926
666,944
667,719
667,734
667,736
667,801
667,802
667,852
667,862
667,943
667,976
667,987
667,991
668,676
668,708
668,777
668,922
668,923
668,931
668,959
668,963
669,734
669,735
669,808
669,812
669,815
669,877
669,882
669,904
669,915
669,943
669,976
670,694
670,695
670,711
670,749
670,795
670,815
670,829
670,837
670,849
670,872
670,891
670,898
670,903
670,919
670,940
670,960
670,978
670,984
671,698
671,703
671,733
671,873
671,879
671,937
671,944
671,974
671,975
671,996
672,682
672,687
672,723
672,725
672,755
672,779
672,780
673,729
673,746
673,752
673,756
673,765
673,786
673,875
673,915
673,988
674,701
674,727
674,737
674,744
674,745
674,749
674,755
674,763
674,789
674,797
674,828
674,865
674,887
674,897
674,924
674,952
674,955
675,697
675,730
675,732
675,816
675,823
675,838
675,941
675,942
675,954
675,963
675,999
676,707
676,710
676,728
676,772
676,786
676,805
676,851
676,885
676,932
676,988
677,692
677,704
677,778
677,811
677,825
677,836
677,841
677,847
677,857
677,866
677,922
677,931
677,946
677,956
677,962
677,999
678,689
678,708
678,713
678,719
678,758
678,780
678,784
678,805
678,847
678,879
678,882
678,896
678,903
678,905
678,945
678,979
678,990
679,718
679,728
679,766
679,769
679,783
679,822
679,844
679,881
679,948
679,950
679,962
679,971
680,699
680,722
680,732
680,733
680,745
680,797
680,902
680,958
681,721
681,726
681,756
681,796
681,875
681,876
681,933
681,977
682,782
682,813
682,829
682,873
682,877
682,882
682,887
682,905
682,921
682,922
682,951
682,994
682,997
683,689
683,698
683,703
683,704
683,714
683,725
683,779
683,780
683,791
683,804
683,822
683,848
683,867
683,879
683,922
683,925
683,945
683,974
683,975
683,995
683,996
683,997
684,702
684,756
684,806
684,810
684,883
684,909
684,913
684,915
684,982
685,849
685,851
685,860
685,901
685,903
686,700
686,701
686,710
686,724
686,730
686,810
686,816
686,825
686,827
686,836
686,845
686,858
686,860
686,872
686,939
686,941
686,963
687,697
687,701
687,775
687,902
687,946
687,949
688,799
688,800
688,814
688,835
688,855
688,872
688,904
689,700
689,718
689,719
689,768
689,778
689,780
689,790
689,809
689,845
689,847
689,864
689,874
689,882
689,929
689,945
689,959
689,999
690,719
690,736
690,743
690,762
690,768
690,823
690,859
690,893
691,717
691,729
691,734
691,750
691,751
691,831
691,841
691,850
691,915
691,918
691,941
691,950
692,719
692,739
692,746
692,768
692,781
692,785
692,795
692,824
692,838
692,840
692,856
692,861
692,865
692,893
692,908
692,925
692,930
692,936
692,983
693,723
693,728
693,738
693,772
693,840
693,897
693,946
693,957
694,711
694,751
694,753
694,940
694,963
695,717
695,776
695,791
695,892
695,904
695,914
695,932
695,960
695,966
696,707
696,709
696,718
696,745
696,756
696,774
696,799
696,810
696,813
696,819
696,822
696,831
696,850
696,883
696,915
696,935
696,981
696,982
697,698
697,722
697,744
697,754
697,760
697,777
697,799
697,804
697,816
697,854
697,887
697,931
697,939
697,949
697,951
697,954
698,724
698,727
698,742
698,827
698,829
698,840
698,872
698,873
698,921
698,968
698,972
699,708
699,725
699,737
699,745
699,754
699,797
699,838
699,877
699,899
699,906
699,922
699,931
699,949
699,959
700,719
700,736
700,747
700,762
700,794
700,809
700,843
700,884
700,893
700,895
700,915
700,934
701,746
701,755
701,828
701,877
701,902
701,910
701,951
701,952
701,958
701,961
701,980
701,994
702,738
702,767
702,786
702,796
702,798
702,799
702,813
702,850
702,871
702,890
702,897
702,909
702,915
702,988
703,714
703,724
703,754
703,759
703,779
703,780
703,812
703,848
703,865
703,926
703,931
703,943
703,944
703,949
703,974
703,996
703,997
704,708
704,766
704,767
704,776
704,778
704,790
704,805
704,809
704,812
704,823
704,825
704,838
704,856
704,874
704,882
704,902
704,919
704,987
704,991
704,997
705,710
705,716
705,728
705,765
705,871
705,890
705,933
706,746
706,779
706,792
706,854
706,907
706,921
706,926
706,983
707,728
707,757
707,772
707,826
707,847
707,878
707,909
707,927
707,928
707,938
707,942
707,977
707,993
708,709
708,741
708,750
708,775
708,776
708,784
708,790
708,812
708,861
708,925
708,928
708,956
708,979
709,740
709,741
709,790
709,812
709,822
709,825
709,851
709,913
710,714
710,728
710,729
710,763
710,764
710,793
710,871
710,878
710,910
710,932
710,998
711,773
711,855
711,866
711,882
711,898
711,899
711,919
711,922
711,940
711,951
711,978
711,988
712,726
712,736
712,764
712,781
712,782
712,937
712,940
712,984
713,733
713,768
713,780
713,784
713,847
713,929
713,974
714,721
714,730
714,737
714,779
714,829
714,879
714,944
714,949
714,953
714,962
714,985
714,996
714,997
715,750
715,757
715,766
715,783
715,798
715,819
715,832
715,850
715,886
715,924
715,927
715,928
715,935
715,950
715,953
715,955
715,982
715,988
716,773
716,845
716,846
716,847
716,851
716,891
716,896
716,903
716,908
717,729
717,738
717,743
717,751
717,774
717,790
717,794
717,822
717,829
717,843
717,881
717,888
717,918
717,944
718,774
718,786
718,813
718,832
718,871
718,882
718,909
719,736
719,758
719,762
719,768
719,770
719,784
719,790
719,791
719,794
719,835
719,838
719,847
719,853
719,884
719,891
719,895
719,913
719,964
719,979
719,987
720,752
720,759
720,783
720,796
720,805
720,842
720,865
720,879
720,884
720,976
721,758
721,811
721,860
721,949
721,959
721,968
721,994
722,744
722,760
722,829
722,881
722,887
722,923
722,951
722,994
723,732
723,754
723,764
723,765
723,785
723,787
723,825
723,836
723,921
723,924
723,938
723,994
724,730
724,742
724,804
724,822
724,826
724,829
724,860
724,865
724,919
724,935
724,964
724,969
724,972
724,975
724,985
724,996
725,731
725,797
725,804
725,819
725,871
725,887
725,902
725,912
725,931
725,949
725,951
725,958
725,997
726,731
726,738
726,750
726,783
726,799
726,808
726,813
726,815
726,818
726,819
726,822
726,831
726,833
726,838
726,885
726,886
726,906
726,909
726,910
726,970
727,731
727,746
727,792
727,795
727,824
727,858
727,921
727,922
727,931
727,937
727,945
727,954
727,984
727,997
728,739
728,772
728,787
728,822
728,829
728,834
728,854
728,894
728,938
728,981
728,998
729,735
729,740
729,743
729,747
729,766
729,800
729,817
729,868
729,872
729,881
729,899
729,913
729,918
729,928
729,943
729,955
729,971
729,973
729,982
729,991
729,995
730,732
730,770
730,778
730,811
730,814
730,877
730,912
730,941
730,956
731,748
731,754
731,839
731,856
731,887
731,890
731,915
731,922
731,961
731,963
732,744
732,757
732,760
732,763
732,764
732,772
732,774
732,843
732,857
732,887
732,931
732,947
732,951
732,954
732,963
732,999
733,873
733,983
733,997
734,750
734,808
734,815
734,903
734,976
734,992
735,741
735,757
735,775
735,788
735,803
735,805
735,808
735,809
735,818
735,856
735,888
735,905
735,962
735,971
735,992
736,823
736,837
736,873
736,880
736,884
736,891
736,953
737,887
737,902
737,931
737,949
737,951
737,989
737,994
738,767
738,790
738,796
738,798
738,801
738,802
738,806
738,818
738,850
738,870
738,875
738,876
738,878
738,881
738,897
738,909
738,943
738,999
739,770
739,781
739,785
739,792
739,824
739,834
739,840
739,857
739,861
739,865
739,907
739,930
739,936
739,937
739,953
739,965
739,984
739,989
740,743
740,747
740,750
740,753
740,766
740,822
740,847
740,871
740,880
740,914
740,920
740,970
740,995
741,743
741,788
741,790
741,794
741,815
741,913
741,962
741,963
741,979
742,779
742,795
742,811
742,828
742,829
742,926
742,949
742,975
742,996
743,747
743,753
743,766
743,788
743,791
743,799
743,809
743,815
743,825
743,833
743,859
743,872
743,881
743,914
743,973
743,991
744,777
744,887
744,912
744,954
744,974
744,994
745,753
745,755
745,763
745,783
745,797
745,902
745,931
745,934
745,943
745,949
745,963
745,980
746,781
746,804
746,825
746,864
746,921
746,926
746,936
746,937
746,965
746,986
747,750
747,766
747,799
747,805
747,809
747,822
747,823
747,831
747,844
747,845
747,886
747,892
747,920
747,928
747,950
747,955
747,962
747,971
747,987
747,991
748,757
748,838
748,842
748,849
748,872
748,915
748,927
749,832
749,858
749,866
749,890
749,901
749,927
749,982
750,751
750,753
750,798
750,803
750,808
750,815
750,852
750,882
750,892
750,905
750,913
750,948
750,963
750,991
750,992
751,803
751,856
751,862
751,975
752,756
752,758
752,796
752,853
752,886
752,897
752,910
752,988
753,759
753,786
753,788
753,794
753,802
753,808
753,809
753,812
753,815
753,818
753,822
753,838
753,847
753,854
753,883
753,905
753,913
753,919
753,928
753,960
753,964
753,987
754,764
754,766
754,770
754,772
754,787
754,799
754,805
754,816
754,828
754,836
754,916
754,936
754,942
754,955
754,957
754,986
755,828
755,842
755,873
755,922
755,937
755,999
756,762
756,769
756,786
756,796
756,798
756,813
756,850
756,875
756,876
756,910
756,915
756,933
756,977
757,772
757,783
757,791
757,810
757,884
757,982
758,759
758,770
758,780
758,822
758,827
758,832
758,848
758,866
758,879
758,880
758,929
758,943
758,945
758,956
758,965
759,768
759,771
759,814
759,823
759,845
759,846
759,880
759,898
759,904
759,911
759,913
759,923
759,974
759,994
760,782
760,784
760,825
760,827
760,834
760,905
760,906
760,939
760,946
760,949
760,959
760,968
760,994
761,780
761,822
761,842
761,895
761,934
761,937
761,953
761,966
761,997
762,784
762,802
762,824
762,880
762,884
762,929
762,977
763,787
763,789
763,805
763,816
763,820
763,826
763,889
763,922
763,942
763,949
763,952
763,954
763,961
763,993
764,836
764,868
764,912
764,916
764,924
764,980
765,796
765,798
765,817
765,853
765,954
765,988
766,769
766,788
766,822
766,838
766,898
766,927
766,928
766,943
766,950
767,772
767,796
767,813
767,824
767,850
767,863
767,876
767,905
767,909
767,915
767,918
767,948
767,988
768,791
768,823
768,845
768,847
768,863
768,890
768,893
768,895
768,896
768,900
768,908
768,953
768,964
768,982
768,983
768,986
768,987
769,844
769,881
769,901
769,920
769,928
769,955
770,781
770,785
770,795
770,809
770,827
770,839
770,844
770,847
770,861
770,864
770,895
770,926
770,937
770,953
770,983
771,776
771,823
771,880
771,911
771,934
772,787
772,813
772,814
772,841
772,889
772,902
772,933
772,942
772,947
772,981
772,994
772,998
773,796
773,838
773,846
773,884
773,891
773,903
773,911
773,914
773,929
774,805
774,808
774,822
774,859
774,883
774,918
775,842
775,843
775,856
775,860
775,867
775,905
775,906
775,927
775,955
775,971
775,997
776,790
776,812
776,962
777,816
777,825
777,826
777,889
777,896
777,912
777,923
777,939
777,947
777,963
778,788
778,812
778,825
778,836
778,844
778,878
778,890
778,913
778,930
778,946
778,991
779,828
779,829
779,830
779,879
779,894
779,926
779,958
779,969
779,989
780,890
780,919
780,921
780,929
780,934
780,945
780,997
781,784
781,785
781,823
781,824
781,845
781,850
781,861
781,870
781,879
781,887
781,888
781,893
781,896
781,900
781,908
781,925
781,929
781,934
781,937
781,964
781,983
781,986
781,989
782,811
782,848
782,860
782,941
782,946
782,959
782,992
782,997
783,822
783,844
783,935
783,991
784,794
784,803
784,812
784,815
784,823
784,838
784,845
784,846
784,848
784,859
784,861
784,880
784,882
784,884
784,892
784,919
784,925
784,934
784,953
784,964
784,974
784,978
784,986
784,987
785,809
785,840
785,861
785,896
785,965
785,966
785,983
786,796
786,853
786,858
786,871
786,881
786,885
786,895
786,910
786,915
786,927
786,933
786,977
786,988
787,816
787,826
787,834
787,857
787,860
787,917
787,924
787,959
787,963
787,993
787,997
788,824
788,849
788,856
788,857
788,858
788,905
788,906
788,962
788,964
789,875
789,963
789,980
790,794
790,812
790,838
790,842
790,851
790,861
790,882
790,893
790,913
790,919
790,920
790,943
790,962
790,977
790,979
790,985
790,988
791,803
791,806
791,858
791,892
791,914
792,830
792,907
792,921
793,817
793,871
793,923
793,967
793,981
794,802
794,813
794,822
794,846
794,851
794,903
794,904
794,908
794,919
794,929
794,964
794,966
794,987
795,824
795,840
795,882
795,884
795,916
795,930
795,935
795,936
795,965
795,982
796,806
796,853
796,863
796,871
796,875
796,876
796,915
796,933
796,970
796,977
796,982
797,887
797,902
797,931
797,949
797,958
797,968
798,804
798,813
798,833
798,854
798,859
798,885
798,909
798,915
798,998
799,849
799,858
799,859
799,863
799,888
799,914
799,918
799,942
799,948
799,970
799,990
800,814
800,852
800,872
800,898
800,904
800,928
801,814
801,819
801,904
801,914
801,928
801,977
802,814
802,815
802,837
802,862
802,891
802,919
802,940
802,949
802,954
802,961
803,862
803,869
803,992
803,993
804,829
804,896
804,926
804,984
805,838
805,868
805,909
805,910
805,928
805,947
805,961
805,963
805,982
805,989
806,833
806,850
806,914
806,933
806,970
806,971
807,848
807,880
807,961
807,975
807,992
808,809
808,815
808,818
808,893
808,905
808,960
808,991
809,815
809,818
809,831
809,849
809,874
809,878
809,892
809,943
809,962
809,976
809,988
809,992
810,878
810,948
810,982
811,860
811,870
811,959
812,851
812,861
812,874
812,882
812,891
812,893
812,943
812,961
812,987
813,833
813,850
813,897
813,906
813,909
813,915
813,956
813,982
813,988
813,998
814,852
814,878
814,890
814,904
814,911
814,997
815,837
815,851
815,862
815,913
815,919
815,960
815,976
816,817
816,826
816,834
816,858
816,864
816,902
816,924
816,938
816,942
816,957
816,963
817,820
817,826
817,833
817,868
817,912
817,924
817,930
817,932
817,938
817,942
817,998
818,856
818,859
818,945
819,822
819,831
819,833
819,859
819,863
819,886
819,888
820,826
820,834
820,889
821,868
821,882
821,916
821,938
821,957
822,831
822,844
822,858
822,881
822,882
822,886
822,904
822,906
822,914
822,948
822,949
822,950
822,977
823,845
823,880
823,893
823,903
823,905
823,911
823,929
823,945
823,953
823,966
823,983
823,986
824,840
824,864
824,870
824,896
824,907
824,921
824,930
824,965
824,974
825,831
825,832
825,838
825,847
825,861
825,866
825,890
825,901
825,946
825,947
825,956
825,987
826,834
826,858
826,889
826,923
826,942
826,947
826,993
827,848
827,867
827,879
827,930
827,975
827,984
827,985
828,902
828,968
829,830
829,879
829,922
829,996
829,997
830,919
830,978
831,844
831,878
831,885
831,889
831,906
831,920
832,858
832,889
832,890
832,905
832,913
832,927
832,928
832,955
832,967
832,973
832,974
833,850
833,853
833,858
833,863
833,881
833,886
833,888
833,902
833,909
833,935
833,948
833,967
833,970
833,988
834,877
834,889
834,896
834,923
834,924
834,942
834,947
834,979
835,849
835,852
835,891
835,898
835,940
836,857
836,917
836,954
836,999
837,847
837,850
837,880
837,903
837,919
837,976
837,992
838,841
838,847
838,853
838,854
838,858
838,860
838,872
838,901
838,904
838,927
838,928
838,949
838,950
838,956
838,961
838,998
839,854
839,881
839,890
839,901
840,936
840,984
841,854
841,904
841,905
841,923
841,927
841,940
841,990
842,856
842,877
842,931
842,961
842,967
842,973
842,988
843,874
843,913
843,922
843,943
843,961
843,988
844,881
844,906
844,920
844,971
845,880
845,896
845,900
845,903
845,908
845,926
845,929
845,934
845,953
846,852
846,874
846,891
846,903
846,915
846,919
847,856
847,866
847,882
847,895
847,919
847,924
847,942
847,956
847,959
847,961
847,963
847,964
847,974
847,997
848,879
848,893
848,926
848,944
848,975
848,990
849,856
849,858
849,882
849,976
849,992
850,853
850,854
850,876
850,897
850,906
850,909
850,915
850,948
850,970
850,988
851,862
851,929
851,933
852,855
852,872
852,899
852,971
852,976
852,978
853,883
853,897
853,988
854,890
854,901
854,916
854,949
854,994
855,872
855,898
855,911
855,940
855,964
855,976
855,978
856,871
856,888
856,920
856,955
856,962
857,866
857,868
857,889
857,905
857,942
857,947
857,999
858,860
858,872
858,882
858,886
858,890
858,892
858,905
858,913
858,918
858,928
858,934
858,948
858,950
858,961
858,967
858,971
858,984
858,988
859,863
859,876
859,888
859,914
859,948
859,970
860,867
860,896
860,902
860,990
861,893
861,902
861,926
861,930
861,936
861,972
861,984
861,989
862,869
862,872
862,899
862,903
862,918
862,936
862,976
862,991
863,888
863,914
863,918
863,948
863,970
864,865
864,879
864,930
864,936
864,984
865,879
865,907
865,920
865,921
865,936
865,944
865,947
865,949
865,974
865,997
866,946
866,956
866,961
867,990
868,870
868,912
868,938
868,943
868,957
868,981
868,982
868,988
869,872
869,891
869,940
870,882
870,930
870,964
870,965
870,966
870,997
871,910
871,933
871,977
872,898
872,899
872,913
872,950
872,974
873,949
873,955
873,958
873,997
874,964
874,967
875,876
875,897
875,977
876,885
876,897
876,910
876,977
876,988
877,906
877,939
877,949
877,963
878,906
878,919
878,957
878,963
878,982
879,913
879,931
879,952
879,974
879,975
879,996
880,893
880,896
880,897
880,898
880,911
880,953
880,983
881,888
881,898
881,918
881,920
881,927
881,928
881,947
881,962
881,993
882,896
882,904
882,928
882,929
882,949
882,962
882,964
882,974
882,975
882,987
883,915
883,988
884,895
884,900
884,943
884,944
884,946
884,964
884,979
885,915
885,932
885,943
885,949
885,961
885,988
885,998
886,888
886,906
886,918
887,903
887,922
887,923
887,931
887,949
887,951
887,975
887,994
888,906
888,909
888,914
888,935
888,948
888,960
888,970
888,973
889,906
889,923
889,942
889,951
889,993
890,905
890,938
891,893
891,940
891,966
891,976
891,978
892,904
892,918
892,956
892,991
892,995
893,896
893,900
893,953
893,986
893,987
893,989
893,996
894,981
895,900
895,902
895,913
895,954
896,900
896,908
896,937
896,945
896,983
896,986
897,948
897,988
898,899
898,903
898,929
898,940
898,944
898,978
898,995
899,931
899,940
899,998
900,908
900,964
900,988
901,961
902,922
902,926
902,931
902,949
902,958
903,919
903,966
904,914
904,919
904,928
904,948
904,960
904,995
905,926
905,962
905,987
906,918
906,950
907,921
907,926
907,962
908,986
908,989
909,914
909,949
909,950
909,988
910,960
910,977
911,929
912,939
912,961
912,963
913,924
913,928
913,943
913,962
914,918
914,948
914,970
914,988
914,995
915,955
915,977
915,988
915,998
916,919
916,923
916,938
916,942
918,948
918,962
918,974
918,995
919,962
919,971
919,976
919,991
919,993
920,955
920,971
920,973
921,926
921,965
922,930
922,931
922,949
922,958
922,974
922,978
922,990
922,997
923,963
924,927
925,983
925,989
925,999
926,929
926,944
926,975
926,984
926,996
927,928
927,949
927,957
927,987
928,967
928,971
928,985
929,953
929,964
930,936
930,965
930,969
930,984
931,949
931,968
931,969
931,994
931,997
931,999
932,982
932,998
933,977
934,965
935,948
935,988
936,947
936,983
936,996
937,988
937,989
939,947
939,963
939,980
940,978
940,992
941,946
941,954
942,947
943,949
943,953
943,962
943,965
944,990
946,994
947,963
947,993
948,961
948,970
949,951
949,954
949,959
949,961
949,962
949,963
949,994
950,955
950,958
951,967
951,994
951,997
953,964
954,963
954,993
954,999
955,967
955,971
955,976
956,976
956,988
956,999
958,980
959,968
960,976
960,992
962,993
964,979
964,987
966,978
966,987
968,983
969,972
974,990
975,985
975,989
975,996
976,991
976,992
978,986
979,987
979,999
983,989
986,989
994,999
996,997
996,999
997,999
