source,target
0,21
0,30
0,52
0,53
0,57
0,76
0,83
0,94
0,96
0,129
0,164
0,188
0,201
0,222
0,232
0,252
0,271
0,292
0,293
0,299
0,307
0,339
0,372
0,388
0,389
0,407
0,421
0,436
0,459
0,494
0,499
0,502
0,512
0,549
0,550
0,619
0,654
0,692
0,717
0,735
0,784
0,795
0,818
0,892
1,3
1,31
1,52
1,80
1,95
1,188
1,219
1,259
1,266
1,287
1,297
1,316
1,391
1,498
1,518
1,541
1,548
1,568
1,706
1,734
1,742
1,809
1,813
1,855
1,894
1,912
1,926
1,927
1,964
1,974
2,46
2,54
2,76
2,86
2,177
2,188
2,228
2,233
2,254
2,337
2,381
2,394
2,415
2,461
2,470
2,472
2,475
2,491
2,559
2,566
2,574
2,602
2,640
2,668
2,678
2,696
2,698
2,828
2,880
2,907
2,917
2,966
2,990
3,66
3,195
3,215
3,237
3,261
3,275
3,296
3,315
3,344
3,437
3,450
3,451
3,469
3,497
3,507
3,520
3,561
3,568
3,578
3,592
3,633
3,634
3,752
3,756
3,760
3,804
3,809
3,833
3,956
4,10
4,34
4,51
4,54
4,75
4,83
4,95
4,102
4,106
4,108
4,136
4,162
4,201
4,205
4,218
4,277
4,278
4,286
4,292
4,308
4,312
4,318
4,367
4,382
4,403
4,422
4,427
4,439
4,496
4,502
4,512
4,539
4,548
4,569
4,606
4,612
4,613
4,626
4,677
4,695
4,767
4,803
4,834
4,844
4,849
4,862
4,868
4,878
4,883
4,898
4,900
4,910
4,943
4,953
4,958
5,11
5,12
5,27
5,63
5,72
5,73
5,89
5,117
5,121
5,132
5,179
5,189
5,199
5,264
5,337
5,395
5,411
5,441
5,475
5,500
5,519
5,531
5,543
5,544
5,572
5,582
5,589
5,620
5,640
5,648
5,678
5,698
5,702
5,703
5,742
5,817
5,907
5,916
5,917
5,918
5,948
5,975
5,991
5,994
6,60
6,62
6,120
6,129
6,138
6,141
6,181
6,202
6,208
6,213
6,254
6,260
6,278
6,309
6,316
6,322
6,344
6,396
6,410
6,419
6,433
6,484
6,489
6,492
6,505
6,587
6,597
6,605
6,628
6,642
6,650
6,675
6,689
6,705
6,709
6,723
6,733
6,740
6,746
6,788
6,790
6,793
6,798
6,814
6,840
6,842
6,854
6,876
6,919
6,928
6,936
6,942
6,978
6,982
6,992
7,32
7,39
7,64
7,66
7,85
7,122
7,140
7,167
7,181
7,206
7,235
7,291
7,293
7,360
7,429
7,458
7,477
7,482
7,493
7,534
7,567
7,627
7,664
7,697
7,719
7,729
7,740
7,742
7,771
7,790
7,798
7,808
7,819
7,851
7,883
7,887
7,921
7,926
7,937
7,971
7,981
8,15
8,45
8,56
8,128
8,195
8,198
8,255
8,258
8,265
8,266
8,291
8,294
8,298
8,304
8,315
8,332
8,350
8,367
8,375
8,439
8,491
8,493
8,500
8,525
8,545
8,561
8,605
8,673
8,688
8,697
8,703
8,733
8,751
8,760
8,772
8,780
8,811
8,823
8,833
8,869
8,874
8,876
8,882
8,891
8,930
8,951
8,957
8,963
9,11
9,17
9,32
9,36
9,43
9,51
9,60
9,104
9,150
9,151
9,167
9,172
9,192
9,209
9,231
9,256
9,291
9,320
9,324
9,344
9,360
9,400
9,401
9,414
9,421
9,492
9,507
9,536
9,560
9,564
9,603
9,637
9,649
9,650
9,655
9,658
9,684
9,700
9,710
9,741
9,746
9,761
9,794
9,808
9,816
9,824
9,842
9,877
9,883
9,895
9,919
9,921
9,939
9,949
9,968
9,978
9,982
9,992
10,18
10,33
10,41
10,69
10,119
10,131
10,157
10,162
10,180
10,181
10,218
10,245
10,278
10,281
10,289
10,294
10,305
10,318
10,402
10,404
10,417
10,422
10,432
10,443
10,444
10,449
10,453
10,476
10,483
10,500
10,540
10,568
10,606
10,613
10,625
10,631
10,647
10,661
10,688
10,689
10,693
10,694
10,695
10,708
10,721
10,731
10,738
10,744
10,751
10,759
10,765
10,769
10,772
10,784
10,794
10,823
10,883
10,885
10,908
10,913
10,924
10,930
10,933
10,940
10,950
10,953
10,955
10,959
10,963
10,976
11,42
11,62
11,64
11,112
11,134
11,138
11,141
11,148
11,173
11,181
11,185
11,196
11,256
11,275
11,283
11,294
11,311
11,337
11,338
11,351
11,355
11,359
11,489
11,492
11,534
11,536
11,555
11,569
11,587
11,593
11,603
11,605
11,615
11,710
11,723
11,725
11,747
11,752
11,754
11,771
11,790
11,793
11,807
11,854
11,876
11,883
11,899
11,928
11,939
11,946
11,969
11,992
12,18
12,40
12,63
12,73
12,81
12,105
12,108
12,110
12,114
12,145
12,158
12,172
12,173
12,199
12,207
12,249
12,264
12,301
12,314
12,319
12,386
12,408
12,411
12,461
12,464
12,474
12,499
12,521
12,543
12,544
12,557
12,568
12,577
12,589
12,592
12,595
12,601
12,617
12,646
12,663
12,678
12,702
12,759
12,802
12,804
12,819
12,877
12,923
12,956
12,975
12,990
12,996
13,55
13,126
13,127
13,212
13,278
13,327
13,345
13,349
13,435
13,446
13,482
13,501
13,507
13,557
13,568
13,632
13,634
13,685
13,695
13,741
13,821
13,903
13,914
13,958
14,54
14,67
14,75
14,77
14,83
14,89
14,121
14,129
14,132
14,156
14,163
14,174
14,191
14,215
14,222
14,252
14,262
14,274
14,275
14,285
14,286
14,292
14,300
14,369
14,381
14,388
14,389
14,397
14,422
14,436
14,502
14,509
14,512
14,529
14,554
14,563
14,616
14,666
14,679
14,695
14,730
14,735
14,755
14,761
14,785
14,795
14,849
14,874
14,875
14,892
14,900
14,906
14,919
14,954
14,994
15,47
15,128
15,135
15,137
15,154
15,181
15,279
15,294
15,306
15,321
15,360
15,368
15,404
15,419
15,438
15,444
15,457
15,469
15,518
15,534
15,539
15,573
15,578
15,585
15,590
15,620
15,627
15,652
15,682
15,684
15,686
15,704
15,746
15,749
15,783
15,790
15,792
15,859
15,866
15,883
15,887
15,912
15,919
15,961
15,978
15,997
16,60
16,66
16,200
16,247
16,256
16,306
16,316
16,360
16,425
16,506
16,513
16,605
16,615
16,631
16,642
16,727
16,740
16,982
17,41
17,64
17,66
17,85
17,119
17,148
17,150
17,186
17,192
17,209
17,239
17,247
17,276
17,309
17,318
17,320
17,322
17,329
17,360
17,402
17,414
17,419
17,432
17,448
17,488
17,493
17,506
17,522
17,530
17,555
17,559
17,567
17,586
17,700
17,710
17,714
17,726
17,729
17,732
17,761
17,798
17,806
17,808
17,814
17,816
17,850
17,853
17,857
17,879
17,885
17,955
17,983
18,31
18,43
18,90
18,107
18,118
18,180
18,191
18,225
18,236
18,240
18,248
18,250
18,255
18,262
18,272
18,280
18,295
18,347
18,364
18,423
18,437
18,483
18,494
18,514
18,538
18,571
18,579
18,620
18,635
18,656
18,671
18,695
18,711
18,715
18,755
18,773
18,802
18,803
18,812
18,852
18,869
18,886
18,899
18,963
18,965
18,967
18,968
18,988
18,993
19,76
19,109
19,116
19,128
19,172
19,246
19,268
19,343
19,352
19,368
19,384
19,415
19,457
19,474
19,529
19,534
19,543
19,549
19,566
19,640
19,673
19,678
19,696
19,707
19,723
19,776
19,825
19,831
19,883
19,901
19,912
19,969
19,975
20,90
20,118
20,232
20,250
20,269
20,348
20,403
20,409
20,447
20,450
20,480
20,494
20,556
20,558
20,571
20,656
20,657
20,671
20,774
20,778
20,791
20,812
20,841
20,852
20,967
21,55
21,65
21,91
21,121
21,212
21,238
21,260
21,282
21,295
21,330
21,347
21,361
21,366
21,384
21,396
21,412
21,442
21,446
21,482
21,502
21,508
21,512
21,546
21,547
21,557
21,607
21,658
21,676
21,679
21,680
21,699
21,768
21,848
21,863
21,875
21,903
21,951
21,977
21,983
22,102
22,106
22,137
22,147
22,168
22,178
22,203
22,210
22,304
22,347
22,369
22,383
22,392
22,399
22,437
22,445
22,460
22,477
22,548
22,623
22,635
22,645
22,690
22,719
22,778
22,794
22,812
22,893
22,913
22,924
22,933
22,947
22,998
23,51
23,57
23,87
23,94
23,99
23,113
23,133
23,134
23,135
23,162
23,164
23,169
23,192
23,206
23,227
23,238
23,257
23,260
23,264
23,278
23,293
23,308
23,331
23,333
23,346
23,347
23,360
23,370
23,385
23,386
23,396
23,398
23,418
23,426
23,443
23,446
23,486
23,488
23,492
23,513
23,526
23,546
23,556
23,569
23,570
23,612
23,619
23,629
23,644
23,657
23,687
23,692
23,693
23,701
23,716
23,729
23,741
23,758
23,775
23,803
23,817
23,819
23,832
23,836
23,847
23,870
23,873
23,874
23,875
23,879
23,908
23,909
23,922
23,928
23,948
23,970
23,973
23,977
23,978
24,33
24,53
24,54
24,56
24,63
24,98
24,104
24,117
24,172
24,182
24,188
24,195
24,198
24,215
24,221
24,245
24,266
24,269
24,297
24,327
24,328
24,334
24,395
24,409
24,427
24,441
24,451
24,457
24,491
24,496
24,529
24,578
24,579
24,582
24,603
24,619
24,659
24,674
24,677
24,694
24,697
24,706
24,721
24,731
24,733
24,734
24,750
24,772
24,782
24,802
24,807
24,809
24,837
24,878
24,894
24,917
24,932
24,954
24,956
24,959
24,976
24,981
24,984
25,44
25,62
25,68
25,78
25,138
25,276
25,311
25,338
25,452
25,551
25,574
25,600
25,603
25,613
25,653
25,655
25,684
25,705
25,746
25,757
25,763
25,816
25,897
25,926
25,931
25,992
26,37
26,45
26,115
26,137
26,172
26,189
26,198
26,306
26,578
26,581
26,708
26,750
26,752
26,760
26,771
26,811
26,833
26,918
26,987
27,61
27,107
27,110
27,173
27,177
27,179
27,185
27,199
27,403
27,461
27,536
27,574
27,578
27,595
27,668
27,678
27,702
27,718
27,752
27,777
27,796
27,888
27,912
27,918
27,984
28,61
28,72
28,87
28,102
28,142
28,161
28,240
28,243
28,289
28,332
28,336
28,357
28,361
28,386
28,391
28,392
28,408
28,409
28,479
28,498
28,518
28,528
28,537
28,545
28,568
28,617
28,659
28,711
28,715
28,718
28,750
28,777
28,782
28,850
28,870
28,872
28,875
28,891
28,898
28,907
28,918
28,923
28,929
28,938
28,965
28,990
28,997
29,67
29,120
29,140
29,167
29,185
29,206
29,232
29,308
29,318
29,322
29,507
29,530
29,536
29,562
29,564
29,672
29,690
29,730
29,779
29,810
29,854
29,857
29,888
29,890
29,940
29,978
29,979
29,985
30,51
30,82
30,91
30,127
30,129
30,144
30,181
30,201
30,215
30,307
30,308
30,318
30,325
30,328
30,339
30,388
30,421
30,459
30,466
30,512
30,535
30,540
30,567
30,604
30,624
30,658
30,687
30,695
30,699
30,717
30,738
30,812
30,863
30,881
30,896
30,898
30,903
30,904
30,953
30,970
31,35
31,54
31,107
31,118
31,180
31,187
31,189
31,225
31,226
31,233
31,241
31,262
31,272
31,280
31,299
31,308
31,355
31,364
31,387
31,494
31,528
31,542
31,571
31,582
31,608
31,635
31,656
31,659
31,667
31,671
31,732
31,734
31,755
31,791
31,800
31,852
31,869
31,899
31,917
31,930
31,967
31,988
32,34
32,64
32,66
32,79
32,85
32,115
32,148
32,150
32,185
32,207
32,250
32,265
32,271
32,275
32,291
32,303
32,322
32,338
32,404
32,429
32,455
32,510
32,522
32,536
32,555
32,567
32,627
32,633
32,664
32,683
32,700
32,710
32,714
32,729
32,754
32,798
32,824
32,839
32,854
32,878
32,883
32,895
32,939
32,975
33,50
33,56
33,100
33,115
33,130
33,137
33,161
33,162
33,172
33,198
33,228
33,233
33,235
33,237
33,253
33,289
33,318
33,319
33,337
33,350
33,353
33,357
33,361
33,395
33,427
33,433
33,437
33,449
33,451
33,479
33,487
33,491
33,499
33,500
33,519
33,525
33,529
33,548
33,560
33,575
33,578
33,581
33,596
33,617
33,620
33,656
33,668
33,698
33,745
33,750
33,751
33,752
33,772
33,776
33,801
33,803
33,804
33,809
33,833
33,847
33,874
33,907
33,918
33,959
33,975
33,994
34,44
34,86
34,114
34,134
34,196
34,276
34,279
34,303
34,329
34,343
34,351
34,359
34,368
34,467
34,474
34,490
34,517
34,539
34,603
34,621
34,646
34,653
34,665
34,710
34,723
34,747
34,759
34,785
34,790
34,811
34,816
34,819
34,823
34,843
34,854
34,856
34,928
34,930
34,946
34,954
34,966
35,54
35,98
35,118
35,168
35,178
35,250
35,262
35,277
35,332
35,348
35,354
35,407
35,435
35,450
35,470
35,483
35,523
35,554
35,556
35,575
35,638
35,731
35,738
35,765
35,767
35,770
35,785
35,822
35,845
35,862
35,879
35,881
35,889
35,896
35,932
35,950
35,954
35,967
35,980
35,993
35,998
36,78
36,120
36,123
36,124
36,139
36,181
36,188
36,200
36,202
36,244
36,247
36,254
36,256
36,299
36,320
36,322
36,346
36,350
36,400
36,419
36,425
36,433
36,452
36,476
36,493
36,505
36,513
36,561
36,569
36,619
36,627
36,650
36,700
36,740
36,743
36,746
36,761
36,788
36,875
36,876
36,879
36,919
36,928
36,954
36,971
36,992
37,47
37,174
37,268
37,275
37,341
37,343
37,365
37,376
37,381
37,469
37,533
37,553
37,566
37,573
37,594
37,596
37,652
37,747
37,782
37,783
37,792
37,825
37,854
37,901
37,912
37,915
38,64
38,69
38,85
38,87
38,88
38,153
38,177
38,186
38,206
38,209
38,238
38,290
38,300
38,309
38,310
38,340
38,355
38,362
38,380
38,416
38,422
38,495
38,507
38,534
38,536
38,562
38,604
38,607
38,612
38,613
38,624
38,641
38,644
38,663
38,670
38,672
38,690
38,701
38,712
38,730
38,761
38,810
38,832
38,842
38,847
38,853
38,882
38,928
38,940
38,942
38,949
38,979
39,40
39,82
39,87
39,88
39,99
39,100
39,101
39,135
39,146
39,164
39,169
39,175
39,201
39,227
39,238
39,257
39,278
39,282
39,309
39,331
39,342
39,398
39,406
39,439
39,442
39,481
39,516
39,547
39,552
39,562
39,584
39,586
39,629
39,667
39,669
39,676
39,695
39,713
39,736
39,767
39,773
39,775
39,794
39,803
39,824
39,836
39,865
39,875
39,885
39,904
39,906
39,942
39,960
39,962
39,979
39,994
40,51
40,65
40,66
40,86
40,144
40,164
40,166
40,204
40,220
40,238
40,257
40,285
40,292
40,295
40,307
40,318
40,349
40,366
40,367
40,374
40,421
40,422
40,425
40,432
40,435
40,439
40,446
40,447
40,513
40,516
40,536
40,554
40,597
40,662
40,695
40,717
40,724
40,803
40,846
40,863
40,871
40,875
40,897
40,903
40,909
40,970
40,989
41,92
41,97
41,119
41,124
41,204
41,324
41,355
41,358
41,400
41,414
41,506
41,551
41,569
41,593
41,597
41,600
41,627
41,700
41,732
41,808
41,814
41,871
41,879
41,978
42,69
42,70
42,114
42,120
42,125
42,132
42,148
42,167
42,235
42,248
42,289
42,298
42,306
42,344
42,351
42,400
42,401
42,428
42,452
42,489
42,490
42,534
42,544
42,587
42,615
42,628
42,652
42,653
42,655
42,659
42,673
42,675
42,681
42,691
42,695
42,697
42,704
42,723
42,729
42,745
42,747
42,762
42,776
42,788
42,811
42,853
42,856
42,883
42,887
42,901
42,905
42,928
42,934
42,939
42,950
42,966
42,968
42,985
43,90
43,106
43,107
43,157
43,193
43,201
43,241
43,248
43,327
43,348
43,349
43,432
43,480
43,483
43,494
43,566
43,571
43,635
43,656
43,687
43,715
43,717
43,755
43,812
43,834
43,861
43,869
43,875
43,878
43,891
43,894
43,899
43,943
43,965
44,81
44,109
44,149
44,171
44,172
44,207
44,267
44,288
44,301
44,306
44,352
44,394
44,424
44,435
44,457
44,475
44,519
44,538
44,549
44,566
44,590
44,592
44,594
44,601
44,609
44,618
44,621
44,640
44,647
44,649
44,678
44,684
44,796
44,838
44,882
44,901
44,912
44,956
44,971
44,975
44,990
45,115
45,128
45,221
45,237
45,275
45,361
45,519
45,561
45,578
45,596
45,620
45,633
45,678
45,750
45,804
45,828
45,847
45,872
45,880
45,928
45,930
45,939
45,959
45,967
46,86
46,155
46,319
46,542
46,566
46,574
46,616
46,640
46,698
46,777
46,813
46,883
46,923
46,974
46,990
46,991
47,48
47,85
47,149
47,194
47,196
47,246
47,306
47,341
47,343
47,350
47,379
47,386
47,545
47,598
47,617
47,621
47,652
47,665
47,704
47,707
47,711
47,723
47,759
47,790
47,883
47,887
48,64
48,71
48,114
48,134
48,140
48,174
48,200
48,219
48,306
48,329
48,334
48,368
48,467
48,593
48,598
48,652
48,684
48,723
48,742
48,759
48,763
48,859
48,928
48,961
49,162
49,164
49,232
49,241
49,262
49,292
49,323
49,325
49,328
49,336
49,339
49,378
49,389
49,397
49,420
49,421
49,459
49,471
49,495
49,499
49,541
49,554
49,604
49,656
49,658
49,680
49,687
49,695
49,699
49,784
49,875
49,878
49,897
49,906
49,910
49,953
50,56
50,71
50,100
50,166
50,179
50,221
50,223
50,228
50,350
50,381
50,395
50,478
50,500
50,531
50,542
50,580
50,617
50,636
50,751
50,864
50,874
50,880
50,929
50,932
50,964
50,965
50,993
51,54
51,57
51,63
51,75
51,99
51,101
51,127
51,135
51,137
51,144
51,164
51,165
51,184
51,194
51,218
51,238
51,242
51,257
51,260
51,263
51,271
51,281
51,292
51,293
51,299
51,307
51,325
51,327
51,346
51,360
51,374
51,385
51,390
51,396
51,421
51,422
51,428
51,459
51,471
51,472
51,480
51,497
51,502
51,511
51,535
51,573
51,604
51,615
51,619
51,662
51,667
51,669
51,693
51,724
51,727
51,731
51,741
51,784
51,786
51,794
51,803
51,804
51,844
51,863
51,868
51,871
51,878
51,881
51,888
51,892
51,893
51,906
51,914
51,927
51,933
51,937
51,953
51,962
51,970
52,100
52,168
52,178
52,219
52,223
52,245
52,257
52,259
52,269
52,287
52,289
52,317
52,354
52,361
52,405
52,441
52,456
52,478
52,491
52,498
52,525
52,529
52,537
52,556
52,568
52,572
52,582
52,623
52,648
52,696
52,706
52,708
52,734
52,752
52,801
52,855
52,860
52,873
52,894
52,929
52,938
52,947
52,952
52,974
52,984
53,55
53,83
53,84
53,91
53,121
53,126
53,144
53,204
53,212
53,227
53,295
53,307
53,335
53,347
53,372
53,388
53,397
53,412
53,446
53,462
53,467
53,468
53,495
53,550
53,552
53,624
53,632
53,685
53,693
53,724
53,727
53,748
53,768
53,817
53,821
53,836
53,846
53,871
53,896
53,898
53,902
53,911
53,914
53,917
53,953
53,970
53,983
54,58
54,67
54,77
54,87
54,89
54,91
54,128
54,129
54,139
54,156
54,180
54,182
54,189
54,224
54,229
54,251
54,297
54,323
54,326
54,348
54,389
54,392
54,436
54,437
54,450
54,455
54,477
54,502
54,503
54,511
54,535
54,550
54,556
54,575
54,576
54,600
54,618
54,638
54,641
54,666
54,671
54,738
54,941
54,944
55,84
55,91
55,99
55,126
55,127
55,133
55,146
55,177
55,229
55,238
55,253
55,280
55,285
55,293
55,295
55,313
55,327
55,328
55,335
55,344
55,349
55,376
55,396
55,412
55,421
55,442
55,495
55,512
55,535
55,624
55,641
55,667
55,689
55,699
55,713
55,717
55,727
55,736
55,741
55,786
55,817
55,821
55,824
55,829
55,846
55,875
55,914
55,945
55,951
55,979
56,63
56,100
56,104
56,105
56,115
56,131
56,158
56,160
56,161
56,179
56,237
56,255
56,269
56,289
56,315
56,343
56,350
56,357
56,361
56,394
56,395
56,409
56,437
56,486
56,491
56,500
56,510
56,514
56,519
56,544
56,560
56,573
56,578
56,581
56,589
56,594
56,599
56,615
56,617
56,702
56,709
56,745
56,752
56,759
56,764
56,813
56,860
56,874
56,880
56,882
56,889
56,924
56,943
56,959
56,964
56,984
56,998
57,65
57,75
57,82
57,88
57,99
57,155
57,183
57,210
57,212
57,227
57,257
57,263
57,272
57,273
57,278
57,281
57,282
57,293
57,300
57,305
57,308
57,310
57,318
57,327
57,368
57,385
57,397
57,422
57,440
57,483
57,503
57,513
57,516
57,524
57,526
57,550
57,641
57,645
57,657
57,669
57,671
57,676
57,724
57,733
57,737
57,756
57,758
57,775
57,832
57,836
57,842
57,858
57,940
57,958
57,983
57,985
58,71
58,73
58,76
58,81
58,111
58,115
58,123
58,139
58,151
58,217
58,228
58,258
58,275
58,336
58,364
58,518
58,545
58,625
58,677
58,682
58,691
58,707
58,742
58,747
58,750
58,752
58,756
58,760
58,827
58,849
58,913
58,961
59,75
59,81
59,85
59,135
59,162
59,170
59,223
59,253
59,277
59,305
59,325
59,392
59,427
59,435
59,443
59,453
59,470
59,487
59,559
59,560
59,565
59,579
59,603
59,614
59,617
59,738
59,794
59,807
59,893
59,936
59,950
59,994
60,62
60,70
60,97
60,120
60,186
60,213
60,239
60,276
60,336
60,433
60,485
60,505
60,536
60,588
60,605
60,642
60,655
60,691
60,740
60,743
60,757
60,761
60,788
60,793
61,63
61,81
61,105
61,117
61,129
61,161
61,180
61,182
61,194
61,219
61,237
61,297
61,308
61,350
61,357
61,361
61,394
61,409
61,437
61,441
61,456
61,460
61,479
61,487
61,509
61,528
61,616
61,751
61,782
61,826
61,855
61,860
61,874
61,927
61,937
61,947
61,976
62,70
62,78
62,120
62,165
62,181
62,200
62,202
62,213
62,254
62,256
62,276
62,283
62,308
62,322
62,336
62,351
62,359
62,400
62,419
62,433
62,489
62,534
62,559
62,577
62,592
62,593
62,642
62,649
62,653
62,655
62,704
62,710
62,740
62,757
62,763
62,790
62,793
62,798
62,811
62,816
62,856
62,876
62,879
62,883
62,889
62,897
62,919
62,931
62,969
62,983
62,992
63,76
63,81
63,86
63,117
63,132
63,187
63,189
63,196
63,255
63,258
63,266
63,312
63,319
63,337
63,361
63,387
63,394
63,399
63,409
63,458
63,472
63,479
63,498
63,499
63,549
63,574
63,578
63,581
63,584
63,594
63,651
63,692
63,695
63,698
63,707
63,742
63,745
63,749
63,750
63,762
63,782
63,798
63,828
63,840
63,860
63,881
63,917
63,930
63,938
63,957
63,974
63,979
63,981
64,119
64,147
64,150
64,165
64,167
64,222
64,290
64,300
64,317
64,322
64,324
64,333
64,344
64,362
64,380
64,400
64,401
64,428
64,443
64,448
64,455
64,493
64,506
64,510
64,513
64,572
64,587
64,594
64,627
64,644
64,653
64,657
64,669
64,672
64,723
64,729
64,732
64,740
64,754
64,793
64,805
64,810
64,816
64,846
64,853
64,857
64,863
64,879
64,890
64,894
64,939
64,942
64,949
64,954
64,982
65,82
65,84
65,94
65,99
65,111
65,121
65,146
65,164
65,165
65,210
65,227
65,229
65,232
65,273
65,281
65,300
65,313
65,333
65,336
65,361
65,362
65,370
65,385
65,396
65,422
65,426
65,428
65,440
65,442
65,459
65,462
65,486
65,495
65,501
65,503
65,508
65,546
65,552
65,600
65,608
65,624
65,637
65,641
65,669
65,687
65,717
65,727
65,730
65,736
65,741
65,748
65,787
65,803
65,836
65,871
65,879
65,896
65,942
65,951
65,956
65,962
66,85
66,124
66,129
66,150
66,164
66,170
66,180
66,199
66,206
66,215
66,231
66,257
66,275
66,279
66,290
66,300
66,306
66,324
66,333
66,351
66,360
66,362
66,402
66,414
66,418
66,448
66,452
66,503
66,530
66,569
66,600
66,634
66,714
66,730
66,742
66,754
66,793
66,803
66,804
66,805
66,816
66,835
66,843
66,851
66,853
66,854
66,856
66,857
66,868
66,879
66,914
66,940
66,942
66,949
66,960
66,978
66,982
66,989
67,101
67,129
67,157
67,214
67,224
67,229
67,236
67,274
67,323
67,392
67,422
67,423
67,430
67,434
67,435
67,505
67,509
67,532
67,545
67,556
67,576
67,578
67,608
67,616
67,618
67,651
67,738
67,785
67,793
67,795
67,861
67,864
67,875
67,899
67,941
68,69
68,112
68,125
68,134
68,148
68,151
68,167
68,253
68,355
68,401
68,404
68,409
68,419
68,426
68,467
68,545
68,561
68,588
68,603
68,660
68,664
68,668
68,700
68,743
68,757
68,804
68,816
68,842
68,854
68,876
68,884
68,925
68,947
68,969
69,71
69,101
69,111
69,114
69,134
69,135
69,138
69,139
69,148
69,151
69,165
69,185
69,186
69,196
69,267
69,276
69,306
69,311
69,329
69,343
69,351
69,361
69,396
69,452
69,467
69,517
69,539
69,545
69,560
69,588
69,593
69,603
69,613
69,644
69,649
69,653
69,660
69,669
69,710
69,723
69,731
69,740
69,747
69,757
69,761
69,765
69,790
69,798
69,856
69,883
69,887
69,907
69,928
69,946
69,961
69,966
69,986
70,85
70,112
70,123
70,125
70,134
70,148
70,151
70,167
70,175
70,184
70,367
70,404
70,413
70,429
70,440
70,444
70,469
70,503
70,552
70,559
70,568
70,597
70,627
70,645
70,660
70,675
70,682
70,729
70,750
70,823
70,850
70,895
70,900
70,905
70,971
70,972
70,982
71,111
71,115
71,140
71,235
71,245
71,263
71,279
71,294
71,315
71,343
71,368
71,377
71,401
71,432
71,438
71,443
71,461
71,469
71,485
71,490
71,527
71,628
71,665
71,682
71,704
71,723
71,739
71,752
71,755
71,756
71,781
71,783
71,859
71,864
71,887
71,895
71,961
71,997
72,102
72,108
72,161
72,187
72,219
72,240
72,245
72,259
72,264
72,269
72,309
72,429
72,436
72,466
72,511
72,515
72,523
72,527
72,568
72,589
72,626
72,648
72,765
72,770
72,778
72,869
72,883
72,935
72,952
72,987
73,98
73,109
73,117
73,147
73,171
73,188
73,228
73,264
73,301
73,319
73,393
73,408
73,445
73,464
73,521
73,545
73,577
73,592
73,595
73,601
73,646
73,647
73,663
73,668
73,678
73,703
73,712
73,796
73,801
73,838
73,877
73,957
74,103
74,122
74,133
74,181
74,215
74,282
74,309
74,316
74,347
74,358
74,384
74,398
74,416
74,418
74,426
74,442
74,462
74,481
74,488
74,658
74,669
74,693
74,775
74,779
74,873
74,925
74,949
74,973
74,990
75,96
75,157
75,162
75,164
75,218
75,232
75,236
75,250
75,252
75,256
75,271
75,277
75,292
75,293
75,295
75,299
75,308
75,388
75,408
75,420
75,422
75,443
75,453
75,454
75,459
75,471
75,476
75,485
75,498
75,512
75,535
75,554
75,626
75,629
75,637
75,679
75,689
75,693
75,695
75,701
75,722
75,749
75,758
75,776
75,784
75,803
75,818
75,863
75,878
75,888
75,892
75,896
75,900
75,902
75,914
75,954
75,970
75,994
76,105
76,131
76,132
76,137
76,142
76,158
76,188
76,211
76,228
76,233
76,247
76,301
76,337
76,345
76,472
76,475
76,528
76,544
76,549
76,578
76,580
76,636
76,675
76,678
76,696
76,698
76,749
76,823
76,826
76,854
76,975
76,981
77,89
77,91
77,134
77,156
77,222
77,232
77,237
77,252
77,280
77,285
77,353
77,372
77,388
77,390
77,413
77,436
77,511
77,541
77,563
77,601
77,645
77,654
77,666
77,715
77,738
77,742
77,766
77,784
77,785
77,786
77,841
77,863
77,875
77,886
77,892
77,906
77,953
77,962
78,81
78,150
78,202
78,214
78,239
78,276
78,338
78,368
78,422
78,433
78,489
78,505
78,548
78,597
78,599
78,642
78,644
78,653
78,655
78,705
78,710
78,740
78,746
78,747
78,757
78,793
78,856
78,857
78,897
78,961
78,966
78,992
79,84
79,87
79,114
79,134
79,153
79,183
79,212
79,215
79,230
79,239
79,282
79,299
79,340
79,394
79,426
79,428
79,481
79,510
79,546
79,547
79,562
79,607
79,670
79,775
79,779
79,839
79,842
79,940
79,960
79,973
79,989
79,995
80,98
80,108
80,161
80,187
80,204
80,210
80,219
80,240
80,245
80,287
80,296
80,317
80,354
80,449
80,491
80,498
80,499
80,529
80,599
80,706
80,734
80,738
80,769
80,819
80,927
80,929
80,942
80,943
80,974
80,976
81,137
81,167
81,175
81,198
81,235
81,261
81,268
81,275
81,301
81,308
81,312
81,315
81,318
81,323
81,369
81,381
81,437
81,473
81,507
81,509
81,518
81,545
81,559
81,573
81,599
81,612
81,650
81,682
81,684
81,708
81,721
81,752
81,758
81,780
81,781
81,809
81,819
81,827
81,833
81,879
81,920
81,928
81,930
81,945
81,956
81,971
81,992
81,997
82,146
82,204
82,213
82,215
82,333
82,340
82,347
82,370
82,377
82,398
82,418
82,428
82,440
82,442
82,462
82,508
82,511
82,513
82,516
82,536
82,550
82,552
82,667
82,683
82,741
82,787
82,951
82,977
83,95
83,96
83,162
83,164
83,168
83,170
83,182
83,190
83,223
83,230
83,260
83,323
83,325
83,330
83,371
83,373
83,385
83,460
83,461
83,466
83,470
83,487
83,502
83,509
83,534
83,540
83,556
83,560
83,606
83,626
83,644
83,645
83,649
83,652
83,677
83,722
83,733
83,737
83,794
83,840
83,844
83,854
83,862
83,864
83,878
83,900
83,902
83,910
83,957
83,976
83,983
83,994
84,121
84,126
84,127
84,204
84,212
84,295
84,307
84,325
84,335
84,385
84,390
84,396
84,412
84,446
84,495
84,695
84,713
84,741
84,748
84,787
84,789
84,817
84,821
84,885
84,898
84,953
85,119
85,120
85,139
85,140
85,146
85,148
85,157
85,206
85,231
85,265
85,290
85,291
85,320
85,322
85,355
85,356
85,367
85,373
85,380
85,414
85,429
85,443
85,452
85,455
85,488
85,492
85,493
85,522
85,549
85,562
85,567
85,569
85,588
85,627
85,637
85,650
85,664
85,700
85,704
85,709
85,730
85,740
85,807
85,832
85,845
85,851
85,853
85,854
85,868
85,891
85,926
85,930
85,939
85,942
85,947
85,969
85,999
86,105
86,110
86,179
86,183
86,189
86,225
86,228
86,233
86,301
86,319
86,337
86,345
86,356
86,387
86,394
86,408
86,424
86,467
86,472
86,475
86,478
86,544
86,548
86,566
86,589
86,601
86,602
86,636
86,640
86,651
86,677
86,698
86,703
86,760
86,762
86,776
86,783
86,792
86,826
86,842
86,854
86,877
86,882
86,920
86,921
86,922
86,950
86,963
86,975
86,990
86,991
87,88
87,122
87,162
87,165
87,201
87,206
87,245
87,271
87,278
87,282
87,286
87,300
87,307
87,310
87,333
87,340
87,342
87,346
87,378
87,380
87,384
87,406
87,428
87,446
87,462
87,471
87,486
87,508
87,516
87,524
87,567
87,584
87,586
87,607
87,611
87,612
87,641
87,644
87,667
87,670
87,672
87,683
87,691
87,695
87,701
87,732
87,736
87,769
87,784
87,824
87,858
87,865
87,878
87,879
87,885
87,904
87,908
87,928
87,960
87,962
87,970
87,977
87,989
88,122
88,146
88,147
88,183
88,300
88,308
88,310
88,340
88,342
88,346
88,358
88,380
88,406
88,416
88,426
88,428
88,442
88,462
88,495
88,508
88,516
88,524
88,607
88,611
88,644
88,683
88,686
88,690
88,697
88,727
88,741
88,743
88,779
88,810
88,835
88,865
88,878
88,885
88,909
88,919
88,925
88,951
88,955
88,958
88,985
89,156
89,188
89,201
89,218
89,232
89,252
89,273
89,292
89,308
89,326
89,378
89,389
89,390
89,397
89,413
89,422
89,439
89,512
89,541
89,563
89,650
89,654
89,666
89,677
89,693
89,695
89,717
89,735
89,738
89,784
89,795
89,810
89,824
89,860
89,870
89,905
89,906
89,941
89,948
89,954
89,970
89,980
90,107
90,118
90,178
90,180
90,194
90,225
90,248
90,262
90,280
90,305
90,317
90,332
90,361
90,364
90,388
90,417
90,423
90,447
90,465
90,479
90,483
90,509
90,532
90,537
90,548
90,556
90,571
90,578
90,604
90,606
90,626
90,635
90,711
90,731
90,755
90,776
90,800
90,802
90,812
90,826
90,834
90,860
90,869
90,872
90,878
90,889
90,900
90,933
90,980
91,126
91,200
91,201
91,293
91,295
91,307
91,396
91,442
91,446
91,468
91,471
91,495
91,550
91,624
91,641
91,658
91,662
91,683
91,685
91,695
91,713
91,717
91,724
91,727
91,728
91,786
91,821
91,846
91,871
91,885
91,898
91,900
91,914
91,955
91,977
92,94
92,101
92,119
92,130
92,162
92,220
92,377
92,390
92,432
92,565
92,612
92,629
92,634
92,733
92,867
92,954
92,968
93,129
93,162
93,224
93,274
93,308
93,323
93,326
93,366
93,371
93,436
93,576
93,583
93,651
93,875
93,898
94,133
94,135
94,215
94,234
94,277
94,398
94,418
94,421
94,426
94,440
94,470
94,509
94,547
94,552
94,570
94,571
94,612
94,615
94,634
94,657
94,679
94,686
94,701
94,748
94,752
94,754
94,758
94,775
94,820
94,830
94,842
94,868
94,871
94,873
94,879
94,909
94,914
94,958
94,977
94,995
95,106
95,156
95,162
95,176
95,190
95,218
95,277
95,297
95,312
95,318
95,328
95,420
95,453
95,515
95,578
95,579
95,660
95,662
95,677
95,679
95,711
95,721
95,737
95,750
95,812
95,844
95,878
95,883
95,893
95,900
95,910
95,915
95,937
96,101
96,194
96,204
96,232
96,266
96,285
96,299
96,328
96,339
96,362
96,372
96,384
96,388
96,389
96,392
96,402
96,420
96,421
96,439
96,459
96,471
96,512
96,535
96,541
96,604
96,612
96,641
96,658
96,662
96,695
96,734
96,784
96,785
96,787
96,794
96,795
96,836
96,864
96,881
96,897
96,898
96,906
96,914
96,937
96,953
96,970
96,982
97,140
97,155
97,219
97,261
97,278
97,284
97,290
97,315
97,336
97,379
97,385
97,391
97,397
97,432
97,444
97,469
97,510
97,527
97,597
97,599
97,625
97,638
97,649
97,661
97,689
97,706
97,726
97,729
97,742
97,758
97,832
97,852
97,854
97,894
97,930
97,956
97,963
98,108
98,117
98,154
98,157
98,178
98,180
98,187
98,259
98,317
98,319
98,329
98,362
98,373
98,403
98,417
98,424
98,435
98,458
98,460
98,499
98,515
98,523
98,531
98,537
98,540
98,575
98,601
98,619
98,645
98,656
98,671
98,711
98,727
98,734
98,745
98,772
98,815
98,827
98,855
98,860
98,878
98,913
98,929
98,933
98,934
98,935
98,943
98,947
98,952
98,974
98,976
98,981
98,993
99,130
99,135
99,155
99,164
99,218
99,220
99,226
99,257
99,271
99,308
99,336
99,390
99,398
99,427
99,428
99,440
99,443
99,469
99,471
99,481
99,488
99,525
99,545
99,619
99,624
99,626
99,644
99,689
99,693
99,719
99,724
99,748
99,758
99,761
99,803
99,823
99,836
99,842
99,863
99,888
99,900
99,948
99,955
99,994
100,104
100,108
100,128
100,139
100,267
100,289
100,314
100,318
100,350
100,352
100,354
100,357
100,405
100,427
100,437
100,451
100,454
100,460
100,491
100,500
100,515
100,529
100,555
100,565
100,573
100,578
100,579
100,599
100,633
100,648
100,674
100,688
100,750
100,751
100,760
100,770
100,772
100,783
100,833
100,837
100,874
100,906
100,939
100,952
100,959
100,980
100,986
100,991
100,994
101,106
101,129
101,130
101,157
101,164
101,232
101,263
101,269
101,271
101,299
101,308
101,333
101,339
101,350
101,369
101,374
101,379
101,413
101,420
101,421
101,436
101,440
101,471
101,512
101,513
101,535
101,541
101,546
101,551
101,579
101,604
101,608
101,612
101,619
101,662
101,694
101,695
101,718
101,778
101,779
101,784
101,794
101,796
101,802
101,806
101,811
101,834
101,836
101,869
101,875
101,881
101,898
101,953
101,970
101,977
101,994
102,222
102,245
102,266
102,267
102,304
102,331
102,373
102,402
102,454
102,496
102,499
102,511
102,529
102,649
102,666
102,670
102,694
102,706
102,733
102,764
102,794
102,797
102,872
102,933
102,947
102,963
102,994
103,153
103,252
103,278
103,309
103,358
103,418
103,546
103,547
103,562
103,692
103,701
103,724
103,761
103,779
103,820
103,858
103,948
103,955
103,973
103,997
104,111
104,137
104,162
104,233
104,235
104,264
104,266
104,281
104,315
104,350
104,373
104,375
104,405
104,451
104,456
104,469
104,500
104,510
104,525
104,568
104,575
104,592
104,623
104,682
104,694
104,734
104,745
104,754
104,772
104,790
104,797
104,920
104,957
104,963
104,993
105,109
105,110
105,111
105,115
105,117
105,132
105,172
105,179
105,188
105,189
105,195
105,199
105,228
105,233
105,312
105,317
105,319
105,353
105,379
105,386
105,387
105,393
105,394
105,396
105,458
105,472
105,475
105,544
105,573
105,581
105,601
105,602
105,636
105,640
105,646
105,663
105,668
105,670
105,677
105,678
105,688
105,703
105,724
105,731
105,762
105,792
105,813
105,826
105,877
105,907
105,917
105,918
105,922
105,990
106,121
106,130
106,144
106,162
106,176
106,193
106,221
106,277
106,308
106,369
106,382
106,388
106,390
106,397
106,480
106,662
106,737
106,765
106,803
106,849
106,896
106,900
106,902
106,906
106,910
106,922
106,995
106,998
107,118
107,157
107,159
107,162
107,180
107,188
107,194
107,216
107,225
107,240
107,267
107,272
107,280
107,350
107,364
107,384
107,390
107,423
107,458
107,461
107,491
107,514
107,556
107,582
107,617
107,638
107,651
107,656
107,659
107,666
107,671
107,715
107,732
107,755
107,778
107,800
107,841
107,869
107,885
107,889
107,899
107,913
107,930
107,938
107,967
107,968
107,988
108,117
108,132
108,142
108,151
108,152
108,178
108,180
108,187
108,219
108,225
108,229
108,246
108,269
108,317
108,319
108,373
108,393
108,401
108,405
108,411
108,417
108,427
108,449
108,453
108,456
108,458
108,483
108,499
108,514
108,515
108,523
108,542
108,558
108,575
108,579
108,608
108,609
108,613
108,630
108,635
108,645
108,647
108,678
108,711
108,730
108,734
108,753
108,773
108,812
108,815
108,818
108,831
108,834
108,855
108,860
108,869
108,878
108,889
108,890
108,894
108,914
108,919
108,924
108,927
108,935
108,945
108,964
108,968
108,974
108,980
108,981
108,984
108,987
108,994
109,116
109,134
109,149
109,173
109,188
109,207
109,221
109,237
109,246
109,288
109,314
109,335
109,345
109,352
109,457
109,464
109,487
109,549
109,566
109,568
109,596
109,598
109,601
109,609
109,640
109,647
109,668
109,696
109,712
109,752
109,777
109,804
109,825
109,831
109,859
109,912
109,922
110,115
110,132
110,145
110,147
110,158
110,171
110,173
110,199
110,207
110,233
110,245
110,249
110,280
110,301
110,345
110,381
110,386
110,393
110,394
110,408
110,409
110,412
110,461
110,521
110,543
110,544
110,577
110,592
110,594
110,601
110,630
110,635
110,646
110,648
110,660
110,663
110,678
110,702
110,723
110,772
110,801
110,877
110,882
110,884
110,910
110,990
111,123
111,143
111,174
111,175
111,196
111,198
111,235
111,279
111,294
111,314
111,329
111,336
111,343
111,346
111,438
111,442
111,472
111,473
111,489
111,545
111,548
111,549
111,573
111,578
111,606
111,682
111,704
111,719
111,723
111,739
111,747
111,762
111,772
111,781
111,783
111,827
111,840
111,859
111,864
111,887
111,997
112,138
112,150
112,151
112,185
112,294
112,311
112,320
112,401
112,467
112,505
112,527
112,590
112,603
112,615
112,697
112,757
112,763
112,793
112,895
112,905
112,936
112,969
112,999
113,164
113,204
113,206
113,216
113,238
113,242
113,263
113,271
113,293
113,297
113,299
113,349
113,374
113,377
113,385
113,513
113,516
113,635
113,669
113,670
113,693
113,724
113,758
113,803
113,817
113,836
113,944
114,134
114,174
114,196
114,198
114,257
114,279
114,294
114,306
114,329
114,343
114,348
114,352
114,368
114,401
114,536
114,553
114,578
114,590
114,621
114,684
114,691
114,710
114,720
114,723
114,750
114,759
114,776
114,879
114,887
114,966
114,975
114,997
115,128
115,131
115,133
115,137
115,149
115,161
115,182
115,184
115,198
115,220
115,237
115,268
115,298
115,319
115,345
115,350
115,354
115,381
115,442
115,519
115,531
115,545
115,560
115,566
115,573
115,578
115,596
115,597
115,599
115,602
115,617
115,619
115,660
115,688
115,698
115,749
115,750
115,771
115,780
115,823
115,833
115,834
115,839
115,920
115,930
115,942
115,964
115,994
115,997
116,149
116,195
116,222
116,289
116,337
116,343
116,352
116,474
116,521
116,549
116,553
116,613
116,620
116,673
116,702
116,750
116,825
116,831
116,877
116,879
116,901
116,912
116,927
116,975
117,132
117,179
117,188
117,219
117,237
117,255
117,264
117,268
117,323
117,325
117,337
117,364
117,399
117,411
117,449
117,459
117,480
117,483
117,523
117,529
117,540
117,542
117,554
117,560
117,575
117,577
117,602
117,605
117,635
117,673
117,678
117,698
117,734
117,740
117,749
117,782
117,922
117,941
117,952
117,968
117,973
118,178
118,180
118,210
118,225
118,248
118,263
118,277
118,280
118,297
118,319
118,364
118,369
118,391
118,436
118,514
118,571
118,638
118,651
118,659
118,671
118,774
118,841
118,852
118,867
118,872
118,889
118,891
118,899
118,913
118,958
118,965
118,967
118,988
119,124
119,153
119,186
119,208
119,231
119,244
119,256
119,276
119,279
119,322
119,344
119,359
119,416
119,419
119,448
119,463
119,506
119,535
119,569
119,587
119,588
119,600
119,605
119,607
119,650
119,653
119,729
119,743
119,761
119,805
119,808
119,814
119,836
119,842
119,851
119,926
119,949
119,978
119,983
120,134
120,137
120,138
120,185
120,208
120,244
120,247
120,254
120,276
120,283
120,362
120,397
120,400
120,401
120,410
120,425
120,433
120,464
120,505
120,587
120,588
120,594
120,605
120,650
120,653
120,655
120,701
120,743
120,761
120,788
120,793
120,796
120,798
120,808
120,816
120,832
120,850
120,856
120,883
120,887
120,919
120,983
120,989
121,188
121,192
121,205
121,212
121,260
121,273
121,286
121,313
121,330
121,333
121,337
121,342
121,347
121,392
121,396
121,412
121,432
121,468
121,486
121,495
121,546
121,557
121,586
121,611
121,687
121,730
121,741
121,748
121,779
121,794
121,821
121,836
121,848
121,911
121,926
121,958
121,962
121,977
121,983
121,997
122,165
122,212
122,247
122,263
122,278
122,279
122,302
122,309
122,313
122,332
122,340
122,346
122,347
122,398
122,412
122,416
122,428
122,453
122,454
122,481
122,508
122,524
122,607
122,673
122,683
122,697
122,712
122,805
122,814
122,816
122,865
122,909
122,934
122,959
123,128
123,198
123,211
123,237
123,239
123,269
123,275
123,294
123,343
123,353
123,360
123,362
123,365
123,427
123,454
123,473
123,545
123,573
123,599
123,634
123,639
123,640
123,641
123,660
123,663
123,670
123,682
123,684
123,686
123,714
123,723
123,731
123,739
123,743
123,752
123,756
123,759
123,760
123,781
123,811
123,819
123,830
123,843
123,847
123,850
123,872
123,887
123,898
123,926
123,997
124,151
124,206
124,231
124,244
124,254
124,290
124,291
124,322
124,362
124,414
124,441
124,448
124,506
124,536
124,540
124,551
124,600
124,650
124,668
124,700
124,714
124,732
124,805
124,808
124,814
124,856
124,883
124,939
125,150
125,167
125,211
125,315
125,355
125,360
125,405
125,448
125,469
125,505
125,513
125,516
125,539
125,545
125,551
125,559
125,562
125,578
125,585
125,628
125,653
125,660
125,664
125,700
125,704
125,714
125,729
125,811
125,816
125,819
125,876
125,884
125,895
125,928
125,936
125,939
126,160
126,164
126,183
126,201
126,293
126,295
126,302
126,307
126,327
126,335
126,339
126,360
126,369
126,378
126,396
126,446
126,459
126,486
126,508
126,512
126,523
126,535
126,541
126,550
126,552
126,572
126,624
126,641
126,658
126,662
126,664
126,666
126,679
126,685
126,713
126,717
126,731
126,748
126,817
126,821
126,848
126,849
126,875
126,881
126,888
126,890
126,902
126,939
127,183
127,260
127,299
127,313
127,355
127,366
127,396
127,412
127,426
127,446
127,482
127,495
127,611
127,679
127,699
127,732
127,748
127,787
127,812
127,821
127,848
127,858
127,903
127,940
127,958
127,983
128,155
128,198
128,214
128,215
128,264
128,284
128,289
128,300
128,312
128,381
128,438
128,451
128,454
128,531
128,560
128,561
128,594
128,596
128,609
128,620
128,640
128,684
128,724
128,739
128,744
128,745
128,746
128,750
128,804
128,847
128,877
128,880
128,901
128,912
128,916
128,930
129,156
129,164
129,165
129,180
129,224
129,252
129,277
129,297
129,310
129,323
129,326
129,337
129,344
129,368
129,369
129,378
129,388
129,392
129,401
129,413
129,421
129,436
129,447
129,466
129,495
129,502
129,511
129,512
129,514
129,532
129,571
129,576
129,608
129,618
129,645
129,651
129,654
129,658
129,713
129,737
129,738
129,765
129,795
129,806
129,818
129,849
129,875
129,878
129,892
129,933
129,935
129,941
129,953
130,132
130,176
130,199
130,203
130,218
130,248
130,257
130,277
130,332
130,372
130,378
130,382
130,389
130,420
130,422
130,470
130,491
130,550
130,572
130,604
130,617
130,625
130,626
130,640
130,662
130,683
130,733
130,737
130,738
130,784
130,803
130,849
130,852
130,875
130,896
130,898
130,902
130,910
130,920
130,958
130,976
130,977
130,994
131,134
131,137
131,171
131,268
131,288
131,294
131,306
131,312
131,329
131,365
131,458
131,460
131,475
131,478
131,519
131,531
131,545
131,560
131,573
131,594
131,599
131,640
131,649
131,684
131,691
131,702
131,739
131,750
131,792
131,804
131,831
131,847
131,860
131,882
131,901
131,990
131,997
132,179
132,189
132,205
132,228
132,248
132,249
132,259
132,319
132,377
132,408
132,409
132,427
132,431
132,437
132,461
132,465
132,472
132,525
132,542
132,544
132,545
132,566
132,573
132,595
132,602
132,633
132,636
132,660
132,663
132,664
132,678
132,698
132,703
132,718
132,762
132,767
132,771
132,796
132,813
132,815
132,826
132,833
132,860
132,877
132,907
132,917
132,918
132,953
133,139
133,169
133,215
133,398
133,418
133,471
133,507
133,619
133,642
133,672
133,754
133,960
133,973
133,979
134,137
134,141
134,175
134,181
134,193
134,214
134,235
134,275
134,279
134,303
134,329
134,336
134,341
134,351
134,357
134,359
134,368
134,401
134,411
134,416
134,432
134,467
134,490
134,517
134,521
134,531
134,534
134,539
134,548
134,560
134,578
134,593
134,612
134,649
134,652
134,684
134,691
134,720
134,723
134,757
134,759
134,781
134,788
134,811
134,859
134,883
134,896
134,926
134,928
134,946
134,961
134,966
134,999
135,137
135,140
135,144
135,153
135,157
135,192
135,232
135,234
135,244
135,270
135,331
135,344
135,416
135,418
135,443
135,455
135,462
135,488
135,513
135,526
135,612
135,624
135,629
135,657
135,670
135,697
135,716
135,779
135,794
135,802
135,803
135,836
135,839
135,854
135,867
135,909
135,919
135,925
135,932
135,940
135,941
135,954
135,982
135,989
135,994
135,995
136,162
136,210
136,223
136,277
136,375
136,381
136,382
136,388
136,403
136,447
136,484
136,614
136,645
136,731
136,742
136,744
136,900
136,935
136,937
137,145
137,171
137,192
137,207
137,237
137,268
137,298
137,312
137,319
137,321
137,337
137,345
137,352
137,363
137,365
137,381
137,386
137,461
137,464
137,499
137,510
137,531
137,549
137,573
137,574
137,577
137,581
137,594
137,620
137,630
137,635
137,649
137,659
137,691
137,703
137,720
137,749
137,752
137,756
137,792
137,804
137,811
137,825
137,828
137,831
137,847
137,848
137,877
137,901
137,930
137,971
137,997
138,181
138,311
138,316
138,336
138,338
138,464
138,605
138,653
138,700
138,757
138,763
138,776
138,876
138,894
138,895
138,931
138,992
139,140
139,157
139,183
139,184
139,211
139,291
139,318
139,402
139,460
139,493
139,531
139,567
139,608
139,627
139,634
139,637
139,664
139,708
139,709
139,714
139,726
139,744
139,832
139,833
139,853
139,854
139,914
139,926
139,934
139,939
139,942
139,954
139,991
140,151
140,167
140,184
140,185
140,228
140,322
140,360
140,404
140,433
140,444
140,493
140,520
140,559
140,597
140,679
140,729
140,763
140,779
140,793
140,810
140,816
140,832
140,850
140,853
140,887
140,921
140,926
140,939
140,949
141,181
141,199
141,202
141,213
141,214
141,254
141,276
141,283
141,294
141,351
141,359
141,397
141,400
141,401
141,410
141,425
141,489
141,505
141,559
141,587
141,644
141,653
141,684
141,705
141,740
141,747
141,775
141,790
141,793
141,794
141,804
141,856
141,883
141,897
141,901
141,931
141,961
142,201
142,219
142,259
142,441
142,478
142,498
142,528
142,589
142,648
142,759
142,874
142,917
142,929
142,938
143,149
143,172
143,214
143,235
143,246
143,294
143,314
143,332
143,341
143,343
143,352
143,353
143,363
143,365
143,457
143,461
143,464
143,465
143,467
143,474
143,500
143,509
143,549
143,553
143,573
143,580
143,592
143,596
143,621
143,673
143,678
143,696
143,705
143,707
143,749
143,776
143,825
143,831
143,847
143,882
143,887
143,889
143,901
143,907
143,912
143,975
144,164
144,204
144,232
144,249
144,285
144,295
144,299
144,330
144,339
144,342
144,374
144,385
144,409
144,440
144,471
144,495
144,512
144,541
144,604
144,645
144,669
144,724
144,778
144,786
144,836
144,843
144,863
144,871
144,896
144,970
144,994
145,149
145,158
145,171
145,173
145,189
145,199
145,258
145,301
145,354
145,356
145,386
145,408
145,461
145,493
145,521
145,549
145,574
145,577
145,584
145,589
145,601
145,630
145,635
145,646
145,663
145,698
145,727
145,860
145,877
145,990
145,991
146,187
146,194
146,212
146,227
146,281
146,282
146,302
146,327
146,333
146,367
146,426
146,437
146,442
146,462
146,481
146,486
146,516
146,524
146,526
146,535
146,546
146,548
146,552
146,557
146,586
146,641
146,667
146,676
146,679
146,713
146,714
146,736
146,741
146,758
146,803
146,824
146,837
146,857
146,858
146,904
146,911
146,989
147,153
147,162
147,176
147,182
147,215
147,218
147,220
147,226
147,249
147,253
147,257
147,308
147,315
147,328
147,330
147,353
147,367
147,424
147,435
147,443
147,465
147,487
147,488
147,527
147,534
147,536
147,565
147,569
147,583
147,636
147,679
147,728
147,730
147,733
147,739
147,754
147,794
147,807
147,867
147,894
147,901
147,954
147,979
148,150
148,151
148,186
148,195
148,320
148,322
148,401
148,429
148,433
148,490
148,492
148,493
148,517
148,536
148,559
148,587
148,588
148,590
148,603
148,649
148,688
148,695
148,700
148,710
148,746
148,747
148,816
148,819
148,850
148,854
148,876
148,890
148,895
148,926
148,939
148,942
148,982
148,992
148,997
149,158
149,207
149,288
149,314
149,340
149,381
149,394
149,415
149,439
149,457
149,474
149,493
149,545
149,566
149,574
149,589
149,592
149,647
149,668
149,825
149,882
149,912
149,974
149,975
150,200
150,231
150,256
150,265
150,279
150,282
150,336
150,362
150,385
150,425
150,429
150,433
150,492
150,508
150,536
150,551
150,573
150,597
150,603
150,615
150,655
150,660
150,700
150,729
150,743
150,756
150,757
150,761
150,763
150,808
150,819
150,820
150,883
150,897
150,942
150,969
150,982
151,167
151,199
151,210
151,214
151,247
151,291
151,311
151,322
151,330
151,355
151,398
151,401
151,433
151,520
151,529
151,534
151,603
151,615
151,628
151,649
151,712
151,729
151,732
151,757
151,761
151,763
151,788
151,857
151,884
151,918
151,939
151,941
152,157
152,162
152,168
152,178
152,245
152,287
152,303
152,375
152,409
152,437
152,484
152,614
152,661
152,678
152,680
152,733
152,735
152,756
152,764
152,837
152,901
152,932
152,956
152,987
152,994
153,206
153,300
153,319
153,340
153,362
153,385
153,398
153,455
153,481
153,505
153,507
153,547
153,552
153,562
153,597
153,601
153,637
153,645
153,663
153,683
153,701
153,715
153,730
153,775
153,779
153,824
153,835
153,867
153,875
153,942
153,960
153,973
153,977
153,979
153,995
154,159
154,198
154,219
154,245
154,252
154,262
154,268
154,271
154,323
154,332
154,346
154,402
154,453
154,460
154,496
154,509
154,529
154,538
154,558
154,575
154,576
154,609
154,619
154,659
154,717
154,730
154,731
154,740
154,748
154,760
154,767
154,784
154,795
154,800
154,802
154,864
154,878
154,888
154,898
154,907
154,908
154,924
154,927
154,933
154,943
154,950
154,957
154,960
154,980
154,985
154,998
155,167
155,176
155,195
155,211
155,217
155,261
155,275
155,284
155,315
155,321
155,360
155,379
155,428
155,465
155,469
155,477
155,484
155,510
155,527
155,531
155,540
155,545
155,561
155,599
155,610
155,625
155,628
155,632
155,637
155,639
155,655
155,726
155,750
155,843
155,867
155,912
155,950
155,964
155,973
155,994
156,204
156,222
156,252
156,299
156,339
156,353
156,372
156,374
156,378
156,388
156,435
156,436
156,498
156,563
156,618
156,633
156,662
156,738
156,766
156,785
156,892
156,977
156,994
157,162
157,180
157,275
157,296
157,298
157,330
157,336
157,367
157,379
157,387
157,405
157,427
157,432
157,439
157,453
157,459
157,483
157,491
157,496
157,504
157,540
157,565
157,581
157,599
157,606
157,613
157,625
157,634
157,677
157,692
157,695
157,698
157,708
157,719
157,727
157,764
157,771
157,772
157,784
157,794
157,807
157,823
157,833
157,839
157,845
157,855
157,896
157,901
157,907
157,908
157,911
157,932
157,933
157,950
157,956
157,976
158,167
158,171
158,172
158,173
158,177
158,179
158,189
158,199
158,228
158,244
158,245
158,249
158,301
158,386
158,393
158,408
158,461
158,475
158,489
158,498
158,543
158,589
158,601
158,630
158,646
158,663
158,702
158,703
158,792
158,794
158,796
158,813
158,877
158,882
158,883
158,907
158,910
158,918
158,924
158,939
158,975
159,194
159,205
159,224
159,236
159,241
159,250
159,251
159,280
159,345
159,391
159,423
159,509
159,514
159,566
159,616
159,622
159,651
159,722
159,753
159,794
159,891
159,907
159,986
160,161
160,187
160,199
160,228
160,240
160,350
160,352
160,357
160,375
160,399
160,400
160,409
160,437
160,522
160,533
160,598
160,620
160,706
160,791
160,797
160,815
160,860
160,868
160,874
160,913
160,937
160,959
160,964
160,987
161,189
161,199
161,219
161,240
161,245
161,264
161,297
161,305
161,306
161,361
161,371
161,409
161,424
161,449
161,479
161,480
161,492
161,494
161,496
161,498
161,504
161,515
161,523
161,526
161,542
161,548
161,648
161,688
161,751
161,765
161,769
161,777
161,833
161,868
161,918
161,930
161,952
161,968
161,990
161,993
162,170
162,182
162,190
162,197
162,201
162,218
162,237
162,253
162,257
162,271
162,276
162,277
162,296
162,305
162,307
162,332
162,354
162,367
162,379
162,390
162,400
162,427
162,440
162,443
162,453
162,460
162,463
162,470
162,487
162,493
162,500
162,540
162,541
162,556
162,565
162,596
162,606
162,609
162,612
162,614
162,626
162,657
162,677
162,692
162,721
162,728
162,769
162,772
162,782
162,794
162,804
162,807
162,809
162,823
162,849
162,862
162,864
162,866
162,875
162,901
162,902
162,931
162,954
162,963
162,976
162,977
162,994
163,194
163,226
163,229
163,251
163,252
163,274
163,371
163,391
163,450
163,509
163,517
163,556
163,598
163,604
163,608
163,645
163,651
163,659
163,711
163,722
163,770
163,774
163,870
163,987
164,201
164,204
164,218
164,238
164,242
164,257
164,263
164,266
164,271
164,293
164,299
164,307
164,332
164,374
164,385
164,411
164,412
164,421
164,422
164,440
164,442
164,446
164,453
164,463
164,472
164,487
164,512
164,514
164,535
164,541
164,546
164,562
164,635
164,664
164,683
164,687
164,688
164,693
164,719
164,724
164,737
164,748
164,758
164,769
164,784
164,803
164,817
164,839
164,849
164,863
164,864
164,871
164,888
164,896
164,902
164,906
164,953
164,970
164,979
164,994
165,182
165,191
165,212
165,273
165,286
165,333
165,347
165,366
165,377
165,384
165,396
165,417
165,471
165,486
165,499
165,500
165,524
165,557
165,584
165,611
165,638
165,650
165,679
165,736
165,741
165,771
165,820
165,821
165,851
165,885
165,904
165,925
165,958
165,962
165,970
165,985
166,215
166,260
166,282
166,289
166,358
166,418
166,426
166,493
166,510
166,524
166,555
166,561
166,562
166,637
166,644
166,683
166,731
166,846
166,904
166,955
166,960
166,989
167,172
167,217
167,256
167,295
167,303
167,322
167,344
167,351
167,355
167,401
167,404
167,432
167,476
167,527
167,559
167,590
167,593
167,597
167,608
167,639
167,681
167,752
167,757
167,816
167,833
167,850
167,877
167,884
167,887
167,895
167,905
167,911
167,969
167,971
167,992
168,197
168,407
168,458
168,480
168,558
168,568
168,571
168,575
168,671
168,721
168,764
168,765
168,767
168,770
168,797
168,802
168,822
168,889
168,913
168,935
169,333
169,340
169,346
169,376
169,406
169,442
169,509
169,526
169,597
169,637
169,641
169,657
169,676
169,683
169,738
169,775
169,779
169,836
169,909
169,948
169,960
170,184
170,190
170,210
170,218
170,223
170,267
170,277
170,296
170,305
170,308
170,376
170,427
170,431
170,565
170,641
170,645
170,731
170,774
170,784
170,794
170,807
170,857
170,886
170,893
170,939
170,963
170,976
170,994
171,177
171,207
171,250
171,301
171,337
171,381
171,386
171,423
171,521
171,543
171,577
171,589
171,591
171,601
171,602
171,630
171,646
171,663
171,698
171,703
171,771
171,796
171,801
171,877
171,882
171,907
171,961
171,990
172,188
172,202
172,207
172,228
172,233
172,288
172,312
172,314
172,343
172,345
172,352
172,365
172,393
172,394
172,408
172,415
172,457
172,464
172,474
172,498
172,544
172,545
172,564
172,565
172,566
172,602
172,620
172,635
172,640
172,673
172,680
172,682
172,707
172,749
172,762
172,776
172,792
172,804
172,811
172,825
172,831
172,847
172,883
172,887
172,901
172,912
172,930
172,957
172,975
172,990
172,997
173,179
173,188
173,189
173,199
173,264
173,282
173,301
173,319
173,351
173,408
173,461
173,521
173,543
173,544
173,568
173,572
173,573
173,577
173,589
173,592
173,595
173,635
173,636
173,703
173,741
173,747
173,796
173,856
174,188
174,196
174,245
174,257
174,279
174,294
174,306
174,322
174,334
174,351
174,394
174,433
174,467
174,544
174,545
174,578
174,590
174,652
174,665
174,710
174,723
174,731
174,759
174,811
174,853
174,856
174,883
174,887
174,939
174,994
175,233
175,268
175,278
175,279
175,310
175,312
175,356
175,363
175,400
175,401
175,443
175,457
175,485
175,488
175,489
175,493
175,527
175,528
175,559
175,615
175,649
175,691
175,710
175,723
175,747
175,749
175,759
175,794
175,811
175,850
175,856
175,883
175,895
175,905
175,912
175,961
175,997
176,209
176,253
176,257
176,305
176,367
176,465
176,470
176,565
176,594
176,619
176,671
176,689
176,692
176,728
176,731
176,739
176,744
176,791
176,794
176,803
176,830
176,851
176,871
176,888
176,908
176,932
176,994
176,995
177,179
177,199
177,207
177,270
177,408
177,461
177,521
177,524
177,528
177,543
177,568
177,589
177,595
177,640
177,646
177,702
177,771
177,813
177,893
177,917
177,922
178,187
178,230
178,243
178,269
178,317
178,364
178,373
178,417
178,449
178,523
178,558
178,649
178,658
178,687
178,794
178,800
178,811
178,812
178,834
178,889
178,938
178,943
178,957
178,980
178,981
178,987
178,993
179,188
179,189
179,199
179,225
179,245
179,264
179,268
179,303
179,345
179,363
179,387
179,443
179,461
179,472
179,475
179,483
179,490
179,491
179,589
179,601
179,602
179,630
179,659
179,678
179,690
179,702
179,703
179,777
179,877
179,882
179,907
179,916
179,917
179,922
179,930
179,965
179,981
179,990
180,225
180,226
180,236
180,243
180,280
180,361
180,422
180,423
180,435
180,450
180,453
180,502
180,514
180,536
180,548
180,556
180,582
180,583
180,602
180,604
180,616
180,651
180,656
180,659
180,671
180,774
180,852
180,861
180,869
180,878
180,891
180,906
180,945
180,967
180,988
181,185
181,202
181,210
181,213
181,214
181,276
181,283
181,311
181,316
181,334
181,380
181,404
181,410
181,433
181,471
181,486
181,489
181,527
181,534
181,644
181,645
181,652
181,653
181,705
181,710
181,725
181,740
181,747
181,790
181,856
181,897
181,901
181,942
181,946
182,275
182,278
182,296
182,305
182,313
182,318
182,328
182,332
182,367
182,368
182,390
182,487
182,527
182,544
182,552
182,565
182,566
182,567
182,614
182,620
182,629
182,631
182,645
182,677
182,692
182,728
182,744
182,772
182,776
182,794
182,803
182,832
182,843
182,844
182,845
182,871
182,927
182,937
182,942
182,950
182,951
182,954
182,994
182,995
183,310
183,327
183,376
183,396
183,400
183,426
183,443
183,446
183,482
183,495
183,624
183,632
183,641
183,738
183,741
183,768
183,786
183,821
183,903
183,970
183,983
184,217
184,231
184,278
184,291
184,318
184,344
184,360
184,362
184,379
184,412
184,464
184,493
184,527
184,540
184,545
184,627
184,680
184,697
184,701
184,716
184,726
184,742
184,758
184,761
184,819
184,896
184,926
184,934
184,949
185,200
185,278
185,311
185,322
185,329
185,334
185,336
185,338
185,355
185,359
185,398
185,505
185,534
185,562
185,615
185,637
185,652
185,710
185,736
185,746
185,747
185,839
185,856
185,876
185,939
185,969
185,999
186,209
186,231
186,244
186,306
186,320
186,322
186,344
186,346
186,400
186,404
186,419
186,462
186,485
186,492
186,499
186,506
186,536
186,551
186,567
186,637
186,644
186,650
186,697
186,705
186,726
186,729
186,732
186,743
186,823
186,854
186,859
186,867
186,898
186,919
186,926
186,978
186,995
187,243
187,255
187,259
187,266
187,269
187,280
187,298
187,299
187,317
187,350
187,360
187,373
187,375
187,398
187,399
187,417
187,427
187,449
187,456
187,458
187,470
187,471
187,498
187,499
187,523
187,537
187,544
187,548
187,566
187,633
187,646
187,648
187,678
187,734
187,772
187,812
187,834
187,860
187,918
187,967
187,974
187,981
188,211
188,220
188,228
188,233
188,268
188,279
188,288
188,312
188,352
188,361
188,386
188,393
188,394
188,397
188,461
188,474
188,475
188,566
188,592
188,602
188,636
188,640
188,655
188,668
188,673
188,678
188,731
188,762
188,826
188,832
188,838
188,877
188,881
188,882
188,907
188,975
188,990
188,991
189,214
189,228
189,240
189,261
189,301
189,312
189,319
189,322
189,356
189,385
189,387
189,408
189,411
189,456
189,472
189,491
189,500
189,502
189,542
189,544
189,577
189,589
189,601
189,602
189,603
189,627
189,639
189,673
189,678
189,698
189,703
189,715
189,718
189,731
189,750
189,762
189,782
189,834
189,877
189,901
189,907
189,916
189,917
189,918
189,922
189,950
189,990
189,994
190,193
190,219
190,228
190,251
190,263
190,275
190,281
190,305
190,308
190,325
190,332
190,350
190,361
190,367
190,397
190,427
190,431
190,432
190,434
190,453
190,460
190,487
190,510
190,523
190,540
190,541
190,544
190,565
190,602
190,606
190,613
190,619
190,626
190,677
190,731
190,769
190,784
190,794
190,830
190,844
190,845
190,893
190,927
190,932
191,229
191,233
191,236
191,250
191,251
191,262
191,272
191,323
191,374
191,423
191,430
191,459
191,480
191,483
191,502
191,532
191,556
191,608
191,616
191,622
191,635
191,651
191,738
191,778
191,818
191,849
191,861
191,869
191,870
191,915
192,215
192,220
192,227
192,234
192,257
192,263
192,333
192,442
192,443
192,493
192,513
192,524
192,526
192,611
192,623
192,629
192,641
192,657
192,667
192,683
192,688
192,726
192,775
192,803
192,825
192,845
192,909
192,915
192,948
192,962
193,197
193,218
193,222
193,262
193,308
193,328
193,332
193,369
193,371
193,390
193,392
193,466
193,476
193,480
193,499
193,511
193,554
193,575
193,582
193,609
193,623
193,645
193,737
193,738
193,764
193,807
193,862
193,864
193,945
193,950
193,980
194,205
194,218
194,229
194,236
194,241
194,250
194,251
194,260
194,274
194,280
194,297
194,398
194,423
194,427
194,430
194,480
194,514
194,528
194,556
194,563
194,575
194,582
194,616
194,622
194,638
194,714
194,753
194,767
194,773
194,774
194,811
194,818
194,822
194,861
194,870
194,891
194,894
194,924
194,941
194,952
194,970
194,985
194,986
195,305
195,375
195,432
195,439
195,493
195,500
195,513
195,515
195,525
195,529
195,561
195,564
195,606
195,633
195,680
195,688
195,708
195,760
195,776
195,823
195,943
195,956
195,957
196,246
196,294
196,306
196,334
196,337
196,457
196,467
196,573
196,589
196,621
196,723
196,759
196,883
196,931
197,222
197,271
197,272
197,277
197,348
197,349
197,389
197,483
197,511
197,525
197,558
197,645
197,685
197,731
197,737
197,770
197,802
197,846
197,864
197,878
197,889
197,913
197,915
197,980
197,984
197,990
197,993
198,221
198,235
198,237
198,251
198,275
198,294
198,305
198,312
198,315
198,321
198,337
198,350
198,352
198,454
198,472
198,479
198,500
198,510
198,518
198,519
198,525
198,529
198,531
198,548
198,560
198,573
198,578
198,581
198,596
198,598
198,603
198,620
198,640
198,698
198,750
198,752
198,771
198,776
198,780
198,781
198,782
198,797
198,804
198,813
198,819
198,823
198,831
198,833
198,854
198,912
198,926
198,930
198,942
198,971
198,993
198,997
199,207
199,228
199,240
199,249
199,301
199,319
199,320
199,333
199,337
199,360
199,408
199,461
199,489
199,500
199,525
199,537
199,540
199,543
199,553
199,568
199,589
199,601
199,605
199,639
199,663
199,678
199,698
199,702
199,703
199,731
199,762
199,796
199,823
199,847
199,877
199,882
199,916
199,922
199,929
199,930
199,931
199,962
199,990
200,202
200,213
200,231
200,247
200,254
200,320
200,344
200,346
200,400
200,425
200,448
200,473
200,492
200,505
200,536
200,539
200,603
200,605
200,757
200,788
200,808
200,890
200,919
200,978
200,982
200,999
201,204
201,232
201,236
201,238
201,249
201,253
201,292
201,295
201,307
201,324
201,328
201,345
201,385
201,422
201,440
201,459
201,508
201,512
201,526
201,535
201,619
201,624
201,641
201,688
201,695
201,699
201,713
201,717
201,766
201,784
201,816
201,846
201,855
201,871
201,875
201,881
201,960
202,214
202,228
202,276
202,316
202,322
202,336
202,341
202,351
202,400
202,433
202,489
202,597
202,653
202,711
202,725
202,740
202,747
202,761
202,763
202,790
202,856
202,905
202,931
202,984
202,992
203,223
203,230
203,267
203,496
203,503
203,538
203,540
203,609
203,617
203,643
203,764
203,770
203,783
203,924
203,933
203,976
204,227
204,238
204,242
204,257
204,263
204,285
204,300
204,320
204,335
204,359
204,370
204,385
204,396
204,471
204,482
204,624
204,632
204,641
204,650
204,685
204,697
204,720
204,758
204,787
204,794
204,803
204,814
204,836
204,863
204,871
204,914
204,920
204,970
204,995
205,226
205,236
205,241
205,251
205,262
205,268
205,292
205,364
205,372
205,423
205,450
205,479
205,562
205,582
205,616
205,622
205,651
205,702
205,728
205,753
205,818
205,841
205,855
205,870
205,891
205,986
205,988
206,215
206,231
206,290
206,320
206,347
206,374
206,398
206,455
206,503
206,507
206,562
206,564
206,615
206,637
206,669
206,672
206,690
206,697
206,729
206,730
206,754
206,835
206,842
206,851
206,857
206,879
206,914
206,940
206,942
206,949
206,955
206,968
206,979
207,208
207,211
207,225
207,267
207,288
207,331
207,360
207,394
207,424
207,467
207,475
207,549
207,553
207,574
207,577
207,592
207,594
207,617
207,626
207,640
207,647
207,663
207,673
207,749
207,762
207,767
207,771
207,806
207,847
207,851
207,882
207,901
207,917
207,955
207,975
207,996
208,279
208,446
208,482
208,588
208,650
208,763
208,788
208,977
209,234
209,238
209,247
209,324
209,329
209,367
209,403
209,426
209,481
209,489
209,529
209,634
209,672
209,686
209,690
209,699
209,814
209,816
209,835
209,857
209,942
209,958
209,985
210,267
210,317
210,326
210,373
210,375
210,381
210,447
210,484
210,496
210,499
210,500
210,538
210,562
210,568
210,602
210,645
210,694
210,704
210,721
210,769
210,772
210,872
210,924
210,933
210,947
210,957
210,976
210,997
211,235
211,261
211,275
211,291
211,315
211,318
211,345
211,355
211,360
211,370
211,379
211,425
211,432
211,454
211,476
211,508
211,518
211,561
211,566
211,568
211,575
211,596
211,604
211,619
211,620
211,639
211,653
211,660
211,675
211,678
211,682
211,684
211,704
211,707
211,712
211,726
211,756
211,758
211,759
211,781
211,798
211,819
211,847
211,896
211,921
211,930
211,956
211,971
211,993
211,995
211,997
212,215
212,233
212,257
212,260
212,271
212,273
212,347
212,349
212,376
212,396
212,412
212,421
212,482
212,486
212,495
212,546
212,550
212,557
212,676
212,679
212,686
212,687
212,699
212,729
212,741
212,748
212,829
212,848
212,858
212,885
212,911
212,962
213,239
213,249
213,320
213,336
213,410
213,489
213,505
213,585
213,593
213,621
213,642
213,678
213,705
213,740
213,747
213,760
213,793
213,798
213,856
213,859
213,887
213,936
213,999
214,231
214,276
214,336
214,338
214,351
214,359
214,398
214,433
214,467
214,489
214,505
214,649
214,653
214,710
214,724
214,732
214,788
214,790
214,793
214,811
214,842
214,856
214,876
214,895
214,931
214,997
215,235
215,263
215,265
215,278
215,290
215,300
215,322
215,323
215,331
215,358
215,368
215,384
215,398
215,416
215,418
215,426
215,427
215,439
215,457
215,465
215,473
215,481
215,492
215,503
215,526
215,547
215,562
215,570
215,575
215,581
215,627
215,629
215,632
215,633
215,637
215,667
215,677
215,683
215,695
215,701
215,707
215,746
215,769
215,783
215,835
215,842
215,867
215,879
215,909
215,921
215,942
215,955
215,961
215,978
215,979
215,989
215,995
216,250
216,272
216,326
216,435
216,447
216,476
216,671
216,686
216,778
216,812
216,852
216,861
216,862
216,988
217,331
217,359
217,360
217,376
217,476
217,477
217,503
217,518
217,520
217,527
217,594
217,633
217,689
217,692
217,712
217,742
217,823
217,908
217,926
217,954
217,997
218,232
218,249
218,272
218,281
218,307
218,321
218,325
218,326
218,338
218,340
218,343
218,352
218,366
218,367
218,372
218,385
218,392
218,395
218,402
218,422
218,459
218,470
218,487
218,488
218,493
218,527
218,535
218,541
218,544
218,554
218,556
218,568
218,583
218,599
218,604
218,608
218,641
218,645
218,659
218,691
218,716
218,727
218,738
218,744
218,772
218,775
218,777
218,784
218,806
218,818
218,849
218,898
218,906
218,910
218,954
218,994
218,995
219,240
219,266
219,269
219,354
219,409
219,435
219,442
219,451
219,456
219,458
219,478
219,479
219,480
219,491
219,498
219,500
219,528
219,529
219,542
219,608
219,648
219,703
219,710
219,737
219,754
219,760
219,772
219,782
219,797
219,840
219,860
219,874
219,917
219,922
219,929
219,938
219,960
220,240
220,275
220,398
220,462
220,476
220,510
220,527
220,551
220,612
220,626
220,634
220,643
220,668
220,697
220,733
220,740
220,758
220,823
220,832
220,867
220,890
220,942
220,954
220,995
221,341
221,354
221,424
221,437
221,473
221,519
221,531
221,560
221,572
221,596
221,620
221,750
221,804
221,847
221,956
222,232
222,252
222,292
222,372
222,378
222,389
222,403
222,423
222,439
222,466
222,502
222,550
222,563
222,583
222,611
222,645
222,654
222,675
222,766
222,785
222,795
222,807
222,849
222,875
222,881
222,892
222,939
222,941
222,944
222,953
223,267
223,272
223,284
223,325
223,373
223,427
223,466
223,531
223,546
223,565
223,578
223,626
223,637
223,680
223,731
223,751
223,770
223,777
223,784
223,864
223,893
223,900
223,931
223,937
223,971
223,980
224,236
224,274
224,297
224,310
224,325
224,326
224,372
224,389
224,413
224,504
224,583
224,608
224,633
224,659
224,666
224,756
224,758
224,766
224,770
224,915
224,944
225,248
225,250
225,253
225,267
225,278
225,373
225,388
225,408
225,447
225,450
225,456
225,460
225,464
225,480
225,483
225,494
225,496
225,532
225,541
225,556
225,575
225,576
225,591
225,602
225,608
225,616
225,618
225,626
225,630
225,635
225,645
225,671
225,679
225,703
225,721
225,755
225,767
225,778
225,812
225,822
225,841
225,849
225,852
225,862
225,869
225,870
225,886
225,889
225,899
225,912
225,915
225,933
225,967
225,988
225,990
225,993
225,998
226,236
226,238
226,243
226,251
226,280
226,297
226,364
226,372
226,388
226,391
226,420
226,430
226,435
226,494
226,514
226,618
226,651
226,658
226,706
226,791
226,861
226,864
226,870
226,881
226,927
226,988
227,257
227,281
227,293
227,340
227,370
227,376
227,412
227,416
227,428
227,440
227,442
227,471
227,481
227,486
227,495
227,513
227,516
227,526
227,552
227,570
227,584
227,586
227,629
227,667
227,669
227,676
227,731
227,775
227,787
227,803
227,846
227,910
227,934
227,949
228,233
228,300
228,319
228,337
228,361
228,368
228,381
228,387
228,394
228,472
228,475
228,478
228,527
228,544
228,560
228,561
228,574
228,577
228,597
228,602
228,606
228,636
228,640
228,656
228,663
228,682
228,698
228,718
228,776
228,782
228,796
228,804
228,812
228,813
228,819
228,826
228,860
228,877
228,916
228,926
228,930
228,959
228,990
228,991
229,236
229,252
229,257
229,262
229,279
229,292
229,323
229,389
229,420
229,430
229,436
229,514
229,532
229,556
229,559
229,571
229,576
229,616
229,618
229,651
229,755
229,822
229,861
229,870
229,879
229,886
229,892
229,899
229,915
229,968
230,243
230,315
230,399
230,479
230,480
230,494
230,706
230,800
230,834
230,869
230,871
230,889
230,993
231,238
231,244
231,256
231,290
231,320
231,344
231,362
231,400
231,425
231,433
231,506
231,569
231,597
231,603
231,612
231,613
231,650
231,686
231,742
231,743
231,746
231,754
231,776
231,805
231,811
231,819
231,845
231,850
231,919
231,960
231,976
231,978
231,982
232,242
232,258
232,292
232,328
232,361
232,364
232,378
232,385
232,388
232,389
232,396
232,397
232,420
232,422
232,459
232,474
232,512
232,514
232,519
232,537
232,541
232,546
232,561
232,583
232,588
232,604
232,608
232,626
232,632
232,654
232,658
232,695
232,697
232,731
232,747
232,766
232,767
232,785
232,802
232,806
232,811
232,819
232,832
232,849
232,875
232,878
232,881
232,892
232,894
232,898
232,906
232,910
232,953
232,954
232,977
232,988
233,252
233,268
233,288
233,312
233,314
233,337
233,345
233,350
233,354
233,356
233,357
233,368
233,386
233,387
233,393
233,394
233,399
233,414
233,424
233,461
233,464
233,472
233,474
233,475
233,537
233,544
233,548
233,566
233,592
233,594
233,602
233,636
233,640
233,649
233,668
233,673
233,675
233,678
233,696
233,698
233,749
233,750
233,762
233,776
233,783
233,794
233,804
233,828
233,831
233,834
233,840
233,847
233,855
233,888
233,894
233,901
233,907
233,916
233,925
233,962
233,975
234,261
234,296
234,439
234,440
234,443
234,465
234,491
234,527
234,634
234,639
234,643
234,683
234,719
234,830
234,840
234,845
234,867
234,908
234,960
235,318
235,334
235,368
235,433
235,439
235,518
235,519
235,527
235,534
235,561
235,565
235,587
235,590
235,593
235,597
235,675
235,677
235,682
235,691
235,704
235,750
235,752
235,771
235,776
235,780
235,781
235,816
235,819
235,831
235,842
235,859
235,887
235,920
235,921
235,933
235,995
235,997
236,241
236,251
236,280
236,297
236,326
236,423
236,430
236,435
236,436
236,458
236,514
236,616
236,618
236,622
236,659
236,738
236,773
236,823
236,844
236,847
236,860
236,861
236,869
236,870
236,891
236,935
236,986
236,987
237,261
237,298
237,315
237,321
237,343
237,345
237,350
237,356
237,363
237,381
237,473
237,491
237,500
237,531
237,548
237,560
237,573
237,577
237,596
237,620
237,663
237,680
237,688
237,696
237,698
237,750
237,752
237,771
237,791
237,804
237,842
237,847
237,918
237,920
237,930
237,997
238,248
238,257
238,260
238,262
238,263
238,277
238,293
238,307
238,313
238,325
238,349
238,370
238,385
238,417
238,446
238,474
238,512
238,513
238,535
238,552
238,557
238,593
238,607
238,624
238,629
238,632
238,635
238,641
238,654
238,662
238,669
238,714
238,717
238,723
238,748
238,775
238,784
238,808
238,836
238,842
238,871
238,948
238,954
238,970
238,971
238,983
238,988
238,994
238,995
239,244
239,265
239,303
239,316
239,410
239,433
239,444
239,473
239,489
239,505
239,536
239,553
239,587
239,603
239,642
239,653
239,705
239,740
239,747
239,757
239,771
239,784
239,793
239,794
239,798
239,856
239,867
239,919
239,936
239,939
239,957
239,971
240,245
240,248
240,264
240,279
240,301
240,316
240,319
240,332
240,354
240,364
240,399
240,422
240,449
240,456
240,498
240,499
240,514
240,533
240,537
240,548
240,560
240,572
240,578
240,694
240,702
240,762
240,765
240,812
240,815
240,834
240,837
240,860
240,952
240,959
240,961
240,968
240,988
241,251
241,423
241,509
241,514
241,548
241,608
241,622
241,637
241,651
241,753
241,861
241,891
241,950
241,986
242,263
242,293
242,295
242,307
242,313
242,328
242,385
242,409
242,412
242,426
242,468
242,512
242,516
242,550
242,558
242,624
242,641
242,653
242,685
242,699
242,707
242,717
242,724
242,733
242,806
242,817
242,821
242,853
242,863
242,867
242,871
242,914
242,984
243,248
243,317
243,348
243,373
243,391
243,399
243,411
243,430
243,435
243,451
243,480
243,483
243,489
243,493
243,494
243,504
243,506
243,537
243,582
243,714
243,767
243,812
243,822
243,869
243,889
243,912
243,980
243,993
244,276
244,277
244,320
244,344
244,359
244,400
244,419
244,489
244,492
244,507
244,536
244,605
244,637
244,650
244,730
244,732
244,743
244,763
244,853
244,953
244,958
244,960
245,287
245,317
245,332
245,353
245,354
245,357
245,364
245,371
245,409
245,427
245,480
245,499
245,507
245,509
245,540
245,548
245,568
245,572
245,604
245,617
245,623
245,648
245,706
245,708
245,731
245,734
245,738
245,767
245,813
245,815
245,825
245,834
245,855
245,860
245,872
245,888
245,898
245,924
245,933
245,937
245,938
245,943
245,947
245,957
245,963
245,974
245,976
245,981
245,984
245,994
246,352
246,353
246,363
246,457
246,464
246,474
246,553
246,566
246,673
246,684
246,707
246,776
246,813
246,825
246,872
246,901
246,907
246,975
246,996
247,338
247,419
247,534
247,559
247,560
247,568
247,587
247,593
247,605
247,730
247,743
247,757
247,761
247,763
247,788
247,919
247,982
248,292
248,343
248,360
248,364
248,373
248,417
248,472
248,479
248,483
248,494
248,566
248,571
248,580
248,609
248,635
248,638
248,648
248,656
248,659
248,711
248,715
248,755
248,760
248,812
248,815
248,822
248,835
248,841
248,843
248,852
248,869
248,888
248,889
248,891
248,910
248,935
248,963
248,974
248,993
249,301
249,312
249,386
249,393
249,408
249,461
249,464
249,534
249,560
249,577
249,589
249,630
249,663
249,762
249,796
249,809
249,976
249,987
250,272
250,292
250,358
250,434
250,435
250,447
250,511
250,514
250,532
250,541
250,556
250,572
250,575
250,582
250,616
250,659
250,711
250,722
250,731
250,774
250,784
250,800
250,810
250,870
250,935
250,974
250,988
251,387
251,402
251,423
251,529
251,542
251,622
251,651
251,753
251,767
251,783
251,793
251,818
251,870
251,986
252,292
252,372
252,378
252,388
252,389
252,397
252,413
252,420
252,466
252,480
252,498
252,502
252,505
252,511
252,512
252,514
252,548
252,563
252,583
252,643
252,645
252,654
252,666
252,669
252,717
252,731
252,735
252,738
252,766
252,768
252,785
252,791
252,795
252,818
252,834
252,847
252,875
252,892
252,900
252,941
252,944
252,945
252,990
252,991
252,994
253,261
253,293
253,296
253,308
253,315
253,442
253,443
253,463
253,527
253,611
253,619
253,623
253,624
253,698
253,733
253,756
253,794
253,799
253,807
253,827
253,836
253,849
253,867
253,954
254,265
254,276
254,410
254,433
254,464
254,489
254,505
254,527
254,631
254,636
254,642
254,653
254,705
254,710
254,740
254,743
254,757
254,763
254,793
254,897
254,931
254,946
254,982
254,991
255,264
255,347
255,353
255,357
255,405
255,521
255,537
255,542
255,543
255,573
255,602
255,623
255,702
255,782
255,804
255,813
255,815
255,839
255,854
255,952
255,968
255,984
255,990
255,997
256,266
256,316
256,322
256,360
256,425
256,455
256,492
256,524
256,527
256,536
256,588
256,603
256,642
256,653
256,700
256,714
256,746
256,761
256,763
256,788
256,808
256,876
256,908
256,917
256,939
256,942
256,966
256,999
257,284
257,299
257,300
257,324
257,331
257,342
257,346
257,374
257,378
257,384
257,398
257,422
257,432
257,440
257,453
257,470
257,471
257,499
257,513
257,524
257,526
257,546
257,562
257,578
257,612
257,658
257,664
257,667
257,669
257,676
257,679
257,693
257,741
257,754
257,758
257,775
257,779
257,803
257,805
257,812
257,824
257,836
257,871
257,873
257,892
257,898
257,903
257,919
257,926
257,934
257,948
257,953
257,955
257,983
257,985
258,264
258,298
258,375
258,402
258,479
258,505
258,525
258,540
258,568
258,591
258,596
258,599
258,629
258,680
258,708
258,744
258,760
258,769
258,780
258,783
258,809
258,833
258,877
258,901
258,943
258,956
258,963
258,984
258,995
259,280
259,317
259,405
259,409
259,456
259,458
259,479
259,491
259,498
259,648
259,688
259,734
259,745
259,811
259,839
259,840
259,855
259,874
259,896
259,924
259,938
259,964
259,974
259,984
259,987
260,271
260,302
260,366
260,384
260,396
260,412
260,426
260,446
260,489
260,516
260,527
260,545
260,546
260,557
260,563
260,586
260,641
260,645
260,651
260,679
260,699
260,817
260,820
260,821
260,848
260,865
260,879
260,885
260,888
260,904
260,911
260,958
260,977
260,983
260,989
260,994
260,995
260,997
261,272
261,275
261,315
261,360
261,379
261,408
261,439
261,443
261,457
261,469
261,472
261,476
261,481
261,500
261,561
261,570
261,599
261,602
261,610
261,612
261,619
261,630
261,680
261,694
261,726
261,736
261,739
261,744
261,755
261,823
261,837
261,839
261,908
261,920
261,950
261,995
262,272
262,280
262,292
262,307
262,326
262,369
262,371
262,390
262,392
262,403
262,423
262,427
262,430
262,432
262,434
262,466
262,476
262,480
262,502
262,509
262,511
262,514
262,548
262,575
262,592
262,616
262,622
262,635
262,646
262,654
262,706
262,722
262,731
262,738
262,759
262,766
262,782
262,785
262,794
262,796
262,818
262,819
262,822
262,825
262,845
262,862
262,869
262,875
262,878
262,892
262,906
262,958
262,988
263,272
263,305
263,308
263,328
263,349
263,374
263,385
263,446
263,452
263,459
263,481
263,513
263,535
263,619
263,632
263,641
263,683
263,708
263,714
263,758
263,774
263,789
263,803
263,833
263,888
263,948
264,266
264,411
264,415
264,422
264,449
264,473
264,483
264,491
264,515
264,533
264,542
264,572
264,578
264,592
264,616
264,675
264,695
264,698
264,703
264,706
264,711
264,723
264,745
264,782
264,788
264,804
264,852
264,860
264,871
264,880
264,913
264,917
264,918
264,922
264,923
264,949
264,957
264,959
264,980
264,981
265,289
265,315
265,322
265,360
265,394
265,414
265,429
265,485
265,493
265,619
265,627
265,664
265,709
265,714
265,754
265,779
265,843
265,853
265,854
265,857
266,287
266,289
266,304
266,319
266,347
266,350
266,354
266,364
266,395
266,399
266,402
266,405
266,417
266,451
266,456
266,487
266,491
266,496
266,529
266,540
266,548
266,568
266,571
266,579
266,589
266,612
266,613
266,623
266,625
266,626
266,654
266,696
266,721
266,731
266,751
266,758
266,772
266,795
266,797
266,837
266,855
266,872
266,875
266,889
266,917
266,924
266,927
266,930
266,938
266,940
266,947
266,981
266,984
266,987
266,993
267,318
267,332
267,350
267,390
267,392
267,417
267,431
267,433
267,460
267,466
267,479
267,484
267,487
267,491
267,499
267,509
267,514
267,526
267,538
267,545
267,568
267,609
267,626
267,645
267,721
267,731
267,764
267,794
267,802
267,855
267,874
267,878
267,882
267,906
267,924
267,932
267,941
267,956
267,980
268,282
268,294
268,306
268,343
268,344
268,345
268,353
268,360
268,365
268,386
268,396
268,437
268,464
268,465
268,505
268,545
268,553
268,561
268,585
268,594
268,612
268,640
268,649
268,651
268,684
268,688
268,707
268,776
268,781
268,793
268,847
268,887
268,934
268,942
268,961
268,966
268,997
269,317
269,350
269,395
269,399
269,409
269,458
269,479
269,498
269,617
269,662
269,664
269,678
269,706
269,711
269,715
269,755
269,929
269,938
269,947
269,952
269,980
270,349
270,376
270,398
270,439
270,442
270,629
270,641
270,657
270,676
270,763
270,776
270,779
270,820
270,873
270,876
270,909
270,924
270,931
270,994
271,295
271,308
271,328
271,349
271,374
271,390
271,451
271,470
271,512
271,534
271,554
271,645
271,649
271,662
271,669
271,692
271,695
271,704
271,717
271,733
271,766
271,784
271,841
271,846
271,888
271,892
271,896
271,902
271,924
271,934
271,941
271,948
271,954
271,970
271,994
272,280
272,353
272,364
272,371
272,391
272,392
272,403
272,407
272,478
272,488
272,509
272,514
272,556
272,563
272,576
272,608
272,611
272,618
272,635
272,638
272,651
272,654
272,678
272,722
272,738
272,758
272,766
272,812
272,818
272,822
272,844
272,852
272,855
272,861
272,892
272,929
272,988
273,286
273,346
273,347
273,366
273,385
273,396
273,412
273,464
273,486
273,508
273,584
273,586
273,629
273,679
273,683
273,687
273,699
273,700
273,736
273,820
273,821
273,878
273,904
273,911
273,958
273,977
273,989
273,995
274,348
274,369
274,389
274,424
274,435
274,436
274,493
274,502
274,532
274,535
274,556
274,558
274,576
274,583
274,608
274,618
274,651
274,915
274,942
274,959
275,291
275,294
275,304
275,315
275,318
275,337
275,360
275,371
275,387
275,455
275,467
275,472
275,473
275,476
275,481
275,487
275,554
275,560
275,573
275,577
275,594
275,597
275,599
275,620
275,633
275,673
275,677
275,682
275,697
275,716
275,726
275,729
275,732
275,750
275,788
275,819
275,823
275,827
275,832
275,833
275,851
275,859
275,860
275,875
275,879
275,883
275,934
275,942
275,994
276,303
276,311
276,322
276,329
276,336
276,338
276,344
276,351
276,359
276,395
276,433
276,452
276,505
276,537
276,549
276,559
276,588
276,649
276,653
276,655
276,705
276,726
276,740
276,747
276,752
276,757
276,790
276,793
276,811
276,856
276,878
276,883
276,887
276,897
276,928
276,931
276,992
277,292
277,367
277,388
277,396
277,427
277,460
277,461
277,470
277,487
277,554
277,604
277,626
277,632
277,694
277,695
277,719
277,737
277,758
277,767
277,769
277,773
277,837
277,866
277,900
277,910
277,953
277,994
278,282
278,300
278,333
278,340
278,346
278,347
278,384
278,390
278,396
278,416
278,428
278,477
278,486
278,508
278,524
278,536
278,611
278,644
278,672
278,683
278,686
278,693
278,699
278,736
278,829
278,848
278,854
278,904
278,925
278,939
278,960
278,995
278,997
279,294
279,306
279,315
279,336
279,355
279,368
279,426
279,452
279,464
279,490
279,539
279,545
279,559
279,572
279,585
279,590
279,621
279,630
279,644
279,660
279,682
279,684
279,696
279,704
279,708
279,712
279,723
279,759
279,781
279,782
279,811
279,859
279,883
279,887
279,928
279,961
279,997
280,326
280,364
280,369
280,371
280,389
280,390
280,391
280,422
280,423
280,456
280,483
280,494
280,509
280,512
280,514
280,525
280,537
280,563
280,573
280,575
280,582
280,608
280,612
280,616
280,650
280,659
280,671
280,715
280,753
280,778
280,784
280,791
280,795
280,800
280,812
280,822
280,847
280,852
280,861
280,869
280,870
280,878
280,894
281,370
281,398
281,440
281,477
281,508
281,633
281,667
281,731
281,768
281,779
281,787
281,803
281,836
281,894
281,903
281,960
281,983
282,310
282,325
282,333
282,385
282,416
282,440
282,442
282,446
282,462
282,481
282,508
282,516
282,524
282,547
282,562
282,619
282,637
282,658
282,667
282,687
282,690
282,754
282,836
282,858
282,865
282,894
282,911
282,960
282,983
282,989
283,290
283,303
283,316
283,320
283,336
283,359
283,368
283,410
283,448
283,452
283,485
283,489
283,585
283,593
283,596
283,642
283,649
283,653
283,655
283,662
283,665
283,725
283,757
283,759
283,773
283,790
283,810
283,856
283,873
283,887
283,905
283,926
283,928
283,931
283,944
283,946
283,961
283,971
284,360
284,527
284,561
284,594
284,599
284,610
284,625
284,729
284,744
284,858
284,956
285,293
285,299
285,309
285,339
285,421
285,471
285,534
285,535
285,631
285,658
285,662
285,695
285,724
285,738
285,805
285,845
285,881
285,953
285,958
285,970
286,302
286,305
286,328
286,333
286,347
286,366
286,412
286,418
286,446
286,486
286,495
286,541
286,546
286,584
286,586
286,612
286,626
286,644
286,686
286,691
286,699
286,736
286,779
286,812
286,824
286,902
286,904
286,911
286,958
286,970
286,977
286,989
287,350
287,394
287,399
287,434
287,456
287,498
287,533
287,537
287,548
287,580
287,623
287,647
287,674
287,706
287,855
287,880
287,883
287,932
287,943
287,947
287,974
287,984
288,314
288,337
288,434
288,445
288,464
288,487
288,521
288,531
288,549
288,566
288,594
288,647
288,714
288,813
288,824
288,825
288,838
288,877
288,882
288,900
288,912
288,975
289,350
289,357
289,410
289,445
289,451
289,483
289,491
289,496
289,500
289,561
289,603
289,620
289,665
289,698
289,706
289,745
289,750
289,809
289,832
289,872
289,874
289,930
289,964
290,310
290,344
290,350
290,414
290,423
290,426
290,455
290,507
290,530
290,545
290,585
290,587
290,639
290,644
290,672
290,690
290,700
290,732
290,776
290,805
290,810
290,857
290,881
290,890
290,949
290,960
291,306
291,360
291,368
291,421
291,493
291,524
291,527
291,559
291,567
291,615
291,639
291,680
291,691
291,697
291,704
291,709
291,712
291,742
291,819
291,854
291,866
291,879
291,906
291,908
291,926
291,929
291,971
292,325
292,339
292,367
292,372
292,378
292,389
292,390
292,413
292,417
292,460
292,502
292,504
292,535
292,541
292,583
292,613
292,651
292,654
292,658
292,666
292,695
292,717
292,722
292,735
292,765
292,780
292,785
292,795
292,803
292,817
292,822
292,864
292,888
292,892
292,898
292,900
292,906
292,910
292,953
292,958
292,970
293,295
293,300
293,327
293,333
293,335
293,339
293,385
293,396
293,435
293,451
293,468
293,495
293,501
293,541
293,551
293,562
293,594
293,604
293,632
293,634
293,654
293,685
293,701
293,713
293,727
293,728
293,786
293,789
293,795
293,810
293,817
293,821
293,846
293,863
293,867
293,881
293,888
293,891
293,900
293,902
293,903
293,914
293,953
293,983
294,320
294,344
294,365
294,438
294,439
294,451
294,485
294,489
294,493
294,518
294,545
294,585
294,612
294,649
294,684
294,707
294,747
294,752
294,771
294,781
294,847
294,859
294,883
294,887
294,931
294,951
294,966
294,997
295,307
295,325
295,328
295,335
295,339
295,362
295,376
295,388
295,396
295,421
295,468
295,495
295,512
295,532
295,535
295,550
295,552
295,624
295,666
295,685
295,690
295,713
295,717
295,786
295,817
295,830
295,846
295,863
295,865
295,970
295,977
296,322
296,365
296,367
296,403
296,439
296,520
296,565
296,603
296,614
296,631
296,692
296,708
296,712
296,719
296,744
296,769
296,770
296,981
297,322
297,323
297,351
297,371
297,388
297,430
297,450
297,466
297,563
297,616
297,654
297,773
297,861
297,870
297,891
297,899
297,906
297,915
297,986
298,315
298,337
298,343
298,357
298,392
298,417
298,430
298,451
298,465
298,474
298,479
298,488
298,491
298,519
298,525
298,540
298,545
298,568
298,579
298,633
298,651
298,674
298,688
298,716
298,719
298,744
298,750
298,756
298,760
298,765
298,772
298,809
298,812
298,833
298,874
298,994
299,308
299,328
299,330
299,339
299,369
299,382
299,388
299,403
299,421
299,422
299,427
299,459
299,471
299,483
299,486
299,512
299,526
299,535
299,575
299,604
299,605
299,624
299,637
299,662
299,685
299,693
299,695
299,717
299,724
299,726
299,733
299,769
299,789
299,817
299,818
299,863
299,881
299,898
299,938
299,953
299,967
299,970
299,983
300,309
300,310
300,339
300,340
300,346
300,347
300,349
300,362
300,388
300,392
300,409
300,412
300,415
300,416
300,428
300,505
300,508
300,513
300,524
300,550
300,562
300,607
300,630
300,644
300,670
300,676
300,683
300,732
300,761
300,817
300,824
300,870
300,890
300,921
300,925
300,938
300,955
300,960
300,985
300,992
301,314
301,343
301,345
301,361
301,386
301,387
301,408
301,512
301,549
301,566
301,577
301,589
301,592
301,595
301,601
301,630
301,646
301,663
301,707
301,796
301,804
301,828
301,877
301,882
301,907
301,916
301,952
302,313
302,318
302,342
302,377
302,453
302,495
302,508
302,584
302,615
302,667
302,736
302,741
302,785
302,789
302,807
302,824
302,858
302,885
302,909
302,972
303,318
303,329
303,341
303,359
303,368
303,414
303,452
303,467
303,485
303,490
303,517
303,559
303,593
303,597
303,615
303,649
303,664
303,673
303,682
303,684
303,720
303,792
303,834
303,883
303,901
303,928
303,966
303,975
303,997
304,483
304,496
304,499
304,538
304,561
304,568
304,579
304,623
304,651
304,666
304,674
304,680
304,721
304,744
304,770
304,837
304,872
304,878
304,893
304,930
304,993
304,994
305,381
305,453
305,487
305,497
305,540
305,606
305,631
305,645
305,677
305,692
305,703
305,721
305,733
305,737
305,738
305,744
305,747
305,769
305,794
305,799
305,809
305,878
305,927
305,976
306,353
306,355
306,360
306,365
306,368
306,412
306,414
306,485
306,539
306,590
306,597
306,652
306,665
306,684
306,723
306,759
306,816
306,831
306,883
306,920
306,930
306,961
307,339
307,389
307,440
307,459
307,482
307,512
307,535
307,576
307,616
307,645
307,654
307,658
307,717
307,741
307,765
307,768
307,778
307,786
307,787
307,789
307,806
307,817
307,818
307,822
307,846
307,863
307,878
307,881
307,888
307,898
307,901
307,910
307,992
308,318
308,325
308,330
308,388
308,398
308,421
308,453
308,463
308,480
308,500
308,526
308,536
308,546
308,554
308,565
308,578
308,609
308,613
308,627
308,634
308,651
308,657
308,671
308,693
308,726
308,775
308,784
308,803
308,827
308,829
308,858
308,866
308,867
308,888
308,889
308,896
308,898
308,909
308,942
308,954
308,960
308,994
309,349
309,362
309,380
309,424
309,448
309,546
309,547
309,562
309,592
309,600
309,644
309,810
309,857
309,902
309,918
309,925
309,978
309,979
310,340
310,379
310,380
310,396
310,412
310,416
310,419
310,428
310,448
310,513
310,564
310,625
310,644
310,670
310,737
310,743
310,830
310,885
310,925
310,940
310,942
310,979
310,985
311,338
311,587
311,655
311,710
311,757
311,939
311,942
311,945
311,961
311,969
311,992
311,996
312,321
312,345
312,350
312,352
312,355
312,365
312,409
312,436
312,438
312,457
312,458
312,461
312,519
312,531
312,545
312,557
312,560
312,580
312,592
312,596
312,605
312,620
312,621
312,688
312,698
312,708
312,749
312,752
312,771
312,776
312,792
312,813
312,847
312,859
312,883
312,912
312,913
312,925
313,328
313,350
313,376
313,385
313,482
313,495
313,501
313,513
313,514
313,532
313,552
313,584
313,624
313,632
313,641
313,669
313,735
313,741
313,748
313,787
313,789
313,803
313,881
313,900
313,903
313,911
313,951
313,962
313,983
314,549
314,566
314,596
314,647
314,776
314,855
314,874
314,882
314,901
314,912
314,975
314,981
315,325
315,331
315,341
315,343
315,360
315,382
315,424
315,437
315,438
315,439
315,454
315,464
315,473
315,480
315,496
315,525
315,561
315,568
315,571
315,573
315,597
315,609
315,612
315,633
315,675
315,681
315,688
315,708
315,718
315,745
315,749
315,751
315,752
315,756
315,824
315,825
315,843
315,845
315,847
315,883
315,920
315,950
315,956
315,972
316,320
316,410
316,433
316,457
316,493
316,505
316,508
316,536
316,587
316,605
316,642
316,705
316,725
316,729
316,750
316,761
316,772
316,776
316,788
316,798
316,805
316,852
316,870
316,936
317,364
317,367
317,392
317,399
317,408
317,409
317,417
317,423
317,446
317,453
317,456
317,475
317,479
317,498
317,499
317,538
317,542
317,547
317,592
317,645
317,648
317,651
317,658
317,694
317,706
317,726
317,734
317,767
317,784
317,830
317,860
317,864
317,869
317,874
317,943
317,952
317,957
317,974
317,981
317,984
317,988
318,321
318,332
318,333
318,360
318,362
318,379
318,400
318,429
318,443
318,444
318,467
318,469
318,476
318,488
318,536
318,549
318,557
318,559
318,570
318,597
318,621
318,639
318,643
318,645
318,652
318,690
318,708
318,726
318,732
318,742
318,781
318,811
318,819
318,823
318,840
318,850
318,876
318,879
318,907
318,908
318,921
318,926
318,930
318,934
318,950
318,971
319,356
319,361
319,382
319,387
319,408
319,424
319,456
319,461
319,472
319,474
319,475
319,478
319,479
319,519
319,532
319,544
319,545
319,549
319,566
319,572
319,577
319,599
319,602
319,636
319,640
319,663
319,664
319,668
319,678
319,698
319,718
319,747
319,752
319,762
319,813
319,825
319,826
319,840
319,851
319,860
319,877
319,882
319,890
319,917
319,980
319,990
319,991
320,344
320,351
320,400
320,419
320,455
320,479
320,492
320,527
320,535
320,536
320,545
320,555
320,562
320,569
320,605
320,637
320,641
320,649
320,650
320,692
320,705
320,740
320,743
320,746
320,754
320,761
320,793
320,808
320,842
320,848
320,853
320,919
320,961
320,978
320,997
321,365
321,442
321,444
321,519
321,531
321,560
321,561
321,573
321,596
321,617
321,632
321,678
321,684
321,721
321,752
321,763
321,840
321,847
321,859
321,918
321,974
322,324
322,344
322,367
322,379
322,404
322,414
322,416
322,419
322,428
322,429
322,438
322,450
322,467
322,485
322,506
322,514
322,522
322,534
322,536
322,551
322,600
322,603
322,627
322,650
322,664
322,673
322,700
322,704
322,712
322,714
322,729
322,763
322,767
322,788
322,793
322,811
322,835
322,850
322,854
322,877
322,879
322,900
322,905
322,919
322,926
322,939
322,969
322,971
322,979
322,982
323,326
323,399
323,407
323,430
323,436
323,464
323,493
323,509
323,514
323,532
323,563
323,576
323,607
323,608
323,618
323,651
323,666
323,686
323,722
323,735
323,766
323,785
323,802
323,818
323,856
323,858
323,861
323,875
323,891
323,892
323,941
323,944
323,980
323,986
323,988
323,993
324,362
324,418
324,419
324,448
324,455
324,518
324,627
324,754
324,805
324,835
324,853
324,857
324,940
324,985
325,361
325,369
325,372
325,388
325,390
325,421
325,423
325,459
325,465
325,495
325,502
325,604
325,666
325,695
325,698
325,748
325,765
325,772
325,785
325,806
325,818
325,832
325,849
325,875
325,892
325,898
325,900
325,906
325,910
325,923
325,954
325,970
325,986
326,371
326,382
326,435
326,436
326,437
326,440
326,466
326,556
326,576
326,608
326,722
326,822
326,862
326,900
326,941
327,335
327,339
327,366
327,377
327,389
327,412
327,446
327,486
327,507
327,535
327,567
327,645
327,662
327,689
327,741
327,768
327,787
327,810
327,821
327,911
327,954
328,382
328,389
328,390
328,392
328,397
328,420
328,421
328,430
328,446
328,459
328,471
328,493
328,512
328,535
328,541
328,604
328,651
328,662
328,666
328,687
328,695
328,717
328,785
328,821
328,835
328,881
328,896
328,898
328,900
328,906
328,941
328,953
328,970
329,334
329,353
329,401
329,467
329,490
329,517
329,559
329,587
329,592
329,597
329,621
329,649
329,652
329,684
329,691
329,720
329,723
329,740
329,759
329,808
329,811
329,821
329,926
329,928
329,955
329,966
329,997
330,439
330,451
330,460
330,463
330,513
330,554
330,562
330,619
330,624
330,693
330,733
330,734
330,822
330,836
330,914
330,954
331,347
331,426
331,442
331,464
331,552
331,629
331,669
331,676
331,709
331,768
331,873
331,948
331,957
331,960
332,357
332,427
332,460
332,463
332,480
332,483
332,498
332,511
332,535
332,541
332,558
332,602
332,626
332,658
332,715
332,750
332,765
332,767
332,802
332,811
332,812
332,818
332,822
332,833
332,889
332,913
332,976
332,988
333,340
333,342
333,347
333,396
333,412
333,433
333,462
333,482
333,486
333,502
333,508
333,535
333,545
333,546
333,547
333,557
333,584
333,586
333,607
333,613
333,641
333,679
333,683
333,687
333,736
333,741
333,784
333,787
333,792
333,824
333,858
333,873
333,875
333,879
333,885
333,904
333,911
333,914
333,925
333,958
333,977
333,979
333,983
333,989
334,351
334,368
334,544
334,560
334,590
334,602
334,603
334,641
334,652
334,665
334,684
334,759
334,776
334,790
334,798
334,953
334,984
335,384
335,410
335,435
335,446
335,468
335,503
335,535
335,552
335,557
335,567
335,627
335,713
335,717
335,741
335,836
335,869
335,881
335,903
335,985
336,337
336,351
336,359
336,368
336,380
336,401
336,433
336,449
336,452
336,485
336,489
336,504
336,505
336,524
336,534
336,535
336,545
336,588
336,593
336,627
336,635
336,642
336,649
336,652
336,655
336,710
336,719
336,740
336,741
336,761
336,788
336,790
336,811
336,819
336,832
336,856
336,883
336,885
336,905
336,928
336,946
337,341
337,345
337,352
337,361
337,368
337,381
337,386
337,387
337,395
337,402
337,408
337,424
337,457
337,461
337,472
337,475
337,541
337,566
337,573
337,578
337,581
337,589
337,602
337,624
337,636
337,663
337,668
337,678
337,684
337,688
337,698
337,701
337,749
337,750
337,758
337,762
337,782
337,792
337,813
337,825
337,828
337,831
337,882
337,930
337,938
337,966
337,995
337,996
338,351
338,356
338,360
338,368
338,386
338,425
338,472
338,489
338,490
338,518
338,530
338,534
338,545
338,615
338,628
338,649
338,650
338,653
338,655
338,660
338,670
338,710
338,747
338,757
338,761
338,790
338,846
338,856
338,865
338,876
338,883
338,913
338,926
338,931
338,961
338,992
339,422
339,443
339,449
339,459
339,471
339,512
339,535
339,541
339,550
339,556
339,567
339,654
339,658
339,688
339,717
339,719
339,727
339,766
339,768
339,775
339,829
339,881
339,888
339,974
340,346
340,366
340,390
340,396
340,406
340,428
340,508
340,516
340,524
340,584
340,607
340,670
340,683
340,717
340,724
340,741
340,747
340,758
340,775
340,821
340,858
340,865
340,866
340,871
340,908
340,925
340,926
340,954
340,977
340,989
341,343
341,358
341,443
341,458
341,467
341,473
341,578
341,594
341,665
341,688
341,704
341,720
341,723
341,750
341,752
341,776
341,783
341,912
341,920
341,928
342,462
342,486
342,524
342,748
342,775
342,787
342,908
342,989
343,345
343,352
343,365
343,371
343,399
343,444
343,457
343,464
343,469
343,474
343,477
343,485
343,519
343,545
343,559
343,566
343,590
343,593
343,603
343,621
343,627
343,646
343,673
343,684
343,707
343,720
343,731
343,752
343,761
343,772
343,776
343,783
343,798
343,804
343,811
343,813
343,819
343,831
343,864
343,887
343,901
343,920
343,957
343,966
343,985
344,380
344,410
344,414
344,419
344,425
344,455
344,465
344,467
344,492
344,493
344,522
344,536
344,623
344,650
344,653
344,659
344,666
344,672
344,701
344,732
344,740
344,743
344,754
344,757
344,782
344,784
344,805
344,814
344,832
344,879
344,883
344,895
344,982
345,351
345,352
345,362
345,379
345,424
345,432
345,464
345,477
345,498
345,517
345,531
345,545
345,553
345,560
345,573
345,594
345,597
345,613
345,640
345,646
345,648
345,659
345,698
345,707
345,708
345,749
345,752
345,769
345,776
345,781
345,792
345,845
345,847
345,877
345,901
345,907
345,912
345,930
345,934
345,975
345,980
345,990
345,997
346,406
346,428
346,442
346,479
346,486
346,541
346,584
346,607
346,641
346,670
346,683
346,687
346,690
346,775
346,898
346,925
346,974
346,977
346,989
347,366
347,377
347,396
347,412
347,446
347,462
347,482
347,486
347,508
347,524
347,546
347,570
347,584
347,586
347,611
347,641
347,679
347,686
347,687
347,699
347,732
347,736
347,775
347,821
347,824
347,836
347,844
347,854
347,885
347,904
347,911
347,958
347,989
347,992
348,360
348,365
348,390
348,392
348,447
348,494
348,502
348,511
348,529
348,535
348,575
348,591
348,594
348,638
348,661
348,694
348,738
348,765
348,767
348,778
348,802
348,862
348,878
348,994
349,406
349,513
349,632
349,733
349,758
349,803
349,888
349,945
349,951
350,361
350,365
350,389
350,395
350,424
350,432
350,437
350,454
350,469
350,491
350,500
350,519
350,525
350,529
350,538
350,581
350,595
350,597
350,617
350,688
350,698
350,711
350,720
350,745
350,761
350,772
350,805
350,814
350,840
350,860
350,867
350,874
350,877
350,889
350,901
350,912
350,923
350,929
350,930
350,952
350,957
350,968
350,972
350,981
350,990
351,359
351,401
351,410
351,452
351,485
351,489
351,492
351,508
351,552
351,587
351,588
351,603
351,615
351,628
351,649
351,653
351,691
351,710
351,723
351,725
351,732
351,740
351,752
351,757
351,761
351,788
351,790
351,830
351,831
351,856
351,870
351,897
351,919
351,928
351,931
351,946
351,992
352,360
352,363
352,493
352,500
352,544
352,545
352,549
352,581
352,594
352,620
352,630
352,649
352,684
352,727
352,752
352,792
352,831
352,907
352,909
352,912
352,930
352,945
352,975
353,359
353,363
353,457
353,463
353,464
353,489
353,598
353,621
353,729
353,776
353,788
353,843
353,901
353,996
354,402
354,436
354,528
354,568
354,715
354,734
354,737
354,812
354,837
354,844
354,855
354,886
354,945
354,947
354,974
355,401
355,404
355,467
355,493
355,534
355,552
355,555
355,559
355,594
355,596
355,597
355,603
355,621
355,628
355,642
355,660
355,664
355,671
355,681
355,729
355,730
355,750
355,781
355,811
355,816
355,819
355,850
355,862
355,883
355,884
355,895
355,912
355,934
355,939
355,942
355,969
356,393
356,479
356,542
356,544
356,602
356,696
356,698
356,703
356,762
356,777
356,813
356,877
356,882
356,917
356,934
356,990
357,361
357,369
357,383
357,395
357,409
357,467
357,479
357,483
357,491
357,496
357,500
357,529
357,533
357,537
357,602
357,648
357,678
357,734
357,745
357,750
357,779
357,781
357,796
357,833
357,847
357,855
357,860
357,874
357,918
357,923
357,929
357,932
357,938
357,943
357,947
357,957
357,964
357,981
357,989
357,997
358,379
358,396
358,398
358,418
358,422
358,437
358,443
358,495
358,507
358,547
358,602
358,603
358,609
358,637
358,676
358,689
358,701
358,775
358,786
358,818
358,833
358,835
358,837
358,842
358,879
358,887
358,898
358,904
358,909
358,942
358,948
358,955
358,970
358,989
358,995
359,401
359,467
359,485
359,490
359,505
359,510
359,594
359,649
359,653
359,723
359,757
359,790
359,793
359,805
359,831
359,856
359,858
359,868
359,883
359,946
359,956
360,367
360,379
360,390
360,414
360,460
360,469
360,476
360,477
360,493
360,510
360,518
360,530
360,555
360,562
360,610
360,625
360,627
360,639
360,641
360,643
360,664
360,675
360,684
360,697
360,712
360,716
360,726
360,742
360,752
360,783
360,789
360,810
360,816
360,819
360,830
360,832
360,839
360,845
360,850
360,866
360,898
360,909
360,912
360,921
360,926
360,934
360,948
360,998
361,365
361,368
361,379
361,417
361,435
361,453
361,456
361,472
361,473
361,475
361,479
361,491
361,500
361,508
361,511
361,528
361,565
361,575
361,581
361,617
361,673
361,678
361,698
361,731
361,745
361,749
361,759
361,776
361,792
361,800
361,826
361,840
361,855
361,860
361,874
361,880
361,908
361,923
361,959
361,963
361,981
361,997
362,380
362,398
362,400
362,419
362,429
362,448
362,455
362,457
362,475
362,488
362,506
362,536
362,564
362,569
362,597
362,632
362,637
362,650
362,690
362,691
362,730
362,732
362,754
362,758
362,805
362,835
362,842
362,853
362,857
362,949
362,955
362,963
362,985
363,381
363,457
363,464
363,561
363,594
363,598
363,621
363,653
363,665
363,776
363,790
363,811
363,828
363,829
363,831
363,901
363,991
363,996
364,392
364,397
364,430
364,460
364,480
364,514
364,571
364,582
364,603
364,635
364,656
364,659
364,671
364,715
364,722
364,753
364,755
364,778
364,791
364,800
364,822
364,852
364,899
364,910
364,967
365,411
365,436
365,444
365,474
365,518
365,545
365,561
365,594
365,614
365,697
365,715
365,752
365,771
365,847
365,887
365,975
366,376
366,377
366,396
366,440
366,486
366,495
366,501
366,535
366,546
366,550
366,557
366,584
366,594
366,611
366,686
366,699
366,748
366,768
366,817
366,820
366,821
366,848
366,858
366,870
366,893
366,903
366,914
366,925
366,932
366,958
366,977
366,986
367,396
367,427
367,453
367,467
367,487
367,502
367,509
367,565
367,578
367,606
367,619
367,631
367,677
367,689
367,693
367,699
367,719
367,728
367,731
367,754
367,769
367,794
367,807
367,896
367,901
367,908
367,954
367,969
368,380
368,405
368,452
368,467
368,490
368,492
368,493
368,515
368,590
368,628
368,684
368,704
368,723
368,727
368,756
368,759
368,811
368,856
368,887
368,921
368,946
368,958
368,997
369,382
369,390
369,392
369,403
369,420
369,466
369,502
369,538
369,563
369,591
369,645
369,727
369,738
369,784
369,799
369,818
369,820
369,906
369,944
369,996
370,442
370,468
370,481
370,501
370,535
370,562
370,607
370,632
370,667
370,669
370,672
370,693
370,741
370,786
370,983
371,391
371,403
371,407
371,430
371,434
371,435
371,449
371,450
371,460
371,502
371,509
371,514
371,556
371,593
371,608
371,616
371,638
371,678
371,695
371,722
371,773
371,775
371,800
371,804
371,813
371,834
371,912
371,941
371,988
372,390
372,420
372,459
372,460
372,502
372,571
372,583
372,654
372,766
372,785
372,818
372,849
372,892
372,895
372,898
372,962
373,399
373,403
373,417
373,434
373,444
373,548
373,558
373,609
373,721
373,731
373,755
373,778
373,802
373,822
373,844
373,913
373,929
373,943
373,968
373,974
373,980
373,987
373,993
374,421
374,422
374,436
374,458
374,543
374,590
374,604
374,613
374,618
374,627
374,658
374,677
374,724
374,767
374,784
374,803
374,863
374,888
374,902
374,914
374,953
374,970
375,439
375,458
375,473
375,509
375,525
375,537
375,540
375,561
375,579
375,610
375,613
375,633
375,761
375,784
375,833
375,930
375,932
375,933
375,949
375,957
376,385
376,396
376,446
376,459
376,471
376,535
376,631
376,669
376,695
376,741
376,768
376,820
376,821
376,858
376,962
377,396
377,418
377,477
377,486
377,508
377,547
377,557
377,584
377,586
377,611
377,690
377,699
377,736
377,904
377,958
378,389
378,397
378,413
378,420
378,436
378,466
378,471
378,491
378,563
378,666
378,667
378,735
378,785
378,786
378,795
378,818
378,849
378,887
378,906
378,916
378,932
378,972
379,398
379,408
379,409
379,439
379,443
379,454
379,476
379,477
379,486
379,510
379,526
379,527
379,530
379,545
379,560
379,612
379,619
379,639
379,686
379,689
379,693
379,695
379,697
379,742
379,754
379,785
379,803
379,819
379,832
379,839
379,845
379,851
379,853
379,854
379,926
379,934
379,950
379,976
379,995
380,388
380,400
380,416
380,455
380,522
380,565
380,587
380,672
380,690
380,695
380,727
380,729
380,730
380,732
380,757
380,780
380,835
380,843
380,857
380,868
380,907
380,949
380,968
380,979
380,992
380,997
381,392
381,404
381,424
381,491
381,498
381,560
381,580
381,581
381,613
381,620
381,696
381,702
381,718
381,740
381,749
381,792
381,828
381,847
382,388
382,390
382,403
382,460
382,508
382,591
382,632
382,737
382,767
382,784
382,844
382,888
382,900
382,902
382,964
382,994
383,484
383,496
383,520
383,538
383,721
383,852
383,869
383,872
383,899
383,933
383,935
383,957
383,980
383,984
384,428
384,440
384,446
384,482
384,486
384,513
384,546
384,584
384,607
384,611
384,627
384,686
384,724
384,778
384,779
384,848
384,878
384,904
384,940
384,958
384,979
384,989
385,386
385,397
385,398
385,420
385,446
385,459
385,495
385,513
385,526
385,563
385,597
385,624
385,641
385,658
385,693
385,713
385,714
385,717
385,719
385,734
385,741
385,786
385,803
385,815
385,829
385,836
385,846
385,848
385,863
385,871
385,881
385,906
385,914
385,983
386,395
386,408
386,438
386,457
386,472
386,474
386,479
386,543
386,548
386,573
386,577
386,581
386,592
386,601
386,630
386,646
386,663
386,668
386,678
386,683
386,734
386,755
386,782
386,796
386,801
386,822
386,877
386,879
386,882
386,901
386,950
386,972
387,394
387,408
387,411
387,413
387,472
387,475
387,544
387,575
387,589
387,592
387,601
387,602
387,636
387,640
387,646
387,663
387,673
387,678
387,707
387,747
387,762
387,826
387,882
387,907
388,390
388,406
388,407
388,417
388,422
388,447
388,453
388,463
388,471
388,479
388,502
388,509
388,515
388,529
388,541
388,557
388,565
388,604
388,619
388,649
388,654
388,694
388,737
388,738
388,765
388,769
388,780
388,784
388,785
388,786
388,789
388,818
388,849
388,871
388,875
388,892
388,898
388,906
388,909
388,913
388,953
388,957
388,989
389,397
389,413
389,436
389,443
389,460
389,471
389,495
389,532
389,552
389,563
389,583
389,651
389,666
389,667
389,735
389,737
389,753
389,766
389,775
389,784
389,793
389,795
389,906
389,922
389,941
389,953
390,392
390,397
390,421
390,427
390,453
390,466
390,479
390,494
390,502
390,516
390,541
390,548
390,558
390,597
390,607
390,618
390,635
390,645
390,708
390,728
390,738
390,761
390,764
390,766
390,785
390,800
390,803
390,806
390,811
390,818
390,844
390,849
390,861
390,862
390,866
390,875
390,892
390,895
390,906
390,910
390,913
390,932
390,933
391,417
391,423
391,430
391,458
391,494
391,514
391,556
391,575
391,582
391,635
391,659
391,722
391,741
391,773
391,778
391,800
391,861
392,405
392,411
392,433
392,492
392,499
392,502
392,509
392,511
392,514
392,529
392,556
392,583
392,604
392,606
392,608
392,619
392,626
392,638
392,645
392,671
392,738
392,755
392,766
392,767
392,802
392,807
392,818
392,849
392,862
392,872
392,878
392,898
392,906
392,927
392,941
392,981
393,394
393,445
393,457
393,574
393,620
393,623
393,633
393,640
393,678
393,691
393,796
393,801
393,838
393,882
393,907
393,930
393,990
393,995
394,427
394,475
394,485
394,493
394,542
394,543
394,589
394,636
394,640
394,668
394,762
394,771
394,776
394,782
394,792
394,828
394,888
394,907
394,994
395,500
395,548
395,577
395,616
395,617
395,620
395,695
395,698
395,729
395,745
395,784
395,834
395,874
395,956
396,412
396,446
396,473
396,482
396,486
396,495
396,501
396,546
396,553
396,557
396,584
396,624
396,626
396,632
396,641
396,667
396,679
396,687
396,695
396,736
396,741
396,748
396,768
396,787
396,817
396,836
396,848
396,874
396,898
396,911
396,953
396,954
396,958
396,962
396,983
396,989
397,413
397,436
397,525
397,541
397,556
397,583
397,619
397,651
397,654
397,666
397,717
397,785
397,818
397,849
397,857
397,860
397,906
397,910
397,953
397,988
398,443
398,455
398,488
398,503
398,505
398,524
398,526
398,546
398,550
398,562
398,570
398,634
398,637
398,670
398,675
398,682
398,687
398,701
398,730
398,754
398,779
398,832
398,835
398,839
398,842
398,848
398,857
398,879
398,906
398,908
398,909
398,957
398,970
398,984
398,986
398,988
398,995
399,441
399,449
399,453
399,456
399,458
399,496
399,498
399,537
399,548
399,596
399,617
399,647
399,711
399,755
399,765
399,782
399,807
399,815
399,869
399,917
399,929
399,947
399,952
399,954
399,968
399,974
399,975
399,981
399,987
400,414
400,425
400,433
400,462
400,476
400,505
400,536
400,587
400,588
400,605
400,650
400,690
400,705
400,729
400,732
400,743
400,810
400,868
400,919
400,936
400,947
400,978
400,982
401,410
401,467
401,489
401,493
401,534
401,559
401,603
401,615
401,627
401,633
401,664
401,681
401,682
401,710
401,747
401,761
401,784
401,804
401,842
401,895
401,919
401,921
401,934
401,939
401,969
401,971
401,992
401,993
402,411
402,422
402,460
402,496
402,538
402,556
402,626
402,694
402,698
402,721
402,731
402,745
402,765
402,772
402,822
402,869
402,878
402,924
402,937
402,953
402,976
403,460
403,466
403,625
403,645
403,663
403,677
403,718
403,737
403,828
403,864
403,892
403,900
403,906
403,944
404,490
404,534
404,536
404,555
404,561
404,565
404,579
404,585
404,594
404,597
404,615
404,630
404,660
404,675
404,684
404,691
404,702
404,757
404,772
404,812
404,819
404,850
404,859
404,883
404,905
404,921
404,928
404,971
404,997
405,412
405,427
405,456
405,460
405,478
405,487
405,496
405,500
405,545
405,568
405,645
405,673
405,703
405,719
405,742
405,751
405,837
405,860
405,872
405,887
405,938
405,946
405,950
405,952
405,957
405,971
405,976
406,418
406,462
406,486
406,508
406,524
406,607
406,654
406,657
406,803
406,858
406,900
406,904
406,948
406,995
407,434
407,447
407,494
407,502
407,575
407,632
407,638
407,819
407,833
407,834
407,862
407,915
407,961
407,965
408,411
408,428
408,461
408,468
408,475
408,537
408,543
408,544
408,566
408,577
408,589
408,592
408,601
408,630
408,635
408,646
408,647
408,663
408,698
408,703
408,730
408,731
408,750
408,760
408,796
408,801
408,847
408,877
408,882
408,907
408,923
408,943
408,990
409,411
409,437
409,441
409,444
409,447
409,453
409,458
409,478
409,479
409,491
409,498
409,528
409,529
409,543
409,548
409,568
409,572
409,578
409,582
409,609
409,617
409,645
409,648
409,674
409,678
409,711
409,804
409,822
409,855
409,860
409,897
409,922
409,938
409,959
409,991
410,433
410,489
410,500
410,505
410,518
410,565
410,587
410,588
410,642
410,705
410,740
410,746
410,747
410,793
410,798
410,856
410,876
410,878
410,897
410,919
410,931
410,936
410,992
411,417
411,475
411,491
411,496
411,499
411,519
411,540
411,542
411,544
411,548
411,568
411,570
411,572
411,578
411,579
411,580
411,589
411,597
411,630
411,678
411,690
411,718
411,726
411,735
411,749
411,781
411,782
411,870
411,889
411,907
411,916
411,922
411,968
412,416
412,423
412,440
412,446
412,482
412,486
412,495
412,499
412,502
412,546
412,557
412,586
412,597
412,611
412,641
412,652
412,667
412,679
412,687
412,697
412,699
412,736
412,741
412,758
412,771
412,784
412,810
412,820
412,848
412,871
412,878
412,885
412,906
412,907
412,911
412,922
412,930
412,931
412,958
412,977
412,983
412,989
413,420
413,421
413,459
413,480
413,512
413,541
413,563
413,583
413,654
413,666
413,717
413,724
413,735
413,786
413,789
413,795
413,818
413,869
413,881
413,892
413,898
413,906
414,429
414,452
414,508
414,522
414,551
414,567
414,593
414,615
414,650
414,656
414,700
414,705
414,712
414,714
414,716
414,723
414,729
414,732
414,754
414,763
414,808
414,811
414,831
414,857
414,876
414,946
414,979
414,992
415,457
415,474
415,519
415,549
415,562
415,566
415,589
415,617
415,647
415,673
415,729
415,751
415,813
415,825
415,831
415,847
415,887
415,901
415,905
415,912
415,954
415,975
415,998
416,467
416,481
416,524
416,545
416,547
416,584
416,607
416,644
416,670
416,683
416,686
416,700
416,730
416,771
416,775
416,790
416,805
416,862
416,875
416,879
416,885
416,925
416,960
416,979
416,989
417,456
417,458
417,483
417,496
417,523
417,527
417,528
417,548
417,553
417,568
417,574
417,575
417,609
417,622
417,638
417,645
417,648
417,659
417,702
417,711
417,721
417,734
417,745
417,771
417,815
417,822
417,834
417,845
417,849
417,855
417,869
417,891
417,922
417,927
417,943
417,952
417,959
417,968
417,974
417,975
417,977
417,981
417,984
417,987
417,993
418,436
418,446
418,481
418,501
418,503
418,516
418,528
418,547
418,562
418,564
418,637
418,657
418,662
418,667
418,669
418,676
418,701
418,775
418,779
418,830
418,849
418,851
418,873
418,901
418,947
418,990
419,492
419,506
419,603
419,645
419,650
419,700
419,716
419,723
419,736
419,743
419,746
419,763
419,779
419,780
419,808
419,814
419,844
419,845
419,853
420,422
420,466
420,541
420,542
420,550
420,556
420,583
420,604
420,608
420,645
420,695
420,719
420,778
420,806
420,818
420,849
420,898
420,900
420,906
420,953
420,960
420,970
421,459
421,471
421,512
421,535
421,554
421,557
421,568
421,583
421,604
421,658
421,662
421,666
421,685
421,695
421,717
421,803
421,829
421,849
421,863
421,868
421,881
421,888
421,898
421,910
421,941
421,953
421,954
421,970
421,988
422,423
422,453
422,471
422,503
422,509
422,512
422,535
422,626
422,662
422,678
422,724
422,731
422,784
422,803
422,818
422,823
422,861
422,871
422,876
422,883
422,893
422,950
422,953
422,970
423,432
423,435
423,481
423,484
423,514
423,556
423,562
423,618
423,622
423,648
423,656
423,678
423,715
423,753
423,769
423,770
423,812
423,861
423,870
423,875
423,891
423,899
423,902
423,906
423,967
423,970
423,974
423,986
423,988
423,990
424,461
424,472
424,519
424,531
424,560
424,599
424,612
424,620
424,668
424,673
424,699
424,716
424,749
424,778
424,792
424,804
424,813
424,819
424,882
424,887
424,908
424,923
424,924
424,991
425,433
425,437
425,492
425,675
425,723
425,729
425,732
425,743
425,761
425,784
425,788
425,798
425,854
425,919
425,982
425,985
425,992
426,428
426,442
426,453
426,459
426,464
426,481
426,488
426,524
426,547
426,562
426,573
426,584
426,586
426,633
426,670
426,699
426,702
426,754
426,775
426,779
426,816
426,842
426,867
426,911
426,925
426,940
426,960
426,973
426,979
427,432
427,453
427,463
427,470
427,487
427,496
427,538
427,548
427,606
427,614
427,626
427,643
427,677
427,719
427,731
427,764
427,770
427,819
427,830
427,833
427,845
427,883
427,887
427,937
427,950
427,984
427,994
428,442
428,448
428,486
428,516
428,526
428,546
428,562
428,586
428,607
428,641
428,644
428,659
428,669
428,676
428,681
428,683
428,687
428,732
428,738
428,768
428,793
428,802
428,835
428,851
428,858
428,904
428,911
428,925
428,958
428,989
429,432
429,440
429,476
429,505
429,506
429,510
429,588
429,597
429,664
429,709
429,732
429,742
429,832
429,835
429,843
429,854
429,921
429,936
429,978
430,434
430,447
430,514
430,529
430,582
430,616
430,626
430,659
430,773
430,852
430,861
430,869
430,870
430,891
430,894
430,898
430,913
430,915
430,953
430,965
430,986
431,484
431,606
431,708
431,747
431,769
431,780
431,813
431,837
431,864
431,932
431,933
431,947
431,950
432,439
432,444
432,447
432,453
432,454
432,491
432,492
432,497
432,505
432,525
432,526
432,574
432,590
432,594
432,599
432,613
432,625
432,631
432,633
432,635
432,639
432,675
432,692
432,708
432,726
432,730
432,744
432,781
432,823
432,830
432,833
432,837
432,845
432,851
432,878
432,898
432,901
432,930
432,939
432,942
432,950
432,956
432,957
432,959
432,963
432,976
433,461
433,472
433,489
433,495
433,505
433,527
433,569
433,587
433,588
433,605
433,612
433,653
433,669
433,705
433,713
433,717
433,740
433,743
433,746
433,747
433,763
433,788
433,793
433,798
433,804
433,825
433,850
433,853
433,907
433,919
433,931
433,936
433,990
434,509
434,554
434,575
434,582
434,608
434,623
434,629
434,638
434,733
434,767
434,869
434,870
434,875
434,886
434,889
435,459
435,483
435,556
435,575
435,604
435,642
435,659
435,671
435,691
435,695
435,738
435,764
435,765
435,767
435,774
435,778
435,834
435,852
435,862
435,869
435,870
435,889
435,891
435,967
435,976
435,988
436,450
436,471
436,576
436,608
436,616
436,618
436,638
436,654
436,722
436,731
436,738
436,748
436,766
436,795
436,812
436,818
436,821
436,861
436,875
436,892
436,944
436,998
437,451
437,491
437,522
437,560
437,572
437,580
437,581
437,617
437,623
437,674
437,695
437,707
437,745
437,751
437,791
437,797
437,874
437,877
437,880
437,927
437,930
437,938
437,958
437,959
437,964
438,478
438,517
438,633
438,640
438,675
438,739
438,752
438,781
438,783
438,811
438,859
438,887
438,921
438,997
439,443
439,444
439,451
439,454
439,473
439,477
439,497
439,502
439,520
439,523
439,540
439,561
439,584
439,599
439,613
439,614
439,630
439,631
439,657
439,680
439,690
439,716
439,737
439,744
439,833
439,835
439,836
439,887
439,908
439,934
439,951
439,963
439,989
440,443
440,479
440,486
440,513
440,524
440,565
440,619
440,629
440,641
440,672
440,676
440,701
440,767
440,803
440,836
440,858
440,865
440,890
440,904
440,932
440,970
440,989
440,995
441,477
441,479
441,528
441,529
441,538
441,708
441,860
441,923
441,991
442,455
442,481
442,508
442,562
442,637
442,641
442,654
442,669
442,683
442,686
442,856
442,868
442,871
443,453
443,455
443,467
443,510
443,516
443,527
443,540
443,557
443,568
443,584
443,599
443,606
443,612
443,619
443,623
443,629
443,634
443,669
443,677
443,692
443,695
443,708
443,719
443,737
443,784
443,839
443,845
443,887
443,926
443,929
443,932
443,941
443,954
443,970
444,451
444,454
444,491
444,520
444,538
444,540
444,599
444,602
444,619
444,625
444,626
444,631
444,680
444,692
444,744
444,752
444,823
444,833
444,921
444,936
444,945
444,968
445,521
445,528
445,544
445,602
445,640
445,696
445,792
445,838
445,847
445,907
445,917
445,989
445,990
446,470
446,471
446,482
446,495
446,546
446,548
446,550
446,557
446,624
446,632
446,641
446,727
446,731
446,732
446,741
446,768
446,779
446,817
446,818
446,821
446,824
446,830
446,848
446,888
446,903
446,906
446,934
446,958
446,962
446,977
446,983
446,995
447,494
447,509
447,548
447,575
447,671
447,703
447,774
447,778
447,870
447,878
447,894
447,902
447,906
447,927
447,942
447,988
447,997
448,455
448,506
448,522
448,562
448,564
448,567
448,650
448,690
448,719
448,805
448,835
448,851
448,857
448,866
448,940
448,988
448,997
449,498
449,515
449,528
449,542
449,548
449,572
449,605
449,734
449,763
449,782
449,841
449,900
449,917
449,923
449,952
449,968
449,987
450,502
450,509
450,514
450,554
450,556
450,608
450,616
450,659
450,767
450,778
450,870
450,906
450,915
450,932
450,942
450,988
451,491
451,578
451,579
451,594
451,599
451,604
451,606
451,630
451,631
451,677
451,706
451,750
451,752
451,767
451,772
451,782
451,797
451,809
451,837
451,869
451,870
451,872
451,894
451,964
451,976
452,485
452,487
452,517
452,539
452,605
452,652
452,653
452,704
452,710
452,720
452,723
452,747
452,790
452,864
452,897
452,928
452,931
452,946
452,966
452,975
453,458
453,470
453,487
453,498
453,522
453,565
453,576
453,606
453,608
453,613
453,614
453,619
453,645
453,677
453,723
453,728
453,731
453,744
453,769
453,775
453,784
453,794
453,807
453,814
453,830
453,845
453,878
453,896
453,898
453,909
453,910
453,933
453,939
453,971
453,984
453,994
453,995
454,455
454,520
454,525
454,527
454,538
454,561
454,579
454,599
454,613
454,625
454,688
454,693
454,697
454,708
454,744
454,819
454,823
454,905
454,920
454,945
454,950
455,474
455,475
455,493
455,527
455,530
455,564
455,588
455,672
455,675
455,700
455,701
455,714
455,732
455,754
455,793
455,805
455,835
455,839
455,851
455,857
455,890
455,916
455,925
455,926
455,934
455,955
455,985
456,460
456,472
456,479
456,498
456,499
456,518
456,531
456,592
456,648
456,694
456,698
456,734
456,764
456,772
456,812
456,855
456,860
456,929
456,930
456,938
456,943
456,957
456,974
457,464
457,474
457,521
457,543
457,549
457,566
457,621
457,652
457,668
457,707
457,749
457,776
457,831
457,840
457,883
457,901
457,934
457,975
457,990
458,473
458,496
458,498
458,499
458,504
458,523
458,536
458,602
458,623
458,650
458,656
458,772
458,802
458,812
458,815
458,822
458,832
458,860
458,877
458,887
458,900
458,910
458,938
458,952
458,957
458,967
458,981
458,997
459,471
459,487
459,502
459,512
459,523
459,535
459,556
459,562
459,604
459,626
459,645
459,651
459,658
459,695
459,717
459,727
459,732
459,734
459,785
459,795
459,817
459,819
459,829
459,849
459,875
459,881
459,914
459,970
459,979
460,496
460,541
460,542
460,552
460,559
460,575
460,582
460,591
460,609
460,626
460,634
460,658
460,659
460,680
460,696
460,715
460,722
460,731
460,764
460,765
460,772
460,794
460,802
460,812
460,849
460,864
460,871
460,875
460,878
460,889
460,893
460,898
460,903
460,933
460,947
460,950
460,976
460,980
460,993
460,998
461,480
461,492
461,543
461,544
461,549
461,559
461,566
461,577
461,589
461,592
461,595
461,601
461,635
461,636
461,646
461,663
461,678
461,682
461,688
461,697
461,698
461,702
461,726
461,767
461,813
461,817
461,834
461,877
461,916
461,983
462,481
462,489
462,495
462,516
462,524
462,530
462,550
462,567
462,644
462,669
462,676
462,690
462,736
462,763
462,770
462,896
462,904
463,501
463,554
463,634
463,675
463,677
463,713
463,733
463,884
463,887
463,896
463,954
463,994
464,472
464,477
464,491
464,498
464,549
464,553
464,578
464,590
464,598
464,600
464,621
464,668
464,673
464,703
464,707
464,749
464,776
464,779
464,819
464,831
464,850
464,855
464,879
464,883
464,901
464,904
464,918
464,950
464,963
464,964
464,975
464,996
465,476
465,510
465,567
465,674
465,689
465,692
465,779
465,794
465,818
465,830
465,845
465,855
465,866
465,902
465,908
465,953
465,954
465,963
466,502
466,651
466,658
466,737
466,741
466,794
466,802
466,803
466,818
466,875
466,878
466,881
466,910
467,490
467,493
467,517
467,534
467,539
467,545
467,587
467,592
467,609
467,642
467,649
467,655
467,659
467,660
467,666
467,684
467,691
467,708
467,710
467,723
467,740
467,747
467,759
467,775
467,783
467,793
467,811
467,819
467,869
467,883
467,930
467,939
467,946
467,961
467,966
467,971
467,992
468,495
468,550
468,604
468,731
468,820
468,846
468,914
468,990
469,477
469,610
469,625
469,633
469,644
469,689
469,698
469,712
469,719
469,721
469,726
469,797
469,819
469,847
469,850
469,883
469,896
469,920
469,934
469,945
469,979
470,484
470,487
470,491
470,502
470,538
470,565
470,583
470,604
470,620
470,626
470,721
470,733
470,737
470,794
470,799
470,893
470,898
470,900
470,910
470,927
470,963
470,994
471,503
471,512
471,535
471,572
471,604
471,611
471,637
471,658
471,662
471,666
471,695
471,717
471,722
471,767
471,784
471,803
471,806
471,881
471,892
471,898
471,953
471,970
471,988
472,475
472,476
472,499
472,525
472,543
472,545
472,553
472,566
472,573
472,574
472,578
472,580
472,602
472,620
472,635
472,640
472,688
472,696
472,703
472,718
472,749
472,762
472,784
472,819
472,826
472,828
472,831
472,833
472,840
472,918
472,930
472,933
472,975
473,527
473,529
473,545
473,561
473,573
473,633
473,750
473,752
473,812
473,813
473,920
473,929
473,930
473,972
474,549
474,553
474,566
474,611
474,621
474,624
474,646
474,650
474,663
474,673
474,688
474,698
474,707
474,718
474,739
474,768
474,776
474,825
474,877
474,885
474,887
474,901
474,976
475,538
475,549
475,559
475,574
475,581
475,589
475,592
475,599
475,636
475,640
475,668
475,678
475,691
475,696
475,698
475,750
475,762
475,796
475,831
475,834
475,838
475,844
475,847
475,912
476,488
476,491
476,534
476,536
476,569
476,573
476,610
476,639
476,642
476,653
476,659
476,712
476,716
476,717
476,719
476,733
476,767
476,779
476,781
476,792
476,801
476,823
476,832
476,837
476,839
476,850
476,873
476,879
476,887
476,919
476,926
476,934
476,961
476,972
476,979
476,992
477,488
477,502
477,529
477,536
477,610
477,634
477,664
477,689
477,716
477,719
477,728
477,741
477,756
477,788
477,823
477,866
477,887
477,893
477,939
477,945
477,956
477,980
478,525
478,542
478,569
478,574
478,581
478,590
478,602
478,636
478,648
478,813
478,828
478,831
478,840
479,498
479,500
479,528
479,568
479,572
479,581
479,589
479,601
479,631
479,640
479,678
479,698
479,734
479,779
479,792
479,808
479,833
479,860
479,872
479,877
479,923
479,938
479,993
480,483
480,504
480,509
480,514
480,523
480,537
480,548
480,594
480,597
480,635
480,731
480,753
480,795
480,812
480,822
480,834
480,837
480,851
480,869
480,870
480,880
480,889
480,906
480,913
480,952
480,965
480,974
480,981
480,993
481,488
481,507
481,513
481,516
481,524
481,546
481,562
481,587
481,627
481,641
481,667
481,669
481,676
481,690
481,775
481,779
481,879
481,900
481,913
481,919
481,939
481,948
481,955
481,960
482,546
482,557
482,685
482,699
482,736
482,848
482,904
482,911
482,919
482,932
482,960
482,962
482,983
482,994
483,494
483,511
483,514
483,523
483,548
483,582
483,591
483,623
483,635
483,659
483,671
483,687
483,709
483,711
483,765
483,767
483,770
483,778
483,812
483,821
483,822
483,834
483,869
483,870
483,875
483,913
483,922
483,960
483,975
483,987
483,988
483,993
483,994
484,496
484,538
484,607
484,680
484,708
484,721
484,747
484,768
484,807
484,812
484,932
484,976
484,984
484,998
485,634
485,649
485,712
485,720
485,790
485,856
485,897
485,928
485,966
485,999
486,508
486,510
486,516
486,526
486,535
486,544
486,546
486,552
486,557
486,584
486,604
486,607
486,611
486,637
486,686
486,687
486,699
486,713
486,736
486,738
486,741
486,784
486,803
486,824
486,848
486,878
486,904
486,911
486,958
486,960
486,977
486,989
486,995
487,526
487,561
487,620
487,623
487,661
487,701
487,715
487,719
487,752
487,794
487,799
487,849
487,872
487,873
487,877
487,956
487,976
487,989
488,496
488,503
488,510
488,527
488,612
488,689
488,697
488,730
488,754
488,775
488,803
488,819
488,823
488,830
488,832
488,839
488,883
488,908
488,926
488,942
488,948
488,995
489,492
489,505
489,587
489,588
489,593
489,605
489,611
489,613
489,635
489,642
489,653
489,655
489,700
489,705
489,740
489,790
489,793
489,798
489,805
489,808
489,813
489,834
489,856
489,882
489,931
489,971
489,979
490,590
490,652
490,757
490,928
490,966
491,500
491,529
491,568
491,596
491,601
491,619
491,658
491,674
491,689
491,698
491,711
491,745
491,750
491,751
491,772
491,787
491,816
491,834
491,837
491,840
491,874
491,892
491,894
491,900
491,915
491,938
491,958
491,959
491,964
492,536
492,551
492,555
492,559
492,587
492,597
492,599
492,603
492,642
492,650
492,660
492,672
492,700
492,714
492,729
492,740
492,743
492,746
492,747
492,761
492,788
492,793
492,808
492,811
492,825
492,839
492,842
492,856
492,883
492,919
492,982
493,518
493,576
493,599
493,627
493,690
493,693
493,719
493,743
493,754
493,756
493,797
493,810
493,816
493,819
493,845
493,857
493,895
493,900
493,921
493,926
493,930
493,934
493,946
493,955
494,582
494,608
494,659
494,711
494,713
494,744
494,774
494,778
494,801
494,818
494,822
494,834
494,861
494,869
494,886
494,899
494,952
494,959
494,984
495,501
495,550
495,552
495,561
495,619
495,632
495,641
495,658
495,667
495,679
495,713
495,717
495,727
495,729
495,736
495,741
495,748
495,785
495,787
495,818
495,819
495,829
495,848
495,858
495,862
495,885
495,962
495,977
496,498
496,541
496,560
496,568
496,606
496,623
496,632
496,636
496,674
496,677
496,694
496,721
496,744
496,812
496,823
496,837
496,860
496,872
496,878
496,893
496,900
496,913
496,917
496,938
496,968
496,976
496,981
496,984
497,590
497,613
497,633
497,661
497,680
497,708
497,744
497,883
497,939
497,950
497,956
498,499
498,515
498,554
498,591
498,617
498,623
498,648
498,660
498,695
498,706
498,745
498,749
498,894
498,929
498,943
498,984
498,997
499,504
499,514
499,637
499,640
499,648
499,698
499,706
499,734
499,818
499,837
499,855
499,894
499,916
499,943
499,950
499,957
499,974
499,981
500,504
500,529
500,578
500,617
500,675
500,684
500,707
500,708
500,722
500,745
500,751
500,772
500,784
500,819
500,874
500,930
500,942
500,959
500,964
500,966
500,991
500,993
500,997
501,513
501,546
501,552
501,632
501,787
501,857
501,873
501,951
501,958
501,978
502,504
502,511
502,512
502,541
502,571
502,575
502,604
502,608
502,626
502,638
502,645
502,671
502,717
502,731
502,738
502,766
502,767
502,795
502,812
502,818
502,825
502,852
502,862
502,870
502,875
502,892
502,906
502,910
502,930
502,947
502,988
503,561
503,564
503,659
503,669
503,672
503,676
503,677
503,690
503,697
503,714
503,719
503,732
503,758
503,789
503,832
503,839
503,842
503,846
503,868
503,942
503,995
504,548
504,571
504,635
504,670
504,711
504,745
504,812
504,815
504,822
504,834
504,841
504,877
504,987
505,535
505,585
505,587
505,597
505,649
505,652
505,653
505,655
505,686
505,705
505,740
505,780
505,788
505,793
505,798
505,833
505,834
505,856
505,883
505,885
505,897
505,936
505,942
506,522
506,536
506,597
506,600
506,615
506,650
506,689
506,700
506,793
506,805
506,808
506,816
506,854
506,934
506,978
507,527
507,547
507,564
507,605
507,664
507,670
507,672
507,690
507,691
507,701
507,730
507,732
507,772
507,790
507,810
507,857
507,877
507,890
507,940
507,942
507,949
507,964
507,978
507,979
507,985
508,541
508,557
508,586
508,607
508,641
508,669
508,677
508,682
508,687
508,699
508,705
508,711
508,736
508,779
508,787
508,803
508,824
508,858
508,863
508,885
508,904
508,911
508,970
508,983
508,989
508,991
509,514
509,556
509,563
509,571
509,576
509,592
509,606
509,608
509,616
509,638
509,659
509,722
509,753
509,766
509,767
509,774
509,785
509,791
509,818
509,836
509,862
509,889
509,892
509,900
509,941
509,953
509,967
509,980
509,989
509,993
510,518
510,527
510,541
510,599
510,602
510,619
510,620
510,634
510,645
510,677
510,689
510,719
510,733
510,734
510,805
510,830
510,845
510,851
510,875
510,877
510,878
510,908
510,933
510,945
511,532
511,541
511,556
511,575
511,591
511,608
511,637
511,638
511,651
511,721
511,736
511,737
511,738
511,767
511,770
511,785
511,818
511,841
511,862
511,864
511,906
511,913
511,915
512,514
512,535
512,541
512,563
512,565
512,607
512,658
512,662
512,666
512,677
512,695
512,715
512,731
512,744
512,748
512,754
512,780
512,784
512,786
512,794
512,795
512,806
512,829
512,832
512,842
512,846
512,875
512,881
512,892
512,898
512,970
513,538
513,615
513,624
513,632
513,636
513,641
513,669
513,671
513,684
513,699
513,701
513,732
513,741
513,772
513,817
513,836
513,863
513,871
513,876
513,882
514,532
514,563
514,608
514,616
514,618
514,659
514,677
514,722
514,731
514,737
514,738
514,774
514,800
514,822
514,852
514,861
514,906
514,963
514,986
514,988
515,531
515,537
515,548
515,706
515,709
515,734
515,782
515,815
515,847
515,901
515,923
515,966
515,968
515,980
516,551
516,562
516,644
516,676
516,685
516,839
516,851
516,865
516,960
516,961
517,544
517,545
517,590
517,649
517,720
517,723
517,747
517,811
517,883
517,928
517,946
517,966
517,992
518,559
518,599
518,603
518,605
518,608
518,610
518,636
518,675
518,703
518,726
518,744
518,760
518,781
518,819
518,827
518,847
518,876
518,916
518,921
518,972
519,525
519,561
519,573
519,578
519,589
519,596
519,620
519,666
519,734
519,771
519,788
519,794
519,804
519,822
519,825
519,840
519,906
519,908
519,930
519,957
519,975
520,527
520,599
520,625
520,643
520,680
520,704
520,872
520,908
520,921
520,950
520,994
521,592
521,663
521,698
521,725
521,796
521,801
521,838
521,877
521,882
521,907
521,913
521,990
522,627
522,664
522,729
522,761
522,774
522,805
522,854
522,942
522,955
522,978
523,608
523,620
523,711
523,780
523,800
523,802
523,927
523,943
523,981
524,547
524,562
524,586
524,599
524,637
524,660
524,662
524,670
524,686
524,730
524,733
524,754
524,768
524,824
524,857
524,865
524,879
524,885
524,934
524,942
524,954
524,958
524,960
524,977
524,989
524,990
525,526
525,534
525,560
525,561
525,568
525,573
525,578
525,579
525,596
525,599
525,619
525,627
525,633
525,658
525,680
525,688
525,698
525,744
525,750
525,752
525,760
525,772
525,833
525,920
525,930
525,972
526,562
526,629
526,637
526,657
526,667
526,669
526,679
526,712
526,741
526,830
526,848
526,867
526,873
526,878
526,909
526,936
526,948
526,958
527,552
527,561
527,643
527,654
527,689
527,692
527,719
527,723
527,742
527,771
527,830
527,845
527,867
527,882
527,896
527,908
527,921
527,945
527,956
528,542
528,544
528,578
528,602
528,674
528,678
528,702
528,738
528,782
528,792
528,793
528,811
528,813
528,827
528,855
528,901
528,913
528,917
528,923
528,926
528,938
528,952
528,959
528,967
529,531
529,537
529,538
529,544
529,578
529,580
529,597
529,602
529,609
529,614
529,620
529,633
529,674
529,689
529,702
529,706
529,718
529,728
529,745
529,749
529,751
529,764
529,780
529,809
529,820
529,834
529,855
529,867
529,880
529,894
529,932
529,957
529,959
529,964
529,974
530,569
530,600
530,672
530,690
530,730
530,754
530,805
530,835
530,842
530,857
530,919
530,942
530,954
530,985
531,544
531,545
531,560
531,573
531,578
531,594
531,595
531,596
531,597
531,688
531,711
531,750
531,759
531,771
531,772
531,795
531,804
531,847
531,874
531,880
531,920
531,930
532,556
532,575
532,576
532,608
532,616
532,618
532,635
532,651
532,794
532,818
532,831
532,870
532,878
532,892
532,909
532,941
532,986
532,988
533,660
533,703
533,707
533,782
533,860
533,918
533,923
533,987
534,597
534,603
534,628
534,660
534,675
534,691
534,704
534,710
534,726
534,747
534,761
534,784
534,811
534,883
534,895
534,905
534,921
534,928
534,953
534,969
534,997
534,999
535,541
535,546
535,597
535,624
535,641
535,658
535,667
535,669
535,695
535,699
535,713
535,717
535,727
535,741
535,789
535,803
535,806
535,829
535,855
535,870
535,881
535,892
535,914
535,929
535,938
535,941
535,953
535,970
535,977
535,983
535,985
536,545
536,551
536,578
536,597
536,600
536,603
536,627
536,637
536,655
536,691
536,700
536,726
536,747
536,754
536,761
536,763
536,793
536,805
536,808
536,819
536,835
536,845
536,854
536,865
536,883
536,919
536,939
536,961
536,969
536,978
536,992
537,548
537,572
537,575
537,604
537,625
537,635
537,646
537,648
537,666
537,711
537,731
537,748
537,815
537,822
537,834
537,840
537,858
537,891
537,923
537,938
537,942
537,943
537,952
537,968
537,974
537,984
537,986
538,554
538,599
538,609
538,613
538,625
538,719
538,764
538,807
538,880
538,893
538,902
538,924
538,933
538,937
538,966
538,974
538,976
538,980
539,615
539,719
539,720
539,883
539,928
540,579
540,606
540,623
540,669
540,715
540,721
540,731
540,802
540,830
540,837
540,908
540,932
540,933
540,940
540,956
541,583
541,645
541,654
541,670
541,695
541,737
541,738
541,784
541,795
541,802
541,806
541,818
541,849
541,875
541,888
541,898
541,906
541,910
541,953
541,990
542,543
542,544
542,581
542,602
542,702
542,762
542,777
542,804
542,812
542,833
542,847
542,860
542,918
542,922
542,938
542,951
542,984
542,991
543,572
543,577
543,589
543,592
543,595
543,601
543,602
543,663
543,678
543,688
543,702
543,712
543,718
543,732
543,734
543,752
543,782
543,791
543,865
543,877
543,907
543,938
543,942
543,957
543,991
544,549
544,553
544,561
544,589
544,601
544,602
544,635
544,646
544,663
544,678
544,698
544,700
544,718
544,749
544,762
544,790
544,792
544,811
544,813
544,816
544,826
544,849
544,877
544,907
544,916
544,942
544,990
544,991
544,997
545,573
545,594
545,597
545,599
545,620
545,621
545,624
545,684
545,688
545,707
545,731
545,739
545,752
545,756
545,776
545,781
545,803
545,804
545,831
545,847
545,849
545,854
545,880
545,883
545,887
545,949
545,975
545,994
545,997
546,557
546,584
546,586
546,679
546,687
546,699
546,736
546,741
546,748
546,768
546,803
546,821
546,848
546,888
546,911
546,958
546,962
546,973
546,977
546,983
546,985
546,989
547,562
547,667
547,669
547,695
547,719
547,779
547,787
547,807
547,857
547,868
547,894
547,909
547,925
547,960
547,979
547,984
547,994
547,999
548,560
548,572
548,580
548,592
548,617
548,635
548,671
548,711
548,722
548,734
548,738
548,812
548,815
548,834
548,869
548,895
548,913
548,915
548,929
548,935
548,950
548,952
548,965
548,968
549,577
549,589
549,595
549,613
549,652
549,673
549,707
549,752
549,759
549,762
549,776
549,825
549,839
549,856
549,877
549,882
549,883
549,901
549,907
549,975
549,977
550,629
550,637
550,641
550,717
550,741
550,789
550,846
550,909
550,914
550,962
551,564
551,586
551,600
551,603
551,637
551,686
551,709
551,720
551,726
551,779
551,969
551,978
552,632
552,634
552,637
552,641
552,667
552,669
552,679
552,699
552,719
552,748
552,768
552,787
552,803
552,846
552,848
552,858
552,909
552,942
552,951
552,962
553,566
553,649
553,673
553,691
553,707
553,776
553,796
553,831
553,847
553,882
553,901
553,918
553,975
553,996
554,580
554,598
554,662
554,695
554,717
554,727
554,733
554,774
554,784
554,888
554,896
554,898
554,899
554,902
554,947
554,949
555,559
555,631
555,729
555,816
555,829
555,853
555,883
555,921
555,939
555,947
555,971
556,563
556,575
556,576
556,606
556,608
556,618
556,644
556,651
556,731
556,732
556,752
556,795
556,812
556,818
556,849
556,861
556,870
556,915
556,941
556,986
556,988
557,562
557,565
557,584
557,586
557,637
557,641
557,658
557,662
557,679
557,687
557,699
557,701
557,738
557,817
557,820
557,824
557,836
557,846
557,848
557,857
557,885
557,903
557,911
557,962
557,977
557,983
558,587
558,713
558,767
558,770
558,802
558,862
558,878
558,889
558,910
558,913
558,974
558,980
558,998
559,597
559,637
559,660
559,681
559,705
559,710
559,712
559,729
559,754
559,788
559,793
559,798
559,803
559,816
559,835
559,840
559,850
559,854
559,883
559,884
559,888
559,895
559,921
559,925
559,939
559,971
559,972
559,999
560,579
560,594
560,596
560,602
560,620
560,661
560,666
560,668
560,672
560,678
560,689
560,715
560,738
560,762
560,792
560,823
560,828
560,831
560,833
560,877
560,878
560,901
560,954
560,959
560,963
560,964
560,988
561,597
561,605
561,625
561,633
561,640
561,661
561,703
561,713
561,744
561,760
561,781
561,794
561,819
561,823
561,834
561,845
561,864
561,892
561,930
561,934
562,564
562,569
562,597
562,637
562,657
562,670
562,672
562,676
562,679
562,697
562,701
562,741
562,761
562,775
562,779
562,803
562,824
562,832
562,842
562,853
562,857
562,868
562,873
562,879
562,941
562,949
562,954
562,960
562,973
562,979
562,994
562,995
563,583
563,618
563,654
563,729
563,735
563,738
563,747
563,785
563,795
563,806
563,817
563,831
563,834
563,835
563,875
563,878
563,892
563,896
563,898
563,941
563,953
563,985
564,569
564,627
564,634
564,669
564,670
564,672
564,690
564,730
564,745
564,754
564,788
564,832
564,842
564,843
564,851
564,879
564,940
564,949
564,955
564,974
564,979
564,985
565,572
565,573
565,579
565,582
565,613
565,614
565,619
565,627
565,677
565,794
565,812
565,818
565,867
565,939
565,962
565,984
565,994
566,596
566,695
566,707
566,749
566,751
566,831
566,847
566,882
566,912
566,975
567,569
567,597
567,603
567,644
567,662
567,709
567,742
567,747
567,767
567,805
567,811
567,832
567,843
567,868
567,879
567,908
567,942
567,959
568,581
568,623
568,637
568,642
568,648
568,661
568,674
568,706
568,721
568,734
568,751
568,797
568,802
568,825
568,834
568,837
568,855
568,872
568,874
568,889
568,894
568,918
568,924
568,927
568,930
568,933
568,941
568,944
568,956
568,959
568,964
569,599
569,600
569,627
569,690
569,709
569,714
569,729
569,754
569,775
569,810
569,839
569,843
569,851
569,853
569,857
569,868
569,934
569,949
569,955
569,971
569,976
570,573
570,586
570,634
570,657
570,697
570,726
570,798
570,879
570,896
570,942
570,948
570,950
570,995
571,572
571,635
571,656
571,659
571,671
571,755
571,773
571,778
571,781
571,834
571,841
571,864
571,875
571,886
571,899
571,928
571,988
572,592
572,603
572,617
572,707
572,734
572,736
572,752
572,782
572,815
572,833
572,900
572,906
572,938
572,952
572,968
572,974
572,984
573,578
573,594
573,596
573,608
573,620
573,688
573,731
573,744
573,745
573,750
573,752
573,766
573,771
573,780
573,783
573,803
573,815
573,833
573,847
573,860
573,863
573,874
573,912
573,920
573,930
573,968
573,972
573,997
574,579
574,602
574,688
574,718
574,828
574,907
574,918
575,591
575,592
575,602
575,618
575,620
575,637
575,638
575,731
575,738
575,765
575,770
575,812
575,822
575,841
575,852
575,862
575,878
575,889
575,891
575,902
575,915
575,941
575,968
575,970
575,980
575,984
575,988
575,998
576,608
576,616
576,618
576,651
576,666
576,702
576,726
576,738
576,841
576,870
576,944
576,970
577,589
577,592
577,601
577,616
577,630
577,636
577,646
577,663
577,678
577,702
577,762
577,796
577,801
577,828
577,877
577,901
577,955
577,987
577,990
578,581
578,589
578,596
578,602
578,620
578,633
578,640
578,651
578,663
578,686
578,738
578,745
578,750
578,765
578,771
578,772
578,804
578,812
578,826
578,833
578,837
578,840
578,866
578,874
578,919
578,921
578,930
579,633
579,661
579,670
579,705
579,749
579,754
579,760
579,772
579,864
579,927
579,932
579,950
579,955
579,969
580,698
580,815
580,918
580,923
580,998
581,589
581,592
581,594
581,596
581,617
581,623
581,640
581,674
581,697
581,698
581,706
581,734
581,745
581,750
581,752
581,762
581,771
581,781
581,783
581,804
581,840
581,847
581,855
581,906
581,917
581,984
582,656
582,659
582,715
582,722
582,774
582,791
582,800
582,841
582,869
582,899
582,965
582,981
583,606
583,608
583,632
583,654
583,677
583,735
583,766
583,785
583,806
583,845
583,892
583,910
583,944
584,586
584,609
584,611
584,612
584,641
584,679
584,699
584,728
584,741
584,775
584,820
584,822
584,824
584,839
584,857
584,903
584,904
584,909
584,958
584,970
584,977
584,990
585,590
585,613
585,704
585,756
585,816
585,828
585,905
585,978
586,611
586,679
586,687
586,699
586,736
586,820
586,824
586,827
586,839
586,865
586,885
586,911
586,958
586,979
587,588
587,605
587,607
587,655
587,683
587,697
587,705
587,740
587,793
587,798
587,856
587,919
587,936
587,982
587,992
588,705
588,710
588,743
588,763
588,788
588,793
588,919
588,982
589,592
589,601
589,602
589,608
589,626
589,630
589,646
589,653
589,663
589,678
589,698
589,703
589,706
589,726
589,762
589,777
589,796
589,813
589,834
589,836
589,877
589,882
589,894
589,916
589,990
590,598
590,615
590,665
590,684
590,704
590,754
590,759
590,816
590,835
590,859
590,887
590,961
590,971
590,981
591,638
591,778
591,791
591,862
591,917
591,935
591,988
592,601
592,620
592,621
592,630
592,633
592,640
592,646
592,663
592,678
592,690
592,714
592,767
592,796
592,811
592,825
592,838
592,848
592,877
592,882
592,892
592,907
592,928
592,950
592,968
593,603
593,615
593,628
593,642
593,652
593,700
593,704
593,720
593,723
593,747
593,759
593,811
593,816
593,850
593,859
593,876
593,883
593,931
593,946
593,969
593,992
594,596
594,617
594,633
594,635
594,672
594,707
594,720
594,750
594,783
594,792
594,825
594,831
594,847
594,872
594,887
594,930
594,961
594,985
595,601
595,702
595,752
595,828
595,923
595,946
596,613
596,620
596,674
596,688
596,723
596,750
596,752
596,755
596,760
596,771
596,772
596,792
596,804
596,833
596,840
596,847
596,930
596,961
596,993
597,613
597,660
597,707
597,729
597,747
597,759
597,763
597,781
597,788
597,790
597,816
597,850
597,883
597,887
597,895
597,905
597,919
597,921
597,939
597,968
597,971
598,650
598,665
598,696
598,742
598,774
598,792
598,798
598,859
598,867
598,877
598,942
599,613
599,623
599,625
599,657
599,680
599,689
599,708
599,714
599,744
599,751
599,759
599,776
599,779
599,781
599,803
599,813
599,823
599,834
599,845
599,872
599,908
599,994
599,997
600,603
600,627
600,700
600,709
600,730
600,763
600,805
600,808
600,814
600,832
600,876
600,932
600,978
601,630
601,636
601,646
601,652
601,663
601,673
601,702
601,703
601,713
601,718
601,733
601,772
601,796
601,801
601,811
601,833
601,877
601,882
601,917
601,997
602,615
602,616
602,640
602,678
602,698
602,702
602,706
602,762
602,771
602,813
602,815
602,818
602,826
602,860
602,874
602,891
602,901
602,917
602,918
602,922
602,991
603,605
603,642
603,655
603,672
603,700
603,714
603,723
603,732
603,746
603,754
603,763
603,793
603,851
603,884
603,905
603,925
603,928
603,936
603,939
603,969
603,971
603,999
604,662
604,669
604,737
604,738
604,741
604,758
604,806
604,817
604,848
604,849
604,878
604,888
604,889
604,898
604,906
604,925
604,942
604,953
604,980
604,985
605,684
605,690
605,705
605,709
605,740
605,743
605,774
605,788
605,793
605,798
605,868
605,897
605,908
605,919
605,936
605,982
606,619
606,623
606,677
606,694
606,698
606,727
606,769
606,772
606,794
606,799
606,801
606,807
606,862
606,876
606,888
606,906
606,917
606,932
606,953
606,956
606,976
606,977
606,994
607,667
607,683
607,699
607,748
607,754
607,767
607,779
607,820
607,824
607,829
607,871
607,885
607,958
608,618
608,619
608,645
608,656
608,737
608,738
608,765
608,785
608,795
608,806
608,818
608,870
608,892
608,929
608,976
608,986
608,988
609,614
609,645
609,648
609,661
609,731
609,764
609,767
609,802
609,812
609,838
609,839
609,864
609,913
609,924
609,932
609,937
609,976
609,980
609,981
609,993
609,998
610,631
610,709
610,712
610,832
610,857
610,997
611,616
611,626
611,683
611,686
611,687
611,699
611,730
611,736
611,743
611,848
611,896
611,904
611,958
611,963
611,968
611,977
611,989
612,616
612,625
612,629
612,631
612,634
612,637
612,639
612,644
612,683
612,689
612,693
612,697
612,719
612,730
612,732
612,736
612,774
612,803
612,832
612,842
612,867
612,879
612,895
612,902
612,908
612,926
612,932
612,940
612,954
612,978
612,995
613,619
613,626
613,639
613,659
613,678
613,680
613,704
613,708
613,733
613,744
613,760
613,792
613,794
613,807
613,809
613,823
613,845
613,878
613,908
613,931
613,950
613,954
613,961
613,963
613,971
613,994
614,631
614,636
614,677
614,794
614,803
614,819
614,832
614,841
614,872
614,905
614,906
614,940
614,994
615,628
615,684
615,710
615,729
615,747
615,763
615,793
615,798
615,840
615,868
615,876
615,884
615,897
615,905
615,969
615,992
615,999
616,645
616,651
616,731
616,738
616,753
616,774
616,795
616,812
616,870
616,874
616,875
616,891
616,906
616,915
616,926
616,933
616,957
616,986
617,708
617,780
617,782
617,783
617,840
617,860
617,874
617,876
617,887
617,913
617,933
617,959
618,651
618,777
618,784
618,837
618,870
618,892
619,626
619,629
619,634
619,637
619,645
619,698
619,713
619,728
619,731
619,733
619,744
619,779
619,784
619,794
619,803
619,804
619,823
619,860
619,868
619,888
619,906
619,908
619,910
619,921
619,954
619,985
619,993
620,673
620,675
620,678
620,749
620,750
620,771
620,790
620,792
620,804
620,807
620,840
620,847
620,880
620,894
620,916
620,918
620,926
620,930
620,957
621,648
621,688
621,707
621,781
621,783
621,804
621,811
621,882
621,887
621,901
621,920
621,966
622,651
622,717
622,753
622,875
622,891
622,902
622,986
623,661
623,706
623,708
623,721
623,734
623,751
623,760
623,834
623,868
623,872
623,874
623,932
623,933
623,938
623,945
623,950
623,953
623,957
623,959
623,965
623,976
623,980
623,984
624,632
624,641
624,685
624,697
624,699
624,758
624,775
624,785
624,786
624,821
624,846
624,871
624,903
624,914
624,953
624,976
624,979
624,983
625,689
625,701
625,744
625,752
625,823
625,827
625,875
625,945
625,950
625,978
626,645
626,678
626,679
626,708
626,731
626,732
626,784
626,817
626,844
626,874
626,875
626,878
626,898
626,900
626,910
626,946
626,970
626,985
626,988
626,994
627,633
627,663
627,664
627,669
627,673
627,697
627,699
627,709
627,743
627,746
627,754
627,755
627,772
627,793
627,816
627,827
627,832
627,839
627,843
627,850
627,851
627,853
627,857
627,868
627,919
627,921
627,933
627,936
627,942
627,971
627,979
628,639
628,642
628,665
628,691
628,704
628,720
628,723
628,747
628,759
628,772
628,811
628,883
628,946
628,966
628,969
628,999
629,637
629,667
629,669
629,670
629,732
629,758
629,858
629,890
629,908
629,909
629,925
629,948
629,958
630,646
630,647
630,663
630,668
630,678
630,703
630,749
630,752
630,763
630,780
630,810
630,818
630,831
630,847
630,877
630,882
630,918
630,990
631,633
631,677
631,692
631,700
631,708
632,641
632,664
632,667
632,695
632,741
632,748
632,789
632,829
632,846
632,854
632,863
632,871
632,896
632,903
632,911
632,914
632,951
632,970
633,639
633,677
633,678
633,682
633,688
633,750
633,752
633,804
633,816
633,930
633,997
634,684
634,693
634,832
634,849
634,867
634,896
634,942
634,954
634,995
635,643
635,656
635,659
635,670
635,671
635,711
635,715
635,755
635,800
635,812
635,815
635,818
635,834
635,841
635,861
635,869
635,871
635,883
635,886
635,889
635,913
635,935
635,941
635,965
635,975
636,640
636,668
636,712
636,762
636,780
636,783
636,877
636,880
636,882
636,990
637,658
637,682
637,685
637,697
637,701
637,710
637,712
637,717
637,719
637,729
637,734
637,736
637,766
637,781
637,803
637,814
637,822
637,832
637,842
637,843
637,857
637,868
637,879
637,890
637,902
637,909
637,926
637,932
637,941
637,942
637,949
637,955
637,978
637,979
637,983
637,985
638,671
638,744
638,774
638,812
638,862
638,864
638,870
638,910
638,935
638,980
638,988
639,675
639,695
639,726
639,747
639,784
639,819
639,834
639,839
639,851
639,879
639,927
639,934
639,970
639,971
639,997
640,678
640,696
640,698
640,699
640,703
640,727
640,776
640,796
640,831
640,838
640,847
640,877
640,882
640,907
640,912
640,918
640,990
641,679
641,687
641,699
641,700
641,713
641,724
641,736
641,741
641,748
641,779
641,787
641,803
641,817
641,836
641,848
641,858
641,883
641,885
641,906
641,911
641,926
641,951
641,953
641,960
641,983
642,653
642,655
642,740
642,746
642,779
642,793
642,897
642,907
642,919
642,931
642,992
643,689
643,697
643,719
643,723
643,726
643,832
643,839
643,867
643,932
643,955
643,985
644,679
644,713
644,758
644,810
644,857
644,879
644,925
645,668
645,671
645,715
645,731
645,738
645,765
645,767
645,770
645,784
645,795
645,818
645,822
645,834
645,849
645,862
645,864
645,875
645,878
645,888
645,900
645,906
645,910
645,930
645,932
645,942
645,943
645,980
645,995
646,663
646,673
646,698
646,703
646,796
646,838
646,851
646,877
646,907
646,997
647,809
647,825
647,877
647,882
647,912
648,656
648,674
648,706
648,734
648,769
648,833
648,855
648,860
648,873
648,889
648,894
648,929
648,943
648,959
648,976
648,984
648,994
649,653
649,667
649,691
649,710
649,714
649,723
649,763
649,790
649,793
649,811
649,842
649,856
649,876
649,883
649,885
649,887
649,919
649,928
649,946
649,966
650,700
650,729
650,743
650,759
650,781
650,788
650,837
650,843
650,851
650,853
650,857
650,870
650,874
650,905
650,936
650,939
650,955
650,978
651,659
651,671
651,774
651,795
651,798
651,806
651,812
651,818
651,870
651,892
651,915
651,941
651,967
651,986
652,665
652,684
652,723
652,759
652,831
652,860
652,883
652,887
652,928
652,960
652,966
652,975
653,655
653,673
653,690
653,705
653,710
653,740
653,747
653,757
653,761
653,781
653,793
653,928
653,930
653,931
653,940
653,975
653,992
653,999
654,695
654,735
654,762
654,766
654,785
654,787
654,795
654,806
654,849
654,852
654,864
654,875
654,906
654,919
654,941
654,953
654,976
655,705
655,710
655,723
655,736
655,740
655,741
655,747
655,757
655,761
655,793
655,856
655,876
655,883
655,910
655,931
655,992
655,997
656,661
656,671
656,715
656,755
656,767
656,786
656,812
656,834
656,852
656,869
656,886
656,889
656,899
656,901
656,910
656,935
656,988
657,693
657,737
657,839
657,940
658,670
658,695
658,717
658,738
658,770
658,824
658,829
658,892
658,914
658,933
658,953
659,671
659,678
659,698
659,722
659,772
659,774
659,791
659,800
659,822
659,834
659,841
659,852
659,861
659,869
659,870
659,878
659,899
659,967
659,972
659,986
659,987
659,988
660,708
660,726
660,792
660,815
660,849
660,850
660,866
660,872
660,883
660,895
660,905
660,920
660,921
660,926
660,949
660,971
660,975
661,675
661,708
661,712
661,772
661,807
661,867
661,925
661,929
661,932
661,934
661,956
662,695
662,727
662,786
662,821
662,953
662,970
662,995
663,703
663,776
663,777
663,796
663,801
663,833
663,877
663,879
663,991
664,709
664,795
664,816
664,850
664,971
665,723
665,752
665,759
665,877
665,992
666,695
666,724
666,735
666,741
666,766
666,795
666,812
666,875
666,879
666,886
666,898
666,906
666,910
666,941
666,951
667,669
667,676
667,733
667,741
667,836
667,847
667,851
667,876
667,949
667,962
667,973
668,678
668,696
668,722
668,750
668,777
668,949
668,991
668,993
668,994
669,676
669,724
669,732
669,736
669,767
669,775
669,836
669,841
669,871
669,875
669,885
669,900
669,909
669,910
669,914
669,934
669,948
669,953
669,970
669,992
670,691
670,710
670,717
670,730
670,732
670,741
670,810
670,836
670,857
670,879
670,925
670,979
670,985
671,715
671,773
671,774
671,778
671,812
671,852
671,869
671,870
671,886
671,891
671,899
671,910
671,912
671,967
671,970
671,984
671,987
671,988
672,688
672,690
672,697
672,719
672,730
672,732
672,736
672,754
672,805
672,854
672,857
672,858
672,940
672,949
672,955
672,974
672,985
673,676
673,682
673,697
673,707
673,776
673,825
673,831
673,853
673,901
673,905
673,907
673,939
673,975
674,706
674,751
674,794
674,855
674,874
674,894
674,917
674,918
674,930
674,933
674,938
674,947
674,957
674,959
674,964
675,682
675,703
675,723
675,726
675,756
675,780
675,781
675,811
675,816
675,818
675,819
675,827
675,850
675,859
675,876
675,926
675,992
675,995
676,775
676,803
676,848
676,873
676,876
676,888
676,909
676,969
676,983
677,692
677,701
677,715
677,733
677,738
677,769
677,772
677,794
677,802
677,853
677,856
677,907
677,932
677,950
677,994
678,698
678,702
678,703
678,707
678,712
678,718
678,744
678,759
678,777
678,801
678,813
678,818
678,827
678,840
678,874
678,882
678,894
678,907
678,913
678,916
678,917
678,918
678,922
678,968
678,990
678,991
678,994
679,686
679,687
679,697
679,699
679,713
679,717
679,736
679,753
679,820
679,824
679,829
679,839
679,848
679,885
679,910
679,911
679,958
679,970
679,979
679,989
680,705
680,708
680,742
680,744
680,769
680,803
680,823
680,908
680,937
680,950
680,956
680,963
681,700
681,705
681,710
681,735
681,761
681,781
681,850
681,895
681,921
681,943
681,971
681,978
682,684
682,723
682,756
682,781
682,819
682,887
682,895
682,995
682,997
683,745
683,775
683,824
683,842
683,858
683,865
683,866
683,871
683,921
683,949
683,960
683,984
683,989
683,995
684,691
684,720
684,759
684,771
684,781
684,811
684,848
684,887
684,888
684,939
684,975
684,994
685,735
685,787
685,846
685,858
685,871
685,914
685,970
686,761
686,824
686,848
686,885
686,904
686,958
686,995
687,699
687,711
687,736
687,765
687,820
687,824
687,837
687,881
687,885
687,904
687,911
687,958
687,977
687,989
688,745
688,772
688,779
688,780
688,783
688,792
688,803
688,807
688,825
688,833
688,855
688,877
688,883
688,908
688,917
688,920
688,949
688,997
689,716
689,719
689,783
689,794
689,819
689,833
689,839
689,853
689,879
689,887
689,890
689,934
689,950
689,972
689,979
689,988
689,995
690,694
690,700
690,730
690,732
690,754
690,805
690,824
690,835
690,836
690,842
690,857
690,879
690,925
690,940
690,949
690,954
690,973
690,979
690,985
691,694
691,704
691,723
691,747
691,760
691,761
691,811
691,816
691,883
691,887
691,919
691,961
691,975
691,992
692,693
692,708
692,733
692,743
692,765
692,845
692,864
692,896
692,924
692,954
693,708
693,786
693,794
693,795
693,803
693,818
693,881
693,896
693,902
693,904
693,909
693,948
693,954
693,960
694,721
694,807
694,893
694,924
694,937
694,976
694,984
694,998
695,710
695,717
695,724
695,740
695,741
695,786
695,794
695,795
695,842
695,844
695,864
695,870
695,872
695,875
695,881
695,892
695,896
695,902
695,941
695,953
695,958
695,970
695,988
695,994
696,750
696,828
696,918
697,701
697,708
697,709
697,719
697,754
697,819
697,832
697,846
697,875
697,876
697,921
697,934
697,940
697,950
697,954
697,958
697,963
697,995
698,726
698,772
698,815
698,842
698,860
698,869
698,874
698,877
698,887
698,906
698,907
698,916
698,917
698,930
698,949
698,968
698,990
698,991
699,710
699,732
699,736
699,741
699,750
699,785
699,820
699,824
699,848
699,885
699,911
699,938
699,958
699,960
699,977
699,994
700,710
700,761
700,805
700,842
700,854
700,856
700,932
700,949
700,961
700,963
700,966
700,969
700,978
700,985
700,999
701,765
701,775
701,779
701,803
701,823
701,842
701,856
701,878
701,879
701,895
701,898
701,973
701,979
701,988
702,703
702,747
702,762
702,777
702,877
702,907
702,916
702,938
702,954
702,984
702,990
703,777
703,801
703,813
703,859
703,907
703,912
703,916
703,930
703,964
703,975
703,990
704,710
704,756
704,783
704,850
704,883
704,887
704,905
704,971
704,997
705,732
705,740
705,754
705,788
705,790
705,793
705,798
705,897
705,919
705,936
705,949
706,734
706,771
706,800
706,888
706,891
706,894
706,923
706,933
706,943
706,947
706,960
706,964
706,974
706,984
706,993
707,759
707,776
707,825
707,831
707,847
707,848
707,901
707,990
707,996
708,711
708,716
708,726
708,739
708,751
708,763
708,794
708,797
708,799
708,819
708,823
708,830
708,910
708,950
708,954
708,956
708,963
709,736
709,851
709,853
709,866
709,955
710,740
710,743
710,746
710,747
710,757
710,761
710,763
710,772
710,788
710,811
710,816
710,854
710,862
710,876
710,883
710,934
710,949
710,992
710,995
711,755
711,770
711,802
711,815
711,869
711,889
711,918
711,929
711,944
711,952
711,965
712,810
712,830
712,832
712,918
712,921
712,934
712,942
712,945
712,972
712,992
713,727
713,741
713,745
713,748
713,754
713,759
713,785
713,817
713,821
713,824
713,846
713,848
713,851
713,868
713,871
713,875
713,892
713,927
713,962
713,970
713,995
714,729
714,814
714,835
714,836
714,854
714,879
714,926
714,939
714,971
714,992
715,767
715,782
715,791
715,812
715,815
715,841
715,860
715,869
715,886
715,899
715,906
715,913
715,916
715,929
715,967
715,988
716,718
716,720
716,742
716,779
716,819
716,851
716,872
716,926
716,934
717,732
717,741
717,789
717,795
717,803
717,829
717,881
717,892
717,910
717,914
717,960
717,970
718,813
718,916
718,918
718,922
718,932
718,990
718,991
719,725
719,730
719,741
719,772
719,803
719,821
719,839
719,851
719,853
719,866
719,898
719,908
720,781
720,790
720,811
720,883
720,926
720,946
720,961
720,984
720,990
721,737
721,762
721,786
721,807
721,832
721,844
721,872
721,893
721,924
721,929
721,950
721,976
721,984
721,990
721,998
722,731
722,734
722,738
722,762
722,767
722,802
722,818
722,866
722,870
722,871
722,899
723,740
723,747
723,752
723,759
723,760
723,776
723,790
723,798
723,811
723,883
723,887
723,895
723,901
723,947
723,961
723,966
723,972
723,991
724,803
724,829
724,858
724,863
724,871
724,892
724,902
724,923
724,970
724,978
725,740
725,746
725,771
725,790
725,887
725,897
725,923
725,928
725,971
726,762
726,768
726,819
726,831
726,849
726,859
726,915
726,926
726,934
726,950
727,741
727,785
727,786
727,789
727,816
727,829
727,849
727,871
727,914
727,970
728,734
728,772
728,799
728,916
729,754
729,769
729,780
729,808
729,814
729,839
729,856
729,939
730,732
730,754
730,810
730,832
730,842
730,843
730,896
730,906
730,916
730,917
730,919
730,940
730,941
730,947
730,949
730,950
730,979
730,985
730,995
731,732
731,733
731,737
731,754
731,797
731,803
731,822
731,853
731,857
731,864
731,872
731,878
731,880
731,889
731,899
731,906
731,924
731,937
731,939
731,976
731,993
731,994
731,998
732,733
732,741
732,747
732,812
732,832
732,842
732,857
732,906
732,949
732,950
732,953
732,955
732,973
732,979
732,985
732,997
733,738
733,758
733,787
733,807
733,864
733,888
733,896
733,910
733,932
733,952
733,956
733,988
734,752
734,805
734,830
734,834
734,837
734,840
734,855
734,869
734,872
734,917
734,927
734,938
734,943
734,974
734,984
735,785
735,806
735,829
735,863
735,882
735,899
735,941
735,944
735,958
735,970
736,745
736,748
736,786
736,803
736,824
736,858
736,865
736,881
736,885
736,904
736,958
736,960
736,962
736,989
737,744
737,752
737,794
737,836
737,849
737,875
737,888
737,900
737,910
737,935
737,985
738,759
738,784
738,795
738,812
738,818
738,849
738,852
738,862
738,870
738,875
738,878
738,887
738,892
738,912
738,915
738,933
738,936
738,941
739,756
739,759
739,791
739,859
739,876
740,747
740,750
740,790
740,793
740,798
740,819
740,831
740,856
740,876
740,887
740,895
740,897
740,919
740,928
740,931
740,969
740,992
741,748
741,768
741,784
741,787
741,812
741,823
741,833
741,836
741,837
741,848
741,861
741,863
741,871
741,889
741,898
741,903
741,906
741,962
741,970
741,977
741,983
742,764
742,819
742,850
742,854
742,866
742,907
742,926
742,934
742,972
743,761
743,793
743,794
743,814
743,851
743,863
743,919
743,931
743,979
743,982
743,985
744,772
744,794
744,816
744,823
744,830
744,906
744,908
744,921
744,926
744,950
744,955
744,956
744,963
744,972
744,984
745,750
745,782
745,837
745,852
745,874
745,880
745,894
745,941
745,957
745,959
745,964
745,993
746,761
746,763
746,856
746,859
746,911
746,999
747,759
747,763
747,781
747,790
747,850
747,856
747,883
747,901
747,928
747,936
747,939
747,946
747,953
747,969
747,978
747,992
748,768
748,770
748,785
748,787
748,803
748,821
748,830
748,836
748,871
748,885
748,888
748,958
748,962
748,977
748,983
748,994
749,771
749,777
749,807
749,810
749,826
749,831
749,847
749,975
750,763
750,780
750,792
750,804
750,874
750,880
750,900
750,912
750,930
750,959
750,976
750,978
750,997
751,766
751,772
751,780
751,782
751,837
751,855
751,894
751,930
751,956
751,957
751,959
751,963
751,976
752,762
752,765
752,771
752,804
752,818
752,831
752,847
752,874
752,920
752,937
752,972
752,983
752,990
752,997
753,772
753,891
753,986
754,788
754,835
754,842
754,851
754,853
754,854
754,857
754,879
754,884
754,888
754,921
754,925
754,942
754,949
754,985
755,869
755,886
755,918
755,927
756,781
756,819
756,827
756,972
757,761
757,788
757,790
757,793
757,831
757,876
757,897
757,921
757,972
757,992
758,803
758,873
758,888
758,896
758,919
758,925
758,948
758,955
758,962
759,811
759,887
759,905
759,928
759,939
759,961
759,966
759,999
760,771
760,809
760,832
760,833
760,847
760,908
760,912
760,919
760,920
760,930
760,956
760,963
760,998
761,788
761,811
761,813
761,847
761,854
761,857
761,868
761,942
761,982
761,995
761,999
762,777
762,796
762,826
762,907
762,933
762,990
763,788
763,793
763,816
763,836
763,857
763,897
763,921
763,936
763,999
764,836
764,893
764,924
764,932
765,767
765,770
765,802
765,818
765,822
765,834
765,860
765,862
765,864
765,889
765,892
765,900
765,913
765,934
765,935
765,953
765,980
765,993
765,995
766,785
766,812
766,813
766,817
766,870
766,892
766,941
766,944
767,770
767,794
767,802
767,818
767,822
767,852
767,864
767,869
767,874
767,913
767,927
767,947
767,952
767,965
767,967
767,980
767,981
767,993
768,821
768,848
768,903
768,962
768,983
769,807
769,867
769,920
769,932
769,941
769,943
769,976
769,994
770,818
770,864
770,870
770,878
770,944
770,974
770,978
770,980
770,993
771,780
771,826
771,847
771,878
771,922
771,926
771,950
771,994
772,780
772,782
772,792
772,800
772,804
772,810
772,833
772,837
772,840
772,852
772,896
772,900
772,908
772,919
772,924
772,938
772,952
772,964
773,845
773,870
773,965
774,778
774,813
774,827
774,915
774,988
775,779
775,808
775,865
775,890
775,909
775,913
775,925
775,933
775,948
775,960
775,970
775,984
776,825
776,831
776,856
776,901
776,905
776,908
776,919
776,975
777,909
777,917
777,918
777,922
778,789
778,852
778,915
778,918
779,802
779,805
779,818
779,835
779,836
779,842
779,873
779,888
779,900
779,909
779,958
779,960
779,995
780,804
780,859
780,920
780,930
780,931
780,963
780,997
781,856
781,921
781,930
781,956
781,972
781,975
781,997
782,860
782,918
782,922
782,923
782,952
782,958
783,847
783,887
783,979
783,997
784,794
784,803
784,806
784,836
784,840
784,849
784,864
784,875
784,881
784,885
784,900
784,902
784,910
784,941
784,953
784,954
784,970
784,976
784,983
784,988
784,994
785,795
785,806
785,822
785,849
785,875
785,885
785,892
785,898
785,906
785,941
785,953
785,986
785,994
786,789
786,817
786,818
786,829
786,846
786,914
786,970
787,819
787,846
787,847
787,863
787,911
787,948
787,951
787,989
788,790
788,793
788,919
788,939
789,807
789,811
789,819
789,829
789,863
789,970
790,798
790,811
790,856
790,868
790,897
790,928
790,931
790,946
790,949
790,966
790,975
790,982
791,815
791,821
791,965
792,815
792,831
792,838
792,961
792,975
793,798
793,808
793,816
793,856
793,897
793,939
793,943
793,971
794,802
794,811
794,818
794,840
794,860
794,869
794,874
794,892
794,911
794,934
794,950
794,954
794,956
794,970
794,971
794,976
794,994
795,881
795,885
795,892
795,941
796,801
796,826
796,877
796,882
796,907
796,975
796,990
797,837
797,874
798,856
800,812
800,861
800,878
800,967
800,984
800,988
801,826
801,877
801,880
801,907
802,834
802,846
802,863
802,900
802,913
802,924
802,938
802,980
802,993
802,998
803,836
803,871
803,879
803,888
803,896
803,911
803,913
803,953
803,954
803,977
803,994
803,995
804,826
804,833
804,847
804,875
804,916
804,918
804,930
804,938
804,952
804,959
804,976
804,997
804,999
805,814
805,835
805,842
805,854
805,879
805,946
805,955
806,836
806,849
806,857
806,875
806,892
806,902
806,906
806,910
806,942
806,996
807,810
807,833
807,878
807,883
807,888
807,900
807,932
807,950
807,956
807,976
808,843
808,851
808,926
808,949
808,978
808,979
809,823
809,828
809,833
809,859
809,879
809,921
809,956
810,842
810,857
810,867
810,868
810,879
810,890
810,921
810,926
810,949
810,955
810,973
810,985
811,837
811,845
811,853
811,874
811,876
811,883
811,895
811,897
811,905
811,920
811,934
811,939
811,946
811,971
811,992
812,818
812,822
812,837
812,841
812,852
812,861
812,862
812,869
812,870
812,881
812,889
812,924
812,933
812,935
812,956
812,993
812,997
813,815
813,825
813,828
813,854
813,877
813,917
813,918
813,923
813,991
814,835
814,850
814,857
814,978
815,861
815,869
815,886
815,889
815,952
815,961
815,965
815,968
815,987
816,832
816,850
816,854
816,874
816,876
816,884
816,897
816,939
816,945
817,871
817,889
817,954
817,960
817,978
818,849
818,852
818,862
818,869
818,870
818,875
818,892
818,906
818,910
818,920
818,944
818,970
818,989
819,827
819,843
819,848
819,859
819,883
819,939
819,942
819,943
819,948
819,975
820,857
820,879
820,951
820,958
821,848
821,877
821,903
821,914
821,962
821,983
821,993
822,852
822,864
822,869
822,913
822,935
822,943
822,953
822,967
822,988
822,993
823,830
823,883
823,913
823,921
823,926
823,927
823,928
823,932
823,934
823,950
823,955
823,956
823,963
823,972
823,979
823,997
824,858
824,885
824,909
824,958
824,977
824,989
825,831
825,901
825,959
825,996
826,847
826,860
826,877
826,907
827,920
827,934
827,972
828,896
828,912
828,917
829,836
829,857
829,864
829,906
829,925
829,983
830,845
830,875
830,908
830,912
830,918
830,945
830,949
830,950
830,976
830,994
830,995
831,847
831,882
831,912
831,971
831,975
832,835
832,839
832,866
832,879
832,941
832,954
832,955
832,972
832,973
833,872
833,905
833,907
833,908
833,930
833,932
833,950
833,956
833,963
833,973
834,841
834,913
834,927
834,935
834,965
834,967
834,974
834,984
834,987
834,993
835,842
835,857
835,868
835,898
835,949
835,955
835,968
835,997
836,871
836,882
836,888
836,914
836,948
836,958
836,983
836,985
837,864
837,889
837,898
837,908
837,957
837,963
838,841
838,882
839,845
839,854
839,879
839,902
839,908
839,909
839,934
840,874
840,878
840,947
840,956
840,987
840,991
840,993
841,869
841,886
841,889
841,908
841,935
841,943
842,851
842,857
842,865
842,879
842,890
842,925
842,940
842,942
842,949
842,956
842,960
842,979
842,985
842,991
843,853
843,868
843,942
843,949
843,955
843,995
844,888
844,976
844,980
845,860
845,908
845,956
845,994
846,851
846,871
846,879
846,881
846,914
846,970
847,882
847,887
847,907
847,908
847,956
847,966
847,975
847,979
847,992
847,996
848,903
848,909
848,921
848,942
848,948
848,951
848,958
848,967
848,977
848,983
849,869
849,875
849,892
849,900
849,906
849,910
849,958
849,998
850,868
850,895
850,910
850,921
850,968
850,971
851,853
851,856
851,868
851,879
851,926
851,942
851,990
851,992
852,870
852,893
852,899
852,915
852,967
852,988
853,868
853,879
853,949
853,955
853,975
853,979
853,985
853,995
854,868
854,921
854,939
854,951
854,995
855,860
855,862
855,870
855,877
855,894
855,919
855,947
855,957
855,974
856,966
856,992
857,879
857,883
857,901
857,906
857,925
857,940
857,942
857,949
857,956
857,985
858,865
858,866
858,885
858,904
858,951
858,958
858,977
858,989
859,887
859,905
859,920
859,921
859,971
859,997
860,874
860,907
860,918
860,929
860,930
860,938
860,957
860,959
860,988
861,875
861,892
861,953
861,959
861,968
861,986
861,988
862,878
862,892
862,953
862,980
863,945
863,974
863,984
864,878
864,890
864,910
864,913
864,937
864,980
864,998
865,960
865,977
865,985
866,879
866,901
866,942
866,955
867,914
867,925
867,942
867,963
867,995
868,879
868,926
868,936
868,953
868,955
868,960
868,982
869,870
869,878
869,889
869,927
869,933
869,957
869,994
869,998
870,883
870,899
870,915
870,941
870,986
870,988
870,995
871,914
871,958
871,962
872,932
872,933
872,937
872,956
872,963
872,967
873,879
873,909
873,915
873,948
873,960
874,896
874,938
874,957
874,959
874,964
874,975
874,984
875,888
875,889
875,892
875,906
875,935
875,953
875,988
876,897
876,905
876,966
876,969
876,982
876,992
876,999
877,882
877,907
877,927
877,929
877,943
877,984
878,882
878,900
878,906
878,915
878,974
878,998
879,910
879,934
879,939
879,942
879,949
879,955
879,971
879,985
881,889
881,896
881,902
881,970
882,907
882,927
882,975
882,990
883,884
883,895
883,905
883,918
883,928
883,931
883,954
883,961
883,985
883,992
884,908
884,928
884,939
885,904
885,911
885,928
885,958
885,993
886,935
886,991
887,901
887,908
887,920
887,957
887,966
887,997
888,896
888,902
888,954
888,970
888,972
889,910
889,913
889,916
889,943
889,981
889,993
890,925
891,967
891,986
891,988
892,906
892,910
892,941
892,953
892,970
892,976
893,924
893,932
893,933
893,942
893,976
893,980
894,918
894,932
894,957
894,960
894,984
895,939
895,971
896,898
896,902
896,954
896,956
896,958
897,992
898,906
898,953
898,954
898,970
898,981
898,994
899,967
900,906
900,910
900,941
900,950
900,970
900,994
901,912
901,930
901,975
901,996
902,918
902,940
902,954
903,904
903,910
903,911
903,962
904,919
904,958
904,985
904,989
905,912
905,992
906,952
906,953
906,988
907,912
907,916
907,917
907,918
907,930
907,946
907,975
907,990
908,945
908,987
909,960
909,979
910,953
911,958
911,960
912,959
912,961
912,975
913,926
913,932
913,941
913,943
913,945
913,980
913,986
913,993
914,939
915,980
915,988
916,918
916,922
916,990
917,918
917,922
917,923
917,964
917,984
917,991
918,922
918,923
918,947
918,965
918,974
918,991
919,954
919,982
919,983
919,985
920,972
920,989
920,997
921,922
921,926
921,962
921,971
921,985
921,992
922,926
922,930
922,975
922,991
923,943
923,965
924,932
924,933
924,959
924,980
924,987
924,993
925,951
925,955
925,979
925,995
926,933
926,934
926,942
926,945
926,960
926,971
926,975
926,985
926,995
927,933
927,943
927,965
927,974
927,984
928,946
928,961
928,966
928,976
929,938
929,984
930,939
930,942
930,950
930,956
930,971
930,997
931,933
931,966
931,969
932,942
932,968
932,994
933,943
933,963
933,974
933,984
933,998
934,939
935,994
936,982
936,992
937,956
937,998
938,959
938,968
938,984
938,990
939,955
939,971
939,972
940,955
940,973
940,985
940,994
942,949
942,954
942,955
942,956
942,959
942,979
942,985
943,972
943,974
943,976
943,981
943,984
945,976
946,961
946,966
946,969
946,971
947,984
948,979
949,960
949,979
949,985
949,999
950,956
950,957
950,963
950,972
950,974
950,998
951,989
952,964
952,968
954,968
954,976
954,989
954,995
954,997
955,979
955,985
955,999
956,963
957,959
957,976
958,977
958,983
958,989
959,972
960,979
960,989
961,971
961,979
962,983
964,998
970,977
970,985
971,982
974,980
974,981
974,984
975,977
975,990
975,996
975,997
976,984
976,994
977,983
978,999
980,981
980,988
980,998
981,987
981,993
981,994
983,989
984,998
987,994
990,996
993,994
995,997
