source,target
0,6
0,38
0,59
0,68
0,186
0,193
0,267
0,295
0,302
0,317
0,360
0,364
0,472
0,492
0,510
0,529
0,544
0,584
0,659
0,680
0,811
0,860
0,907
0,931
1,2
1,12
1,59
1,63
1,68
1,82
1,165
1,263
1,330
1,419
1,439
1,458
1,461
1,481
1,573
1,611
1,662
1,688
1,702
1,706
1,708
1,726
1,740
1,782
1,990
1,995
2,12
2,42
2,63
2,82
2,162
2,170
2,176
2,196
2,198
2,232
2,236
2,262
2,388
2,413
2,420
2,441
2,451
2,555
2,588
2,595
2,598
2,630
2,735
2,743
2,745
2,766
2,780
2,828
2,860
2,862
2,906
2,914
2,947
2,986
2,990
3,5
3,6
3,19
3,27
3,47
3,48
3,50
3,52
3,66
3,70
3,90
3,93
3,101
3,107
3,111
3,125
3,128
3,136
3,149
3,170
3,172
3,182
3,188
3,197
3,206
3,223
3,240
3,246
3,255
3,303
3,317
3,324
3,329
3,333
3,337
3,343
3,346
3,369
3,414
3,422
3,429
3,439
3,444
3,449
3,481
3,524
3,529
3,548
3,556
3,622
3,623
3,626
3,655
3,666
3,699
3,724
3,726
3,746
3,753
3,768
3,769
3,781
3,787
3,833
3,850
3,865
3,883
3,900
3,903
3,906
3,907
3,920
3,948
3,952
3,956
3,957
3,958
3,973
3,974
3,975
3,981
4,42
4,60
4,109
4,179
4,232
4,256
4,355
4,362
4,391
4,400
4,463
4,465
4,479
4,537
4,585
4,597
4,655
4,666
4,684
4,740
4,744
4,752
4,768
4,774
4,787
4,862
4,887
4,949
4,962
4,991
4,992
5,6
5,27
5,52
5,70
5,93
5,107
5,111
5,143
5,149
5,163
5,250
5,288
5,303
5,330
5,392
5,404
5,422
5,424
5,440
5,450
5,476
5,532
5,552
5,579
5,626
5,645
5,697
5,735
5,769
5,787
5,812
5,828
5,835
5,874
5,906
5,911
5,920
5,944
5,957
5,996
6,19
6,50
6,52
6,64
6,111
6,115
6,136
6,147
6,198
6,219
6,294
6,343
6,422
6,440
6,444
6,449
6,450
6,459
6,476
6,481
6,513
6,551
6,552
6,556
6,564
6,579
6,626
6,628
6,631
6,654
6,671
6,688
6,703
6,746
6,769
6,781
6,807
6,818
6,835
6,864
6,865
6,872
6,874
6,886
6,892
6,906
6,907
6,911
6,920
6,925
6,933
6,947
6,957
6,958
6,971
6,974
6,977
6,998
7,10
7,13
7,23
7,36
7,42
7,49
7,65
7,75
7,138
7,159
7,185
7,186
7,211
7,245
7,270
7,273
7,276
7,291
7,292
7,296
7,312
7,315
7,322
7,331
7,345
7,359
7,363
7,383
7,391
7,418
7,437
7,455
7,462
7,465
7,475
7,479
7,483
7,491
7,497
7,519
7,548
7,554
7,564
7,588
7,599
7,602
7,657
7,662
7,668
7,685
7,745
7,759
7,790
7,805
7,811
7,832
7,837
7,845
7,859
7,946
7,953
7,982
8,18
8,32
8,44
8,155
8,173
8,213
8,264
8,326
8,341
8,399
8,442
8,486
8,498
8,536
8,619
8,670
8,680
8,685
8,698
8,707
8,710
8,723
8,750
8,770
8,879
8,893
8,914
8,918
8,934
9,78
9,86
9,91
9,110
9,122
9,203
9,212
9,219
9,234
9,352
9,353
9,378
9,403
9,418
9,423
9,452
9,456
9,470
9,500
9,523
9,559
9,606
9,646
9,689
9,692
9,713
9,770
9,830
9,851
9,852
9,869
9,890
9,945
10,46
10,48
10,94
10,95
10,106
10,117
10,124
10,127
10,148
10,150
10,156
10,165
10,167
10,168
10,175
10,197
10,223
10,233
10,291
10,300
10,308
10,332
10,357
10,369
10,371
10,403
10,418
10,467
10,481
10,489
10,490
10,498
10,500
10,503
10,548
10,571
10,597
10,607
10,618
10,676
10,713
10,768
10,784
10,806
10,812
10,913
10,922
10,925
10,935
10,977
11,15
11,87
11,91
11,109
11,115
11,121
11,126
11,131
11,140
11,152
11,159
11,161
11,171
11,194
11,229
11,277
11,279
11,306
11,331
11,346
11,360
11,406
11,410
11,448
11,461
11,464
11,527
11,535
11,551
11,553
11,560
11,589
11,603
11,604
11,627
11,630
11,633
11,667
11,733
11,737
11,751
11,796
11,797
11,798
11,807
11,832
11,839
11,860
11,909
11,984
11,988
12,36
12,42
12,51
12,56
12,63
12,80
12,96
12,103
12,107
12,112
12,125
12,163
12,196
12,295
12,336
12,343
12,359
12,374
12,430
12,435
12,439
12,461
12,516
12,537
12,550
12,553
12,585
12,595
12,602
12,641
12,662
12,680
12,706
12,708
12,726
12,768
12,797
12,814
12,828
12,860
12,862
12,891
12,909
12,952
13,61
13,67
13,71
13,121
13,163
13,192
13,198
13,211
13,217
13,253
13,270
13,276
13,277
13,304
13,322
13,342
13,345
13,359
13,390
13,406
13,426
13,436
13,447
13,455
13,519
13,541
13,548
13,588
13,599
13,603
13,615
13,655
13,656
13,668
13,678
13,685
13,743
13,749
13,773
13,789
13,807
13,811
13,824
13,859
13,878
13,879
13,927
13,932
13,942
13,951
13,972
14,27
14,28
14,40
14,97
14,157
14,173
14,209
14,221
14,225
14,230
14,242
14,243
14,257
14,285
14,325
14,345
14,353
14,360
14,378
14,379
14,395
14,442
14,443
14,452
14,500
14,517
14,559
14,581
14,629
14,641
14,672
14,673
14,689
14,737
14,760
14,792
14,800
14,817
14,830
14,842
14,844
14,856
14,897
14,941
14,999
15,36
15,55
15,58
15,59
15,84
15,86
15,98
15,161
15,207
15,242
15,270
15,307
15,338
15,344
15,372
15,387
15,389
15,398
15,429
15,448
15,461
15,463
15,477
15,479
15,522
15,537
15,539
15,550
15,573
15,606
15,662
15,675
15,710
15,726
15,736
15,737
15,743
15,751
15,799
15,802
15,827
15,828
15,837
15,846
15,862
15,891
15,909
15,925
15,984
16,36
16,87
16,109
16,138
16,159
16,174
16,196
16,223
16,236
16,406
16,420
16,431
16,445
16,464
16,540
16,577
16,632
16,639
16,649
16,684
16,691
16,703
16,704
16,714
16,733
16,768
16,796
16,805
16,832
16,887
17,80
17,96
17,102
17,104
17,120
17,121
17,145
17,152
17,154
17,174
17,229
17,271
17,282
17,286
17,295
17,297
17,301
17,306
17,328
17,349
17,459
17,473
17,487
17,528
17,545
17,560
17,572
17,577
17,604
17,636
17,658
17,675
17,691
17,696
17,720
17,748
17,787
17,798
17,800
17,839
17,846
17,857
17,875
17,891
17,910
17,933
17,942
17,954
17,990
18,42
18,43
18,58
18,74
18,100
18,108
18,155
18,163
18,168
18,175
18,191
18,205
18,223
18,236
18,261
18,287
18,292
18,309
18,324
18,329
18,334
18,350
18,355
18,394
18,416
18,489
18,500
18,526
18,591
18,603
18,608
18,615
18,643
18,656
18,699
18,701
18,703
18,710
18,712
18,714
18,723
18,727
18,731
18,748
18,751
18,759
18,767
18,775
18,780
18,802
18,803
18,804
18,838
18,873
18,891
18,892
18,914
18,916
18,921
18,935
18,937
18,954
18,973
18,976
18,989
18,995
18,998
19,22
19,56
19,70
19,93
19,100
19,111
19,143
19,164
19,182
19,188
19,293
19,337
19,338
19,373
19,392
19,432
19,449
19,450
19,467
19,476
19,481
19,502
19,510
19,529
19,552
19,582
19,602
19,623
19,634
19,702
19,708
19,724
19,746
19,753
19,759
19,769
19,781
19,848
19,865
19,871
19,899
19,920
19,947
19,948
19,957
19,971
20,41
20,53
20,73
20,95
20,106
20,144
20,158
20,180
20,193
20,196
20,266
20,289
20,290
20,314
20,316
20,341
20,345
20,357
20,366
20,381
20,386
20,388
20,397
20,401
20,404
20,484
20,486
20,493
20,497
20,512
20,557
20,572
20,576
20,603
20,616
20,643
20,656
20,681
20,686
20,739
20,755
20,803
20,835
20,855
20,918
20,979
21,43
21,72
21,77
21,85
21,116
21,118
21,151
21,208
21,217
21,230
21,243
21,298
21,315
21,348
21,352
21,353
21,486
21,492
21,517
21,541
21,583
21,606
21,683
21,697
21,701
21,713
21,756
21,765
21,793
21,817
21,825
21,830
21,869
21,873
21,945
21,983
22,56
22,70
22,100
22,101
22,111
22,129
22,182
22,197
22,288
22,317
22,337
22,351
22,372
22,422
22,444
22,476
22,508
22,529
22,532
22,623
22,680
22,735
22,790
22,833
22,860
22,903
22,907
22,947
22,949
22,964
22,991
23,30
23,38
23,61
23,65
23,74
23,114
23,137
23,139
23,158
23,189
23,201
23,210
23,275
23,290
23,345
23,357
23,374
23,447
23,451
23,459
23,461
23,572
23,695
23,723
23,727
23,745
23,807
23,847
23,894
23,912
23,924
23,930
23,942
23,953
24,81
24,88
24,160
24,166
24,184
24,201
24,202
24,204
24,304
24,319
24,351
24,361
24,453
24,514
24,535
24,537
24,561
24,567
24,578
24,609
24,641
24,663
24,754
24,772
24,786
24,806
24,836
24,840
24,847
24,855
24,871
24,898
24,936
24,944
24,972
24,993
25,44
25,79
25,134
25,155
25,195
25,213
25,334
25,339
25,340
25,350
25,376
25,399
25,442
25,486
25,498
25,536
25,580
25,603
25,634
25,670
25,694
25,696
25,698
25,707
25,710
25,723
25,750
25,767
25,771
25,838
25,851
25,879
25,904
25,934
25,959
26,51
26,68
26,107
26,163
26,170
26,191
26,197
26,236
26,267
26,302
26,330
26,338
26,355
26,360
26,375
26,391
26,441
26,458
26,462
26,472
26,529
26,566
26,573
26,574
26,740
26,771
26,789
26,795
26,802
26,805
26,824
26,837
26,899
26,903
26,927
26,931
26,939
26,950
26,954
26,965
26,992
26,993
27,55
27,56
27,70
27,107
27,112
27,128
27,129
27,164
27,209
27,212
27,222
27,248
27,250
27,269
27,283
27,288
27,303
27,330
27,343
27,346
27,392
27,422
27,426
27,440
27,509
27,529
27,552
27,554
27,560
27,597
27,599
27,666
27,688
27,746
27,808
27,845
27,862
27,871
27,960
27,991
27,992
28,53
28,106
28,115
28,123
28,136
28,166
28,180
28,193
28,252
28,266
28,284
28,308
28,316
28,345
28,348
28,351
28,364
28,366
28,391
28,399
28,401
28,407
28,434
28,457
28,469
28,478
28,480
28,484
28,499
28,521
28,569
28,575
28,610
28,612
28,618
28,621
28,648
28,657
28,665
28,670
28,678
28,687
28,714
28,722
28,764
28,776
28,788
28,789
28,797
28,802
28,825
28,864
28,894
28,938
28,950
28,965
28,980
28,985
29,31
29,53
29,99
29,105
29,106
29,123
29,126
29,131
29,180
29,192
29,245
29,287
29,308
29,315
29,361
29,365
29,386
29,391
29,399
29,412
29,434
29,453
29,454
29,491
29,499
29,557
29,562
29,575
29,601
29,610
29,647
29,656
29,677
29,726
29,729
29,754
29,777
29,805
29,836
29,849
29,858
29,878
29,918
29,936
29,955
29,968
29,972
29,987
30,31
30,67
30,71
30,114
30,139
30,169
30,192
30,210
30,219
30,227
30,254
30,264
30,296
30,306
30,326
30,406
30,410
30,430
30,521
30,535
30,582
30,614
30,636
30,651
30,707
30,719
30,730
30,743
30,745
30,754
30,807
30,811
30,824
30,873
30,877
30,882
30,924
30,930
30,953
30,967
31,139
31,141
31,144
31,178
31,185
31,235
31,247
31,312
31,322
31,331
31,372
31,407
31,409
31,421
31,427
31,432
31,438
31,447
31,453
31,457
31,469
31,491
31,493
31,535
31,558
31,562
31,599
31,633
31,639
31,657
31,666
31,695
31,718
31,721
31,736
31,749
31,757
31,785
31,786
31,789
31,806
31,807
31,847
31,887
31,894
31,926
31,930
31,932
31,953
31,984
31,987
32,44
32,45
32,85
32,96
32,113
32,155
32,213
32,215
32,240
32,251
32,292
32,376
32,395
32,458
32,486
32,489
32,495
32,496
32,498
32,530
32,536
32,605
32,670
32,701
32,707
32,713
32,714
32,747
32,791
32,831
32,918
32,923
32,925
32,935
32,945
33,42
33,48
33,69
33,78
33,124
33,136
33,138
33,163
33,191
33,200
33,231
33,235
33,239
33,255
33,269
33,288
33,322
33,326
33,337
33,345
33,355
33,397
33,439
33,462
33,466
33,480
33,492
33,510
33,529
33,531
33,544
33,587
33,597
33,602
33,625
33,656
33,712
33,715
33,772
33,773
33,775
33,787
33,793
33,795
33,797
33,806
33,812
33,864
33,873
33,874
33,891
33,899
33,904
33,939
33,950
33,952
33,954
33,973
33,989
33,995
33,997
33,998
34,55
34,60
34,71
34,76
34,86
34,91
34,109
34,114
34,120
34,140
34,145
34,169
34,177
34,178
34,201
34,210
34,229
34,239
34,247
34,254
34,271
34,296
34,302
34,328
34,368
34,408
34,451
34,455
34,459
34,498
34,539
34,545
34,585
34,633
34,659
34,660
34,664
34,679
34,715
34,766
34,773
34,817
34,832
34,839
34,845
34,857
34,866
34,882
34,895
34,908
34,910
34,970
35,44
35,48
35,91
35,183
35,195
35,203
35,223
35,332
35,376
35,379
35,415
35,444
35,472
35,490
35,617
35,618
35,646
35,676
35,803
35,831
35,889
35,892
35,935
36,42
36,82
36,104
36,107
36,109
36,138
36,159
36,161
36,171
36,178
36,187
36,191
36,201
36,220
36,236
36,295
36,306
36,338
36,344
36,359
36,375
36,388
36,392
36,393
36,415
36,428
36,431
36,445
36,451
36,457
36,462
36,479
36,506
36,539
36,548
36,550
36,595
36,597
36,598
36,726
36,731
36,743
36,766
36,768
36,782
36,805
36,860
36,862
36,868
36,899
36,917
36,931
36,942
36,966
36,970
37,47
37,66
37,100
37,206
37,233
37,269
37,296
37,303
37,333
37,373
37,375
37,411
37,416
37,444
37,446
37,449
37,458
37,542
37,551
37,613
37,623
37,663
37,666
37,760
37,810
37,833
37,841
37,865
37,883
37,907
37,920
37,957
37,968
37,971
37,975
38,41
38,51
38,68
38,149
38,170
38,255
38,262
38,302
38,303
38,368
38,375
38,426
38,485
38,490
38,557
38,584
38,756
38,813
38,931
38,993
39,43
39,48
39,50
39,85
39,132
39,138
39,139
39,142
39,151
39,195
39,209
39,223
39,226
39,240
39,242
39,300
39,308
39,309
39,310
39,332
39,379
39,385
39,418
39,443
39,449
39,486
39,488
39,494
39,503
39,555
39,571
39,593
39,606
39,617
39,646
39,676
39,707
39,767
39,771
39,780
39,803
39,812
39,850
39,865
39,885
39,889
39,892
39,922
39,925
39,945
39,966
39,967
39,996
40,72
40,118
40,136
40,151
40,155
40,204
40,207
40,221
40,225
40,227
40,230
40,242
40,243
40,258
40,265
40,266
40,285
40,289
40,294
40,322
40,340
40,352
40,378
40,399
40,433
40,515
40,523
40,559
40,575
40,656
40,671
40,673
40,825
40,829
40,843
40,850
40,856
40,869
40,884
40,943
41,61
41,127
41,139
41,180
41,185
41,205
41,207
41,231
41,261
41,273
41,276
41,289
41,290
41,301
41,307
41,313
41,322
41,341
41,383
41,393
41,401
41,407
41,442
41,468
41,480
41,515
41,519
41,555
41,557
41,576
41,580
41,603
41,656
41,674
41,678
41,687
41,694
41,714
41,739
41,759
41,777
41,844
41,849
41,850
41,853
41,855
41,889
41,917
41,918
41,950
41,951
41,967
42,51
42,54
42,59
42,63
42,68
42,69
42,89
42,103
42,107
42,112
42,114
42,168
42,174
42,184
42,186
42,191
42,196
42,222
42,263
42,274
42,296
42,311
42,312
42,320
42,323
42,330
42,360
42,365
42,377
42,388
42,399
42,420
42,434
42,439
42,445
42,459
42,461
42,462
42,465
42,491
42,509
42,529
42,531
42,548
42,550
42,572
42,574
42,588
42,599
42,615
42,643
42,654
42,655
42,678
42,680
42,711
42,719
42,730
42,731
42,757
42,773
42,774
42,802
42,816
42,873
42,885
42,899
42,921
42,937
42,997
43,48
43,52
43,75
43,117
43,148
43,150
43,151
43,157
43,162
43,167
43,175
43,188
43,195
43,209
43,254
43,258
43,283
43,332
43,379
43,392
43,425
43,443
43,471
43,486
43,490
43,496
43,497
43,498
43,519
43,552
43,566
43,597
43,605
43,606
43,617
43,629
43,646
43,670
43,676
43,699
43,711
43,713
43,745
43,753
43,784
43,803
43,830
43,854
43,876
43,899
43,925
43,926
43,935
43,945
43,954
43,959
43,961
43,967
44,91
44,117
44,124
44,125
44,132
44,168
44,195
44,213
44,243
44,251
44,292
44,303
44,324
44,341
44,376
44,378
44,379
44,403
44,483
44,486
44,498
44,503
44,519
44,531
44,542
44,605
44,617
44,618
44,641
44,643
44,645
44,670
44,674
44,676
44,697
44,707
44,738
44,744
44,756
44,816
44,819
44,825
44,831
44,867
44,873
44,892
44,893
44,904
44,913
44,922
44,936
44,937
44,971
45,150
45,168
45,173
45,217
45,251
45,290
45,339
45,500
45,530
45,638
45,674
45,732
45,771
45,797
45,817
45,856
46,133
46,156
46,168
46,256
46,300
46,382
46,396
46,436
46,489
46,510
46,618
46,707
46,744
46,750
46,756
46,759
46,793
46,802
46,831
46,886
46,892
46,913
46,953
47,64
47,93
47,128
47,181
47,206
47,240
47,246
47,255
47,269
47,281
47,332
47,369
47,411
47,416
47,440
47,443
47,444
47,446
47,448
47,454
47,467
47,488
47,502
47,503
47,505
47,542
47,551
47,552
47,556
47,563
47,583
47,597
47,615
47,619
47,626
47,628
47,673
47,678
47,699
47,712
47,724
47,741
47,746
47,748
47,810
47,812
47,818
47,833
47,854
47,883
47,889
47,903
47,913
47,948
47,963
47,966
47,967
47,975
48,78
48,86
48,93
48,95
48,113
48,117
48,140
48,167
48,175
48,209
48,223
48,226
48,230
48,240
48,258
48,263
48,283
48,310
48,348
48,354
48,396
48,403
48,418
48,461
48,490
48,495
48,496
48,497
48,502
48,503
48,515
48,597
48,606
48,617
48,670
48,684
48,744
48,784
48,805
48,880
48,889
48,900
48,922
48,925
48,945
48,951
48,961
48,963
48,966
48,967
49,102
49,152
49,174
49,189
49,235
49,249
49,253
49,268
49,328
49,410
49,496
49,509
49,518
49,528
49,560
49,579
49,583
49,589
49,593
49,636
49,650
49,696
49,737
49,751
49,827
49,839
49,875
49,901
49,932
50,94
50,103
50,111
50,149
50,172
50,173
50,179
50,186
50,269
50,294
50,416
50,422
50,511
50,514
50,524
50,613
50,622
50,628
50,666
50,746
50,781
50,827
50,865
50,866
50,880
50,939
50,977
50,978
51,69
51,78
51,101
51,117
51,132
51,136
51,139
51,149
51,165
51,179
51,191
51,241
51,276
51,288
51,306
51,343
51,345
51,355
51,357
51,360
51,369
51,383
51,388
51,399
51,420
51,429
51,458
51,462
51,465
51,481
51,487
51,488
51,498
51,554
51,564
51,569
51,631
51,671
51,679
51,688
51,706
51,712
51,726
51,743
51,746
51,774
51,789
51,808
51,817
51,831
51,864
51,899
51,921
51,931
51,938
51,939
51,950
51,954
51,963
52,56
52,59
52,70
52,111
52,116
52,288
52,422
52,440
52,449
52,450
52,476
52,498
52,513
52,532
52,595
52,613
52,622
52,630
52,725
52,753
52,769
52,792
52,808
52,886
52,900
52,906
52,907
52,911
52,920
52,948
52,957
52,962
52,963
53,116
53,131
53,144
53,152
53,158
53,162
53,176
53,218
53,250
53,252
53,266
53,287
53,316
53,322
53,341
53,366
53,391
53,409
53,412
53,435
53,459
53,470
53,483
53,491
53,493
53,515
53,525
53,534
53,538
53,562
53,567
53,569
53,610
53,611
53,615
53,642
53,648
53,656
53,657
53,661
53,665
53,677
53,678
53,699
53,722
53,727
53,729
53,730
53,757
53,759
53,788
53,855
53,878
53,881
53,883
53,916
53,955
53,960
53,987
54,131
54,153
54,166
54,232
54,237
54,273
54,304
54,347
54,351
54,368
54,391
54,437
54,469
54,470
54,471
54,501
54,562
54,647
54,681
54,695
54,754
54,777
54,786
54,872
54,878
54,930
54,987
55,87
55,109
55,116
55,146
55,157
55,165
55,210
55,254
55,270
55,273
55,301
55,312
55,338
55,349
55,389
55,400
55,428
55,431
55,448
55,458
55,461
55,463
55,537
55,539
55,550
55,583
55,598
55,632
55,655
55,662
55,688
55,736
55,768
55,824
55,828
55,837
55,858
55,862
55,883
55,909
55,933
55,937
55,952
56,59
56,93
56,130
56,188
56,196
56,238
56,242
56,246
56,267
56,303
56,375
56,458
56,529
56,546
56,548
56,552
56,579
56,582
56,654
56,666
56,680
56,702
56,735
56,767
56,769
56,790
56,831
56,835
56,903
56,911
56,954
56,956
56,964
56,973
56,992
57,108
57,139
57,205
57,235
57,282
57,421
57,539
57,547
57,568
57,659
57,747
57,785
57,902
58,78
58,185
58,291
58,320
58,345
58,465
58,472
58,574
58,643
58,655
58,694
58,714
58,795
58,801
58,899
58,921
58,927
59,63
59,129
59,165
59,196
59,222
59,236
59,241
59,262
59,302
59,311
59,317
59,330
59,337
59,345
59,360
59,375
59,388
59,410
59,425
59,429
59,439
59,441
59,458
59,461
59,462
59,463
59,465
59,509
59,510
59,516
59,529
59,539
59,583
59,588
59,632
59,636
59,679
59,686
59,703
59,708
59,712
59,726
59,752
59,753
59,756
59,768
59,775
59,807
59,825
59,866
59,882
59,891
59,899
59,903
59,914
59,931
59,989
59,992
59,993
59,997
60,86
60,96
60,108
60,121
60,124
60,171
60,302
60,384
60,417
60,445
60,455
60,527
60,535
60,540
60,598
60,637
60,642
60,651
60,667
60,826
60,865
60,875
60,901
60,929
60,946
61,67
61,114
61,206
61,247
61,278
61,296
61,322
61,359
61,390
61,434
61,447
61,469
61,491
61,519
61,561
61,582
61,599
61,604
61,615
61,644
61,659
61,719
61,745
61,759
61,804
61,807
61,811
61,841
61,845
61,859
61,881
61,895
61,923
61,930
62,81
62,88
62,129
62,131
62,146
62,202
62,273
62,305
62,310
62,427
62,435
62,470
62,474
62,485
62,501
62,514
62,603
62,665
62,820
62,838
62,867
62,872
62,881
62,898
62,936
62,972
62,980
62,982
63,87
63,174
63,196
63,262
63,274
63,302
63,388
63,413
63,419
63,420
63,429
63,439
63,441
63,445
63,462
63,463
63,516
63,537
63,549
63,552
63,569
63,573
63,649
63,662
63,684
63,706
63,708
63,714
63,717
63,726
63,731
63,768
63,862
63,893
63,977
63,993
64,93
64,117
64,175
64,263
64,324
64,355
64,356
64,411
64,414
64,424
64,446
64,467
64,471
64,488
64,494
64,511
64,551
64,552
64,563
64,746
64,808
64,818
64,854
64,866
64,963
64,984
65,86
65,162
65,166
65,186
65,256
65,270
65,315
65,322
65,358
65,359
65,363
65,377
65,383
65,420
65,429
65,441
65,453
65,462
65,465
65,475
65,588
65,602
65,669
65,694
65,706
65,731
65,743
65,795
65,823
65,845
65,847
65,908
65,932
65,934
65,938
65,997
66,101
66,141
66,188
66,200
66,231
66,281
66,283
66,321
66,324
66,329
66,385
66,544
66,597
66,620
66,663
66,709
66,760
66,778
66,810
66,812
66,833
66,866
66,880
66,900
66,947
66,958
66,966
66,974
66,999
67,115
67,161
67,165
67,192
67,198
67,296
67,312
67,322
67,331
67,390
67,445
67,447
67,457
67,472
67,475
67,483
67,491
67,598
67,599
67,614
67,615
67,679
67,730
67,748
67,807
67,811
67,859
67,893
67,921
67,953
67,960
68,70
68,112
68,124
68,188
68,191
68,262
68,267
68,274
68,303
68,330
68,337
68,375
68,382
68,424
68,462
68,487
68,492
68,529
68,546
68,548
68,568
68,671
68,680
68,753
68,783
68,811
68,841
68,899
68,916
68,931
68,939
69,103
69,105
69,138
69,180
69,187
69,191
69,207
69,264
69,326
69,333
69,345
69,357
69,410
69,441
69,466
69,472
69,503
69,569
69,574
69,579
69,603
69,608
69,609
69,625
69,643
69,662
69,678
69,685
69,711
69,714
69,739
69,746
69,748
69,759
69,788
69,793
69,829
69,857
69,864
69,885
69,914
69,916
69,917
69,921
69,925
69,932
69,942
69,954
69,989
69,997
69,998
70,100
70,111
70,136
70,149
70,170
70,197
70,240
70,293
70,317
70,322
70,324
70,343
70,369
70,400
70,422
70,445
70,450
70,467
70,492
70,531
70,548
70,552
70,595
70,597
70,699
70,711
70,726
70,735
70,753
70,769
70,783
70,790
70,835
70,887
70,903
70,920
70,952
70,957
70,958
70,964
70,965
70,977
70,991
70,992
71,109
71,121
71,139
71,169
71,192
71,210
71,247
71,254
71,264
71,270
71,315
71,316
71,320
71,359
71,391
71,438
71,439
71,455
71,519
71,588
71,602
71,621
71,658
71,665
71,679
71,686
71,719
71,730
71,745
71,748
71,773
71,796
71,798
71,811
71,854
71,910
71,939
71,955
71,970
72,77
72,83
72,87
72,104
72,122
72,151
72,173
72,230
72,234
72,242
72,257
72,258
72,280
72,340
72,352
72,420
72,452
72,482
72,486
72,498
72,506
72,576
72,581
72,590
72,681
72,683
72,689
72,697
72,700
72,713
72,738
72,765
72,803
72,819
72,851
72,869
72,876
72,944
72,945
72,959
72,983
73,82
73,89
73,112
73,165
73,256
73,347
73,458
73,463
73,466
73,513
73,529
73,617
73,625
73,688
73,726
73,740
73,743
73,768
73,871
73,903
73,964
74,235
74,305
74,393
74,407
74,409
74,421
74,432
74,436
74,470
74,472
74,521
74,568
74,582
74,589
74,629
74,631
74,639
74,644
74,659
74,673
74,719
74,761
74,785
74,805
74,814
74,823
74,845
74,902
74,953
74,987
74,990
75,162
75,226
75,234
75,244
75,527
75,557
75,618
75,631
75,656
75,670
75,690
75,707
75,831
75,850
75,851
75,879
75,917
75,937
76,86
76,194
76,277
76,295
76,402
76,408
76,451
76,527
76,577
76,607
76,633
76,667
76,679
76,691
76,839
76,845
76,887
76,901
76,930
76,946
77,83
77,110
77,122
77,148
77,151
77,217
77,243
77,257
77,261
77,270
77,296
77,329
77,482
77,500
77,506
77,659
77,689
77,697
77,701
77,765
77,825
77,861
77,869
77,890
77,899
77,925
77,945
77,971
78,93
78,95
78,101
78,129
78,136
78,181
78,200
78,218
78,222
78,223
78,240
78,258
78,281
78,283
78,308
78,324
78,364
78,371
78,375
78,382
78,385
78,391
78,394
78,423
78,457
78,458
78,467
78,490
78,492
78,503
78,529
78,531
78,544
78,565
78,576
78,583
78,597
78,607
78,620
78,631
78,654
78,663
78,671
78,688
78,709
78,714
78,744
78,753
78,756
78,770
78,773
78,792
78,797
78,808
78,812
78,833
78,835
78,854
78,860
78,864
78,889
78,900
78,922
78,939
78,943
78,947
78,959
78,960
78,962
78,963
78,966
78,977
78,981
78,996
79,90
79,97
79,118
79,133
79,141
79,142
79,168
79,213
79,217
79,235
79,254
79,265
79,290
79,301
79,352
79,441
79,452
79,480
79,483
79,515
79,557
79,559
79,750
79,822
79,842
79,856
79,884
79,897
79,916
79,924
79,957
79,961
80,84
80,140
80,152
80,187
80,194
80,229
80,328
80,349
80,410
80,428
80,431
80,491
80,518
80,549
80,589
80,627
80,650
80,691
80,762
80,783
80,815
80,846
80,914
80,933
80,986
81,88
81,146
81,160
81,305
81,313
81,319
81,407
81,435
81,501
81,506
81,779
81,809
81,838
81,881
81,912
82,89
82,103
82,107
82,137
82,149
82,164
82,165
82,170
82,196
82,212
82,222
82,250
82,261
82,262
82,303
82,364
82,365
82,386
82,388
82,400
82,413
82,449
82,458
82,461
82,462
82,465
82,519
82,529
82,537
82,546
82,561
82,573
82,587
82,666
82,684
82,688
82,708
82,726
82,740
82,768
82,808
82,828
82,839
82,855
82,888
82,891
82,895
82,903
82,927
82,947
82,988
82,991
82,992
83,85
83,110
83,122
83,148
83,257
83,258
83,309
83,378
83,395
83,451
83,471
83,500
83,506
83,517
83,541
83,580
83,581
83,583
83,683
83,697
83,700
83,738
83,799
83,821
83,825
83,826
83,830
83,869
83,945
83,983
83,994
84,86
84,102
84,103
84,118
84,154
84,161
84,162
84,174
84,187
84,194
84,220
84,232
84,239
84,272
84,306
84,320
84,398
84,528
84,537
84,554
84,580
84,593
84,598
84,607
84,627
84,650
84,651
84,665
84,666
84,686
84,689
84,691
84,730
84,737
84,742
84,751
84,753
84,806
84,820
84,827
84,839
84,901
84,919
84,984
84,986
85,102
85,110
85,148
85,167
85,173
85,191
85,208
85,212
85,216
85,233
85,234
85,258
85,280
85,300
85,321
85,348
85,378
85,395
85,442
85,452
85,481
85,482
85,491
85,506
85,541
85,603
85,646
85,674
85,683
85,697
85,700
85,738
85,771
85,784
85,856
85,866
85,869
85,872
85,925
85,945
85,968
85,983
86,114
86,121
86,123
86,131
86,134
86,137
86,140
86,141
86,144
86,161
86,174
86,187
86,196
86,210
86,218
86,236
86,250
86,254
86,306
86,344
86,389
86,399
86,406
86,408
86,417
86,431
86,432
86,448
86,451
86,459
86,469
86,475
86,527
86,540
86,549
86,560
86,577
86,585
86,604
86,631
86,633
86,649
86,651
86,659
86,660
86,667
86,679
86,715
86,717
86,726
86,730
86,731
86,733
86,762
86,766
86,787
86,799
86,827
86,847
86,872
86,875
86,877
86,882
86,887
86,888
86,891
86,901
86,908
86,929
86,932
86,942
86,946
86,956
86,970
86,988
87,99
87,103
87,109
87,115
87,140
87,159
87,161
87,165
87,169
87,170
87,204
87,220
87,245
87,274
87,338
87,349
87,404
87,415
87,445
87,448
87,458
87,550
87,604
87,615
87,630
87,633
87,650
87,652
87,733
87,743
87,773
87,783
87,796
87,860
87,862
87,868
87,882
87,887
87,888
88,160
88,176
88,182
88,202
88,235
88,247
88,259
88,273
88,282
88,289
88,299
88,305
88,319
88,323
88,335
88,402
88,405
88,427
88,467
88,514
88,533
88,562
88,567
88,625
88,640
88,641
88,644
88,656
88,657
88,664
88,676
88,704
88,709
88,754
88,806
88,815
88,838
88,863
88,878
88,881
88,885
88,898
88,944
88,945
88,963
88,982
88,985
89,103
89,112
89,120
89,125
89,126
89,129
89,142
89,163
89,164
89,255
89,256
89,303
89,324
89,328
89,334
89,422
89,426
89,428
89,441
89,463
89,479
89,513
89,587
89,604
89,608
89,688
89,702
89,740
89,768
89,790
89,835
89,866
89,871
89,878
89,962
89,973
89,992
90,105
90,135
90,242
90,301
90,342
90,397
90,468
90,473
90,480
90,555
90,580
90,612
90,648
90,694
90,867
90,941
90,951
91,203
91,223
91,281
91,298
91,376
91,379
91,410
91,414
91,471
91,483
91,490
91,514
91,517
91,523
91,570
91,571
91,605
91,617
91,620
91,637
91,645
91,670
91,744
91,774
91,784
91,831
91,842
91,873
91,876
91,983
92,96
92,131
92,140
92,152
92,159
92,410
92,448
92,534
92,539
92,560
92,589
92,604
92,636
92,667
92,733
92,751
92,762
92,823
92,846
92,901
92,970
92,984
92,988
93,128
93,141
93,143
93,178
93,182
93,206
93,232
93,240
93,255
93,269
93,281
93,283
93,324
93,332
93,333
93,369
93,392
93,424
93,433
93,444
93,446
93,450
93,466
93,467
93,476
93,492
93,502
93,511
93,527
93,530
93,536
93,542
93,587
93,597
93,617
93,626
93,724
93,760
93,789
93,790
93,792
93,810
93,818
93,843
93,848
93,873
93,886
93,889
93,911
93,913
93,948
93,952
93,962
93,966
93,971
93,981
94,117
94,209
94,281
94,308
94,367
94,403
94,404
94,418
94,443
94,481
94,494
94,503
94,523
94,571
94,583
94,784
94,800
94,880
94,912
94,935
95,101
95,107
95,132
95,156
95,167
95,168
95,180
95,181
95,183
95,188
95,206
95,223
95,233
95,240
95,267
95,308
95,324
95,330
95,333
95,334
95,337
95,348
95,352
95,371
95,382
95,394
95,468
95,479
95,488
95,489
95,493
95,496
95,497
95,503
95,511
95,537
95,548
95,571
95,583
95,597
95,617
95,646
95,671
95,699
95,711
95,740
95,758
95,774
95,793
95,802
95,803
95,805
95,821
95,843
95,855
95,861
95,880
95,890
95,900
95,914
95,925
95,992
95,999
96,145
96,161
96,295
96,303
96,306
96,328
96,417
96,527
96,528
96,545
96,547
96,575
96,577
96,585
96,633
96,651
96,658
96,675
96,691
96,747
96,839
96,845
96,875
96,946
96,949
96,990
97,118
97,134
97,135
97,141
97,153
97,157
97,166
97,178
97,180
97,190
97,243
97,257
97,265
97,273
97,280
97,325
97,347
97,380
97,400
97,433
97,442
97,454
97,456
97,481
97,482
97,483
97,497
97,499
97,515
97,541
97,580
97,612
97,674
97,722
97,744
97,745
97,822
97,829
97,856
97,865
97,869
97,884
97,897
97,968
97,975
98,108
98,114
98,120
98,131
98,144
98,177
98,178
98,218
98,220
98,254
98,270
98,277
98,280
98,406
98,429
98,451
98,487
98,521
98,523
98,534
98,546
98,549
98,572
98,582
98,611
98,644
98,659
98,679
98,686
98,688
98,743
98,798
98,807
98,816
98,902
98,937
99,108
99,131
99,190
99,199
99,202
99,271
99,273
99,275
99,282
99,284
99,287
99,304
99,310
99,347
99,436
99,453
99,457
99,469
99,470
99,474
99,493
99,514
99,578
99,615
99,640
99,641
99,647
99,665
99,671
99,737
99,754
99,757
99,772
99,805
99,836
99,838
99,840
99,863
99,866
99,936
99,944
99,972
100,136
100,156
100,170
100,182
100,215
100,219
100,267
100,293
100,330
100,337
100,449
100,498
100,513
100,575
100,645
100,680
100,707
100,828
100,841
100,920
100,943
100,952
100,964
101,103
101,149
101,168
101,180
101,191
101,245
101,267
101,300
101,330
101,356
101,418
101,424
101,430
101,453
101,456
101,465
101,484
101,492
101,510
101,544
101,548
101,552
101,564
101,583
101,587
101,597
101,614
101,671
101,680
101,711
101,712
101,724
101,744
101,753
101,778
101,789
101,792
101,828
101,841
101,848
101,880
101,900
101,914
101,922
101,939
101,951
101,974
101,983
101,996
101,999
102,140
102,171
102,174
102,189
102,194
102,249
102,253
102,268
102,272
102,273
102,306
102,328
102,349
102,364
102,372
102,390
102,455
102,519
102,528
102,589
102,604
102,607
102,616
102,650
102,691
102,696
102,720
102,730
102,737
102,755
102,827
102,839
102,901
102,915
102,938
102,988
102,990
103,164
103,165
103,195
103,207
103,228
103,250
103,338
103,372
103,413
103,429
103,445
103,458
103,461
103,462
103,463
103,518
103,530
103,585
103,588
103,650
103,662
103,684
103,688
103,701
103,706
103,708
103,726
103,735
103,740
103,753
103,766
103,787
103,831
103,837
103,860
103,871
103,878
103,896
103,956
103,962
103,988
103,990
103,991
104,109
104,154
104,161
104,174
104,189
104,191
104,232
104,272
104,277
104,318
104,372
104,389
104,445
104,459
104,518
104,593
104,627
104,736
104,740
104,742
104,766
104,863
104,888
104,991
105,118
105,124
105,135
105,141
105,148
105,173
105,185
105,188
105,217
105,261
105,280
105,286
105,318
105,325
105,343
105,352
105,361
105,362
105,370
105,377
105,395
105,397
105,399
105,401
105,412
105,433
105,442
105,471
105,480
105,500
105,514
105,515
105,569
105,575
105,580
105,619
105,638
105,656
105,669
105,670
105,673
105,674
105,750
105,822
105,829
105,843
105,849
105,856
105,873
105,884
105,924
105,943
105,959
105,982
106,127
106,214
106,319
106,320
106,468
106,500
106,501
106,508
106,534
106,725
106,728
106,802
106,805
106,938
107,129
107,164
107,165
107,170
107,182
107,241
107,248
107,250
107,256
107,272
107,294
107,308
107,333
107,346
107,365
107,374
107,379
107,392
107,400
107,422
107,426
107,449
107,458
107,461
107,463
107,476
107,508
107,518
107,528
107,548
107,557
107,579
107,586
107,627
107,649
107,666
107,720
107,773
107,779
107,808
107,818
107,862
107,871
107,891
107,903
107,911
107,920
107,948
107,952
107,962
107,968
107,973
107,991
108,114
108,160
108,178
108,218
108,312
108,374
108,386
108,408
108,457
108,459
108,527
108,549
108,560
108,572
108,596
108,614
108,644
108,659
108,686
108,702
108,816
108,823
108,862
108,870
108,908
108,928
108,959
109,140
109,152
109,159
109,161
109,192
109,218
109,223
109,236
109,338
109,354
109,355
109,406
109,415
109,431
109,451
109,461
109,527
109,584
109,588
109,625
109,630
109,636
109,637
109,667
109,704
109,717
109,733
109,839
109,850
109,860
109,871
109,970
110,111
110,133
110,148
110,151
110,155
110,157
110,173
110,203
110,208
110,212
110,216
110,242
110,243
110,261
110,289
110,298
110,309
110,318
110,321
110,324
110,333
110,352
110,353
110,359
110,395
110,409
110,413
110,442
110,454
110,486
110,495
110,498
110,517
110,523
110,586
110,590
110,603
110,605
110,618
110,629
110,634
110,701
110,710
110,713
110,817
110,830
110,844
110,865
110,869
110,894
110,914
110,945
110,963
110,988
111,136
111,156
111,158
111,162
111,219
111,302
111,381
111,394
111,422
111,426
111,450
111,497
111,513
111,532
111,542
111,551
111,626
111,628
111,711
111,724
111,738
111,753
111,769
111,788
111,818
111,833
111,865
111,903
111,906
111,911
111,954
111,966
111,977
112,125
112,267
112,274
112,303
112,311
112,317
112,426
112,429
112,451
112,458
112,463
112,492
112,513
112,529
112,548
112,612
112,654
112,740
112,752
112,797
112,835
112,871
112,909
112,926
112,927
112,964
112,973
113,117
113,156
113,223
113,233
113,309
113,332
113,367
113,376
113,379
113,385
113,420
113,496
113,663
113,695
113,698
113,800
113,861
113,961
113,966
114,120
114,121
114,144
114,146
114,177
114,178
114,184
114,196
114,218
114,235
114,239
114,254
114,271
114,319
114,357
114,409
114,459
114,572
114,611
114,659
114,664
114,685
114,691
114,743
114,745
114,766
114,798
114,799
114,816
114,863
114,889
114,908
114,936
114,937
114,953
114,991
115,137
115,159
115,166
115,185
115,232
115,235
115,238
115,287
115,312
115,322
115,360
115,364
115,406
115,407
115,436
115,453
115,458
115,484
115,491
115,521
115,558
115,561
115,574
115,586
115,597
115,613
115,614
115,615
115,631
115,657
115,659
115,678
115,679
115,685
115,687
115,692
115,718
115,730
115,754
115,789
115,805
115,809
115,811
115,820
115,823
115,834
115,847
115,859
115,871
115,890
115,923
115,927
115,965
116,127
116,156
116,207
116,213
116,242
116,257
116,301
116,303
116,307
116,318
116,334
116,355
116,397
116,412
116,443
116,486
116,497
116,498
116,536
116,543
116,574
116,587
116,652
116,656
116,674
116,698
116,748
116,750
116,765
116,797
116,831
116,849
116,904
116,918
116,921
116,927
116,938
116,949
116,951
116,981
117,156
117,168
117,172
117,191
117,209
117,223
117,233
117,251
117,276
117,307
117,308
117,311
117,332
117,352
117,367
117,371
117,424
117,425
117,496
117,502
117,503
117,508
117,510
117,527
117,548
117,571
117,597
117,617
117,645
117,676
117,680
117,723
117,769
117,784
117,803
117,812
117,831
117,857
117,885
117,886
117,889
117,922
117,925
117,940
117,983
118,124
118,134
118,141
118,148
118,173
118,180
118,204
118,213
118,217
118,221
118,236
118,243
118,257
118,261
118,265
118,289
118,318
118,322
118,340
118,342
118,347
118,378
118,395
118,397
118,401
118,412
118,442
118,451
118,471
118,483
118,500
118,508
118,515
118,559
118,580
118,609
118,624
118,674
118,689
118,700
118,713
118,749
118,758
118,760
118,822
118,826
118,829
118,856
118,859
118,873
118,884
118,941
118,943
118,945
118,959
118,977
118,987
118,994
118,997
119,171
119,365
119,400
119,429
119,509
119,513
119,522
119,537
119,547
119,604
119,625
119,632
119,735
119,787
119,811
119,837
119,888
119,933
119,981
120,145
120,162
120,205
120,218
120,239
120,254
120,295
120,312
120,344
120,430
120,431
120,451
120,459
120,471
120,540
120,582
120,589
120,611
120,640
120,658
120,664
120,672
120,701
120,715
120,766
120,773
120,798
120,839
120,845
120,857
120,882
120,887
120,908
120,915
120,970
121,140
121,145
121,185
121,191
121,196
121,295
121,375
121,406
121,475
121,484
121,539
121,540
121,545
121,582
121,627
121,633
121,649
121,651
121,717
121,733
121,743
121,747
121,782
121,797
121,839
121,910
121,929
121,942
121,970
121,988
121,991
122,151
122,177
122,180
122,217
122,230
122,237
122,242
122,243
122,257
122,258
122,265
122,283
122,284
122,353
122,438
122,442
122,452
122,478
122,482
122,506
122,530
122,541
122,566
122,581
122,624
122,653
122,670
122,683
122,689
122,701
122,729
122,765
122,803
122,821
122,825
122,869
122,884
122,971
122,994
123,166
123,227
123,271
123,273
123,278
123,280
123,287
123,313
123,327
123,356
123,358
123,381
123,407
123,412
123,434
123,454
123,484
123,512
123,538
123,553
123,554
123,561
123,562
123,596
123,597
123,616
123,621
123,638
123,647
123,665
123,677
123,687
123,725
123,747
123,777
123,789
123,791
123,820
123,837
123,878
123,921
123,941
123,985
123,987
124,138
124,168
124,213
124,244
124,287
124,296
124,323
124,337
124,354
124,371
124,396
124,397
124,418
124,467
124,470
124,484
124,490
124,510
124,523
124,543
124,605
124,618
124,625
124,645
124,646
124,655
124,676
124,690
124,707
124,711
124,719
124,744
124,756
124,802
124,803
124,811
124,850
124,851
124,855
124,873
124,904
124,916
124,921
124,930
124,939
124,951
124,969
124,973
124,981
124,989
125,136
125,163
125,165
125,170
125,196
125,197
125,223
125,311
125,422
125,426
125,445
125,458
125,492
125,513
125,546
125,552
125,556
125,570
125,622
125,628
125,662
125,726
125,735
125,749
125,753
125,759
125,835
125,866
125,868
125,871
125,973
125,991
126,145
126,178
126,184
126,192
126,205
126,237
126,264
126,275
126,393
126,409
126,438
126,444
126,457
126,514
126,561
126,578
126,610
126,709
126,715
126,722
126,761
126,786
126,797
126,799
126,823
126,852
126,895
126,902
126,972
127,134
127,138
127,145
127,154
127,155
127,158
127,180
127,204
127,207
127,244
127,245
127,251
127,280
127,284
127,295
127,297
127,301
127,302
127,310
127,324
127,334
127,345
127,362
127,370
127,378
127,399
127,404
127,434
127,454
127,471
127,510
127,543
127,557
127,572
127,574
127,595
127,601
127,614
127,631
127,643
127,669
127,670
127,694
127,771
127,812
127,849
127,904
127,917
127,925
127,951
127,961
127,969
127,985
127,997
128,136
128,179
128,188
128,206
128,233
128,240
128,250
128,255
128,298
128,309
128,333
128,369
128,382
128,414
128,424
128,427
128,443
128,467
128,476
128,488
128,494
128,502
128,511
128,548
128,563
128,592
128,628
128,689
128,699
128,703
128,753
128,792
128,810
128,812
128,837
128,848
128,854
128,869
128,889
128,952
128,975
128,977
128,981
128,982
128,999
129,196
129,250
129,288
129,303
129,343
129,426
129,450
129,458
129,463
129,509
129,513
129,529
129,632
129,654
129,666
129,746
129,768
129,769
129,813
129,903
129,992
130,132
130,135
130,167
130,183
130,223
130,232
130,233
130,263
130,269
130,281
130,283
130,306
130,309
130,321
130,326
130,357
130,367
130,371
130,455
130,494
130,496
130,690
130,699
130,784
130,818
130,854
130,876
130,880
130,921
130,961
130,963
130,966
130,981
131,132
131,146
131,166
131,201
131,205
131,257
131,273
131,278
131,287
131,319
131,320
131,327
131,362
131,391
131,425
131,453
131,469
131,470
131,474
131,501
131,558
131,567
131,664
131,672
131,695
131,725
131,754
131,761
131,764
131,772
131,789
131,809
131,814
131,838
131,839
131,852
131,878
131,926
131,936
131,987
131,991
132,143
132,148
132,156
132,167
132,192
132,209
132,223
132,226
132,260
132,261
132,281
132,294
132,329
132,369
132,388
132,396
132,418
132,422
132,443
132,444
132,446
132,467
132,476
132,497
132,505
132,557
132,571
132,597
132,605
132,606
132,671
132,792
132,830
132,834
132,854
132,916
132,922
132,931
132,939
132,963
132,966
132,978
132,981
133,173
133,212
133,216
133,298
133,324
133,348
133,352
133,381
133,395
133,397
133,423
133,451
133,480
133,497
133,500
133,505
133,523
133,553
133,559
133,570
133,590
133,634
133,648
133,674
133,713
133,755
133,782
133,817
133,965
134,135
134,148
134,155
134,207
134,209
134,245
134,249
134,370
134,381
134,399
134,458
134,480
134,490
134,508
134,543
134,574
134,648
134,656
134,670
134,674
134,710
134,713
134,771
134,775
134,784
134,851
134,926
134,937
134,943
134,951
134,969
134,983
135,155
135,195
135,213
135,216
135,217
135,318
135,325
135,339
135,360
135,397
135,416
135,471
135,486
135,498
135,500
135,530
135,569
135,601
135,602
135,606
135,670
135,739
135,750
135,776
135,843
135,877
135,926
135,959
135,981
136,143
136,149
136,170
136,182
136,188
136,197
136,222
136,267
136,288
136,293
136,295
136,303
136,324
136,330
136,337
136,346
136,355
136,369
136,388
136,452
136,458
136,462
136,463
136,465
136,466
136,473
136,492
136,502
136,515
136,529
136,531
136,548
136,552
136,556
136,583
136,587
136,605
136,623
136,635
136,649
136,654
136,666
136,690
136,703
136,711
136,726
136,745
136,752
136,753
136,795
136,810
136,812
136,813
136,833
136,835
136,899
136,901
136,916
136,918
136,939
136,947
136,948
136,952
136,953
136,956
136,963
136,992
136,999
137,169
137,264
137,408
137,582
137,647
137,686
137,762
137,862
137,895
137,923
138,159
138,163
138,185
138,212
138,222
138,244
138,245
138,291
138,298
138,302
138,303
138,316
138,322
138,326
138,345
138,355
138,357
138,420
138,472
138,477
138,486
138,526
138,544
138,569
138,574
138,587
138,608
138,614
138,617
138,630
138,635
138,643
138,655
138,676
138,694
138,710
138,722
138,759
138,771
138,774
138,795
138,801
138,805
138,894
138,948
138,989
138,998
139,144
139,171
139,192
139,198
139,218
139,236
139,270
139,271
139,275
139,287
139,295
139,325
139,328
139,380
139,447
139,457
139,459
139,475
139,491
139,519
139,576
139,581
139,588
139,599
139,602
139,639
139,640
139,657
139,708
139,715
139,730
139,745
139,749
139,805
139,807
139,859
139,878
139,930
139,953
139,960
140,152
140,159
140,161
140,171
140,186
140,192
140,196
140,246
140,254
140,262
140,277
140,295
140,317
140,328
140,338
140,387
140,389
140,395
140,406
140,428
140,448
140,459
140,464
140,502
140,527
140,539
140,540
140,545
140,587
140,589
140,595
140,598
140,604
140,630
140,644
140,650
140,658
140,667
140,675
140,691
140,704
140,720
140,742
140,743
140,785
140,796
140,839
140,862
140,863
140,875
140,880
140,915
140,970
140,973
140,988
141,157
141,158
141,166
141,193
141,204
141,206
141,207
141,242
141,243
141,265
141,284
141,289
141,325
141,334
141,342
141,350
141,362
141,366
141,397
141,415
141,433
141,434
141,454
141,456
141,483
141,498
141,499
141,515
141,530
141,580
141,599
141,609
141,642
141,656
141,672
141,700
141,725
141,732
141,739
141,748
141,749
141,755
141,758
141,776
141,806
141,826
141,885
141,890
141,897
141,943
141,948
141,959
141,985
141,991
142,200
142,204
142,217
142,280
142,299
142,319
142,327
142,356
142,362
142,368
142,427
142,525
142,538
142,550
142,553
142,648
142,681
142,705
142,716
142,898
142,902
142,928
142,940
142,980
143,188
143,212
143,244
143,267
143,330
143,333
143,371
143,385
143,544
143,556
143,592
143,625
143,628
143,699
143,712
143,724
143,746
143,753
143,769
143,812
143,833
143,866
143,883
143,900
143,952
143,995
143,999
144,146
144,166
144,169
144,184
144,205
144,237
144,266
144,271
144,287
144,312
144,316
144,323
144,331
144,364
144,393
144,406
144,407
144,409
144,432
144,436
144,438
144,447
144,457
144,483
144,491
144,493
144,507
144,557
144,562
144,574
144,603
144,639
144,640
144,642
144,657
144,669
144,678
144,687
144,705
144,709
144,722
144,727
144,779
144,785
144,788
144,789
144,805
144,806
144,815
144,855
144,858
144,878
144,885
144,894
144,944
144,972
144,987
145,152
145,174
145,194
145,210
145,231
145,239
145,247
145,249
145,254
145,271
145,273
145,295
145,383
145,428
145,450
145,458
145,459
145,487
145,540
145,547
145,633
145,644
145,650
145,660
145,665
145,667
145,675
145,715
145,727
145,749
145,763
145,766
145,767
145,787
145,798
145,816
145,845
145,857
145,875
145,887
145,888
145,910
145,919
145,933
145,990
146,166
146,190
146,202
146,243
146,273
146,299
146,310
146,319
146,322
146,381
146,387
146,421
146,427
146,434
146,435
146,460
146,474
146,491
146,501
146,512
146,514
146,557
146,562
146,564
146,567
146,640
146,647
146,695
146,719
146,747
146,757
146,777
146,779
146,806
146,809
146,838
146,852
146,885
146,895
146,905
146,936
146,972
146,973
146,980
147,149
147,172
147,179
147,186
147,219
147,294
147,381
147,416
147,446
147,511
147,524
147,613
147,622
147,628
147,688
147,818
147,866
147,874
147,883
147,886
147,954
147,978
148,155
148,157
148,195
148,209
148,212
148,216
148,230
148,318
148,328
148,332
148,348
148,368
148,378
148,379
148,399
148,496
148,497
148,535
148,552
148,553
148,557
148,566
148,597
148,629
148,646
148,670
148,676
148,683
148,687
148,699
148,701
148,713
148,738
148,802
148,803
148,842
148,866
148,904
148,925
148,926
148,943
148,945
148,956
148,968
148,972
149,172
149,179
149,206
149,240
149,255
149,269
149,284
149,294
149,369
149,416
149,422
149,424
149,446
149,463
149,502
149,524
149,542
149,556
149,563
149,604
149,613
149,622
149,626
149,628
149,635
149,671
149,699
149,712
149,724
149,802
149,818
149,833
149,874
149,920
149,948
149,952
149,957
149,971
149,977
149,981
149,994
150,191
150,195
150,209
150,243
150,257
150,263
150,297
150,298
150,300
150,309
150,339
150,346
150,348
150,423
150,452
150,497
150,590
150,606
150,617
150,629
150,632
150,646
150,676
150,700
150,768
150,770
150,784
150,803
150,828
150,831
150,848
150,888
150,904
150,916
150,935
150,956
150,995
151,193
151,208
151,209
151,227
151,243
151,257
151,258
151,296
151,340
151,395
151,452
151,500
151,506
151,515
151,541
151,569
151,581
151,689
151,692
151,697
151,701
151,713
151,726
151,728
151,747
151,765
151,817
151,843
151,869
151,870
151,884
151,926
151,927
151,945
152,161
152,162
152,171
152,174
152,178
152,187
152,194
152,232
152,277
152,328
152,345
152,349
152,389
152,410
152,428
152,448
152,457
152,475
152,539
152,589
152,611
152,627
152,636
152,650
152,699
152,751
152,762
152,782
152,783
152,792
152,796
152,846
152,888
152,901
152,990
153,227
153,243
153,261
153,307
153,368
153,407
153,429
153,454
153,499
153,512
153,515
153,557
153,576
153,580
153,609
153,716
153,731
153,735
153,776
153,780
153,801
153,826
153,871
153,904
153,936
154,174
154,189
154,232
154,272
154,277
154,315
154,328
154,330
154,372
154,398
154,428
154,447
154,518
154,522
154,528
154,529
154,593
154,627
154,636
154,649
154,650
154,736
154,742
154,766
154,821
154,831
155,196
155,207
155,209
155,213
155,216
155,217
155,240
155,257
155,298
155,318
155,320
155,321
155,353
155,471
155,504
155,534
155,545
155,590
155,596
155,634
155,670
155,703
155,707
155,710
155,755
155,781
155,793
155,800
155,861
155,890
155,938
156,167
156,223
156,233
156,235
156,283
156,324
156,371
156,394
156,503
156,531
156,571
156,597
156,625
156,643
156,646
156,748
156,880
156,900
156,925
156,943
156,963
156,969
156,999
157,173
157,180
157,191
157,212
157,213
157,216
157,242
157,257
157,321
157,341
157,352
157,395
157,433
157,452
157,454
157,475
157,480
157,486
157,500
157,517
157,536
157,619
157,669
157,695
157,713
157,723
157,771
157,787
157,800
157,825
157,844
157,856
157,867
157,897
157,931
157,941
157,945
158,180
158,211
158,214
158,245
158,269
158,291
158,292
158,301
158,314
158,320
158,322
158,358
158,374
158,384
158,434
158,455
158,534
158,555
158,588
158,594
158,612
158,621
158,685
158,694
158,758
158,759
158,767
158,785
158,825
158,938
158,950
158,969
158,979
159,171
159,194
159,220
159,229
159,244
159,249
159,282
159,328
159,349
159,398
159,410
159,431
159,448
159,459
159,464
159,528
159,539
159,589
159,607
159,611
159,652
159,691
159,693
159,696
159,715
159,751
159,783
159,793
159,799
159,846
159,872
159,875
159,891
159,915
159,933
159,988
160,199
160,273
160,282
160,286
160,340
160,361
160,384
160,386
160,395
160,402
160,438
160,473
160,484
160,514
160,533
160,567
160,641
160,665
160,709
160,754
160,761
160,815
160,836
160,840
160,852
160,878
160,881
160,885
160,936
160,944
160,972
160,982
161,168
161,192
161,207
161,220
161,236
161,239
161,270
161,365
161,408
161,415
161,429
161,451
161,509
161,516
161,518
161,592
161,604
161,630
161,649
161,650
161,691
161,721
161,743
161,755
161,782
161,797
161,798
161,805
161,827
161,828
161,860
161,862
161,889
161,926
161,942
161,953
161,970
161,988
161,990
162,171
162,272
162,279
162,331
162,337
162,372
162,381
162,389
162,398
162,406
162,407
162,410
162,415
162,428
162,429
162,487
162,518
162,528
162,537
162,577
162,595
162,615
162,670
162,696
162,704
162,715
162,736
162,780
162,837
162,860
162,862
162,883
162,903
162,909
162,984
162,988
163,164
163,170
163,174
163,191
163,197
163,215
163,231
163,267
163,290
163,326
163,330
163,331
163,338
163,413
163,462
163,466
163,480
163,484
163,521
163,529
163,540
163,548
163,587
163,685
163,759
163,774
163,775
163,793
163,797
163,818
163,841
163,899
163,914
163,950
164,203
164,228
164,246
164,248
164,250
164,324
164,343
164,392
164,422
164,426
164,450
164,457
164,513
164,714
164,746
164,769
164,808
164,813
164,871
164,899
164,930
164,956
164,958
164,964
164,992
165,167
165,170
165,193
165,196
165,222
165,236
165,245
165,299
165,317
165,342
165,364
165,365
165,372
165,419
165,426
165,439
165,459
165,461
165,462
165,466
165,472
165,479
165,509
165,513
165,536
165,546
165,593
165,598
165,629
165,633
165,660
165,662
165,666
165,684
165,688
165,702
165,707
165,726
165,733
165,735
165,740
165,751
165,752
165,768
165,787
165,795
165,828
165,862
165,899
165,938
165,949
165,962
165,968
165,991
166,170
166,191
166,202
166,247
166,273
166,304
166,319
166,327
166,351
166,355
166,357
166,362
166,363
166,386
166,391
166,393
166,407
166,427
166,470
166,504
166,525
166,529
166,533
166,540
166,562
166,567
166,616
166,642
166,677
166,681
166,695
166,701
166,729
166,754
166,759
166,764
166,772
166,779
166,788
166,805
166,823
166,852
166,870
166,885
166,902
166,923
166,936
166,960
166,976
166,980
166,987
167,175
167,183
167,212
167,226
167,260
167,263
167,312
167,330
167,343
167,364
167,391
167,396
167,403
167,447
167,467
167,488
167,497
167,510
167,511
167,552
167,570
167,580
167,583
167,597
167,606
167,623
167,650
167,666
167,669
167,686
167,753
167,792
167,793
167,831
167,832
167,849
167,854
167,889
167,899
167,925
167,934
167,963
167,967
167,977
167,981
168,191
168,193
168,223
168,241
168,249
168,251
168,265
168,298
168,308
168,322
168,330
168,332
168,426
168,458
168,462
168,486
168,498
168,524
168,530
168,539
168,565
168,569
168,571
168,597
168,617
168,618
168,625
168,655
168,670
168,671
168,674
168,676
168,683
168,690
168,699
168,724
168,759
168,775
168,792
168,797
168,802
168,815
168,854
168,873
168,876
168,880
168,881
168,892
168,897
168,900
168,904
168,913
168,916
168,939
168,952
168,966
168,972
168,974
168,977
168,992
168,995
169,177
169,186
169,192
169,282
169,312
169,315
169,359
169,387
169,424
169,447
169,455
169,475
169,520
169,545
169,614
169,651
169,679
169,719
169,730
169,731
169,773
169,795
169,811
169,859
169,895
169,960
170,174
170,191
170,241
170,246
170,248
170,317
170,375
170,399
170,426
170,429
170,439
170,458
170,461
170,463
170,511
170,513
170,515
170,529
170,548
170,666
170,688
170,703
170,726
170,787
170,813
170,827
170,837
170,860
170,871
170,913
170,964
170,992
171,174
171,178
171,187
171,189
171,268
171,273
171,277
171,389
171,413
171,448
171,458
171,459
171,464
171,519
171,528
171,537
171,539
171,545
171,550
171,577
171,589
171,632
171,633
171,660
171,667
171,678
171,683
171,795
171,796
171,846
171,870
171,909
171,915
171,924
171,925
171,927
171,933
171,988
171,991
172,206
172,219
172,246
172,269
172,293
172,294
172,416
172,449
172,514
172,516
172,524
172,597
172,628
172,699
172,812
172,818
172,874
172,886
172,906
172,957
172,971
172,978
173,205
173,217
173,221
173,225
173,226
173,230
173,234
173,242
173,265
173,289
173,294
173,297
173,298
173,307
173,318
173,333
173,352
173,380
173,395
173,397
173,441
173,452
173,500
173,515
173,517
173,526
173,530
173,536
173,553
173,559
173,575
173,590
173,617
173,619
173,629
173,634
173,689
173,707
173,713
173,771
173,800
173,817
173,821
173,826
173,844
173,851
173,856
173,869
173,884
173,937
173,941
173,943
173,951
173,959
173,991
174,183
174,189
174,194
174,253
174,279
174,306
174,328
174,375
174,383
174,410
174,459
174,469
174,479
174,518
174,528
174,537
174,540
174,577
174,578
174,607
174,627
174,631
174,650
174,691
174,696
174,719
174,736
174,737
174,751
174,762
174,827
174,846
174,862
174,895
174,898
174,901
174,915
174,986
175,223
175,226
175,260
175,263
175,309
175,320
175,332
175,396
175,403
175,418
175,531
175,544
175,646
175,812
175,848
175,854
175,866
175,869
175,925
175,952
175,963
175,967
175,981
176,199
176,202
176,235
176,252
176,273
176,284
176,286
176,287
176,319
176,323
176,347
176,374
176,391
176,399
176,401
176,427
176,462
176,474
176,475
176,515
176,575
176,583
176,586
176,608
176,641
176,709
176,712
176,754
176,755
176,779
176,780
176,809
176,822
176,826
176,834
176,838
176,849
176,944
176,985
177,178
177,196
177,198
177,201
177,254
177,271
177,426
177,464
177,475
177,484
177,540
177,560
177,572
177,611
177,631
177,659
177,661
177,664
177,670
177,686
177,715
177,737
177,766
177,771
177,798
177,859
177,887
177,908
177,953
177,954
178,184
178,185
178,202
178,205
178,206
178,247
178,249
178,286
178,295
178,306
178,331
178,352
178,432
178,453
178,457
178,480
178,491
178,533
178,540
178,549
178,572
178,577
178,611
178,615
178,639
178,650
178,659
178,660
178,664
178,665
178,679
178,686
178,766
178,798
178,807
178,811
178,816
178,832
178,839
178,845
178,849
178,857
178,881
178,890
178,908
178,910
178,949
178,953
178,960
178,962
178,963
178,965
178,990
179,206
179,269
179,294
179,346
179,377
179,416
179,456
179,465
179,524
179,556
179,588
179,613
179,616
179,622
179,628
179,818
179,833
179,854
179,868
179,874
179,957
179,978
180,189
180,192
180,206
180,207
180,214
180,218
180,245
180,259
180,264
180,266
180,276
180,280
180,298
180,301
180,307
180,313
180,320
180,325
180,326
180,336
180,347
180,374
180,391
180,401
180,403
180,404
180,407
180,418
180,468
180,480
180,491
180,508
180,519
180,530
180,534
180,536
180,555
180,558
180,566
180,600
180,601
180,608
180,621
180,631
180,635
180,649
180,655
180,665
180,669
180,678
180,685
180,694
180,723
180,739
180,744
180,752
180,768
180,771
180,776
180,780
180,797
180,805
180,811
180,847
180,849
180,855
180,870
180,927
180,937
180,938
180,942
180,950
180,951
180,953
180,996
180,997
181,252
181,263
181,312
181,382
181,444
181,477
181,486
181,489
181,583
181,663
181,671
181,756
181,803
181,935
181,996
182,197
182,231
182,373
182,394
182,422
182,449
182,455
182,556
182,628
182,663
182,724
182,735
182,740
182,746
182,810
182,866
182,923
182,948
182,952
182,976
183,255
183,283
183,309
183,330
183,334
183,446
183,466
183,467
183,502
183,544
183,597
183,628
183,694
183,760
183,792
183,817
183,904
183,963
183,966
183,981
184,201
184,217
184,218
184,254
184,310
184,312
184,409
184,412
184,432
184,436
184,437
184,438
184,451
184,455
184,469
184,507
184,543
184,637
184,639
184,650
184,721
184,722
184,729
184,764
184,785
184,803
184,893
184,902
184,924
184,985
184,987
185,191
185,192
185,198
185,238
185,241
185,251
185,257
185,264
185,276
185,290
185,292
185,296
185,303
185,310
185,315
185,340
185,345
185,350
185,355
185,357
185,383
185,387
185,390
185,404
185,409
185,420
185,430
185,447
185,452
185,465
185,479
185,489
185,519
185,526
185,537
185,538
185,539
185,541
185,558
185,580
185,586
185,594
185,597
185,603
185,616
185,631
185,648
185,668
185,678
185,708
185,716
185,743
185,795
185,797
185,801
185,810
185,811
185,816
185,842
185,851
185,856
185,877
185,896
185,923
185,927
185,930
185,950
185,954
185,979
185,988
185,997
186,192
186,237
186,238
186,245
186,270
186,274
186,286
186,287
186,296
186,315
186,322
186,383
186,387
186,388
186,393
186,445
186,454
186,475
186,479
186,502
186,548
186,552
186,574
186,582
186,588
186,594
186,602
186,633
186,635
186,636
186,680
186,689
186,694
186,719
186,730
186,733
186,745
186,754
186,771
186,819
186,838
186,867
186,875
186,904
186,909
186,910
186,923
186,930
186,932
186,996
187,194
187,196
187,250
187,272
187,279
187,328
187,349
187,398
187,464
187,528
187,607
187,627
187,636
187,675
187,691
187,708
187,718
187,724
187,742
187,751
187,783
187,827
187,846
187,901
187,915
187,933
187,986
187,990
188,197
188,222
188,231
188,240
188,255
188,281
188,294
188,302
188,306
188,329
188,332
188,333
188,345
188,373
188,385
188,418
188,440
188,444
188,446
188,449
188,458
188,466
188,467
188,479
188,497
188,498
188,548
188,556
188,563
188,583
188,592
188,597
188,617
188,700
188,737
188,746
188,753
188,759
188,760
188,778
188,795
188,812
188,848
188,866
188,899
188,938
188,948
188,952
188,963
188,964
188,966
188,973
188,981
189,221
189,232
189,272
189,282
189,412
189,428
189,579
189,583
189,593
189,601
189,607
189,627
189,636
189,650
189,676
189,742
189,827
189,986
189,988
189,998
190,284
190,305
190,319
190,323
190,402
190,469
190,474
190,476
190,578
190,604
190,640
190,779
190,806
190,809
190,840
190,870
190,896
190,936
190,953
190,954
190,960
191,196
191,200
191,241
191,249
191,267
191,270
191,289
191,296
191,326
191,330
191,337
191,354
191,360
191,387
191,441
191,459
191,462
191,466
191,468
191,479
191,480
191,491
191,492
191,498
191,503
191,510
191,515
191,526
191,548
191,552
191,558
191,564
191,569
191,583
191,587
191,601
191,610
191,625
191,659
191,661
191,671
191,679
191,680
191,703
191,730
191,745
191,766
191,767
191,768
191,771
191,778
191,793
191,864
191,866
191,868
191,892
191,899
191,913
191,914
191,920
191,930
191,937
191,939
191,951
191,954
191,995
191,998
192,205
192,210
192,218
192,264
192,267
192,271
192,278
192,312
192,322
192,331
192,338
192,342
192,360
192,387
192,406
192,420
192,438
192,447
192,455
192,519
192,545
192,588
192,599
192,603
192,614
192,669
192,679
192,718
192,719
192,722
192,730
192,745
192,754
192,798
192,807
192,811
192,814
192,836
192,839
192,924
192,930
192,932
192,953
193,227
193,307
193,313
193,314
193,342
193,381
193,393
193,412
193,433
193,434
193,450
193,504
193,512
193,537
193,553
193,557
193,575
193,609
193,616
193,631
193,637
193,648
193,656
193,716
193,728
193,748
193,754
193,801
193,804
193,815
193,826
193,853
193,976
193,979
194,229
194,232
194,247
194,249
194,279
194,301
194,328
194,372
194,389
194,398
194,410
194,428
194,439
194,464
194,528
194,539
194,550
194,584
194,607
194,627
194,630
194,636
194,691
194,715
194,737
194,762
194,783
194,796
194,827
194,846
194,887
194,888
194,900
194,901
194,933
194,986
194,988
194,990
195,208
195,209
195,212
195,213
195,223
195,226
195,265
195,297
195,332
195,340
195,352
195,482
195,497
195,500
195,502
195,597
195,617
195,646
195,694
195,721
195,725
195,770
195,784
195,788
195,795
195,831
195,861
195,904
195,925
195,926
195,934
195,951
195,956
195,963
196,245
196,268
196,273
196,274
196,330
196,355
196,359
196,375
196,387
196,388
196,403
196,419
196,429
196,430
196,441
196,445
196,448
196,453
196,458
196,512
196,513
196,519
196,573
196,583
196,617
196,641
196,646
196,662
196,666
196,706
196,719
196,720
196,742
196,797
196,828
196,841
196,857
196,860
196,874
196,888
196,891
196,899
196,909
196,921
196,932
196,972
197,255
197,333
197,341
197,467
197,479
197,556
197,597
197,626
197,735
197,753
197,812
197,866
197,947
197,952
197,961
197,965
197,971
198,270
198,273
198,294
198,299
198,312
198,322
198,345
198,372
198,413
198,417
198,439
198,475
198,480
198,485
198,492
198,500
198,557
198,558
198,561
198,564
198,569
198,583
198,586
198,599
198,611
198,614
198,615
198,621
198,631
198,657
198,659
198,667
198,678
198,679
198,686
198,715
198,718
198,730
198,745
198,754
198,773
198,789
198,805
198,807
198,811
198,834
198,859
198,895
198,923
198,924
198,930
198,942
198,954
198,960
198,997
199,201
199,259
199,271
199,273
199,275
199,282
199,286
199,295
199,319
199,340
199,361
199,391
199,405
199,453
199,493
199,521
199,567
199,586
199,656
199,657
199,661
199,665
199,700
199,709
199,723
199,734
199,764
199,786
199,789
199,836
199,840
199,863
199,870
199,885
199,893
199,944
199,972
199,982
199,987
200,231
200,290
200,396
200,439
200,492
200,531
200,548
200,552
200,573
200,583
200,587
200,592
200,597
200,625
200,752
200,778
200,866
200,900
200,939
200,999
201,218
201,235
201,282
201,338
201,361
201,405
201,427
201,453
201,474
201,491
201,501
201,616
201,640
201,660
201,665
201,836
201,840
201,863
201,908
201,982
202,251
202,275
202,299
202,304
202,310
202,319
202,323
202,351
202,362
202,409
202,421
202,427
202,453
202,460
202,469
202,474
202,499
202,501
202,514
202,520
202,562
202,577
202,640
202,641
202,665
202,672
202,677
202,754
202,757
202,777
202,779
202,797
202,809
202,836
202,838
202,872
202,878
202,918
202,928
202,936
202,972
202,982
203,212
203,217
203,251
203,376
203,465
203,471
203,495
203,544
203,570
203,617
203,634
203,692
203,843
203,861
203,876
203,989
204,280
204,289
204,299
204,327
204,331
204,340
204,351
204,356
204,362
204,368
204,371
204,386
204,397
204,407
204,425
204,433
204,460
204,464
204,520
204,562
204,672
204,681
204,725
204,747
204,784
204,788
204,816
204,838
204,867
204,885
204,914
204,928
204,940
204,985
204,987
205,218
205,235
205,237
205,275
205,286
205,310
205,326
205,345
205,351
205,386
205,393
205,402
205,405
205,408
205,409
205,421
205,436
205,457
205,469
205,475
205,487
205,549
205,561
205,568
205,578
205,639
205,656
205,687
205,728
205,761
205,785
205,786
205,803
205,807
205,823
205,836
205,863
205,893
205,894
205,902
205,912
205,946
205,953
205,970
205,973
206,219
206,240
206,255
206,269
206,296
206,316
206,339
206,346
206,362
206,369
206,424
206,444
206,449
206,488
206,524
206,542
206,551
206,623
206,628
206,699
206,760
206,778
206,786
206,810
206,818
206,833
206,866
206,886
206,889
206,906
206,907
206,937
206,957
206,975
206,977
206,981
206,988
207,223
207,227
207,237
207,244
207,251
207,284
207,290
207,298
207,301
207,327
207,334
207,347
207,366
207,370
207,397
207,399
207,404
207,410
207,454
207,477
207,480
207,490
207,498
207,510
207,519
207,530
207,536
207,543
207,553
207,555
207,558
207,574
207,575
207,581
207,589
207,649
207,669
207,670
207,671
207,680
207,694
207,698
207,710
207,758
207,771
207,792
207,797
207,802
207,803
207,823
207,831
207,848
207,849
207,873
207,879
207,896
207,918
207,934
207,937
207,940
207,945
207,951
207,969
207,972
207,980
207,982
208,212
208,223
208,225
208,234
208,255
208,258
208,322
208,348
208,399
208,495
208,506
208,566
208,582
208,646
208,670
208,738
208,818
208,913
208,920
208,926
208,939
208,943
208,945
208,980
208,983
209,212
209,216
209,265
209,276
209,308
209,314
209,320
209,332
209,352
209,380
209,395
209,396
209,399
209,490
209,493
209,500
209,515
209,519
209,530
209,536
209,558
209,580
209,605
209,609
209,616
209,617
209,629
209,646
209,676
209,683
209,703
209,710
209,713
209,722
209,723
209,744
209,768
209,773
209,797
209,817
209,851
209,861
209,935
209,945
209,966
209,967
210,254
210,264
210,295
210,429
210,451
210,459
210,540
210,545
210,572
210,581
210,604
210,633
210,649
210,651
210,667
210,679
210,691
210,693
210,715
210,720
210,737
210,763
210,766
210,827
210,832
210,845
210,857
210,882
210,887
210,939
210,946
210,969
211,238
211,245
211,274
211,291
211,292
211,296
211,315
211,363
211,375
211,431
211,478
211,511
211,574
211,645
211,655
211,668
211,704
211,736
211,745
211,797
211,819
211,879
211,914
211,950
211,984
211,988
211,995
211,997
212,223
212,226
212,245
212,250
212,257
212,297
212,300
212,318
212,325
212,352
212,369
212,378
212,379
212,423
212,482
212,490
212,495
212,503
212,506
212,517
212,555
212,566
212,606
212,629
212,700
212,713
212,723
212,738
212,770
212,791
212,817
212,841
212,843
212,847
212,848
212,851
212,861
212,883
212,892
212,922
212,926
212,945
212,951
212,963
213,230
213,239
213,307
213,326
213,334
213,339
213,394
213,399
213,416
213,471
213,480
213,486
213,490
213,507
213,508
213,536
213,544
213,556
213,575
213,603
213,609
213,616
213,618
213,663
213,670
213,701
213,710
213,732
213,752
213,771
213,843
213,849
213,879
213,925
213,926
213,934
213,943
213,951
213,981
214,245
214,252
214,264
214,291
214,434
214,555
214,669
214,682
214,705
214,727
214,730
214,770
214,805
214,839
214,896
214,918
214,936
214,959
214,988
215,216
215,251
215,318
215,332
215,353
215,358
215,477
215,486
215,570
215,750
215,756
215,804
215,876
215,981
216,234
216,297
216,298
216,318
216,325
216,352
216,395
216,423
216,433
216,471
216,480
216,482
216,566
216,590
216,634
216,646
216,670
216,698
216,700
216,713
216,744
216,745
216,770
216,800
216,817
216,821
216,825
216,826
216,831
216,863
216,918
216,943
216,945
216,951
216,955
216,959
216,983
217,225
217,230
217,318
217,321
217,339
217,354
217,365
217,397
217,442
217,497
217,506
217,530
217,559
217,618
217,638
217,676
217,692
217,700
217,705
217,707
217,710
217,754
217,776
217,777
217,800
217,839
217,843
217,851
217,856
217,858
217,884
217,890
217,930
217,959
217,974
218,237
218,247
218,253
218,271
218,282
218,287
218,295
218,352
218,381
218,393
218,398
218,421
218,436
218,451
218,487
218,518
218,522
218,527
218,540
218,549
218,568
218,572
218,577
218,582
218,611
218,644
218,647
218,659
218,661
218,664
218,686
218,696
218,715
218,739
218,748
218,766
218,816
218,887
218,899
218,924
218,947
218,953
218,972
218,990
219,262
219,269
219,303
219,337
219,371
219,373
219,411
219,422
219,444
219,449
219,467
219,496
219,556
219,606
219,622
219,623
219,679
219,746
219,795
219,818
219,865
219,868
219,874
219,906
219,907
219,957
219,958
220,262
220,275
220,306
220,322
220,338
220,415
220,419
220,431
220,441
220,527
220,540
220,684
220,726
220,753
220,771
220,824
220,828
220,860
220,862
220,891
220,949
220,993
221,242
221,243
221,276
221,285
221,340
221,352
221,378
221,456
221,472
221,500
221,525
221,580
221,609
221,624
221,673
221,689
221,701
221,713
221,770
221,797
221,800
221,825
221,842
221,843
221,859
221,904
221,926
221,943
221,946
221,983
222,241
222,269
222,303
222,311
222,317
222,330
222,345
222,357
222,440
222,458
222,462
222,475
222,477
222,498
222,529
222,553
222,560
222,563
222,671
222,680
222,702
222,703
222,726
222,753
222,790
222,866
222,880
222,899
222,931
222,973
223,225
223,233
223,263
223,266
223,283
223,300
223,332
223,337
223,367
223,376
223,379
223,468
223,474
223,489
223,494
223,496
223,503
223,510
223,511
223,527
223,531
223,542
223,571
223,605
223,618
223,666
223,670
223,676
223,700
223,708
223,711
223,744
223,784
223,803
223,817
223,831
223,876
223,889
223,904
223,913
223,922
223,925
223,935
223,961
223,963
224,226
224,255
224,293
224,330
224,337
224,375
224,526
224,529
224,544
224,548
224,565
224,680
224,703
224,731
224,841
225,243
225,257
225,285
225,292
225,318
225,340
225,380
225,397
225,482
225,515
225,517
225,520
225,590
225,624
225,656
225,776
225,829
225,856
225,890
225,910
225,940
226,255
226,260
226,263
226,283
226,294
226,334
226,396
226,403
226,418
226,439
226,463
226,467
226,606
226,630
226,643
226,753
226,756
226,769
226,803
226,833
226,854
226,869
226,889
226,896
226,903
226,912
226,925
226,963
226,967
226,971
226,981
226,985
226,994
227,280
227,284
227,290
227,307
227,336
227,339
227,342
227,350
227,354
227,386
227,397
227,425
227,454
227,471
227,483
227,499
227,532
227,576
227,580
227,624
227,642
227,657
227,672
227,689
227,741
227,780
227,826
227,890
227,897
227,927
227,936
227,967
227,979
228,288
228,306
228,335
228,400
228,410
228,439
228,479
228,537
228,598
228,604
228,684
228,686
228,693
228,862
228,888
228,988
229,249
229,253
229,295
229,306
229,359
229,369
229,465
229,487
229,504
229,560
229,658
229,660
229,667
229,675
229,693
229,696
229,727
229,796
229,839
229,933
229,980
229,990
230,242
230,261
230,292
230,321
230,340
230,353
230,378
230,395
230,444
230,456
230,538
230,624
230,640
230,713
230,727
230,744
230,776
230,842
230,844
230,897
230,941
230,979
231,247
231,263
231,324
231,336
231,337
231,369
231,492
231,497
231,551
231,552
231,583
231,671
231,680
231,756
231,767
231,774
231,778
231,793
231,841
231,923
231,996
231,999
232,272
232,306
232,348
232,372
232,398
232,426
232,428
232,458
232,479
232,527
232,537
232,593
232,605
232,607
232,627
232,630
232,636
232,650
232,736
232,737
232,742
232,751
232,762
232,783
232,846
232,888
232,909
232,919
232,925
232,953
232,988
233,332
233,367
233,394
233,396
233,466
233,467
233,503
233,531
233,571
233,597
233,605
233,620
233,756
233,880
233,935
234,258
234,290
234,348
234,457
234,502
234,579
234,683
234,700
234,701
234,713
234,738
234,802
234,926
234,943
234,945
235,237
235,254
235,259
235,271
235,286
235,291
235,292
235,319
235,345
235,361
235,393
235,421
235,432
235,447
235,457
235,520
235,527
235,529
235,550
235,568
235,578
235,586
235,614
235,639
235,661
235,672
235,686
235,749
235,750
235,776
235,823
235,894
235,898
235,899
235,927
235,936
235,952
235,953
235,972
236,247
236,253
236,254
236,328
236,338
236,387
236,406
236,420
236,429
236,431
236,455
236,527
236,540
236,593
236,602
236,637
236,649
236,651
236,678
236,704
236,733
236,766
236,767
236,782
236,837
236,838
236,875
236,891
236,919
236,929
236,942
236,970
237,271
237,275
237,278
237,282
237,286
237,296
237,304
237,351
237,393
237,402
237,405
237,421
237,432
237,457
237,487
237,493
237,545
237,561
237,568
237,578
237,580
237,582
237,639
237,641
237,648
237,650
237,659
237,665
237,686
237,709
237,719
237,731
237,736
237,754
237,761
237,772
237,786
237,808
237,815
237,823
237,930
237,953
238,283
238,296
238,322
238,334
238,345
238,347
238,355
238,402
238,420
238,477
238,480
238,491
238,519
238,574
238,594
238,602
238,630
238,635
238,661
238,680
238,703
238,728
238,729
238,745
238,748
238,749
238,776
238,780
238,797
238,809
238,882
238,885
238,950
238,970
238,971
238,997
239,253
239,254
239,274
239,295
239,437
239,461
239,464
239,487
239,528
239,547
239,577
239,633
239,660
239,668
239,691
239,721
239,763
239,786
239,798
239,823
239,832
239,834
239,887
239,891
239,919
239,923
239,990
240,250
240,269
240,294
240,330
240,343
240,367
240,369
240,394
240,440
240,444
240,446
240,462
240,481
240,486
240,488
240,496
240,542
240,551
240,552
240,556
240,563
240,592
240,613
240,628
240,671
240,699
240,703
240,713
240,734
240,753
240,803
240,818
240,833
240,854
240,865
240,883
240,920
240,948
240,952
240,957
240,977
240,978
240,991
240,998
241,270
241,294
241,308
241,355
241,360
241,365
241,375
241,384
241,401
241,417
241,432
241,434
241,462
241,465
241,472
241,477
241,492
241,513
241,530
241,569
241,579
241,583
241,679
241,702
241,726
241,740
241,747
241,773
241,774
241,787
241,797
241,811
241,840
241,862
241,889
241,891
241,899
241,932
241,937
241,952
241,997
242,243
242,265
242,340
242,376
242,378
242,472
242,481
242,482
242,499
242,500
242,530
242,561
242,566
242,581
242,629
242,656
242,689
242,697
242,701
242,713
242,802
242,809
242,821
242,825
242,829
242,869
242,885
242,921
242,943
242,966
242,983
243,254
243,265
243,284
243,285
243,322
243,340
243,352
243,353
243,380
243,433
243,442
243,456
243,471
243,482
243,495
243,515
243,517
243,530
243,557
243,594
243,646
243,673
243,701
243,718
243,803
243,806
243,825
243,829
243,843
243,844
243,856
243,884
243,922
243,943
243,950
243,963
243,983
244,257
244,285
244,301
244,334
244,379
244,399
244,404
244,440
244,442
244,498
244,508
244,559
244,570
244,591
244,610
244,620
244,656
244,694
244,698
244,707
244,732
244,748
244,767
244,771
244,802
244,861
244,879
244,913
244,938
244,989
245,278
245,301
245,308
245,320
245,322
245,334
245,374
245,399
245,404
245,409
245,412
245,434
245,454
245,472
245,478
245,483
245,490
245,510
245,536
245,543
245,555
245,580
245,599
245,603
245,635
245,656
245,669
245,670
245,681
245,685
245,690
245,694
245,722
245,739
245,748
245,775
245,820
245,822
245,849
245,855
245,856
245,863
245,877
245,917
245,918
245,950
245,951
245,979
245,985
246,256
246,288
246,293
246,303
246,337
246,458
246,463
246,548
246,654
246,702
246,726
246,735
246,790
246,818
246,835
246,841
246,903
246,906
246,932
246,964
246,973
246,977
247,254
247,313
247,393
247,405
247,408
247,451
247,457
247,493
247,540
247,549
247,582
247,641
247,709
247,720
247,737
247,766
247,797
247,877
247,879
247,882
247,895
247,908
247,927
247,942
247,972
248,250
248,256
248,288
248,317
248,330
248,343
248,346
248,373
248,392
248,440
248,441
248,614
248,661
248,666
248,702
248,726
248,781
248,813
248,956
248,992
249,268
249,328
249,349
249,448
249,539
249,577
249,589
249,594
249,624
249,633
249,658
249,691
249,702
249,714
249,720
249,737
249,751
249,832
249,839
249,875
249,901
249,915
249,986
250,256
250,343
250,346
250,392
250,422
250,426
250,429
250,440
250,450
250,463
250,476
250,548
250,552
250,579
250,594
250,632
250,649
250,666
250,688
250,702
250,724
250,740
250,768
250,808
250,813
250,828
250,841
250,861
250,871
250,873
250,874
250,888
250,956
250,991
251,252
251,265
251,276
251,301
251,333
251,395
251,399
251,454
251,498
251,530
251,570
251,590
251,605
251,618
251,646
251,692
251,695
251,744
251,791
251,812
251,831
251,856
251,900
251,904
251,937
252,287
252,302
252,309
252,327
252,336
252,366
252,374
252,407
252,469
252,470
252,491
252,501
252,512
252,580
252,591
252,631
252,635
252,648
252,657
252,676
252,677
252,682
252,687
252,703
252,727
252,739
252,779
252,801
252,805
252,820
252,824
252,834
252,847
252,858
252,896
252,914
252,936
252,938
252,940
252,987
253,268
253,306
253,335
253,349
253,410
253,453
253,476
253,528
253,562
253,617
253,627
253,658
253,720
253,827
253,843
253,847
253,855
253,891
253,933
254,259
254,290
254,295
254,322
254,349
254,393
254,428
254,445
254,451
254,457
254,459
254,501
254,522
254,577
254,594
254,604
254,633
254,644
254,664
254,667
254,715
254,736
254,740
254,745
254,749
254,763
254,766
254,798
254,809
254,832
254,839
254,845
254,857
254,882
254,887
254,895
254,946
254,953
254,990
255,269
255,311
255,324
255,333
255,369
255,383
255,440
255,444
255,481
255,511
255,528
255,553
255,565
255,583
255,592
255,617
255,663
255,671
255,684
255,688
255,711
255,714
255,724
255,746
255,760
255,765
255,769
255,778
255,810
255,812
255,818
255,848
255,865
255,904
255,907
255,910
255,911
255,926
255,952
255,977
255,978
256,303
256,375
256,388
256,398
256,428
256,479
256,530
256,537
256,573
256,593
256,597
256,632
256,688
256,691
256,703
256,706
256,740
256,818
256,865
256,866
256,875
256,947
256,949
256,962
256,991
257,284
257,298
257,311
257,339
257,442
257,452
257,482
257,495
257,500
257,506
257,517
257,541
257,581
257,617
257,653
257,689
257,692
257,697
257,700
257,701
257,713
257,765
257,821
257,825
257,856
257,869
257,904
257,983
257,994
258,269
258,321
258,348
258,352
258,378
258,409
258,483
258,495
258,541
258,566
258,605
258,617
258,634
258,672
258,697
258,700
258,713
258,738
258,797
258,851
258,861
258,892
258,926
258,935
258,937
258,945
258,968
258,996
259,275
259,304
259,316
259,402
259,407
259,409
259,432
259,436
259,437
259,438
259,453
259,493
259,507
259,665
259,677
259,709
259,785
259,863
259,893
259,902
259,912
259,955
260,263
260,284
260,332
260,396
260,403
260,444
260,712
260,854
260,879
260,880
260,954
260,963
260,966
260,975
260,981
261,284
261,289
261,318
261,325
261,352
261,361
261,395
261,397
261,404
261,425
261,471
261,480
261,483
261,499
261,500
261,512
261,548
261,670
261,674
261,696
261,697
261,723
261,728
261,755
261,809
261,843
261,897
261,904
261,943
261,945
261,959
261,983
262,267
262,296
262,302
262,337
262,343
262,375
262,431
262,584
262,680
262,686
262,703
262,712
262,752
262,899
262,993
262,996
263,321
263,332
263,367
263,369
263,381
263,403
263,444
263,496
263,503
263,531
263,663
263,703
263,713
263,767
263,781
263,802
263,803
263,827
263,854
263,889
263,900
263,904
263,922
263,925
263,926
263,963
263,966
263,981
264,359
264,408
264,415
264,433
264,451
264,549
264,582
264,615
264,644
264,651
264,719
264,721
264,750
264,855
264,887
264,895
264,924
265,285
265,289
265,340
265,353
265,378
265,380
265,412
265,423
265,433
265,454
265,471
265,482
265,497
265,499
265,500
265,515
265,517
265,559
265,580
265,617
265,618
265,682
265,701
265,713
265,786
265,800
265,822
265,825
265,826
265,829
265,844
265,856
265,884
265,897
265,899
265,941
265,943
265,959
265,961
265,968
265,979
265,987
266,270
266,308
266,312
266,320
266,331
266,336
266,358
266,362
266,366
266,382
266,399
266,407
266,420
266,422
266,434
266,458
266,491
266,515
266,557
266,558
266,613
266,616
266,631
266,648
266,657
266,677
266,678
266,687
266,694
266,714
266,725
266,729
266,747
266,749
266,757
266,771
266,789
266,834
266,852
266,870
266,936
266,959
266,965
266,969
266,979
266,997
267,274
267,293
267,302
267,326
267,360
267,374
267,375
267,453
267,462
267,491
267,529
267,544
267,546
267,548
267,557
267,584
267,703
267,712
267,793
267,797
267,803
267,841
267,899
267,900
267,931
267,939
267,956
267,995
268,328
268,607
268,658
268,751
268,766
268,827
268,875
268,901
269,294
269,301
269,414
269,416
269,429
269,444
269,449
269,450
269,467
269,479
269,481
269,502
269,505
269,507
269,511
269,524
269,542
269,551
269,556
269,563
269,613
269,623
269,626
269,628
269,654
269,680
269,699
269,724
269,755
269,769
269,810
269,818
269,833
269,848
269,854
269,865
269,883
269,886
269,889
269,906
269,934
269,948
269,952
269,957
269,958
269,975
269,977
270,296
270,315
270,375
270,383
270,387
270,388
270,390
270,398
270,403
270,404
270,475
270,545
270,582
270,588
270,602
270,604
270,679
270,719
270,730
270,740
270,743
270,745
270,773
270,774
270,782
270,805
270,811
270,828
270,877
270,891
270,910
270,932
270,973
271,273
271,301
271,310
271,322
271,332
271,393
271,398
271,409
271,421
271,434
271,451
271,457
271,459
271,543
271,561
271,568
271,572
271,577
271,578
271,586
271,639
271,659
271,664
271,675
271,686
271,695
271,761
271,766
271,773
271,786
271,798
271,807
271,823
271,836
271,878
271,908
271,934
271,996
272,277
272,288
272,306
272,372
272,378
272,398
272,402
272,428
272,511
272,518
272,529
272,550
272,554
272,593
272,607
272,627
272,630
272,636
272,650
272,679
272,703
272,736
272,742
272,751
272,783
272,837
272,888
272,979
272,984
272,986
273,278
273,280
273,282
273,310
273,319
273,325
273,327
273,351
273,355
273,362
273,386
273,391
273,402
273,409
273,412
273,425
273,437
273,442
273,453
273,457
273,470
273,474
273,493
273,501
273,533
273,562
273,604
273,636
273,661
273,665
273,672
273,678
273,695
273,754
273,764
273,772
273,779
273,788
273,805
273,806
273,809
273,836
273,838
273,860
273,872
273,881
273,885
273,888
273,898
273,905
273,965
273,980
274,296
274,359
274,384
274,388
274,399
274,419
274,421
274,438
274,465
274,479
274,516
274,522
274,573
274,592
274,598
274,621
274,643
274,684
274,712
274,752
274,802
274,871
274,903
274,956
274,960
274,981
274,993
275,276
275,282
275,286
275,299
275,314
275,322
275,327
275,361
275,379
275,389
275,393
275,402
275,405
275,427
275,432
275,437
275,453
275,457
275,469
275,493
275,514
275,535
275,561
275,567
275,578
275,611
275,633
275,641
275,657
275,661
275,665
275,677
275,703
275,709
275,718
275,725
275,734
275,743
275,761
275,772
275,785
275,786
275,790
275,798
275,807
275,814
275,815
275,826
275,836
275,863
275,870
275,902
275,944
275,955
275,982
275,987
276,292
276,296
276,315
276,322
276,345
276,346
276,357
276,369
276,391
276,404
276,442
276,449
276,465
276,472
276,474
276,484
276,493
276,504
276,512
276,518
276,519
276,560
276,594
276,601
276,615
276,635
276,643
276,655
276,657
276,669
276,678
276,685
276,702
276,714
276,723
276,732
276,739
276,745
276,759
276,771
276,795
276,797
276,801
276,805
276,859
276,865
276,877
276,903
276,921
276,923
276,927
276,930
276,945
276,950
276,951
276,959
276,969
276,997
277,306
277,365
277,448
277,458
277,459
277,461
277,464
277,478
277,539
277,540
277,589
277,652
277,702
277,720
277,796
277,805
277,862
277,922
277,942
277,967
277,984
277,988
278,287
278,331
278,358
278,362
278,386
278,391
278,399
278,412
278,433
278,434
278,470
278,557
278,562
278,575
278,605
278,609
278,610
278,647
278,648
278,657
278,677
278,681
278,695
278,747
278,757
278,759
278,777
278,801
278,937
278,956
278,989
279,335
279,363
279,410
279,527
279,546
279,607
279,736
279,751
279,783
279,827
279,846
279,891
279,901
279,927
279,933
279,986
280,285
280,290
280,319
280,320
280,322
280,336
280,340
280,356
280,362
280,380
280,395
280,397
280,425
280,445
280,453
280,454
280,464
280,482
280,483
280,504
280,512
280,514
280,515
280,525
280,558
280,581
280,619
280,638
280,642
280,651
280,656
280,672
280,681
280,685
280,755
280,780
280,804
280,805
280,826
280,863
280,878
280,916
280,935
280,940
280,980
281,283
281,369
281,444
281,467
281,502
281,511
281,552
281,569
281,592
281,760
281,778
281,812
281,848
281,866
281,877
281,952
281,963
281,974
282,284
282,286
282,289
282,301
282,316
282,356
282,374
282,391
282,393
282,402
282,405
282,412
282,423
282,426
282,437
282,453
282,469
282,474
282,493
282,507
282,514
282,535
282,538
282,561
282,562
282,578
282,636
282,641
282,659
282,661
282,665
282,681
282,702
282,734
282,754
282,761
282,772
282,786
282,807
282,809
282,815
282,836
282,840
282,881
282,885
282,893
282,930
282,944
282,952
282,972
282,982
282,990
283,324
283,332
283,333
283,392
283,394
283,466
283,467
283,480
283,486
283,502
283,511
283,531
283,551
283,587
283,597
283,634
283,643
283,663
283,694
283,738
283,754
283,761
283,778
283,779
283,792
283,795
283,810
283,812
283,834
283,835
283,854
283,900
283,934
283,952
283,963
283,966
283,974
283,977
283,989
283,991
283,996
284,292
284,304
284,314
284,318
284,342
284,347
284,354
284,355
284,356
284,378
284,380
284,381
284,425
284,499
284,534
284,550
284,553
284,557
284,580
284,596
284,600
284,616
284,634
284,642
284,656
284,674
284,725
284,741
284,747
284,750
284,755
284,761
284,767
284,776
284,777
284,780
284,791
284,809
284,813
284,816
284,826
284,829
284,831
284,843
284,858
284,867
284,879
284,885
284,897
284,921
284,952
284,969
284,976
284,979
285,340
285,456
285,674
285,844
285,856
285,869
285,939
286,295
286,328
286,362
286,393
286,432
286,437
286,453
286,457
286,561
286,566
286,578
286,632
286,665
286,708
286,761
286,766
286,777
286,779
286,786
286,798
286,815
286,838
286,840
286,872
286,893
286,901
286,912
286,972
286,982
287,301
287,318
287,327
287,347
287,358
287,386
287,390
287,391
287,407
287,409
287,412
287,438
287,453
287,460
287,504
287,558
287,562
287,610
287,616
287,632
287,647
287,651
287,659
287,677
287,678
287,705
287,709
287,716
287,729
287,745
287,747
287,777
287,801
287,838
287,846
287,863
287,878
287,885
287,894
287,940
287,977
287,987
288,330
288,343
288,346
288,392
288,416
288,422
288,429
288,440
288,449
288,450
288,475
288,476
288,502
288,509
288,513
288,522
288,548
288,551
288,566
288,579
288,587
288,588
288,666
288,735
288,769
288,782
288,792
288,808
288,871
288,906
288,907
288,920
288,954
288,956
288,962
288,992
289,318
289,347
289,397
289,442
289,471
289,473
289,500
289,515
289,530
289,575
289,590
289,670
289,674
289,711
289,713
289,776
289,829
289,884
289,917
289,918
289,927
289,943
289,973
289,994
290,313
290,314
290,318
290,325
290,354
290,356
290,397
290,433
290,471
290,479
290,480
290,512
290,515
290,543
290,558
290,562
290,580
290,603
290,618
290,619
290,656
290,674
290,694
290,701
290,755
290,780
290,802
290,860
290,890
290,930
290,943
290,951
290,959
290,979
291,355
291,363
291,396
291,477
291,574
291,588
291,656
291,774
291,795
291,797
291,834
291,844
291,912
291,943
291,989
291,993
292,345
292,366
292,390
292,404
292,526
292,601
292,631
292,668
292,678
292,685
292,719
292,797
292,805
292,834
292,938
292,950
292,997
293,303
293,444
293,552
293,622
293,735
293,756
293,790
293,798
293,813
293,818
293,835
293,947
293,981
294,375
294,382
294,416
294,449
294,466
294,481
294,511
294,524
294,531
294,543
294,552
294,557
294,597
294,613
294,622
294,628
294,694
294,699
294,731
294,746
294,778
294,810
294,848
294,865
294,874
294,883
294,900
294,906
294,921
294,947
294,957
294,963
294,977
294,981
294,996
295,344
295,372
295,375
295,388
295,459
295,487
295,509
295,547
295,560
295,577
295,599
295,630
295,633
295,660
295,675
295,678
295,686
295,691
295,715
295,720
295,730
295,766
295,795
295,831
295,839
295,845
295,857
295,875
295,887
295,988
295,990
295,997
296,297
296,333
296,334
296,341
296,363
296,365
296,383
296,384
296,404
296,455
296,462
296,480
296,491
296,519
296,534
296,574
296,599
296,602
296,625
296,655
296,668
296,686
296,695
296,711
296,719
296,732
296,736
296,745
296,774
296,775
296,795
296,797
296,801
296,824
296,839
296,860
296,862
296,879
296,921
296,927
296,932
296,939
296,950
296,965
296,988
296,989
296,997
297,352
297,379
297,418
297,423
297,490
297,495
297,496
297,498
297,500
297,557
297,566
297,570
297,590
297,591
297,619
297,629
297,634
297,755
297,851
297,861
297,876
298,339
298,340
298,352
298,395
298,397
298,423
298,433
298,490
298,517
298,523
298,530
298,548
298,559
298,590
298,617
298,634
298,656
298,669
298,692
298,723
298,761
298,791
298,825
298,831
298,906
298,937
298,967
299,304
299,316
299,319
299,323
299,347
299,501
299,567
299,640
299,779
299,804
299,806
299,838
299,870
299,898
299,928
299,936
300,361
300,379
300,397
300,480
300,497
300,510
300,571
300,676
300,690
300,748
300,775
300,784
300,803
300,935
300,966
300,967
300,969
301,334
301,341
301,393
301,399
301,452
301,478
301,480
301,491
301,555
301,603
301,619
301,631
301,657
301,669
301,678
301,685
301,687
301,690
301,694
301,723
301,739
301,747
301,758
301,771
301,797
301,802
301,805
301,849
301,872
301,937
301,950
301,951
302,303
302,316
302,360
302,377
302,384
302,441
302,462
302,510
302,528
302,548
302,584
302,620
302,625
302,726
302,731
302,897
302,931
303,311
303,317
303,330
303,402
303,422
303,426
303,439
303,450
303,451
303,458
303,463
303,482
303,513
303,529
303,548
303,613
303,622
303,654
303,666
303,714
303,735
303,736
303,738
303,790
303,808
303,865
303,866
303,867
303,871
303,903
303,911
303,931
303,956
303,973
303,986
303,991
303,992
304,310
304,351
304,358
304,366
304,409
304,470
304,478
304,501
304,562
304,610
304,638
304,647
304,754
304,756
304,788
304,852
304,905
304,972
304,987
305,319
305,323
305,361
305,375
305,397
305,435
305,462
305,512
305,513
305,514
305,567
305,629
305,640
305,641
305,779
305,838
305,847
305,879
306,312
306,327
306,328
306,349
306,448
306,477
306,527
306,540
306,559
306,560
306,577
306,593
306,604
306,630
306,633
306,637
306,644
306,650
306,652
306,658
306,659
306,667
306,675
306,679
306,682
306,691
306,702
306,711
306,720
306,734
306,736
306,751
306,763
306,783
306,827
306,832
306,839
306,845
306,875
306,887
306,908
306,924
306,942
306,962
306,986
306,990
307,312
307,313
307,314
307,316
307,354
307,366
307,397
307,401
307,441
307,468
307,491
307,504
307,555
307,557
307,575
307,580
307,591
307,603
307,617
307,619
307,624
307,705
307,748
307,755
307,758
307,761
307,801
307,805
307,826
307,849
307,853
307,858
307,859
307,905
307,918
307,945
307,976
307,997
308,324
308,332
308,347
308,371
308,379
308,385
308,394
308,399
308,400
308,409
308,433
308,442
308,486
308,489
308,492
308,496
308,498
308,503
308,569
308,580
308,603
308,605
308,618
308,622
308,676
308,690
308,735
308,744
308,753
308,754
308,791
308,825
308,831
308,832
308,850
308,864
308,873
308,913
308,914
308,922
308,925
308,952
308,961
308,965
308,994
308,996
309,339
309,367
309,379
309,395
309,443
309,606
309,670
309,685
309,803
309,922
309,925
309,926
309,954
309,967
310,319
310,351
310,361
310,427
310,453
310,470
310,474
310,501
310,514
310,567
310,596
310,630
310,640
310,677
310,718
310,722
310,754
310,761
310,764
310,809
310,838
310,936
310,972
310,980
310,992
310,997
311,317
311,322
311,326
311,330
311,420
311,445
311,458
311,513
311,529
311,546
311,579
311,654
311,663
311,680
311,694
311,703
311,726
311,752
311,756
311,768
311,790
311,835
311,871
311,956
311,978
312,316
312,359
312,364
312,393
312,397
312,407
312,408
312,409
312,432
312,462
312,464
312,470
312,493
312,507
312,529
312,532
312,539
312,558
312,561
312,567
312,586
312,602
312,620
312,655
312,657
312,665
312,682
312,694
312,718
312,726
312,731
312,751
312,785
312,789
312,801
312,804
312,805
312,814
312,834
312,861
312,890
312,894
312,896
312,953
312,960
312,965
312,969
312,970
312,973
312,979
313,314
313,336
313,342
313,347
313,381
313,512
313,580
313,601
313,616
313,619
313,622
313,647
313,649
313,758
313,780
313,804
313,855
313,905
313,976
314,320
314,322
314,331
314,342
314,347
314,354
314,381
314,423
314,434
314,462
314,490
314,520
314,553
314,575
314,580
314,596
314,603
314,616
314,618
314,636
314,648
314,661
314,678
314,687
314,709
314,728
314,741
314,747
314,755
314,814
314,850
314,853
314,855
314,858
314,867
314,890
314,898
314,905
314,912
314,917
314,976
314,979
315,319
315,322
315,326
315,355
315,377
315,392
315,404
315,428
315,478
315,531
315,602
315,639
315,668
315,690
315,730
315,731
315,745
315,797
315,910
315,916
315,923
315,932
316,331
316,339
316,366
316,409
316,421
316,426
316,432
316,437
316,438
316,484
316,533
316,561
316,633
316,639
316,642
316,657
316,661
316,665
316,679
316,717
316,747
316,754
316,763
316,772
316,777
316,785
316,789
316,814
316,815
316,836
316,863
316,878
316,885
316,894
316,902
316,943
316,950
316,953
316,955
316,965
317,330
317,343
317,426
317,444
317,458
317,463
317,479
317,513
317,529
317,537
317,548
317,579
317,583
317,654
317,703
317,735
317,790
317,797
317,808
317,835
317,901
317,973
318,321
318,322
318,340
318,351
318,352
318,378
318,395
318,433
318,442
318,471
318,480
318,486
318,491
318,523
318,530
318,559
318,562
318,590
318,689
318,694
318,713
318,722
318,763
318,771
318,800
318,825
318,831
318,843
318,844
318,850
318,856
318,860
318,867
318,926
318,941
318,943
318,989
319,323
319,342
319,361
319,392
319,393
319,427
319,435
319,445
319,460
319,474
319,475
319,478
319,519
319,525
319,533
319,561
319,601
319,640
319,641
319,648
319,661
319,729
319,747
319,755
319,756
319,779
319,809
319,838
319,870
319,924
319,929
319,963
319,965
319,972
320,336
320,341
320,360
320,364
320,374
320,397
320,468
320,484
320,512
320,534
320,555
320,557
320,562
320,595
320,605
320,631
320,657
320,678
320,682
320,722
320,723
320,727
320,739
320,767
320,802
320,805
320,896
320,938
320,950
321,339
321,352
321,353
321,395
321,442
321,480
321,500
321,523
321,590
321,626
321,634
321,699
321,713
321,800
321,861
321,941
321,945
321,984
321,989
322,326
322,331
322,340
322,364
322,374
322,390
322,391
322,399
322,400
322,404
322,409
322,433
322,434
322,438
322,447
322,477
322,480
322,487
322,511
322,521
322,554
322,558
322,562
322,586
322,588
322,595
322,599
322,614
322,615
322,641
322,649
322,655
322,656
322,657
322,659
322,678
322,679
322,694
322,714
322,719
322,745
322,749
322,757
322,773
322,785
322,789
322,805
322,807
322,811
322,814
322,817
322,819
322,847
322,859
322,866
322,877
322,899
322,923
322,924
322,927
322,930
322,937
322,938
322,965
322,982
323,361
323,402
323,405
323,407
323,409
323,454
323,502
323,553
323,567
323,575
323,578
323,640
323,641
323,718
323,806
323,823
323,834
323,836
323,837
323,838
323,847
323,870
323,887
323,898
323,953
323,972
323,980
324,331
324,332
324,371
324,394
324,418
324,422
324,444
324,466
324,489
324,505
324,506
324,531
324,551
324,602
324,620
324,626
324,645
324,650
324,663
324,671
324,678
324,714
324,728
324,746
324,756
324,760
324,778
324,784
324,800
324,803
324,830
324,854
324,883
324,892
324,897
324,916
324,948
324,972
324,999
325,368
325,397
325,433
325,460
325,480
325,499
325,508
325,522
325,588
325,596
325,619
325,654
325,674
325,692
325,701
325,758
325,776
325,797
325,817
325,843
325,943
325,954
325,959
325,967
325,969
326,332
326,355
326,366
326,375
326,384
326,455
326,456
326,462
326,466
326,472
326,477
326,482
326,569
326,591
326,598
326,625
326,643
326,655
326,678
326,690
326,699
326,740
326,774
326,793
326,864
326,914
326,916
326,931
326,954
326,989
326,995
326,998
327,336
327,356
327,360
327,362
327,427
327,470
327,486
327,501
327,562
327,610
327,647
327,665
327,677
327,695
327,725
327,726
327,747
327,764
327,777
327,788
327,804
327,872
327,885
327,928
327,941
327,950
327,980
327,985
327,987
327,989
328,349
328,459
328,491
328,539
328,540
328,560
328,587
328,589
328,607
328,627
328,650
328,696
328,751
328,755
328,783
328,785
328,787
328,827
328,839
328,846
328,875
328,901
328,909
328,910
328,915
328,933
329,333
329,414
329,446
329,467
329,470
329,488
329,494
329,502
329,511
329,563
329,622
329,628
329,699
329,803
330,360
330,388
330,422
330,439
330,449
330,462
330,467
330,475
330,497
330,503
330,529
330,546
330,548
330,552
330,574
330,583
330,598
330,625
330,630
330,632
330,640
330,654
330,666
330,680
330,703
330,723
330,735
330,753
330,768
330,789
330,790
330,810
330,864
330,931
330,991
330,992
330,995
330,998
331,358
331,362
331,364
331,386
331,391
331,393
331,407
331,409
331,421
331,432
331,438
331,453
331,461
331,476
331,491
331,493
331,506
331,535
331,537
331,542
331,543
331,554
331,594
331,631
331,632
331,639
331,649
331,657
331,685
331,705
331,718
331,722
331,726
331,729
331,757
331,758
331,771
331,772
331,785
331,789
331,805
331,807
331,845
331,859
331,864
331,877
331,878
331,882
331,922
331,927
331,959
331,988
332,379
332,385
332,397
332,424
332,443
332,471
332,476
332,496
332,497
332,503
332,559
332,571
332,583
332,592
332,597
332,605
332,606
332,617
332,618
332,646
332,671
332,676
332,713
332,759
332,775
332,784
332,802
332,864
332,873
332,880
332,889
332,905
332,911
332,913
332,922
332,925
332,945
332,961
332,967
333,360
333,369
333,373
333,411
333,414
333,429
333,444
333,446
333,467
333,471
333,488
333,494
333,502
333,513
333,529
333,536
333,551
333,556
333,565
333,594
333,623
333,626
333,646
333,669
333,699
333,724
333,746
333,753
333,760
333,794
333,810
333,841
333,848
333,866
333,876
333,883
333,900
333,906
333,920
333,948
333,952
333,954
333,966
333,975
334,357
334,457
334,477
334,489
334,498
334,543
334,580
334,586
334,603
334,615
334,639
334,663
334,669
334,670
334,694
334,714
334,723
334,744
334,748
334,755
334,756
334,769
334,774
334,802
334,805
334,831
334,850
334,873
334,876
334,879
334,914
334,921
334,922
334,951
334,969
334,989
335,338
335,358
335,372
335,400
335,451
335,479
335,499
335,509
335,529
335,550
335,556
335,595
335,598
335,627
335,662
335,688
335,696
335,702
335,731
335,762
335,807
335,835
335,862
335,888
335,929
335,949
335,954
336,342
336,366
336,370
336,400
336,412
336,420
336,434
336,468
336,485
336,557
336,561
336,621
336,727
336,748
336,757
336,759
336,801
336,812
336,855
336,896
337,355
337,400
337,422
337,458
337,461
337,462
337,467
337,496
337,502
337,529
337,552
337,583
337,663
337,680
337,681
337,703
337,724
337,740
337,753
337,769
337,835
337,866
337,895
337,952
337,958
337,964
338,344
338,424
338,429
338,445
338,449
338,461
338,462
338,475
338,479
338,518
338,528
338,550
338,595
338,630
338,632
338,636
338,662
338,680
338,688
338,702
338,743
338,751
338,768
338,802
338,816
338,828
338,860
338,862
338,868
338,874
338,875
338,918
338,962
339,397
339,442
339,465
339,471
339,473
339,499
339,508
339,559
339,575
339,670
339,674
339,750
339,771
339,825
339,856
339,923
339,950
340,353
340,378
340,380
340,423
340,433
340,442
340,496
340,498
340,500
340,510
340,515
340,609
340,624
340,672
340,673
340,687
340,689
340,690
340,722
340,731
340,750
340,765
340,780
340,800
340,829
340,844
340,869
340,889
340,936
340,943
340,968
341,354
341,401
341,478
341,557
341,580
341,612
341,669
341,698
341,765
341,822
341,849
341,866
341,896
341,918
341,979
342,347
342,350
342,381
342,412
342,421
342,454
342,469
342,480
342,499
342,504
342,520
342,530
342,553
342,571
342,575
342,576
342,596
342,600
342,612
342,616
342,640
342,648
342,672
342,681
342,687
342,694
342,727
342,754
342,755
342,801
342,850
342,855
342,858
342,859
342,867
342,878
342,885
342,905
342,936
342,969
342,979
343,346
343,392
343,426
343,440
343,476
343,513
343,579
343,601
343,654
343,703
343,708
343,726
343,781
343,808
343,813
343,906
343,920
343,956
343,981
344,361
344,377
344,461
344,463
344,550
344,662
344,706
344,717
344,768
344,799
344,860
344,868
344,887
344,969
344,970
344,998
345,355
345,357
345,363
345,368
345,383
345,399
345,459
345,472
345,490
345,491
345,492
345,510
345,526
345,528
345,566
345,569
345,574
345,593
345,631
345,643
345,656
345,668
345,694
345,710
345,715
345,744
345,748
345,759
345,773
345,779
345,791
345,795
345,797
345,873
345,877
345,878
345,882
345,899
345,921
345,930
345,970
345,989
345,997
346,392
346,422
346,440
346,450
346,458
346,476
346,481
346,550
346,579
346,588
346,633
346,658
346,666
346,740
346,781
346,790
346,871
346,874
346,911
346,957
346,992
347,350
347,364
347,378
347,381
347,386
347,397
347,399
347,412
347,499
347,504
347,512
347,515
347,530
347,541
347,553
347,575
347,596
347,603
347,616
347,619
347,636
347,678
347,681
347,687
347,728
347,732
347,739
347,741
347,755
347,758
347,764
347,765
347,780
347,858
347,873
347,905
347,918
347,979
347,980
347,996
348,353
348,446
348,566
348,569
348,590
348,634
348,697
348,700
348,738
348,765
348,770
348,800
348,926
348,968
348,976
348,994
349,417
349,448
349,539
349,540
349,607
349,675
349,705
349,751
349,762
349,808
349,827
349,846
349,884
349,901
349,915
349,932
349,933
350,356
350,633
350,682
350,714
350,728
350,741
350,755
350,776
350,780
350,855
351,355
351,362
351,386
351,427
351,432
351,501
351,538
351,562
351,638
351,642
351,647
351,648
351,677
351,695
351,714
351,727
351,728
351,747
351,764
351,788
351,829
351,836
351,843
351,855
351,872
351,878
351,881
351,885
351,944
351,965
351,980
351,985
352,353
352,379
352,381
352,395
352,397
352,399
352,423
352,437
352,442
352,458
352,490
352,495
352,496
352,497
352,498
352,500
352,503
352,530
352,559
352,590
352,591
352,597
352,624
352,628
352,634
352,657
352,663
352,697
352,713
352,765
352,770
352,771
352,777
352,791
352,800
352,808
352,817
352,821
352,825
352,830
352,831
352,851
352,876
352,884
352,913
352,919
352,926
352,945
352,962
353,395
353,452
353,483
353,500
353,506
353,517
353,559
353,590
353,621
353,633
353,656
353,673
353,689
353,698
353,700
353,713
353,738
353,770
353,800
353,817
353,825
353,831
353,856
353,918
353,941
353,945
353,992
353,994
354,366
354,401
354,484
354,514
354,519
354,523
354,557
354,580
354,603
354,616
354,617
354,619
354,655
354,656
354,732
354,777
354,820
354,855
354,896
354,897
354,965
354,985
355,383
355,387
355,410
355,441
355,465
355,472
355,477
355,526
355,529
355,531
355,548
355,557
355,564
355,569
355,574
355,583
355,608
355,625
355,643
355,655
355,681
355,688
355,714
355,741
355,743
355,744
355,774
355,792
355,819
355,826
355,850
355,864
355,866
355,891
355,899
355,904
355,954
355,998
356,391
356,407
356,425
356,432
356,491
356,512
356,525
356,538
356,553
356,596
356,600
356,638
356,642
356,695
356,761
356,780
356,801
356,834
356,867
356,872
356,940
356,985
357,374
357,404
357,434
357,462
357,465
357,508
357,519
357,564
357,574
357,583
357,601
357,604
357,608
357,617
357,618
357,635
357,643
357,654
357,714
357,727
357,748
357,759
357,797
357,801
357,850
357,864
357,894
357,904
357,916
357,921
357,923
357,989
358,391
358,412
358,434
358,436
358,520
358,562
358,567
358,610
358,616
358,621
358,647
358,652
358,677
358,687
358,695
358,725
358,747
358,764
358,777
358,788
358,797
358,801
358,814
358,836
358,893
358,906
358,943
358,987
359,369
359,377
359,428
359,438
359,455
359,475
359,480
359,515
359,599
359,601
359,618
359,715
359,719
359,722
359,730
359,745
359,773
359,877
359,910
359,924
359,929
359,932
360,375
360,384
360,441
360,462
360,465
360,466
360,492
360,513
360,526
360,530
360,548
360,564
360,594
360,595
360,617
360,625
360,656
360,671
360,686
360,745
360,746
360,778
360,839
360,859
360,863
360,899
360,931
360,939
360,964
360,973
360,976
360,987
360,995
360,998
361,402
361,405
361,412
361,432
361,453
361,470
361,493
361,514
361,562
361,567
361,641
361,718
361,747
361,786
361,789
361,840
361,862
361,868
361,898
361,944
361,972
361,982
361,987
362,368
362,386
362,412
362,425
362,434
362,499
362,500
362,525
362,562
362,596
362,600
362,610
362,677
362,718
362,730
362,747
362,754
362,764
362,825
362,885
362,922
362,928
362,940
362,980
363,383
363,399
363,420
363,428
363,429
363,439
363,461
363,477
363,497
363,507
363,510
363,564
363,574
363,588
363,643
363,655
363,680
363,708
363,714
363,745
363,759
363,781
363,795
363,819
363,824
363,833
363,988
363,992
364,386
364,391
364,395
364,425
364,437
364,447
364,461
364,469
364,479
364,484
364,485
364,491
364,507
364,521
364,535
364,558
364,564
364,586
364,588
364,604
364,615
364,628
364,631
364,647
364,657
364,678
364,685
364,722
364,739
364,741
364,784
364,786
364,797
364,805
364,807
364,814
364,834
364,847
364,853
364,918
364,927
364,940
364,965
365,388
365,413
365,429
365,439
365,441
365,458
365,463
365,476
365,479
365,537
365,539
365,579
365,595
365,598
365,632
365,662
365,677
365,684
365,688
365,693
365,702
365,711
365,726
365,740
365,768
365,782
365,787
365,790
365,827
365,862
365,870
365,893
365,906
365,931
365,942
365,948
365,962
365,965
365,977
365,996
366,374
366,391
366,407
366,444
366,468
366,492
366,525
366,538
366,599
366,606
366,612
366,621
366,648
366,687
366,705
366,722
366,727
366,797
366,799
366,801
366,814
366,896
366,938
366,965
367,371
367,443
367,496
367,534
367,571
367,783
367,784
367,841
367,876
367,880
367,961
368,425
368,458
368,474
368,525
368,553
368,601
368,642
368,672
368,682
368,709
368,716
368,772
368,793
368,940
368,980
369,385
369,424
369,440
369,446
369,451
369,467
369,490
369,502
369,503
369,509
369,511
369,551
369,563
369,583
369,597
369,619
369,628
369,671
369,699
369,746
369,753
369,760
369,778
369,790
369,792
369,794
369,812
369,833
369,866
369,889
369,903
369,907
369,926
369,948
369,952
369,959
369,963
369,971
369,977
369,982
369,996
370,465
370,480
370,498
370,541
370,670
370,683
370,698
370,723
370,724
370,750
370,802
370,885
370,937
370,951
370,957
370,969
371,382
371,394
371,489
371,496
371,503
371,531
371,571
371,597
371,604
371,634
371,671
371,726
371,744
371,753
371,771
371,775
371,921
371,952
371,961
371,963
371,967
371,973
371,991
372,389
372,398
372,410
372,428
372,448
372,451
372,455
372,518
372,528
372,599
372,627
372,630
372,636
372,637
372,650
372,680
372,736
372,839
372,860
372,888
372,900
372,909
372,933
372,948
372,962
372,970
372,988
372,990
373,444
373,450
373,467
373,556
373,724
373,835
373,855
373,920
373,927
373,952
373,957
374,409
374,477
374,484
374,491
374,507
374,543
374,580
374,594
374,616
374,631
374,639
374,678
374,682
374,694
374,711
374,725
374,878
374,950
374,965
374,997
375,441
375,457
375,462
375,466
375,510
375,537
375,548
375,584
375,588
375,656
375,666
375,678
375,680
375,703
375,726
375,748
375,752
375,790
375,812
375,816
375,887
375,907
375,931
375,939
375,970
375,992
375,993
375,994
376,379
376,380
376,494
376,570
376,617
376,673
376,676
376,831
376,876
376,889
376,925
376,935
377,384
377,410
377,438
377,508
377,573
377,602
377,637
377,678
377,731
377,733
377,745
377,819
377,824
377,862
377,891
377,908
377,910
377,930
377,932
378,380
378,382
378,433
378,499
378,513
378,520
378,580
378,624
378,659
378,672
378,689
378,701
378,713
378,738
378,756
378,771
378,815
378,821
378,825
378,829
378,842
378,844
378,856
378,884
378,941
378,963
378,994
379,449
379,476
379,490
379,492
379,497
379,503
379,571
379,581
379,617
379,650
379,670
379,671
379,676
379,678
379,690
379,760
379,767
379,784
379,831
379,876
379,892
379,918
379,925
379,935
379,974
379,994
379,999
380,442
380,515
380,598
380,670
380,709
380,723
380,829
380,856
380,869
380,884
380,897
380,916
380,930
380,941
381,386
381,401
381,409
381,412
381,421
381,434
381,454
381,553
381,557
381,575
381,580
381,586
381,600
381,616
381,621
381,642
381,647
381,648
381,672
381,677
381,681
381,687
381,697
381,705
381,725
381,755
381,757
381,759
381,777
381,780
381,801
381,838
381,867
381,936
381,972
381,976
381,980
381,985
382,388
382,392
382,394
382,395
382,466
382,472
382,492
382,498
382,526
382,561
382,583
382,663
382,671
382,701
382,756
382,793
382,879
382,950
382,966
382,981
382,996
383,387
383,409
383,411
383,432
383,519
383,562
383,578
383,588
383,597
383,601
383,630
383,655
383,669
383,684
383,795
383,811
383,819
383,824
383,843
383,879
383,893
383,909
383,927
383,932
383,988
384,395
384,420
384,441
384,462
384,472
384,522
384,537
384,564
384,588
384,617
384,636
384,668
384,731
384,774
384,899
384,904
384,916
384,931
384,939
384,993
385,462
385,483
385,492
385,495
385,551
385,556
385,565
385,574
385,579
385,583
385,603
385,663
385,699
385,753
385,778
385,790
385,792
385,812
385,829
385,835
385,850
385,866
385,930
385,931
385,937
385,952
385,962
385,996
385,997
385,999
386,393
386,412
386,425
386,434
386,454
386,515
386,520
386,525
386,529
386,535
386,553
386,556
386,562
386,575
386,640
386,642
386,665
386,669
386,670
386,677
386,681
386,716
386,723
386,747
386,758
386,764
386,772
386,788
386,801
386,802
386,809
386,838
386,840
386,849
386,858
386,863
386,885
386,887
386,936
386,940
386,976
386,979
386,980
387,391
387,445
387,462
387,475
387,499
387,509
387,569
387,588
387,595
387,604
387,615
387,637
387,679
387,694
387,722
387,731
387,773
387,789
387,864
387,877
387,930
387,942
387,962
387,970
388,398
388,445
388,449
388,458
388,462
388,492
388,647
388,655
388,661
388,679
388,730
388,731
388,739
388,745
388,774
388,775
388,792
388,919
388,926
388,934
388,968
389,448
389,479
389,491
389,518
389,567
389,585
389,632
389,684
389,702
389,726
389,736
389,773
389,799
389,837
389,847
389,860
389,901
389,909
389,916
389,975
389,984
389,988
389,990
390,430
390,441
390,491
390,535
390,567
390,582
390,599
390,615
390,644
390,730
390,745
390,811
390,826
390,857
390,863
390,866
390,894
390,930
390,932
391,407
391,412
391,425
391,428
391,470
391,481
391,507
391,512
391,515
391,517
391,562
391,601
391,602
391,616
391,621
391,635
391,641
391,642
391,657
391,672
391,677
391,678
391,679
391,687
391,695
391,719
391,725
391,729
391,747
391,754
391,757
391,764
391,769
391,777
391,785
391,788
391,789
391,805
391,843
391,847
391,857
391,867
391,878
391,881
391,885
391,925
391,945
391,950
391,957
391,970
391,972
391,979
391,980
391,985
391,987
391,994
392,422
392,426
392,430
392,440
392,449
392,450
392,453
392,461
392,463
392,476
392,479
392,552
392,554
392,579
392,622
392,630
392,666
392,703
392,743
392,753
392,768
392,769
392,790
392,808
392,812
392,813
392,871
392,894
392,907
392,931
392,991
392,992
392,996
393,421
393,425
393,434
393,436
393,453
393,457
393,466
393,469
393,479
393,493
393,514
393,518
393,558
393,568
393,574
393,582
393,596
393,601
393,602
393,614
393,615
393,639
393,640
393,647
393,661
393,665
393,678
393,709
393,719
393,722
393,734
393,749
393,785
393,786
393,789
393,798
393,814
393,815
393,823
393,840
393,875
393,930
394,420
394,441
394,484
394,489
394,492
394,733
394,756
394,830
394,866
394,880
394,925
394,926
394,937
394,961
395,477
395,523
395,530
395,559
395,590
395,634
395,672
395,692
395,723
395,817
395,844
395,869
395,876
395,890
395,896
395,945
395,968
396,403
396,418
396,425
396,443
396,484
396,511
396,616
396,620
396,634
396,732
396,803
396,848
396,854
396,889
396,967
396,981
397,399
397,404
397,434
397,436
397,442
397,454
397,468
397,471
397,480
397,483
397,500
397,508
397,534
397,553
397,555
397,601
397,603
397,610
397,612
397,616
397,619
397,647
397,656
397,674
397,681
397,685
397,694
397,707
397,729
397,730
397,741
397,754
397,758
397,771
397,780
397,784
397,789
397,814
397,826
397,830
397,850
397,855
397,900
397,918
397,937
397,943
397,951
397,959
398,408
398,410
398,424
398,428
398,431
398,445
398,475
398,518
398,528
398,589
398,607
398,627
398,636
398,662
398,736
398,742
398,783
398,798
398,811
398,846
398,875
398,887
399,421
399,480
399,486
399,498
399,500
399,530
399,606
399,614
399,619
399,635
399,669
399,670
399,679
399,698
399,707
399,710
399,719
399,720
399,723
399,739
399,744
399,750
399,759
399,771
399,775
399,776
399,785
399,789
399,843
399,873
399,888
399,934
399,937
399,945
399,969
399,979
399,981
400,417
400,479
400,509
400,522
400,537
400,598
400,632
400,688
400,693
400,767
400,787
400,860
400,862
400,871
400,882
400,888
400,937
400,946
400,962
400,990
401,482
401,523
401,525
401,557
401,575
401,580
401,597
401,600
401,603
401,612
401,614
401,619
401,631
401,649
401,656
401,750
401,758
401,817
401,890
401,899
401,918
402,409
402,437
402,438
402,451
402,469
402,493
402,558
402,560
402,561
402,575
402,578
402,612
402,625
402,634
402,640
402,659
402,661
402,665
402,677
402,682
402,734
402,749
402,757
402,761
402,786
402,789
402,815
402,823
402,863
402,912
402,936
402,982
403,418
403,441
403,443
403,497
403,502
403,597
403,606
403,663
403,681
403,700
403,822
403,831
403,841
403,889
403,961
403,967
404,407
404,462
404,468
404,480
404,503
404,530
404,540
404,548
404,574
404,583
404,591
404,601
404,635
404,645
404,648
404,655
404,669
404,685
404,694
404,722
404,732
404,744
404,773
404,775
404,778
404,797
404,805
404,838
404,859
404,921
404,934
404,936
404,938
404,950
404,952
404,956
404,966
404,997
405,437
405,453
405,469
405,474
405,578
405,643
405,661
405,665
405,679
405,734
405,786
405,814
405,836
405,840
405,902
405,972
405,982
406,425
406,431
406,459
406,492
406,527
406,540
406,554
406,577
406,588
406,604
406,649
406,651
406,704
406,717
406,733
406,748
406,768
406,773
406,782
406,796
406,799
406,868
406,908
406,942
406,970
406,988
407,412
407,440
407,447
407,455
407,468
407,470
407,512
407,552
407,567
407,593
407,632
407,647
407,648
407,657
407,677
407,682
407,687
407,722
407,725
407,729
407,753
407,757
407,777
407,797
407,844
407,923
407,978
407,980
408,440
408,455
408,459
408,554
408,585
408,696
408,701
408,715
408,721
408,730
408,731
408,773
408,882
408,895
409,420
409,421
409,434
409,437
409,438
409,448
409,462
409,469
409,484
409,493
409,499
409,508
409,518
409,562
409,640
409,641
409,661
409,665
409,709
409,713
409,715
409,729
409,745
409,754
409,757
409,761
409,772
409,779
409,785
409,814
409,828
409,863
409,878
409,893
409,894
409,895
409,936
409,997
410,428
410,475
410,527
410,539
410,550
410,593
410,598
410,604
410,607
410,630
410,668
410,684
410,696
410,736
410,737
410,740
410,762
410,783
410,796
410,846
410,906
410,984
411,444
411,446
411,449
411,511
411,551
411,563
411,626
411,699
411,794
411,810
411,833
411,862
411,883
411,906
411,945
411,973
411,975
412,418
412,434
412,438
412,453
412,454
412,457
412,470
412,480
412,512
412,515
412,525
412,536
412,558
412,562
412,571
412,580
412,596
412,610
412,642
412,647
412,648
412,655
412,665
412,677
412,685
412,687
412,694
412,721
412,725
412,729
412,754
412,755
412,777
412,780
412,788
412,801
412,830
412,855
412,870
412,878
412,905
412,926
412,940
412,951
412,980
413,461
413,463
413,491
413,516
413,548
413,662
413,684
413,688
413,693
413,731
413,860
414,424
414,467
414,502
414,511
414,563
414,565
414,899
414,931
415,429
415,431
415,445
415,472
415,527
415,637
415,704
415,733
415,743
415,846
415,860
415,908
415,970
416,444
416,446
416,522
416,524
416,622
416,628
416,741
416,768
416,803
416,818
416,874
416,883
416,907
416,975
416,978
416,993
417,441
417,459
417,487
417,512
417,527
417,539
417,582
417,604
417,633
417,660
417,708
417,715
417,789
417,827
417,834
417,875
417,908
417,946
418,443
418,469
418,496
418,503
418,517
418,597
418,606
418,618
418,642
418,671
418,765
418,792
418,803
418,812
418,825
418,849
418,854
418,883
418,889
418,911
418,918
418,922
418,925
418,935
418,943
418,963
418,967
418,981
419,429
419,439
419,444
419,491
419,573
419,584
419,601
419,752
419,860
420,431
420,458
420,465
420,491
420,504
420,513
420,516
420,519
420,521
420,526
420,530
420,542
420,574
420,624
420,655
420,687
420,706
420,725
420,730
420,758
420,793
420,795
420,819
420,824
420,854
420,857
420,891
420,899
420,932
420,933
421,436
421,453
421,457
421,476
421,484
421,493
421,561
421,568
421,577
421,599
421,632
421,639
421,647
421,659
421,672
421,681
421,722
421,730
421,742
421,745
421,766
421,785
421,789
421,815
421,821
421,823
421,831
421,845
421,863
421,912
421,930
421,940
421,950
421,953
421,955
421,972
421,977
421,994
421,999
422,424
422,434
422,440
422,450
422,462
422,463
422,472
422,476
422,481
422,490
422,509
422,532
422,548
422,556
422,579
422,583
422,622
422,628
422,735
422,746
422,754
422,769
422,781
422,795
422,810
422,903
422,906
422,911
422,920
422,948
422,952
422,957
422,964
422,965
422,973
422,981
423,440
423,471
423,482
423,495
423,502
423,510
423,557
423,571
423,590
423,629
423,692
423,700
423,830
423,985
424,446
424,488
424,502
424,511
424,548
424,551
424,563
424,587
424,628
424,663
424,666
424,671
424,689
424,694
424,711
424,746
424,790
424,792
424,833
424,848
424,854
424,865
424,957
425,493
425,499
425,512
425,516
425,520
425,525
425,538
425,575
425,596
425,638
425,642
425,672
425,681
425,687
425,695
425,716
425,725
425,726
425,728
425,747
425,756
425,788
425,802
425,836
425,847
425,881
425,885
425,887
425,934
425,940
425,972
425,994
426,442
426,458
426,463
426,476
426,479
426,513
426,536
426,579
426,654
426,658
426,666
426,680
426,813
426,815
426,829
426,831
426,837
426,849
426,850
426,871
426,877
426,905
426,911
426,956
426,957
426,962
426,973
426,991
426,992
426,998
427,469
427,475
427,501
427,514
427,567
427,839
427,918
427,936
427,944
428,509
428,518
428,548
428,567
428,593
428,627
428,633
428,635
428,636
428,680
428,702
428,736
428,742
428,762
428,827
428,846
428,875
428,882
428,888
428,933
428,986
429,461
429,479
429,492
429,509
429,526
429,537
429,592
429,593
429,598
429,655
429,680
429,684
429,688
429,693
429,696
429,726
429,752
429,806
429,888
429,899
429,909
429,931
429,962
429,991
430,458
430,461
430,462
430,522
430,527
430,546
430,588
430,601
430,602
430,690
430,726
430,868
430,916
431,448
431,464
431,481
431,516
431,518
431,536
431,561
431,637
431,649
431,651
431,665
431,684
431,731
431,782
431,908
432,436
432,447
432,457
432,535
432,569
432,577
432,631
432,657
432,678
432,718
432,729
432,749
432,780
432,785
432,789
432,805
432,814
432,834
432,878
432,904
432,923
432,928
432,953
432,960
432,965
433,456
433,483
433,511
433,515
433,525
433,548
433,562
433,576
433,580
433,609
433,670
433,672
433,685
433,722
433,758
433,776
433,791
433,885
433,897
433,940
433,943
433,945
433,959
433,979
434,468
434,472
434,473
434,490
434,493
434,538
434,575
434,610
434,612
434,621
434,631
434,672
434,681
434,687
434,688
434,694
434,705
434,725
434,751
434,757
434,759
434,785
434,801
434,826
434,859
434,878
434,908
434,942
434,959
434,965
434,969
434,976
434,979
434,985
435,450
435,460
435,474
435,501
435,567
435,779
435,936
436,438
436,447
436,451
436,453
436,486
436,491
436,535
436,572
436,639
436,677
436,704
436,729
436,749
436,754
436,761
436,785
436,796
436,812
436,814
436,834
436,902
436,930
436,944
436,953
436,960
437,438
437,453
437,469
437,493
437,561
437,578
437,639
437,646
437,661
437,665
437,734
437,755
437,757
437,761
437,772
437,785
437,786
437,815
437,836
437,840
437,902
437,936
437,942
437,953
437,959
437,982
437,987
438,447
438,469
438,493
438,572
438,660
438,709
438,734
438,749
438,772
438,785
438,788
438,875
438,900
438,902
438,928
438,940
438,950
438,955
438,960
438,982
439,445
439,447
439,448
439,450
439,458
439,459
439,461
439,516
439,531
439,573
439,583
439,588
439,595
439,662
439,663
439,667
439,680
439,684
439,688
439,703
439,708
439,712
439,724
439,726
439,756
439,758
439,816
439,835
439,862
439,887
439,892
439,911
439,942
439,948
439,951
439,962
439,968
439,993
440,449
440,450
440,458
440,476
440,481
440,529
440,579
440,587
440,592
440,622
440,623
440,654
440,662
440,666
440,724
440,726
440,740
440,746
440,783
440,790
440,808
440,906
440,911
440,949
440,956
440,957
440,992
441,465
441,475
441,492
441,495
441,516
441,564
441,565
441,684
441,731
441,752
441,768
441,845
441,852
441,862
441,888
441,899
441,910
441,931
441,947
441,954
441,993
441,995
441,999
442,456
442,471
442,486
442,500
442,530
442,559
442,590
442,681
442,757
442,771
442,780
442,802
442,835
442,842
442,843
442,856
442,864
442,890
442,940
442,943
442,951
443,489
443,597
443,606
443,617
443,620
443,629
443,670
443,673
443,676
443,735
443,770
443,784
443,803
443,817
443,889
443,894
443,925
443,929
443,961
443,981
444,446
444,449
444,467
444,502
444,511
444,516
444,551
444,556
444,563
444,599
444,606
444,623
444,626
444,699
444,735
444,746
444,760
444,781
444,810
444,883
444,906
444,948
444,949
444,952
444,958
444,966
444,971
444,974
444,975
444,981
445,461
445,483
445,486
445,511
445,545
445,595
445,662
445,691
445,743
445,828
445,859
445,860
445,891
445,899
445,942
445,948
445,970
446,453
446,467
446,488
446,494
446,502
446,533
446,548
446,551
446,563
446,613
446,628
446,688
446,699
446,713
446,732
446,794
446,800
446,810
446,883
446,909
446,967
446,991
447,457
447,491
447,507
447,527
447,535
447,558
447,586
447,615
447,635
447,639
447,648
447,655
447,657
447,665
447,671
447,679
447,718
447,729
447,789
447,799
447,805
447,807
447,824
447,859
447,863
447,924
447,930
447,960
447,979
448,464
448,484
448,528
448,539
448,550
448,589
448,604
448,633
448,691
448,736
448,751
448,763
448,766
448,796
448,846
448,875
448,887
448,970
448,984
448,988
449,463
449,494
449,511
449,513
449,532
449,542
449,548
449,552
449,556
449,579
449,588
449,607
449,613
449,628
449,654
449,680
449,746
449,747
449,768
449,883
449,886
449,899
449,906
449,907
449,911
449,920
449,952
449,957
449,958
449,971
449,975
449,991
450,458
450,476
450,480
450,481
450,498
450,510
450,579
450,588
450,622
450,623
450,659
450,666
450,808
450,833
450,866
450,911
450,920
450,952
450,956
450,957
451,457
451,459
451,465
451,509
451,518
451,521
451,545
451,549
451,572
451,582
451,588
451,604
451,605
451,611
451,659
451,661
451,667
451,679
451,715
451,720
451,743
451,745
451,749
451,766
451,768
451,782
451,797
451,798
451,832
451,834
451,839
451,845
451,875
451,882
451,887
451,899
451,902
451,908
451,910
451,921
451,946
452,500
452,506
452,517
452,576
452,653
452,697
452,701
452,817
452,825
452,830
452,844
452,856
452,859
452,876
452,914
452,983
452,994
453,469
453,487
453,493
453,533
453,561
453,568
453,640
453,641
453,661
453,665
453,672
453,678
453,681
453,694
453,709
453,729
453,754
453,772
453,777
453,785
453,796
453,831
453,836
453,838
453,840
453,863
453,890
453,901
453,902
453,944
453,972
453,980
453,982
453,987
454,483
454,495
454,498
454,511
454,561
454,576
454,580
454,609
454,656
454,669
454,670
454,687
454,726
454,741
454,758
454,776
454,817
454,821
454,826
454,843
454,869
454,873
454,897
454,905
454,927
454,979
455,457
455,475
455,480
455,526
455,545
455,554
455,557
455,582
455,650
455,679
455,691
455,704
455,715
455,719
455,721
455,745
455,768
455,773
455,837
455,877
455,882
455,887
455,895
455,910
455,929
455,946
455,965
455,988
456,457
456,471
456,486
456,609
456,754
456,776
456,825
456,850
456,855
456,890
456,892
456,894
456,897
456,907
456,943
457,459
457,478
457,530
457,541
457,549
457,561
457,564
457,568
457,578
457,608
457,625
457,641
457,659
457,661
457,686
457,734
457,761
457,785
457,786
457,788
457,798
457,814
457,815
457,823
457,836
457,839
457,863
457,912
457,927
457,930
457,939
457,945
457,960
457,970
457,990
458,463
458,467
458,529
458,563
458,575
458,607
458,628
458,654
458,680
458,688
458,703
458,723
458,726
458,752
458,759
458,768
458,790
458,802
458,808
458,835
458,862
458,871
458,873
458,899
458,920
458,956
458,967
458,969
458,991
459,491
459,578
459,582
459,585
459,604
459,614
459,625
459,633
459,643
459,644
459,649
459,658
459,660
459,661
459,667
459,685
459,691
459,696
459,719
459,734
459,757
459,766
459,782
459,807
459,817
459,823
459,829
459,832
459,839
459,841
459,845
459,882
459,887
459,898
459,901
459,921
459,970
459,990
460,515
460,641
460,752
460,779
460,806
460,809
460,838
460,881
460,885
460,936
461,550
461,566
461,579
461,583
461,595
461,628
461,637
461,649
461,662
461,719
461,768
461,828
461,860
461,862
461,868
461,930
461,937
461,962
461,988
461,991
461,993
462,465
462,466
462,534
462,564
462,584
462,595
462,602
462,607
462,632
462,633
462,640
462,643
462,644
462,680
462,690
462,703
462,718
462,743
462,774
462,778
462,792
462,837
462,864
462,899
462,914
462,931
462,934
462,939
462,943
462,995
463,476
463,479
463,481
463,513
463,529
463,537
463,542
463,546
463,564
463,598
463,622
463,650
463,680
463,687
463,688
463,713
463,726
463,740
463,768
463,769
463,785
463,828
463,863
463,871
463,949
463,962
463,973
464,539
464,552
464,577
464,604
464,667
464,696
464,710
464,837
464,942
464,953
464,962
464,988
465,519
465,551
465,564
465,588
465,663
465,693
465,719
465,774
465,787
465,793
465,819
465,891
465,896
465,903
465,932
465,964
465,973
466,472
466,477
466,492
466,510
466,574
466,583
466,587
466,599
466,625
466,671
466,672
466,699
466,707
466,711
466,712
466,730
466,776
466,793
466,795
466,874
466,899
466,900
466,914
466,916
466,930
466,939
466,991
466,995
466,996
467,469
467,488
467,502
467,511
467,531
467,552
467,556
467,569
467,571
467,574
467,592
467,597
467,645
467,699
467,725
467,744
467,753
467,760
467,792
467,810
467,833
467,848
467,850
467,854
467,864
467,883
467,900
467,916
467,948
467,957
467,963
467,964
467,966
467,975
467,977
467,981
467,996
467,999
468,534
468,555
468,603
468,610
468,620
468,621
468,631
468,647
468,665
468,677
468,678
468,694
468,722
468,727
468,771
468,801
468,826
468,849
468,855
468,896
468,905
468,927
469,493
469,501
469,561
469,611
469,648
469,661
469,664
469,665
469,670
469,683
469,709
469,719
469,734
469,754
469,761
469,772
469,785
469,814
469,815
469,840
469,863
469,870
469,893
469,902
469,906
469,936
469,944
469,955
469,972
469,982
470,474
470,512
470,533
470,568
470,665
470,695
470,714
470,716
470,723
470,728
470,764
470,780
470,788
470,797
470,852
470,872
470,881
470,885
470,896
470,912
470,928
470,980
470,982
470,985
470,987
471,473
471,522
471,530
471,553
471,580
471,587
471,593
471,597
471,603
471,619
471,621
471,634
471,673
471,674
471,678
471,723
471,729
471,741
471,762
471,776
471,800
471,835
471,843
471,943
471,951
471,987
471,994
472,477
472,492
472,511
472,517
472,550
472,571
472,574
472,580
472,629
472,632
472,703
472,711
472,787
472,818
472,864
472,873
472,906
472,921
472,967
472,981
472,997
472,998
473,480
473,669
473,670
473,710
473,750
473,771
473,879
473,959
474,484
474,493
474,500
474,501
474,559
474,578
474,596
474,631
474,665
474,685
474,709
474,728
474,747
474,754
474,755
474,764
474,771
474,772
474,809
474,838
474,863
474,872
474,881
474,890
474,898
474,936
474,972
475,493
475,535
475,545
475,554
475,602
475,608
475,637
475,649
475,655
475,667
475,713
475,719
475,721
475,730
475,731
475,745
475,762
475,764
475,773
475,775
475,811
475,857
475,862
475,867
475,877
475,882
475,889
475,932
475,970
475,992
476,481
476,513
476,518
476,626
476,666
476,752
476,768
476,808
476,812
476,862
476,886
476,911
476,970
476,974
476,990
476,991
476,996
477,503
477,526
477,562
477,574
477,619
477,625
477,657
477,685
477,741
477,774
477,784
477,864
477,914
477,916
477,927
477,932
477,934
477,938
477,939
477,989
477,998
478,511
478,574
478,586
478,587
478,599
478,616
478,617
478,626
478,635
478,678
478,682
478,687
478,723
478,727
478,789
478,820
478,824
478,855
478,935
478,938
478,943
478,965
478,977
479,509
479,537
479,548
479,569
479,579
479,598
479,625
479,632
479,641
479,649
479,657
479,658
479,660
479,688
479,693
479,740
479,768
479,782
479,787
479,790
479,837
479,868
479,899
479,905
479,949
479,957
479,962
479,991
480,506
480,517
480,541
480,553
480,581
480,594
480,596
480,609
480,617
480,635
480,643
480,674
480,678
480,710
480,723
480,736
480,743
480,758
480,771
480,788
480,791
480,804
480,838
480,843
480,849
480,918
480,921
480,945
480,951
480,969
481,490
481,542
481,587
481,613
481,623
481,699
481,724
481,778
481,803
481,818
481,833
481,835
481,874
481,883
481,906
481,911
481,920
481,948
481,957
481,958
481,977
481,996
482,500
482,506
482,557
482,656
482,673
482,689
482,690
482,701
482,734
482,765
482,825
482,842
482,921
482,983
482,994
483,486
483,499
483,515
483,557
483,574
483,576
483,580
483,609
483,634
483,646
483,672
483,673
483,674
483,685
483,709
483,745
483,780
483,797
483,826
483,829
483,856
483,858
483,866
483,875
483,890
483,897
483,981
483,983
484,491
484,524
484,558
484,582
484,586
484,594
484,631
484,633
484,640
484,657
484,669
484,672
484,678
484,685
484,722
484,727
484,746
484,789
484,797
484,805
484,820
484,849
484,855
484,927
484,950
484,965
485,491
485,521
485,558
485,559
485,588
485,614
485,637
485,650
485,657
485,679
485,789
485,805
485,823
485,834
485,855
485,927
485,950
485,956
485,965
485,984
486,498
486,515
486,519
486,536
486,545
486,548
486,570
486,596
486,648
486,670
486,676
486,677
486,698
486,707
486,723
486,724
486,744
486,755
486,766
486,771
486,791
486,806
486,831
486,879
486,925
486,926
486,934
486,943
486,952
486,969
487,518
487,540
487,547
487,577
487,633
487,638
487,650
487,660
487,664
487,720
487,807
487,853
487,857
487,908
487,915
487,919
487,932
487,960
487,990
488,502
488,510
488,511
488,529
488,563
488,572
488,634
488,724
488,792
488,812
488,871
488,880
488,899
488,900
488,901
488,922
488,931
488,977
488,992
489,503
489,583
489,588
489,728
489,731
489,748
489,818
489,873
489,880
489,954
490,495
490,496
490,531
490,548
490,617
490,629
490,645
490,646
490,681
490,692
490,713
490,744
490,750
490,829
490,831
490,843
490,851
490,861
490,876
490,887
490,892
490,914
490,922
490,925
490,961
491,499
491,507
491,521
491,535
491,540
491,558
491,575
491,586
491,588
491,598
491,603
491,606
491,619
491,640
491,657
491,678
491,689
491,723
491,739
491,745
491,748
491,752
491,789
491,797
491,805
491,814
491,820
491,829
491,834
491,847
491,872
491,903
491,923
491,927
491,928
491,965
491,981
491,985
491,997
492,510
492,544
492,581
492,583
492,587
492,608
492,625
492,671
492,680
492,699
492,714
492,753
492,756
492,770
492,814
492,831
492,889
492,921
492,939
492,958
492,969
492,996
493,578
493,639
493,661
493,665
493,677
493,709
493,734
493,761
493,771
493,772
493,836
493,840
493,863
493,864
493,894
493,898
493,927
493,944
493,955
493,972
493,982
493,997
494,525
494,531
494,563
494,623
494,628
494,792
494,854
494,889
494,926
494,957
494,966
494,981
495,531
495,590
495,620
495,629
495,663
495,695
495,710
495,770
495,803
495,817
495,851
495,861
495,945
496,503
496,517
496,523
496,557
496,571
496,583
496,617
496,629
496,637
496,646
496,676
496,734
496,784
496,803
496,807
496,815
496,854
496,873
496,889
496,922
496,925
496,935
496,967
497,508
497,509
497,510
497,515
497,535
497,566
497,605
497,617
497,634
497,646
497,685
497,689
497,697
497,730
497,738
497,759
497,770
497,844
497,851
497,876
497,926
497,945
497,954
497,994
498,503
498,523
498,530
498,536
498,577
498,583
498,591
498,605
498,617
498,628
498,670
498,676
498,692
498,707
498,711
498,712
498,723
498,724
498,739
498,744
498,759
498,771
498,791
498,802
498,831
498,873
498,892
498,904
498,913
498,921
498,934
498,937
498,951
498,968
498,997
499,525
499,575
499,576
499,579
499,596
499,609
499,619
499,656
499,672
499,677
499,698
499,741
499,747
499,755
499,776
499,780
499,797
499,818
499,826
499,867
499,887
499,890
499,927
499,965
500,506
500,514
500,515
500,517
500,530
500,541
500,565
500,566
500,603
500,653
500,689
500,697
500,698
500,701
500,713
500,738
500,765
500,817
500,821
500,825
500,830
500,842
500,869
500,876
500,884
500,892
500,897
500,941
500,945
500,946
500,981
500,983
500,994
501,525
501,549
501,562
501,647
501,648
501,672
501,725
501,754
501,780
501,809
501,863
501,867
501,885
501,932
501,965
501,966
501,985
502,505
502,511
502,531
502,553
502,571
502,583
502,592
502,597
502,606
502,646
502,680
502,724
502,792
502,812
502,833
502,848
502,873
502,907
502,911
502,922
502,952
502,966
502,975
502,981
502,986
502,999
503,563
503,571
503,587
503,597
503,603
503,617
503,645
503,646
503,769
503,784
503,854
503,889
503,900
503,904
503,913
503,925
503,942
503,963
503,967
503,969
503,988
504,515
504,553
504,575
504,596
504,600
504,603
504,616
504,705
504,728
504,745
504,755
504,770
504,780
504,801
504,836
504,849
504,853
504,867
504,905
504,976
504,979
504,985
505,628
505,663
505,792
505,966
506,530
506,541
506,542
506,653
506,674
506,697
506,713
506,738
506,741
506,765
506,778
506,817
506,821
506,861
506,869
506,983
506,994
507,521
507,534
507,535
507,559
507,612
507,616
507,639
507,657
507,682
507,718
507,722
507,797
507,847
507,894
507,923
508,543
508,603
508,628
508,670
508,671
508,710
508,750
508,777
508,795
508,943
508,984
509,518
509,522
509,537
509,595
509,597
509,598
509,614
509,632
509,649
509,654
509,675
509,688
509,702
509,736
509,756
509,764
509,768
509,787
509,827
509,828
509,845
509,862
509,888
509,909
509,916
509,920
509,956
509,962
509,991
510,544
510,587
510,625
510,629
510,671
510,714
510,724
510,744
510,746
510,756
510,758
510,759
510,774
510,796
510,829
510,859
510,860
510,871
510,889
510,930
510,939
510,943
510,954
510,970
510,981
510,996
510,997
511,542
511,554
511,556
511,563
511,583
511,645
511,663
511,679
511,699
511,724
511,740
511,753
511,760
511,769
511,812
511,821
511,848
511,854
511,866
511,900
511,948
511,963
511,966
511,974
511,981
511,996
512,525
512,553
512,562
512,596
512,631
512,642
512,646
512,681
512,694
512,716
512,725
512,747
512,764
512,780
512,858
512,894
512,940
512,990
512,992
513,582
513,654
513,667
513,690
513,756
513,768
513,769
513,774
513,871
513,906
513,971
513,991
513,992
514,572
514,616
514,621
514,661
514,665
514,693
514,734
514,754
514,833
514,836
514,840
514,847
514,863
514,898
514,936
514,944
514,972
515,523
515,530
515,580
515,581
515,597
515,617
515,619
515,624
515,634
515,638
515,669
515,672
515,674
515,679
515,685
515,710
515,713
515,716
515,754
515,775
515,784
515,791
515,804
515,821
515,822
515,826
515,829
515,842
515,843
515,844
515,856
515,858
515,884
515,885
515,890
515,897
515,943
515,945
515,959
516,651
516,684
516,706
516,752
516,897
516,973
516,993
517,530
517,566
517,580
517,659
517,689
517,713
517,715
517,758
517,765
517,784
517,817
517,843
517,869
517,969
517,983
517,994
518,529
518,539
518,550
518,556
518,589
518,593
518,595
518,622
518,627
518,636
518,669
518,684
518,688
518,736
518,742
518,787
518,789
518,824
518,827
518,846
518,875
518,906
518,926
519,555
519,564
519,574
519,586
519,594
519,602
519,614
519,615
519,655
519,657
519,668
519,670
519,678
519,745
519,747
519,749
519,773
519,795
519,803
519,805
519,811
519,816
519,825
519,834
519,849
519,859
519,878
519,921
519,923
519,930
519,950
519,951
519,997
520,538
520,576
520,642
520,650
520,661
520,681
520,687
520,725
520,729
520,747
520,801
520,858
520,940
521,534
521,559
521,586
521,615
521,657
521,682
521,722
521,749
521,754
521,782
521,785
521,789
521,804
521,807
521,809
521,834
521,847
521,894
521,902
521,924
521,965
522,693
522,715
522,729
522,736
522,796
522,862
522,938
522,962
523,559
523,590
523,642
523,670
523,685
523,692
523,710
523,723
523,822
523,824
523,856
523,876
524,622
524,656
524,699
524,810
524,833
524,865
524,889
524,977
524,978
525,553
525,596
525,615
525,638
525,642
525,653
525,672
525,681
525,716
525,729
525,776
525,826
525,872
525,940
525,985
526,569
526,583
526,618
526,621
526,630
526,655
526,717
526,753
526,795
526,797
526,805
526,878
526,899
526,914
527,540
527,577
527,585
527,604
527,627
527,632
527,633
527,660
527,796
527,839
527,868
527,942
527,946
527,988
528,539
528,560
528,604
528,607
528,632
528,636
528,650
528,696
528,736
528,737
528,751
528,759
528,762
528,765
528,783
528,787
528,797
528,827
528,846
528,862
528,901
528,926
528,933
528,942
528,986
528,992
529,532
529,546
529,548
529,552
529,564
529,583
529,608
529,630
529,646
529,654
529,658
529,680
529,703
529,719
529,727
529,752
529,753
529,783
529,787
529,790
529,835
529,841
529,860
529,865
529,871
529,891
529,911
529,956
529,957
529,962
529,973
529,991
529,993
529,996
530,557
530,569
530,575
530,601
530,606
530,619
530,634
530,653
530,659
530,670
530,687
530,689
530,698
530,710
530,714
530,747
530,771
530,791
530,812
530,821
530,824
530,829
530,843
530,849
530,884
530,885
530,927
530,934
530,943
530,966
530,968
530,989
531,544
531,565
531,570
531,583
531,587
531,597
531,620
531,627
531,628
531,657
531,663
531,667
531,671
531,726
531,743
531,756
531,760
531,776
531,778
531,784
531,795
531,835
531,841
531,900
531,940
531,947
531,963
531,990
531,995
532,552
532,571
532,628
532,769
532,906
533,535
533,567
533,661
533,665
533,728
533,801
533,852
533,917
533,939
533,953
533,987
534,556
534,596
534,648
534,705
534,718
534,754
534,789
534,834
534,896
534,979
535,586
535,632
535,639
535,661
535,718
535,725
535,730
535,775
535,785
535,789
535,804
535,811
535,814
535,859
535,882
535,895
535,927
535,930
535,953
535,960
535,984
535,988
536,557
536,603
536,629
536,646
536,670
536,678
536,698
536,707
536,723
536,771
536,776
536,899
536,934
537,560
537,598
537,618
537,658
537,662
537,677
537,684
537,688
537,693
537,702
537,703
537,768
537,787
537,837
537,862
537,962
537,973
537,988
538,638
538,642
538,716
538,725
538,747
538,788
538,921
538,928
539,540
539,548
539,585
539,589
539,632
539,652
539,658
539,708
539,717
539,742
539,783
539,787
539,790
539,796
539,827
539,846
539,863
539,875
539,882
539,960
539,988
540,545
540,549
540,560
540,585
540,586
540,604
540,632
540,649
540,651
540,667
540,682
540,691
540,717
540,733
540,743
540,773
540,798
540,808
540,828
540,832
540,857
540,875
540,877
540,919
540,942
540,970
540,988
540,990
541,580
541,581
541,606
541,697
541,700
541,701
541,765
541,771
541,821
541,825
541,869
541,959
541,994
541,997
542,551
542,623
542,625
542,628
542,669
542,676
542,699
542,746
542,810
542,812
542,818
542,833
542,865
542,874
542,926
542,957
542,963
542,977
543,634
543,669
543,694
543,731
543,748
543,758
543,771
543,805
543,838
543,917
543,943
543,950
543,951
543,965
543,997
544,583
544,645
544,680
544,684
544,841
544,866
544,939
544,973
545,554
545,585
545,588
545,599
545,616
545,649
545,669
545,679
545,719
545,724
545,730
545,743
545,745
545,766
545,773
545,821
545,839
545,877
545,891
545,895
545,910
545,942
545,970
546,583
546,666
546,671
546,680
546,693
546,703
546,724
546,752
546,906
547,633
547,733
547,763
547,766
547,857
547,887
547,919
547,930
547,990
547,991
548,551
548,552
548,556
548,654
548,665
548,666
548,671
548,678
548,703
548,735
548,740
548,753
548,790
548,792
548,808
548,824
548,825
548,835
548,837
548,863
548,866
548,888
548,931
548,939
548,947
548,957
548,964
548,970
548,973
548,981
548,991
548,996
549,572
549,633
549,664
549,686
549,798
549,816
549,823
549,893
549,953
549,972
549,985
550,595
550,598
550,630
550,662
550,670
550,702
550,739
550,783
550,827
550,832
550,860
550,862
550,868
550,909
550,910
550,931
550,973
550,984
550,990
551,626
551,628
551,639
551,666
551,818
551,865
551,886
551,911
551,920
551,948
551,957
551,975
551,977
551,989
552,583
552,595
552,699
552,703
552,735
552,746
552,753
552,790
552,810
552,835
552,851
552,903
552,911
552,952
552,954
552,963
552,964
552,991
553,562
553,575
553,580
553,596
553,616
553,637
553,638
553,642
553,647
553,681
553,687
553,695
553,716
553,719
553,726
553,728
553,747
553,755
553,758
553,780
553,804
553,805
553,807
553,811
553,826
553,867
553,896
553,909
553,959
553,985
554,611
554,633
554,649
554,659
554,679
554,759
554,773
554,783
554,792
554,816
554,836
554,877
554,910
554,970
555,594
555,596
555,603
555,657
555,669
555,694
555,706
555,710
555,759
555,772
555,775
555,805
555,834
555,849
555,855
555,880
555,889
555,890
555,896
555,927
555,938
555,969
556,592
556,597
556,618
556,623
556,628
556,646
556,707
556,724
556,746
556,753
556,781
556,810
556,866
556,873
556,906
556,907
556,920
556,948
556,952
556,958
556,959
556,965
556,971
557,575
557,603
557,616
557,621
557,638
557,642
557,656
557,664
557,681
557,682
557,685
557,687
557,695
557,730
557,739
557,764
557,780
557,831
557,914
557,918
557,923
557,945
557,951
557,979
557,985
558,588
558,631
558,649
558,657
558,678
558,681
558,682
558,687
558,745
558,769
558,773
558,795
558,797
558,805
558,820
558,834
558,840
558,927
558,950
558,953
558,957
558,965
558,972
558,980
558,997
559,591
559,624
559,633
559,674
559,700
559,701
559,791
559,844
559,941
559,943
559,962
560,577
560,593
560,654
560,675
560,720
560,811
560,858
560,875
560,901
560,904
560,919
560,942
560,953
560,990
561,578
561,640
561,657
561,659
561,661
561,679
561,688
561,691
561,694
561,709
561,734
561,755
561,761
561,764
561,772
561,787
561,795
561,805
561,863
561,893
561,894
561,902
561,944
561,953
561,955
561,987
562,610
562,612
562,621
562,640
562,641
562,647
562,657
562,672
562,677
562,681
562,685
562,687
562,695
562,745
562,747
562,754
562,764
562,777
562,788
562,801
562,805
562,809
562,872
562,878
562,928
562,965
562,967
562,979
562,980
563,579
563,583
563,587
563,611
563,628
563,773
563,792
563,808
563,810
563,833
563,865
563,883
563,900
563,952
563,975
563,981
563,994
564,598
564,631
564,662
564,667
564,797
564,882
564,899
564,998
565,592
565,597
565,626
565,668
565,810
565,907
565,964
566,617
566,629
566,646
566,661
566,684
566,711
566,738
566,765
566,803
566,926
566,945
566,968
566,979
567,602
567,616
567,634
567,640
567,648
567,657
567,754
567,779
567,786
567,788
567,852
567,863
567,872
567,894
567,898
567,936
567,972
568,610
568,659
568,717
568,779
568,823
568,834
568,893
568,933
568,960
569,594
569,608
569,625
569,680
569,753
569,759
569,811
569,834
569,864
569,899
569,914
569,916
569,921
569,939
569,954
570,574
570,603
570,605
570,617
570,620
570,645
570,681
570,744
570,831
570,834
570,851
570,861
570,873
570,879
570,930
571,597
571,606
571,671
571,676
571,688
571,697
571,711
571,739
571,771
571,784
571,791
571,803
571,812
571,831
571,883
571,925
571,945
571,949
571,950
571,951
571,957
572,584
572,599
572,611
572,659
572,664
572,667
572,686
572,702
572,729
572,798
572,804
572,816
572,833
572,908
572,910
572,919
572,942
573,593
573,671
573,708
573,726
573,743
573,942
573,991
574,583
574,587
574,588
574,635
574,643
574,655
574,662
574,694
574,695
574,698
574,714
574,748
574,759
574,797
574,827
574,864
574,914
574,921
574,934
574,953
574,954
574,980
574,997
574,998
575,580
575,596
575,600
575,614
575,616
575,621
575,642
575,681
575,687
575,709
575,716
575,728
575,747
575,753
575,755
575,858
575,867
575,890
575,905
575,936
575,943
575,945
575,976
575,979
576,580
576,609
576,631
576,714
576,716
576,755
576,770
576,776
576,809
576,826
576,976
577,633
577,658
577,660
577,691
577,777
577,815
577,839
577,850
577,857
577,860
577,875
577,884
577,887
577,919
577,990
578,614
578,679
578,709
578,734
578,761
578,770
578,772
578,786
578,815
578,840
578,852
578,895
578,955
578,990
579,583
579,622
579,735
579,746
579,753
579,768
579,769
579,790
579,816
579,865
579,906
579,911
579,947
579,948
580,596
580,605
580,609
580,616
580,619
580,621
580,639
580,656
580,674
580,687
580,713
580,741
580,748
580,755
580,758
580,775
580,776
580,777
580,826
580,829
580,838
580,843
580,853
580,863
580,884
580,890
580,897
580,905
580,922
580,927
580,930
580,945
580,951
580,959
580,979
581,596
581,646
581,672
581,681
581,689
581,692
581,701
581,765
581,787
581,800
581,803
581,821
581,825
581,869
581,941
581,969
582,680
582,717
582,719
582,730
582,773
582,816
582,862
582,882
582,895
582,908
582,930
582,965
583,587
583,596
583,597
583,608
583,611
583,614
583,623
583,625
583,654
583,671
583,676
583,703
583,715
583,739
583,753
583,756
583,760
583,775
583,778
583,792
583,812
583,816
583,843
583,900
583,907
583,916
583,923
583,939
583,948
583,952
583,971
583,974
583,996
583,999
584,680
584,845
584,899
584,931
584,945
585,604
585,631
585,651
585,667
585,668
585,715
585,782
585,797
585,803
585,837
585,882
585,919
585,942
585,990
586,615
586,664
586,718
586,789
586,805
586,807
586,847
586,894
586,923
586,927
586,950
586,953
587,602
587,625
587,671
587,690
587,741
587,743
587,768
587,787
587,793
587,848
587,864
587,931
587,939
587,954
587,964
587,995
588,595
588,601
588,602
588,623
588,637
588,649
588,655
588,678
588,718
588,719
588,722
588,731
588,739
588,745
588,748
588,755
588,773
588,795
588,807
588,808
588,811
588,846
588,859
588,862
588,868
588,877
588,923
588,927
588,932
588,950
588,970
588,989
589,607
589,615
589,628
589,632
589,636
589,703
589,737
589,751
589,783
589,845
589,846
589,895
589,899
589,901
589,921
589,927
589,930
590,629
590,634
590,673
590,692
590,755
590,802
590,829
590,842
590,851
590,861
590,880
590,890
590,937
590,945
590,947
590,968
591,592
591,597
591,634
591,671
591,711
591,723
591,725
591,748
591,767
591,774
591,775
591,850
591,871
591,916
591,932
591,963
591,995
592,617
592,623
592,677
592,698
592,778
592,812
592,848
592,866
592,871
592,889
592,900
592,932
592,948
592,952
592,961
592,963
592,974
592,977
592,981
592,998
593,607
593,611
593,627
593,630
593,632
593,636
593,650
593,658
593,736
593,751
593,827
593,837
593,862
593,888
593,924
593,986
594,615
594,631
594,635
594,648
594,659
594,669
594,676
594,678
594,679
594,685
594,705
594,747
594,750
594,797
594,833
594,838
594,847
594,899
594,923
594,927
594,950
594,997
595,602
595,606
595,630
595,637
595,649
595,658
595,684
595,708
595,731
595,743
595,769
595,828
595,860
596,609
596,638
596,642
596,659
596,672
596,681
596,716
596,747
596,755
596,780
596,801
596,838
596,858
596,936
596,951
596,969
596,980
596,985
597,617
597,620
597,663
597,680
597,702
597,735
597,748
597,769
597,792
597,880
597,886
597,904
597,922
597,930
597,952
597,963
597,966
597,973
597,980
597,981
597,996
598,662
598,686
598,688
598,693
598,702
598,768
598,787
598,796
598,862
598,871
598,888
598,962
598,996
599,614
599,615
599,640
599,651
599,668
599,679
599,719
599,745
599,811
599,859
599,924
599,930
600,616
600,670
600,728
600,729
600,741
600,755
600,777
600,811
600,858
600,867
600,879
600,905
600,943
601,635
601,673
601,685
601,714
601,729
601,732
601,748
601,759
601,767
601,797
601,805
601,841
601,842
601,856
601,861
601,878
601,954
601,989
601,997
602,663
602,684
602,694
602,710
602,719
602,733
602,741
602,751
602,797
602,824
602,871
602,877
602,891
602,910
602,932
602,970
603,610
603,619
603,635
603,669
603,677
603,723
603,739
603,747
603,758
603,776
603,783
603,849
603,855
603,879
603,908
603,913
603,918
603,937
603,951
603,980
604,650
604,652
604,658
604,666
604,667
604,691
604,743
604,762
604,783
604,792
604,796
604,827
604,839
604,846
604,857
604,862
604,875
604,932
604,942
604,946
604,990
605,618
605,645
605,669
605,672
605,700
605,744
605,755
605,784
605,791
605,802
605,831
605,873
605,892
605,904
605,934
605,944
605,957
605,994
606,654
606,655
606,656
606,689
606,690
606,692
606,697
606,753
606,765
606,775
606,778
606,784
606,788
606,792
606,795
606,797
606,803
606,854
606,861
606,876
606,922
606,945
606,948
606,963
606,966
606,967
606,989
607,627
607,629
607,636
607,650
607,691
607,696
607,710
607,717
607,737
607,739
607,751
607,754
607,783
607,787
607,827
607,862
607,901
607,933
607,986
608,614
608,625
608,659
608,688
608,714
608,764
608,778
608,793
608,864
608,914
608,930
608,998
609,656
609,757
609,803
609,805
609,826
609,876
609,878
609,945
610,619
610,640
610,678
610,687
610,725
610,729
610,777
610,781
610,788
610,808
610,809
610,814
610,878
610,987
610,989
611,644
611,659
611,664
611,685
611,686
611,730
611,766
611,798
611,807
611,811
611,816
611,857
611,895
611,970
612,758
612,896
613,623
613,628
613,669
613,684
613,810
613,833
613,841
613,865
613,874
613,949
613,977
613,980
614,615
614,623
614,631
614,633
614,649
614,650
614,661
614,686
614,730
614,745
614,783
614,805
614,807
614,811
614,859
614,877
614,910
614,924
614,930
614,932
614,950
614,953
614,989
615,668
615,679
615,686
615,721
615,743
615,777
615,807
615,811
615,825
615,839
615,859
615,877
615,882
615,924
615,930
615,952
616,634
616,638
616,642
616,681
616,691
616,716
616,722
616,725
616,736
616,741
616,747
616,755
616,771
616,780
616,801
616,804
616,826
616,853
616,858
616,867
616,898
616,905
616,918
616,927
616,945
616,972
616,976
616,979
616,985
617,628
617,645
617,646
617,649
617,676
617,698
617,700
617,744
617,753
617,770
617,792
617,803
617,830
617,831
617,861
617,865
617,869
617,873
617,876
617,889
617,909
617,911
617,913
617,918
617,921
617,925
617,935
617,945
617,959
617,963
617,981
618,622
618,655
618,676
618,756
618,770
618,824
618,858
618,873
618,879
618,900
618,904
618,912
618,914
618,989
618,993
619,630
619,656
619,674
619,744
619,755
619,758
619,771
619,780
619,831
619,851
619,905
619,918
619,972
620,663
620,880
620,914
620,952
620,961
620,981
621,639
621,647
621,665
621,678
621,687
621,695
621,705
621,716
621,725
621,729
621,780
621,784
621,804
621,914
621,940
621,965
622,628
622,667
622,677
622,693
622,699
622,811
622,813
622,821
622,883
622,886
622,957
622,958
622,977
622,978
622,995
623,626
623,663
623,699
623,724
623,746
623,769
623,810
623,818
623,833
623,874
623,883
623,907
623,920
623,948
623,950
623,969
623,975
624,653
624,670
624,673
624,689
624,701
624,790
624,800
624,822
624,825
624,842
624,844
624,884
625,655
625,714
625,724
625,745
625,759
625,778
625,793
625,805
625,856
625,864
625,910
625,914
625,921
625,951
625,954
625,995
625,998
626,667
626,699
626,725
626,726
626,746
626,753
626,769
626,781
626,792
626,810
626,818
626,833
626,848
626,883
626,907
626,920
626,948
626,975
626,977
627,632
627,636
627,650
627,662
627,664
627,742
627,762
627,783
627,827
627,839
627,887
627,901
627,934
627,986
627,988
628,676
628,699
628,746
628,781
628,803
628,833
628,865
628,958
628,977
629,634
629,713
629,765
629,776
629,786
629,791
629,831
629,843
629,851
629,861
629,899
629,913
629,945
630,636
630,646
630,649
630,650
630,655
630,667
630,684
630,691
630,692
630,782
630,787
630,799
630,819
630,828
630,860
630,862
630,867
630,871
630,909
630,934
630,986
630,988
630,992
631,635
631,671
631,672
631,676
631,678
631,680
631,685
631,727
631,758
631,766
631,789
631,801
631,805
631,807
631,820
631,823
631,834
631,924
631,927
631,930
631,950
631,953
631,965
631,976
631,981
632,650
632,662
632,717
632,740
632,761
632,768
632,778
632,787
632,813
632,837
632,856
632,871
632,875
632,887
632,888
632,907
632,909
632,962
632,988
632,991
633,648
633,652
633,658
633,667
633,678
633,691
633,709
633,715
633,739
633,766
633,827
633,839
633,845
633,857
633,875
633,882
633,887
633,899
633,908
633,910
633,919
633,929
633,942
633,946
633,962
633,970
633,988
633,990
634,653
634,670
634,672
634,692
634,750
634,784
634,791
634,817
634,818
634,831
634,851
634,905
634,925
634,928
634,934
634,969
635,637
635,644
635,669
635,681
635,685
635,695
635,714
635,718
635,727
635,739
635,748
635,759
635,797
635,861
635,885
635,925
635,938
635,943
635,950
635,958
635,998
636,649
636,658
636,664
636,666
636,712
636,717
636,736
636,742
636,751
636,783
636,824
636,827
636,839
636,875
636,888
636,901
636,962
636,984
636,988
637,649
637,662
637,721
637,726
637,731
637,745
637,805
637,860
637,877
637,891
637,930
637,932
637,936
637,944
638,640
638,642
638,672
638,681
638,716
638,741
638,747
638,755
638,759
638,780
638,788
638,826
638,867
638,928
638,979
639,647
639,661
639,766
639,785
639,789
639,811
639,814
639,823
639,850
639,902
639,953
639,989
640,641
640,679
640,680
640,687
640,709
640,718
640,779
640,797
640,806
640,840
640,870
640,936
640,955
640,959
640,972
640,979
640,982
641,670
641,695
641,734
641,754
641,772
641,785
641,814
641,815
641,818
641,840
641,870
641,898
641,936
641,944
641,982
641,997
642,647
642,681
642,716
642,725
642,727
642,747
642,755
642,780
642,801
642,805
642,838
642,872
642,878
642,894
642,896
642,916
642,940
642,954
642,980
642,985
643,662
643,678
643,714
643,759
643,850
643,879
643,914
643,954
643,989
643,998
644,649
644,667
644,684
644,798
644,811
644,823
644,847
645,676
645,689
645,690
645,707
645,731
645,781
645,841
645,879
645,892
645,904
645,935
645,981
646,656
646,669
646,676
646,775
646,817
646,825
646,831
646,843
646,858
646,882
646,918
646,925
646,926
646,945
646,951
646,966
647,695
647,725
647,741
647,747
647,764
647,788
647,863
647,878
647,917
647,928
647,943
647,980
647,985
648,687
648,729
648,779
648,784
648,831
648,855
648,878
648,910
648,918
648,979
648,985
648,996
649,651
649,667
649,731
649,743
649,773
649,782
649,805
649,845
649,875
649,877
649,921
649,942
649,970
649,988
650,696
650,740
650,783
650,789
650,814
650,821
650,827
650,846
650,901
650,932
650,962
650,986
651,691
651,704
651,717
651,733
651,782
651,803
651,811
651,823
651,832
651,857
651,867
651,910
651,919
651,929
651,933
651,939
651,942
651,946
651,970
652,660
652,691
652,696
652,702
652,720
652,832
652,839
652,875
652,887
652,946
652,990
652,991
653,670
653,689
653,701
653,825
653,887
654,680
654,735
654,790
654,797
654,835
654,839
654,868
654,871
654,899
654,900
654,903
654,931
654,955
654,962
654,973
654,991
654,992
655,668
655,672
655,726
655,727
655,759
655,761
655,763
655,771
655,795
655,797
655,819
655,824
655,993
655,998
656,669
656,670
656,748
656,779
656,780
656,804
656,825
656,826
656,827
656,860
656,867
656,918
656,927
656,937
656,947
656,951
656,954
656,959
656,997
656,999
657,678
657,718
657,719
657,722
657,785
657,789
657,805
657,807
657,814
657,820
657,823
657,834
657,927
657,950
657,953
657,955
657,960
657,965
657,972
657,987
658,696
658,796
658,839
658,901
658,946
659,667
659,679
659,686
659,754
659,771
659,773
659,778
659,789
659,798
659,805
659,814
659,815
659,824
659,836
659,859
659,930
659,931
659,936
659,953
659,955
659,960
659,963
660,763
660,845
660,857
660,887
660,908
660,919
660,988
660,990
661,665
661,681
661,695
661,709
661,730
661,734
661,772
661,786
661,814
661,815
661,836
661,838
661,840
661,852
661,857
661,858
661,886
661,893
661,902
661,912
661,921
661,972
661,982
662,679
662,684
662,688
662,691
662,693
662,699
662,724
662,726
662,730
662,731
662,743
662,780
662,783
662,799
662,827
662,828
662,860
662,862
662,891
662,906
662,983
663,671
663,691
663,756
663,778
663,803
663,848
663,854
663,874
663,876
663,880
663,889
663,900
663,931
663,954
663,963
663,974
664,703
664,735
664,766
664,798
664,816
664,832
664,888
664,936
664,953
665,670
665,709
665,734
665,745
665,754
665,772
665,786
665,798
665,805
665,834
665,836
665,840
665,852
665,863
665,889
665,893
665,894
665,898
665,902
665,930
665,936
665,940
665,965
665,972
665,982
665,987
666,735
666,740
666,768
666,769
666,790
666,792
666,808
666,813
666,871
666,888
666,899
666,910
666,946
666,949
666,953
666,956
666,962
666,963
666,973
666,974
666,991
666,992
667,717
667,759
667,811
667,832
667,845
667,857
667,875
667,882
667,887
667,888
667,901
667,915
667,960
667,962
667,970
667,990
668,797
668,877
668,923
668,930
669,685
669,687
669,694
669,698
669,723
669,739
669,748
669,758
669,771
669,802
669,849
669,917
669,927
669,937
669,938
669,950
669,951
669,997
670,694
670,707
670,710
670,723
670,741
670,771
670,791
670,795
670,817
670,825
670,831
670,843
670,873
670,884
670,896
670,897
670,904
670,925
670,934
670,937
670,945
670,952
670,959
670,966
670,969
670,979
671,680
671,703
671,711
671,722
671,723
671,730
671,756
671,797
671,802
671,849
671,864
671,866
671,901
671,925
671,930
671,937
671,939
671,950
671,954
671,965
671,967
671,986
671,991
671,992
671,995
671,996
672,681
672,747
672,753
672,789
672,809
672,826
672,840
672,867
672,920
672,982
672,985
673,829
673,851
673,856
673,890
673,943
673,959
674,694
674,731
674,747
674,771
674,843
674,890
674,943
674,959
674,985
675,711
675,720
675,736
675,827
675,888
675,933
676,680
676,681
676,713
676,784
676,792
676,825
676,831
676,876
676,889
676,892
676,922
676,925
676,935
676,937
676,957
676,963
676,974
677,687
677,689
677,710
677,716
677,722
677,747
677,753
677,764
677,772
677,777
677,797
677,801
677,809
677,834
677,838
677,852
677,863
677,889
677,894
677,926
677,944
677,965
677,976
678,685
678,687
678,694
678,709
678,723
678,772
678,774
678,789
678,797
678,805
678,819
678,834
678,847
678,859
678,878
678,884
678,889
678,910
678,923
678,927
678,950
678,965
678,972
678,993
679,691
679,695
679,719
679,730
679,745
679,772
679,773
679,789
679,811
679,816
679,845
679,857
679,877
679,910
679,927
679,970
679,973
679,979
680,703
680,731
680,740
680,768
680,781
680,790
680,806
680,818
680,835
680,862
680,871
680,875
680,889
680,931
680,945
680,967
681,705
681,716
681,725
681,747
681,755
681,826
681,850
681,851
681,855
681,979
681,985
682,688
682,721
682,727
682,754
682,789
682,819
682,820
682,826
682,918
682,924
682,941
682,950
682,951
682,965
682,985
682,991
683,697
683,700
683,710
683,825
683,831
683,869
683,873
683,884
683,886
683,934
683,945
683,983
683,994
684,688
684,755
684,768
684,787
684,834
684,888
684,962
684,988
685,694
685,732
685,739
685,755
685,797
685,805
685,874
685,927
685,950
685,965
686,709
686,715
686,759
686,761
686,789
686,823
686,930
686,953
686,954
687,738
687,755
687,757
687,769
687,771
687,784
687,798
687,801
687,802
687,805
687,820
687,826
687,834
687,838
687,853
687,863
687,896
687,930
687,965
687,976
688,693
688,708
688,740
688,768
688,828
688,911
688,913
688,939
688,962
688,971
688,980
688,991
688,997
689,701
689,713
689,714
689,765
689,775
689,825
689,830
689,891
689,959
689,994
690,841
690,850
690,873
690,880
690,904
690,913
690,926
690,971
691,759
691,766
691,783
691,799
691,832
691,845
691,857
691,875
691,877
691,887
691,957
691,988
691,990
692,698
692,744
692,770
692,835
692,851
692,861
692,879
692,945
693,702
693,768
693,787
693,841
693,862
693,949
693,962
694,701
694,703
694,711
694,714
694,732
694,739
694,748
694,756
694,758
694,771
694,775
694,777
694,798
694,850
694,855
694,882
694,921
694,934
694,941
694,950
694,959
694,997
695,707
695,754
695,761
695,764
695,780
695,786
695,788
695,806
695,809
695,836
695,838
695,872
695,885
695,927
695,941
695,950
695,969
695,980
696,736
696,737
696,751
696,754
696,766
696,827
696,846
696,872
696,901
696,909
696,915
696,936
696,942
697,713
697,765
697,825
697,851
697,869
697,926
697,948
697,983
698,723
698,759
698,771
698,774
698,791
698,800
698,846
698,876
698,892
698,934
698,937
698,950
698,951
698,959
698,969
698,972
698,979
699,746
699,753
699,769
699,810
699,812
699,818
699,833
699,865
699,874
699,886
699,906
699,907
699,920
699,939
699,956
699,957
699,962
699,963
699,966
699,967
699,971
699,975
699,977
699,978
700,719
700,730
700,738
700,744
700,817
700,896
700,922
700,926
700,935
700,945
701,713
701,741
701,759
701,792
701,817
701,825
701,826
701,830
701,842
701,856
701,932
701,945
701,951
701,963
701,983
701,994
702,706
702,719
702,736
702,743
702,766
702,768
702,787
702,813
702,837
702,846
702,888
702,909
702,948
703,714
703,726
703,752
703,753
703,824
703,899
703,906
703,931
703,939
703,942
703,962
703,973
704,733
704,763
704,798
704,799
704,837
704,839
704,902
704,908
704,925
704,932
705,725
705,727
705,741
705,750
705,758
705,801
705,838
705,852
705,855
706,708
706,731
706,752
706,805
706,828
706,855
706,868
706,891
706,961
706,992
707,710
707,723
707,738
707,744
707,771
707,775
707,837
707,843
707,873
707,934
708,726
708,743
708,768
708,828
708,841
708,860
708,865
708,930
708,931
708,942
708,991
709,734
709,757
709,772
709,806
709,814
709,836
709,838
709,863
709,891
709,893
709,894
709,902
709,913
709,930
709,944
709,950
709,955
709,982
709,985
710,723
710,750
710,771
710,893
710,932
710,951
710,969
710,972
711,714
711,767
711,775
711,802
711,825
711,826
711,873
711,879
711,884
711,885
711,914
711,916
711,937
711,954
711,963
711,989
712,718
712,746
712,899
712,974
713,765
713,791
713,800
713,817
713,821
713,826
713,829
713,830
713,857
713,869
713,904
713,918
713,945
713,953
713,959
713,961
713,974
713,981
713,986
713,994
714,722
714,732
714,748
714,759
714,789
714,810
714,854
714,877
714,889
714,914
714,935
714,938
714,963
714,989
714,995
715,744
715,763
715,784
715,798
715,828
715,832
715,838
715,839
715,845
715,856
715,875
715,887
715,908
715,927
716,725
716,741
716,747
716,754
716,805
716,809
716,858
716,940
716,980
716,985
717,731
717,733
717,837
717,909
717,942
717,970
718,722
718,767
718,789
718,807
718,834
718,862
718,871
718,891
718,923
718,933
718,938
718,988
719,730
719,745
719,773
719,789
719,807
719,811
719,817
719,877
719,887
719,890
719,930
719,932
719,953
719,970
719,982
720,737
720,739
720,780
720,783
720,839
720,860
720,887
721,773
721,877
721,896
721,910
721,976
722,729
722,785
722,805
722,838
722,889
722,893
722,950
723,750
723,754
723,771
723,791
723,802
723,805
723,851
723,856
723,873
723,892
723,899
723,926
723,934
723,937
723,945
723,967
723,969
723,989
724,746
724,753
724,810
724,874
724,883
724,904
724,907
724,922
724,939
724,948
724,952
724,956
724,966
724,975
725,729
725,747
725,755
725,780
725,788
725,802
725,804
725,838
725,845
725,858
725,872
725,896
725,928
725,965
725,972
725,979
725,985
726,752
726,773
726,862
726,877
726,888
726,909
726,962
726,973
726,987
726,993
727,878
727,882
727,908
727,965
728,776
728,853
728,858
728,905
728,916
728,918
728,949
728,979
728,980
729,740
729,757
729,764
729,771
729,801
729,805
729,815
729,855
729,860
729,878
729,923
729,953
729,987
730,731
730,740
730,743
730,745
730,785
730,811
730,814
730,895
730,924
730,927
730,930
730,982
731,769
731,819
731,828
731,857
731,877
731,908
731,929
731,930
731,932
731,937
731,970
731,998
732,739
732,801
732,829
732,861
732,894
732,938
732,945
732,950
732,989
733,782
733,875
733,889
733,929
733,942
733,986
734,772
734,786
734,836
734,840
735,778
735,790
735,835
735,839
735,850
735,886
735,888
735,903
735,904
735,927
735,931
735,952
735,964
736,742
736,751
736,766
736,783
736,808
736,827
736,837
736,846
736,888
736,921
737,751
737,761
737,783
737,787
737,846
737,901
738,741
738,765
738,770
738,825
738,869
738,904
738,926
738,939
738,945
738,968
738,983
739,759
739,801
739,809
739,842
739,934
739,938
739,939
739,950
739,954
739,962
740,752
740,768
740,773
740,790
740,793
740,808
740,858
740,885
740,939
740,949
740,956
740,962
740,991
741,755
741,776
741,778
741,804
741,805
741,823
741,853
741,861
741,878
741,890
741,944
741,979
742,957
743,859
743,860
743,873
743,877
743,891
743,901
743,913
743,970
743,991
744,784
744,791
744,792
744,831
744,873
744,892
744,904
744,922
744,925
744,959
744,961
745,773
745,795
745,797
745,811
745,839
745,859
745,916
745,924
745,927
745,930
745,932
745,942
745,970
745,979
746,757
746,769
746,818
746,883
746,906
746,907
746,920
746,922
746,939
746,948
746,952
746,971
746,975
746,977
747,755
747,772
747,776
747,802
747,805
747,806
747,809
747,817
747,867
747,872
747,925
747,928
747,936
747,940
747,950
747,976
747,979
747,980
747,985
748,759
748,793
748,850
748,937
748,950
748,976
748,979
748,989
749,805
749,863
749,902
749,930
749,953
749,960
750,856
750,904
750,969
751,827
751,835
751,901
751,933
752,861
752,993
752,999
753,764
753,769
753,812
753,864
753,875
753,883
753,906
753,907
753,909
753,911
753,951
753,958
753,968
753,973
753,981
754,764
754,772
754,786
754,788
754,809
754,815
754,838
754,840
754,852
754,863
754,878
754,902
754,928
754,936
754,937
754,969
754,972
754,980
754,987
755,780
755,804
755,809
755,826
755,843
755,858
755,865
755,867
755,890
755,899
755,918
755,940
755,945
755,979
756,824
756,861
756,956
756,981
756,996
757,773
757,777
757,789
757,801
757,809
757,814
757,855
757,913
757,930
757,936
757,939
758,764
758,771
758,849
758,864
758,904
758,918
758,951
758,980
759,779
759,797
759,802
759,843
759,860
759,864
759,878
759,879
759,904
759,906
759,921
759,927
759,954
759,960
759,989
759,997
759,998
760,839
760,841
760,865
760,883
760,952
760,971
760,975
761,766
761,786
761,814
761,815
761,823
761,837
761,840
761,852
761,863
761,893
761,907
761,912
761,930
761,953
761,955
762,766
762,783
762,796
762,827
762,915
763,839
763,845
763,857
763,919
764,778
764,788
764,809
764,811
764,867
764,872
764,885
764,924
764,979
764,987
765,825
765,854
765,869
765,873
765,889
766,772
766,798
766,809
766,816
766,827
766,828
766,832
766,843
766,845
766,857
766,887
766,891
766,899
766,926
766,990
767,775
767,811
767,873
767,879
767,904
767,905
767,922
767,932
767,937
767,954
768,771
768,773
768,780
768,782
768,787
768,808
768,816
768,828
768,837
768,845
768,867
768,871
768,887
768,899
768,927
768,947
768,949
768,962
768,991
769,781
769,790
769,874
769,889
769,895
769,906
769,907
769,911
769,920
769,930
769,952
769,957
769,964
769,981
769,991
769,992
770,851
770,861
770,926
771,772
771,776
771,831
771,843
771,896
771,904
771,918
771,921
771,934
771,969
772,785
772,786
772,834
772,863
772,893
772,894
772,902
772,930
772,936
772,955
772,965
772,980
773,783
773,807
773,847
773,877
773,878
773,895
773,909
773,910
773,931
773,953
773,955
773,965
773,970
774,807
774,819
774,899
774,914
774,937
774,968
774,996
775,784
775,797
775,850
775,857
775,861
775,864
775,873
775,916
775,927
775,939
775,943
775,945
775,954
775,989
776,780
776,826
776,866
776,890
776,897
776,905
776,941
776,943
776,969
776,985
777,809
777,811
777,860
777,878
777,881
777,940
777,987
777,988
778,792
778,812
778,814
778,833
778,854
778,866
778,874
778,904
778,939
778,948
778,966
778,996
778,999
779,809
779,838
779,870
779,892
779,893
779,936
779,980
780,787
780,837
780,858
780,867
780,873
780,928
780,979
780,983
781,818
781,833
781,882
781,906
781,920
781,957
782,877
782,902
782,910
782,942
783,795
783,827
783,837
783,846
783,909
783,915
783,933
783,942
783,986
784,793
784,865
784,889
784,961
784,977
784,981
784,996
785,805
785,809
785,814
785,815
785,834
785,893
785,894
785,902
785,919
785,953
785,955
785,960
785,972
785,982
786,805
786,815
786,899
786,912
786,954
786,955
786,972
786,982
787,805
787,833
787,837
787,860
787,862
787,888
787,909
787,949
787,962
787,974
787,979
787,988
787,991
788,804
788,826
788,872
788,885
789,807
789,823
789,834
789,863
789,910
789,953
789,965
789,989
790,835
790,900
790,916
790,956
790,957
790,964
790,973
791,807
791,904
791,922
791,926
791,934
792,826
792,838
792,892
792,906
792,922
792,937
792,948
792,952
792,963
792,966
792,981
793,841
793,864
793,899
793,918
793,939
793,963
793,998
794,883
794,886
795,797
795,819
795,824
795,835
795,849
795,859
795,925
795,926
795,989
796,841
796,888
796,988
796,991
797,824
797,859
797,863
797,864
797,921
797,923
797,927
797,930
797,937
797,938
797,939
797,953
797,981
797,997
798,808
798,816
798,862
798,887
798,895
798,901
798,908
798,949
799,840
799,846
799,860
799,862
799,893
799,900
799,909
799,945
799,949
799,957
800,817
800,830
800,856
800,861
800,907
800,941
800,943
800,945
801,807
801,878
801,905
801,951
802,811
802,850
802,873
802,876
802,889
802,916
802,937
802,969
802,979
802,983
802,997
803,879
803,886
803,889
803,925
803,935
803,945
803,979
804,878
804,985
805,820
805,824
805,834
805,847
805,855
805,856
805,872
805,902
805,910
805,913
805,923
805,927
805,944
805,950
805,965
805,970
805,987
805,990
805,994
806,840
806,863
806,870
806,936
806,972
807,811
807,836
807,843
807,853
807,860
807,862
807,923
807,930
807,932
807,953
807,972
807,984
807,998
808,813
808,866
808,871
808,903
808,920
808,957
808,988
808,992
809,838
809,863
809,881
809,885
809,936
809,954
809,969
810,833
810,883
810,948
810,975
810,977
811,828
811,859
811,887
811,899
811,908
811,930
811,932
812,818
812,833
812,850
812,865
812,866
812,888
812,931
812,939
812,952
812,974
813,956
813,971
813,992
814,823
814,874
814,894
814,896
814,933
814,953
814,960
814,990
815,836
815,863
815,912
815,972
815,996
816,823
816,845
816,862
816,875
816,881
816,887
816,888
816,908
816,913
816,924
817,830
817,892
817,945
817,983
818,848
818,854
818,874
818,883
818,886
818,900
818,906
818,907
818,948
818,952
818,957
818,958
818,971
818,977
818,978
819,824
819,828
820,867
820,965
820,985
821,825
821,945
821,983
821,994
822,884
822,943
822,977
823,923
824,877
824,991
825,826
825,829
825,835
825,844
825,855
825,866
825,897
825,936
825,959
825,976
825,983
825,994
826,863
826,940
826,976
826,979
827,839
827,875
827,888
827,901
827,924
827,984
827,986
827,988
828,860
828,882
828,891
828,897
828,907
828,944
829,831
829,856
829,861
829,873
830,831
830,941
830,994
831,851
831,866
831,876
831,892
831,900
831,904
831,916
831,920
831,925
831,926
831,937
831,945
831,967
832,848
832,857
832,877
832,882
832,887
832,910
832,942
832,969
833,851
833,865
833,874
833,883
833,886
833,906
833,920
833,948
833,958
833,963
833,977
834,923
834,924
834,932
834,950
834,965
834,970
835,873
835,900
835,903
835,964
835,973
835,996
836,838
836,872
836,893
836,896
836,936
836,940
836,944
836,945
836,972
836,987
837,862
837,949
837,962
837,977
837,983
837,985
837,992
838,881
838,884
838,885
838,898
839,875
839,882
839,919
839,940
839,973
839,981
839,988
839,990
840,863
840,944
840,953
840,972
840,982
841,864
841,939
841,947
842,844
842,856
842,927
842,941
842,953
843,849
843,850
843,890
843,936
843,945
843,965
844,855
844,928
844,941
844,943
845,857
845,882
845,887
845,888
845,919
845,929
845,946
845,990
845,991
846,875
846,883
846,909
846,988
847,923
847,927
847,930
847,959
848,888
848,889
848,900
848,920
848,952
848,996
848,999
849,930
850,873
850,879
850,884
850,916
850,937
850,938
850,967
851,861
851,945
851,959
852,878
852,928
852,987
853,855
853,918
853,928
853,976
853,985
854,865
854,873
854,899
854,925
854,942
854,948
854,952
854,961
854,963
854,967
854,981
854,989
855,896
855,918
855,921
855,925
855,985
856,857
856,865
856,897
856,937
856,941
856,943
857,875
857,878
857,882
857,887
857,919
857,930
857,986
857,988
857,990
858,867
858,885
858,905
858,969
858,980
859,923
859,932
859,945
859,947
860,862
860,868
860,875
860,882
860,891
860,945
860,962
860,995
861,935
861,945
861,969
861,971
861,985
862,910
862,949
862,974
863,870
863,885
863,898
863,902
863,936
863,955
863,965
863,972
863,982
863,992
864,889
864,914
864,937
864,939
864,954
864,956
864,998
865,910
865,945
865,957
865,977
866,900
866,908
866,939
866,952
866,965
866,974
866,998
866,999
867,905
867,940
867,976
867,979
868,909
868,962
868,973
869,877
869,954
869,967
869,983
870,944
870,945
871,929
871,949
871,950
871,957
871,973
871,981
871,991
871,992
872,877
872,944
872,987
873,879
873,880
873,901
873,904
873,934
873,936
873,937
873,969
873,979
874,886
874,906
874,948
874,957
874,958
874,962
874,971
874,975
874,977
874,978
875,916
875,942
875,972
875,995
876,934
876,941
877,894
877,910
877,932
877,936
877,942
877,970
877,988
878,928
878,985
878,987
878,997
879,904
879,937
879,995
880,892
880,925
880,963
881,900
882,887
882,891
882,908
882,970
883,911
883,971
883,975
884,885
884,943
884,994
885,928
885,936
885,940
885,950
885,980
885,982
885,985
885,987
886,906
886,948
886,957
886,958
886,971
886,977
887,908
887,960
887,970
887,990
888,909
888,919
888,949
888,968
888,986
888,988
889,922
889,925
889,945
889,961
889,963
889,966
889,967
889,981
891,910
891,914
891,926
891,942
891,962
891,965
891,969
891,970
891,986
892,904
892,935
892,981
893,902
893,912
893,944
893,979
893,987
894,915
894,923
894,936
894,962
894,982
894,987
894,992
895,910
895,932
896,923
896,967
896,969
897,969
897,980
898,936
898,972
899,914
899,916
899,927
900,974
900,999
901,933
901,945
901,984
901,986
901,988
902,910
902,929
902,955
903,945
903,956
903,964
903,973
903,977
903,991
903,997
904,923
905,979
905,985
906,911
906,920
906,949
906,953
906,957
906,979
906,989
906,996
907,920
908,910
908,997
909,910
909,913
909,939
909,949
909,962
909,979
910,928
910,953
910,988
910,991
911,975
911,978
912,944
912,982
913,914
913,922
913,981
913,996
914,916
914,929
914,952
914,981
914,989
914,995
914,998
915,933
915,942
915,988
916,925
916,937
916,954
916,972
916,989
916,996
917,926
917,969
918,923
918,961
918,969
918,998
919,924
919,946
919,970
919,990
920,925
920,948
920,950
920,957
920,973
921,954
921,969
921,989
922,925
922,963
922,967
922,970
922,996
923,927
923,942
923,950
923,953
923,954
923,965
923,996
923,997
924,930
925,926
925,935
925,948
925,961
925,967
925,977
926,945
926,968
926,983
926,999
927,930
927,950
927,979
927,988
928,980
928,987
929,960
929,970
930,939
930,944
930,953
930,960
930,973
930,990
931,996
931,998
932,940
934,937
934,943
934,945
934,951
934,959
934,969
935,967
935,969
935,994
936,944
936,972
936,982
936,987
937,943
937,954
937,969
938,950
938,965
938,980
938,998
939,981
939,996
940,980
940,987
941,996
942,970
942,988
943,959
943,994
944,972
944,982
945,951
945,957
945,963
945,968
945,983
947,973
947,977
948,952
948,957
948,958
948,962
948,975
948,977
948,999
949,962
949,966
949,973
949,985
949,991
950,952
950,979
950,985
951,961
951,969
951,989
952,962
952,963
952,973
952,974
952,991
953,960
953,989
954,989
954,995
954,998
956,957
956,964
956,992
956,993
957,958
957,974
957,975
958,971
962,987
962,992
963,966
963,967
963,981
963,997
964,973
964,992
964,998
966,981
967,981
969,976
969,990
969,994
970,986
971,977
972,982
974,977
974,999
975,977
976,979
976,980
976,983
976,985
977,991
981,991
982,991
984,991
985,987
991,992
991,995
995,998
