source,target
0,38
0,48
0,55
0,90
0,91
0,133
0,144
0,147
0,169
0,170
0,171
0,262
0,279
0,312
0,322
0,327
0,342
0,346
0,370
0,385
0,388
0,404
0,420
0,434
0,453
0,456
0,481
0,490
0,495
0,501
0,502
0,505
0,511
0,534
0,540
0,554
0,576
0,577
0,584
0,585
0,596
0,599
0,612
0,635
0,636
0,638
0,643
0,667
0,697
0,720
0,733
0,764
0,799
0,803
0,823
0,834
0,849
0,866
0,920
0,947
0,974
1,8
1,60
1,70
1,90
1,91
1,128
1,133
1,147
1,185
1,192
1,193
1,232
1,236
1,299
1,313
1,387
1,389
1,417
1,426
1,428
1,453
1,566
1,576
1,593
1,595
1,597
1,612
1,647
1,674
1,680
1,704
1,731
1,733
1,784
1,788
1,805
1,826
1,835
1,859
1,874
1,908
1,911
1,924
1,942
1,948
1,952
1,990
2,4
2,12
2,39
2,42
2,50
2,51
2,52
2,93
2,94
2,102
2,115
2,119
2,123
2,145
2,182
2,195
2,217
2,230
2,234
2,238
2,297
2,303
2,348
2,350
2,355
2,443
2,477
2,509
2,518
2,570
2,598
2,610
2,629
2,631
2,667
2,670
2,718
2,723
2,811
2,842
2,844
2,864
2,904
2,914
2,925
2,936
2,986
2,987
2,998
3,42
3,45
3,97
3,103
3,148
3,150
3,168
3,170
3,212
3,242
3,249
3,260
3,301
3,303
3,310
3,321
3,358
3,375
3,383
3,433
3,480
3,487
3,523
3,540
3,570
3,593
3,630
3,645
3,657
3,667
3,678
3,683
3,712
3,723
3,753
3,769
3,789
3,824
3,825
3,827
3,838
3,851
3,864
3,888
3,914
3,920
3,937
3,948
3,975
3,985
4,7
4,39
4,45
4,51
4,52
4,66
4,82
4,85
4,94
4,97
4,107
4,111
4,114
4,115
4,119
4,120
4,135
4,152
4,168
4,177
4,218
4,230
4,238
4,248
4,269
4,282
4,285
4,303
4,328
4,345
4,380
4,388
4,399
4,412
4,443
4,456
4,474
4,475
4,507
4,509
4,516
4,522
4,526
4,557
4,575
4,581
4,589
4,646
4,648
4,657
4,670
4,686
4,696
4,723
4,742
4,756
4,761
4,770
4,790
4,796
4,807
4,811
4,817
4,848
4,863
4,880
4,899
4,942
4,977
4,984
4,986
4,987
5,45
5,63
5,128
5,186
5,282
5,438
5,450
5,489
5,513
5,551
5,619
5,631
5,649
5,667
5,690
5,695
5,706
5,748
5,951
5,977
5,984
5,985
5,997
5,998
6,55
6,57
6,59
6,74
6,77
6,103
6,104
6,147
6,184
6,185
6,198
6,223
6,251
6,298
6,304
6,344
6,353
6,357
6,383
6,426
6,435
6,439
6,458
6,491
6,500
6,535
6,540
6,545
6,559
6,585
6,595
6,606
6,626
6,665
6,709
6,717
6,737
6,755
6,779
6,799
6,801
6,802
6,812
6,814
6,853
6,888
6,909
6,943
6,948
6,988
7,24
7,32
7,64
7,78
7,89
7,127
7,131
7,149
7,157
7,158
7,161
7,168
7,169
7,196
7,217
7,226
7,227
7,255
7,321
7,347
7,351
7,355
7,362
7,377
7,408
7,431
7,477
7,498
7,501
7,508
7,509
7,513
7,529
7,540
7,588
7,598
7,608
7,631
7,674
7,683
7,686
7,690
7,695
7,729
7,759
7,778
7,790
7,811
7,827
7,829
7,842
7,844
7,845
7,848
7,860
7,863
7,896
7,907
7,914
7,934
7,935
7,951
7,959
7,984
7,995
7,998
8,13
8,22
8,108
8,113
8,118
8,139
8,156
8,169
8,175
8,183
8,187
8,190
8,199
8,213
8,226
8,287
8,290
8,324
8,336
8,342
8,357
8,384
8,430
8,437
8,454
8,462
8,505
8,517
8,529
8,541
8,549
8,604
8,617
8,632
8,633
8,643
8,652
8,666
8,667
8,679
8,697
8,702
8,708
8,717
8,732
8,740
8,749
8,758
8,775
8,793
8,830
8,837
8,840
8,856
8,869
8,912
8,933
8,938
8,943
8,968
9,85
9,100
9,220
9,233
9,246
9,302
9,409
9,415
9,424
9,459
9,515
9,533
9,569
9,637
9,717
9,734
9,785
9,804
9,843
9,883
9,930
9,960
9,980
10,38
10,57
10,73
10,76
10,86
10,116
10,166
10,171
10,179
10,194
10,235
10,275
10,279
10,296
10,313
10,315
10,322
10,388
10,417
10,422
10,435
10,437
10,476
10,483
10,491
10,497
10,503
10,505
10,538
10,550
10,579
10,683
10,691
10,701
10,708
10,754
10,778
10,789
10,791
10,842
10,859
10,888
10,889
10,894
10,908
10,938
10,947
10,950
10,974
11,17
11,23
11,24
11,35
11,92
11,99
11,139
11,184
11,256
11,268
11,332
11,342
11,368
11,410
11,411
11,446
11,480
11,571
11,617
11,641
11,644
11,716
11,853
11,854
11,886
11,935
11,939
11,953
11,961
11,973
12,30
12,40
12,42
12,45
12,52
12,62
12,70
12,76
12,85
12,94
12,102
12,119
12,120
12,130
12,131
12,148
12,150
12,151
12,195
12,229
12,236
12,252
12,264
12,303
12,312
12,319
12,321
12,328
12,341
12,367
12,373
12,376
12,391
12,416
12,443
12,474
12,475
12,488
12,509
12,518
12,526
12,537
12,538
12,546
12,561
12,568
12,570
12,575
12,614
12,634
12,670
12,674
12,678
12,700
12,710
12,723
12,768
12,769
12,770
12,780
12,783
12,809
12,825
12,857
12,863
12,893
12,907
12,920
12,960
12,964
12,975
12,977
12,987
13,14
13,24
13,49
13,57
13,66
13,106
13,113
13,141
13,161
13,206
13,245
13,258
13,264
13,266
13,274
13,278
13,284
13,299
13,310
13,313
13,333
13,339
13,363
13,386
13,407
13,411
13,434
13,442
13,459
13,470
13,471
13,473
13,485
13,502
13,521
13,522
13,523
13,530
13,578
13,604
13,651
13,658
13,678
13,685
13,689
13,694
13,714
13,715
13,752
13,776
13,795
13,801
13,804
13,814
13,815
13,818
13,822
13,843
13,850
13,871
13,892
13,900
13,907
13,931
13,933
13,944
13,946
13,954
13,982
14,37
14,40
14,49
14,62
14,79
14,103
14,106
14,108
14,113
14,126
14,158
14,278
14,284
14,287
14,288
14,289
14,292
14,301
14,335
14,383
14,386
14,388
14,392
14,393
14,403
14,441
14,452
14,476
14,492
14,497
14,502
14,517
14,523
14,539
14,553
14,558
14,587
14,588
14,599
14,604
14,617
14,622
14,652
14,669
14,694
14,698
14,708
14,721
14,730
14,741
14,743
14,752
14,770
14,777
14,843
14,850
14,869
14,871
14,872
14,900
14,912
14,933
14,941
15,18
15,20
15,23
15,25
15,36
15,42
15,62
15,65
15,75
15,91
15,126
15,130
15,144
15,151
15,157
15,160
15,178
15,183
15,194
15,212
15,239
15,258
15,264
15,293
15,306
15,326
15,385
15,390
15,393
15,396
15,403
15,404
15,414
15,423
15,440
15,453
15,481
15,529
15,536
15,561
15,590
15,630
15,661
15,673
15,674
15,679
15,680
15,696
15,704
15,733
15,736
15,759
15,774
15,779
15,780
15,781
15,825
15,828
15,846
15,865
15,886
15,894
15,903
15,924
15,934
15,938
16,22
16,77
16,92
16,99
16,101
16,126
16,139
16,140
16,188
16,251
16,267
16,299
16,311
16,342
16,383
16,417
16,426
16,455
16,458
16,463
16,470
16,532
16,549
16,571
16,606
16,674
16,713
16,755
16,774
16,775
16,779
16,785
16,834
16,840
16,862
16,870
16,876
16,882
16,928
16,935
17,99
17,103
17,160
17,176
17,209
17,218
17,267
17,273
17,279
17,294
17,306
17,310
17,355
17,370
17,387
17,429
17,462
17,503
17,511
17,531
17,556
17,567
17,573
17,579
17,582
17,586
17,683
17,754
17,789
17,831
17,832
17,840
17,849
17,865
17,882
17,888
17,943
17,972
17,974
17,992
17,996
18,22
18,25
18,29
18,47
18,62
18,83
18,98
18,110
18,126
18,128
18,129
18,133
18,136
18,144
18,147
18,172
18,177
18,180
18,182
18,232
18,252
18,258
18,274
18,298
18,307
18,341
18,453
18,466
18,468
18,479
18,522
18,523
18,527
18,546
18,558
18,588
18,601
18,602
18,612
18,619
18,624
18,631
18,667
18,684
18,696
18,715
18,716
18,725
18,737
18,751
18,768
18,793
18,807
18,817
18,828
18,837
18,839
18,856
18,860
18,917
18,926
18,940
18,994
18,999
19,22
19,53
19,66
19,77
19,88
19,89
19,108
19,192
19,199
19,212
19,237
19,244
19,251
19,256
19,263
19,295
19,410
19,419
19,422
19,453
19,455
19,471
19,472
19,479
19,480
19,517
19,540
19,541
19,564
19,571
19,573
19,576
19,621
19,641
19,666
19,758
19,765
19,775
19,825
19,826
19,833
19,837
19,847
19,853
19,870
19,879
19,920
19,935
19,975
19,988
20,80
20,133
20,135
20,170
20,173
20,186
20,225
20,276
20,294
20,310
20,350
20,379
20,395
20,416
20,428
20,447
20,464
20,478
20,527
20,528
20,548
20,550
20,557
20,591
20,603
20,706
20,760
20,783
20,902
20,914
20,947
20,989
21,48
21,90
21,176
21,201
21,248
21,264
21,275
21,322
21,364
21,371
21,390
21,404
21,490
21,573
21,577
21,607
21,638
21,697
21,733
21,767
21,861
21,865
22,74
22,84
22,92
22,101
22,139
22,151
22,159
22,184
22,188
22,240
22,244
22,262
22,298
22,299
22,309
22,322
22,335
22,342
22,393
22,402
22,418
22,447
22,455
22,458
22,460
22,480
22,491
22,492
22,605
22,607
22,613
22,641
22,643
22,655
22,684
22,702
22,739
22,761
22,771
22,773
22,775
22,803
22,808
22,830
22,834
22,840
22,847
22,853
22,862
22,870
22,871
22,877
22,879
22,885
22,901
22,913
22,935
22,943
22,957
22,988
22,993
23,27
23,38
23,48
23,74
23,90
23,104
23,112
23,147
23,239
23,315
23,326
23,327
23,342
23,360
23,363
23,396
23,439
23,447
23,460
23,475
23,506
23,530
23,567
23,573
23,576
23,597
23,607
23,611
23,643
23,665
23,709
23,755
23,757
23,782
23,805
23,830
23,888
23,924
23,952
23,986
23,990
24,31
24,196
24,208
24,225
24,232
24,234
24,247
24,290
24,356
24,361
24,384
24,392
24,393
24,403
24,430
24,437
24,451
24,454
24,480
24,485
24,512
24,565
24,580
24,597
24,648
24,665
24,668
24,673
24,681
24,698
24,701
24,731
24,782
24,804
24,859
24,873
24,875
24,938
24,952
25,58
25,87
25,100
25,113
25,125
25,126
25,132
25,133
25,153
25,200
25,221
25,235
25,331
25,351
25,356
25,362
25,378
25,392
25,450
25,451
25,465
25,467
25,468
25,499
25,501
25,523
25,524
25,575
25,609
25,613
25,626
25,648
25,669
25,682
25,704
25,717
25,727
25,749
25,803
25,806
25,828
25,891
25,892
25,941
25,944
25,959
25,962
25,969
25,982
25,987
26,35
26,36
26,105
26,107
26,126
26,180
26,197
26,224
26,228
26,242
26,283
26,348
26,481
26,507
26,508
26,523
26,538
26,551
26,619
26,686
26,695
26,696
26,740
26,839
26,916
26,936
26,999
27,74
27,163
27,196
27,215
27,235
27,275
27,328
27,360
27,371
27,379
27,387
27,453
27,514
27,524
27,535
27,610
27,621
27,644
27,761
27,765
27,908
27,948
27,985
28,129
28,144
28,147
28,200
28,235
28,270
28,301
28,307
28,308
28,330
28,466
28,523
28,524
28,558
28,563
28,605
28,680
28,686
28,704
28,786
28,875
28,901
28,913
29,64
29,72
29,85
29,128
29,133
29,191
29,200
29,228
29,377
29,438
29,449
29,478
29,493
29,556
29,592
29,615
29,656
29,690
29,794
29,817
29,829
29,842
29,899
29,984
29,994
30,42
30,44
30,80
30,91
30,104
30,112
30,144
30,148
30,150
30,162
30,167
30,169
30,173
30,202
30,212
30,218
30,248
30,317
30,350
30,372
30,420
30,423
30,437
30,497
30,507
30,545
30,570
30,575
30,636
30,657
30,706
30,723
30,725
30,780
30,782
30,784
30,789
30,799
30,804
30,824
30,829
30,836
30,851
30,911
30,913
30,924
30,962
30,964
30,975
30,981
30,993
31,59
31,78
31,103
31,206
31,210
31,233
31,245
31,286
31,289
31,301
31,326
31,356
31,375
31,376
31,403
31,415
31,459
31,465
31,476
31,500
31,575
31,584
31,588
31,592
31,617
31,655
31,682
31,695
31,724
31,776
31,783
31,785
31,827
31,843
31,852
31,863
31,916
31,918
31,921
31,930
31,931
31,940
31,946
31,963
31,968
31,998
32,43
32,51
32,64
32,107
32,114
32,131
32,157
32,186
32,244
32,255
32,285
32,303
32,319
32,347
32,401
32,408
32,414
32,431
32,450
32,463
32,513
32,575
32,686
32,695
32,742
32,745
32,759
32,790
32,817
32,860
32,934
32,975
33,57
33,68
33,84
33,86
33,104
33,188
33,244
33,251
33,256
33,259
33,321
33,351
33,371
33,384
33,400
33,401
33,407
33,409
33,413
33,418
33,429
33,434
33,445
33,455
33,458
33,492
33,500
33,518
33,595
33,600
33,606
33,613
33,633
33,635
33,666
33,699
33,732
33,737
33,743
33,749
33,757
33,766
33,773
33,778
33,779
33,808
33,831
33,841
33,853
33,906
33,922
33,935
33,961
33,970
33,974
34,55
34,69
34,73
34,74
34,79
34,80
34,156
34,159
34,171
34,227
34,244
34,251
34,256
34,263
34,278
34,288
34,323
34,332
34,342
34,369
34,384
34,385
34,410
34,422
34,429
34,444
34,455
34,500
34,525
34,556
34,571
34,606
34,641
34,646
34,661
34,672
34,675
34,699
34,709
34,739
34,761
34,775
34,801
34,814
34,886
34,906
34,935
34,943
34,967
35,73
35,96
35,103
35,121
35,151
35,160
35,209
35,215
35,272
35,277
35,280
35,306
35,315
35,353
35,360
35,406
35,418
35,435
35,444
35,495
35,503
35,511
35,521
35,573
35,586
35,610
35,644
35,660
35,671
35,682
35,683
35,790
35,812
35,831
35,882
35,901
35,908
35,974
36,37
36,47
36,82
36,91
36,92
36,115
36,126
36,130
36,131
36,140
36,144
36,150
36,151
36,158
36,159
36,162
36,180
36,181
36,192
36,195
36,212
36,227
36,232
36,251
36,252
36,264
36,267
36,274
36,282
36,283
36,311
36,335
36,341
36,345
36,355
36,363
36,372
36,380
36,382
36,393
36,406
36,410
36,428
36,432
36,435
36,440
36,453
36,455
36,460
36,491
36,512
36,529
36,535
36,537
36,545
36,561
36,562
36,563
36,564
36,575
36,583
36,598
36,602
36,611
36,619
36,621
36,626
36,629
36,643
36,646
36,655
36,661
36,680
36,704
36,716
36,723
36,725
36,736
36,744
36,758
36,769
36,774
36,784
36,787
36,797
36,802
36,807
36,812
36,838
36,842
36,853
36,859
36,860
36,885
36,890
36,897
36,917
36,924
36,938
36,959
36,964
36,967
36,975
36,979
36,984
37,40
37,53
37,62
37,65
37,67
37,74
37,91
37,99
37,115
37,120
37,136
37,147
37,180
37,184
37,196
37,212
37,221
37,227
37,270
37,326
37,333
37,347
37,389
37,392
37,402
37,405
37,466
37,471
37,491
37,509
37,529
37,530
37,542
37,563
37,564
37,579
37,607
37,614
37,619
37,624
37,626
37,633
37,643
37,644
37,672
37,674
37,679
37,680
37,752
37,765
37,823
37,845
37,849
37,852
37,870
37,875
37,897
37,901
37,903
37,906
37,908
37,910
37,917
37,921
37,924
37,929
37,938
37,944
37,948
37,956
37,968
37,985
37,990
38,44
38,47
38,60
38,62
38,68
38,77
38,87
38,133
38,173
38,179
38,195
38,206
38,215
38,218
38,262
38,272
38,273
38,275
38,294
38,305
38,310
38,315
38,336
38,343
38,348
38,381
38,444
38,491
38,505
38,514
38,517
38,535
38,573
38,577
38,614
38,621
38,643
38,644
38,647
38,667
38,683
38,711
38,764
38,778
38,799
38,801
38,888
38,908
38,978
39,94
39,104
39,115
39,120
39,150
39,174
39,241
39,319
39,345
39,355
39,373
39,391
39,414
39,443
39,463
39,486
39,499
39,570
39,610
39,623
39,657
39,670
39,685
39,707
39,723
39,771
39,790
39,796
39,811
39,838
39,845
39,878
39,891
39,893
39,970
40,62
40,86
40,124
40,126
40,147
40,149
40,177
40,184
40,192
40,194
40,211
40,227
40,244
40,295
40,311
40,335
40,336
40,341
40,392
40,401
40,437
40,460
40,491
40,522
40,529
40,542
40,545
40,563
40,564
40,573
40,578
40,602
40,605
40,607
40,611
40,647
40,670
40,672
40,679
40,684
40,696
40,725
40,736
40,745
40,750
40,752
40,853
40,859
40,867
40,895
40,901
40,906
40,917
40,926
40,938
40,990
41,46
41,138
41,204
41,206
41,235
41,247
41,254
41,258
41,331
41,362
41,411
41,472
41,523
41,598
41,693
41,810
41,868
41,954
41,959
41,962
41,982
42,54
42,64
42,70
42,76
42,85
42,88
42,109
42,114
42,115
42,126
42,128
42,130
42,139
42,152
42,165
42,169
42,186
42,212
42,228
42,241
42,255
42,283
42,287
42,319
42,321
42,345
42,372
42,374
42,392
42,422
42,431
42,443
42,450
42,464
42,471
42,487
42,488
42,518
42,526
42,538
42,589
42,597
42,598
42,602
42,606
42,615
42,626
42,630
42,654
42,657
42,666
42,667
42,670
42,678
42,691
42,696
42,723
42,736
42,783
42,789
42,809
42,816
42,835
42,842
42,844
42,845
42,863
42,868
42,885
42,891
42,929
42,937
42,972
42,977
42,985
42,987
42,988
43,54
43,64
43,78
43,97
43,129
43,131
43,141
43,149
43,157
43,168
43,186
43,208
43,228
43,255
43,258
43,283
43,285
43,303
43,314
43,342
43,347
43,380
43,427
43,452
43,475
43,477
43,489
43,498
43,513
43,517
43,568
43,581
43,684
43,723
43,756
43,790
43,794
43,804
43,817
43,829
43,867
43,896
43,944
43,951
43,959
43,969
43,976
43,984
43,989
44,82
44,90
44,125
44,151
44,212
44,227
44,246
44,262
44,307
44,389
44,417
44,453
44,464
44,491
44,548
44,555
44,583
44,594
44,611
44,644
44,646
44,659
44,697
44,716
44,736
44,755
44,757
44,760
44,778
44,842
44,866
44,908
45,102
45,105
45,115
45,126
45,135
45,148
45,150
45,174
45,176
45,241
45,242
45,285
45,367
45,414
45,416
45,474
45,509
45,686
45,787
45,796
45,811
45,829
45,835
45,891
45,914
45,929
45,951
45,986
45,987
45,992
46,58
46,92
46,158
46,181
46,206
46,256
46,291
46,327
46,349
46,356
46,437
46,465
46,515
46,522
46,580
46,598
46,612
46,653
46,719
46,760
46,846
46,878
46,941
46,959
47,65
47,82
47,136
47,144
47,252
47,254
47,270
47,307
47,314
47,349
47,390
47,448
47,449
47,452
47,508
47,522
47,529
47,538
47,558
47,563
47,576
47,600
47,626
47,648
47,679
47,684
47,692
47,736
47,751
47,767
47,782
47,804
47,815
47,828
47,842
47,845
47,868
47,875
47,894
47,913
47,999
48,60
48,67
48,74
48,82
48,90
48,117
48,163
48,167
48,171
48,176
48,179
48,257
48,259
48,262
48,302
48,305
48,322
48,323
48,327
48,346
48,360
48,364
48,369
48,385
48,426
48,457
48,481
48,490
48,492
48,495
48,505
48,514
48,554
48,555
48,573
48,576
48,577
48,585
48,594
48,600
48,612
48,613
48,617
48,636
48,638
48,643
48,650
48,661
48,664
48,680
48,681
48,683
48,687
48,697
48,735
48,736
48,753
48,757
48,764
48,765
48,825
48,831
48,861
48,865
48,866
48,950
48,964
48,973
48,980
48,981
48,989
49,79
49,106
49,113
49,205
49,316
49,356
49,377
49,378
49,383
49,396
49,412
49,438
49,470
49,485
49,502
49,530
49,547
49,553
49,587
49,599
49,622
49,682
49,689
49,693
49,698
49,738
49,793
49,805
49,806
49,818
49,850
49,919
50,81
50,216
50,249
50,288
50,312
50,317
50,373
50,374
50,395
50,399
50,405
50,431
50,440
50,464
50,487
50,570
50,623
50,630
50,634
50,639
50,657
50,685
50,695
50,710
50,712
50,769
50,824
50,837
50,911
50,928
50,937
51,64
51,115
51,120
51,157
51,174
51,195
51,236
51,282
51,289
51,345
51,413
51,463
51,477
51,513
51,516
51,519
51,572
51,581
51,631
51,690
51,729
51,744
51,759
51,790
51,848
51,891
51,925
51,994
51,998
52,56
52,72
52,85
52,94
52,150
52,160
52,165
52,174
52,195
52,276
52,318
52,326
52,327
52,373
52,374
52,376
52,391
52,428
52,449
52,489
52,494
52,570
52,589
52,615
52,649
52,654
52,658
52,683
52,761
52,769
52,790
52,811
52,845
52,880
52,884
52,977
53,57
53,106
53,130
53,141
53,175
53,191
53,287
53,313
53,384
53,442
53,469
53,496
53,541
53,559
53,617
53,666
53,682
53,708
53,738
53,782
53,807
53,837
53,841
53,869
53,900
53,940
53,983
54,78
54,105
54,113
54,127
54,142
54,150
54,196
54,255
54,300
54,334
54,337
54,349
54,366
54,397
54,408
54,409
54,454
54,486
54,489
54,498
54,564
54,592
54,608
54,620
54,695
54,718
54,719
54,721
54,745
54,767
54,790
54,807
54,827
54,837
54,843
54,860
54,868
54,907
54,910
54,941
54,963
54,995
55,57
55,98
55,101
55,156
55,184
55,199
55,226
55,318
55,332
55,340
55,400
55,419
55,460
55,462
55,496
55,525
55,582
55,600
55,632
55,675
55,694
55,713
55,761
55,801
55,826
55,858
55,861
55,923
55,935
55,991
56,57
56,88
56,130
56,156
56,169
56,199
56,243
56,274
56,278
56,324
56,340
56,365
56,400
56,402
56,410
56,436
56,496
56,510
56,517
56,600
56,613
56,641
56,642
56,666
56,676
56,704
56,739
56,743
56,758
56,775
56,824
56,847
56,876
56,877
56,922
56,957
56,996
57,69
57,88
57,89
57,108
57,156
57,187
57,243
57,263
57,312
57,338
57,359
57,363
57,369
57,384
57,402
57,411
57,419
57,425
57,436
57,439
57,445
57,468
57,496
57,532
57,559
57,600
57,613
57,616
57,644
57,650
57,666
57,675
57,686
57,688
57,699
57,701
57,714
57,743
57,758
57,761
57,771
57,775
57,779
57,829
57,833
57,844
57,853
57,869
57,872
57,876
57,935
57,991
58,83
58,113
58,132
58,140
58,142
58,181
58,258
58,266
58,330
58,335
58,351
58,362
58,415
58,437
58,516
58,532
58,561
58,574
58,577
58,584
58,598
58,601
58,603
58,693
58,746
58,776
58,814
58,822
58,843
58,864
58,912
58,921
58,924
58,941
58,959
58,992
59,64
59,110
59,113
59,153
59,155
59,206
59,233
59,245
59,278
59,286
59,289
59,300
59,333
59,392
59,409
59,415
59,425
59,434
59,459
59,463
59,476
59,482
59,515
59,567
59,601
59,626
59,637
59,655
59,681
59,693
59,724
59,748
59,752
59,777
59,785
59,804
59,843
59,849
59,852
59,871
59,883
59,918
59,921
59,930
59,934
59,935
59,937
59,946
59,954
60,69
60,77
60,84
60,94
60,121
60,152
60,179
60,243
60,262
60,264
60,275
60,279
60,294
60,344
60,369
60,385
60,435
60,505
60,535
60,586
60,643
60,644
60,660
60,665
60,697
60,709
60,791
60,799
60,812
60,831
60,853
60,874
60,901
60,906
60,990
61,81
61,130
61,205
61,261
61,405
61,486
61,538
61,561
61,596
61,755
61,784
61,808
61,851
61,885
61,924
62,77
62,86
62,125
62,147
62,169
62,192
62,217
62,254
62,262
62,273
62,311
62,335
62,393
62,436
62,460
62,518
62,529
62,535
62,542
62,545
62,562
62,563
62,564
62,566
62,611
62,624
62,649
62,672
62,674
62,679
62,680
62,697
62,705
62,709
62,736
62,757
62,782
62,828
62,863
62,894
62,901
62,905
62,920
62,938
62,946
62,964
63,126
63,158
63,206
63,210
63,235
63,293
63,361
63,482
63,485
63,520
63,523
63,532
63,533
63,569
63,588
63,598
63,620
63,693
63,722
63,727
63,777
63,795
63,868
63,916
63,921
63,980
64,78
64,85
64,93
64,100
64,107
64,110
64,111
64,120
64,125
64,130
64,131
64,142
64,149
64,168
64,186
64,217
64,228
64,231
64,236
64,255
64,282
64,283
64,321
64,334
64,337
64,347
64,395
64,403
64,408
64,414
64,431
64,449
64,450
64,468
64,471
64,473
64,477
64,501
64,509
64,519
64,521
64,568
64,572
64,602
64,690
64,700
64,713
64,731
64,759
64,769
64,790
64,796
64,817
64,827
64,829
64,838
64,845
64,851
64,860
64,878
64,907
64,918
64,934
64,943
64,945
64,951
64,959
64,968
64,976
64,984
64,987
64,995
65,70
65,91
65,144
65,147
65,148
65,151
65,173
65,182
65,184
65,188
65,204
65,212
65,216
65,254
65,264
65,267
65,277
65,289
65,322
65,344
65,372
65,390
65,410
65,494
65,540
65,542
65,545
65,556
65,562
65,575
65,583
65,602
65,603
65,633
65,636
65,646
65,654
65,660
65,661
65,674
65,680
65,684
65,724
65,725
65,734
65,736
65,774
65,781
65,851
65,859
65,878
65,897
65,916
65,920
65,995
66,126
66,137
66,156
66,158
66,159
66,169
66,172
66,176
66,185
66,188
66,223
66,240
66,243
66,244
66,262
66,287
66,309
66,336
66,337
66,383
66,390
66,393
66,419
66,435
66,438
66,451
66,460
66,470
66,479
66,480
66,492
66,496
66,517
66,523
66,538
66,539
66,566
66,569
66,597
66,601
66,606
66,613
66,626
66,651
66,658
66,659
66,678
66,682
66,694
66,701
66,713
66,714
66,716
66,732
66,738
66,740
66,782
66,784
66,813
66,841
66,845
66,856
66,870
66,871
66,893
66,895
66,897
66,918
66,933
66,941
66,943
66,944
66,957
67,80
67,90
67,95
67,112
67,136
67,137
67,148
67,162
67,163
67,170
67,173
67,176
67,178
67,179
67,216
67,218
67,339
67,341
67,381
67,382
67,450
67,467
67,478
67,512
67,532
67,534
67,539
67,540
67,549
67,550
67,571
67,579
67,603
67,643
67,645
67,649
67,657
67,659
67,661
67,674
67,678
67,700
67,705
67,726
67,767
67,770
67,772
67,782
67,799
67,811
67,823
67,825
67,838
67,866
67,884
67,903
67,913
67,947
67,950
67,975
67,981
67,993
67,999
68,76
68,112
68,120
68,248
68,282
68,293
68,321
68,343
68,363
68,374
68,382
68,411
68,420
68,442
68,494
68,504
68,608
68,645
68,725
68,760
68,774
68,790
68,851
68,992
69,71
69,79
69,199
69,281
69,324
69,335
69,436
69,523
69,600
69,606
69,677
69,743
69,775
69,809
69,830
69,869
69,876
69,973
70,76
70,79
70,82
70,128
70,130
70,238
70,252
70,310
70,319
70,454
70,493
70,526
70,538
70,539
70,565
70,647
70,803
70,809
70,845
70,899
70,977
71,84
71,89
71,120
71,156
71,189
71,190
71,198
71,199
71,243
71,263
71,332
71,338
71,352
71,365
71,400
71,402
71,410
71,419
71,480
71,496
71,600
71,606
71,633
71,640
71,641
71,675
71,699
71,700
71,758
71,761
71,771
71,775
71,785
71,801
71,854
71,870
71,876
71,877
71,886
71,930
71,935
71,953
71,967
71,995
72,85
72,128
72,130
72,135
72,182
72,347
72,382
72,477
72,516
72,551
72,602
72,615
72,618
72,706
72,725
72,845
72,880
73,86
73,178
73,185
73,198
73,251
73,259
73,273
73,280
73,288
73,297
73,299
73,418
73,426
73,492
73,497
73,503
73,517
73,523
73,567
73,582
73,606
73,621
73,635
73,661
73,664
73,691
73,755
73,779
73,789
73,805
73,812
73,840
73,879
73,922
73,935
73,938
73,949
73,989
74,77
74,87
74,104
74,151
74,162
74,171
74,184
74,219
74,251
74,262
74,270
74,274
74,282
74,326
74,352
74,360
74,385
74,387
74,389
74,392
74,418
74,439
74,447
74,453
74,490
74,506
74,514
74,545
74,556
74,561
74,564
74,575
74,576
74,577
74,595
74,635
74,647
74,659
74,660
74,670
74,695
74,701
74,709
74,712
74,734
74,752
74,755
74,757
74,765
74,770
74,799
74,805
74,808
74,853
74,854
74,862
74,888
74,889
74,905
74,924
74,935
74,940
74,943
74,948
74,950
74,967
74,975
74,981
75,116
75,125
75,176
75,178
75,201
75,212
75,216
75,241
75,281
75,355
75,370
75,375
75,381
75,457
75,511
75,534
75,535
75,579
75,594
75,622
75,625
75,690
75,691
75,753
75,770
75,778
75,823
75,832
75,834
75,896
75,905
75,939
75,960
75,965
75,993
75,997
76,85
76,136
76,185
76,195
76,206
76,252
76,303
76,311
76,391
76,395
76,405
76,437
76,463
76,474
76,486
76,526
76,583
76,670
76,674
76,686
76,700
76,703
76,707
76,780
76,790
76,809
76,842
76,843
76,845
76,862
76,893
76,952
76,977
76,980
76,985
77,104
77,122
77,130
77,167
77,172
77,184
77,198
77,212
77,226
77,247
77,298
77,305
77,322
77,326
77,387
77,413
77,439
77,447
77,450
77,471
77,484
77,498
77,503
77,529
77,535
77,537
77,566
77,590
77,595
77,603
77,650
77,664
77,673
77,678
77,735
77,741
77,755
77,801
77,802
77,808
77,840
77,851
77,853
77,856
77,861
77,897
77,920
77,938
77,939
77,943
77,950
77,990
78,105
78,127
78,142
78,143
78,158
78,163
78,164
78,170
78,189
78,205
78,206
78,224
78,227
78,245
78,258
78,265
78,314
78,333
78,337
78,347
78,349
78,383
78,393
78,415
78,427
78,431
78,432
78,453
78,470
78,486
78,509
78,513
78,518
78,523
78,546
78,574
78,608
78,626
78,667
78,690
78,695
78,717
78,718
78,721
78,736
78,745
78,776
78,784
78,787
78,794
78,807
78,817
78,825
78,829
78,839
78,848
78,860
78,880
78,907
78,924
78,931
78,932
78,946
78,955
78,959
78,995
78,998
79,106
79,153
79,169
79,207
79,208
79,234
79,244
79,274
79,281
79,290
79,330
79,335
79,336
79,352
79,361
79,396
79,419
79,454
79,461
79,465
79,479
79,502
79,517
79,530
79,552
79,576
79,614
79,622
79,626
79,652
79,682
79,694
79,699
79,702
79,704
79,721
79,752
79,776
79,793
79,795
79,806
79,808
79,815
79,816
79,839
79,850
79,909
79,913
79,919
79,931
79,942
79,966
79,971
79,991
80,95
80,96
80,98
80,99
80,121
80,126
80,167
80,178
80,209
80,244
80,306
80,321
80,355
80,370
80,414
80,456
80,459
80,485
80,490
80,518
80,521
80,534
80,537
80,544
80,554
80,560
80,573
80,594
80,612
80,627
80,628
80,660
80,667
80,700
80,739
80,747
80,783
80,812
80,829
80,882
80,903
80,939
80,964
80,974
80,996
80,997
81,145
81,167
81,222
81,249
81,277
81,317
81,321
81,423
81,427
81,433
81,464
81,487
81,546
81,557
81,609
81,657
81,763
81,975
82,89
82,111
82,113
82,126
82,133
82,138
82,144
82,149
82,180
82,190
82,230
82,232
82,234
82,237
82,240
82,252
82,253
82,311
82,312
82,321
82,326
82,327
82,337
82,341
82,373
82,380
82,405
82,416
82,417
82,434
82,471
82,512
82,513
82,537
82,538
82,542
82,561
82,562
82,567
82,574
82,602
82,630
82,633
82,674
82,736
82,744
82,753
82,765
82,767
82,774
82,812
82,825
82,828
82,839
82,844
82,851
82,860
82,863
82,866
82,884
82,885
82,897
82,913
82,926
82,933
82,955
82,959
82,977
82,980
82,985
82,987
82,991
82,995
83,126
83,162
83,170
83,219
83,221
83,240
83,254
83,310
83,341
83,348
83,351
83,356
83,360
83,437
83,466
83,522
83,523
83,561
83,570
83,626
83,628
83,662
83,674
83,684
83,694
83,696
83,701
83,704
83,786
83,797
83,943
83,959
83,962
83,984
83,999
84,137
84,162
84,165
84,175
84,212
84,227
84,259
84,273
84,304
84,335
84,388
84,401
84,410
84,426
84,435
84,444
84,458
84,485
84,491
84,567
84,575
84,586
84,621
84,633
84,641
84,691
84,692
84,757
84,774
84,789
84,849
84,853
84,861
84,888
84,908
84,924
84,950
84,981
84,987
85,107
85,167
85,182
85,204
85,228
85,238
85,255
85,285
85,319
85,362
85,423
85,428
85,435
85,444
85,449
85,463
85,489
85,494
85,518
85,540
85,561
85,601
85,610
85,615
85,626
85,669
85,670
85,696
85,714
85,729
85,811
85,817
85,829
85,845
85,846
85,860
85,899
85,932
85,955
85,960
85,977
85,984
85,994
86,141
86,182
86,195
86,212
86,227
86,297
86,305
86,328
86,335
86,388
86,437
86,451
86,460
86,534
86,547
86,549
86,564
86,594
86,597
86,605
86,607
86,613
86,641
86,642
86,643
86,661
86,670
86,707
86,714
86,717
86,731
86,733
86,740
86,755
86,782
86,791
86,851
86,873
86,888
86,890
86,894
86,899
86,901
86,924
86,944
86,956
86,957
86,959
86,963
86,979
86,990
87,125
87,132
87,143
87,153
87,158
87,179
87,205
87,207
87,208
87,221
87,227
87,235
87,310
87,345
87,348
87,351
87,356
87,377
87,383
87,393
87,423
87,432
87,434
87,445
87,451
87,452
87,454
87,465
87,470
87,472
87,501
87,502
87,543
87,549
87,566
87,573
87,578
87,611
87,614
87,626
87,639
87,658
87,668
87,669
87,678
87,682
87,717
87,723
87,745
87,750
87,776
87,787
87,793
87,806
87,810
87,817
87,818
87,822
87,834
87,840
87,860
87,866
87,873
87,895
87,904
87,910
87,913
87,931
87,941
87,979
88,89
88,108
88,113
88,120
88,152
88,172
88,180
88,183
88,187
88,190
88,196
88,208
88,213
88,219
88,226
88,244
88,258
88,263
88,290
88,323
88,327
88,357
88,384
88,392
88,402
88,422
88,430
88,460
88,469
88,482
88,517
88,532
88,539
88,542
88,547
88,600
88,613
88,616
88,621
88,641
88,647
88,650
88,666
88,680
88,699
88,708
88,732
88,734
88,749
88,750
88,758
88,765
88,771
88,787
88,801
88,833
88,837
88,853
88,862
88,869
88,870
88,894
88,909
88,935
88,940
89,172
89,187
89,190
89,226
89,244
89,259
89,263
89,273
89,341
89,396
89,400
89,402
89,410
89,436
89,442
89,480
89,496
89,525
89,532
89,559
89,562
89,600
89,613
89,616
89,632
89,666
89,675
89,697
89,699
89,708
89,725
89,758
89,761
89,775
89,776
89,801
89,821
89,833
89,834
89,853
89,858
89,862
89,869
89,870
89,876
89,885
89,893
89,897
89,909
89,953
89,967
89,969
89,983
89,991
89,995
90,116
90,137
90,162
90,170
90,173
90,176
90,180
90,194
90,199
90,212
90,216
90,262
90,267
90,283
90,300
90,322
90,350
90,381
90,382
90,432
90,449
90,453
90,460
90,490
90,495
90,499
90,528
90,535
90,555
90,577
90,594
90,627
90,633
90,636
90,638
90,646
90,697
90,703
90,747
90,775
90,823
90,861
90,866
90,924
90,964
90,967
90,992
90,993
91,112
91,126
91,133
91,147
91,151
91,162
91,173
91,207
91,212
91,215
91,218
91,232
91,240
91,260
91,311
91,322
91,325
91,372
91,385
91,390
91,440
91,540
91,545
91,555
91,564
91,612
91,629
91,661
91,674
91,678
91,680
91,688
91,725
91,735
91,752
91,756
91,771
91,772
91,774
91,793
91,823
91,828
91,841
91,851
91,854
91,859
91,866
91,924
91,928
91,929
91,938
91,939
91,964
91,975
91,985
91,987
91,992
92,101
92,104
92,146
92,184
92,198
92,223
92,251
92,287
92,298
92,299
92,413
92,429
92,430
92,451
92,457
92,567
92,590
92,595
92,605
92,606
92,702
92,826
92,834
92,853
92,855
92,894
92,949
93,105
93,110
93,112
93,114
93,115
93,120
93,122
93,145
93,189
93,214
93,230
93,236
93,271
93,282
93,308
93,341
93,354
93,358
93,379
93,391
93,414
93,416
93,443
93,477
93,490
93,502
93,509
93,570
93,575
93,610
93,623
93,634
93,645
93,649
93,654
93,656
93,669
93,686
93,710
93,723
93,756
93,759
93,780
93,786
93,796
93,811
93,827
93,829
93,864
93,893
93,896
93,929
93,942
93,958
93,964
93,986
94,109
94,110
94,114
94,119
94,128
94,131
94,207
94,253
94,271
94,272
94,295
94,354
94,358
94,433
94,443
94,474
94,493
94,547
94,743
94,811
94,838
94,844
95,96
95,124
95,170
95,176
95,179
95,193
95,216
95,247
95,257
95,293
95,339
95,370
95,381
95,457
95,484
95,490
95,493
95,512
95,526
95,540
95,545
95,557
95,560
95,568
95,578
95,583
95,628
95,636
95,638
95,660
95,696
95,700
95,725
95,726
95,735
95,753
95,788
95,803
95,825
95,831
95,855
95,885
95,903
95,946
95,947
95,981
95,993
96,98
96,103
96,121
96,128
96,176
96,194
96,209
96,215
96,267
96,272
96,273
96,277
96,302
96,306
96,339
96,342
96,345
96,355
96,381
96,388
96,406
96,421
96,457
96,503
96,537
96,560
96,575
96,579
96,628
96,637
96,661
96,667
96,687
96,700
96,705
96,735
96,782
96,789
96,813
96,824
96,849
96,862
96,866
96,874
96,893
96,924
96,947
96,964
96,965
96,974
96,993
97,107
97,114
97,138
97,144
97,148
97,181
97,218
97,269
97,271
97,310
97,312
97,317
97,373
97,423
97,504
97,516
97,531
97,557
97,570
97,593
97,608
97,630
97,667
97,711
97,760
97,769
97,830
97,851
97,872
97,975
97,999
98,128
98,173
98,194
98,320
98,323
98,344
98,387
98,406
98,457
98,511
98,521
98,531
98,537
98,556
98,560
98,586
98,627
98,628
98,700
98,853
98,898
98,919
98,939
98,978
99,103
99,112
99,116
99,128
99,150
99,156
99,166
99,171
99,188
99,209
99,218
99,245
99,262
99,272
99,282
99,294
99,296
99,306
99,323
99,339
99,353
99,355
99,356
99,380
99,396
99,401
99,414
99,491
99,497
99,511
99,521
99,534
99,535
99,579
99,586
99,625
99,628
99,633
99,659
99,670
99,683
99,700
99,701
99,743
99,754
99,755
99,813
99,831
99,832
99,855
99,889
99,898
99,939
99,972
99,974
99,996
100,102
100,125
100,132
100,153
100,158
100,165
100,170
100,207
100,266
100,273
100,383
100,386
100,409
100,412
100,415
100,425
100,434
100,452
100,470
100,471
100,485
100,513
100,532
100,533
100,543
100,658
100,694
100,727
100,738
100,746
100,748
100,759
100,774
100,776
100,787
100,810
100,822
100,835
100,839
100,842
100,934
100,941
100,944
100,954
100,968
100,971
101,219
101,267
101,359
101,429
101,455
101,468
101,500
101,582
101,646
101,740
101,755
101,802
101,820
101,834
101,858
101,886
102,110
102,115
102,120
102,126
102,134
102,189
102,195
102,229
102,230
102,236
102,260
102,296
102,367
102,373
102,475
102,477
102,495
102,516
102,566
102,575
102,610
102,654
102,686
102,710
102,712
102,829
102,848
102,929
102,964
102,984
102,986
102,987
103,150
103,160
103,171
103,176
103,279
103,280
103,294
103,306
103,323
103,355
103,356
103,388
103,406
103,421
103,435
103,497
103,505
103,506
103,511
103,528
103,537
103,540
103,562
103,573
103,579
103,603
103,635
103,671
103,683
103,697
103,711
103,725
103,726
103,735
103,757
103,805
103,813
103,831
103,832
103,835
103,849
103,882
103,889
103,939
103,972
103,974
103,978
103,996
103,997
104,137
104,176
104,184
104,185
104,198
104,212
104,215
104,243
104,251
104,279
104,297
104,326
104,335
104,336
104,370
104,375
104,384
104,387
104,409
104,417
104,426
104,439
104,447
104,458
104,478
104,491
104,506
104,513
104,535
104,536
104,567
104,590
104,595
104,616
104,643
104,662
104,664
104,717
104,765
104,802
104,805
104,808
104,812
104,821
104,822
104,840
104,853
104,859
104,862
104,897
104,905
104,920
104,933
104,937
104,943
104,950
104,952
105,111
105,127
105,129
105,145
105,149
105,151
105,168
105,184
105,206
105,227
105,239
105,244
105,245
105,334
105,337
105,366
105,377
105,379
105,391
105,397
105,425
105,431
105,463
105,475
105,476
105,477
105,486
105,489
105,581
105,592
105,608
105,644
105,649
105,651
105,661
105,682
105,690
105,695
105,698
105,701
105,706
105,707
105,708
105,719
105,732
105,745
105,759
105,764
105,817
105,827
105,839
105,868
105,881
105,896
105,907
105,910
105,916
105,929
105,940
105,951
105,986
105,994
105,995
105,998
106,141
106,143
106,161
106,191
106,196
106,197
106,233
106,266
106,273
106,274
106,278
106,284
106,292
106,347
106,448
106,461
106,517
106,520
106,523
106,547
106,549
106,587
106,599
106,617
106,650
106,666
106,674
106,698
106,724
106,782
106,796
106,829
106,871
106,872
106,873
106,895
106,904
106,913
106,931
107,109
107,111
107,130
107,131
107,157
107,168
107,189
107,217
107,282
107,283
107,285
107,377
107,393
107,431
107,438
107,450
107,481
107,492
107,498
107,513
107,528
107,551
107,554
107,563
107,581
107,623
107,690
107,707
107,724
107,744
107,759
107,783
107,786
107,790
107,817
107,829
107,839
107,896
107,934
107,951
107,976
107,994
108,112
108,161
108,183
108,219
108,281
108,284
108,301
108,357
108,359
108,369
108,383
108,384
108,393
108,402
108,422
108,437
108,442
108,460
108,517
108,532
108,541
108,571
108,600
108,613
108,622
108,651
108,652
108,675
108,699
108,708
108,728
108,732
108,734
108,743
108,750
108,758
108,771
108,779
108,808
108,826
108,933
108,945
108,961
108,979
108,991
109,114
109,120
109,145
109,170
109,229
109,319
109,374
109,443
109,575
109,623
109,654
109,658
109,729
109,786
109,844
109,914
109,915
109,986
110,120
110,131
110,148
110,167
110,182
110,183
110,230
110,239
110,244
110,246
110,260
110,267
110,285
110,320
110,354
110,358
110,367
110,416
110,443
110,481
110,498
110,518
110,527
110,528
110,540
110,551
110,557
110,623
110,629
110,645
110,649
110,654
110,656
110,657
110,660
110,686
110,723
110,729
110,756
110,759
110,790
110,794
110,811
110,817
110,824
110,835
110,844
110,864
110,885
110,893
110,929
110,934
110,942
110,984
110,993
111,120
111,123
111,127
111,140
111,149
111,157
111,186
111,189
111,211
111,212
111,229
111,244
111,255
111,282
111,283
111,285
111,317
111,337
111,346
111,354
111,356
111,433
111,473
111,477
111,498
111,509
111,513
111,515
111,516
111,518
111,538
111,539
111,578
111,592
111,608
111,620
111,630
111,631
111,670
111,695
111,696
111,759
111,769
111,790
111,811
111,817
111,845
111,854
111,861
111,916
111,934
111,937
111,941
111,986
111,998
112,151
112,216
112,218
112,255
112,267
112,302
112,311
112,382
112,404
112,416
112,420
112,428
112,439
112,443
112,464
112,480
112,487
112,494
112,495
112,504
112,540
112,542
112,550
112,560
112,576
112,603
112,617
112,673
112,678
112,686
112,693
112,715
112,736
112,752
112,760
112,769
112,772
112,774
112,783
112,823
112,824
112,836
112,851
112,862
112,875
112,903
112,946
112,960
112,964
112,989
112,992
112,993
112,997
113,125
113,132
113,159
113,169
113,205
113,207
113,260
113,265
113,278
113,284
113,287
113,301
113,326
113,337
113,351
113,361
113,378
113,383
113,409
113,432
113,434
113,443
113,450
113,451
113,454
113,460
113,461
113,468
113,501
113,502
113,543
113,552
113,554
113,578
113,599
113,632
113,648
113,662
113,669
113,682
113,693
113,694
113,701
113,746
113,747
113,755
113,758
113,787
113,793
113,815
113,818
113,841
113,843
113,850
113,871
113,878
113,910
113,931
113,933
113,938
113,977
113,980
114,119
114,123
114,312
114,347
114,398
114,399
114,416
114,499
114,623
114,629
114,713
114,786
114,792
114,824
114,844
114,893
114,942
114,969
114,983
115,119
115,120
115,140
115,149
115,195
115,238
115,308
115,358
115,373
115,379
115,443
115,481
115,509
115,546
115,573
115,685
115,686
115,707
115,710
115,723
115,756
115,811
115,827
115,986
116,121
116,137
116,155
116,194
116,209
116,249
116,320
116,388
116,406
116,421
116,457
116,497
116,505
116,521
116,531
116,534
116,537
116,544
116,560
116,570
116,573
116,591
116,627
116,628
116,638
116,644
116,671
116,680
116,683
116,684
116,700
116,707
116,754
116,832
116,865
116,889
116,898
116,922
116,924
116,939
116,972
116,978
116,996
117,137
117,152
117,162
117,171
117,179
117,215
117,257
117,267
117,302
117,320
117,327
117,346
117,432
117,435
117,497
117,577
117,586
117,643
117,665
117,696
117,726
117,780
117,803
117,813
117,849
117,859
117,861
117,865
117,884
117,888
117,950
118,199
118,400
118,404
118,419
118,455
118,496
118,606
118,641
118,758
118,775
118,844
118,847
118,973
119,150
119,174
119,214
119,230
119,391
119,416
119,443
119,528
119,595
119,723
119,756
119,796
119,986
120,130
120,133
120,145
120,150
120,165
120,184
120,186
120,192
120,196
120,229
120,230
120,236
120,242
120,260
120,264
120,282
120,303
120,308
120,312
120,319
120,328
120,347
120,354
120,358
120,362
120,367
120,373
120,408
120,416
120,417
120,443
120,475
120,499
120,509
120,510
120,511
120,516
120,546
120,575
120,645
120,649
120,654
120,664
120,670
120,686
120,696
120,707
120,710
120,723
120,759
120,772
120,786
120,790
120,811
120,824
120,844
120,848
120,881
120,889
120,891
120,894
120,915
120,929
120,942
120,975
120,985
120,986
120,987
121,137
121,144
121,148
121,162
121,167
121,171
121,178
121,184
121,194
121,209
121,216
121,257
121,279
121,296
121,323
121,339
121,355
121,400
121,401
121,446
121,490
121,503
121,521
121,537
121,554
121,560
121,573
121,586
121,628
121,636
121,640
121,657
121,683
121,688
121,711
121,717
121,719
121,726
121,732
121,759
121,767
121,770
121,845
121,865
121,866
121,893
121,972
121,974
122,124
122,137
122,222
122,280
122,317
122,375
122,376
122,379
122,385
122,395
122,421
122,528
122,630
122,688
122,693
122,726
122,753
122,825
122,857
122,903
122,925
122,928
122,959
122,981
122,997
123,135
123,176
123,214
123,229
123,260
123,312
123,317
123,367
123,380
123,486
123,499
123,509
123,510
123,557
123,575
123,610
123,645
123,663
123,667
123,671
123,685
123,756
123,760
123,792
123,824
123,826
123,844
123,942
123,977
124,170
124,222
124,282
124,343
124,350
124,428
124,433
124,538
124,550
124,557
124,591
124,609
124,678
124,753
124,781
124,799
124,825
124,844
124,851
124,855
124,947
124,990
124,997
125,132
125,135
125,141
125,153
125,177
125,197
125,208
125,217
125,221
125,235
125,245
125,258
125,339
125,351
125,356
125,362
125,403
125,423
125,432
125,437
125,443
125,451
125,465
125,470
125,501
125,502
125,534
125,552
125,561
125,606
125,626
125,642
125,653
125,669
125,680
125,694
125,704
125,715
125,717
125,732
125,761
125,810
125,816
125,839
125,872
125,885
125,897
125,912
125,913
125,919
125,936
125,962
125,968
126,144
126,168
126,186
126,188
126,224
126,250
126,260
126,307
126,341
126,351
126,390
126,466
126,489
126,500
126,522
126,549
126,561
126,562
126,574
126,583
126,602
126,626
126,629
126,632
126,649
126,656
126,674
126,679
126,690
126,698
126,717
126,781
126,786
126,817
126,851
126,860
126,895
126,907
126,913
126,937
126,959
126,964
126,982
126,995
126,999
127,136
127,149
127,165
127,258
127,284
127,291
127,300
127,377
127,397
127,432
127,445
127,450
127,453
127,465
127,502
127,513
127,533
127,566
127,592
127,601
127,608
127,613
127,690
127,695
127,719
127,742
127,745
127,769
127,790
127,807
127,809
127,827
127,860
127,896
127,921
127,927
127,931
127,955
127,959
127,974
127,994
127,995
128,129
128,130
128,141
128,174
128,228
128,238
128,270
128,318
128,409
128,449
128,481
128,639
128,658
128,794
128,842
128,875
129,135
129,151
129,158
129,180
129,192
129,197
129,200
129,205
129,234
129,240
129,244
129,254
129,255
129,261
129,318
129,347
129,370
129,371
129,433
129,446
129,451
129,465
129,471
129,493
129,534
129,538
129,563
129,591
129,624
129,664
129,682
129,694
129,704
129,716
129,717
129,765
129,772
129,782
129,787
129,797
129,806
129,838
129,860
129,897
129,912
129,933
129,938
129,959
130,133
130,144
130,177
130,182
130,195
130,218
130,228
130,252
130,253
130,276
130,282
130,285
130,302
130,311
130,319
130,339
130,341
130,405
130,418
130,427
130,488
130,494
130,509
130,518
130,522
130,527
130,529
130,538
130,561
130,565
130,568
130,589
130,618
130,656
130,658
130,671
130,678
130,688
130,696
130,704
130,706
130,759
130,768
130,780
130,790
130,797
130,811
130,817
130,828
130,829
130,845
130,860
130,863
130,885
130,899
130,913
130,916
130,937
130,979
130,985
130,987
130,992
131,142
131,157
131,168
131,177
131,220
131,228
131,230
131,235
131,255
131,271
131,282
131,306
131,334
131,347
131,349
131,370
131,408
131,414
131,431
131,438
131,440
131,462
131,466
131,475
131,477
131,487
131,498
131,513
131,514
131,515
131,523
131,526
131,568
131,583
131,615
131,623
131,631
131,679
131,688
131,690
131,707
131,710
131,714
131,721
131,744
131,745
131,754
131,759
131,761
131,782
131,790
131,809
131,811
131,817
131,829
131,845
131,860
131,893
131,918
131,927
131,934
131,951
131,955
131,976
131,987
132,153
132,159
132,197
132,205
132,210
132,221
132,235
132,247
132,258
132,266
132,351
132,362
132,383
132,386
132,396
132,409
132,415
132,425
132,432
132,434
132,451
132,452
132,470
132,476
132,481
132,489
132,501
132,502
132,535
132,539
132,541
132,543
132,564
132,565
132,578
132,584
132,601
132,602
132,620
132,626
132,651
132,665
132,666
132,669
132,682
132,693
132,694
132,707
132,716
132,736
132,739
132,752
132,755
132,776
132,787
132,793
132,801
132,806
132,822
132,835
132,853
132,863
132,871
132,883
132,921
132,931
132,933
132,937
132,941
133,134
133,136
133,138
133,150
133,183
133,196
133,203
133,211
133,217
133,220
133,224
133,232
133,254
133,283
133,285
133,314
133,337
133,341
133,366
133,397
133,408
133,409
133,427
133,435
133,448
133,450
133,463
133,473
133,481
133,482
133,494
133,508
133,513
133,523
133,543
133,562
133,568
133,574
133,601
133,618
133,631
133,656
133,693
133,748
133,757
133,784
133,794
133,796
133,817
133,818
133,822
133,830
133,837
133,840
133,867
133,930
133,932
133,941
133,959
133,964
133,979
134,165
134,167
134,170
134,189
134,285
134,367
134,509
134,707
134,829
134,880
134,977
134,984
135,214
135,229
135,230
135,235
135,301
135,303
135,306
135,342
135,376
135,399
135,408
135,414
135,435
135,443
135,499
135,510
135,519
135,546
135,575
135,589
135,599
135,645
135,670
135,685
135,707
135,753
135,790
135,835
135,844
135,942
135,969
136,140
136,144
136,162
136,163
136,285
136,311
136,341
136,347
136,376
136,432
136,453
136,454
136,467
136,477
136,481
136,486
136,508
136,518
136,522
136,538
136,545
136,562
136,583
136,602
136,618
136,653
136,672
136,684
136,688
136,696
136,717
136,768
136,774
136,793
136,794
136,817
136,839
136,842
136,860
136,863
136,885
136,899
136,907
136,924
136,941
136,976
136,985
136,987
136,999
137,160
137,167
137,171
137,179
137,193
137,228
137,256
137,275
137,276
137,277
137,302
137,331
137,339
137,355
137,385
137,389
137,401
137,436
137,490
137,503
137,505
137,512
137,554
137,576
137,579
137,591
137,612
137,627
137,656
137,665
137,671
137,696
137,720
137,726
137,735
137,764
137,788
137,808
137,865
137,875
137,887
137,899
137,906
137,911
137,998
138,175
138,224
138,228
138,252
138,255
138,283
138,292
138,348
138,431
138,443
138,450
138,463
138,499
138,508
138,523
138,524
138,686
138,719
138,829
138,863
138,867
138,878
138,901
138,921
138,976
138,982
139,176
139,197
139,199
139,207
139,213
139,225
139,251
139,256
139,288
139,297
139,384
139,389
139,396
139,418
139,426
139,455
139,458
139,480
139,567
139,571
139,606
139,621
139,629
139,635
139,640
139,675
139,711
139,761
139,778
139,802
139,834
139,853
139,858
139,859
139,870
139,886
139,935
140,142
140,149
140,158
140,164
140,206
140,217
140,258
140,265
140,300
140,356
140,394
140,403
140,463
140,470
140,472
140,473
140,482
140,486
140,515
140,517
140,588
140,592
140,601
140,653
140,693
140,722
140,732
140,751
140,756
140,776
140,835
140,842
140,868
140,907
140,921
140,968
140,986
141,287
141,327
141,378
141,383
141,393
141,461
141,470
141,502
141,532
141,539
141,547
141,559
141,599
141,616
141,624
141,630
141,648
141,651
141,655
141,658
141,684
141,689
141,694
141,698
141,701
141,714
141,722
141,728
141,730
141,758
141,763
141,869
141,871
141,940
141,947
141,971
142,148
142,149
142,182
142,184
142,229
142,265
142,286
142,289
142,314
142,319
142,335
142,347
142,349
142,366
142,389
142,397
142,450
142,476
142,486
142,489
142,508
142,540
142,542
142,561
142,591
142,601
142,608
142,685
142,695
142,719
142,721
142,745
142,758
142,772
142,807
142,842
142,860
142,881
142,896
142,907
142,921
142,940
142,941
142,951
142,959
142,975
142,995
143,158
143,164
143,176
143,181
143,228
143,264
143,330
143,347
143,362
143,424
143,434
143,482
143,489
143,533
143,588
143,592
143,598
143,608
143,631
143,655
143,658
143,668
143,669
143,684
143,695
143,716
143,827
143,887
143,916
143,921
143,958
143,963
143,968
143,980
144,149
144,151
144,253
144,266
144,300
144,307
144,337
144,341
144,370
144,418
144,421
144,465
144,466
144,487
144,522
144,527
144,529
144,535
144,536
144,561
144,563
144,602
144,619
144,660
144,670
144,701
144,703
144,736
144,741
144,752
144,765
144,770
144,775
144,851
144,875
144,913
144,917
144,924
144,959
144,976
144,985
144,988
144,999
145,214
145,276
145,317
145,319
145,391
145,399
145,416
145,433
145,488
145,493
145,593
145,629
145,630
145,685
145,753
145,786
145,796
145,809
145,824
145,880
145,893
145,932
145,942
145,974
146,161
146,266
146,292
146,349
146,407
146,452
146,658
146,666
146,689
146,694
146,715
146,727
146,752
146,804
146,814
146,815
146,821
146,871
146,892
146,931
146,936
146,971
146,982
147,156
147,165
147,212
147,218
147,267
147,270
147,310
147,312
147,316
147,322
147,341
147,354
147,360
147,364
147,390
147,396
147,403
147,435
147,506
147,522
147,542
147,563
147,611
147,614
147,659
147,661
147,674
147,680
147,731
147,732
147,733
147,740
147,753
147,774
147,808
147,828
147,866
147,871
147,894
147,901
147,917
147,924
147,926
147,937
148,150
148,208
148,249
148,255
148,258
148,289
148,310
148,312
148,317
148,321
148,323
148,345
148,374
148,375
148,377
148,391
148,395
148,399
148,414
148,420
148,423
148,467
148,471
148,487
148,494
148,507
148,545
148,557
148,570
148,583
148,609
148,623
148,629
148,630
148,634
148,639
148,657
148,667
148,670
148,672
148,680
148,710
148,720
148,726
148,737
148,747
148,769
148,780
148,824
148,851
148,864
148,928
148,935
148,937
148,960
148,964
148,975
148,981
149,153
149,157
149,158
149,168
149,170
149,189
149,227
149,235
149,282
149,283
149,307
149,318
149,337
149,347
149,373
149,375
149,383
149,408
149,431
149,450
149,451
149,477
149,481
149,486
149,513
149,515
149,546
149,559
149,584
149,601
149,608
149,623
149,631
149,657
149,690
149,695
149,704
149,710
149,719
149,738
149,745
149,759
149,770
149,790
149,817
149,832
149,835
149,859
149,860
149,867
149,896
149,899
149,916
149,937
149,951
149,955
149,985
149,987
149,995
149,998
150,165
150,174
150,177
150,195
150,198
150,236
150,291
150,321
150,373
150,381
150,391
150,423
150,433
150,443
150,478
150,493
150,510
150,518
150,526
150,570
150,623
150,629
150,645
150,654
150,655
150,657
150,667
150,678
150,723
150,760
150,769
150,770
150,774
150,778
150,785
150,811
150,812
150,824
150,838
150,839
150,842
150,851
150,860
150,864
150,878
150,915
150,929
150,937
150,942
150,947
150,958
150,960
150,984
150,987
151,162
151,163
151,173
151,174
151,178
151,186
151,212
151,232
151,248
151,264
151,267
151,282
151,311
151,322
151,325
151,338
151,372
151,375
151,382
151,389
151,390
151,417
151,440
151,450
151,458
151,479
151,521
151,540
151,542
151,555
151,561
151,563
151,564
151,566
151,573
151,575
151,613
151,621
151,624
151,659
151,661
151,674
151,679
151,680
151,682
151,697
151,723
151,725
151,735
151,764
151,768
151,774
151,781
151,807
151,828
151,842
151,846
151,857
151,859
151,864
151,917
151,924
151,939
151,978
151,985
151,988
152,166
152,179
152,275
152,296
152,363
152,505
152,555
152,644
152,737
152,791
152,800
152,866
152,874
153,180
153,187
153,205
153,227
153,245
153,258
153,284
153,291
153,314
153,334
153,342
153,348
153,389
153,393
153,408
153,432
153,441
153,451
153,465
153,489
153,515
153,527
153,584
153,653
153,668
153,694
153,719
153,782
153,818
153,904
153,913
153,918
153,959
153,980
154,206
154,217
154,220
154,221
154,234
154,282
154,300
154,337
154,359
154,361
154,378
154,496
154,653
154,689
154,708
154,740
154,746
154,766
154,776
154,976
155,205
155,220
155,231
155,278
155,333
155,386
155,403
155,407
155,408
155,409
155,415
155,439
155,459
155,476
155,522
155,538
155,569
155,638
155,655
155,658
155,675
155,724
155,752
155,757
155,766
155,777
155,787
155,795
155,827
155,843
155,871
155,879
155,900
155,918
155,930
155,954
156,167
156,199
156,243
156,251
156,256
156,263
156,281
156,295
156,308
156,313
156,338
156,340
156,352
156,359
156,365
156,400
156,402
156,410
156,436
156,458
156,460
156,480
156,490
156,496
156,500
156,650
156,675
156,676
156,695
156,699
156,732
156,743
156,750
156,755
156,758
156,771
156,775
156,801
156,821
156,833
156,836
156,841
156,869
156,876
156,877
156,909
156,945
156,950
156,959
156,990
157,165
157,174
157,241
157,242
157,268
157,282
157,373
157,380
157,385
157,392
157,398
157,452
157,468
157,475
157,497
157,509
157,516
157,526
157,551
157,563
157,571
157,575
157,581
157,598
157,601
157,631
157,645
157,649
157,656
157,673
157,686
157,690
157,695
157,707
157,744
157,759
157,770
157,781
157,790
157,794
157,817
157,848
157,863
157,891
157,900
157,933
157,934
157,942
157,959
157,976
157,984
157,994
158,180
158,206
158,252
158,265
158,270
158,278
158,289
158,300
158,301
158,314
158,355
158,409
158,415
158,425
158,432
158,434
158,451
158,463
158,476
158,477
158,482
158,486
158,489
158,498
158,516
158,518
158,533
158,598
158,601
158,608
158,620
158,624
158,633
158,653
158,655
158,658
158,693
158,694
158,695
158,714
158,717
158,724
158,725
158,744
158,745
158,766
158,776
158,790
158,804
158,814
158,827
158,844
158,852
158,855
158,856
158,863
158,883
158,891
158,907
158,916
158,918
158,921
158,932
158,941
158,946
158,968
158,998
159,212
159,223
159,240
159,244
159,309
159,460
159,463
159,479
159,492
159,500
159,525
159,574
159,598
159,609
159,642
159,666
159,702
159,842
159,856
159,901
159,931
159,953
159,957
159,988
160,166
160,171
160,183
160,202
160,209
160,277
160,279
160,315
160,339
160,364
160,369
160,379
160,401
160,503
160,542
160,544
160,554
160,573
160,576
160,577
160,604
160,678
160,680
160,700
160,711
160,743
160,799
160,802
160,849
160,874
160,884
160,887
160,922
160,974
160,993
161,205
161,226
161,231
161,407
161,425
161,454
161,539
161,559
161,605
161,616
161,651
161,682
161,696
161,715
161,766
161,788
161,793
161,810
161,852
161,871
161,879
161,895
161,900
161,919
161,968
161,982
162,173
162,212
162,273
162,284
162,302
162,322
162,364
162,372
162,387
162,401
162,484
162,499
162,503
162,540
162,545
162,555
162,593
162,601
162,655
162,660
162,661
162,673
162,725
162,747
162,770
162,774
162,780
162,825
162,828
162,859
162,861
162,903
162,913
162,947
162,950
162,964
162,993
163,178
163,193
163,201
163,228
163,241
163,257
163,267
163,293
163,339
163,350
163,356
163,375
163,376
163,385
163,446
163,491
163,545
163,557
163,625
163,627
163,638
163,643
163,661
163,688
163,735
163,753
163,765
163,770
163,790
163,799
163,825
163,855
163,903
163,928
163,938
163,981
163,992
163,993
163,996
164,210
164,293
164,299
164,300
164,322
164,408
164,409
164,415
164,443
164,472
164,473
164,482
164,485
164,533
164,559
164,588
164,598
164,680
164,693
164,695
164,718
164,724
164,776
164,798
164,804
164,826
164,850
164,916
164,927
164,941
165,168
165,177
165,189
165,236
165,255
165,260
165,282
165,354
165,358
165,367
165,373
165,375
165,408
165,431
165,450
165,474
165,475
165,509
165,510
165,513
165,516
165,518
165,546
165,560
165,575
165,610
165,618
165,652
165,693
165,704
165,707
165,759
165,814
165,816
165,827
165,841
165,842
165,864
165,885
165,927
165,929
165,951
165,958
165,984
165,986
165,999
166,171
166,194
166,272
166,275
166,279
166,294
166,296
166,327
166,353
166,363
166,381
166,388
166,390
166,429
166,483
166,503
166,535
166,556
166,573
166,621
166,644
166,725
166,761
166,799
166,819
166,831
166,849
166,851
166,865
166,887
166,888
166,893
166,908
166,936
166,939
166,950
166,974
166,981
167,171
167,193
167,194
167,202
167,222
167,274
167,280
167,321
167,339
167,345
167,350
167,370
167,375
167,379
167,420
167,421
167,428
167,446
167,450
167,456
167,484
167,487
167,490
167,494
167,534
167,540
167,545
167,550
167,557
167,591
167,594
167,603
167,615
167,629
167,634
167,726
167,735
167,747
167,769
167,797
167,825
167,829
167,855
167,902
167,903
167,914
167,924
167,928
167,965
167,981
167,988
167,993
168,181
168,186
168,242
168,282
168,347
168,348
168,354
168,438
168,455
168,477
168,481
168,513
168,516
168,518
168,578
168,581
168,610
168,631
168,690
168,696
168,743
168,755
168,759
168,789
168,827
168,885
168,906
168,951
168,995
168,998
169,172
169,196
169,223
169,249
169,274
169,277
169,278
169,301
169,335
169,340
169,361
169,385
169,426
169,432
169,441
169,481
169,530
169,539
169,549
169,552
169,565
169,573
169,584
169,604
169,611
169,650
169,651
169,666
169,668
169,669
169,682
169,694
169,697
169,707
169,715
169,728
169,732
169,734
169,740
169,749
169,762
169,793
169,837
169,847
169,870
169,873
169,953
170,178
170,193
170,194
170,218
170,222
170,242
170,269
170,274
170,276
170,285
170,310
170,311
170,322
170,345
170,350
170,370
170,375
170,379
170,381
170,382
170,393
170,420
170,421
170,423
170,428
170,429
170,443
170,450
170,456
170,467
170,478
170,487
170,494
170,512
170,521
170,528
170,545
170,550
170,560
170,570
170,583
170,591
170,609
170,634
170,654
170,678
170,688
170,712
170,719
170,747
170,753
170,759
170,760
170,768
170,770
170,772
170,780
170,814
170,817
170,824
170,825
170,857
170,860
170,864
170,937
170,964
170,972
170,976
170,982
170,986
170,993
171,196
171,272
171,275
171,284
171,294
171,296
171,304
171,323
171,346
171,421
171,490
171,503
171,511
171,521
171,535
171,537
171,556
171,573
171,579
171,586
171,643
171,660
171,661
171,711
171,724
171,735
171,764
171,765
171,789
171,792
171,825
171,838
171,849
171,874
171,887
171,905
171,908
171,967
171,974
171,995
172,197
172,208
172,219
172,237
172,240
172,244
172,268
172,288
172,295
172,311
172,400
172,411
172,445
172,453
172,458
172,460
172,462
172,480
172,517
172,549
172,561
172,566
172,613
172,641
172,650
172,696
172,705
172,713
172,714
172,757
172,771
172,830
172,847
172,853
172,864
172,870
172,871
172,879
172,897
172,905
172,936
172,952
172,961
173,221
173,222
173,257
173,262
173,264
173,267
173,272
173,322
173,337
173,364
173,371
173,404
173,446
173,475
173,537
173,545
173,549
173,555
173,558
173,576
173,596
173,638
173,660
173,697
173,709
173,720
173,725
173,726
173,746
173,753
173,760
173,764
173,768
173,772
173,849
173,860
173,939
173,964
174,177
174,195
174,312
174,321
174,345
174,347
174,358
174,391
174,423
174,464
174,466
174,493
174,570
174,598
174,630
174,654
174,667
174,723
174,729
174,806
174,934
174,976
174,985
175,206
175,225
175,237
175,281
175,287
175,292
175,330
175,332
175,359
175,393
175,441
175,541
175,549
175,580
175,617
175,638
175,666
175,689
175,702
175,728
175,734
175,752
175,762
175,820
175,821
175,850
175,862
175,873
175,933
175,973
175,979
175,999
176,179
176,180
176,194
176,200
176,209
176,216
176,228
176,244
176,294
176,321
176,355
176,370
176,375
176,388
176,409
176,446
176,457
176,470
176,498
176,534
176,544
176,560
176,570
176,579
176,594
176,627
176,643
176,647
176,654
176,673
176,683
176,687
176,705
176,714
176,726
176,735
176,765
176,767
176,768
176,796
176,813
176,817
176,819
176,855
176,861
176,864
176,865
176,882
176,888
176,898
176,908
176,921
176,939
176,974
176,978
176,981
176,990
177,192
177,194
177,211
177,227
177,234
177,307
177,329
177,332
177,344
177,350
177,358
177,373
177,417
177,419
177,426
177,437
177,478
177,530
177,536
177,545
177,565
177,572
177,602
177,607
177,644
177,646
177,649
177,672
177,701
177,704
177,713
177,730
177,761
177,771
177,782
177,825
177,895
177,913
177,917
177,926
177,938
178,201
178,227
178,279
178,293
178,339
178,371
178,381
178,406
178,421
178,430
178,534
178,536
178,576
178,591
178,594
178,603
178,636
178,651
178,673
178,678
178,691
178,720
178,747
178,772
178,781
178,812
178,823
178,847
178,855
178,866
178,884
178,894
178,903
178,908
178,928
178,939
178,947
178,978
178,993
178,997
179,184
179,209
179,257
179,293
179,339
179,381
179,401
179,472
179,495
179,497
179,509
179,512
179,537
179,545
179,554
179,561
179,573
179,628
179,659
179,678
179,683
179,700
179,720
179,753
179,764
179,778
179,819
179,849
179,862
179,874
179,888
179,939
179,974
180,221
180,227
180,235
180,254
180,258
180,272
180,274
180,337
180,379
180,410
180,432
180,451
180,460
180,522
180,523
180,529
180,530
180,601
180,608
180,626
180,648
180,651
180,655
180,675
180,682
180,684
180,701
180,704
180,717
180,774
180,782
180,785
180,804
180,816
180,885
180,893
180,897
180,910
180,912
180,913
180,932
180,936
180,938
180,959
180,972
180,980
180,999
181,182
181,254
181,265
181,291
181,330
181,334
181,337
181,351
181,356
181,362
181,377
181,386
181,432
181,437
181,451
181,465
181,513
181,552
181,580
181,598
181,682
181,746
181,810
181,821
181,856
181,868
181,927
181,941
181,946
181,959
182,201
182,212
182,226
182,308
182,327
182,341
182,354
182,448
182,486
182,488
182,494
182,514
182,518
182,538
182,585
182,596
182,597
182,619
182,626
182,634
182,648
182,667
182,669
182,679
182,692
182,696
182,725
182,736
182,742
182,760
182,784
182,796
182,797
182,827
182,836
182,845
182,873
182,885
182,899
182,924
182,925
182,984
182,992
182,993
183,187
183,213
183,226
183,237
183,259
183,290
183,324
183,336
183,342
183,352
183,357
183,413
183,419
183,430
183,436
183,442
183,460
183,468
183,517
183,530
183,552
183,604
183,611
183,652
183,699
183,730
183,734
183,740
183,741
183,812
183,821
183,830
183,856
183,875
183,911
183,922
183,933
183,970
183,973
184,185
184,188
184,190
184,199
184,209
184,251
184,273
184,297
184,299
184,309
184,326
184,327
184,333
184,348
184,419
184,421
184,426
184,439
184,447
184,455
184,458
184,461
184,505
184,540
184,559
184,560
184,567
184,579
184,595
184,621
184,633
184,644
184,664
184,674
184,694
184,713
184,749
184,755
184,757
184,765
184,802
184,805
184,834
184,840
184,853
184,858
184,862
184,873
184,888
184,895
184,905
184,906
184,910
184,919
184,920
184,950
184,952
185,233
185,251
185,304
185,313
185,319
185,327
185,340
185,355
185,360
185,388
185,426
185,437
185,439
185,447
185,453
185,492
185,514
185,535
185,586
185,595
185,621
185,633
185,646
185,664
185,711
185,731
185,755
185,757
185,830
185,853
185,854
185,862
185,884
185,898
185,924
185,966
185,971
185,993
186,228
186,306
186,337
186,416
186,475
186,477
186,486
186,487
186,509
186,537
186,592
186,615
186,629
186,649
186,654
186,655
186,741
186,744
186,790
186,796
186,797
186,817
186,842
186,867
186,880
186,883
186,931
186,934
186,975
186,984
187,232
187,281
187,287
187,338
187,359
187,388
187,419
187,517
187,525
187,530
187,532
187,559
187,562
187,569
187,582
187,613
187,632
187,673
187,675
187,702
187,708
187,732
187,740
187,749
187,750
187,775
187,778
187,826
187,830
187,833
187,853
187,954
187,963
187,979
187,983
187,991
188,192
188,251
188,268
188,273
188,298
188,342
188,370
188,418
188,422
188,426
188,429
188,435
188,455
188,491
188,492
188,497
188,535
188,567
188,571
188,575
188,606
188,611
188,612
188,621
188,633
188,635
188,659
188,692
188,699
188,757
188,773
188,778
188,779
188,823
188,834
188,947
189,230
189,236
189,282
189,284
189,285
189,303
189,308
189,311
189,318
189,341
189,347
189,354
189,380
189,398
189,431
189,438
189,474
189,475
189,498
189,507
189,516
189,519
189,546
189,550
189,649
189,672
189,690
189,707
189,729
189,736
189,790
189,796
189,835
189,842
189,845
189,848
189,885
189,896
189,959
189,969
189,974
189,984
189,985
189,986
190,214
190,219
190,263
190,272
190,281
190,290
190,338
190,352
190,365
190,383
190,410
190,411
190,422
190,436
190,496
190,525
190,559
190,616
190,617
190,632
190,650
190,666
190,677
190,699
190,743
190,749
190,758
190,761
190,775
190,833
190,886
190,905
190,923
191,225
191,284
191,287
191,291
191,292
191,396
191,441
191,459
191,470
191,520
191,604
191,617
191,622
191,689
191,740
191,763
191,841
191,982
192,193
192,196
192,203
192,208
192,258
192,285
192,295
192,326
192,329
192,335
192,336
192,341
192,361
192,392
192,437
192,448
192,454
192,460
192,471
192,494
192,516
192,518
192,529
192,552
192,557
192,559
192,566
192,631
192,633
192,638
192,651
192,655
192,660
192,661
192,672
192,674
192,682
192,701
192,716
192,717
192,751
192,760
192,774
192,782
192,841
192,860
192,861
192,875
192,895
192,897
192,913
192,926
192,938
192,944
192,982
192,999
193,201
193,216
193,267
193,293
193,339
193,370
193,379
193,381
193,401
193,423
193,456
193,467
193,483
193,490
193,505
193,538
193,673
193,683
193,703
193,705
193,772
193,823
193,825
193,855
193,902
193,903
193,940
193,947
193,965
193,974
193,987
193,997
194,201
194,279
194,306
194,320
194,323
194,363
194,388
194,401
194,406
194,421
194,431
194,442
194,497
194,511
194,521
194,531
194,534
194,539
194,560
194,585
194,628
194,647
194,666
194,671
194,683
194,700
194,705
194,813
194,832
194,853
194,882
194,898
194,924
194,939
194,963
194,974
195,214
195,218
195,239
195,267
195,312
195,341
195,358
195,373
195,376
195,414
195,417
195,445
195,447
195,478
195,488
195,493
195,518
195,551
195,568
195,570
195,639
195,649
195,667
195,670
195,685
195,688
195,690
195,723
195,790
195,796
195,797
195,802
195,845
195,924
195,932
195,937
195,960
195,977
195,999
196,208
196,221
196,244
196,296
196,297
196,314
196,316
196,326
196,329
196,335
196,341
196,393
196,437
196,453
196,479
196,514
196,524
196,530
196,536
196,566
196,578
196,605
196,629
196,672
196,697
196,702
196,704
196,725
196,738
196,740
196,772
196,795
196,818
196,841
196,849
196,856
196,858
196,870
196,874
196,921
196,922
196,944
196,948
196,971
196,980
196,990
197,230
197,254
197,286
197,291
197,356
197,386
197,388
197,394
197,412
197,451
197,470
197,485
197,523
197,543
197,584
197,601
197,620
197,626
197,633
197,648
197,669
197,682
197,696
197,727
197,751
197,752
197,787
197,798
197,814
197,817
197,826
197,871
197,875
197,904
197,931
197,971
197,980
198,214
198,245
198,251
198,259
198,288
198,294
198,297
198,298
198,304
198,326
198,368
198,372
198,385
198,386
198,387
198,396
198,400
198,408
198,418
198,426
198,430
198,445
198,447
198,455
198,458
198,491
198,492
198,500
198,506
198,524
198,545
198,556
198,567
198,571
198,582
198,595
198,611
198,635
198,643
198,664
198,668
198,673
198,674
198,683
198,725
198,755
198,769
198,778
198,779
198,801
198,802
198,808
198,826
198,851
198,853
198,858
198,870
198,886
198,905
198,906
198,913
198,920
198,922
198,929
198,935
198,943
198,947
198,948
198,957
199,243
199,263
199,271
199,277
199,278
199,332
199,340
199,365
199,396
199,400
199,410
199,419
199,436
199,496
199,515
199,567
199,569
199,600
199,606
199,675
199,676
199,692
199,708
199,743
199,745
199,749
199,758
199,761
199,771
199,790
199,801
199,820
199,847
199,876
199,877
199,949
199,967
200,206
200,258
200,478
200,736
200,816
200,897
201,216
201,241
201,339
201,370
201,446
201,457
201,512
201,531
201,544
201,634
201,638
201,671
201,705
201,735
201,760
201,819
201,823
201,855
201,903
201,989
202,204
202,207
202,248
202,269
202,296
202,337
202,343
202,372
202,420
202,467
202,488
202,545
202,596
202,660
202,738
202,783
202,800
202,836
202,851
202,854
202,868
202,911
202,947
202,964
202,970
202,985
203,223
203,227
203,244
203,247
203,301
203,329
203,392
203,437
203,463
203,471
203,479
203,565
203,596
203,626
203,668
203,672
203,684
203,738
203,751
203,762
203,789
203,841
203,856
203,999
204,224
204,284
204,300
204,334
204,348
204,436
204,450
204,451
204,513
204,563
204,569
204,580
204,602
204,605
204,878
204,932
204,934
204,951
204,959
204,999
205,207
205,290
205,361
205,383
205,386
205,392
205,403
205,405
205,409
205,454
205,461
205,465
205,468
205,470
205,502
205,519
205,537
205,626
205,633
205,662
205,669
205,681
205,682
205,731
205,745
205,806
205,807
205,815
205,818
205,845
205,850
205,912
205,936
205,982
206,245
206,246
206,283
206,286
206,289
206,333
206,337
206,347
206,349
206,403
206,415
206,425
206,432
206,434
206,452
206,459
206,468
206,476
206,485
206,515
206,533
206,539
206,588
206,655
206,658
206,668
206,689
206,693
206,694
206,713
206,724
206,766
206,776
206,852
206,872
206,883
206,904
206,907
206,912
206,918
206,930
206,946
206,968
206,975
206,993
207,274
207,287
207,299
207,333
207,341
207,361
207,383
207,385
207,416
207,425
207,451
207,454
207,468
207,470
207,496
207,501
207,502
207,520
207,539
207,543
207,549
207,562
207,608
207,614
207,662
207,672
207,682
207,684
207,689
207,713
207,725
207,734
207,738
207,755
207,757
207,762
207,768
207,793
207,806
207,814
207,815
207,878
207,892
207,897
207,912
207,962
207,971
207,982
208,211
208,227
208,234
208,247
208,254
208,282
208,307
208,316
208,319
208,364
208,371
208,383
208,419
208,442
208,454
208,493
208,494
208,526
208,565
208,600
208,648
208,672
208,682
208,701
208,738
208,740
208,816
208,856
208,860
208,881
208,889
208,894
208,895
208,904
208,907
208,926
208,936
208,938
208,944
208,953
208,973
208,995
209,211
209,212
209,262
209,275
209,279
209,280
209,306
209,315
209,320
209,339
209,355
209,387
209,393
209,401
209,406
209,426
209,430
209,440
209,457
209,460
209,491
209,503
209,531
209,537
209,544
209,552
209,571
209,573
209,585
209,586
209,625
209,628
209,643
209,683
209,707
209,715
209,765
209,767
209,778
209,813
209,819
209,849
209,865
209,874
209,882
209,887
209,889
209,938
209,939
209,974
210,223
210,233
210,245
210,286
210,425
210,466
210,482
210,553
210,584
210,598
210,625
210,634
210,637
210,653
210,722
210,724
210,757
210,807
210,822
210,970
210,995
211,227
211,247
211,330
211,393
211,437
211,460
211,471
211,561
211,614
211,672
211,704
211,718
211,725
211,818
211,881
211,911
211,926
211,936
211,938
211,948
211,966
212,231
212,270
212,293
212,310
212,335
212,371
212,379
212,392
212,403
212,417
212,439
212,453
212,458
212,467
212,486
212,490
212,494
212,522
212,538
212,548
212,561
212,583
212,661
212,664
212,680
212,687
212,736
212,750
212,774
212,782
212,843
212,851
212,859
212,863
212,875
212,894
212,901
212,916
212,917
212,924
212,948
212,952
212,985
212,993
212,995
213,226
213,261
213,268
213,275
213,281
213,324
213,384
213,497
213,530
213,599
213,606
213,632
213,708
213,732
213,740
213,749
213,758
213,791
213,804
213,821
213,856
213,906
213,944
213,959
214,258
214,260
214,267
214,314
214,317
214,328
214,443
214,454
214,465
214,499
214,581
214,589
214,600
214,623
214,629
214,631
214,645
214,663
214,717
214,756
214,760
214,786
214,835
214,844
214,942
214,958
215,227
215,294
215,302
215,315
215,326
215,327
215,346
215,385
215,404
215,444
215,495
215,512
215,514
215,560
215,577
215,643
215,664
215,679
215,697
215,735
215,764
215,799
215,803
215,855
215,903
215,908
215,947
215,989
215,995
216,262
216,277
216,280
216,327
216,370
216,406
216,407
216,428
216,446
216,490
216,512
216,555
216,625
216,654
216,658
216,673
216,735
216,819
216,865
216,887
216,915
216,928
216,974
217,254
217,265
217,296
217,300
217,314
217,349
217,366
217,441
217,450
217,451
217,584
217,640
217,667
217,669
217,684
217,714
217,736
217,738
217,742
217,817
217,868
217,875
217,932
217,941
217,954
218,224
218,253
218,276
218,293
218,294
218,310
218,311
218,325
218,345
218,370
218,373
218,393
218,395
218,398
218,420
218,423
218,431
218,433
218,478
218,488
218,499
218,507
218,564
218,568
218,570
218,573
218,583
218,596
218,615
218,618
218,622
218,634
218,667
218,697
218,726
218,736
218,760
218,769
218,770
218,780
218,784
218,851
218,937
218,975
218,985
218,997
218,998
219,223
219,225
219,226
219,289
219,298
219,313
219,322
219,324
219,328
219,340
219,384
219,422
219,432
219,439
219,442
219,455
219,462
219,549
219,552
219,566
219,567
219,578
219,632
219,641
219,677
219,699
219,701
219,702
219,732
219,775
219,777
219,793
219,837
219,854
219,866
219,868
219,870
219,892
219,909
219,973
219,976
219,983
219,990
220,243
220,250
220,266
220,286
220,349
220,543
220,552
220,598
220,698
220,721
220,722
220,724
220,746
220,787
220,807
220,868
220,916
220,959
220,962
221,227
221,235
221,244
221,254
221,258
221,291
221,311
221,316
221,330
221,335
221,348
221,351
221,356
221,372
221,420
221,432
221,445
221,451
221,461
221,463
221,471
221,501
221,502
221,523
221,540
221,542
221,562
221,611
221,626
221,648
221,653
221,668
221,680
221,704
221,717
221,724
221,734
221,738
221,745
221,755
221,776
221,782
221,783
221,787
221,816
221,853
221,895
221,897
221,912
221,917
221,952
221,959
221,962
221,977
221,980
222,249
222,276
222,279
222,280
222,375
222,381
222,416
222,484
222,591
222,594
222,603
222,673
222,688
222,705
222,712
222,747
222,753
222,768
222,855
222,898
222,902
222,928
222,933
222,947
222,997
223,227
223,244
223,260
223,290
223,328
223,329
223,333
223,393
223,422
223,461
223,471
223,479
223,518
223,532
223,552
223,559
223,565
223,611
223,641
223,648
223,651
223,652
223,672
223,694
223,730
223,738
223,762
223,805
223,812
223,815
223,841
223,850
223,892
223,933
223,936
223,944
223,957
223,966
224,243
224,318
224,337
224,464
224,508
224,513
224,522
224,523
224,551
224,653
224,708
224,751
224,924
225,284
225,287
225,301
225,383
225,396
225,461
225,468
225,517
225,532
225,541
225,549
225,613
225,617
225,635
225,666
225,702
225,728
225,772
225,821
225,873
225,923
225,940
225,944
225,956
225,979
226,237
226,240
226,247
226,253
226,301
226,324
226,356
226,357
226,384
226,422
226,445
226,506
226,517
226,524
226,530
226,542
226,604
226,652
226,666
226,699
226,701
226,702
226,712
226,728
226,732
226,734
226,740
226,741
226,749
226,762
226,806
226,826
226,837
226,850
226,933
226,935
226,943
226,948
226,953
226,979
227,244
227,247
227,279
227,295
227,327
227,329
227,333
227,335
227,337
227,339
227,392
227,393
227,432
227,437
227,458
227,466
227,467
227,471
227,496
227,527
227,539
227,541
227,549
227,563
227,566
227,617
227,651
227,680
227,701
227,708
227,717
227,730
227,734
227,738
227,740
227,761
227,765
227,776
227,782
227,793
227,810
227,839
227,843
227,894
227,921
227,924
227,932
227,935
227,938
227,944
228,235
228,239
228,319
228,322
228,351
228,405
228,417
228,427
228,438
228,449
228,463
228,513
228,518
228,531
228,555
228,562
228,581
228,594
228,596
228,602
228,615
228,656
228,670
228,696
228,703
228,706
228,756
228,796
228,829
228,845
228,885
228,897
228,927
228,934
228,951
228,985
229,236
229,242
229,247
229,260
229,282
229,296
229,303
229,308
229,311
229,347
229,358
229,369
229,375
229,376
229,414
229,416
229,423
229,443
229,454
229,487
229,498
229,499
229,509
229,510
229,550
229,575
229,585
229,606
229,610
229,623
229,645
229,649
229,654
229,657
229,662
229,678
229,688
229,759
229,815
229,835
229,844
229,859
229,913
229,914
229,942
229,958
229,968
229,977
229,985
230,236
230,242
230,345
230,372
230,398
230,416
230,443
230,509
230,510
230,523
230,546
230,575
230,591
230,623
230,649
230,710
230,723
230,752
230,790
230,809
230,835
230,838
230,849
230,864
230,880
230,917
230,933
230,964
230,986
231,250
231,292
231,333
231,434
231,451
231,486
231,590
231,662
231,669
231,687
231,795
231,804
231,810
231,822
231,843
231,852
231,883
231,892
231,897
231,927
231,929
231,938
231,941
231,980
232,339
232,405
232,440
232,483
232,522
232,527
232,536
232,568
232,590
232,618
232,659
232,723
232,733
232,774
232,781
232,845
232,890
232,938
232,992
232,997
233,260
233,286
233,311
233,394
233,403
233,424
233,425
233,459
233,515
233,569
233,598
233,637
233,648
233,671
233,681
233,777
233,795
233,796
233,797
233,801
233,804
233,843
233,850
233,852
233,918
233,930
233,954
233,969
233,976
234,244
234,247
234,261
234,351
234,471
234,491
234,565
234,651
234,704
234,717
234,782
234,926
234,936
235,258
235,280
235,327
235,334
235,341
235,348
235,356
235,362
235,445
235,451
235,461
235,470
235,473
235,501
235,529
235,564
235,574
235,592
235,620
235,669
235,704
235,709
235,717
235,719
235,768
235,787
235,798
235,810
235,811
235,827
235,829
235,899
235,923
235,941
235,959
235,962
235,968
235,976
236,238
236,265
236,282
236,354
236,358
236,359
236,391
236,395
236,398
236,443
236,475
236,498
236,499
236,509
236,516
236,529
236,546
236,561
236,575
236,610
236,670
236,707
236,723
236,744
236,756
236,811
236,817
236,824
236,835
236,842
236,844
236,860
236,864
236,893
236,929
236,951
236,976
236,977
236,984
237,297
237,483
237,517
237,541
237,549
237,604
237,632
237,666
237,672
237,702
237,740
237,820
237,961
237,979
237,991
238,282
238,285
238,289
238,300
238,318
238,373
238,391
238,398
238,431
238,474
238,581
238,723
238,794
238,796
238,863
238,880
238,885
238,987
239,241
239,328
239,373
239,387
239,404
239,427
239,516
239,526
239,558
239,609
239,695
239,697
239,796
239,846
239,891
239,899
239,977
239,987
239,992
239,997
240,244
240,251
240,273
240,274
240,278
240,281
240,295
240,298
240,309
240,313
240,346
240,375
240,384
240,422
240,432
240,445
240,460
240,479
240,496
240,516
240,578
240,600
240,616
240,627
240,642
240,658
240,664
240,666
240,672
240,673
240,692
240,724
240,728
240,730
240,749
240,771
240,775
240,793
240,802
240,805
240,830
240,837
240,853
240,873
240,944
240,952
240,961
240,982
240,988
241,257
241,276
241,280
241,293
241,333
241,339
241,350
241,357
241,370
241,456
241,534
241,576
241,625
241,720
241,726
241,735
241,753
241,865
241,894
241,903
241,965
241,997
242,260
242,282
242,283
242,303
242,376
242,380
242,443
242,451
242,474
242,475
242,498
242,499
242,510
242,543
242,610
242,611
242,630
242,631
242,649
242,663
242,670
242,707
242,753
242,756
242,766
242,792
242,796
242,835
242,893
242,906
242,929
242,938
242,958
242,959
242,984
242,985
242,986
242,987
242,998
243,259
243,263
243,281
243,323
243,332
243,338
243,340
243,342
243,365
243,400
243,402
243,410
243,436
243,455
243,460
243,496
243,512
243,523
243,568
243,600
243,606
243,614
243,675
243,676
243,699
243,717
243,743
243,760
243,761
243,771
243,802
243,826
243,859
243,862
243,870
243,886
243,894
243,935
243,945
244,251
244,288
244,301
244,302
244,342
244,344
244,373
244,380
244,403
244,415
244,422
244,445
244,455
244,460
244,479
244,480
244,492
244,508
244,539
244,545
244,559
244,566
244,595
244,614
244,636
244,641
244,651
244,679
244,703
244,709
244,740
244,769
244,776
244,793
244,816
244,830
244,841
244,842
244,894
244,925
244,933
244,938
244,943
244,944
244,948
244,959
244,961
244,988
245,286
245,289
245,308
245,311
245,378
245,409
245,410
245,415
245,417
245,424
245,425
245,445
245,472
245,476
245,485
245,543
245,547
245,620
245,637
245,681
245,693
245,721
245,724
245,738
245,785
245,804
245,852
245,864
245,883
245,910
245,916
245,918
245,928
245,946
245,954
245,975
246,289
246,333
246,383
246,409
246,415
246,424
246,434
246,459
246,476
246,482
246,515
246,547
246,569
246,617
246,655
246,658
246,745
246,777
246,785
246,795
246,804
246,814
246,842
246,843
246,852
246,883
246,930
246,954
246,968
247,254
247,361
247,404
247,437
247,453
247,471
247,565
247,643
247,653
247,697
247,701
247,721
247,724
247,738
247,751
247,854
247,875
247,931
247,936
247,944
248,249
248,262
248,374
248,385
248,391
248,420
248,423
248,464
248,467
248,494
248,545
248,603
248,638
248,660
248,674
248,770
248,783
248,851
248,892
248,937
248,964
248,992
249,303
249,310
249,317
249,321
249,323
249,325
249,345
249,395
249,433
249,483
249,487
249,517
249,557
249,594
249,629
249,630
249,634
249,657
249,712
249,729
249,760
249,821
249,844
249,874
249,928
249,937
249,987
249,997
250,307
250,403
250,409
250,452
250,527
250,587
250,637
250,658
250,746
250,748
250,752
250,771
250,785
250,816
250,818
250,843
250,883
250,933
250,980
251,256
251,295
251,297
251,299
251,304
251,309
251,326
251,341
251,351
251,381
251,410
251,418
251,422
251,436
251,445
251,455
251,458
251,460
251,480
251,483
251,487
251,491
251,506
251,513
251,539
251,544
251,555
251,624
251,632
251,635
251,651
251,672
251,674
251,699
251,717
251,743
251,749
251,752
251,755
251,771
251,774
251,775
251,779
251,802
251,827
251,828
251,834
251,847
251,853
251,854
251,858
251,862
251,870
251,874
251,906
251,940
251,949
251,952
251,968
251,988
252,269
252,341
252,385
252,437
252,478
252,520
252,527
252,538
252,602
252,679
252,686
252,695
252,706
252,774
252,794
252,796
252,797
252,841
252,845
252,859
252,863
252,899
252,977
253,337
253,341
253,392
253,394
253,395
253,448
253,463
253,469
253,495
253,502
253,514
253,538
253,561
253,565
253,591
253,602
253,607
253,619
253,678
253,679
253,727
253,736
253,760
253,780
253,781
253,782
253,787
253,826
253,828
253,839
253,859
253,875
253,913
253,985
253,990
253,999
254,258
254,261
254,280
254,331
254,362
254,385
254,427
254,465
254,493
254,508
254,522
254,523
254,624
254,650
254,704
254,716
254,717
254,725
254,796
254,816
254,868
254,883
254,897
254,936
254,938
254,959
254,962
255,282
255,285
255,347
255,427
255,438
255,450
255,464
255,477
255,501
255,509
255,513
255,518
255,538
255,551
255,602
255,653
255,790
255,811
255,817
255,829
255,845
255,860
255,976
255,984
255,985
256,335
256,487
256,514
256,571
256,582
256,606
256,621
256,635
256,640
256,642
256,667
256,737
256,740
256,801
256,831
256,836
256,840
256,869
256,886
256,906
256,967
257,279
257,368
257,429
257,467
257,495
257,537
257,554
257,579
257,586
257,612
257,630
257,665
257,698
257,705
257,720
257,726
257,735
257,819
257,849
257,857
257,865
257,874
257,884
257,908
257,939
258,262
258,314
258,326
258,345
258,348
258,362
258,375
258,402
258,415
258,416
258,425
258,427
258,437
258,446
258,454
258,470
258,472
258,486
258,501
258,518
258,523
258,546
258,574
258,588
258,626
258,633
258,639
258,666
258,670
258,693
258,703
258,716
258,717
258,722
258,730
258,735
258,738
258,752
258,798
258,820
258,839
258,860
258,897
258,904
258,910
258,921
258,938
258,941
258,959
258,962
258,963
258,968
258,985
259,298
259,304
259,418
259,447
259,479
259,491
259,511
259,571
259,597
259,621
259,633
259,644
259,707
259,757
259,773
259,779
259,789
259,793
259,906
259,922
259,950
259,992
260,303
260,310
260,318
260,354
260,358
260,360
260,395
260,414
260,416
260,423
260,449
260,475
260,487
260,493
260,499
260,509
260,510
260,519
260,583
260,588
260,610
260,623
260,645
260,649
260,663
260,682
260,695
260,706
260,710
260,715
260,756
260,793
260,813
260,835
260,929
260,937
260,958
260,969
260,987
260,996
261,307
261,460
261,499
261,523
261,716
261,741
261,762
261,816
261,841
261,899
261,913
261,959
261,994
262,294
262,297
262,299
262,302
262,371
262,385
262,391
262,392
262,402
262,479
262,490
262,494
262,496
262,506
262,535
262,545
262,548
262,555
262,559
262,576
262,644
262,647
262,659
262,665
262,673
262,674
262,680
262,697
262,700
262,712
262,720
262,735
262,755
262,764
262,765
262,770
262,789
262,791
262,800
262,825
262,859
262,861
262,870
262,888
262,889
262,908
262,921
263,274
263,290
263,297
263,301
263,327
263,332
263,338
263,340
263,352
263,365
263,400
263,402
263,410
263,411
263,436
263,477
263,496
263,566
263,600
263,613
263,628
263,650
263,675
263,699
263,743
263,758
263,770
263,801
263,876
263,922
263,924
263,933
263,940
263,991
263,999
264,268
264,276
264,299
264,310
264,372
264,375
264,405
264,522
264,563
264,660
264,680
264,781
264,805
264,851
264,856
264,890
264,917
264,921
264,964
265,270
265,282
265,300
265,330
265,336
265,351
265,362
265,366
265,377
265,408
265,473
265,482
265,486
265,489
265,523
265,532
265,560
265,587
265,601
265,620
265,653
265,693
265,694
265,776
265,822
265,839
265,860
265,862
265,868
265,872
265,921
265,968
265,985
265,995
266,356
266,379
266,386
266,392
266,407
266,434
266,436
266,452
266,470
266,502
266,530
266,539
266,565
266,578
266,584
266,587
266,622
266,653
266,682
266,689
266,694
266,698
266,723
266,724
266,727
266,730
266,777
266,793
266,806
266,813
266,814
266,815
266,822
266,839
266,843
266,871
266,892
266,900
266,912
266,923
266,931
266,934
266,982
267,288
267,302
267,311
267,322
267,327
267,346
267,364
267,372
267,379
267,381
267,382
267,385
267,439
267,444
267,446
267,487
267,488
267,490
267,502
267,534
267,536
267,540
267,543
267,555
267,597
267,608
267,622
267,636
267,638
267,659
267,660
267,673
267,679
267,687
267,697
267,725
267,747
267,774
267,805
267,808
267,822
267,823
267,828
267,849
267,859
267,861
267,866
267,870
267,885
267,911
267,941
267,947
267,950
267,969
267,985
267,989
268,338
268,357
268,361
268,402
268,422
268,445
268,462
268,559
268,632
268,652
268,672
268,735
268,830
268,851
268,880
268,961
268,973
269,271
269,312
269,317
269,433
269,463
269,509
269,540
269,619
269,783
269,901
269,915
269,984
270,274
270,341
270,371
270,372
270,389
270,417
270,428
270,436
270,471
270,514
270,517
270,544
270,580
270,622
270,638
270,646
270,672
270,674
270,731
270,738
270,782
270,789
270,826
270,853
270,895
270,915
270,944
270,990
270,993
271,312
271,317
271,321
271,341
271,349
271,399
271,403
271,421
271,443
271,493
271,519
271,539
271,630
271,639
271,654
271,657
271,685
271,760
271,786
271,824
271,914
271,915
271,960
271,977
272,306
272,319
272,323
272,355
272,421
272,457
272,503
272,511
272,529
272,534
272,544
272,545
272,573
272,594
272,628
272,660
272,671
272,674
272,683
272,754
272,770
272,772
272,803
272,831
272,832
272,887
272,889
272,972
272,974
272,978
272,996
273,288
273,297
273,381
273,385
273,426
273,447
273,480
273,514
273,541
273,542
273,567
273,582
273,590
273,614
273,621
273,635
273,660
273,693
273,711
273,740
273,757
273,778
273,789
273,808
273,817
273,834
273,857
273,858
273,922
273,950
273,999
274,284
274,301
274,356
274,378
274,392
274,430
274,454
274,536
274,541
274,564
274,573
274,648
274,698
274,699
274,738
274,740
274,742
274,743
274,793
274,815
274,842
274,913
274,933
274,953
275,315
275,363
275,388
275,404
275,488
275,505
275,535
275,556
275,586
275,595
275,642
275,653
275,753
275,755
275,760
275,812
275,903
275,908
276,337
276,364
276,425
276,428
276,464
276,487
276,528
276,557
276,568
276,583
276,591
276,609
276,618
276,643
276,654
276,688
276,753
276,755
276,770
276,780
276,783
276,789
276,857
276,885
276,890
276,899
276,903
276,928
276,937
276,965
276,975
276,997
277,296
277,339
277,364
277,379
277,382
277,404
277,412
277,464
277,484
277,495
277,558
277,577
277,579
277,585
277,612
277,720
277,789
277,803
277,888
277,918
277,928
277,974
277,992
278,287
278,290
278,292
278,301
278,303
278,352
278,365
278,396
278,426
278,451
278,461
278,479
278,501
278,520
278,532
278,539
278,541
278,542
278,549
278,559
278,565
278,566
278,578
278,617
278,626
278,652
278,689
278,698
278,701
278,740
278,763
278,775
278,780
278,793
278,795
278,820
278,826
278,866
278,868
278,933
278,947
278,985
279,296
279,341
279,344
279,355
279,369
279,388
279,416
279,435
279,460
279,483
279,490
279,503
279,505
279,511
279,514
279,535
279,556
279,573
279,590
279,606
279,621
279,627
279,628
279,643
279,691
279,723
279,725
279,735
279,754
279,757
279,789
279,799
279,831
279,832
279,840
279,843
279,859
279,861
279,877
279,920
279,924
279,938
279,939
279,950
279,964
279,974
280,293
280,322
280,339
280,381
280,446
280,456
280,512
280,534
280,537
280,544
280,550
280,583
280,585
280,591
280,594
280,603
280,707
280,726
280,753
280,770
280,782
280,792
280,805
280,819
280,825
280,855
280,893
280,902
280,903
280,965
280,981
281,313
281,331
281,357
281,359
281,422
281,517
281,525
281,616
281,640
281,694
281,699
281,749
281,775
281,830
281,833
281,876
281,953
281,973
281,983
281,991
281,993
282,300
282,301
282,319
282,354
282,358
282,398
282,415
282,423
282,431
282,449
282,452
282,477
282,479
282,498
282,509
282,514
282,516
282,519
282,538
282,551
282,561
282,566
282,581
282,608
282,626
282,629
282,636
282,649
282,656
282,665
282,686
282,695
282,714
282,723
282,729
282,740
282,744
282,745
282,759
282,786
282,790
282,817
282,824
282,829
282,842
282,862
282,863
282,880
282,885
282,891
282,893
282,907
282,929
282,934
282,951
282,984
282,987
282,998
283,314
283,330
283,335
283,337
283,372
283,416
283,420
283,438
283,470
283,477
283,481
283,510
283,608
283,630
283,633
283,634
283,651
283,652
283,662
283,681
283,690
283,703
283,710
283,726
283,736
283,759
283,817
283,828
283,829
283,832
283,836
283,851
283,860
283,862
283,878
283,891
283,951
283,959
283,963
283,985
283,987
283,995
283,998
284,287
284,292
284,301
284,359
284,380
284,396
284,434
284,470
284,472
284,479
284,480
284,485
284,501
284,502
284,517
284,541
284,549
284,599
284,617
284,666
284,698
284,702
284,716
284,717
284,741
284,762
284,782
284,853
284,871
284,872
284,892
284,904
284,910
284,931
284,940
285,295
285,354
285,374
285,408
285,420
285,433
285,465
285,474
285,475
285,486
285,509
285,510
285,518
285,546
285,556
285,581
285,592
285,608
285,644
285,654
285,660
285,670
285,686
285,729
285,736
285,744
285,760
285,780
285,790
285,796
285,817
285,890
285,929
285,934
285,987
286,403
286,409
286,412
286,415
286,442
286,467
286,513
286,588
286,637
286,652
286,702
286,704
286,724
286,804
286,843
286,871
286,883
286,904
286,918
286,921
286,946
287,301
287,307
287,324
287,338
287,360
287,361
287,375
287,396
287,418
287,430
287,441
287,453
287,517
287,520
287,539
287,541
287,549
287,559
287,578
287,582
287,608
287,617
287,620
287,651
287,682
287,684
287,694
287,695
287,704
287,708
287,713
287,717
287,728
287,763
287,776
287,793
287,821
287,850
287,853
287,854
287,871
287,872
287,933
287,940
287,954
287,957
287,975
287,999
288,297
288,298
288,299
288,304
288,363
288,387
288,426
288,429
288,444
288,455
288,459
288,479
288,492
288,559
288,561
288,567
288,621
288,635
288,641
288,642
288,733
288,773
288,788
288,798
288,801
288,802
288,834
288,836
288,876
288,879
288,920
288,938
288,948
289,379
289,403
289,407
289,415
289,425
289,452
289,454
289,459
289,470
289,473
289,476
289,482
289,581
289,626
289,629
289,693
289,695
289,719
289,752
289,776
289,778
289,852
289,858
289,904
289,907
289,918
289,921
289,944
289,946
289,980
290,301
290,366
290,384
290,422
290,435
290,451
290,460
290,469
290,479
290,516
290,604
290,614
290,617
290,628
290,641
290,645
290,652
290,666
290,698
290,713
290,734
290,740
290,741
290,756
290,762
290,820
290,821
290,837
290,840
290,841
290,911
290,918
290,920
290,931
290,945
290,971
291,330
291,362
291,378
291,465
291,474
291,523
291,547
291,574
291,580
291,584
291,662
291,738
291,787
291,941
292,335
292,336
292,356
292,386
292,396
292,407
292,436
292,442
292,461
292,539
292,549
292,578
292,622
292,652
292,682
292,728
292,734
292,763
292,820
292,899
292,900
292,909
292,933
292,979
293,339
293,350
293,370
293,371
293,379
293,381
293,456
293,484
293,490
293,534
293,544
293,550
293,583
293,594
293,601
293,603
293,607
293,678
293,705
293,726
293,735
293,753
293,765
293,770
293,772
293,790
293,823
293,851
293,855
293,857
293,874
293,903
293,947
293,964
293,965
293,989
294,296
294,322
294,353
294,355
294,401
294,414
294,457
294,497
294,503
294,514
294,521
294,562
294,579
294,586
294,642
294,683
294,687
294,700
294,754
294,757
294,799
294,831
294,832
294,851
294,874
294,879
294,889
294,898
294,974
295,299
295,301
295,359
295,393
295,413
295,422
295,445
295,459
295,460
295,461
295,467
295,480
295,492
295,519
295,574
295,597
295,634
295,641
295,651
295,676
295,777
295,837
295,840
295,953
295,961
295,983
295,988
296,330
296,388
296,401
296,406
296,426
296,483
296,505
296,508
296,556
296,573
296,588
296,644
296,683
296,684
296,711
296,753
296,754
296,799
296,823
296,865
296,887
296,950
296,988
296,998
297,299
297,304
297,413
297,426
297,444
297,445
297,491
297,496
297,524
297,525
297,544
297,567
297,582
297,635
297,638
297,738
297,743
297,755
297,773
297,779
297,799
297,803
297,826
297,834
297,858
297,920
297,947
297,957
298,299
298,304
298,426
298,439
298,455
298,458
298,514
298,550
298,584
298,606
298,624
298,633
298,640
298,664
298,733
298,747
298,755
298,775
298,778
298,802
298,834
298,858
298,948
299,304
299,309
299,313
299,338
299,341
299,352
299,359
299,375
299,419
299,422
299,426
299,441
299,447
299,455
299,458
299,460
299,478
299,559
299,571
299,582
299,611
299,642
299,709
299,713
299,755
299,757
299,774
299,781
299,790
299,802
299,805
299,812
299,826
299,851
299,853
299,858
299,862
299,922
299,949
299,952
299,957
300,334
300,349
300,362
300,366
300,380
300,383
300,393
300,397
300,405
300,415
300,432
300,454
300,465
300,472
300,473
300,481
300,489
300,508
300,513
300,533
300,583
300,601
300,608
300,679
300,721
300,742
300,745
300,746
300,776
300,780
300,782
300,783
300,807
300,863
300,868
300,892
300,900
300,921
300,927
300,928
300,931
300,932
300,985
301,326
301,327
301,347
301,361
301,383
301,386
301,396
301,407
301,441
301,465
301,469
301,488
301,497
301,530
301,539
301,541
301,547
301,549
301,553
301,622
301,651
301,652
301,679
301,682
301,698
301,707
301,713
301,730
301,734
301,738
301,740
301,741
301,752
301,776
301,784
301,793
301,804
301,815
301,819
301,837
301,860
301,873
301,926
301,933
301,950
301,972
302,322
302,350
302,372
302,381
302,382
302,420
302,453
302,467
302,478
302,504
302,514
302,530
302,540
302,545
302,560
302,611
302,636
302,639
302,660
302,684
302,697
302,699
302,708
302,725
302,752
302,753
302,772
302,775
302,784
302,823
302,836
302,844
302,851
302,864
302,888
302,890
302,913
302,924
302,937
302,947
302,964
302,966
302,992
303,358
303,376
303,414
303,443
303,472
303,475
303,484
303,498
303,499
303,514
303,516
303,568
303,610
303,623
303,631
303,645
303,649
303,710
303,723
303,729
303,751
303,756
303,792
303,827
303,928
303,929
303,942
303,958
303,984
304,331
304,387
304,418
304,422
304,435
304,444
304,458
304,492
304,500
304,504
304,505
304,531
304,582
304,595
304,635
304,732
304,779
304,830
304,834
304,854
304,879
304,909
304,915
304,948
304,952
304,956
304,968
305,387
305,418
305,492
305,595
305,644
305,712
305,734
305,755
305,762
305,805
305,990
306,320
306,323
306,355
306,406
306,410
306,421
306,442
306,488
306,503
306,511
306,521
306,554
306,573
306,579
306,603
306,627
306,637
306,665
306,671
306,726
306,730
306,754
306,757
306,767
306,781
306,799
306,813
306,823
306,832
306,879
306,882
306,889
306,920
306,936
306,939
306,972
306,974
306,978
306,996
307,346
307,405
307,466
307,485
307,509
307,582
307,619
307,636
307,640
307,752
307,817
307,835
308,312
308,318
308,364
308,380
308,398
308,438
308,489
308,518
308,519
308,526
308,575
308,619
308,649
308,707
308,729
308,786
308,792
308,828
308,835
308,881
308,934
308,942
308,946
308,951
308,958
308,962
308,963
309,335
309,426
309,479
309,480
309,492
309,506
309,515
309,567
309,641
309,642
309,664
309,682
309,708
309,797
309,816
309,833
309,840
309,846
309,853
309,854
309,862
309,905
309,921
309,938
309,943
310,312
310,325
310,330
310,345
310,350
310,373
310,374
310,375
310,423
310,478
310,487
310,495
310,507
310,535
310,557
310,583
310,634
310,639
310,667
310,723
310,725
310,760
310,768
310,831
310,851
310,857
310,861
310,864
310,885
310,917
310,928
310,937
310,964
310,975
310,984
311,339
311,341
311,372
311,381
311,427
311,448
311,458
311,463
311,491
311,527
311,529
311,531
311,538
311,561
311,562
311,602
311,700
311,736
311,753
311,774
311,797
311,811
311,848
311,860
311,863
311,885
311,892
311,924
311,960
312,345
312,375
312,423
312,435
312,463
312,493
312,518
312,610
312,629
312,630
312,654
312,685
312,686
312,691
312,759
312,774
312,786
312,824
312,825
312,838
312,864
312,874
312,914
312,937
312,942
312,964
312,965
313,322
313,324
313,347
313,357
313,411
313,436
313,484
313,525
313,593
313,604
313,619
313,632
313,677
313,771
313,832
313,849
313,920
313,953
314,347
314,349
314,377
314,450
314,473
314,485
314,551
314,681
314,695
314,703
314,718
314,742
314,776
314,794
314,807
314,868
314,880
314,895
314,896
314,932
314,936
314,995
315,483
315,556
315,579
315,607
315,612
315,643
315,665
315,683
315,789
315,888
316,335
316,378
316,393
316,454
316,469
316,492
316,530
316,531
316,565
316,614
316,618
316,626
316,632
316,648
316,668
316,740
316,901
316,907
316,912
316,936
316,938
316,961
317,321
317,345
317,391
317,399
317,478
317,583
317,593
317,594
317,609
317,654
317,656
317,657
317,680
317,704
317,712
317,725
317,768
317,784
317,799
317,864
317,902
317,927
317,960
317,997
318,319
318,425
318,438
318,589
318,605
318,615
318,668
318,693
318,790
318,794
318,817
318,864
318,867
318,906
318,934
319,349
319,366
319,377
319,428
319,438
319,460
319,463
319,489
319,498
319,508
319,649
319,670
319,686
319,790
319,796
319,800
319,880
319,934
319,951
319,977
319,994
320,322
320,323
320,339
320,388
320,406
320,421
320,439
320,490
320,497
320,511
320,521
320,535
320,542
320,628
320,683
320,698
320,700
320,735
320,799
320,813
320,836
320,865
320,882
320,898
320,908
320,939
320,948
320,996
321,345
321,354
321,423
321,431
321,467
321,487
321,490
321,507
321,557
321,577
321,583
321,591
321,594
321,609
321,630
321,634
321,639
321,645
321,649
321,657
321,667
321,678
321,688
321,735
321,742
321,753
321,768
321,769
321,824
321,829
321,838
321,847
321,857
321,861
321,903
321,914
321,937
321,942
321,958
321,960
321,975
322,325
322,326
322,327
322,330
322,340
322,350
322,364
322,371
322,379
322,404
322,440
322,453
322,483
322,491
322,535
322,555
322,577
322,594
322,595
322,598
322,638
322,646
322,647
322,660
322,665
322,674
322,697
322,736
322,745
322,765
322,788
322,846
322,851
322,859
322,861
322,866
322,903
322,911
322,920
322,925
322,935
322,993
323,355
323,375
323,388
323,406
323,418
323,421
323,497
323,499
323,511
323,516
323,521
323,579
323,590
323,643
323,660
323,671
323,683
323,691
323,700
323,725
323,754
323,813
323,831
323,832
323,882
323,889
323,898
323,935
323,939
323,972
323,974
323,978
323,996
324,357
324,411
324,422
324,430
324,441
324,469
324,470
324,519
324,530
324,545
324,549
324,571
324,604
324,666
324,703
324,708
324,724
324,732
324,749
324,750
324,775
324,802
324,826
324,837
324,847
324,870
324,873
324,907
324,909
324,912
324,952
324,953
324,973
324,991
325,376
325,423
325,428
325,478
325,507
325,550
325,568
325,593
325,596
325,634
325,639
325,656
325,780
325,851
325,880
325,890
325,960
325,992
326,335
326,400
326,410
326,458
326,460
326,491
326,492
326,507
326,514
326,524
326,561
326,565
326,568
326,595
326,600
326,606
326,608
326,611
326,622
326,628
326,641
326,664
326,670
326,675
326,691
326,699
326,755
326,779
326,782
326,789
326,805
326,840
326,841
326,850
326,859
326,905
326,939
326,944
326,990
326,995
327,344
327,346
327,355
327,356
327,380
327,385
327,404
327,417
327,435
327,471
327,490
327,495
327,503
327,526
327,535
327,545
327,554
327,560
327,573
327,577
327,586
327,589
327,638
327,642
327,643
327,659
327,673
327,683
327,691
327,720
327,735
327,757
327,764
327,801
327,803
327,865
327,885
327,887
327,950
327,952
327,964
327,999
328,348
328,371
328,463
328,488
328,493
328,523
328,527
328,556
328,788
328,797
328,845
328,863
328,880
328,899
328,987
329,343
329,420
329,468
329,470
329,565
329,569
329,648
329,653
329,675
329,680
329,698
329,701
329,791
329,827
329,841
329,869
329,894
329,948
330,331
330,337
330,356
330,362
330,425
330,437
330,450
330,451
330,468
330,473
330,482
330,501
330,523
330,538
330,580
330,587
330,626
330,674
330,701
330,717
330,727
330,736
330,759
330,776
330,787
330,804
330,897
330,914
330,921
330,936
330,941
330,959
330,984
330,987
330,999
331,334
331,356
331,362
331,452
331,530
331,574
331,580
331,681
331,697
331,742
331,763
331,790
331,850
331,868
331,901
331,932
331,959
332,352
332,357
332,411
332,419
332,436
332,650
332,725
332,762
332,775
332,801
332,830
332,909
332,923
332,924
332,935
332,945
332,956
332,990
333,383
333,403
333,415
333,482
333,573
333,575
333,694
333,695
333,736
333,752
333,795
333,818
333,843
333,872
333,883
333,892
333,894
333,919
333,930
333,931
333,942
333,954
333,982
333,986
334,356
334,434
334,451
334,470
334,472
334,473
334,494
334,567
334,574
334,584
334,588
334,620
334,653
334,669
334,672
334,696
334,727
334,733
334,759
334,787
334,908
334,916
334,921
334,963
334,985
335,356
335,373
335,393
335,437
335,445
335,461
335,471
335,505
335,529
335,532
335,539
335,551
335,566
335,611
335,650
335,659
335,672
335,674
335,682
335,694
335,696
335,697
335,701
335,730
335,731
335,736
335,738
335,743
335,754
335,799
335,841
335,856
335,859
335,861
335,889
335,894
335,897
335,901
335,917
335,938
335,944
335,951
335,961
335,962
335,996
335,998
336,344
336,361
336,411
336,460
336,462
336,485
336,604
336,617
336,632
336,652
336,666
336,702
336,713
336,733
336,740
336,751
336,830
336,840
336,847
336,853
336,855
336,870
336,872
336,918
336,944
336,953
336,970
336,979
337,362
337,408
337,413
337,450
337,463
337,470
337,508
337,513
337,517
337,518
337,540
337,561
337,562
337,598
337,620
337,669
337,670
337,706
337,725
337,790
337,799
337,829
337,839
337,860
337,893
337,903
337,918
337,931
337,932
337,938
337,955
337,959
337,963
337,967
337,969
337,985
337,990
338,340
338,342
338,352
338,356
338,365
338,392
338,402
338,410
338,411
338,431
338,435
338,436
338,458
338,470
338,496
338,532
338,566
338,584
338,591
338,613
338,616
338,641
338,650
338,675
338,717
338,732
338,743
338,750
338,758
338,769
338,775
338,801
338,833
338,834
338,876
338,886
339,350
339,355
339,356
339,370
339,375
339,381
339,386
339,437
339,444
339,456
339,490
339,504
339,512
339,538
339,545
339,556
339,571
339,583
339,594
339,602
339,621
339,628
339,629
339,661
339,667
339,678
339,680
339,683
339,699
339,705
339,712
339,723
339,735
339,744
339,757
339,764
339,770
339,772
339,787
339,803
339,823
339,853
339,855
339,860
339,861
339,865
339,887
339,903
339,924
339,947
339,972
339,975
339,989
339,993
339,997
340,352
340,357
340,359
340,365
340,436
340,480
340,496
340,523
340,525
340,532
340,613
340,616
340,621
340,632
340,650
340,675
340,676
340,703
340,750
340,761
340,775
340,786
340,793
340,833
340,866
340,876
340,877
340,886
341,372
341,373
341,409
341,417
341,431
341,434
341,463
341,477
341,488
341,507
341,523
341,532
341,538
341,540
341,558
341,560
341,561
341,562
341,570
341,600
341,602
341,618
341,619
341,659
341,674
341,679
341,680
341,684
341,694
341,704
341,736
341,774
341,785
341,819
341,842
341,851
341,855
341,860
341,885
341,903
341,913
341,917
341,924
341,937
341,944
341,959
341,968
341,987
341,990
342,447
342,455
342,460
342,480
342,491
342,506
342,582
342,599
342,607
342,641
342,738
342,825
342,830
342,834
342,853
342,862
342,869
342,935
342,938
342,957
342,973
342,988
343,428
343,464
343,467
343,528
343,556
343,557
343,618
343,726
343,747
343,760
343,855
343,947
343,965
343,992
343,997
344,355
344,359
344,363
344,369
344,384
344,401
344,435
344,483
344,492
344,497
344,511
344,535
344,548
344,556
344,621
344,633
344,635
344,665
344,709
344,736
344,757
344,778
344,799
344,800
344,808
344,843
344,859
344,888
344,889
344,913
344,924
344,941
344,950
345,350
345,374
345,379
345,406
345,416
345,423
345,431
345,478
345,487
345,499
345,507
345,528
345,545
345,550
345,557
345,570
345,583
345,603
345,609
345,630
345,634
345,657
345,661
345,678
345,688
345,768
345,780
345,782
345,844
345,857
345,863
345,864
345,873
345,937
345,964
345,972
345,975
346,404
346,464
346,555
346,564
346,567
346,612
346,625
346,644
346,705
346,731
346,764
346,834
346,849
346,893
346,908
347,361
347,366
347,381
347,397
347,408
347,438
347,443
347,450
347,496
347,498
347,513
347,516
347,572
347,581
347,608
347,631
347,710
347,745
347,756
347,759
347,816
347,829
347,842
347,848
347,896
347,916
347,933
347,941
347,951
347,995
348,349
348,362
348,425
348,431
348,432
348,449
348,481
348,508
348,523
348,543
348,574
348,580
348,717
348,749
348,810
348,828
348,839
348,853
348,862
348,932
348,941
348,953
348,959
348,962
349,397
349,408
349,450
349,486
349,533
349,598
349,608
349,611
349,681
349,684
349,690
349,695
349,718
349,719
349,742
349,776
349,784
349,807
349,809
349,827
349,860
349,868
349,893
349,907
349,928
349,932
349,953
349,968
349,976
349,991
350,370
350,379
350,428
350,446
350,550
350,557
350,583
350,590
350,591
350,594
350,602
350,603
350,654
350,747
350,753
350,770
350,772
350,799
350,825
350,892
350,903
350,928
350,937
350,992
350,993
351,361
351,392
351,425
351,470
351,491
351,501
351,523
351,530
351,540
351,549
351,584
351,599
351,614
351,626
351,639
351,682
351,684
351,704
351,749
351,752
351,774
351,782
351,804
351,806
351,810
351,815
351,869
351,871
351,872
351,910
351,912
351,932
351,936
351,942
351,968
352,357
352,388
352,400
352,410
352,421
352,429
352,436
352,445
352,460
352,472
352,486
352,496
352,543
352,574
352,600
352,612
352,613
352,632
352,650
352,654
352,698
352,699
352,761
352,771
352,775
352,801
352,847
352,865
352,870
352,877
352,892
352,906
352,907
352,924
352,943
352,979
353,388
353,444
353,490
353,579
353,644
353,646
353,683
353,765
353,799
353,800
353,831
353,855
353,959
354,358
354,367
354,370
354,380
354,398
354,475
354,498
354,507
354,516
354,546
354,575
354,610
354,645
354,656
354,690
354,707
354,714
354,723
354,729
354,759
354,845
354,880
354,885
354,929
354,999
355,370
355,372
355,406
355,418
355,457
355,483
355,497
355,503
355,527
355,529
355,537
355,573
355,579
355,621
355,626
355,628
355,655
355,671
355,673
355,682
355,683
355,687
355,700
355,709
355,747
355,755
355,783
355,819
355,831
355,832
355,888
355,901
355,914
355,935
355,936
355,939
355,944
355,950
355,972
355,974
355,978
355,981
355,987
356,362
356,366
356,396
356,422
356,432
356,451
356,452
356,454
356,465
356,468
356,481
356,496
356,501
356,508
356,510
356,517
356,580
356,600
356,611
356,626
356,634
356,695
356,717
356,746
356,755
356,768
356,848
356,917
356,921
356,928
356,936
356,941
356,959
356,967
356,974
356,999
357,384
357,402
357,415
357,422
357,430
357,442
357,462
357,469
357,496
357,517
357,616
357,650
357,655
357,728
357,734
357,743
357,827
357,833
357,853
357,870
357,933
357,949
358,376
358,380
358,414
358,433
358,475
358,486
358,499
358,510
358,519
358,546
358,557
358,575
358,608
358,610
358,629
358,645
358,649
358,654
358,717
358,723
358,759
358,767
358,768
358,789
358,792
358,835
358,840
358,858
358,893
358,929
358,942
358,958
358,969
359,365
359,402
359,430
359,436
359,442
359,496
359,532
359,559
359,600
359,613
359,616
359,632
359,641
359,650
359,771
359,837
359,869
359,961
359,983
360,389
360,422
360,464
360,480
360,563
360,584
360,596
360,597
360,644
360,659
360,739
360,772
360,775
360,812
360,834
360,861
360,867
360,869
360,924
360,947
360,985
360,990
360,992
361,378
361,383
361,392
361,403
361,406
361,410
361,415
361,422
361,437
361,454
361,468
361,485
361,502
361,530
361,549
361,563
361,614
361,662
361,730
361,736
361,770
361,793
361,873
361,875
361,892
361,912
361,932
361,953
361,954
361,995
362,407
362,432
362,451
362,463
362,468
362,509
362,523
362,543
362,574
362,602
362,651
362,657
362,669
362,696
362,704
362,724
362,871
362,959
362,985
363,369
363,385
363,387
363,418
363,435
363,447
363,505
363,590
363,634
363,636
363,644
363,665
363,672
363,696
363,704
363,711
363,737
363,764
363,765
363,849
363,855
363,865
363,868
363,908
363,920
363,956
363,988
364,431
364,484
364,490
364,492
364,545
364,555
364,636
364,690
364,697
364,768
364,775
364,808
364,823
364,887
364,903
364,911
364,925
364,928
364,935
365,400
365,410
365,496
365,506
365,553
365,562
365,600
365,613
365,633
365,641
365,652
365,665
365,675
365,699
365,743
365,761
365,775
365,801
365,826
365,876
365,877
365,921
365,923
366,533
366,588
366,608
366,620
366,653
366,681
366,695
366,718
366,719
366,721
366,745
366,752
366,790
366,810
366,827
366,868
366,907
366,916
366,963
367,380
367,474
367,499
367,509
367,546
367,649
367,656
367,663
367,792
367,864
367,951
367,969
368,384
368,418
368,426
368,441
368,476
368,491
368,496
368,500
368,506
368,571
368,582
368,606
368,640
368,755
368,761
368,773
368,834
368,853
368,892
368,911
369,388
369,389
369,401
369,435
369,495
369,496
369,518
369,535
369,541
369,545
369,556
369,573
369,590
369,621
369,633
369,643
369,661
369,664
369,665
369,673
369,711
369,757
369,763
369,767
369,773
369,799
369,800
369,802
369,808
369,841
369,879
369,949
370,375
370,414
370,446
370,490
370,534
370,537
370,560
370,625
370,628
370,679
370,700
370,735
370,747
370,764
370,765
370,767
370,819
370,825
370,888
370,902
370,903
370,939
370,999
371,382
371,385
371,439
371,443
371,503
371,531
371,534
371,540
371,548
371,557
371,585
371,619
371,638
371,646
371,664
371,678
371,697
371,709
371,736
371,751
371,772
371,782
371,797
371,859
371,861
371,866
371,903
371,924
371,925
371,947
371,992
372,382
372,385
372,390
372,419
372,420
372,423
372,424
372,455
372,487
372,523
372,529
372,540
372,563
372,574
372,575
372,596
372,602
372,613
372,624
372,629
372,634
372,641
372,655
372,680
372,683
372,725
372,736
372,768
372,780
372,784
372,825
372,828
372,845
372,848
372,859
372,862
372,890
372,913
372,920
372,924
372,950
372,959
372,964
372,981
372,985
372,995
373,380
373,389
373,395
373,407
373,423
373,443
373,474
373,499
373,513
373,526
373,527
373,556
373,573
373,575
373,581
373,591
373,594
373,597
373,634
373,657
373,680
373,756
373,760
373,772
373,789
373,790
373,794
373,796
373,809
373,811
373,844
373,860
373,915
373,920
373,975
373,977
373,987
373,990
374,433
374,472
374,478
374,493
374,568
374,583
374,609
374,631
374,634
374,639
374,667
374,707
374,769
374,828
374,864
374,880
375,379
375,382
375,394
375,414
375,443
375,456
375,463
375,464
375,478
375,484
375,490
375,507
375,528
375,534
375,545
375,550
375,555
375,573
375,583
375,595
375,603
375,639
375,657
375,671
375,688
375,700
375,712
375,726
375,744
375,747
375,753
375,768
375,770
375,772
375,783
375,803
375,819
375,823
375,825
375,835
375,842
375,857
375,875
375,884
375,903
375,975
375,988
375,993
375,997
376,414
376,416
376,418
376,470
376,474
376,498
376,510
376,546
376,575
376,583
376,610
376,623
376,629
376,641
376,645
376,649
376,663
376,709
376,710
376,716
376,729
376,744
376,756
376,792
376,824
376,942
376,958
376,969
376,975
376,987
377,397
377,438
377,584
377,592
377,681
377,686
377,690
377,719
377,766
377,787
377,818
377,916
377,927
377,946
378,383
378,468
378,600
378,658
378,873
378,966
378,971
378,976
379,381
379,382
379,401
379,416
379,428
379,450
379,494
379,507
379,513
379,528
379,535
379,540
379,550
379,557
379,570
379,583
379,591
379,603
379,631
379,657
379,660
379,673
379,678
379,688
379,700
379,711
379,712
379,726
379,747
379,753
379,760
379,768
379,769
379,770
379,825
379,828
379,847
379,851
379,852
379,855
379,857
379,859
379,864
379,893
379,921
379,924
379,961
379,965
379,981
379,989
379,993
380,385
380,407
380,414
380,475
380,498
380,499
380,510
380,515
380,519
380,526
380,529
380,546
380,551
380,575
380,608
380,630
380,633
380,645
380,649
380,656
380,707
380,710
380,729
380,756
380,759
380,770
380,790
380,811
380,817
380,827
380,835
380,842
380,848
380,869
380,897
380,929
380,942
380,951
380,969
381,385
381,401
381,484
381,487
381,490
381,497
381,534
381,546
381,557
381,560
381,579
381,583
381,585
381,594
381,603
381,697
381,700
381,701
381,770
381,772
381,809
381,823
381,825
381,855
381,859
381,889
381,902
381,903
381,937
381,947
381,989
381,993
382,385
382,395
382,423
382,467
382,528
382,540
382,545
382,554
382,585
382,619
382,647
382,680
382,756
382,774
382,775
382,851
382,854
382,941
382,964
382,975
382,992
383,393
383,407
383,432
383,437
383,445
383,461
383,468
383,502
383,547
383,553
383,559
383,573
383,587
383,614
383,662
383,682
383,695
383,698
383,701
383,718
383,719
383,722
383,730
383,750
383,754
383,787
383,793
383,804
383,806
383,839
383,847
383,850
383,871
383,931
383,946
383,952
383,968
383,971
383,973
383,982
383,985
384,430
384,442
384,445
384,479
384,517
384,535
384,541
384,543
384,604
384,606
384,610
384,658
384,666
384,701
384,708
384,728
384,740
384,741
384,742
384,749
384,750
384,837
384,871
384,921
384,933
384,970
384,988
384,991
385,406
385,495
385,500
385,514
385,535
385,555
385,571
385,576
385,595
385,596
385,636
385,638
385,646
385,647
385,660
385,697
385,709
385,726
385,733
385,757
385,764
385,765
385,774
385,799
385,831
385,861
385,866
385,882
385,887
385,888
385,957
385,989
386,392
386,432
386,452
386,470
386,485
386,501
386,543
386,569
386,584
386,662
386,669
386,682
386,694
386,714
386,739
386,776
386,787
386,793
386,798
386,815
386,822
386,850
386,900
386,926
386,934
386,954
386,971
386,982
387,426
387,439
387,459
387,460
387,590
387,595
387,664
387,709
387,755
387,775
387,789
387,802
387,808
387,836
387,862
387,920
387,948
388,401
388,439
388,444
388,464
388,483
388,502
388,505
388,555
388,556
388,565
388,573
388,579
388,586
388,621
388,683
388,754
388,789
388,799
388,823
388,849
388,874
388,889
388,950
388,972
388,974
389,417
389,450
389,453
389,462
389,539
389,595
389,597
389,635
389,636
389,660
389,709
389,832
389,865
389,885
389,924
389,926
389,952
389,959
389,990
390,426
390,448
390,453
390,466
390,472
390,482
390,488
390,540
390,561
390,600
390,661
390,674
390,678
390,774
390,845
390,846
390,875
390,985
391,399
391,509
391,563
391,630
391,744
391,780
391,784
391,796
391,811
391,817
391,821
391,864
391,894
391,914
391,921
391,976
391,977
392,408
392,437
392,460
392,479
392,498
392,501
392,539
392,542
392,552
392,559
392,651
392,658
392,672
392,674
392,701
392,730
392,738
392,793
392,808
392,837
392,838
392,856
392,875
392,905
392,913
392,938
392,940
392,944
392,982
393,397
393,445
393,453
393,461
393,469
393,470
393,479
393,496
393,506
393,524
393,552
393,562
393,566
393,585
393,611
393,642
393,672
393,680
393,708
393,725
393,738
393,762
393,785
393,809
393,826
393,830
393,841
393,854
393,856
393,872
393,873
393,966
393,988
394,452
394,470
394,472
394,476
394,485
394,522
394,536
394,543
394,547
394,560
394,569
394,584
394,587
394,588
394,590
394,662
394,669
394,694
394,714
394,724
394,727
394,748
394,750
394,810
394,814
394,822
394,863
394,931
394,932
394,968
394,982
395,423
395,443
395,453
395,478
395,494
395,514
395,516
395,540
395,553
395,634
395,636
395,680
395,688
395,733
395,739
395,770
395,783
395,825
395,859
395,897
395,913
395,929
395,937
395,960
395,975
396,403
396,404
396,405
396,407
396,441
396,460
396,476
396,502
396,515
396,517
396,541
396,549
396,573
396,588
396,617
396,622
396,629
396,682
396,692
396,694
396,701
396,708
396,715
396,728
396,766
396,782
396,785
396,815
396,840
396,852
396,871
396,872
396,931
396,947
396,959
396,982
397,472
397,489
397,592
397,719
397,742
397,745
397,807
397,817
397,827
397,907
397,916
397,927
397,955
397,963
397,998
398,498
398,516
398,519
398,546
398,572
398,582
398,631
398,649
398,655
398,706
398,707
398,729
398,744
398,759
398,811
398,835
398,880
399,416
399,433
399,493
399,507
399,570
399,593
399,623
399,654
399,685
399,824
399,838
399,893
399,936
399,937
399,985
400,407
400,410
400,411
400,418
400,419
400,454
400,496
400,532
400,606
400,675
400,699
400,708
400,761
400,775
400,778
400,801
400,826
400,834
400,853
400,858
400,877
400,879
400,923
400,988
401,416
401,505
401,511
401,514
401,521
401,563
401,573
401,579
401,586
401,633
401,638
401,643
401,644
401,754
401,783
401,789
401,812
401,823
401,849
401,873
401,889
401,899
401,908
401,948
401,972
401,996
402,410
402,429
402,430
402,436
402,455
402,470
402,495
402,496
402,517
402,523
402,525
402,530
402,532
402,559
402,613
402,616
402,632
402,648
402,654
402,677
402,699
402,708
402,715
402,732
402,743
402,749
402,750
402,758
402,761
402,771
402,830
402,839
402,840
402,853
402,862
402,870
402,945
402,964
402,991
403,406
403,414
403,415
403,424
403,425
403,432
403,434
403,443
403,459
403,476
403,482
403,485
403,517
403,533
403,543
403,561
403,565
403,569
403,637
403,660
403,669
403,671
403,698
403,718
403,719
403,724
403,739
403,762
403,776
403,777
403,785
403,804
403,822
403,843
403,852
403,877
403,883
403,904
403,921
403,930
403,941
403,942
403,951
403,963
403,968
403,984
404,426
404,504
404,525
404,576
404,586
404,610
404,630
404,638
404,644
404,660
404,697
404,711
404,750
404,781
404,798
404,800
404,874
404,948
404,989
405,438
405,463
405,481
405,488
405,494
405,513
405,518
405,527
405,531
405,538
405,561
405,562
405,593
405,618
405,620
405,660
405,784
405,797
405,848
405,901
405,969
406,421
406,457
406,487
406,497
406,521
406,535
406,537
406,573
406,577
406,592
406,595
406,625
406,626
406,657
406,671
406,700
406,735
406,747
406,813
406,832
406,882
406,898
406,938
406,939
406,974
406,978
406,981
407,434
407,452
407,515
407,541
407,543
407,549
407,553
407,559
407,569
407,622
407,626
407,715
407,746
407,752
407,766
407,785
407,804
407,807
407,808
407,810
407,822
407,850
407,871
407,892
407,900
407,921
407,931
407,933
407,979
407,980
407,982
407,991
408,420
408,510
408,513
408,531
408,581
408,608
408,685
408,695
408,777
408,817
408,848
408,868
408,881
408,951
408,994
408,995
408,998
409,424
409,425
409,434
409,459
409,468
409,473
409,482
409,515
409,569
409,592
409,655
409,682
409,722
409,724
409,752
409,756
409,777
409,785
409,795
409,804
409,822
409,843
409,851
409,852
409,860
409,883
409,904
409,918
409,930
409,931
409,935
409,944
409,954
409,959
409,980
409,995
410,419
410,460
410,496
410,517
410,525
410,541
410,582
410,616
410,650
410,676
410,677
410,699
410,700
410,725
410,732
410,735
410,743
410,749
410,761
410,768
410,771
410,775
410,801
410,847
410,853
410,870
410,876
410,877
410,886
410,897
410,905
410,910
410,933
410,935
410,944
410,945
410,983
410,988
411,430
411,458
411,480
411,496
411,586
411,616
411,632
411,639
411,642
411,650
411,665
411,675
411,676
411,677
411,699
411,739
411,750
411,771
411,782
411,826
411,831
411,853
411,876
411,886
411,909
411,953
411,961
412,432
412,465
412,481
412,485
412,565
412,598
412,658
412,693
412,727
412,776
412,787
412,822
412,921
413,492
413,563
413,584
413,606
413,720
413,737
413,772
413,773
413,778
413,830
413,892
413,899
413,903
413,906
414,415
414,416
414,475
414,478
414,499
414,510
414,516
414,538
414,545
414,575
414,602
414,612
414,614
414,623
414,628
414,635
414,645
414,657
414,663
414,695
414,723
414,769
414,835
414,842
414,864
414,893
414,906
414,942
414,969
414,986
415,424
415,425
415,434
415,459
415,476
415,486
415,489
415,501
415,525
415,541
415,569
415,637
415,648
415,655
415,658
415,674
415,693
415,695
415,724
415,785
415,804
415,843
415,852
415,862
415,872
415,904
415,918
415,921
415,930
415,933
415,946
415,968
416,435
416,443
416,499
416,509
416,537
416,551
416,558
416,589
416,623
416,629
416,636
416,645
416,654
416,667
416,670
416,690
416,723
416,735
416,756
416,776
416,786
416,827
416,835
416,838
416,844
416,893
416,915
416,925
416,929
416,985
416,986
417,419
417,439
417,453
417,454
417,487
417,490
417,494
417,514
417,545
417,571
417,643
417,644
417,660
417,701
417,709
417,717
417,736
417,774
417,825
417,855
417,859
417,861
417,900
417,924
417,964
418,422
418,429
418,440
418,455
418,458
418,500
418,535
418,567
418,621
418,635
418,719
418,731
418,737
418,761
418,773
418,778
418,779
418,800
418,802
418,834
418,858
418,879
418,898
418,908
418,922
418,950
419,432
419,484
419,496
419,517
419,600
419,613
419,632
419,635
419,636
419,743
419,758
419,761
419,775
419,801
419,826
419,830
419,834
419,847
419,853
419,870
419,873
419,876
419,877
419,909
419,923
419,931
419,935
419,945
419,967
419,991
420,453
420,467
420,478
420,488
420,494
420,512
420,568
420,596
420,612
420,624
420,634
420,760
420,780
420,807
420,811
420,851
420,925
420,964
420,997
421,457
421,497
421,511
421,521
421,531
421,544
421,646
421,671
421,700
421,754
421,757
421,768
421,778
421,796
421,802
421,813
421,855
421,882
421,889
421,898
421,936
421,939
421,948
421,978
421,996
422,436
422,462
422,469
422,470
422,496
422,517
422,532
422,627
422,633
422,641
422,664
422,677
422,699
422,725
422,771
422,789
422,794
422,826
422,830
422,833
422,837
422,870
422,871
422,877
422,879
422,905
422,909
422,970
422,973
422,988
422,991
423,443
423,456
423,478
423,487
423,494
423,507
423,509
423,529
423,545
423,557
423,570
423,634
423,639
423,667
423,672
423,678
423,723
423,747
423,769
423,770
423,780
423,783
423,784
423,789
423,842
423,845
423,864
423,874
423,928
423,937
423,952
423,960
423,975
424,459
424,515
424,569
424,655
424,699
424,804
424,843
424,852
424,883
424,904
424,930
424,954
425,434
425,450
425,460
425,465
425,472
425,476
425,482
425,509
425,513
425,515
425,529
425,562
425,569
425,592
425,602
425,655
425,684
425,706
425,725
425,776
425,794
425,804
425,817
425,843
425,913
425,918
425,921
425,930
425,946
425,958
425,959
425,968
425,976
426,465
426,473
426,491
426,538
426,567
426,571
426,573
426,582
426,590
426,621
426,628
426,633
426,650
426,652
426,660
426,673
426,680
426,712
426,778
426,779
426,802
426,805
426,808
426,862
426,882
426,906
426,908
426,909
426,920
426,924
426,950
426,972
426,979
427,443
427,471
427,508
427,530
427,598
427,670
427,845
427,860
427,885
427,938
427,976
427,985
428,464
428,507
428,510
428,528
428,550
428,561
428,586
428,591
428,645
428,657
428,670
428,678
428,711
428,712
428,731
428,857
428,891
428,975
428,989
429,458
429,479
429,506
429,517
429,524
429,555
429,567
429,590
429,621
429,635
429,665
429,697
429,779
429,789
429,802
429,834
429,906
429,922
430,436
430,469
430,478
430,506
430,517
430,518
430,539
430,549
430,559
430,569
430,617
430,652
430,666
430,708
430,730
430,732
430,734
430,740
430,750
430,758
430,816
430,830
430,837
430,840
430,862
430,871
430,880
430,909
430,940
430,979
430,991
431,486
431,509
431,516
431,538
431,572
431,585
431,608
431,626
431,631
431,649
431,654
431,658
431,683
431,688
431,690
431,694
431,698
431,723
431,725
431,744
431,769
431,790
431,817
431,848
431,880
431,907
431,925
431,934
431,951
431,977
431,984
431,985
431,987
431,999
432,451
432,452
432,463
432,465
432,468
432,482
432,485
432,495
432,501
432,510
432,529
432,543
432,544
432,552
432,574
432,601
432,605
432,614
432,658
432,666
432,669
432,694
432,727
432,738
432,740
432,745
432,746
432,762
432,787
432,810
432,816
432,817
432,837
432,871
432,888
432,897
432,913
432,927
432,938
432,941
432,980
432,982
433,440
433,499
433,568
433,570
433,593
433,629
433,630
433,657
433,667
433,670
433,723
433,729
433,769
433,824
433,838
433,863
433,958
434,451
434,459
434,476
434,482
434,515
434,559
434,569
434,637
434,655
434,658
434,714
434,727
434,777
434,785
434,786
434,822
434,843
434,852
434,872
434,883
434,892
434,904
434,929
434,930
434,946
434,954
434,959
434,963
434,968
434,979
434,980
434,982
435,444
435,491
435,496
435,505
435,556
435,612
435,665
435,691
435,692
435,696
435,738
435,754
435,757
435,789
435,799
435,800
435,803
435,884
435,903
435,922
435,950
435,960
436,525
436,529
436,532
436,554
436,613
436,616
436,650
436,652
436,655
436,675
436,699
436,750
436,784
436,787
436,833
436,876
437,439
437,440
437,449
437,454
437,471
437,500
437,540
437,552
437,563
437,579
437,589
437,605
437,632
437,652
437,738
437,740
437,751
437,770
437,782
437,806
437,841
437,843
437,853
437,866
437,895
437,897
437,913
437,917
437,926
437,938
438,657
438,817
438,829
438,880
438,976
438,987
439,447
439,453
439,491
439,551
439,574
439,590
439,594
439,595
439,597
439,701
439,765
439,779
439,802
439,805
439,808
439,840
439,853
439,854
439,932
439,957
439,974
439,978
439,992
440,462
440,508
440,563
440,596
440,619
440,643
440,725
440,751
440,773
440,774
440,859
440,890
440,892
440,989
441,461
441,464
441,517
441,520
441,547
441,565
441,622
441,637
441,933
441,979
442,517
442,532
442,541
442,595
442,604
442,644
442,702
442,708
442,728
442,730
442,740
442,743
442,837
442,840
442,853
442,959
442,961
442,979
442,991
443,509
443,510
443,527
443,534
443,540
443,560
443,575
443,629
443,635
443,654
443,686
443,710
443,723
443,759
443,785
443,786
443,809
443,811
443,835
443,838
443,851
443,891
443,929
443,941
443,942
443,959
443,960
443,963
443,986
443,987
444,447
444,478
444,537
444,556
444,573
444,576
444,614
444,621
444,665
444,671
444,691
444,692
444,757
444,799
444,849
444,906
444,935
444,950
444,989
444,997
445,460
445,470
445,480
445,491
445,492
445,494
445,524
445,571
445,582
445,611
445,633
445,638
445,642
445,666
445,713
445,717
445,723
445,765
445,775
445,826
445,834
445,840
445,841
445,847
445,854
445,862
445,877
445,929
445,933
445,943
445,944
445,952
445,957
445,984
445,988
446,481
446,484
446,534
446,537
446,549
446,560
446,625
446,627
446,628
446,688
446,700
446,705
446,709
446,735
446,764
446,790
446,813
446,823
446,831
446,859
446,865
446,887
446,903
446,950
446,981
447,506
447,510
447,584
447,595
447,623
447,635
447,642
447,664
447,701
447,709
447,711
447,765
447,802
447,805
447,812
447,834
447,841
447,854
447,906
447,957
447,982
448,466
448,481
448,547
448,557
448,716
448,765
448,802
448,816
448,840
448,875
448,897
448,913
448,917
448,959
449,453
449,463
449,507
449,516
449,574
449,604
449,639
449,654
449,660
449,706
449,784
449,794
449,845
449,896
449,929
449,974
449,985
450,451
450,463
450,513
450,546
450,552
450,598
450,601
450,608
450,658
450,695
450,718
450,742
450,752
450,820
450,824
450,827
450,851
450,852
450,907
450,932
450,963
450,968
450,985
450,986
451,465
451,468
451,472
451,476
451,485
451,487
451,501
451,569
451,574
451,575
451,578
451,598
451,601
451,626
451,682
451,689
451,696
451,710
451,717
451,738
451,740
451,742
451,743
451,744
451,780
451,785
451,787
451,807
451,849
451,856
451,910
451,919
451,932
451,936
451,941
451,959
451,962
451,982
452,460
452,470
452,476
452,485
452,492
452,543
452,601
452,637
452,648
452,655
452,662
452,669
452,690
452,694
452,714
452,715
452,727
452,746
452,748
452,757
452,787
452,793
452,798
452,810
452,814
452,822
452,839
452,852
452,860
452,863
452,871
452,872
452,892
452,900
452,913
452,919
452,929
452,930
452,931
452,933
452,968
452,980
452,982
453,514
453,542
453,548
453,562
453,597
453,612
453,642
453,647
453,660
453,661
453,679
453,808
453,812
453,828
453,842
453,865
453,888
453,895
453,905
453,923
453,924
453,948
453,990
454,460
454,468
454,527
454,530
454,547
454,552
454,565
454,575
454,587
454,614
454,622
454,624
454,648
454,651
454,682
454,701
454,703
454,738
454,806
454,810
454,814
454,828
454,877
454,910
454,938
454,957
455,458
455,460
455,500
455,582
455,593
455,597
455,606
455,621
455,629
455,640
455,732
455,761
455,775
455,834
455,840
455,853
455,858
455,860
455,862
455,901
455,906
455,924
455,939
455,943
455,949
455,968
455,982
456,484
456,535
456,538
456,586
456,594
456,595
456,603
456,611
456,625
456,630
456,688
456,697
456,726
456,735
456,747
456,753
456,768
456,770
456,884
456,902
456,965
456,981
456,989
456,997
457,490
457,504
457,521
457,537
457,560
457,573
457,581
457,583
457,590
457,628
457,643
457,647
457,671
457,672
457,687
457,700
457,753
457,767
457,826
457,845
457,898
457,902
457,914
457,939
457,952
457,981
457,996
458,477
458,491
458,506
458,566
458,567
458,571
458,611
458,621
458,628
458,633
458,651
458,667
458,677
458,684
458,743
458,755
458,779
458,801
458,834
458,842
458,862
458,876
458,901
458,906
458,943
459,476
459,515
459,569
459,588
459,626
459,631
459,637
459,655
459,669
459,714
459,724
459,776
459,795
459,804
459,805
459,806
459,843
459,852
459,892
459,930
459,931
459,951
459,954
459,969
459,982
460,466
460,480
460,482
460,517
460,524
460,539
460,606
460,611
460,613
460,617
460,640
460,641
460,644
460,647
460,672
460,695
460,702
460,717
460,740
460,749
460,770
460,775
460,830
460,853
460,854
460,862
460,870
460,879
460,905
460,912
460,924
460,933
460,935
460,937
460,943
460,944
460,957
460,961
460,967
461,481
461,553
461,599
461,614
461,646
461,679
461,725
461,740
461,761
461,793
461,818
461,871
461,971
462,553
462,613
462,641
462,706
462,708
462,730
462,830
462,856
462,909
462,957
462,961
463,481
463,509
463,513
463,516
463,518
463,523
463,526
463,538
463,545
463,570
463,590
463,602
463,608
463,615
463,639
463,696
463,703
463,706
463,736
463,786
463,790
463,794
463,797
463,827
463,842
463,845
463,860
463,863
463,871
463,885
463,913
463,941
463,985
463,987
463,995
463,999
464,484
464,494
464,504
464,529
464,540
464,550
464,583
464,606
464,609
464,678
464,689
464,712
464,783
464,851
464,861
464,903
464,924
464,937
465,472
465,500
465,522
465,542
465,553
465,574
465,653
465,669
465,693
465,697
465,722
465,878
465,931
465,932
465,941
465,994
466,479
466,523
466,536
466,542
466,558
466,564
466,679
466,696
466,740
466,751
466,776
466,875
466,916
466,917
466,926
466,953
467,475
467,488
467,494
467,507
467,518
467,540
467,550
467,557
467,571
467,678
467,680
467,747
467,826
467,836
467,845
467,851
467,862
467,909
467,925
467,992
467,999
468,470
468,489
468,502
468,578
468,584
468,587
468,662
468,669
468,682
468,698
468,727
468,777
468,806
468,808
468,810
468,892
468,910
468,982
468,988
468,998
469,563
469,565
469,622
469,624
469,702
469,708
469,709
469,733
469,750
469,758
469,791
469,837
469,873
469,875
469,901
469,917
469,946
469,973
469,995
470,514
470,518
470,519
470,529
470,543
470,549
470,559
470,587
470,607
470,621
470,626
470,658
470,662
470,668
470,669
470,682
470,688
470,691
470,694
470,735
470,736
470,738
470,755
470,787
470,793
470,795
470,801
470,807
470,818
470,822
470,850
470,869
470,871
470,892
470,900
470,912
470,929
470,931
470,946
470,955
470,966
470,982
471,486
471,523
471,566
471,578
471,651
471,674
471,701
471,706
471,716
471,738
471,782
471,793
471,853
471,897
471,913
471,938
471,944
471,968
472,516
472,533
472,564
472,580
472,598
472,626
472,631
472,695
472,717
472,734
472,745
472,838
472,839
472,841
472,848
472,936
472,938
472,941
472,959
473,515
473,588
473,601
473,607
473,617
473,681
473,695
473,702
473,724
473,729
473,776
473,807
473,851
473,868
473,904
473,921
473,980
474,494
474,515
474,609
474,610
474,686
474,707
474,790
474,796
474,845
474,864
474,880
474,891
474,986
474,987
474,994
475,502
475,509
475,510
475,516
475,610
475,629
475,649
475,688
475,707
475,710
475,729
475,744
475,774
475,790
475,796
475,817
475,835
475,844
475,891
475,929
475,942
475,969
475,982
475,984
475,986
476,479
476,498
476,499
476,515
476,578
476,579
476,598
476,662
476,684
476,693
476,694
476,714
476,724
476,776
476,804
476,843
476,878
476,885
476,904
476,921
476,930
476,946
476,963
476,968
477,538
477,670
477,674
477,776
477,790
477,809
477,817
477,829
477,842
477,976
477,987
478,485
478,492
478,507
478,557
478,583
478,629
478,633
478,634
478,639
478,644
478,654
478,670
478,688
478,726
478,760
478,778
478,780
478,783
478,795
478,796
478,804
478,864
478,875
478,908
478,925
478,927
478,937
478,944
478,960
478,975
478,976
478,986
478,998
479,506
479,529
479,565
479,573
479,597
479,604
479,641
479,646
479,651
479,738
479,740
479,747
479,758
479,761
479,762
479,763
479,799
479,806
479,841
479,851
479,856
479,870
479,871
479,881
479,902
479,910
479,932
479,952
479,957
479,977
480,506
480,532
480,533
480,554
480,582
480,595
480,606
480,611
480,620
480,621
480,636
480,641
480,664
480,698
480,699
480,703
480,709
480,739
480,750
480,755
480,758
480,793
480,801
480,826
480,830
480,834
480,837
480,847
480,851
480,853
480,854
480,862
480,870
480,877
480,879
480,909
480,924
480,935
480,961
480,972
480,988
480,996
481,508
481,523
481,526
481,529
481,531
481,680
481,696
481,703
481,716
481,762
481,816
481,842
481,845
481,860
481,901
481,935
481,942
481,944
481,985
481,999
482,485
482,489
482,533
482,538
482,541
482,543
482,553
482,569
482,588
482,601
482,620
482,637
482,656
482,690
482,693
482,706
482,722
482,724
482,746
482,776
482,781
482,787
482,794
482,804
482,818
482,883
482,904
482,918
482,921
482,959
482,968
482,982
483,535
483,540
483,556
483,589
483,665
483,683
483,691
483,733
483,757
483,799
483,800
483,845
483,908
483,950
484,534
484,561
484,575
484,603
484,695
484,726
484,753
484,825
484,851
484,903
484,928
484,965
484,981
484,997
485,501
485,584
485,587
485,669
485,694
485,714
485,715
485,718
485,724
485,727
485,746
485,748
485,762
485,766
485,776
485,777
485,787
485,793
485,809
485,822
485,892
485,919
485,931
485,950
485,959
485,968
485,980
485,982
486,489
486,551
486,608
486,626
486,651
486,690
486,695
486,719
486,721
486,733
486,807
486,860
486,896
486,907
486,915
486,934
486,959
486,962
486,995
487,557
487,561
487,575
487,583
487,591
487,623
487,629
487,630
487,634
487,657
487,660
487,667
487,688
487,747
487,768
487,769
487,811
487,860
487,864
487,911
487,930
487,974
487,975
487,993
488,501
488,506
488,534
488,540
488,584
488,626
488,633
488,746
488,784
488,813
488,842
488,863
488,864
488,925
488,992
489,574
489,592
489,621
489,653
489,681
489,695
489,718
489,719
489,744
489,745
489,807
489,817
489,827
489,842
489,870
489,872
489,904
489,907
489,916
489,927
489,931
489,963
489,977
490,497
490,512
490,554
490,557
490,560
490,594
490,617
490,625
490,639
490,643
490,672
490,673
490,683
490,695
490,697
490,720
490,726
490,735
490,764
490,765
490,772
490,775
490,799
490,823
490,853
490,855
490,861
490,866
490,882
490,924
490,974
490,989
490,993
490,997
491,506
491,535
491,544
491,571
491,573
491,590
491,595
491,621
491,633
491,643
491,664
491,725
491,757
491,765
491,775
491,778
491,779
491,789
491,799
491,800
491,808
491,853
491,861
491,862
491,920
491,939
491,950
491,967
491,972
491,989
491,993
492,500
492,506
492,552
492,611
492,640
492,657
492,709
492,737
492,738
492,755
492,778
492,779
492,782
492,831
492,840
492,854
492,858
492,889
492,894
492,901
492,933
492,943
492,948
492,952
492,957
493,507
493,567
493,570
493,593
493,657
493,667
493,678
493,755
493,811
493,864
493,880
493,911
493,960
494,507
494,509
494,513
494,515
494,518
494,583
494,616
494,643
494,657
494,659
494,664
494,667
494,678
494,700
494,709
494,736
494,752
494,760
494,768
494,770
494,772
494,780
494,781
494,783
494,811
494,836
494,845
494,851
494,855
494,871
494,897
494,937
494,964
494,975
494,981
494,985
495,577
495,581
495,590
495,636
495,638
495,644
495,650
495,651
495,690
495,697
495,726
495,735
495,745
495,755
495,757
495,764
495,772
495,803
495,813
495,823
495,868
495,874
495,875
495,885
495,900
495,950
495,974
495,996
496,513
496,525
496,539
496,566
496,600
496,603
496,606
496,613
496,650
496,675
496,676
496,699
496,708
496,709
496,717
496,732
496,739
496,743
496,761
496,771
496,775
496,789
496,801
496,833
496,862
496,869
496,876
496,877
496,909
496,935
497,511
497,535
497,537
497,545
497,554
497,628
497,671
497,683
497,789
497,813
497,831
497,832
497,874
497,882
497,898
497,910
497,939
497,972
497,974
497,978
497,996
498,509
498,510
498,516
498,519
498,520
498,527
498,549
498,574
498,579
498,581
498,583
498,610
498,623
498,631
498,645
498,654
498,690
498,707
498,719
498,723
498,729
498,736
498,744
498,759
498,776
498,817
498,835
498,848
498,857
498,896
498,921
498,929
498,942
498,946
498,951
498,976
498,985
498,987
498,994
499,518
499,545
499,603
499,610
499,623
499,649
499,654
499,655
499,709
499,732
499,756
499,759
499,769
499,844
499,893
499,901
499,914
499,942
499,969
499,986
499,992
500,567
500,571
500,635
500,652
500,735
500,740
500,755
500,799
500,802
500,834
500,858
500,862
500,906
500,949
501,502
501,555
501,601
501,626
501,648
501,658
501,682
501,684
501,694
501,704
501,718
501,804
501,810
501,816
501,822
501,871
501,897
501,910
501,912
501,916
501,918
501,931
501,936
501,968
501,985
502,539
502,542
502,543
502,578
502,662
502,669
502,678
502,689
502,694
502,701
502,717
502,727
502,749
502,752
502,755
502,801
502,806
502,814
502,815
502,818
502,822
502,872
502,900
502,921
502,931
502,944
503,513
503,554
503,573
503,585
503,628
503,664
503,683
503,687
503,700
503,704
503,711
503,768
503,831
503,832
503,849
503,889
503,974
503,996
504,526
504,528
504,550
504,673
504,678
504,720
504,781
504,851
504,964
504,989
505,506
505,545
505,554
505,556
505,571
505,619
505,654
505,665
505,691
505,692
505,699
505,706
505,725
505,757
505,791
505,799
505,800
505,849
505,893
505,908
505,950
505,964
505,973
506,511
506,542
506,587
506,596
506,611
506,627
506,633
506,642
506,659
506,846
506,892
506,901
506,905
506,935
506,944
506,948
506,952
506,956
506,988
507,563
507,568
507,591
507,596
507,634
507,639
507,667
507,769
507,770
507,774
507,811
507,857
507,864
507,893
507,937
507,960
507,964
507,975
508,523
508,561
508,666
508,679
508,684
508,761
508,809
508,839
508,913
508,921
508,962
508,985
509,516
509,519
509,540
509,572
509,581
509,583
509,608
509,610
509,631
509,654
509,656
509,686
509,690
509,693
509,695
509,710
509,723
509,744
509,790
509,794
509,811
509,829
509,836
509,839
509,844
509,848
509,860
509,891
509,909
509,929
509,958
509,963
509,969
509,974
509,984
509,986
509,987
509,994
510,529
510,546
510,575
510,610
510,645
510,649
510,678
510,707
510,723
510,738
510,764
510,790
510,792
510,811
510,893
510,924
510,929
510,944
510,958
510,969
510,987
511,527
511,557
511,560
511,579
511,625
511,627
511,660
511,671
511,687
511,691
511,754
511,832
511,882
511,939
511,950
511,972
511,978
511,994
511,996
512,560
512,577
512,585
512,591
512,660
512,672
512,735
512,752
512,753
512,767
512,768
512,788
512,796
512,819
512,823
512,831
512,855
512,887
512,911
512,960
512,965
512,970
512,972
512,976
512,997
513,523
513,529
513,533
513,572
513,592
513,608
513,619
513,673
513,674
513,680
513,682
513,690
513,693
513,695
513,717
513,719
513,723
513,738
513,744
513,769
513,786
513,790
513,835
513,845
513,860
513,864
513,874
513,881
513,893
513,896
513,907
513,914
513,918
513,929
513,932
513,937
513,951
513,955
513,959
513,984
513,986
513,995
514,545
514,554
514,559
514,597
514,633
514,644
514,647
514,654
514,659
514,664
514,708
514,709
514,764
514,789
514,812
514,859
514,866
514,904
514,920
514,950
514,974
515,569
515,637
515,655
515,696
515,714
515,719
515,777
515,804
515,806
515,843
515,852
515,893
515,904
515,908
515,918
515,930
515,959
515,968
516,546
516,551
516,559
516,569
516,572
516,581
516,588
516,631
516,649
516,657
516,667
516,686
516,688
516,707
516,719
516,726
516,729
516,736
516,744
516,790
516,796
516,811
516,854
516,860
516,911
516,929
516,937
516,948
516,958
516,977
516,984
516,987
517,522
517,525
517,534
517,541
517,549
517,559
517,604
517,613
517,614
517,617
517,626
517,648
517,652
517,659
517,666
517,674
517,677
517,682
517,702
517,708
517,714
517,725
517,732
517,740
517,749
517,750
517,758
517,775
517,821
517,837
517,847
517,848
517,873
517,933
517,940
517,945
517,961
517,980
517,991
518,559
518,602
518,631
518,670
518,679
518,680
518,681
518,682
518,696
518,706
518,710
518,716
518,719
518,721
518,726
518,794
518,796
518,808
518,834
518,835
518,839
518,842
518,851
518,863
518,877
518,897
518,899
518,901
518,976
518,985
518,998
519,546
519,575
519,588
519,690
519,707
519,729
519,744
519,751
519,759
519,835
519,845
519,848
519,929
519,951
520,522
520,599
520,660
520,698
520,763
520,821
520,830
520,912
520,940
520,942
520,959
520,966
520,982
521,531
521,537
521,544
521,560
521,577
521,627
521,628
521,646
521,671
521,680
521,700
521,725
521,735
521,770
521,813
521,865
521,882
521,896
521,898
521,903
521,908
521,939
521,949
521,980
522,523
522,527
522,547
522,568
522,573
522,605
522,619
522,620
522,648
522,684
522,691
522,713
522,716
522,717
522,729
522,760
522,774
522,793
522,828
522,841
522,859
522,870
522,921
522,954
522,957
522,984
522,999
523,536
523,620
523,624
523,629
523,646
523,672
523,684
523,695
523,702
523,703
523,716
523,717
523,727
523,746
523,774
523,794
523,806
523,816
523,860
523,866
523,867
523,872
523,875
523,878
523,897
523,904
523,907
523,953
523,955
523,959
523,962
523,979
523,982
523,985
523,998
524,529
524,563
524,604
524,608
524,619
524,663
524,753
524,771
524,830
524,836
524,840
524,851
524,854
524,944
524,957
524,965
524,966
525,613
525,616
525,617
525,644
525,650
525,677
525,691
525,699
525,731
525,743
525,758
525,771
525,828
525,833
525,837
525,869
525,886
525,945
525,963
525,967
525,983
526,570
526,639
526,649
526,788
526,809
526,977
527,538
527,546
527,556
527,561
527,562
527,602
527,603
527,774
527,780
527,797
527,816
527,863
527,885
527,917
527,920
527,933
527,977
528,557
528,577
528,583
528,591
528,594
528,603
528,609
528,634
528,688
528,712
528,755
528,768
528,788
528,846
528,857
528,891
528,914
528,928
528,957
528,997
529,542
529,552
529,558
529,560
529,561
529,563
529,564
529,590
529,595
529,600
529,601
529,624
529,653
529,654
529,664
529,673
529,674
529,679
529,680
529,684
529,716
529,736
529,738
529,774
529,782
529,789
529,826
529,828
529,829
529,850
529,875
529,885
529,886
529,893
529,894
529,913
529,917
529,927
529,948
529,968
529,985
530,539
530,543
530,552
530,648
530,651
530,653
530,668
530,730
530,738
530,740
530,745
530,751
530,782
530,793
530,800
530,814
530,820
530,834
530,873
530,875
530,897
530,901
530,907
530,938
530,944
530,946
530,953
530,954
530,970
530,979
530,982
531,560
531,617
531,625
531,627
531,628
531,683
531,692
531,813
531,915
532,541
532,552
532,559
532,614
532,617
532,635
532,641
532,650
532,652
532,675
532,677
532,680
532,692
532,699
532,708
532,743
532,749
532,750
532,771
532,776
532,811
532,837
532,853
532,869
532,870
532,933
532,935
532,983
532,991
533,658
533,668
533,693
533,724
533,727
533,734
533,776
533,777
533,867
533,904
533,918
533,946
533,963
533,968
533,977
534,560
534,577
534,688
534,693
534,700
534,735
534,764
534,767
534,817
534,849
534,855
534,859
534,898
534,965
534,982
534,993
535,554
535,556
535,573
535,577
535,614
535,640
535,643
535,682
535,697
535,711
535,757
535,759
535,765
535,771
535,789
535,791
535,853
535,882
535,887
535,888
535,908
535,951
536,558
536,564
536,573
536,605
536,646
536,664
536,828
536,841
536,856
536,913
536,926
536,959
536,977
537,554
537,560
537,577
537,579
537,593
537,594
537,628
537,643
537,654
537,687
537,700
537,705
537,735
537,767
537,800
537,819
537,832
537,882
537,898
537,939
537,964
537,975
538,553
538,561
538,562
538,567
538,602
538,618
538,657
538,699
538,701
538,703
538,725
538,751
538,797
538,810
538,811
538,828
538,839
538,842
538,845
538,863
538,875
538,885
538,892
538,894
538,899
538,926
538,941
538,976
538,985
539,547
539,549
539,553
539,566
539,578
539,614
539,622
539,651
539,694
539,725
539,730
539,750
539,793
539,816
539,821
539,840
539,868
539,870
539,873
539,933
539,953
539,982
540,542
540,545
540,555
540,562
540,646
540,660
540,661
540,667
540,674
540,684
540,690
540,697
540,708
540,742
540,744
540,778
540,781
540,784
540,789
540,822
540,836
540,851
540,859
540,861
540,911
540,931
540,964
540,992
540,997
541,549
541,559
541,597
541,600
541,606
541,611
541,617
541,652
541,666
541,686
541,699
541,702
541,708
541,732
541,738
541,741
541,750
541,793
541,804
541,820
541,837
541,877
541,933
541,938
541,940
541,979
542,564
542,569
542,592
542,624
542,628
542,658
542,674
542,679
542,680
542,684
542,694
542,698
542,733
542,744
542,754
542,774
542,782
542,796
542,814
542,815
542,816
542,828
542,840
542,895
542,926
542,945
542,948
542,950
542,952
542,957
542,988
543,574
543,662
543,669
543,694
543,710
543,715
543,717
543,730
543,776
543,816
543,822
543,852
543,910
543,926
543,931
543,958
543,975
543,980
544,586
544,628
544,638
544,654
544,673
544,683
544,700
544,703
544,705
544,709
544,713
544,735
544,760
544,855
544,861
544,928
544,978
545,548
545,550
545,555
545,560
545,585
545,596
545,603
545,628
545,630
545,634
545,646
545,659
545,660
545,673
545,697
545,725
545,753
545,764
545,765
545,788
545,790
545,794
545,799
545,851
545,893
545,898
545,902
545,905
545,911
545,924
545,937
545,944
545,947
545,964
545,972
545,974
545,985
545,993
545,999
546,572
546,615
546,707
546,710
546,723
546,729
546,817
546,835
546,904
546,941
546,986
546,987
547,553
547,599
547,610
547,614
547,650
547,662
547,701
547,702
547,717
547,873
547,904
547,940
547,961
548,600
548,628
548,646
548,659
548,697
548,702
548,709
548,836
548,854
548,866
548,888
548,905
548,943
548,950
548,961
548,964
548,990
549,550
549,559
549,617
549,641
549,666
549,682
549,702
549,708
549,730
549,734
549,749
549,793
549,815
549,820
549,837
549,909
549,924
549,933
549,936
549,940
549,968
549,979
550,557
550,578
550,591
550,603
550,628
550,634
550,646
550,673
550,678
550,688
550,697
550,700
550,726
550,768
550,770
550,772
550,780
550,783
550,796
550,825
550,838
550,851
550,857
550,871
550,908
550,947
550,964
550,981
550,992
550,997
551,561
551,572
551,581
551,631
551,635
551,645
551,656
551,672
551,678
551,681
551,696
551,719
551,729
551,759
551,790
551,807
551,817
551,848
551,891
551,894
551,904
551,951
551,955
551,984
551,995
552,569
552,619
552,622
552,652
552,740
552,793
552,816
552,856
552,872
552,896
552,938
553,558
553,559
553,584
553,587
553,617
553,674
553,689
553,698
553,717
553,772
553,815
553,848
553,919
553,933
553,940
553,959
553,971
554,560
554,573
554,579
554,627
554,647
554,660
554,673
554,674
554,680
554,683
554,711
554,764
554,772
554,781
554,849
554,874
554,901
554,937
554,974
555,590
555,594
555,596
555,602
555,615
555,638
555,660
555,673
555,680
555,725
555,772
555,799
555,805
555,841
555,851
555,859
555,861
555,903
556,573
556,586
556,595
556,621
556,628
556,638
556,665
556,691
556,692
556,740
556,754
556,757
556,774
556,789
556,791
556,799
556,841
556,886
556,889
556,908
556,947
556,950
556,964
556,978
556,983
556,999
557,570
557,583
557,591
557,603
557,609
557,630
557,634
557,657
557,670
557,678
557,688
557,712
557,726
557,747
557,753
557,783
557,841
557,851
557,855
557,857
557,925
557,947
557,960
557,965
557,977
557,992
558,561
558,621
558,667
558,697
558,731
558,736
558,751
558,812
558,875
558,905
558,913
558,926
559,606
559,613
559,614
559,616
559,617
559,629
559,650
559,666
559,672
559,675
559,677
559,679
559,698
559,699
559,701
559,708
559,750
559,821
559,826
559,835
559,869
559,933
559,943
559,983
560,628
560,700
560,735
560,752
560,770
560,773
560,780
560,803
560,804
560,813
560,819
560,828
560,844
560,865
560,880
560,882
560,888
560,890
560,898
560,928
560,937
560,947
560,950
560,974
560,975
561,562
561,602
561,620
561,626
561,638
561,643
561,679
561,696
561,725
561,736
561,750
561,784
561,828
561,832
561,855
561,860
561,875
561,885
561,895
561,905
561,913
561,924
561,938
561,968
561,971
561,993
561,999
562,602
562,634
562,669
562,684
562,735
562,736
562,741
562,774
562,780
562,782
562,797
562,842
562,863
562,885
562,924
562,931
562,962
562,985
563,564
563,585
563,653
563,672
563,679
563,680
563,682
563,702
563,733
563,828
563,846
563,868
563,882
563,932
564,580
564,605
564,624
564,668
564,674
564,679
564,680
564,700
564,751
564,765
564,794
564,853
564,905
565,580
565,598
565,641
565,648
565,651
565,717
565,734
565,738
565,740
565,749
565,750
565,762
565,846
565,871
565,897
565,938
565,966
565,976
566,606
566,672
566,764
566,793
566,841
566,859
566,871
566,878
566,879
566,888
566,894
566,912
566,913
566,937
566,938
566,944
566,952
566,959
567,595
567,606
567,635
567,665
567,755
567,779
567,788
567,802
567,808
567,858
567,879
567,901
567,906
567,922
567,963
567,973
568,596
568,639
568,647
568,654
568,667
568,678
568,706
568,760
568,768
568,885
568,914
568,937
568,951
568,958
568,960
568,984
569,629
569,655
569,658
569,669
569,722
569,748
569,771
569,777
569,785
569,786
569,795
569,804
569,815
569,822
569,843
569,852
569,862
569,883
569,930
569,954
569,980
570,591
570,623
570,630
570,634
570,654
570,657
570,667
570,678
570,769
570,776
570,782
570,824
570,825
570,838
570,857
570,860
570,864
570,937
570,960
570,978
570,986
571,606
571,626
571,640
571,704
571,709
571,737
571,740
571,773
571,779
571,805
571,826
571,834
571,853
571,858
571,877
571,886
571,899
571,905
571,906
571,909
571,927
571,936
571,948
571,954
572,597
572,610
572,707
572,744
572,759
572,794
572,998
573,579
573,583
573,586
573,590
573,621
573,683
573,700
573,720
573,725
573,749
573,754
573,764
573,769
573,779
573,782
573,789
573,799
573,800
573,803
573,819
573,831
573,840
573,842
573,844
573,849
573,888
573,889
573,896
573,903
573,924
573,948
573,964
573,974
573,990
573,996
573,999
574,602
574,605
574,615
574,684
574,718
574,836
574,842
574,845
574,855
574,868
574,921
574,954
574,959
574,962
575,598
575,610
575,645
575,649
575,663
575,694
575,759
575,774
575,809
575,817
575,825
575,827
575,848
575,876
575,893
575,934
575,937
575,942
575,950
575,958
575,969
575,992
576,643
576,644
576,647
576,671
576,697
576,760
576,780
576,781
576,791
576,803
576,823
576,864
576,911
576,989
577,585
577,612
577,636
577,660
577,716
577,720
577,735
577,753
577,788
577,819
577,823
577,882
577,962
577,978
577,985
578,600
578,680
578,682
578,689
578,695
578,715
578,740
578,752
578,797
578,806
578,815
578,871
578,872
578,882
578,892
578,896
578,900
578,916
578,919
578,925
578,931
578,959
578,982
579,595
579,627
579,636
579,638
579,691
579,754
579,789
579,823
579,831
579,832
579,849
579,857
579,889
579,892
579,920
579,950
579,967
579,972
579,974
580,601
580,653
580,682
580,742
580,746
580,759
580,769
580,787
580,840
580,912
580,921
580,932
580,941
581,618
581,631
581,663
581,710
581,718
581,729
581,744
581,787
581,797
581,848
581,861
581,934
581,976
581,994
581,998
582,599
582,604
582,640
582,642
582,682
582,737
582,773
582,834
582,840
582,853
582,858
582,886
582,901
582,906
582,922
582,949
583,591
583,603
583,688
583,705
583,712
583,731
583,736
583,769
583,770
583,772
583,825
583,855
583,857
583,928
583,991
583,997
584,626
584,658
584,662
584,668
584,669
584,689
584,697
584,702
584,740
584,746
584,748
584,810
584,910
584,912
584,931
585,636
585,638
585,673
585,720
585,788
585,887
585,989
585,997
585,999
586,628
586,646
586,647
586,660
586,683
586,687
586,800
586,809
586,831
586,865
586,874
586,882
586,887
586,889
586,898
586,937
586,948
586,974
587,599
587,679
587,694
587,714
587,715
587,766
587,795
587,872
587,892
587,900
587,919
587,931
588,590
588,598
588,601
588,653
588,681
588,693
588,719
588,727
588,753
588,755
588,868
588,887
588,907
588,921
588,927
588,959
588,963
589,623
589,629
589,664
589,942
589,998
590,633
590,635
590,644
590,665
590,692
590,749
590,754
590,757
590,764
590,779
590,788
590,808
590,812
590,856
590,888
590,889
590,899
590,920
590,922
590,935
590,948
590,950
590,952
590,974
590,983
590,991
590,993
591,601
591,624
591,633
591,639
591,673
591,678
591,688
591,718
591,723
591,726
591,730
591,746
591,770
591,780
591,783
591,822
591,848
591,851
591,855
591,857
591,914
591,947
591,960
591,964
591,975
592,695
592,704
592,707
592,719
592,732
592,736
592,745
592,807
592,827
592,839
592,896
592,907
592,927
592,952
592,963
593,624
593,629
593,630
593,710
593,804
593,808
593,824
593,844
593,864
593,960
593,967
593,987
594,612
594,628
594,629
594,685
594,720
594,726
594,747
594,757
594,760
594,767
594,769
594,770
594,774
594,823
594,829
594,855
594,892
594,902
594,920
594,939
594,948
594,965
594,975
594,981
594,997
595,606
595,624
595,629
595,635
595,644
595,649
595,659
595,679
595,680
595,692
595,702
595,709
595,731
595,752
595,755
595,779
595,802
595,805
595,808
595,810
595,853
595,859
595,908
595,914
595,920
595,924
595,948
595,952
595,957
596,751
596,760
596,781
596,825
596,846
596,853
596,859
596,876
596,925
597,642
597,647
597,664
597,682
597,709
597,773
597,778
597,805
597,850
597,851
597,901
597,948
597,952
597,990
598,601
598,619
598,620
598,621
598,653
598,681
598,693
598,716
598,746
598,751
598,776
598,807
598,822
598,860
598,868
598,897
598,918
599,689
599,696
599,728
599,732
599,738
599,756
599,766
599,815
599,816
599,819
599,850
599,872
599,954
600,606
600,629
600,632
600,650
600,675
600,676
600,677
600,680
600,743
600,752
600,755
600,761
600,771
600,778
600,876
600,877
600,879
600,953
600,967
600,973
601,608
601,620
601,655
601,682
601,907
601,940
601,995
602,636
602,669
602,680
602,695
602,696
602,701
602,711
602,736
602,780
602,784
602,809
602,829
602,846
602,860
602,885
602,899
602,924
602,937
602,944
602,947
602,964
602,982
602,985
602,999
603,647
603,654
603,678
603,697
603,704
603,705
603,723
603,726
603,747
603,753
603,768
603,770
603,809
603,819
603,825
603,887
603,913
603,921
603,928
603,939
603,974
603,978
603,981
603,993
603,997
604,612
604,633
604,652
604,682
604,702
604,708
604,730
604,732
604,749
604,798
604,826
604,837
604,862
604,870
604,953
604,961
604,991
605,611
605,655
605,674
605,751
605,782
605,875
605,899
605,909
605,917
605,926
605,931
605,936
605,943
605,959
606,621
606,640
606,650
606,655
606,676
606,703
606,739
606,749
606,758
606,761
606,775
606,779
606,789
606,793
606,796
606,800
606,801
606,826
606,830
606,834
606,853
606,870
606,885
606,886
606,909
606,922
606,935
606,949
606,967
606,977
607,611
607,641
607,672
607,696
607,702
607,901
607,903
607,924
607,926
607,944
607,948
607,953
607,961
607,990
608,614
608,645
608,690
608,695
608,711
608,745
608,759
608,780
608,794
608,807
608,827
608,857
608,860
608,883
608,896
608,907
608,941
608,955
608,963
608,971
608,987
608,995
609,610
609,634
609,657
609,780
609,947
609,975
610,623
610,645
610,649
610,663
610,721
610,745
610,756
610,780
610,792
610,807
610,811
610,864
610,914
610,947
610,958
610,961
610,969
611,642
611,651
611,731
611,733
611,734
611,841
611,853
611,943
611,948
611,952
611,956
611,957
611,961
611,987
611,990
612,636
612,638
612,697
612,772
612,789
612,823
612,849
612,903
612,906
612,939
612,947
612,964
612,992
613,616
613,632
613,650
613,675
613,699
613,708
613,758
613,775
613,826
613,833
613,837
613,853
613,863
613,869
613,871
613,872
613,935
613,950
614,662
614,668
614,675
614,682
614,689
614,756
614,787
614,793
614,829
614,841
614,850
614,872
614,873
614,910
614,959
614,971
615,631
615,656
615,753
615,794
615,811
615,817
615,880
615,914
616,632
616,641
616,650
616,676
616,699
616,738
616,761
616,762
616,763
616,775
616,801
616,826
616,833
616,869
616,876
616,909
616,932
616,973
616,991
617,650
617,702
617,728
617,732
617,763
617,806
617,821
617,837
617,841
617,909
617,931
617,933
617,940
617,957
617,967
617,970
617,979
617,991
618,640
618,703
618,787
618,885
618,899
618,961
618,962
618,998
619,674
619,738
619,803
619,805
619,810
619,828
619,856
619,866
619,911
619,913
619,947
619,956
620,653
620,681
620,682
620,742
620,852
620,856
620,868
620,880
620,921
620,935
620,959
620,998
621,633
621,646
621,654
621,665
621,737
621,755
621,757
621,778
621,779
621,791
621,799
621,812
621,859
621,888
621,908
621,913
621,920
621,922
621,933
621,935
621,950
621,965
621,988
622,698
622,734
622,740
622,741
622,776
622,793
622,816
622,821
622,837
622,843
622,871
622,873
622,927
622,933
622,971
622,979
622,991
623,629
623,654
623,685
623,704
623,710
623,723
623,736
623,756
623,786
623,824
623,844
623,859
623,893
623,899
623,929
623,942
623,969
623,987
624,626
624,672
624,674
624,679
624,680
624,704
624,715
624,731
624,751
624,753
624,816
624,845
624,890
624,894
624,917
624,995
625,726
625,762
625,813
625,865
625,903
625,908
625,981
625,993
626,633
626,648
626,651
626,659
626,662
626,666
626,668
626,675
626,682
626,684
626,693
626,694
626,701
626,716
626,717
626,719
626,730
626,736
626,779
626,782
626,787
626,793
626,806
626,817
626,818
626,867
626,895
626,903
626,910
626,922
626,926
626,936
626,938
626,952
626,962
626,982
626,988
626,999
627,628
627,643
627,671
627,685
627,700
627,705
627,754
627,772
627,789
627,813
627,852
627,898
627,900
627,939
627,950
627,974
627,978
627,996
628,645
628,671
628,683
628,690
628,700
628,705
628,726
628,735
628,752
628,767
628,768
628,769
628,789
628,802
628,825
628,831
628,853
628,865
628,874
628,882
628,898
628,950
628,974
628,975
628,993
628,996
629,630
629,654
629,667
629,685
629,688
629,723
629,725
629,736
629,792
629,824
629,827
629,832
629,838
629,844
629,864
629,893
629,913
629,914
629,915
629,931
629,937
629,985
629,987
630,639
630,648
630,654
630,657
630,667
630,707
630,723
630,732
630,744
630,769
630,786
630,790
630,796
630,807
630,824
630,826
630,836
630,838
630,839
630,864
630,893
630,898
630,915
630,937
630,944
630,975
631,643
631,649
631,690
631,696
631,729
631,742
631,759
631,790
631,848
631,885
631,951
631,963
631,969
631,994
631,999
632,642
632,650
632,675
632,677
632,692
632,699
632,743
632,750
632,758
632,761
632,764
632,771
632,775
632,826
632,833
632,869
632,877
632,909
632,923
632,935
632,952
632,957
632,961
632,967
632,983
633,644
633,647
633,657
633,688
633,755
633,757
633,765
633,778
633,882
633,906
633,920
633,922
633,950
633,952
634,639
634,657
634,660
634,678
634,679
634,683
634,684
634,715
634,760
634,796
634,841
634,910
634,937
634,960
635,688
635,697
635,737
635,743
635,757
635,761
635,773
635,775
635,778
635,779
635,789
635,834
635,877
635,906
635,920
635,921
635,922
635,935
635,947
635,967
636,638
636,639
636,643
636,647
636,660
636,673
636,710
636,720
636,726
636,761
636,803
636,808
636,832
636,840
636,851
636,874
636,917
636,991
637,653
637,696
637,777
637,790
637,843
637,852
637,854
637,904
637,930
637,946
637,954
637,980
638,643
638,644
638,646
638,647
638,660
638,661
638,665
638,697
638,709
638,725
638,735
638,791
638,819
638,834
638,859
638,861
638,866
638,939
638,947
639,654
639,655
639,667
639,752
639,759
639,824
639,829
639,982
639,992
640,644
640,677
640,731
640,812
640,858
640,876
640,886
640,898
640,901
640,945
640,963
641,713
641,741
641,743
641,755
641,771
641,801
641,814
641,826
641,830
641,834
641,840
641,847
641,851
641,853
641,879
641,892
641,903
641,905
641,932
641,935
641,943
641,946
641,957
641,988
642,755
642,780
642,801
642,854
642,862
642,875
642,894
642,901
642,919
642,949
642,952
642,956
642,962
642,990
643,659
643,691
643,698
643,700
643,725
643,754
643,764
643,765
643,775
643,791
643,813
643,849
643,888
643,898
643,903
643,908
643,924
643,947
643,952
644,646
644,647
644,659
644,664
644,665
644,683
644,697
644,704
644,709
644,711
644,726
644,739
644,765
644,778
644,805
644,877
644,885
644,911
644,920
644,932
644,948
644,992
645,649
645,662
645,690
645,691
645,710
645,723
645,749
645,825
645,835
645,844
645,893
645,929
645,958
645,996
646,647
646,659
646,667
646,731
646,755
646,784
646,800
646,866
646,868
646,947
646,960
646,967
647,660
647,697
647,711
647,716
647,751
647,765
647,770
647,802
647,805
647,808
647,809
647,823
647,840
647,841
647,855
647,859
647,865
647,887
647,911
647,925
647,935
647,939
647,964
647,972
647,981
647,997
648,652
648,682
648,701
648,703
648,716
648,717
648,730
648,752
648,766
648,787
648,793
648,807
648,830
648,852
648,875
648,881
648,936
648,959
648,966
649,707
649,742
649,790
649,791
649,792
649,796
649,861
649,864
649,929
649,934
649,942
649,948
649,958
649,969
649,992
650,675
650,677
650,678
650,708
650,743
650,751
650,758
650,771
650,775
650,786
650,795
650,833
650,838
650,869
650,876
650,890
650,906
650,935
650,949
650,983
650,987
650,991
651,658
651,678
651,696
651,701
651,717
651,738
651,793
651,818
651,835
651,841
651,856
651,863
651,872
651,873
651,875
651,882
651,895
651,897
651,900
651,912
651,938
651,944
651,958
651,966
652,701
652,702
652,732
652,734
652,740
652,771
652,805
652,810
652,826
652,837
652,841
652,869
652,919
652,933
652,940
652,992
653,718
653,719
653,742
653,748
653,780
653,821
653,895
653,901
653,921
653,933
653,992
654,657
654,667
654,685
654,693
654,723
654,769
654,776
654,786
654,811
654,824
654,838
654,844
654,864
654,893
654,914
654,915
654,917
654,928
654,929
654,951
654,954
654,959
655,658
655,693
655,694
655,703
655,704
655,717
655,738
655,752
655,776
655,782
655,795
655,804
655,843
655,863
655,930
655,933
655,954
655,968
655,980
655,981
655,982
656,707
656,740
656,744
656,790
656,817
656,845
656,860
656,880
656,881
656,891
656,984
656,986
657,692
657,753
657,790
657,816
657,824
657,835
657,838
657,864
657,914
657,937
657,946
657,958
657,975
657,999
658,693
658,694
658,717
658,722
658,776
658,777
658,785
658,787
658,798
658,804
658,822
658,823
658,837
658,842
658,852
658,883
658,892
658,900
658,904
658,921
658,931
658,941
658,942
658,946
658,968
658,979
658,980
659,673
659,678
659,687
659,709
659,831
659,841
659,845
659,846
659,847
659,859
659,866
659,889
659,922
659,924
659,948
659,955
660,673
660,688
660,693
660,697
660,699
660,709
660,725
660,764
660,770
660,772
660,812
660,822
660,824
660,825
660,851
660,859
660,861
660,862
660,866
660,890
660,893
660,903
660,911
660,917
660,964
660,972
660,989
660,999
661,680
661,710
661,725
661,731
661,774
661,842
661,851
661,859
661,864
661,870
661,896
661,897
661,912
661,924
661,933
661,974
661,975
661,993
662,669
662,682
662,704
662,806
662,838
662,850
662,897
662,930
663,710
664,805
664,808
664,812
664,830
664,841
664,905
664,948
664,950
664,990
665,692
665,757
665,767
665,791
665,799
665,801
665,806
665,859
665,939
665,950
666,699
666,702
666,708
666,728
666,734
666,740
666,749
666,750
666,837
666,841
666,912
666,931
666,933
666,935
666,940
666,973
666,979
666,982
667,673
667,723
667,756
667,769
667,770
667,811
667,825
667,829
667,844
667,845
667,859
667,864
667,893
667,899
667,903
667,937
667,959
667,975
667,993
668,692
668,717
668,724
668,762
668,873
668,936
668,955
669,677
669,682
669,698
669,702
669,727
669,776
669,787
669,807
669,814
669,873
669,968
669,971
669,982
670,694
670,699
670,706
670,708
670,733
670,736
670,759
670,790
670,794
670,796
670,809
670,811
670,822
670,845
670,860
670,885
670,932
670,950
670,960
670,975
670,987
670,994
670,999
671,677
671,683
671,813
671,831
671,832
671,849
671,978
671,996
672,682
672,697
672,726
672,738
672,751
672,761
672,765
672,778
672,788
672,789
672,793
672,809
672,819
672,841
672,894
672,908
672,917
672,924
672,938
672,944
673,725
673,756
673,772
673,788
673,823
673,825
673,838
673,860
673,903
673,905
673,947
673,964
673,965
673,985
673,992
673,993
674,675
674,679
674,680
674,733
674,736
674,761
674,778
674,782
674,789
674,802
674,804
674,834
674,875
674,885
674,901
674,905
674,935
674,952
674,955
674,983
674,985
675,676
675,699
675,708
675,725
675,739
675,743
675,758
675,761
675,826
675,833
675,870
675,876
675,944
676,743
676,833
676,869
676,935
676,940
676,985
677,699
677,737
677,750
677,771
677,775
677,826
677,830
677,833
677,843
677,899
677,909
677,920
677,924
677,947
677,973
677,983
677,991
678,712
678,725
678,736
678,760
678,769
678,770
678,783
678,825
678,851
678,859
678,874
678,939
678,941
678,947
678,960
678,964
678,974
678,975
678,985
678,997
679,683
679,733
679,736
679,791
679,797
679,803
679,806
679,828
679,846
679,890
679,897
679,917
679,923
679,964
679,985
680,709
680,716
680,726
680,729
680,733
680,735
680,736
680,757
680,774
680,782
680,828
680,829
680,846
680,849
680,851
680,853
680,882
680,885
680,908
680,913
680,920
680,924
680,977
680,998
681,721
681,731
681,742
681,745
681,881
681,907
681,916
681,921
681,953
681,963
681,985
681,990
682,695
682,701
682,715
682,717
682,719
682,736
682,745
682,752
682,768
682,769
682,776
682,778
682,790
682,806
682,816
682,839
682,850
682,859
682,871
682,910
682,921
682,931
682,982
682,993
683,698
683,699
683,700
683,705
683,724
683,735
683,754
683,755
683,789
683,799
683,831
683,832
683,849
683,859
683,862
683,869
683,874
683,882
683,898
683,939
683,964
683,972
683,974
683,978
684,695
684,716
684,717
684,754
684,759
684,845
684,875
684,933
684,937
684,946
684,955
684,962
684,981
684,999
685,686
685,786
685,817
685,838
685,893
685,915
685,929
685,960
685,975
686,707
686,729
686,744
686,774
686,780
686,784
686,796
686,817
686,878
686,880
686,900
686,914
686,917
686,921
686,929
686,938
686,942
686,984
686,986
686,987
686,989
687,697
687,735
687,749
687,767
687,819
687,831
687,866
687,898
687,974
688,797
688,855
688,857
688,866
688,903
688,914
688,937
688,944
688,947
688,965
689,698
689,766
689,807
689,850
689,871
689,896
689,911
689,971
689,982
690,695
690,745
690,796
690,815
690,827
690,838
690,860
690,872
690,881
690,896
690,907
690,927
690,934
690,935
690,951
690,954
690,995
690,998
691,692
691,754
691,757
691,789
691,799
691,802
691,808
691,809
691,950
692,749
692,757
692,761
692,765
692,789
692,852
692,888
692,906
692,922
692,950
692,990
692,996
693,694
693,704
693,724
693,744
693,745
693,792
693,816
693,817
693,822
693,837
693,847
693,852
693,873
693,918
693,930
693,931
693,941
693,948
693,963
693,971
693,995
694,714
694,715
694,736
694,746
694,752
694,785
694,787
694,790
694,795
694,798
694,814
694,815
694,818
694,822
694,850
694,866
694,919
694,931
694,933
694,968
694,974
694,979
694,980
694,982
695,710
695,718
695,721
695,745
695,747
695,759
695,787
695,790
695,807
695,814
695,827
695,839
695,842
695,896
695,907
695,913
695,921
695,924
695,932
695,937
695,955
695,968
695,976
695,995
696,701
696,703
696,716
696,717
696,817
696,828
696,842
696,844
696,860
696,899
696,955
696,980
696,985
697,709
697,711
697,712
697,725
697,764
697,795
697,842
697,851
697,861
697,866
697,888
697,893
697,901
697,938
697,964
697,974
698,702
698,763
698,794
698,820
698,828
698,920
698,930
698,931
698,933
698,971
699,708
699,731
699,749
699,752
699,758
699,761
699,771
699,775
699,793
699,801
699,826
699,833
699,834
699,862
699,870
699,879
699,909
699,921
699,935
699,973
699,991
700,705
700,735
700,760
700,768
700,780
700,789
700,799
700,831
700,833
700,851
700,865
700,882
700,888
700,903
700,917
700,950
700,974
700,981
701,717
701,751
701,761
701,773
701,793
701,822
701,856
701,910
701,938
701,944
701,948
701,951
701,959
701,992
702,713
702,728
702,732
702,734
702,749
702,775
702,790
702,793
702,833
702,837
702,847
702,854
702,923
702,940
702,946
702,953
702,979
703,797
703,837
703,839
703,842
703,863
703,899
703,914
703,985
703,995
704,717
704,816
704,846
704,860
704,861
704,897
704,910
704,912
704,959
704,962
704,990
704,999
705,735
705,753
705,819
705,855
705,965
705,981
705,989
706,716
706,754
706,776
706,790
706,809
706,814
706,829
706,842
706,845
706,859
706,863
706,864
706,899
706,902
706,985
706,987
707,710
707,729
707,744
707,752
707,769
707,785
707,796
707,811
707,835
707,848
707,891
707,918
707,927
707,929
707,958
707,984
707,985
707,987
707,998
708,735
708,736
708,749
708,750
708,758
708,765
708,771
708,793
708,806
708,826
708,853
708,877
708,909
708,933
708,974
708,980
708,983
709,724
709,789
709,846
709,924
709,999
710,723
710,725
710,744
710,756
710,759
710,767
710,768
710,790
710,796
710,809
710,824
710,827
710,835
710,843
710,868
710,925
710,929
710,936
710,958
710,969
710,986
711,754
711,765
711,767
711,779
711,788
711,799
711,819
711,828
711,849
711,866
711,874
711,888
711,924
711,951
711,974
712,768
712,844
712,857
712,928
712,948
712,965
713,728
713,730
713,740
713,743
713,806
713,830
713,841
713,873
713,883
713,894
713,988
713,990
714,715
714,748
714,752
714,777
714,852
714,871
714,876
714,885
714,900
714,907
714,918
714,919
714,959
714,980
714,982
715,734
715,766
715,847
715,860
715,871
715,872
715,877
715,892
715,900
715,922
716,810
716,840
716,846
716,895
716,910
716,912
716,962
716,999
717,739
717,748
717,752
717,753
717,758
717,776
717,810
717,822
717,839
717,871
717,872
717,897
717,910
717,912
717,917
717,930
717,938
717,952
717,999
718,719
718,721
718,745
718,858
718,861
718,907
718,958
718,995
719,728
719,745
719,749
719,807
719,822
719,827
719,845
719,848
719,868
719,871
719,896
719,907
719,916
719,921
719,937
719,959
719,963
719,975
719,976
720,767
720,812
720,819
720,825
720,840
720,869
720,905
720,993
721,727
721,742
721,745
721,748
721,793
721,868
722,746
722,753
722,776
722,785
722,822
722,894
722,904
722,946
723,765
723,796
723,807
723,811
723,838
723,864
723,893
723,902
723,914
723,929
723,937
723,951
723,958
723,960
723,982
724,776
724,785
724,883
724,904
724,921
724,931
724,943
724,959
724,971
725,732
725,761
725,765
725,770
725,774
725,781
725,797
725,801
725,823
725,825
725,851
725,859
725,901
725,911
725,914
725,924
725,959
725,964
725,982
725,987
726,747
726,753
726,765
726,770
726,772
726,784
726,823
726,825
726,832
726,855
726,877
726,902
726,903
726,928
726,960
726,965
726,972
726,975
726,981
726,993
726,997
727,748
727,787
727,801
727,810
727,822
727,940
727,982
728,763
728,808
728,810
728,821
728,840
728,841
728,940
728,976
728,979
729,759
729,789
729,817
729,835
729,887
729,984
729,987
729,994
730,738
730,743
730,749
730,765
730,793
730,806
730,871
730,892
730,946
731,805
731,948
731,952
731,987
731,990
732,734
732,749
732,757
732,815
732,837
732,850
732,870
732,946
732,979
732,983
733,751
733,774
733,788
733,820
733,828
733,862
733,868
733,875
733,933
733,988
733,990
733,991
734,740
734,749
734,821
734,853
734,895
734,910
734,933
734,940
734,959
734,973
734,979
735,738
735,753
735,764
735,767
735,769
735,789
735,812
735,825
735,859
735,860
735,861
735,874
735,887
735,888
735,893
735,935
735,974
735,996
736,745
736,748
736,751
736,757
736,774
736,782
736,790
736,809
736,828
736,875
736,893
736,902
736,917
736,933
736,936
736,963
736,985
736,999
737,761
737,906
737,922
737,931
737,938
737,955
737,967
738,749
738,757
738,759
738,762
738,765
738,766
738,782
738,800
738,806
738,814
738,828
738,840
738,856
738,871
738,876
738,900
738,912
738,938
738,944
738,954
738,966
739,761
739,801
739,826
739,841
739,879
739,923
739,939
739,967
739,988
740,741
740,749
740,791
740,793
740,820
740,830
740,837
740,842
740,873
740,892
740,933
740,944
741,762
741,826
741,837
741,879
742,746
742,790
742,839
742,863
742,868
743,750
743,758
743,761
743,771
743,775
743,801
743,826
743,833
743,876
743,923
743,939
743,967
743,983
744,759
744,760
744,790
744,814
744,829
744,835
744,848
744,880
744,891
744,904
744,929
744,934
744,938
744,963
744,976
744,984
744,986
745,759
745,827
745,842
745,843
745,860
745,863
745,885
745,896
745,907
745,916
745,927
745,941
745,959
745,963
745,969
745,984
745,995
746,748
746,787
746,822
746,921
746,941
746,980
746,982
747,767
747,768
747,772
747,782
747,790
747,825
747,838
747,857
747,860
747,864
747,880
747,903
747,909
747,928
747,965
747,981
747,993
747,997
748,787
748,798
748,807
748,814
748,850
748,919
748,982
749,771
749,779
749,837
749,847
749,870
749,912
749,970
749,979
749,988
750,793
750,814
750,938
750,988
750,991
751,756
751,781
751,782
751,828
751,841
751,875
751,894
751,912
751,913
751,917
751,956
751,959
752,766
752,776
752,814
752,871
752,879
752,892
752,919
752,930
752,931
752,980
753,768
753,772
753,797
753,831
753,857
753,903
753,928
753,965
753,981
753,992
753,997
754,757
754,791
754,888
754,889
754,974
755,765
755,774
755,791
755,799
755,802
755,823
755,840
755,859
755,862
755,883
755,905
755,952
755,967
756,786
756,824
756,844
756,893
756,929
756,942
756,969
756,984
756,998
757,774
757,778
757,782
757,789
757,791
757,799
757,802
757,823
757,826
757,832
757,870
757,882
757,908
757,909
757,920
757,938
757,944
757,950
757,974
758,761
758,764
758,771
758,775
758,801
758,833
758,900
758,906
758,921
758,964
758,978
758,983
758,991
759,796
759,807
759,829
759,848
759,880
759,891
759,896
759,900
759,927
759,947
759,984
759,994
759,998
760,780
760,783
760,794
760,797
760,813
760,836
760,850
760,857
760,882
760,947
760,948
760,960
760,975
760,992
761,775
761,801
761,828
761,833
761,839
761,853
761,858
761,870
761,877
761,886
761,908
761,923
761,935
761,939
761,967
762,766
762,822
762,837
762,873
762,879
762,901
762,922
762,933
763,777
763,783
763,818
763,820
763,821
763,827
763,860
763,870
763,883
763,892
763,916
763,933
763,940
763,983
764,782
764,803
764,819
764,825
764,831
764,862
764,882
764,884
764,887
764,888
764,992
765,775
765,789
765,791
765,797
765,812
765,849
765,854
765,885
765,920
765,933
765,943
765,948
765,950
766,806
766,817
766,818
766,826
766,871
766,892
766,904
766,931
766,971
766,982
766,988
767,819
767,849
767,874
767,887
767,889
767,992
768,770
768,851
768,857
768,861
768,947
768,963
768,975
768,997
769,774
769,797
769,814
769,824
769,838
769,842
769,845
769,864
769,899
769,908
769,914
769,921
769,929
769,937
769,951
769,963
769,987
770,772
770,809
770,811
770,825
770,849
770,851
770,857
770,864
770,928
770,935
770,947
770,964
770,984
770,985
770,993
771,775
771,826
771,870
771,877
771,879
771,886
771,905
771,909
771,935
771,984
772,783
772,796
772,825
772,828
772,865
772,866
772,884
772,903
772,909
772,942
772,947
772,964
772,965
772,981
772,992
773,778
773,779
773,799
773,853
773,862
773,922
773,948
773,996
774,776
774,790
774,917
774,924
774,964
774,992
775,826
775,844
775,855
775,870
775,879
775,896
775,899
775,909
775,920
775,923
775,935
775,940
775,945
775,967
775,990
776,782
776,785
776,804
776,807
776,892
776,900
776,904
776,907
776,919
776,921
776,941
776,959
776,968
776,985
776,993
777,785
777,796
777,804
777,852
777,883
777,918
777,930
777,954
778,779
778,789
778,793
778,801
778,808
778,922
778,950
779,802
779,834
779,837
779,858
779,920
779,922
779,924
779,930
779,935
779,944
779,964
780,790
780,796
780,825
780,828
780,836
780,845
780,851
780,874
780,889
780,890
780,975
780,985
781,784
781,890
781,953
781,974
782,828
782,847
782,859
782,875
782,883
782,885
782,894
782,897
782,913
782,917
782,924
782,944
782,950
782,967
783,797
783,851
783,890
783,903
783,937
783,947
783,975
783,985
784,885
784,925
784,936
784,966
785,787
785,843
785,852
785,883
785,954
785,959
785,966
785,968
786,836
786,838
786,844
786,864
786,893
786,908
786,915
787,804
787,821
787,822
787,830
787,852
787,875
787,909
787,912
787,916
787,919
787,959
787,961
787,968
788,823
788,830
788,832
788,836
788,903
788,916
788,932
788,939
788,989
789,799
789,829
789,855
789,861
789,874
789,889
789,905
789,906
789,908
789,938
789,950
789,975
790,794
790,817
790,842
790,848
790,871
790,880
790,891
790,914
790,929
790,934
790,951
790,977
790,984
790,987
790,992
790,999
791,799
791,800
791,836
791,849
791,858
791,889
791,908
791,950
791,957
792,811
792,929
793,806
793,815
793,856
793,872
793,873
793,876
793,931
793,932
793,933
793,936
793,938
793,944
793,950
793,959
793,971
793,985
794,842
794,875
794,895
794,951
794,985
795,822
795,848
795,868
795,931
795,954
795,968
795,982
796,809
796,811
796,817
796,829
796,848
796,867
796,880
796,885
796,926
796,964
796,969
796,975
796,977
796,981
796,984
796,987
796,990
796,994
796,995
797,809
797,817
797,842
797,857
797,885
797,917
797,982
797,985
798,806
798,845
798,897
798,919
798,980
798,982
799,800
799,888
799,889
799,901
799,920
799,948
799,950
800,854
800,950
801,826
801,841
801,847
801,861
801,906
801,923
801,957
801,967
802,808
802,813
802,849
802,854
802,855
802,905
802,909
802,920
802,943
802,983
803,866
803,908
803,931
803,933
803,974
804,822
804,827
804,843
804,852
804,904
804,929
804,930
804,946
804,954
804,968
804,980
805,812
805,905
805,924
805,949
806,810
806,818
806,841
806,850
806,871
806,900
806,910
806,931
806,936
806,971
806,980
807,815
807,829
807,892
807,907
807,916
807,955
807,963
807,976
807,982
808,810
808,812
808,920
809,829
809,842
809,845
809,859
809,863
809,977
809,982
809,984
809,985
810,826
810,936
811,823
811,824
811,844
811,864
811,881
811,934
811,985
811,992
812,836
812,863
812,901
812,905
812,936
813,832
813,882
813,889
813,945
813,974
813,978
814,815
814,850
814,892
814,900
814,931
814,968
814,982
815,818
815,833
815,853
815,871
815,885
815,900
815,931
815,946
815,959
815,971
815,982
816,839
816,854
816,890
816,894
816,897
816,912
816,923
816,927
816,936
816,938
816,948
816,954
816,999
817,835
817,842
817,848
817,856
817,878
817,880
817,891
817,934
817,951
817,955
817,976
817,984
817,989
818,830
818,850
818,892
818,897
818,931
818,962
818,971
818,982
819,855
819,939
819,974
819,981
820,872
820,904
820,933
820,940
820,961
820,971
820,979
821,837
821,858
821,883
821,892
821,894
821,910
821,940
821,948
821,979
821,982
822,827
822,852
822,875
822,883
822,907
822,911
822,917
822,918
822,919
822,951
822,962
822,963
822,968
822,980
822,982
823,832
823,835
823,851
823,865
823,893
823,903
823,921
823,950
823,951
823,958
823,965
823,989
823,993
824,838
824,844
824,864
824,871
824,903
824,921
824,958
824,975
824,976
825,851
825,903
825,910
825,928
825,937
825,950
825,965
825,975
825,981
825,992
825,993
826,833
826,847
826,853
826,870
826,879
826,886
826,909
826,935
826,966
826,973
826,975
827,843
827,851
827,868
827,885
827,896
827,903
827,907
827,916
827,927
827,932
827,963
827,976
827,985
828,937
828,950
828,975
828,981
828,985
828,999
829,860
829,863
829,880
829,907
829,951
829,985
830,847
830,853
830,854
830,889
830,953
830,961
830,970
830,973
831,849
831,857
831,939
831,974
832,849
832,879
832,888
832,939
832,952
832,972
832,974
832,978
832,984
832,996
833,869
833,888
833,940
833,945
834,851
834,853
834,858
834,871
834,889
834,922
834,925
834,935
834,949
835,893
835,924
835,958
835,984
835,998
836,842
836,851
836,863
836,958
837,853
837,872
837,873
837,879
837,892
837,933
837,944
837,979
837,991
838,844
838,857
838,864
838,893
838,929
838,937
838,975
839,860
839,885
839,912
839,959
839,984
839,987
839,995
840,853
840,862
840,939
840,943
840,949
840,952
840,970
841,856
841,858
841,863
841,872
841,897
841,946
841,957
841,959
842,845
842,863
842,899
842,917
842,933
842,937
842,968
842,985
842,995
843,852
843,883
843,904
843,921
843,930
843,946
843,954
843,980
843,982
843,999
844,864
844,893
844,914
844,924
844,929
844,942
844,958
844,964
844,975
844,984
845,863
845,864
845,880
845,881
845,885
845,890
845,891
845,893
845,942
845,960
845,969
845,984
847,853
847,879
847,886
847,905
847,909
847,940
847,949
847,952
847,957
847,961
847,973
848,867
848,934
848,935
848,951
848,958
848,994
848,995
848,998
849,854
849,874
849,887
849,888
849,903
849,908
849,918
849,974
849,989
850,871
850,924
850,982
851,853
851,859
851,860
851,875
851,879
851,885
851,948
851,964
851,992
851,993
852,867
852,883
852,904
852,930
852,954
853,862
853,872
853,905
853,906
853,933
853,935
853,938
853,948
853,952
853,967
853,975
853,988
854,936
854,952
854,957
854,983
855,861
855,884
855,903
855,928
855,985
855,993
856,894
856,895
857,924
857,928
857,938
857,957
857,959
857,975
858,879
858,886
858,906
858,943
858,947
858,949
858,988
859,861
859,873
859,888
859,890
859,913
859,924
859,937
859,948
859,964
859,974
859,976
859,991
860,863
860,867
860,897
860,941
860,944
860,975
860,985
860,990
860,995
861,866
861,947
861,976
861,981
861,993
862,901
862,910
862,940
862,943
862,946
862,948
862,957
862,967
862,988
863,885
863,942
863,952
863,985
864,893
864,915
864,925
864,937
864,969
864,975
864,982
865,887
865,974
866,908
866,948
866,965
866,993
866,996
867,890
867,936
868,907
868,921
868,951
868,984
869,936
869,988
869,991
870,879
870,920
870,935
870,950
870,973
871,872
871,894
871,900
871,914
871,921
871,929
871,930
871,931
871,938
871,947
872,877
872,906
872,931
872,933
872,980
873,900
873,904
873,917
873,936
873,970
873,992
874,887
874,912
874,937
874,974
875,879
875,880
875,885
875,894
875,895
875,913
875,917
875,926
875,938
875,948
875,955
875,962
875,973
875,999
876,910
876,974
876,983
877,923
877,945
877,967
878,915
878,999
879,923
879,935
879,936
879,943
879,957
879,961
879,973
879,977
880,881
880,891
880,934
880,942
880,977
880,984
880,986
881,896
881,927
881,955
882,939
882,950
882,978
883,904
883,918
883,927
883,930
883,931
883,954
883,968
884,903
884,924
884,974
884,992
885,913
885,926
885,928
885,999
886,901
886,909
886,962
886,974
886,985
887,952
888,908
888,929
888,938
888,993
889,898
889,939
889,974
890,924
890,948
890,979
891,918
891,976
891,984
892,900
892,910
892,918
892,919
892,930
892,941
892,946
892,980
893,913
893,914
893,915
893,935
893,942
893,954
893,977
894,901
894,913
894,934
894,948
894,955
894,959
894,990
895,897
895,913
895,926
895,932
895,938
895,974
896,907
896,916
896,921
896,930
896,932
896,982
896,987
896,995
896,999
897,910
897,912
897,913
897,952
897,962
897,977
898,911
898,996
898,997
899,946
899,958
899,984
899,985
900,930
900,931
900,980
900,982
901,907
901,920
901,944
901,956
901,957
902,909
902,965
902,997
903,937
903,947
903,965
903,989
903,992
903,997
904,910
904,916
904,925
904,930
904,946
905,911
905,938
905,943
905,952
906,922
906,961
907,921
907,927
907,929
907,963
907,995
908,925
908,928
908,989
909,935
909,952
909,961
909,973
909,983
910,912
910,941
910,959
910,985
911,955
911,964
911,989
912,926
912,932
912,936
912,938
912,962
913,917
913,924
913,931
913,935
913,944
913,980
913,985
913,995
914,942
914,951
914,960
914,987
914,994
915,969
915,977
916,921
916,963
916,987
917,936
917,937
917,938
917,944
917,959
917,962
917,985
917,988
918,931
918,936
918,946
918,971
919,927
919,954
919,962
919,980
919,987
920,922
920,924
921,927
921,929
921,932
921,963
921,980
922,990
923,945
924,931
924,944
924,948
924,957
925,977
925,990
926,948
926,961
927,953
927,963
927,994
928,964
928,965
928,981
928,997
928,999
929,955
929,958
929,959
929,975
929,986
929,994
929,995
929,998
930,953
930,954
931,933
931,968
931,980
931,982
933,935
933,940
933,971
933,979
934,976
934,979
934,984
934,994
934,998
935,937
935,943
935,967
936,962
936,988
937,947
937,964
937,975
938,944
938,959
938,968
938,975
938,985
939,964
939,972
939,974
939,984
939,996
941,944
941,984
941,995
942,949
942,958
942,969
943,949
943,953
943,979
943,982
943,990
944,948
944,950
944,966
944,971
945,973
947,960
947,964
947,975
947,992
948,950
948,990
949,981
950,974
951,952
951,959
951,994
951,995
951,998
951,999
952,957
952,990
954,959
954,975
954,980
955,966
955,976
956,990
957,961
957,975
957,988
958,969
958,987
959,962
959,966
959,968
959,982
959,995
959,999
960,982
961,973
962,995
962,997
962,999
963,985
963,986
963,998
964,972
964,984
964,990
964,992
965,981
966,970
967,973
967,990
969,989
970,990
972,974
972,996
974,978
974,996
975,985
975,992
976,984
976,995
978,996
980,982
981,993
981,997
982,987
983,991
984,987
984,993
985,986
985,989
987,993
987,994
989,992
989,993
