source,target
0,9
0,117
0,161
0,167
0,189
0,192
0,226
0,231
0,259
0,293
0,305
0,370
0,373
0,399
0,434
0,437
0,471
0,525
0,543
0,559
0,616
0,618
0,649
0,680
0,688
0,699
0,701
0,739
0,748
0,752
0,761
0,787
0,789
0,809
0,846
0,871
0,884
0,896
0,910
0,918
0,920
0,973
0,980
1,7
1,12
1,13
1,36
1,41
1,69
1,83
1,94
1,98
1,111
1,126
1,149
1,155
1,219
1,233
1,236
1,248
1,253
1,262
1,300
1,305
1,313
1,318
1,356
1,364
1,430
1,438
1,463
1,467
1,506
1,512
1,567
1,569
1,574
1,575
1,580
1,586
1,589
1,596
1,613
1,621
1,637
1,670
1,673
1,770
1,790
1,791
1,798
1,811
1,827
1,839
1,858
1,861
1,920
1,971
1,986
2,18
2,43
2,73
2,129
2,145
2,166
2,167
2,243
2,263
2,269
2,272
2,346
2,347
2,349
2,370
2,381
2,398
2,417
2,462
2,483
2,534
2,538
2,615
2,672
2,675
2,680
2,688
2,692
2,696
2,722
2,730
2,762
2,801
2,840
2,847
2,877
2,899
2,903
2,944
2,952
2,963
3,179
3,198
3,247
3,356
3,367
3,419
3,449
3,507
3,528
3,633
3,636
3,673
3,675
3,702
3,715
3,726
3,737
3,742
3,743
3,791
3,801
3,829
3,918
3,943
4,7
4,21
4,28
4,88
4,109
4,117
4,150
4,162
4,163
4,216
4,224
4,225
4,250
4,290
4,291
4,304
4,326
4,353
4,382
4,420
4,422
4,439
4,552
4,611
4,620
4,631
4,640
4,662
4,679
4,704
4,733
4,735
4,756
4,775
4,776
4,778
4,788
4,792
4,797
4,807
4,844
4,862
4,901
4,924
4,930
4,937
4,938
4,939
4,942
4,947
5,31
5,32
5,41
5,45
5,50
5,64
5,65
5,92
5,97
5,111
5,158
5,160
5,185
5,211
5,220
5,249
5,278
5,297
5,300
5,301
5,322
5,359
5,403
5,425
5,427
5,432
5,450
5,468
5,474
5,515
5,531
5,559
5,579
5,610
5,617
5,618
5,619
5,649
5,664
5,666
5,670
5,755
5,855
5,866
5,921
5,943
5,949
5,953
5,958
5,959
5,971
5,977
5,995
6,75
6,95
6,117
6,155
6,162
6,267
6,295
6,322
6,401
6,406
6,421
6,431
6,434
6,442
6,470
6,494
6,526
6,529
6,534
6,551
6,562
6,649
6,661
6,675
6,676
6,680
6,696
6,888
6,903
6,930
6,945
6,958
6,963
7,12
7,14
7,23
7,29
7,38
7,55
7,65
7,83
7,91
7,95
7,155
7,163
7,168
7,173
7,196
7,198
7,202
7,268
7,276
7,305
7,316
7,356
7,364
7,400
7,419
7,478
7,506
7,507
7,569
7,574
7,580
7,582
7,589
7,593
7,617
7,654
7,658
7,719
7,727
7,737
7,754
7,794
7,804
7,824
7,825
7,826
7,832
7,839
7,858
7,875
7,894
7,906
7,972
7,996
8,23
8,38
8,64
8,65
8,76
8,79
8,86
8,92
8,101
8,111
8,131
8,135
8,137
8,209
8,244
8,246
8,272
8,302
8,305
8,308
8,317
8,330
8,363
8,376
8,380
8,382
8,385
8,400
8,414
8,415
8,429
8,458
8,468
8,489
8,497
8,511
8,522
8,541
8,557
8,575
8,586
8,593
8,639
8,647
8,653
8,667
8,691
8,718
8,728
8,772
8,780
8,782
8,790
8,804
8,814
8,823
8,832
8,839
8,840
8,841
8,865
8,870
8,872
8,889
8,895
8,917
8,928
8,937
8,961
8,962
8,964
8,972
8,987
8,990
8,992
8,994
9,125
9,148
9,189
9,204
9,210
9,219
9,373
9,388
9,416
9,437
9,455
9,512
9,526
9,558
9,562
9,566
9,568
9,618
9,634
9,649
9,683
9,724
9,739
9,745
9,751
9,762
9,787
9,815
9,823
9,973
10,18
10,21
10,26
10,67
10,84
10,148
10,254
10,272
10,295
10,373
10,388
10,448
10,551
10,615
10,672
10,676
10,699
10,721
10,722
10,900
10,903
10,913
10,924
10,963
10,977
11,60
11,80
11,106
11,111
11,147
11,178
11,196
11,233
11,243
11,275
11,301
11,302
11,308
11,309
11,317
11,361
11,392
11,460
11,465
11,468
11,476
11,511
11,514
11,521
11,528
11,546
11,547
11,560
11,579
11,593
11,595
11,606
11,617
11,628
11,644
11,651
11,670
11,692
11,694
11,731
11,763
11,806
11,811
11,842
11,872
11,887
11,904
11,934
11,949
11,950
11,966
11,971
11,988
11,990
12,13
12,14
12,29
12,103
12,108
12,135
12,142
12,159
12,202
12,230
12,242
12,248
12,268
12,276
12,302
12,332
12,364
12,370
12,380
12,390
12,401
12,418
12,438
12,506
12,512
12,569
12,575
12,592
12,611
12,658
12,692
12,697
12,719
12,734
12,767
12,772
12,782
12,783
12,795
12,806
12,814
12,818
12,882
12,943
12,951
12,972
13,36
13,43
13,151
13,168
13,228
13,242
13,244
13,266
13,276
13,287
13,291
13,305
13,307
13,318
13,330
13,363
13,373
13,392
13,418
13,500
13,512
13,516
13,544
13,576
13,629
13,631
13,649
13,651
13,666
13,674
13,715
13,717
13,718
13,763
13,772
13,780
13,781
13,782
13,793
13,798
13,807
13,827
13,832
13,858
13,861
13,871
13,891
13,898
13,906
13,918
13,932
13,937
13,972
14,23
14,36
14,53
14,76
14,80
14,83
14,96
14,108
14,131
14,154
14,163
14,246
14,248
14,282
14,287
14,305
14,318
14,356
14,363
14,364
14,376
14,400
14,403
14,519
14,546
14,548
14,569
14,572
14,574
14,580
14,589
14,603
14,606
14,620
14,628
14,637
14,639
14,698
14,709
14,743
14,781
14,792
14,794
14,839
14,885
14,909
14,931
14,932
14,968
14,972
14,992
14,996
15,51
15,124
15,140
15,181
15,192
15,216
15,225
15,295
15,382
15,421
15,422
15,459
15,473
15,516
15,544
15,575
15,640
15,674
15,732
15,757
15,774
15,792
15,794
15,849
15,863
15,871
15,914
15,942
15,961
16,32
16,37
16,56
16,63
16,74
16,118
16,144
16,167
16,176
16,218
16,268
16,281
16,330
16,342
16,374
16,387
16,392
16,416
16,435
16,441
16,475
16,489
16,495
16,518
16,527
16,530
16,565
16,612
16,655
16,713
16,803
16,806
16,821
16,837
16,846
16,851
16,897
16,951
16,995
16,999
17,21
17,54
17,69
17,71
17,132
17,143
17,151
17,219
17,261
17,293
17,294
17,298
17,306
17,324
17,344
17,372
17,373
17,381
17,383
17,395
17,399
17,423
17,424
17,437
17,450
17,465
17,476
17,524
17,530
17,573
17,605
17,607
17,634
17,701
17,737
17,739
17,748
17,751
17,761
17,800
17,870
17,884
17,896
17,920
17,935
17,951
17,965
17,976
18,26
18,77
18,116
18,125
18,129
18,149
18,161
18,272
18,304
18,346
18,382
18,399
18,412
18,540
18,615
18,672
18,682
18,696
18,722
18,757
18,758
18,820
18,838
18,840
18,847
18,900
18,903
18,906
18,913
18,915
18,930
18,933
18,954
18,963
18,975
18,980
19,27
19,41
19,48
19,66
19,77
19,98
19,109
19,115
19,139
19,159
19,205
19,250
19,263
19,305
19,311
19,338
19,356
19,386
19,391
19,418
19,421
19,428
19,438
19,448
19,459
19,473
19,492
19,500
19,521
19,567
19,597
19,599
19,621
19,631
19,635
19,651
19,677
19,733
19,735
19,743
19,757
19,773
19,778
19,796
19,806
19,817
19,820
19,829
19,840
19,871
19,890
19,899
19,905
19,906
19,924
19,930
19,942
19,977
20,57
20,125
20,133
20,141
20,184
20,200
20,201
20,226
20,231
20,234
20,235
20,241
20,252
20,260
20,267
20,280
20,294
20,335
20,348
20,373
20,381
20,395
20,424
20,426
20,435
20,463
20,465
20,469
20,489
20,514
20,517
20,530
20,533
20,539
20,559
20,561
20,566
20,595
20,605
20,627
20,655
20,733
20,751
20,784
20,803
20,838
20,858
20,888
20,897
20,902
20,915
20,920
20,944
20,985
20,999
21,44
21,67
21,69
21,93
21,104
21,115
21,153
21,155
21,183
21,198
21,222
21,243
21,270
21,285
21,295
21,332
21,334
21,337
21,370
21,395
21,421
21,428
21,434
21,443
21,445
21,462
21,473
21,499
21,502
21,510
21,528
21,574
21,594
21,597
21,611
21,618
21,629
21,635
21,643
21,683
21,696
21,699
21,708
21,733
21,751
21,770
21,786
21,787
21,791
21,797
21,810
21,820
21,832
21,835
21,840
21,863
21,874
21,899
21,915
21,936
21,942
21,945
21,965
21,967
21,998
22,121
22,143
22,165
22,190
22,206
22,207
22,256
22,273
22,333
22,338
22,347
22,369
22,403
22,423
22,429
22,464
22,571
22,584
22,592
22,632
22,670
22,729
22,751
22,772
22,777
22,789
22,811
22,823
22,833
22,846
22,856
22,870
22,884
22,915
22,922
22,955
22,981
23,29
23,38
23,50
23,65
23,83
23,116
23,125
23,180
23,203
23,243
23,244
23,246
23,253
23,283
23,302
23,305
23,327
23,349
23,364
23,382
23,383
23,398
23,400
23,410
23,436
23,477
23,487
23,507
23,516
23,574
23,629
23,639
23,669
23,675
23,685
23,697
23,726
23,737
23,742
23,766
23,793
23,802
23,806
23,824
23,833
23,839
23,841
23,857
23,885
23,887
23,909
23,918
23,932
23,941
23,967
23,986
23,994
24,29
24,80
24,93
24,115
24,146
24,225
24,241
24,245
24,250
24,265
24,290
24,291
24,326
24,351
24,372
24,381
24,382
24,407
24,428
24,438
24,479
24,494
24,524
24,540
24,555
24,574
24,611
24,650
24,674
24,705
24,732
24,733
24,778
24,797
24,849
24,877
24,892
24,899
24,924
24,937
24,963
24,970
25,32
25,55
25,61
25,65
25,89
25,113
25,127
25,170
25,177
25,195
25,204
25,213
25,227
25,297
25,309
25,341
25,432
25,546
25,560
25,570
25,583
25,613
25,622
25,671
25,676
25,727
25,728
25,759
25,760
25,768
25,796
25,799
25,819
25,849
25,886
25,911
25,941
25,976
25,990
25,997
26,43
26,67
26,68
26,84
26,129
26,146
26,148
26,149
26,197
26,205
26,232
26,250
26,258
26,272
26,345
26,346
26,350
26,366
26,399
26,411
26,428
26,434
26,437
26,459
26,462
26,469
26,492
26,493
26,499
26,534
26,540
26,543
26,549
26,559
26,569
26,611
26,615
26,632
26,672
26,688
26,696
26,697
26,699
26,722
26,730
26,757
26,758
26,763
26,840
26,862
26,871
26,900
26,903
26,913
26,924
26,941
26,947
26,954
26,977
27,28
27,81
27,103
27,115
27,131
27,151
27,154
27,172
27,189
27,196
27,230
27,242
27,264
27,287
27,309
27,318
27,332
27,365
27,385
27,394
27,400
27,413
27,440
27,478
27,506
27,507
27,528
27,548
27,580
27,592
27,599
27,613
27,621
27,639
27,654
27,658
27,687
27,697
27,758
27,760
27,766
27,783
27,793
27,804
27,806
27,814
27,839
27,864
27,865
27,875
27,893
27,898
27,904
27,907
27,918
27,928
27,931
28,183
28,245
28,250
28,259
28,290
28,295
28,304
28,326
28,353
28,354
28,363
28,371
28,382
28,422
28,457
28,492
28,552
28,604
28,630
28,668
28,710
28,721
28,732
28,756
28,787
28,840
28,867
28,874
28,877
28,892
28,899
28,970
28,975
28,977
29,38
29,65
29,66
29,80
29,83
29,140
29,150
29,155
29,163
29,198
29,215
29,236
29,244
29,247
29,263
29,305
29,318
29,327
29,349
29,383
29,408
29,418
29,419
29,474
29,484
29,498
29,507
29,512
29,516
29,528
29,541
29,574
29,575
29,578
29,603
29,635
29,636
29,653
29,673
29,685
29,702
29,715
29,717
29,723
29,754
29,774
29,806
29,825
29,860
29,924
29,954
29,986
29,992
30,37
30,53
30,65
30,107
30,135
30,137
30,160
30,203
30,220
30,228
30,302
30,403
30,473
30,478
30,581
30,601
30,684
30,694
30,795
30,798
30,799
30,824
30,857
30,887
30,891
30,895
31,45
31,46
31,60
31,97
31,132
31,185
31,236
31,249
31,278
31,297
31,301
31,315
31,322
31,404
31,446
31,475
31,515
31,538
31,578
31,590
31,601
31,610
31,622
31,670
31,678
31,689
31,728
31,819
31,872
31,880
31,887
31,907
31,921
31,942
31,946
32,37
32,44
32,48
32,54
32,74
32,99
32,110
32,115
32,144
32,147
32,186
32,189
32,200
32,211
32,222
32,258
32,277
32,310
32,335
32,336
32,342
32,374
32,392
32,450
32,475
32,476
32,517
32,612
32,627
32,641
32,713
32,714
32,720
32,752
32,760
32,785
32,803
32,837
32,953
32,955
32,983
32,993
33,153
33,176
33,193
33,220
33,223
33,261
33,294
33,347
33,348
33,360
33,370
33,381
33,391
33,435
33,463
33,476
33,493
33,530
33,581
33,592
33,655
33,689
33,727
33,745
33,765
33,771
33,792
33,800
33,816
33,818
33,843
33,897
33,926
33,951
33,985
34,128
34,130
34,132
34,157
34,406
34,413
34,483
34,551
34,615
34,634
34,649
34,683
34,739
34,751
34,761
34,800
34,843
34,884
34,890
34,896
34,897
34,960
34,973
34,980
35,39
35,42
35,117
35,152
35,186
35,187
35,194
35,219
35,226
35,243
35,254
35,262
35,274
35,286
35,335
35,347
35,352
35,368
35,369
35,370
35,372
35,389
35,393
35,395
35,413
35,416
35,484
35,491
35,506
35,509
35,523
35,563
35,571
35,584
35,595
35,599
35,625
35,629
35,641
35,654
35,712
35,729
35,746
35,784
35,789
35,803
35,810
35,822
35,837
35,853
35,870
35,879
35,891
35,908
35,928
35,935
35,944
35,952
35,960
35,966
35,980
35,981
35,983
36,50
36,76
36,83
36,101
36,128
36,154
36,215
36,248
36,282
36,305
36,308
36,356
36,364
36,384
36,400
36,466
36,559
36,569
36,575
36,580
36,589
36,719
36,737
36,804
36,817
36,820
36,824
36,854
36,857
36,858
36,875
36,972
36,990
37,42
37,56
37,74
37,118
37,133
37,321
37,336
37,374
37,376
37,387
37,436
37,437
37,441
37,489
37,495
37,517
37,518
37,550
37,588
37,612
37,627
37,671
37,713
37,720
37,737
37,750
37,816
37,837
37,851
37,897
37,918
37,926
37,965
37,983
38,39
38,69
38,80
38,101
38,137
38,198
38,215
38,217
38,244
38,246
38,250
38,283
38,296
38,302
38,338
38,349
38,405
38,408
38,438
38,474
38,478
38,479
38,487
38,498
38,507
38,541
38,574
38,582
38,628
38,636
38,652
38,673
38,685
38,686
38,726
38,737
38,738
38,841
38,860
38,869
38,881
38,885
38,894
38,917
38,929
38,967
38,968
38,986
39,50
39,58
39,65
39,81
39,86
39,93
39,102
39,119
39,132
39,138
39,151
39,154
39,178
39,194
39,198
39,209
39,217
39,222
39,244
39,282
39,309
39,311
39,316
39,328
39,332
39,340
39,359
39,368
39,375
39,376
39,413
39,424
39,430
39,458
39,464
39,472
39,479
39,482
39,489
39,511
39,538
39,541
39,569
39,571
39,573
39,575
39,585
39,592
39,595
39,602
39,605
39,614
39,653
39,663
39,665
39,667
39,671
39,678
39,715
39,734
39,738
39,745
39,766
39,780
39,782
39,803
39,806
39,828
39,832
39,834
39,839
39,842
39,846
39,866
39,879
39,886
39,891
39,898
39,904
39,906
39,912
39,917
39,921
39,928
39,931
39,932
39,936
39,957
39,978
39,989
39,990
40,68
40,132
40,178
40,187
40,195
40,219
40,316
40,331
40,332
40,368
40,391
40,413
40,425
40,430
40,464
40,486
40,508
40,542
40,543
40,573
40,599
40,618
40,639
40,729
40,740
40,748
40,788
40,792
40,793
40,870
40,881
40,898
40,912
40,981
41,240
41,253
41,263
41,356
41,358
41,362
41,379
41,419
41,467
41,519
41,574
41,613
41,621
41,671
41,684
41,686
41,717
41,718
41,825
41,827
41,877
41,882
41,918
41,960
41,970
42,85
42,110
42,123
42,127
42,133
42,136
42,138
42,147
42,156
42,157
42,158
42,161
42,165
42,173
42,200
42,219
42,221
42,254
42,289
42,319
42,333
42,347
42,354
42,386
42,393
42,445
42,461
42,480
42,508
42,514
42,519
42,563
42,571
42,574
42,584
42,587
42,599
42,618
42,654
42,671
42,734
42,740
42,746
42,748
42,805
42,836
42,853
42,879
42,927
42,951
42,955
42,956
42,965
42,966
42,974
42,981
43,73
43,104
43,109
43,125
43,129
43,162
43,167
43,203
43,214
43,216
43,244
43,269
43,270
43,346
43,350
43,370
43,406
43,445
43,454
43,566
43,598
43,618
43,630
43,672
43,682
43,704
43,720
43,722
43,762
43,801
43,823
43,838
43,843
43,847
43,896
43,897
43,919
43,952
43,963
43,988
44,69
44,91
44,93
44,104
44,115
44,125
44,130
44,149
44,155
44,157
44,159
44,161
44,176
44,210
44,214
44,222
44,224
44,225
44,254
44,268
44,272
44,274
44,292
44,337
44,346
44,354
44,368
44,370
44,399
44,402
44,430
44,431
44,468
44,473
44,489
44,562
44,582
44,594
44,596
44,618
44,629
44,631
44,635
44,650
44,676
44,719
44,743
44,761
44,769
44,772
44,800
44,801
44,815
44,844
44,863
44,874
44,877
44,881
44,882
44,902
44,910
44,922
44,942
44,945
44,964
44,980
44,987
44,998
45,53
45,60
45,107
45,111
45,137
45,142
45,160
45,185
45,190
45,198
45,209
45,211
45,220
45,243
45,262
45,263
45,275
45,278
45,297
45,301
45,354
45,371
45,403
45,405
45,413
45,427
45,432
45,436
45,446
45,474
45,497
45,511
45,515
45,573
45,578
45,579
45,581
45,601
45,656
45,658
45,666
45,673
45,681
45,684
45,689
45,729
45,738
45,747
45,750
45,754
45,760
45,799
45,802
45,806
45,839
45,841
45,857
45,887
45,907
45,912
45,914
45,928
45,943
45,946
45,961
45,968
45,971
46,81
46,83
46,86
46,89
46,97
46,142
46,171
46,177
46,184
46,208
46,216
46,220
46,227
46,280
46,301
46,315
46,322
46,340
46,341
46,359
46,365
46,373
46,399
46,432
46,444
46,449
46,511
46,515
46,532
46,538
46,546
46,560
46,564
46,580
46,600
46,617
46,636
46,693
46,700
46,728
46,740
46,819
46,832
46,855
46,859
46,891
46,907
46,911
46,914
46,921
46,965
46,995
47,48
47,58
47,68
47,102
47,113
47,207
47,219
47,271
47,305
47,331
47,373
47,426
47,514
47,523
47,524
47,579
47,585
47,607
47,641
47,652
47,663
47,671
47,759
47,796
47,815
47,827
47,832
47,842
47,853
47,904
47,941
48,49
48,53
48,55
48,58
48,100
48,102
48,118
48,119
48,127
48,136
48,138
48,156
48,158
48,187
48,190
48,195
48,219
48,254
48,271
48,278
48,279
48,280
48,293
48,331
48,343
48,371
48,375
48,376
48,390
48,410
48,455
48,461
48,471
48,495
48,511
48,513
48,532
48,543
48,573
48,579
48,580
48,582
48,602
48,603
48,614
48,617
48,625
48,646
48,650
48,652
48,663
48,673
48,734
48,737
48,747
48,750
48,759
48,764
48,777
48,798
48,821
48,822
48,828
48,839
48,840
48,841
48,879
48,883
48,891
48,912
48,927
48,928
48,934
48,945
48,949
48,950
48,989
48,993
48,995
48,997
49,86
49,123
49,127
49,242
49,243
49,307
49,316
49,343
49,371
49,375
49,410
49,460
49,513
49,532
49,533
49,554
49,560
49,712
49,747
49,753
49,777
49,815
49,842
49,872
49,983
49,990
49,993
50,59
50,80
50,114
50,124
50,153
50,154
50,233
50,242
50,262
50,287
50,291
50,308
50,318
50,332
50,391
50,394
50,413
50,421
50,440
50,548
50,686
50,687
50,692
50,694
50,697
50,782
50,783
50,793
50,794
50,806
50,811
50,839
50,875
50,880
50,886
50,917
50,948
50,965
50,972
51,75
51,87
51,117
51,145
51,157
51,192
51,199
51,236
51,238
51,313
51,355
51,407
51,434
51,442
51,452
51,470
51,475
51,529
51,534
51,551
51,661
51,680
51,758
51,825
51,891
52,54
52,102
52,138
52,154
52,156
52,181
52,190
52,193
52,194
52,204
52,271
52,282
52,289
52,303
52,331
52,375
52,494
52,508
52,542
52,543
52,554
52,567
52,652
52,654
52,663
52,670
52,690
52,746
52,759
52,803
52,868
52,870
52,878
52,879
52,897
52,912
52,927
52,966
52,981
53,65
53,135
53,137
53,142
53,169
53,177
53,215
53,220
53,228
53,262
53,275
53,278
53,301
53,302
53,318
53,365
53,383
53,400
53,405
53,414
53,426
53,427
53,541
53,581
53,601
53,689
53,715
53,721
53,754
53,755
53,799
53,814
53,819
53,852
53,855
53,857
53,860
53,887
53,891
53,895
53,907
53,914
53,934
53,946
53,950
53,961
53,968
53,971
53,997
54,73
54,105
54,139
54,147
54,152
54,158
54,181
54,182
54,254
54,277
54,321
54,389
54,454
54,481
54,485
54,509
54,514
54,515
54,537
54,550
54,586
54,599
54,603
54,627
54,706
54,712
54,727
54,734
54,764
54,787
54,810
54,844
54,878
54,982
54,997
55,57
55,102
55,111
55,127
55,138
55,223
55,264
55,309
55,315
55,317
55,341
55,371
55,375
55,376
55,410
55,433
55,460
55,532
55,588
55,603
55,617
55,637
55,740
55,755
55,764
55,795
55,811
55,828
55,891
55,894
55,928
55,934
55,984
56,57
56,74
56,144
56,152
56,153
56,159
56,163
56,186
56,188
56,218
56,277
56,319
56,336
56,342
56,348
56,367
56,374
56,387
56,392
56,399
56,441
56,475
56,481
56,489
56,518
56,565
56,612
56,627
56,633
56,654
56,687
56,713
56,744
56,750
56,782
56,816
56,837
56,844
56,851
56,876
56,897
56,908
56,926
56,927
56,955
56,965
56,983
56,993
57,75
57,85
57,99
57,110
57,133
57,143
57,153
57,186
57,189
57,213
57,221
57,235
57,238
57,252
57,254
57,258
57,261
57,289
57,298
57,306
57,335
57,369
57,381
57,387
57,391
57,392
57,393
57,416
57,424
57,435
57,447
57,454
57,463
57,486
57,504
57,514
57,524
57,530
57,599
57,605
57,655
57,667
57,674
57,707
57,712
57,714
57,746
57,752
57,785
57,803
57,808
57,816
57,834
57,844
57,889
57,920
57,924
57,927
57,935
57,940
57,944
57,946
57,955
58,93
58,95
58,153
58,194
58,234
58,390
58,401
58,413
58,429
58,465
58,472
58,528
58,542
58,573
58,633
58,734
58,745
58,811
58,834
58,842
58,912
58,936
58,949
58,957
58,965
58,986
58,989
59,81
59,113
59,114
59,122
59,138
59,141
59,169
59,170
59,190
59,198
59,204
59,217
59,227
59,257
59,262
59,300
59,302
59,359
59,377
59,460
59,484
59,557
59,560
59,564
59,573
59,586
59,595
59,624
59,637
59,641
59,655
59,671
59,688
59,750
59,755
59,819
59,836
59,840
59,859
59,876
59,881
59,884
59,911
59,927
59,941
59,950
59,959
59,976
59,984
59,993
59,995
59,997
60,65
60,184
60,185
60,204
60,209
60,211
60,243
60,283
60,301
60,302
60,308
60,365
60,405
60,474
60,497
60,516
60,527
60,528
60,538
60,579
60,600
60,601
60,636
60,647
60,673
60,689
60,695
60,728
60,798
60,804
60,841
60,848
60,887
60,896
60,904
60,942
60,946
60,949
60,968
60,971
60,979
61,81
61,89
61,106
61,113
61,122
61,177
61,182
61,184
61,213
61,217
61,263
61,280
61,300
61,402
61,436
61,444
61,450
61,515
61,546
61,570
61,578
61,812
61,881
61,911
61,953
61,976
61,997
62,120
62,181
62,237
62,239
62,257
62,347
62,360
62,484
62,488
62,536
62,557
62,614
62,759
62,764
62,858
62,993
63,68
63,73
63,78
63,81
63,99
63,128
63,165
63,201
63,235
63,241
63,260
63,261
63,267
63,269
63,281
63,293
63,346
63,350
63,355
63,381
63,388
63,445
63,455
63,469
63,524
63,530
63,539
63,595
63,672
63,732
63,761
63,765
63,785
63,922
63,927
63,944
63,983
63,985
64,81
64,291
64,301
64,404
64,427
64,449
64,450
64,532
64,538
64,637
64,673
64,689
64,695
64,723
64,728
64,887
64,987
65,94
65,107
65,108
65,111
65,116
65,129
65,137
65,153
65,154
65,185
65,187
65,202
65,203
65,209
65,211
65,219
65,228
65,242
65,246
65,262
65,263
65,278
65,302
65,320
65,365
65,405
65,427
65,430
65,468
65,474
65,478
65,497
65,507
65,515
65,538
65,541
65,552
65,560
65,569
65,579
65,580
65,581
65,583
65,689
65,754
65,791
65,795
65,804
65,824
65,832
65,865
65,888
65,895
65,934
65,961
65,971
65,990
66,96
66,180
66,247
66,276
66,296
66,327
66,367
66,398
66,419
66,467
66,468
66,472
66,487
66,541
66,574
66,581
66,602
66,613
66,645
66,710
66,717
66,755
66,770
66,779
66,817
66,818
66,829
66,882
66,918
67,77
67,104
67,146
67,148
67,149
67,222
67,247
67,250
67,256
67,272
67,288
67,295
67,313
67,346
67,351
67,434
67,448
67,457
67,493
67,499
67,549
67,607
67,608
67,610
67,615
67,623
67,633
67,634
67,688
67,696
67,719
67,730
67,739
67,758
67,787
67,801
67,838
67,875
67,901
67,903
67,913
67,919
67,930
67,942
67,947
67,954
67,972
67,977
68,100
68,181
68,194
68,219
68,271
68,276
68,278
68,309
68,319
68,328
68,331
68,335
68,361
68,372
68,393
68,402
68,413
68,416
68,426
68,430
68,456
68,461
68,488
68,508
68,517
68,518
68,523
68,532
68,579
68,584
68,585
68,586
68,599
68,603
68,625
68,644
68,652
68,654
68,691
68,733
68,747
68,752
68,759
68,764
68,777
68,793
68,810
68,821
68,879
68,894
68,907
68,908
68,912
68,934
68,951
68,965
68,974
68,981
68,984
68,999
69,70
69,101
69,104
69,117
69,129
69,162
69,205
69,206
69,214
69,222
69,225
69,245
69,258
69,267
69,274
69,299
69,304
69,337
69,370
69,382
69,391
69,401
69,417
69,423
69,438
69,443
69,457
69,462
69,473
69,475
69,517
69,522
69,528
69,529
69,551
69,594
69,608
69,611
69,634
69,640
69,644
69,672
69,699
69,710
69,721
69,757
69,761
69,776
69,787
69,792
69,805
69,817
69,838
69,871
69,874
69,899
69,902
69,905
69,922
69,938
69,942
69,945
69,958
69,961
69,969
69,973
70,75
70,82
70,131
70,134
70,205
70,256
70,295
70,304
70,313
70,352
70,382
70,428
70,443
70,493
70,534
70,535
70,549
70,562
70,608
70,631
70,650
70,676
70,688
70,690
70,696
70,730
70,758
70,792
70,801
70,809
70,820
70,838
70,915
70,930
70,945
70,947
70,963
70,977
70,991
71,95
71,99
71,100
71,121
71,143
71,178
71,205
71,231
71,262
71,293
71,319
71,333
71,373
71,375
71,395
71,423
71,430
71,457
71,493
71,508
71,562
71,644
71,649
71,654
71,662
71,667
71,692
71,830
71,858
71,864
71,873
71,875
71,884
71,886
71,888
71,912
71,929
71,935
71,974
72,87
72,178
72,268
72,434
72,525
72,542
72,559
72,585
72,607
72,618
72,620
72,649
72,724
72,729
72,739
72,748
72,787
72,800
72,884
72,920
72,934
72,975
73,75
73,109
73,117
73,166
73,167
73,185
73,186
73,191
73,255
73,269
73,288
73,294
73,366
73,406
73,424
73,445
73,453
73,469
73,510
73,526
73,529
73,545
73,549
73,558
73,561
73,562
73,566
73,569
73,598
73,630
73,674
73,704
73,752
73,763
73,780
73,800
73,801
73,815
73,816
73,838
73,847
73,883
73,904
73,917
73,988
74,118
74,136
74,144
74,158
74,186
74,192
74,214
74,294
74,321
74,333
74,335
74,342
74,352
74,374
74,387
74,401
74,454
74,461
74,489
74,518
74,558
74,586
74,588
74,612
74,626
74,641
74,654
74,689
74,713
74,714
74,744
74,756
74,769
74,837
74,844
74,851
74,881
74,897
74,926
74,948
74,955
74,983
75,82
75,109
75,115
75,117
75,135
75,155
75,160
75,166
75,199
75,205
75,431
75,434
75,442
75,454
75,469
75,470
75,529
75,534
75,545
75,551
75,562
75,594
75,596
75,598
75,602
75,631
75,676
75,680
75,683
75,696
75,722
75,733
75,751
75,800
75,801
75,874
75,899
75,903
75,920
75,922
75,975
75,988
76,111
76,154
76,182
76,264
76,354
76,385
76,429
76,580
76,606
76,665
76,698
76,738
76,790
76,806
76,827
76,839
76,872
76,917
76,987
77,82
77,148
77,149
77,267
77,295
77,351
77,469
77,499
77,572
77,591
77,705
77,722
77,758
77,838
77,903
77,913
77,915
77,954
77,971
77,977
78,99
78,118
78,218
78,252
78,291
78,356
78,361
78,374
78,387
78,489
78,509
78,539
78,565
78,627
78,707
78,765
78,771
78,785
78,844
78,876
78,926
79,98
79,115
79,180
79,264
79,266
79,332
79,356
79,421
79,440
79,575
79,589
79,619
79,651
79,658
79,767
79,829
79,882
79,992
80,107
80,116
80,135
80,159
80,160
80,203
80,225
80,244
80,280
80,283
80,287
80,302
80,305
80,327
80,349
80,380
80,383
80,398
80,413
80,415
80,438
80,467
80,474
80,478
80,496
80,507
80,516
80,522
80,574
80,611
80,615
80,636
80,641
80,645
80,669
80,673
80,684
80,685
80,697
80,719
80,736
80,737
80,738
80,741
80,764
80,780
80,798
80,799
80,801
80,807
80,824
80,841
80,852
80,860
80,891
80,986
81,82
81,92
81,97
81,103
81,135
81,184
81,187
81,204
81,211
81,227
81,341
81,375
81,384
81,432
81,449
81,450
81,476
81,515
81,546
81,560
81,564
81,570
81,578
81,618
81,644
81,671
81,708
81,727
81,753
81,796
81,828
81,845
81,875
81,887
81,891
81,949
81,976
81,995
82,112
82,129
82,134
82,205
82,250
82,256
82,270
82,290
82,411
82,417
82,442
82,443
82,457
82,493
82,529
82,534
82,540
82,547
82,551
82,594
82,597
82,650
82,683
82,697
82,699
82,719
82,730
82,758
82,800
82,807
82,835
82,839
82,840
82,877
82,899
82,903
82,919
82,930
82,969
82,975
82,991
82,998
83,91
83,108
83,126
83,203
83,284
83,297
83,305
83,318
83,356
83,364
83,383
83,400
83,433
83,569
83,580
83,591
83,592
83,615
83,658
83,689
83,690
83,803
83,880
83,885
83,891
83,896
83,918
83,974
83,992
83,996
84,146
84,148
84,232
84,250
84,345
84,366
84,374
84,411
84,521
84,522
84,534
84,757
84,820
84,838
84,847
84,913
84,918
84,954
84,974
84,977
85,99
85,147
85,152
85,181
85,190
85,193
85,221
85,231
85,251
85,254
85,271
85,361
85,377
85,387
85,392
85,393
85,429
85,517
85,530
85,537
85,550
85,563
85,584
85,586
85,587
85,599
85,609
85,634
85,641
85,650
85,706
85,712
85,740
85,810
85,836
85,868
85,870
85,878
85,927
85,965
85,966
85,982
86,150
86,171
86,187
86,194
86,217
86,249
86,315
86,349
86,394
86,425
86,433
86,436
86,444
86,496
86,532
86,538
86,560
86,570
86,592
86,617
86,664
86,665
86,692
86,728
86,740
86,768
86,784
86,811
86,828
86,834
86,879
86,887
86,891
86,914
86,976
86,997
87,88
87,115
87,132
87,152
87,155
87,238
87,259
87,333
87,366
87,409
87,412
87,423
87,431
87,434
87,437
87,520
87,521
87,525
87,529
87,534
87,539
87,545
87,559
87,562
87,597
87,634
87,649
87,661
87,680
87,699
87,751
87,761
87,776
87,781
87,800
87,823
87,890
87,920
87,933
87,964
87,976
88,250
88,376
88,438
88,567
88,621
88,732
88,733
88,778
88,840
88,939
89,113
89,120
89,133
89,142
89,177
89,184
89,185
89,187
89,208
89,209
89,213
89,220
89,227
89,257
89,280
89,300
89,315
89,325
89,359
89,373
89,389
89,402
89,419
89,432
89,436
89,472
89,546
89,564
89,581
89,597
89,617
89,671
89,727
89,768
89,802
89,852
89,927
89,936
89,954
89,976
89,997
90,93
90,146
90,165
90,178
90,218
90,233
90,265
90,323
90,394
90,403
90,414
90,462
90,465
90,514
90,633
90,637
90,649
90,673
90,720
90,760
90,788
90,886
90,893
90,927
90,936
90,958
90,964
90,978
90,989
91,102
91,126
91,164
91,172
91,210
91,231
91,282
91,292
91,307
91,309
91,392
91,400
91,439
91,471
91,522
91,599
91,602
91,618
91,692
91,699
91,781
91,818
91,833
91,863
91,902
91,910
91,922
91,998
92,211
92,220
92,297
92,478
92,515
92,534
92,601
92,610
92,619
92,662
92,763
92,855
92,921
92,934
93,95
93,151
93,153
93,178
93,194
93,196
93,230
93,241
93,242
93,255
93,287
93,290
93,309
93,310
93,322
93,356
93,368
93,375
93,379
93,394
93,449
93,465
93,473
93,514
93,542
93,564
93,571
93,573
93,579
93,592
93,618
93,638
93,643
93,644
93,653
93,660
93,665
93,687
93,689
93,692
93,758
93,760
93,779
93,783
93,787
93,788
93,846
93,886
93,908
93,918
93,922
93,927
93,929
93,936
93,950
93,957
93,958
93,978
93,983
93,989
94,96
94,131
94,183
94,245
94,253
94,312
94,358
94,378
94,421
94,440
94,449
94,502
94,534
94,535
94,544
94,591
94,596
94,613
94,650
94,678
94,686
94,784
94,813
94,827
94,840
94,856
94,858
94,882
94,903
94,918
94,979
95,162
95,164
95,175
95,178
95,188
95,194
95,199
95,205
95,234
95,264
95,275
95,282
95,285
95,291
95,296
95,309
95,316
95,368
95,391
95,416
95,430
95,465
95,501
95,542
95,573
95,597
95,599
95,605
95,607
95,692
95,716
95,758
95,773
95,787
95,834
95,846
95,866
95,891
95,907
95,927
95,936
95,981
95,990
96,130
96,131
96,150
96,154
96,197
96,222
96,247
96,263
96,266
96,296
96,334
96,349
96,358
96,367
96,379
96,384
96,408
96,419
96,440
96,443
96,444
96,456
96,466
96,474
96,487
96,517
96,535
96,556
96,569
96,574
96,605
96,613
96,636
96,645
96,675
96,686
96,690
96,698
96,701
96,717
96,718
96,770
96,829
96,882
96,918
96,932
96,964
96,967
97,113
97,143
97,171
97,187
97,213
97,220
97,236
97,265
97,315
97,341
97,383
97,384
97,402
97,432
97,444
97,447
97,532
97,538
97,560
97,570
97,578
97,583
97,664
97,727
97,740
97,764
97,768
97,812
97,828
97,842
97,911
97,914
97,976
97,995
98,104
98,162
98,245
98,253
98,266
98,311
98,351
98,356
98,368
98,380
98,432
98,512
98,516
98,541
98,575
98,629
98,635
98,651
98,686
98,698
98,716
98,717
98,718
98,758
98,761
98,770
98,782
98,791
98,827
98,858
98,861
98,874
98,880
98,882
98,904
98,923
98,960
99,118
99,147
99,152
99,153
99,158
99,193
99,194
99,207
99,221
99,251
99,254
99,258
99,261
99,289
99,306
99,335
99,338
99,342
99,381
99,389
99,416
99,454
99,475
99,495
99,517
99,554
99,587
99,599
99,609
99,627
99,641
99,650
99,655
99,687
99,706
99,707
99,712
99,714
99,739
99,744
99,803
99,808
99,816
99,836
99,837
99,844
99,847
99,868
99,883
99,897
99,944
99,951
99,952
99,956
99,982
99,983
99,984
99,991
99,999
100,102
100,115
100,120
100,127
100,136
100,138
100,237
100,256
100,257
100,279
100,280
100,307
100,331
100,347
100,355
100,375
100,393
100,429
100,440
100,517
100,536
100,537
100,541
100,560
100,573
100,578
100,583
100,603
100,606
100,614
100,662
100,671
100,724
100,747
100,754
100,764
100,777
100,784
100,796
100,828
100,832
100,879
100,881
100,894
100,916
100,927
100,934
100,939
100,984
101,135
101,142
101,154
101,162
101,205
101,215
101,224
101,244
101,246
101,283
101,364
101,385
101,400
101,415
101,458
101,468
101,472
101,489
101,507
101,541
101,580
101,596
101,677
101,731
101,734
101,770
101,790
101,845
101,854
101,931
101,961
101,986
101,996
102,119
102,159
102,175
102,190
102,194
102,200
102,203
102,207
102,220
102,280
102,309
102,316
102,357
102,368
102,413
102,471
102,482
102,496
102,497
102,517
102,519
102,528
102,532
102,542
102,554
102,566
102,573
102,580
102,581
102,585
102,586
102,602
102,622
102,633
102,652
102,692
102,745
102,780
102,863
102,887
102,927
102,928
102,934
102,936
102,944
102,950
102,957
102,966
102,967
102,977
102,984
103,117
103,234
103,253
103,284
103,297
103,332
103,363
103,366
103,396
103,465
103,538
103,548
103,592
103,597
103,660
103,687
103,731
103,760
103,767
103,783
103,806
103,808
103,826
103,853
103,858
103,863
103,948
103,958
104,128
104,162
104,168
104,172
104,196
104,222
104,259
104,292
104,314
104,329
104,368
104,381
104,382
104,401
104,408
104,413
104,438
104,439
104,473
104,479
104,492
104,510
104,516
104,532
104,540
104,562
104,594
104,629
104,631
104,634
104,635
104,646
104,673
104,681
104,682
104,696
104,699
104,711
104,736
104,739
104,758
104,763
104,776
104,786
104,792
104,797
104,809
104,818
104,820
104,871
104,874
104,889
104,894
104,899
104,902
104,904
104,920
104,930
104,938
104,942
104,945
104,969
105,147
105,152
105,186
105,214
105,294
105,369
105,389
105,454
105,480
105,481
105,539
105,544
105,550
105,586
105,587
105,641
105,844
105,951
105,982
106,138
106,147
106,158
106,166
106,173
106,174
106,195
106,207
106,231
106,282
106,335
106,347
106,366
106,393
106,426
106,475
106,485
106,489
106,491
106,517
106,564
106,573
106,586
106,592
106,597
106,641
106,642
106,712
106,724
106,747
106,750
106,755
106,764
106,792
106,812
106,846
106,883
106,885
106,891
106,893
106,927
106,951
106,955
106,965
107,126
107,135
107,137
107,175
107,185
107,203
107,227
107,228
107,262
107,275
107,284
107,367
107,427
107,438
107,450
107,453
107,468
107,478
107,583
107,684
107,738
107,764
107,795
107,799
107,824
107,857
107,882
107,895
107,907
107,961
108,126
108,133
108,139
108,159
108,189
108,332
108,356
108,363
108,386
108,411
108,418
108,506
108,512
108,516
108,574
108,576
108,621
108,641
108,645
108,658
108,697
108,723
108,755
108,773
108,781
108,791
108,806
108,846
108,869
108,875
108,879
108,886
108,906
108,932
108,945
108,948
108,955
108,958
109,130
109,157
109,158
109,167
109,168
109,214
109,268
109,269
109,281
109,286
109,323
109,331
109,346
109,442
109,445
109,448
109,451
109,508
109,558
109,562
109,566
109,630
109,655
109,677
109,682
109,699
109,704
109,722
109,730
109,751
109,758
109,769
109,781
109,791
109,801
109,817
109,822
109,874
109,904
109,963
109,970
109,988
110,133
110,159
110,172
110,189
110,207
110,218
110,224
110,241
110,252
110,254
110,260
110,261
110,294
110,306
110,307
110,322
110,335
110,348
110,381
110,391
110,416
110,424
110,441
110,447
110,475
110,488
110,517
110,530
110,550
110,571
110,599
110,607
110,641
110,649
110,752
110,754
110,789
110,796
110,802
110,803
110,816
110,819
110,870
110,908
110,935
110,951
110,955
110,983
111,140
111,142
111,151
111,154
111,203
111,243
111,244
111,246
111,262
111,278
111,315
111,356
111,365
111,380
111,385
111,392
111,396
111,406
111,415
111,468
111,482
111,507
111,580
111,593
111,628
111,670
111,715
111,739
111,740
111,754
111,772
111,798
111,799
111,804
111,839
111,841
111,872
111,907
111,917
111,972
111,992
112,148
112,159
112,172
112,183
112,224
112,232
112,259
112,313
112,325
112,326
112,351
112,353
112,407
112,457
112,492
112,538
112,540
112,604
112,615
112,630
112,668
112,705
112,838
112,862
112,877
112,915
112,924
112,998
113,114
113,122
113,138
113,170
113,177
113,187
113,208
113,213
113,217
113,225
113,280
113,300
113,331
113,377
113,413
113,426
113,432
113,436
113,450
113,488
113,489
113,503
113,515
113,546
113,578
113,579
113,617
113,671
113,727
113,740
113,768
113,802
113,828
113,859
113,861
113,894
113,911
113,921
113,949
113,989
114,213
114,217
114,227
114,257
114,300
114,315
114,341
114,359
114,402
114,404
114,416
114,484
114,488
114,505
114,513
114,614
114,617
114,641
114,671
114,673
114,723
114,764
114,774
114,919
114,927
114,941
114,949
115,126
115,134
115,138
115,156
115,168
115,172
115,188
115,196
115,199
115,222
115,233
115,238
115,241
115,245
115,268
115,274
115,292
115,309
115,329
115,370
115,392
115,399
115,401
115,430
115,437
115,452
115,465
115,471
115,473
115,484
115,498
115,514
115,525
115,529
115,582
115,596
115,597
115,607
115,633
115,635
115,650
115,656
115,681
115,683
115,725
115,734
115,763
115,769
115,776
115,781
115,789
115,790
115,806
115,827
115,833
115,834
115,839
115,840
115,869
115,874
115,875
115,879
115,886
115,902
115,929
115,935
115,945
115,958
115,964
115,978
115,984
115,988
116,129
116,160
116,203
116,244
116,262
116,302
116,322
116,458
116,474
116,478
116,482
116,496
116,520
116,556
116,583
116,669
116,673
116,684
116,715
116,737
116,738
116,781
116,795
116,849
116,852
116,860
116,934
116,953
116,961
116,979
117,162
117,238
117,255
117,269
117,399
117,427
117,431
117,434
117,447
117,452
117,461
117,470
117,525
117,545
117,551
117,562
117,566
117,594
117,598
117,599
117,623
117,630
117,661
117,676
117,683
117,761
117,820
117,828
117,890
117,901
117,920
117,939
117,944
117,947
117,963
118,144
118,223
118,269
118,336
118,352
118,391
118,416
118,441
118,476
118,483
118,489
118,495
118,565
118,566
118,588
118,655
118,696
118,707
118,771
118,785
118,816
118,876
118,897
119,196
119,316
119,354
119,395
119,414
119,514
119,528
119,573
119,599
119,602
119,734
119,782
119,842
119,928
119,934
119,976
119,980
120,127
120,182
120,254
120,257
120,426
120,484
120,491
120,536
120,557
120,614
120,624
120,764
120,768
120,777
120,828
120,853
120,891
120,984
120,993
121,173
121,231
121,272
121,286
121,293
121,333
121,335
121,360
121,372
121,373
121,392
121,399
121,423
121,456
121,476
121,520
121,527
121,533
121,594
121,615
121,618
121,627
121,632
121,734
121,748
121,765
121,769
121,783
121,800
121,834
121,852
121,890
121,908
121,924
121,964
122,213
122,236
122,280
122,432
122,436
122,564
122,578
122,622
122,637
122,671
122,753
122,845
122,949
122,953
122,976
122,997
123,234
123,258
123,261
123,361
123,390
123,393
123,401
123,461
123,480
123,625
123,712
123,853
123,881
123,927
123,941
123,955
123,956
124,180
124,222
124,225
124,250
124,262
124,290
124,291
124,339
124,379
124,401
124,417
124,473
124,494
124,502
124,510
124,521
124,552
124,553
124,556
124,569
124,575
124,629
124,650
124,651
124,741
124,797
124,801
124,820
124,838
124,840
124,849
124,858
124,871
124,889
124,899
124,922
124,924
124,930
124,969
125,130
125,186
125,235
125,256
125,267
125,269
125,281
125,294
125,298
125,346
125,381
125,409
125,435
125,469
125,514
125,539
125,561
125,657
125,661
125,815
125,822
125,944
125,985
126,141
126,168
126,189
126,202
126,233
126,234
126,264
126,265
126,337
126,338
126,365
126,367
126,394
126,400
126,465
126,528
126,548
126,559
126,569
126,574
126,579
126,592
126,597
126,604
126,631
126,639
126,643
126,653
126,658
126,687
126,697
126,709
126,719
126,759
126,767
126,773
126,782
126,811
126,818
126,839
126,845
126,898
126,948
126,958
126,973
126,976
126,989
127,138
127,184
127,187
127,227
127,229
127,375
127,376
127,394
127,410
127,426
127,436
127,488
127,504
127,513
127,589
127,599
127,618
127,632
127,704
127,747
127,764
127,777
127,802
127,806
127,811
127,828
127,879
127,886
127,891
127,950
127,965
127,976
127,984
128,130
128,132
128,157
128,166
128,191
128,192
128,261
128,321
128,369
128,476
128,528
128,618
128,630
128,688
128,704
128,720
128,739
128,762
128,771
128,815
128,882
128,973
129,148
129,149
129,167
129,183
129,205
129,216
129,288
129,346
129,350
129,351
129,361
129,399
129,483
129,524
129,534
129,545
129,568
129,591
129,615
129,623
129,634
129,672
129,685
129,688
129,696
129,704
129,722
129,758
129,787
129,800
129,801
129,838
129,847
129,852
129,862
129,896
129,903
129,913
129,915
129,924
129,933
129,947
129,952
129,954
129,977
129,998
130,132
130,134
130,157
130,166
130,189
130,191
130,192
130,232
130,238
130,267
130,295
130,298
130,358
130,370
130,382
130,399
130,406
130,423
130,442
130,453
130,470
130,483
130,484
130,499
130,526
130,529
130,534
130,552
130,594
130,616
130,649
130,658
130,704
130,707
130,739
130,748
130,801
130,888
130,950
130,963
130,988
130,992
131,139
131,140
131,240
131,312
131,334
131,379
131,401
131,418
131,419
131,467
131,519
131,535
131,556
131,645
131,654
131,675
131,677
131,694
131,697
131,711
131,743
131,770
131,778
131,779
131,804
131,807
131,918
131,967
132,152
132,157
132,166
132,192
132,218
132,238
132,295
132,412
132,413
132,424
132,434
132,453
132,462
132,463
132,483
132,524
132,526
132,542
132,545
132,598
132,618
132,630
132,634
132,635
132,668
132,672
132,704
132,739
132,751
132,853
132,873
132,906
132,924
132,969
133,151
133,152
133,174
133,177
133,201
133,218
133,226
133,252
133,254
133,258
133,277
133,294
133,335
133,342
133,355
133,360
133,373
133,381
133,392
133,430
133,435
133,475
133,489
133,495
133,523
133,533
133,561
133,565
133,566
133,595
133,605
133,607
133,655
133,707
133,712
133,714
133,746
133,752
133,771
133,837
133,908
133,922
133,926
133,944
133,974
134,155
134,162
134,194
134,205
134,256
134,269
134,353
134,417
134,425
134,434
134,439
134,442
134,443
134,492
134,493
134,529
134,549
134,552
134,558
134,562
134,611
134,645
134,683
134,730
134,757
134,758
134,782
134,792
134,805
134,809
134,820
134,902
134,913
134,915
134,928
134,930
134,947
134,996
135,137
135,160
135,197
135,209
135,211
135,214
135,215
135,228
135,262
135,278
135,279
135,284
135,301
135,302
135,340
135,353
135,394
135,398
135,402
135,405
135,427
135,478
135,507
135,564
135,580
135,581
135,583
135,622
135,666
135,684
135,738
135,740
135,754
135,766
135,772
135,795
135,799
135,824
135,852
135,857
135,860
135,907
135,917
135,946
135,959
135,961
135,971
136,147
136,153
136,158
136,164
136,181
136,185
136,217
136,261
136,279
136,289
136,298
136,319
136,320
136,325
136,328
136,352
136,375
136,393
136,403
136,480
136,481
136,484
136,491
136,528
136,536
136,586
136,601
136,712
136,724
136,746
136,749
136,750
136,764
136,787
136,812
136,816
136,831
136,836
136,879
136,881
136,904
136,907
136,916
136,941
136,965
136,966
136,983
137,145
137,147
137,198
137,209
137,215
137,228
137,236
137,247
137,275
137,280
137,302
137,415
137,427
137,458
137,496
137,497
137,501
137,506
137,514
137,581
137,583
137,601
137,610
137,647
137,665
137,695
137,708
137,728
137,738
137,740
137,769
137,790
137,795
137,806
137,824
137,839
137,841
137,857
137,895
137,898
137,907
137,914
137,946
137,971
138,171
138,175
138,184
138,213
138,217
138,219
138,262
138,267
138,325
138,359
138,410
138,413
138,414
138,416
138,426
138,444
138,484
138,504
138,513
138,564
138,570
138,606
138,622
138,642
138,643
138,652
138,671
138,685
138,747
138,764
138,777
138,796
138,828
138,879
138,881
138,894
138,914
138,926
138,934
138,941
138,993
138,996
139,140
139,150
139,163
139,180
139,215
139,263
139,357
139,362
139,386
139,412
139,519
139,521
139,544
139,556
139,581
139,710
139,770
139,779
139,807
139,813
139,828
139,861
139,866
139,904
139,918
139,923
139,967
139,972
139,986
140,147
140,150
140,243
140,253
140,312
140,357
140,358
140,379
140,408
140,467
140,468
140,477
140,479
140,490
140,519
140,523
140,556
140,567
140,596
140,613
140,618
140,629
140,678
140,690
140,710
140,711
140,726
140,742
140,770
140,779
140,805
140,807
140,813
140,817
140,829
140,861
140,880
140,882
140,918
140,924
140,938
140,960
140,977
141,143
141,201
141,223
141,260
141,267
141,281
141,294
141,370
141,388
141,424
141,524
141,530
141,595
141,698
141,784
141,800
141,884
141,922
141,951
141,966
141,999
142,151
142,203
142,211
142,262
142,283
142,343
142,349
142,356
142,458
142,468
142,472
142,497
142,522
142,546
142,569
142,572
142,580
142,583
142,632
142,711
142,736
142,738
142,740
142,790
142,795
142,817
142,841
142,852
142,857
142,886
142,887
142,898
142,904
142,917
142,961
142,971
142,987
143,206
143,293
143,324
143,352
143,372
143,395
143,399
143,423
143,468
143,481
143,511
143,554
143,602
143,605
143,607
143,739
143,750
143,789
143,844
143,878
143,896
143,908
143,981
144,147
144,165
144,176
144,186
144,324
144,335
144,336
144,342
144,392
144,436
144,475
144,489
144,495
144,506
144,617
144,625
144,744
144,837
144,844
144,926
144,965
144,983
145,170
145,187
145,204
145,236
145,249
145,277
145,288
145,310
145,322
145,384
145,410
145,436
145,449
145,450
145,578
145,600
145,601
145,622
145,637
145,664
145,666
145,671
145,715
145,719
145,727
145,753
145,783
145,790
145,791
145,802
145,819
145,845
145,895
145,906
145,907
145,928
145,943
145,949
145,997
146,148
146,183
146,272
146,326
146,411
146,477
146,521
146,540
146,572
146,672
146,722
146,741
146,758
146,825
146,838
146,908
146,954
146,970
146,977
146,998
147,152
147,174
147,181
147,200
147,213
147,217
147,226
147,235
147,241
147,251
147,316
147,319
147,338
147,342
147,347
147,393
147,426
147,454
147,461
147,481
147,485
147,488
147,491
147,506
147,517
147,537
147,550
147,554
147,557
147,563
147,586
147,588
147,596
147,609
147,641
147,642
147,671
147,689
147,714
147,724
147,739
147,750
147,755
147,784
147,787
147,810
147,816
147,835
147,836
147,879
147,923
147,949
147,951
147,955
147,956
147,957
147,963
148,149
148,184
148,199
148,232
148,287
148,345
148,365
148,366
148,395
148,407
148,411
148,412
148,413
148,422
148,441
148,445
148,499
148,540
148,621
148,657
148,672
148,674
148,688
148,689
148,696
148,722
148,736
148,751
148,757
148,777
148,792
148,801
148,838
148,843
148,862
148,877
148,893
148,899
148,900
148,903
148,915
148,922
148,933
148,947
148,968
148,970
148,977
148,988
148,998
149,157
149,166
149,184
149,191
149,291
149,295
149,324
149,345
149,439
149,445
149,448
149,493
149,500
149,514
149,526
149,540
149,549
149,572
149,594
149,615
149,623
149,676
149,688
149,696
149,698
149,705
149,722
149,730
149,744
149,751
149,757
149,800
149,801
149,824
149,834
149,838
149,847
149,862
149,900
149,903
149,913
149,915
149,919
149,947
149,954
149,971
149,975
149,977
150,163
150,179
150,180
150,217
150,247
150,263
150,305
150,327
150,334
150,379
150,386
150,398
150,430
150,432
150,477
150,585
150,591
150,596
150,597
150,600
150,613
150,629
150,645
150,687
150,689
150,690
150,717
150,726
150,743
150,779
150,796
150,801
150,806
150,807
150,819
150,829
150,830
150,882
150,918
150,923
150,979
151,159
151,167
151,202
151,230
151,238
151,242
151,255
151,265
151,287
151,299
151,348
151,415
151,465
151,479
151,482
151,512
151,514
151,554
151,573
151,574
151,607
151,644
151,653
151,687
151,689
151,719
151,723
151,737
151,758
151,806
151,814
151,832
151,841
151,846
151,864
151,865
151,866
151,928
151,936
151,937
151,990
152,200
152,219
152,227
152,277
152,320
152,392
152,429
152,430
152,454
152,475
152,481
152,485
152,495
152,499
152,517
152,523
152,538
152,550
152,577
152,579
152,586
152,611
152,618
152,627
152,641
152,714
152,724
152,729
152,739
152,752
152,784
152,810
152,816
152,883
152,893
152,897
152,958
152,982
152,983
153,176
153,235
153,294
153,348
153,352
153,424
153,441
153,445
153,467
153,475
153,489
153,495
153,517
153,523
153,533
153,534
153,561
153,565
153,612
153,627
153,641
153,655
153,657
153,665
153,720
153,729
153,771
153,777
153,816
153,822
153,897
153,926
153,985
154,170
154,188
154,203
154,222
154,248
154,264
154,267
154,276
154,330
154,332
154,363
154,375
154,385
154,465
154,472
154,517
154,541
154,569
154,644
154,694
154,697
154,723
154,755
154,772
154,782
154,783
154,793
154,794
154,804
154,839
154,872
154,896
154,904
154,909
154,917
154,929
154,948
154,961
154,972
154,987
154,994
155,162
155,192
155,210
155,233
155,256
155,270
155,274
155,285
155,292
155,380
155,383
155,422
155,439
155,462
155,463
155,483
155,492
155,505
155,519
155,522
155,549
155,559
155,594
155,635
155,673
155,699
155,702
155,703
155,714
155,730
155,750
155,762
155,770
155,776
155,816
155,847
155,863
155,889
155,899
155,902
155,942
155,945
155,964
155,980
156,158
156,178
156,182
156,300
156,331
156,348
156,508
156,539
156,575
156,606
156,652
156,654
156,673
156,734
156,746
156,759
156,760
156,764
156,801
156,884
156,966
157,166
157,189
157,191
157,214
157,238
157,241
157,288
157,298
157,359
157,367
157,370
157,371
157,399
157,411
157,412
157,435
157,437
157,455
157,470
157,483
157,484
157,486
157,512
157,526
157,595
157,598
157,609
157,672
157,676
157,683
157,698
157,704
157,730
157,739
157,751
157,756
157,762
157,777
157,787
157,840
157,920
157,958
157,963
157,975
157,999
158,173
158,174
158,181
158,200
158,207
158,227
158,237
158,319
158,347
158,389
158,413
158,434
158,480
158,481
158,485
158,491
158,495
158,523
158,537
158,586
158,594
158,614
158,649
158,749
158,750
158,816
158,831
158,851
158,881
158,883
158,890
158,926
158,934
158,955
158,958
158,965
158,984
158,989
159,224
159,225
159,244
159,245
159,250
159,311
159,312
159,338
159,382
159,397
159,418
159,420
159,421
159,422
159,430
159,438
159,466
159,479
159,500
159,505
159,510
159,512
159,551
159,594
159,607
159,613
159,621
159,629
159,631
159,633
159,658
159,694
159,698
159,735
159,739
159,748
159,763
159,773
159,781
159,791
159,806
159,813
159,817
159,858
159,882
159,899
159,911
159,922
159,923
159,958
159,972
159,975
159,976
160,202
160,203
160,209
160,243
160,244
160,247
160,259
160,267
160,283
160,318
160,363
160,384
160,458
160,468
160,472
160,478
160,496
160,498
160,583
160,670
160,715
160,738
160,795
160,830
160,839
160,852
160,860
161,178
161,202
161,206
161,238
161,255
161,293
161,317
161,333
161,370
161,373
161,382
161,399
161,401
161,473
161,476
161,508
161,539
161,559
161,595
161,597
161,616
161,618
161,631
161,635
161,649
161,686
161,701
161,748
161,751
161,757
161,777
161,787
161,800
161,833
161,873
161,874
161,877
161,903
161,969
161,970
162,172
162,190
162,199
162,226
162,238
162,270
162,274
162,292
162,295
162,305
162,337
162,370
162,417
162,431
162,434
162,443
162,462
162,471
162,499
162,529
162,537
162,551
162,594
162,611
162,620
162,650
162,658
162,676
162,677
162,682
162,699
162,721
162,731
162,738
162,788
162,843
162,867
162,869
162,889
162,902
162,905
162,910
162,922
162,924
162,945
162,960
162,963
163,179
163,198
163,202
163,247
163,263
163,268
163,278
163,283
163,296
163,305
163,383
163,408
163,419
163,426
163,453
163,467
163,474
163,477
163,487
163,505
163,531
163,540
163,541
163,555
163,567
163,574
163,613
163,635
163,636
163,673
163,675
163,685
163,693
163,717
163,743
163,756
163,768
163,770
163,791
163,827
163,830
163,960
163,979
163,986
163,992
164,222
164,282
164,353
164,378
164,401
164,415
164,451
164,457
164,471
164,522
164,625
164,633
164,635
164,643
164,703
164,823
164,833
164,902
164,905
164,922
164,931
164,964
165,255
165,260
165,267
165,281
165,359
165,392
165,409
165,463
165,469
165,476
165,484
165,488
165,515
165,539
165,627
165,632
165,646
165,720
165,739
165,751
165,764
165,822
165,888
165,940
165,944
165,951
165,999
166,168
166,178
166,189
166,192
166,244
166,311
166,388
166,446
166,473
166,483
166,526
166,534
166,549
166,551
166,595
166,618
166,620
166,634
166,661
166,739
166,769
166,791
166,801
166,843
166,935
166,951
166,963
166,977
166,980
166,999
167,172
167,233
167,260
167,267
167,269
167,272
167,298
167,346
167,413
167,437
167,445
167,542
167,558
167,566
167,598
167,608
167,630
167,658
167,680
167,682
167,695
167,696
167,704
167,762
167,763
167,815
167,833
167,922
167,935
167,970
167,985
167,988
168,183
168,188
168,199
168,202
168,222
168,233
168,245
168,265
168,280
168,281
168,287
168,292
168,314
168,332
168,362
168,416
168,438
168,471
168,513
168,523
168,569
168,582
168,597
168,618
168,638
168,651
168,656
168,674
168,703
168,758
168,763
168,788
168,800
168,801
168,804
168,814
168,830
168,839
168,869
168,886
168,919
168,928
168,958
168,965
169,177
169,204
169,264
169,307
169,384
169,432
169,450
169,538
169,563
169,592
169,622
169,624
169,637
169,689
169,731
169,785
169,819
169,895
169,911
169,921
170,177
170,184
170,195
170,208
170,239
170,246
170,280
170,312
170,341
170,359
170,368
170,402
170,410
170,425
170,432
170,503
170,513
170,546
170,578
170,614
170,628
170,660
170,671
170,727
170,754
170,755
170,802
170,845
170,883
170,894
170,907
170,914
170,949
170,966
170,976
170,985
170,997
171,208
171,241
171,315
171,404
171,428
171,444
171,445
171,446
171,513
171,514
171,535
171,560
171,579
171,580
171,617
171,632
171,740
171,749
171,848
171,914
172,199
172,200
172,205
172,210
172,274
172,292
172,305
172,320
172,325
172,332
172,337
172,339
172,366
172,400
172,403
172,439
172,441
172,442
172,455
172,465
172,500
172,551
172,581
172,620
172,631
172,635
172,752
172,763
172,863
172,866
172,869
172,874
172,899
172,902
172,910
172,958
172,969
172,972
172,991
173,181
173,235
173,256
173,393
173,426
173,478
173,485
173,563
173,597
173,641
173,642
173,706
173,780
173,853
173,868
173,878
173,883
173,955
173,956
174,181
174,218
174,228
174,233
174,297
174,331
174,347
174,361
174,389
174,393
174,475
174,480
174,481
174,485
174,517
174,537
174,550
174,554
174,557
174,584
174,586
174,591
174,641
174,652
174,727
174,750
174,784
174,810
174,828
174,831
174,839
174,856
174,927
174,936
174,955
174,966
175,219
175,243
175,279
175,310
175,325
175,343
175,414
175,488
175,503
175,504
175,538
175,577
175,633
175,652
175,671
175,708
175,777
175,821
175,879
175,881
175,941
176,182
176,277
176,336
176,352
176,374
176,474
176,489
176,495
176,565
176,588
176,612
176,853
176,926
177,184
177,185
177,204
177,208
177,213
177,217
177,227
177,229
177,280
177,300
177,324
177,349
177,359
177,384
177,393
177,450
177,488
177,532
177,546
177,557
177,617
177,622
177,635
177,727
177,733
177,764
177,768
177,802
177,819
177,824
177,834
177,859
177,891
177,906
177,911
177,941
177,943
177,944
177,949
177,965
177,997
178,183
178,194
178,203
178,234
178,235
178,243
178,282
178,316
178,323
178,356
178,368
178,413
178,477
178,501
178,508
178,543
178,573
178,585
178,602
178,606
178,607
178,629
178,634
178,655
178,660
178,667
178,687
178,692
178,729
178,732
178,745
178,747
178,808
178,834
178,846
178,852
178,912
178,927
178,932
178,934
178,936
178,955
178,966
178,981
178,989
179,180
179,198
179,246
179,247
179,263
179,305
179,312
179,338
179,349
179,367
179,384
179,386
179,398
179,404
179,458
179,459
179,477
179,487
179,516
179,591
179,597
179,636
179,675
179,690
179,717
179,742
179,800
179,829
179,876
179,942
179,979
180,263
180,305
180,315
180,327
180,334
180,367
180,380
180,383
180,386
180,398
180,408
180,421
180,477
180,541
180,581
180,591
180,592
180,621
180,645
180,675
180,690
180,716
180,726
180,742
180,829
180,885
180,932
180,958
180,961
180,967
180,979
181,207
181,241
181,347
181,416
181,429
181,454
181,481
181,485
181,536
181,537
181,550
181,568
181,586
181,587
181,653
181,677
181,706
181,748
181,836
181,868
181,883
181,999
182,184
182,204
182,227
182,236
182,297
182,309
182,310
182,316
182,325
182,373
182,399
182,450
182,468
182,511
182,515
182,569
182,590
182,622
182,637
182,664
182,666
182,747
182,750
182,768
182,819
182,832
182,879
182,904
182,909
182,934
182,941
183,216
183,232
183,256
183,259
183,272
183,291
183,350
183,351
183,353
183,407
183,448
183,471
183,499
183,513
183,540
183,604
183,705
183,725
183,756
183,774
183,838
183,945
183,970
183,998
184,198
184,204
184,217
184,227
184,239
184,255
184,260
184,294
184,300
184,316
184,318
184,375
184,384
184,402
184,432
184,444
184,447
184,491
184,503
184,504
184,570
184,577
184,578
184,602
184,606
184,617
184,637
184,652
184,727
184,754
184,764
184,777
184,802
184,819
184,914
184,941
184,993
184,997
185,211
185,220
185,236
185,249
185,301
185,322
185,427
185,438
185,446
185,488
185,535
185,540
185,581
185,600
185,610
185,617
185,619
185,637
185,666
185,670
185,689
185,697
185,700
185,728
185,733
185,740
185,754
185,795
185,796
185,842
185,860
185,887
185,891
185,895
185,907
185,921
185,943
185,953
185,997
186,193
186,201
186,222
186,254
186,258
186,277
186,321
186,335
186,342
186,360
186,374
186,387
186,392
186,435
186,475
186,517
186,518
186,545
186,609
186,612
186,712
186,713
186,744
186,816
186,844
186,873
186,897
186,926
186,983
187,217
187,229
187,239
187,242
187,300
187,301
187,305
187,322
187,375
187,402
187,410
187,426
187,433
187,436
187,474
187,481
187,491
187,511
187,513
187,521
187,532
187,560
187,563
187,564
187,570
187,579
187,585
187,606
187,622
187,652
187,708
187,737
187,747
187,749
187,777
187,796
187,802
187,811
187,827
187,828
187,853
187,894
187,906
187,907
187,914
187,926
187,941
187,965
187,981
187,988
188,199
188,222
188,224
188,292
188,310
188,391
188,459
188,483
188,569
188,597
188,636
188,638
188,648
188,660
188,709
188,763
188,767
188,788
188,875
188,958
188,964
188,978
189,191
189,205
189,214
189,222
189,253
189,255
189,268
189,299
189,339
189,354
189,361
189,406
189,422
189,445
189,453
189,483
189,485
189,521
189,522
189,525
189,534
189,549
189,551
189,562
189,630
189,635
189,649
189,676
189,682
189,739
189,743
189,769
189,803
189,863
189,873
189,930
189,963
189,966
189,980
189,985
189,999
190,271
190,316
190,328
190,364
190,381
190,390
190,413
190,426
190,447
190,461
190,464
190,466
190,602
190,625
190,642
190,652
190,734
190,755
190,759
190,766
190,870
190,912
190,927
190,968
190,989
191,192
191,214
191,269
191,281
191,337
191,355
191,406
191,410
191,437
191,483
191,508
191,539
191,558
191,566
191,631
191,682
191,704
191,758
191,780
191,801
192,262
192,269
192,403
192,406
192,437
192,441
192,451
192,469
192,483
192,526
192,534
192,566
192,660
192,682
192,748
192,815
192,843
192,908
192,975
192,985
192,988
193,221
193,289
193,331
193,335
193,361
193,523
193,571
193,586
193,642
193,712
193,763
193,868
193,894
193,897
193,929
193,951
193,974
194,234
194,257
194,267
194,274
194,284
194,309
194,316
194,356
194,368
194,375
194,380
194,394
194,402
194,413
194,420
194,423
194,432
194,435
194,464
194,471
194,481
194,514
194,564
194,573
194,582
194,585
194,599
194,607
194,610
194,618
194,652
194,653
194,654
194,665
194,698
194,729
194,734
194,749
194,828
194,834
194,842
194,846
194,869
194,875
194,881
194,894
194,908
194,912
194,923
194,934
194,950
194,966
194,974
194,977
194,981
194,989
195,236
195,257
195,261
195,286
195,384
195,404
195,495
195,503
195,504
195,513
195,555
195,586
195,603
195,625
195,642
195,644
195,664
195,713
195,747
195,755
195,764
195,777
195,796
195,879
195,927
195,935
195,971
195,980
195,984
195,989
196,258
196,264
196,265
196,267
196,287
196,315
196,332
196,364
196,366
196,378
196,398
196,474
196,475
196,489
196,522
196,528
196,533
196,567
196,579
196,582
196,585
196,592
196,613
196,653
196,658
196,665
196,719
196,740
196,755
196,782
196,783
196,790
196,793
196,804
196,814
196,818
196,832
196,857
196,864
196,872
196,883
196,885
196,898
196,914
196,933
196,958
196,967
196,972
197,244
197,247
197,296
197,327
197,383
197,398
197,467
197,541
197,574
197,659
197,673
197,688
197,693
197,779
197,932
198,226
198,247
198,302
198,309
198,327
198,343
198,356
198,364
198,367
198,383
198,386
198,408
198,427
198,440
198,467
198,474
198,487
198,541
198,613
198,621
198,636
198,648
198,656
198,673
198,675
198,685
198,702
198,717
198,723
198,733
198,737
198,743
198,763
198,773
198,807
198,827
198,830
198,904
198,909
198,924
198,979
198,986
199,216
199,233
199,276
199,401
199,473
199,510
199,514
199,594
199,620
199,631
199,633
199,658
199,722
199,763
199,788
199,791
199,800
199,869
199,874
199,902
199,906
199,987
200,254
200,258
200,279
200,281
200,287
200,344
200,348
200,372
200,391
200,399
200,453
200,486
200,516
200,543
200,571
200,595
200,607
200,631
200,657
200,724
200,746
200,781
200,800
200,805
200,822
200,870
200,873
200,884
200,896
200,935
200,941
200,944
201,223
201,226
201,241
201,260
201,261
201,324
201,348
201,355
201,381
201,399
201,454
201,530
201,539
201,551
201,581
201,595
201,616
201,620
201,632
201,634
201,657
201,712
201,735
201,803
201,823
201,888
201,926
201,944
201,969
202,242
202,245
202,257
202,258
202,305
202,308
202,317
202,330
202,394
202,396
202,401
202,419
202,440
202,451
202,466
202,474
202,488
202,494
202,500
202,506
202,522
202,541
202,548
202,579
202,592
202,597
202,607
202,620
202,622
202,628
202,638
202,658
202,664
202,680
202,683
202,709
202,717
202,719
202,739
202,757
202,763
202,767
202,772
202,781
202,806
202,818
202,881
202,886
202,906
202,946
202,948
202,962
202,966
202,978
203,215
203,244
203,246
203,247
203,262
203,278
203,301
203,302
203,314
203,318
203,349
203,394
203,400
203,427
203,458
203,461
203,468
203,472
203,478
203,496
203,498
203,569
203,581
203,589
203,601
203,606
203,670
203,674
203,677
203,684
203,736
203,737
203,738
203,743
203,753
203,770
203,795
203,799
203,824
203,827
203,852
203,860
203,872
203,887
203,895
203,914
203,917
203,932
203,959
203,961
203,979
203,995
203,996
204,205
204,211
204,213
204,236
204,249
204,300
204,301
204,315
204,365
204,427
204,450
204,485
204,490
204,511
204,554
204,567
204,573
204,578
204,622
204,641
204,768
204,819
204,820
204,855
204,907
204,921
204,943
204,949
204,965
204,968
204,971
204,985
204,997
205,238
205,250
205,256
205,326
205,337
205,382
205,417
205,442
205,443
205,448
205,493
205,494
205,499
205,521
205,529
205,545
205,549
205,558
205,576
205,597
205,598
205,605
205,611
205,668
205,680
205,704
205,721
205,730
205,757
205,778
205,792
205,805
205,809
205,820
205,835
205,877
205,889
205,899
205,908
205,922
205,930
205,945
205,952
205,969
205,991
206,273
206,293
206,324
206,429
206,461
206,521
206,557
206,605
206,632
206,789
206,870
206,883
207,295
207,342
207,347
207,352
207,485
207,491
207,557
207,563
207,586
207,599
207,621
207,642
207,664
207,722
207,724
207,750
207,810
207,824
207,828
207,831
207,881
207,883
207,951
207,955
207,956
207,966
208,211
208,213
208,217
208,229
208,315
208,426
208,432
208,444
208,449
208,484
208,503
208,557
208,590
208,595
208,617
208,664
208,727
208,791
208,802
208,811
208,859
208,929
208,943
209,262
209,267
209,275
209,278
209,301
209,308
209,330
209,336
209,358
209,365
209,383
209,405
209,425
209,427
209,449
209,465
209,467
209,472
209,497
209,514
209,515
209,516
209,519
209,527
209,529
209,601
209,644
209,647
209,658
209,666
209,673
209,689
209,724
209,728
209,798
209,799
209,800
209,848
209,857
209,918
209,943
209,946
209,959
209,967
209,968
209,971
210,211
210,231
210,266
210,274
210,352
210,471
210,473
210,502
210,552
210,576
210,597
210,614
210,615
210,635
210,777
210,782
210,794
210,863
210,869
210,873
210,886
210,902
210,910
210,924
210,944
210,945
211,218
211,220
211,236
211,249
211,254
211,278
211,297
211,301
211,302
211,340
211,372
211,402
211,403
211,404
211,433
211,436
211,444
211,446
211,449
211,474
211,515
211,581
211,601
211,610
211,619
211,622
211,689
211,727
211,754
211,755
211,784
211,799
211,825
211,855
211,907
211,921
211,943
211,953
211,961
211,968
211,971
211,976
211,995
211,997
212,248
212,253
212,396
212,516
212,541
212,544
212,596
212,648
212,710
212,779
212,813
212,817
212,839
213,236
213,263
213,297
213,300
213,309
213,315
213,384
213,402
213,432
213,436
213,450
213,523
213,532
213,560
213,564
213,578
213,602
213,607
213,622
213,692
213,727
213,753
213,845
213,911
213,942
213,949
213,976
213,997
214,281
214,288
214,293
214,406
214,428
214,437
214,445
214,453
214,483
214,500
214,526
214,558
214,566
214,598
214,661
214,682
214,704
214,739
214,748
214,777
214,831
214,847
214,897
214,945
214,963
214,991
215,261
215,283
215,427
215,472
215,478
215,498
215,527
215,532
215,548
215,555
215,575
215,583
215,684
215,685
215,689
215,738
215,798
215,824
215,860
215,895
215,961
216,225
216,256
216,272
216,291
216,323
216,324
216,351
216,382
216,439
216,457
216,459
216,471
216,494
216,549
216,594
216,640
216,677
216,699
216,732
216,763
216,776
216,778
216,797
216,806
216,820
216,847
216,849
216,892
216,899
216,915
216,924
216,932
216,938
217,227
217,243
217,280
217,300
217,315
217,359
217,373
217,377
217,402
217,425
217,464
217,468
217,488
217,501
217,546
217,557
217,564
217,578
217,614
217,618
217,624
217,627
217,650
217,671
217,691
217,727
217,728
217,729
217,742
217,755
217,768
217,802
217,828
217,841
217,879
217,881
217,894
217,911
217,921
217,928
217,934
217,941
217,966
218,226
218,352
218,370
218,389
218,391
218,392
218,423
218,434
218,481
218,489
218,495
218,539
218,565
218,573
218,586
218,627
218,632
218,655
218,713
218,744
218,765
218,785
218,816
218,851
218,876
218,897
218,903
218,926
218,981
219,243
219,271
219,297
219,300
219,308
219,317
219,328
219,331
219,332
219,343
219,351
219,360
219,383
219,391
219,393
219,413
219,430
219,434
219,461
219,476
219,481
219,518
219,523
219,543
219,573
219,586
219,587
219,599
219,603
219,613
219,620
219,621
219,622
219,641
219,671
219,685
219,719
219,722
219,747
219,749
219,750
219,752
219,755
219,759
219,764
219,842
219,868
219,881
219,894
219,927
219,934
219,953
219,956
219,964
219,966
219,974
219,984
220,249
220,297
220,301
220,340
220,403
220,404
220,446
220,458
220,577
220,593
220,602
220,689
220,691
220,808
220,848
220,907
220,943
220,949
220,977
220,992
221,258
221,335
221,361
221,368
221,416
221,447
221,461
221,494
221,517
221,550
221,563
221,584
221,595
221,625
221,654
221,712
221,719
221,746
221,784
221,798
221,810
221,836
221,853
221,857
221,868
221,956
222,268
222,274
222,293
222,296
222,305
222,312
222,353
222,354
222,438
222,456
222,462
222,473
222,492
222,511
222,516
222,556
222,575
222,582
222,583
222,597
222,607
222,611
222,621
222,631
222,635
222,638
222,643
222,673
222,677
222,685
222,697
222,731
222,739
222,757
222,762
222,763
222,767
222,771
222,782
222,788
222,793
222,806
222,835
222,869
222,874
222,902
222,906
222,910
222,917
222,933
222,936
222,945
222,948
222,958
222,978
222,989
223,281
223,286
223,294
223,348
223,355
223,369
223,388
223,435
223,463
223,469
223,603
223,630
223,632
223,634
223,657
223,668
223,704
223,720
223,842
223,872
224,242
224,245
224,268
224,270
224,309
224,362
224,367
224,418
224,420
224,467
224,473
224,494
224,500
224,502
224,519
224,582
224,589
224,594
224,598
224,646
224,656
224,673
224,698
224,709
224,781
224,797
224,834
224,869
224,874
224,906
224,909
224,960
224,972
225,233
225,271
225,272
225,290
225,291
225,326
225,339
225,345
225,351
225,373
225,411
225,413
225,422
225,428
225,438
225,439
225,461
225,473
225,479
225,510
225,521
225,553
225,580
225,598
225,640
225,650
225,658
225,679
225,691
225,733
225,741
225,758
225,773
225,778
225,797
225,813
225,820
225,840
225,847
225,899
225,924
225,925
225,938
225,991
225,998
226,233
226,241
226,260
226,261
226,267
226,286
226,324
226,373
226,381
226,393
226,395
226,411
226,423
226,424
226,455
226,462
226,469
226,476
226,495
226,523
226,524
226,533
226,595
226,630
226,633
226,683
226,696
226,698
226,712
226,751
226,755
226,756
226,801
226,836
226,842
226,888
226,903
226,910
226,980
226,983
226,999
227,257
227,300
227,310
227,319
227,332
227,341
227,359
227,360
227,377
227,402
227,410
227,460
227,597
227,624
227,652
227,671
227,698
227,727
227,740
227,755
227,777
227,796
227,802
227,828
227,855
227,859
227,879
227,886
227,896
227,941
227,963
227,981
227,995
227,997
228,262
228,301
228,302
228,415
228,427
228,478
228,494
228,574
228,581
228,622
228,673
228,684
228,799
228,824
228,831
228,885
228,886
228,895
228,961
229,276
229,301
229,305
229,309
229,315
229,393
229,402
229,433
229,444
229,449
229,460
229,538
229,592
229,617
229,637
229,643
229,728
229,740
229,755
229,810
229,891
229,914
229,934
229,971
230,242
230,344
230,378
230,394
230,430
230,467
230,589
230,692
230,719
230,740
230,760
230,782
230,793
230,814
230,832
230,860
230,869
230,875
230,879
230,893
230,906
230,917
231,242
231,293
231,324
231,370
231,373
231,423
231,476
231,576
231,582
231,616
231,625
231,632
231,649
231,661
231,682
231,687
231,688
231,701
231,703
231,748
231,781
231,782
231,873
231,884
231,908
231,916
231,920
231,988
232,250
232,259
232,326
232,353
232,407
232,439
232,475
232,482
232,499
232,540
232,688
232,721
232,756
232,758
232,806
232,838
232,862
232,877
232,900
232,901
232,955
232,977
232,998
233,265
233,268
233,278
233,285
233,293
233,318
233,323
233,368
233,394
233,400
233,421
233,430
233,460
233,511
233,512
233,516
233,521
233,549
233,567
233,596
233,597
233,599
233,611
233,613
233,618
233,620
233,631
233,709
233,719
233,725
233,743
233,745
233,763
233,767
233,795
233,800
233,807
233,818
233,847
233,860
233,869
233,886
233,893
233,936
233,938
233,957
233,958
233,978
234,276
234,306
234,316
234,361
234,368
234,390
234,394
234,447
234,456
234,504
234,514
234,528
234,573
234,585
234,607
234,660
234,690
234,697
234,729
234,731
234,760
234,766
234,811
234,834
234,846
234,878
234,881
234,936
234,957
234,989
235,241
235,267
235,281
235,286
235,355
235,388
235,391
235,469
235,481
235,485
235,517
235,561
235,588
235,752
235,875
235,924
235,999
236,249
236,255
236,278
236,280
236,297
236,300
236,310
236,315
236,384
236,403
236,404
236,432
236,515
236,530
236,531
236,578
236,579
236,605
236,610
236,614
236,619
236,622
236,637
236,666
236,670
236,768
236,791
236,845
236,907
236,911
236,921
236,949
236,986
237,307
237,320
237,414
237,454
237,484
237,488
237,708
237,749
237,764
237,857
237,871
237,881
237,916
237,965
237,971
237,989
237,993
238,255
238,292
238,391
238,412
238,428
238,431
238,434
238,439
238,473
238,494
238,523
238,545
238,549
238,551
238,558
238,571
238,618
238,634
238,649
238,661
238,677
238,680
238,683
238,769
238,787
238,834
238,847
238,910
238,915
238,920
238,930
238,963
238,977
238,980
238,991
239,243
239,300
239,341
239,377
239,402
239,420
239,450
239,504
239,541
239,570
239,573
239,593
239,601
239,617
239,643
239,664
239,708
239,747
239,755
239,768
239,769
239,802
239,843
239,859
239,934
239,941
239,943
239,978
240,248
240,262
240,353
240,356
240,362
240,399
240,464
240,473
240,552
240,675
240,735
240,781
240,827
240,880
240,914
240,960
240,967
240,972
241,254
241,260
241,261
241,267
241,281
241,294
241,298
241,309
241,313
241,320
241,335
241,360
241,381
241,399
241,416
241,424
241,451
241,462
241,464
241,484
241,523
241,524
241,533
241,534
241,551
241,595
241,652
241,662
241,752
241,765
241,800
241,808
241,888
241,890
241,935
241,944
241,951
241,981
241,999
242,243
242,264
242,268
242,294
242,317
242,318
242,377
242,474
242,482
242,491
242,512
242,564
242,585
242,597
242,633
242,644
242,665
242,667
242,691
242,692
242,710
242,775
242,783
242,794
242,804
242,814
242,832
242,864
242,866
242,921
242,926
242,948
242,957
242,958
243,250
243,281
243,287
243,316
243,322
243,340
243,376
243,394
243,413
243,511
243,528
243,532
243,573
243,579
243,585
243,606
243,628
243,655
243,685
243,691
243,695
243,700
243,724
243,740
243,755
243,758
243,763
243,764
243,780
243,783
243,811
243,841
243,858
243,887
243,891
243,894
243,899
243,904
243,934
243,942
243,990
243,993
244,246
244,247
244,250
244,296
244,305
244,318
244,334
244,349
244,365
244,380
244,386
244,400
244,415
244,431
244,468
244,475
244,477
244,496
244,498
244,507
244,541
244,555
244,569
244,579
244,580
244,581
244,630
244,669
244,673
244,685
244,721
244,737
244,760
244,782
244,824
244,827
244,839
244,852
244,858
244,860
244,867
244,885
244,898
244,909
244,917
244,967
244,986
244,996
245,268
245,292
245,300
245,305
245,309
245,354
245,401
245,403
245,420
245,430
245,473
245,496
245,500
245,505
245,535
245,544
245,567
245,582
245,597
245,621
245,646
245,650
245,656
245,672
245,716
245,762
245,769
245,773
245,781
245,786
245,794
245,869
245,871
245,899
245,907
245,910
245,923
245,935
245,937
245,977
245,979
246,262
246,283
246,302
246,349
246,356
246,383
246,386
246,400
246,438
246,440
246,465
246,468
246,472
246,478
246,496
246,498
246,507
246,512
246,521
246,522
246,541
246,543
246,574
246,580
246,583
246,628
246,664
246,666
246,673
246,675
246,717
246,737
246,772
246,774
246,848
246,860
246,885
246,887
246,909
246,917
246,961
246,986
246,994
246,996
247,253
247,263
247,285
247,305
247,327
247,349
247,367
247,383
247,386
247,398
247,408
247,419
247,464
247,474
247,477
247,505
247,519
247,531
247,535
247,555
247,574
247,596
247,622
247,675
247,679
247,690
247,693
247,702
247,705
247,711
247,717
247,737
247,742
247,743
247,779
247,830
247,979
247,986
247,992
248,266
248,312
248,318
248,362
248,364
248,418
248,467
248,512
248,520
248,569
248,646
248,731
248,732
248,753
248,766
248,770
248,783
248,794
248,825
248,826
248,880
248,909
248,932
248,972
248,986
248,996
249,256
249,264
249,278
249,297
249,301
249,306
249,342
249,404
249,446
249,449
249,474
249,478
249,512
249,515
249,570
249,601
249,619
249,622
249,666
249,670
249,680
249,755
249,780
249,796
249,837
249,845
249,873
249,907
249,997
250,256
250,259
250,265
250,291
250,304
250,313
250,326
250,333
250,345
250,346
250,382
250,439
250,473
250,499
250,521
250,545
250,552
250,553
250,651
250,657
250,668
250,674
250,676
250,677
250,699
250,705
250,710
250,711
250,741
250,757
250,778
250,787
250,801
250,805
250,807
250,838
250,840
250,849
250,850
250,874
250,877
250,892
250,905
250,913
250,924
250,925
250,938
250,939
250,947
250,952
251,289
251,335
251,416
251,455
251,486
251,508
251,509
251,528
251,529
251,554
251,784
251,785
251,859
251,884
251,944
251,955
251,996
252,258
252,260
252,263
252,289
252,306
252,348
252,360
252,369
252,374
252,387
252,393
252,401
252,409
252,448
252,458
252,463
252,475
252,489
252,530
252,563
252,595
252,598
252,627
252,655
252,662
252,692
252,707
252,714
252,720
252,746
252,752
252,798
252,801
252,808
252,810
252,836
252,877
252,888
252,940
252,942
252,944
252,951
252,958
252,981
252,982
253,299
253,311
253,312
253,318
253,339
253,341
253,385
253,415
253,418
253,428
253,440
253,496
253,502
253,512
253,516
253,541
253,544
253,549
253,552
253,567
253,569
253,574
253,589
253,613
253,629
253,648
253,651
253,686
253,690
253,698
253,718
253,726
253,756
253,773
253,791
253,804
253,813
253,827
253,858
253,882
253,937
254,258
254,260
254,261
254,267
254,268
254,287
254,302
254,316
254,331
254,335
254,342
254,344
254,360
254,369
254,378
254,381
254,387
254,391
254,399
254,416
254,425
254,447
254,475
254,486
254,500
254,508
254,509
254,523
254,530
254,565
254,566
254,571
254,605
254,627
254,632
254,642
254,672
254,715
254,740
254,744
254,752
254,822
254,868
254,870
254,873
254,888
254,897
254,910
254,922
254,935
254,942
254,944
254,966
254,973
254,999
255,288
255,359
255,371
255,399
255,400
255,406
255,412
255,434
255,443
255,453
255,529
255,534
255,545
255,551
255,562
255,618
255,634
255,661
255,680
255,683
255,739
255,758
255,762
255,786
255,801
255,833
255,843
255,876
255,902
255,906
255,915
255,920
255,945
255,963
255,973
255,980
256,262
256,272
256,291
256,292
256,295
256,303
256,313
256,326
256,345
256,351
256,353
256,407
256,417
256,421
256,422
256,423
256,448
256,452
256,457
256,492
256,494
256,518
256,565
256,572
256,598
256,604
256,608
256,611
256,634
256,640
256,721
256,730
256,758
256,763
256,773
256,805
256,835
256,838
256,840
256,867
256,899
256,901
256,906
256,913
256,915
256,919
256,925
256,972
256,975
256,998
257,484
257,488
257,504
257,530
257,536
257,550
257,557
257,614
257,708
257,750
257,764
257,926
258,306
258,312
258,447
258,605
258,612
258,656
258,662
258,699
258,707
258,714
258,738
258,739
258,752
258,765
258,776
258,779
258,785
258,808
258,844
258,881
258,916
258,935
258,944
258,968
259,290
259,291
259,303
259,304
259,313
259,326
259,339
259,353
259,382
259,407
259,422
259,439
259,442
259,486
259,516
259,540
259,562
259,575
259,604
259,608
259,615
259,668
259,674
259,677
259,682
259,735
259,741
259,756
259,786
259,820
259,849
259,867
259,892
259,899
259,913
259,924
259,925
259,979
259,991
260,286
260,294
260,298
260,355
260,373
260,388
260,392
260,399
260,416
260,424
260,435
260,453
260,524
260,530
260,533
260,539
260,551
260,574
260,585
260,595
260,627
260,739
260,748
260,771
260,822
260,884
260,888
260,897
260,940
260,944
260,951
260,983
260,999
261,369
261,381
261,391
261,399
261,413
261,486
261,558
261,559
261,605
261,632
261,650
261,680
261,878
261,892
261,935
261,944
262,278
262,284
262,302
262,316
262,322
262,330
262,365
262,405
262,406
262,425
262,432
262,468
262,472
262,474
262,476
262,482
262,497
262,511
262,535
262,538
262,574
262,579
262,601
262,620
262,644
262,647
262,684
262,689
262,708
262,715
262,733
262,736
262,738
262,754
262,780
262,783
262,791
262,795
262,799
262,811
262,824
262,839
262,841
262,854
262,857
262,860
262,872
262,885
262,917
262,928
262,934
262,941
262,946
262,961
262,968
262,971
263,296
263,327
263,334
263,339
263,357
263,367
263,379
263,408
263,419
263,421
263,467
263,477
263,487
263,490
263,519
263,527
263,541
263,556
263,574
263,591
263,596
263,612
263,613
263,645
263,651
263,661
263,678
263,690
263,695
263,702
263,710
263,711
263,715
263,717
263,726
263,770
263,779
263,782
263,807
263,829
263,830
263,840
263,858
263,869
263,882
263,918
263,923
263,961
263,976
263,979
264,276
264,284
264,287
264,329
264,330
264,332
264,348
264,349
264,363
264,375
264,391
264,394
264,589
264,639
264,665
264,691
264,694
264,697
264,709
264,719
264,775
264,782
264,783
264,793
264,804
264,806
264,814
264,827
264,839
264,872
264,898
264,917
264,918
264,921
264,934
264,942
264,952
264,958
264,959
264,972
264,990
264,992
265,285
265,323
265,382
265,443
265,522
265,530
265,548
265,597
265,639
265,643
265,649
265,676
265,691
265,709
265,725
265,763
265,781
265,782
265,831
265,832
265,872
265,875
265,886
265,891
265,899
265,906
265,922
265,928
265,930
265,941
265,942
265,972
265,978
266,305
266,318
266,383
266,421
266,466
266,467
266,512
266,554
266,575
266,576
266,580
266,585
266,589
266,678
266,685
266,686
266,688
266,691
266,880
266,902
266,978
266,996
267,281
267,286
267,294
267,311
267,346
267,355
267,381
267,388
267,399
267,423
267,424
267,426
267,434
267,445
267,455
267,469
267,483
267,524
267,526
267,539
267,540
267,561
267,595
267,598
267,618
267,630
267,657
267,750
267,792
267,815
267,925
267,934
267,944
267,981
267,990
267,999
268,303
268,335
268,349
268,365
268,383
268,394
268,401
268,413
268,419
268,505
268,521
268,522
268,524
268,530
268,538
268,551
268,569
268,582
268,607
268,621
268,638
268,643
268,646
268,658
268,673
268,675
268,697
268,719
268,724
268,763
268,781
268,788
268,791
268,795
268,805
268,806
268,810
268,814
268,818
268,825
268,840
268,841
268,869
268,902
268,906
268,917
268,945
268,949
268,958
268,964
268,969
269,270
269,381
269,395
269,445
269,503
269,534
269,550
269,551
269,566
269,598
269,704
269,778
269,815
269,985
269,988
270,345
270,354
270,431
270,443
270,462
270,483
270,529
270,534
270,546
270,549
270,552
270,611
270,699
270,728
270,776
270,781
270,835
270,850
270,867
270,939
270,945
271,331
271,351
271,454
271,488
271,491
271,508
271,543
271,554
271,573
271,577
271,580
271,614
271,638
271,654
271,667
271,759
271,906
271,909
271,957
271,965
271,984
272,274
272,286
272,346
272,350
272,428
272,453
272,534
272,549
272,558
272,615
272,623
272,649
272,661
272,671
272,672
272,696
272,722
272,743
272,757
272,792
272,800
272,801
272,933
272,952
272,977
272,982
273,292
273,464
273,599
273,609
273,691
273,873
274,291
274,297
274,305
274,337
274,382
274,394
274,443
274,469
274,531
274,532
274,542
274,594
274,597
274,621
274,631
274,635
274,681
274,697
274,716
274,763
274,786
274,794
274,800
274,823
274,840
274,863
274,874
274,889
274,899
274,902
274,922
274,945
274,977
274,982
274,995
275,278
275,302
275,322
275,405
275,427
275,511
275,512
275,583
275,601
275,627
275,695
275,737
275,795
275,824
275,852
275,857
275,894
275,921
275,968
275,971
276,309
276,318
276,338
276,340
276,353
276,358
276,363
276,472
276,474
276,512
276,586
276,592
276,639
276,640
276,644
276,649
276,678
276,691
276,694
276,697
276,766
276,767
276,772
276,775
276,783
276,787
276,794
276,804
276,826
276,872
276,875
276,886
276,893
276,895
276,906
276,931
276,962
276,995
277,306
277,335
277,342
277,361
277,416
277,441
277,454
277,475
277,481
277,483
277,489
277,491
277,504
277,517
277,563
277,579
277,586
277,641
277,671
277,714
277,750
277,752
277,760
277,768
277,803
277,808
277,837
277,868
277,983
278,301
278,365
278,368
278,376
278,400
278,403
278,427
278,433
278,436
278,467
278,472
278,500
278,507
278,511
278,515
278,521
278,527
278,535
278,581
278,610
278,622
278,629
278,666
278,689
278,693
278,706
278,715
278,726
278,737
278,738
278,741
278,754
278,760
278,769
278,799
278,848
278,855
278,895
278,907
278,912
278,916
278,921
278,924
278,936
278,943
278,953
278,976
279,450
279,513
279,536
279,548
279,740
279,807
279,853
279,879
279,881
279,927
280,297
280,349
280,383
280,402
280,404
280,432
280,450
280,488
280,517
280,566
280,567
280,570
280,579
280,622
280,624
280,637
280,670
280,671
280,726
280,727
280,737
280,740
280,799
280,859
280,904
280,911
280,921
280,941
280,942
280,997
281,294
281,355
281,369
281,388
281,423
281,435
281,469
281,504
281,524
281,530
281,539
281,554
281,561
281,595
281,634
281,657
281,844
281,888
281,908
281,926
282,370
282,423
282,445
282,559
282,577
282,607
282,653
282,703
282,763
282,769
282,787
282,797
282,823
282,833
282,875
282,942
282,957
282,964
283,400
283,415
283,458
283,467
283,468
283,474
283,478
283,507
283,510
283,541
283,569
283,598
283,607
283,636
283,669
283,671
283,736
283,737
283,738
283,781
283,817
283,841
283,850
283,865
283,907
283,932
283,977
283,986
284,330
284,376
284,380
284,394
284,415
284,454
284,468
284,472
284,527
284,606
284,628
284,652
284,697
284,715
284,731
284,754
284,797
284,806
284,839
284,857
284,945
284,992
285,368
285,394
285,449
285,473
285,571
285,584
285,654
285,692
285,783
285,796
285,834
285,929
285,978
286,294
286,445
286,473
286,533
286,561
286,598
286,611
286,657
286,714
286,739
286,751
286,815
286,836
286,903
286,922
286,961
287,309
287,317
287,332
287,356
287,394
287,548
287,592
287,597
287,631
287,691
287,697
287,719
287,760
287,782
287,793
287,794
287,804
287,806
287,827
287,832
287,908
287,936
287,958
287,967
287,987
288,313
288,346
288,354
288,366
288,470
288,499
288,521
288,524
288,534
288,549
288,550
288,558
288,562
288,598
288,615
288,634
288,722
288,761
288,762
288,791
288,800
288,801
288,838
288,942
288,952
288,988
288,991
289,294
289,335
289,344
289,361
289,391
289,416
289,451
289,492
289,523
289,532
289,563
289,616
289,618
289,627
289,650
289,654
289,746
289,751
289,822
289,837
289,868
289,896
289,906
289,916
289,929
289,944
289,951
289,966
289,985
289,995
289,999
290,291
290,303
290,304
290,312
290,340
290,422
290,473
290,499
290,552
290,640
290,650
290,674
290,679
290,685
290,698
290,778
290,779
290,797
290,805
290,820
290,849
290,850
290,877
290,897
290,899
290,920
290,922
290,924
290,938
290,939
290,942
291,303
291,304
291,326
291,338
291,353
291,376
291,412
291,428
291,434
291,439
291,457
291,493
291,529
291,540
291,549
291,596
291,608
291,616
291,635
291,650
291,668
291,674
291,676
291,679
291,686
291,688
291,705
291,721
291,722
291,730
291,756
291,763
291,770
291,805
291,816
291,862
291,892
291,903
291,919
291,924
291,930
291,939
291,954
291,985
291,989
292,322
292,354
292,368
292,397
292,401
292,500
292,510
292,656
292,689
292,716
292,751
292,752
292,763
292,776
292,783
292,809
292,858
292,945
293,331
293,333
293,356
293,369
293,370
293,390
293,395
293,399
293,423
293,434
293,455
293,462
293,469
293,483
293,500
293,539
293,543
293,599
293,616
293,618
293,681
293,683
293,748
293,751
293,758
293,763
293,776
293,800
293,808
293,818
293,820
293,823
293,873
293,884
293,914
293,920
293,981
294,315
294,342
294,348
294,352
294,355
294,372
294,399
294,441
294,463
294,469
294,493
294,524
294,539
294,549
294,561
294,613
294,618
294,657
294,701
294,720
294,752
294,800
294,865
294,872
294,876
294,897
294,899
294,926
294,944
294,958
294,983
294,985
294,999
295,346
295,382
295,407
295,411
295,417
295,418
295,442
295,492
295,499
295,529
295,549
295,563
295,566
295,594
295,623
295,704
295,722
295,730
295,758
295,764
295,840
295,903
295,915
295,930
295,933
295,975
295,977
295,991
296,308
296,327
296,357
296,363
296,419
296,467
296,476
296,487
296,535
296,556
296,613
296,645
296,675
296,685
296,770
296,795
296,813
296,827
296,830
296,842
296,860
296,868
296,885
296,909
296,918
296,960
296,961
297,403
297,404
297,432
297,473
297,515
297,550
297,581
297,610
297,619
297,622
297,637
297,666
297,670
297,673
297,726
297,728
297,754
297,796
297,799
297,802
297,855
297,874
297,914
297,921
297,934
297,946
297,949
297,978
297,984
297,995
297,997
298,381
298,412
298,430
298,445
298,451
298,455
298,480
298,505
298,568
298,618
298,649
298,706
298,751
298,776
298,787
298,799
298,822
298,873
298,896
298,908
298,963
298,973
298,974
298,999
299,311
299,338
299,358
299,386
299,421
299,479
299,494
299,505
299,544
299,620
299,621
299,678
299,698
299,710
299,711
299,716
299,717
299,726
299,733
299,774
299,778
299,779
299,840
299,934
299,967
300,301
300,315
300,325
300,331
300,347
300,354
300,359
300,375
300,392
300,402
300,413
300,436
300,460
300,488
300,503
300,536
300,557
300,671
300,727
300,768
300,796
300,797
300,802
300,819
300,879
300,907
300,911
300,928
300,941
300,949
300,965
300,969
300,984
301,308
301,322
301,338
301,365
301,403
301,404
301,405
301,427
301,446
301,452
301,482
301,498
301,532
301,538
301,564
301,579
301,581
301,600
301,606
301,666
301,670
301,673
301,689
301,692
301,700
301,715
301,738
301,788
301,798
301,811
301,824
301,829
301,842
301,848
301,887
301,891
301,907
301,914
301,921
301,943
301,946
301,949
301,953
301,958
301,968
301,971
301,975
301,977
302,349
302,355
302,359
302,362
302,400
302,405
302,414
302,427
302,468
302,472
302,474
302,478
302,497
302,511
302,512
302,521
302,532
302,579
302,581
302,601
302,620
302,736
302,740
302,751
302,782
302,795
302,824
302,857
302,946
302,959
302,961
302,971
302,972
302,981
303,313
303,325
303,326
303,351
303,353
303,382
303,417
303,422
303,428
303,442
303,473
303,492
303,510
303,650
303,668
303,677
303,679
303,721
303,730
303,756
303,805
303,809
303,820
303,850
303,877
303,889
303,899
303,919
303,938
303,958
303,988
303,991
304,326
304,329
304,353
304,407
304,417
304,420
304,428
304,434
304,457
304,534
304,551
304,599
304,604
304,650
304,679
304,680
304,758
304,763
304,797
304,820
304,919
304,924
304,925
304,938
304,964
304,998
305,318
305,339
305,354
305,356
305,358
305,379
305,413
305,419
305,420
305,423
305,482
305,511
305,512
305,541
305,569
305,574
305,575
305,580
305,589
305,597
305,614
305,628
305,659
305,686
305,697
305,717
305,719
305,733
305,736
305,737
305,743
305,760
305,770
305,780
305,781
305,794
305,813
305,824
305,825
305,840
305,858
305,860
305,866
305,871
305,895
305,899
305,904
305,923
305,965
305,967
305,972
305,978
305,986
305,990
305,992
305,996
305,997
306,313
306,321
306,335
306,374
306,430
306,486
306,512
306,517
306,627
306,789
306,801
306,803
306,808
306,810
306,836
306,844
306,911
306,951
306,971
307,319
307,324
307,424
307,480
307,484
307,485
307,491
307,495
307,517
307,536
307,614
307,708
307,724
307,740
307,750
307,756
307,764
307,781
307,853
307,881
307,912
307,966
307,968
307,993
307,999
308,322
308,330
308,338
308,340
308,405
308,460
308,474
308,511
308,528
308,579
308,610
308,628
308,665
308,715
308,754
308,766
308,783
308,795
308,879
308,904
308,923
308,960
308,990
309,347
309,376
309,434
309,450
309,464
309,479
309,482
309,528
309,532
309,554
309,579
309,585
309,593
309,606
309,613
309,617
309,644
309,653
309,688
309,755
309,766
309,772
309,780
309,783
309,796
309,806
309,842
309,894
309,914
309,928
309,929
309,934
309,944
309,945
309,958
309,971
309,977
309,978
309,984
309,990
310,352
310,383
310,384
310,414
310,446
310,610
310,622
310,637
310,664
310,670
310,790
310,848
310,921
310,949
311,312
311,362
311,406
311,419
311,466
311,472
311,511
311,516
311,531
311,553
311,575
311,596
311,629
311,658
311,659
311,674
311,686
311,711
311,718
311,726
311,747
311,773
311,774
311,791
311,825
311,856
311,861
311,880
311,882
311,977
312,334
312,356
312,357
312,362
312,393
312,420
312,435
312,438
312,454
312,467
312,474
312,505
312,519
312,535
312,555
312,556
312,574
312,596
312,638
312,678
312,719
312,756
312,773
312,774
312,779
312,784
312,807
312,813
312,817
312,829
312,854
312,861
312,882
312,896
312,918
312,960
312,967
312,991
312,996
313,326
313,351
313,382
313,457
313,494
313,529
313,540
313,604
313,668
313,688
313,696
313,756
313,797
313,805
313,867
313,877
313,900
313,901
313,903
313,913
313,919
313,938
313,964
313,998
314,350
314,382
314,401
314,471
314,594
314,631
314,763
314,776
314,856
314,863
314,889
314,903
315,322
315,341
315,359
315,384
315,425
315,436
315,444
315,513
315,515
315,532
315,538
315,560
315,570
315,578
315,617
315,637
315,667
315,698
315,740
315,747
315,804
315,810
315,821
315,842
315,882
315,904
315,914
315,921
315,941
315,949
315,953
315,955
315,971
316,321
316,347
316,356
316,368
316,413
316,423
316,472
316,542
316,561
316,573
316,589
316,599
316,602
316,605
316,607
316,652
316,663
316,664
316,691
316,697
316,734
316,739
316,759
316,780
316,783
316,803
316,814
316,832
316,870
316,887
316,894
316,912
316,928
316,936
316,944
316,947
316,948
316,990
317,335
317,385
317,409
317,428
317,448
317,482
317,498
317,579
317,584
317,585
317,593
317,602
317,606
317,620
317,643
317,644
317,653
317,657
317,691
317,694
317,715
317,734
317,782
317,811
317,950
317,952
318,356
318,362
318,364
318,383
318,394
318,408
318,466
318,506
318,507
318,510
318,521
318,567
318,569
318,589
318,659
318,685
318,698
318,794
318,799
318,814
318,825
318,827
318,840
318,841
318,858
318,860
318,907
318,932
318,958
318,967
318,972
318,986
318,996
319,325
319,328
319,337
319,347
319,410
319,484
319,504
319,509
319,583
319,614
319,671
319,724
319,749
319,764
319,812
319,956
319,965
319,984
319,993
320,359
320,511
320,538
320,586
320,587
320,676
320,700
320,724
320,747
320,749
321,387
321,391
321,435
321,441
321,475
321,518
321,547
321,594
321,707
321,713
321,785
321,837
321,851
321,883
321,944
321,983
322,340
322,365
322,404
322,415
322,450
322,460
322,497
322,511
322,527
322,532
322,538
322,560
322,579
322,595
322,601
322,631
322,636
322,637
322,647
322,651
322,671
322,710
322,754
322,798
322,811
322,839
322,841
322,855
322,857
322,858
322,886
322,887
322,891
322,894
322,904
322,907
322,914
322,928
322,953
322,971
322,995
323,375
323,421
323,471
323,506
323,544
323,597
323,598
323,648
323,675
323,683
323,698
323,703
323,709
323,725
323,747
323,775
323,806
323,886
323,902
323,904
323,958
323,967
324,370
324,373
324,391
324,395
324,399
324,406
324,413
324,424
324,429
324,476
324,545
324,549
324,563
324,595
324,603
324,605
324,618
324,712
324,720
324,739
324,792
324,822
325,399
325,413
325,448
325,468
325,481
325,484
325,488
325,495
325,536
325,543
325,587
325,642
325,724
325,755
325,757
325,764
325,859
325,965
325,984
325,993
326,345
326,354
326,366
326,382
326,443
326,457
326,473
326,479
326,492
326,499
326,500
326,508
326,540
326,572
326,604
326,611
326,651
326,658
326,668
326,674
326,688
326,756
326,829
326,877
326,892
326,903
326,923
326,924
326,925
326,937
326,938
326,939
326,961
326,964
326,977
326,998
327,367
327,379
327,383
327,408
327,410
327,438
327,467
327,531
327,555
327,556
327,564
327,636
327,645
327,675
327,690
327,702
327,717
327,726
327,742
327,743
327,807
327,827
327,830
327,909
327,911
327,979
328,331
328,416
328,423
328,468
328,484
328,542
328,577
328,764
328,780
328,874
328,876
328,916
328,927
328,951
328,965
328,978
328,981
328,984
329,339
329,413
329,429
329,439
329,473
329,500
329,510
329,613
329,677
329,683
329,761
329,806
329,820
329,828
329,874
329,899
329,924
329,942
329,958
330,332
330,468
330,562
330,579
330,580
330,601
330,606
330,628
330,639
330,644
330,652
330,715
330,772
330,775
330,777
330,783
330,798
330,857
330,887
330,949
330,968
330,971
330,994
331,383
331,399
331,413
331,432
331,461
331,463
331,464
331,469
331,481
331,486
331,487
331,508
331,516
331,585
331,586
331,595
331,603
331,607
331,628
331,632
331,637
331,652
331,686
331,692
331,727
331,729
331,734
331,750
331,759
331,792
331,824
331,868
331,878
331,887
331,891
331,966
331,981
331,984
331,989
331,990
332,359
332,380
332,399
332,417
332,439
332,458
332,471
332,532
332,548
332,569
332,576
332,580
332,582
332,589
332,592
332,629
332,638
332,639
332,665
332,674
332,687
332,697
332,719
332,728
332,750
332,754
332,760
332,772
332,793
332,794
332,806
332,814
332,824
332,839
332,858
332,864
332,898
332,902
332,916
332,923
332,948
332,960
332,972
332,990
333,346
333,400
333,510
333,616
333,748
333,863
333,896
333,934
333,945
334,351
334,356
334,379
334,384
334,398
334,408
334,459
334,461
334,467
334,487
334,522
334,531
334,535
334,552
334,556
334,613
334,678
334,690
334,718
334,726
334,733
334,763
334,779
334,807
334,854
334,891
334,898
334,903
334,918
334,967
334,978
335,336
335,344
335,349
335,361
335,375
335,389
335,391
335,399
335,411
335,416
335,419
335,447
335,475
335,480
335,481
335,488
335,509
335,517
335,523
335,534
335,563
335,586
335,587
335,594
335,599
335,604
335,607
335,609
335,610
335,665
335,696
335,712
335,715
335,724
335,752
335,763
335,784
335,803
335,810
335,816
335,860
335,868
335,897
335,934
335,935
335,951
335,955
335,956
336,342
336,370
336,392
336,441
336,454
336,475
336,489
336,495
336,518
336,539
336,588
336,612
336,627
336,655
336,706
336,713
336,744
336,815
336,816
336,837
336,876
336,925
336,926
336,934
336,940
336,983
337,382
337,388
337,462
337,552
337,582
337,594
337,595
337,599
337,635
337,658
337,661
337,723
337,761
337,767
337,781
337,786
337,800
337,847
337,861
337,863
337,874
337,919
337,920
337,940
337,945
337,973
338,354
338,356
338,382
338,397
338,403
338,420
338,421
338,457
338,459
338,479
338,494
338,500
338,505
338,544
338,549
338,556
338,567
338,607
338,629
338,677
338,690
338,710
338,716
338,733
338,774
338,778
338,781
338,800
338,807
338,810
338,818
338,840
338,849
338,856
338,871
338,892
338,904
338,905
338,910
338,918
338,923
338,924
338,930
339,340
339,354
339,401
339,432
339,438
339,439
339,460
339,473
339,479
339,500
339,507
339,510
339,521
339,530
339,535
339,567
339,590
339,631
339,642
339,646
339,677
339,718
339,730
339,733
339,762
339,827
339,863
339,871
339,874
339,881
339,889
339,897
339,899
339,937
339,942
339,958
340,347
340,363
340,380
340,394
340,420
340,433
340,449
340,459
340,464
340,471
340,513
340,516
340,522
340,527
340,538
340,559
340,579
340,581
340,601
340,606
340,615
340,647
340,711
340,754
340,759
340,796
340,804
340,870
340,872
340,887
340,904
340,928
340,956
340,971
341,343
341,375
341,376
341,377
341,413
341,426
341,433
341,446
341,456
341,460
341,488
341,503
341,546
341,590
341,617
341,664
341,708
341,736
341,756
341,760
341,777
341,802
341,842
341,859
341,911
341,913
341,917
341,941
341,957
341,992
342,350
342,387
342,389
342,454
342,465
342,475
342,530
342,571
342,609
342,641
342,642
342,691
342,714
342,764
342,778
342,803
342,808
342,837
342,844
342,878
342,912
342,929
342,980
342,983
343,385
343,550
343,644
343,663
343,708
343,747
343,881
343,894
344,383
344,431
344,463
344,469
344,486
344,533
344,605
344,822
344,870
344,873
344,896
344,918
344,935
344,955
344,983
345,366
345,411
345,499
345,540
345,572
345,589
345,620
345,623
345,688
345,722
345,757
345,862
345,900
345,901
345,905
345,915
346,350
346,438
346,439
346,461
346,493
346,500
346,526
346,534
346,540
346,543
346,551
346,558
346,572
346,580
346,594
346,600
346,609
346,615
346,620
346,635
346,672
346,675
346,682
346,688
346,704
346,714
346,719
346,741
346,776
346,801
346,811
346,838
346,840
346,843
346,847
346,869
346,902
346,903
346,930
346,952
346,954
346,963
346,980
346,989
346,996
347,356
347,410
347,485
347,491
347,586
347,587
347,602
347,652
347,656
347,706
347,724
347,750
347,755
347,764
347,803
347,810
347,812
347,828
347,834
347,857
347,863
347,879
347,881
347,883
347,884
347,916
347,920
347,927
347,956
347,965
347,968
347,984
348,352
348,360
348,381
348,387
348,409
348,441
348,447
348,463
348,516
348,523
348,524
348,533
348,565
348,599
348,605
348,657
348,662
348,678
348,680
348,714
348,720
348,752
348,771
348,808
348,816
348,837
348,870
348,873
348,891
348,897
348,920
348,944
348,999
349,356
349,367
349,383
349,415
349,428
349,468
349,472
349,474
349,498
349,507
349,513
349,541
349,574
349,636
349,669
349,675
349,685
349,690
349,692
349,699
349,719
349,726
349,737
349,756
349,782
349,788
349,793
349,797
349,813
349,839
349,909
349,917
349,960
349,986
350,406
350,452
350,493
350,534
350,608
350,615
350,623
350,672
350,677
350,696
350,704
350,722
350,801
350,867
350,900
350,901
350,913
350,933
351,353
351,369
351,382
351,399
351,435
351,448
351,465
351,492
351,502
351,551
351,567
351,585
351,604
351,678
351,686
351,688
351,705
351,716
351,733
351,776
351,792
351,813
351,819
351,820
351,829
351,840
351,843
351,867
351,877
351,919
351,932
351,945
351,975
352,360
352,435
352,441
352,481
352,489
352,495
352,565
352,588
352,650
352,655
352,657
352,759
352,782
352,785
352,808
352,816
352,837
352,876
352,897
352,926
352,972
352,998
353,407
353,411
353,421
353,457
353,492
353,499
353,540
353,705
353,732
353,901
353,996
353,998
354,420
354,439
354,500
354,529
354,549
354,552
354,611
354,613
354,618
354,631
354,634
354,646
354,661
354,690
354,698
354,699
354,774
354,807
354,831
354,874
354,899
354,905
354,923
354,958
355,388
355,437
355,455
355,469
355,524
355,539
355,616
355,617
355,657
355,709
355,720
355,739
355,752
356,364
356,394
356,434
356,474
356,498
356,504
356,506
356,510
356,512
356,516
356,569
356,571
356,575
356,580
356,585
356,589
356,596
356,639
356,645
356,650
356,666
356,677
356,699
356,737
356,747
356,754
356,763
356,772
356,794
356,798
356,804
356,818
356,832
356,909
356,972
357,358
357,404
357,428
357,490
357,505
357,519
357,556
357,557
357,564
357,567
357,596
357,627
357,629
357,678
357,685
357,711
357,726
357,779
357,882
357,918
357,923
358,516
358,519
358,556
358,596
358,638
358,651
358,678
358,711
358,718
358,762
358,779
358,817
358,861
358,904
358,953
358,979
358,993
359,368
359,402
359,438
359,444
359,450
359,504
359,536
359,546
359,593
359,617
359,621
359,622
359,624
359,637
359,671
359,687
359,709
359,727
359,740
359,755
359,759
359,764
359,768
359,779
359,794
359,818
359,839
359,859
359,881
359,894
359,934
359,955
359,997
360,369
360,378
360,381
360,392
360,393
360,423
360,425
360,434
360,463
360,524
360,530
360,539
360,566
360,573
360,577
360,595
360,655
360,689
360,714
360,739
360,765
360,785
360,793
360,802
360,808
360,822
360,846
360,861
360,888
360,905
360,940
360,944
361,454
361,485
361,492
361,509
361,517
361,523
361,550
361,563
361,578
361,584
361,586
361,599
361,609
361,642
361,706
361,708
361,712
361,713
361,759
361,790
361,803
361,810
361,853
361,868
361,878
361,888
361,927
361,935
361,966
362,377
362,385
362,467
362,493
362,532
362,556
362,575
362,613
362,645
362,659
362,675
362,682
362,686
362,715
362,718
362,773
362,779
362,825
362,827
362,839
362,880
362,900
362,932
362,967
363,414
363,468
363,504
363,512
363,592
363,667
363,696
363,766
363,772
363,775
363,782
363,804
363,839
363,872
363,887
363,931
363,992
364,375
364,383
364,385
364,400
364,438
364,548
364,569
364,580
364,589
364,687
364,776
364,825
364,880
364,931
364,972
365,376
365,382
365,405
365,446
365,449
365,472
365,497
365,498
365,527
365,528
365,538
365,560
365,579
365,600
365,636
365,667
365,677
365,689
365,708
365,727
365,754
365,801
365,814
365,839
365,841
365,858
365,914
365,961
365,968
365,990
365,996
366,407
366,411
366,413
366,445
366,448
366,499
366,530
366,534
366,572
366,589
366,599
366,608
366,668
366,674
366,696
366,757
366,820
366,838
366,843
366,877
366,924
366,969
366,970
366,977
367,383
367,386
367,398
367,408
367,467
367,502
367,516
367,522
367,549
367,555
367,579
367,675
367,678
367,702
367,717
367,742
367,747
367,755
367,791
367,824
367,829
367,830
367,918
367,979
368,370
368,390
368,429
368,430
368,456
368,465
368,514
368,542
368,543
368,573
368,597
368,607
368,620
368,681
368,692
368,729
368,781
368,789
368,803
368,820
368,834
368,846
368,896
368,931
368,957
368,981
369,435
369,530
369,537
369,605
369,692
369,707
369,714
369,785
369,876
369,944
370,373
370,399
370,423
370,434
370,445
370,455
370,491
370,521
370,530
370,541
370,586
370,596
370,597
370,616
370,618
370,628
370,632
370,653
370,655
370,701
370,729
370,751
370,758
370,787
370,793
370,800
370,816
370,873
370,874
370,884
370,896
370,903
370,908
370,915
370,922
370,973
370,989
371,376
371,378
371,390
371,404
371,430
371,434
371,443
371,489
371,538
371,554
371,561
371,606
371,609
371,663
371,687
371,759
371,842
371,881
371,900
371,903
371,911
371,927
371,928
371,946
372,373
372,391
372,393
372,395
372,399
372,419
372,430
372,447
372,508
372,509
372,523
372,558
372,571
372,605
372,632
372,770
372,789
372,842
372,884
372,920
372,922
372,981
372,999
373,399
373,413
373,424
373,429
373,430
373,463
373,469
373,550
373,562
373,568
373,571
373,575
373,592
373,598
373,616
373,618
373,649
373,701
373,734
373,739
373,748
373,789
373,822
373,823
373,853
373,873
373,884
373,896
373,908
373,913
373,920
373,936
373,966
373,985
374,387
374,441
374,518
374,537
374,612
374,662
374,713
374,744
374,785
374,808
374,816
374,828
374,837
374,851
374,876
374,883
374,897
374,972
374,983
375,376
375,410
375,426
375,466
375,484
375,513
375,538
375,570
375,579
375,663
375,673
375,724
375,747
375,750
375,755
375,772
375,773
375,780
375,814
375,848
375,894
375,897
375,914
375,928
375,936
376,377
376,446
376,460
376,491
376,513
376,532
376,555
376,560
376,579
376,586
376,663
376,706
376,727
376,729
376,842
376,891
376,905
376,914
376,917
376,934
376,973
376,990
377,401
377,402
377,503
377,538
377,570
377,617
377,664
377,671
377,708
377,753
377,755
377,796
377,812
377,853
377,917
377,941
377,950
377,984
377,993
378,460
378,501
378,512
378,548
378,592
378,686
378,691
378,747
378,760
378,766
378,775
378,782
378,783
378,790
378,814
378,832
378,864
378,906
378,972
379,419
379,474
379,487
379,535
379,556
379,613
379,645
379,658
379,677
379,678
379,685
379,690
379,710
379,717
379,726
379,770
379,779
379,807
379,813
379,872
379,909
379,918
379,960
379,991
380,396
380,415
380,427
380,468
380,478
380,505
380,520
380,567
380,582
380,644
380,665
380,685
380,715
380,717
380,719
380,737
380,748
380,754
380,782
380,793
380,815
380,839
380,841
380,875
380,917
380,931
380,958
380,961
380,962
380,965
380,971
380,986
380,987
380,992
380,994
381,391
381,392
381,394
381,435
381,447
381,451
381,471
381,476
381,486
381,530
381,543
381,557
381,563
381,595
381,599
381,620
381,686
381,706
381,724
381,752
381,758
381,810
381,816
381,842
381,868
381,878
381,884
381,888
381,908
381,912
381,926
381,944
381,955
381,984
381,985
381,995
381,999
382,399
382,411
382,442
382,457
382,464
382,483
382,492
382,494
382,500
382,502
382,505
382,510
382,516
382,534
382,540
382,552
382,567
382,572
382,607
382,631
382,650
382,674
382,677
382,710
382,721
382,732
382,733
382,735
382,752
382,756
382,779
382,825
382,833
382,838
382,849
382,850
382,856
382,867
382,877
382,882
382,892
382,899
382,914
382,919
382,924
382,933
382,938
382,969
382,975
382,978
383,386
383,389
383,398
383,408
383,419
383,468
383,531
383,534
383,541
383,574
383,613
383,636
383,645
383,651
383,673
383,675
383,691
383,693
383,710
383,711
383,717
383,737
383,742
383,743
383,782
383,807
383,830
383,909
383,921
383,937
383,960
384,404
384,432
384,436
384,446
384,450
384,460
384,511
384,537
384,622
384,636
384,641
384,753
384,755
384,784
384,804
384,824
384,949
384,961
384,968
384,997
385,507
385,570
385,580
385,601
385,636
385,697
385,772
385,790
385,826
385,832
385,898
385,904
385,987
385,992
385,996
386,398
386,414
386,418
386,477
386,500
386,531
386,555
386,591
386,599
386,675
386,690
386,742
386,770
386,829
386,918
386,928
386,960
386,979
386,986
386,992
387,392
387,421
387,475
387,489
387,495
387,518
387,524
387,545
387,565
387,651
387,713
387,744
387,768
387,837
387,851
387,926
387,983
388,469
388,495
388,505
388,561
388,642
388,751
388,808
388,888
388,940
388,973
389,409
389,480
389,508
389,517
389,537
389,538
389,550
389,554
389,584
389,586
389,635
389,699
389,738
389,748
389,764
389,784
389,793
389,810
389,831
389,965
389,976
389,982
389,990
390,413
390,456
390,464
390,505
390,508
390,528
390,534
390,543
390,573
390,607
390,644
390,708
390,729
390,740
390,842
390,912
390,934
390,957
390,989
391,392
391,399
391,416
391,424
391,427
391,442
391,451
391,454
391,460
391,476
391,500
391,530
391,571
391,595
391,598
391,605
391,633
391,661
391,688
391,709
391,713
391,739
391,748
391,760
391,808
391,816
391,822
391,868
391,883
391,884
391,903
391,940
391,958
391,973
391,981
391,985
392,399
392,454
392,469
392,475
392,481
392,489
392,565
392,595
392,605
392,612
392,627
392,655
392,714
392,727
392,744
392,771
392,785
392,803
392,808
392,816
392,837
392,844
392,873
392,876
392,888
392,897
392,940
392,958
392,981
392,983
393,411
393,416
393,424
393,445
393,454
393,461
393,468
393,481
393,507
393,521
393,554
393,563
393,579
393,581
393,584
393,627
393,632
393,654
393,733
393,746
393,750
393,764
393,789
393,846
393,879
393,881
393,883
393,886
393,903
393,927
393,941
393,951
393,955
393,956
393,966
393,974
393,981
394,402
394,420
394,434
394,460
394,465
394,483
394,489
394,500
394,514
394,592
394,597
394,601
394,633
394,643
394,687
394,709
394,719
394,731
394,734
394,746
394,760
394,779
394,789
394,802
394,806
394,814
394,818
394,823
394,832
394,840
394,846
394,866
394,875
394,886
394,893
394,894
394,898
394,902
394,906
394,917
394,934
394,950
394,958
394,978
394,989
395,399
395,424
395,451
395,476
395,530
395,555
395,572
395,634
395,681
395,749
395,751
395,823
395,884
395,888
395,897
395,908
395,929
396,548
396,592
396,596
396,620
396,658
396,661
396,687
396,719
396,806
396,865
396,871
397,421
397,479
397,494
397,502
397,648
397,674
397,677
397,686
397,688
397,778
397,820
397,865
397,871
397,901
398,408
398,430
398,458
398,470
398,477
398,511
398,555
398,569
398,591
398,613
398,636
398,669
398,673
398,684
398,690
398,717
398,742
398,769
398,829
398,918
398,961
398,979
399,409
399,423
399,424
399,451
399,469
399,476
399,486
399,523
399,525
399,561
399,562
399,579
399,595
399,605
399,607
399,618
399,623
399,627
399,658
399,746
399,751
399,764
399,785
399,815
399,832
399,855
399,873
399,884
399,888
399,896
399,908
399,918
399,920
399,947
399,974
399,980
399,981
399,998
399,999
400,411
400,415
400,442
400,458
400,468
400,496
400,498
400,520
400,522
400,580
400,639
400,653
400,659
400,677
400,684
400,715
400,731
400,738
400,747
400,780
400,790
400,826
400,845
400,864
400,887
400,912
400,934
400,961
400,972
400,996
401,421
401,448
401,473
401,479
401,500
401,510
401,521
401,599
401,631
401,650
401,668
401,689
401,699
401,717
401,721
401,733
401,767
401,786
401,797
401,856
401,866
401,869
401,871
401,899
401,903
401,924
401,937
401,942
401,952
401,969
402,426
402,427
402,432
402,436
402,455
402,488
402,498
402,503
402,504
402,530
402,578
402,579
402,585
402,633
402,664
402,671
402,673
402,685
402,708
402,727
402,728
402,802
402,828
402,857
402,881
402,907
402,910
402,920
402,934
402,936
402,941
403,404
403,415
403,427
403,446
403,479
403,570
403,581
403,670
403,798
403,824
403,841
403,907
403,933
403,943
403,953
404,414
404,415
404,443
404,449
404,460
404,515
404,527
404,538
404,570
404,579
404,581
404,586
404,600
404,610
404,616
404,617
404,618
404,637
404,641
404,648
404,663
404,666
404,689
404,700
404,717
404,724
404,728
404,760
404,795
404,865
404,894
404,907
404,943
404,946
404,968
404,997
405,413
405,427
405,472
405,475
405,497
405,506
405,581
405,601
405,716
405,768
405,795
405,814
405,824
405,841
405,847
405,857
405,860
405,949
405,968
405,971
405,976
405,978
405,992
405,995
406,437
406,473
406,493
406,566
406,597
406,598
406,682
406,704
406,720
406,801
406,838
406,843
406,952
407,422
407,457
407,499
407,668
407,705
407,756
407,838
407,879
407,901
407,924
407,947
407,970
407,977
407,998
408,419
408,431
408,434
408,478
408,487
408,500
408,505
408,519
408,531
408,534
408,548
408,596
408,601
408,636
408,659
408,669
408,673
408,675
408,685
408,717
408,726
408,742
408,743
408,782
408,830
408,860
408,905
408,917
408,918
408,960
408,979
409,435
409,441
409,463
409,655
409,657
409,662
409,714
409,720
409,732
409,897
409,926
409,944
409,948
409,993
410,426
410,513
410,557
410,565
410,625
410,641
410,664
410,768
410,777
410,794
410,796
410,821
410,828
410,881
410,916
410,928
410,934
410,992
411,448
411,499
411,523
411,540
411,572
411,641
411,673
411,688
411,699
411,705
411,757
411,758
411,806
411,838
411,862
411,877
411,901
411,922
411,970
411,977
412,434
412,447
412,453
412,598
412,661
412,676
412,683
412,797
412,930
412,963
412,980
413,460
413,501
413,513
413,514
413,532
413,542
413,547
413,573
413,579
413,585
413,588
413,599
413,603
413,633
413,652
413,663
413,671
413,686
413,692
413,713
413,718
413,734
413,747
413,780
413,789
413,832
413,834
413,846
413,860
413,872
413,879
413,891
413,928
413,929
413,934
413,936
413,956
413,978
413,980
413,986
413,989
414,415
414,459
414,513
414,530
414,644
414,740
414,811
414,894
414,928
414,934
414,957
414,990
415,468
415,570
415,575
415,585
415,605
415,669
415,685
415,710
415,736
415,772
415,783
415,794
415,806
415,841
415,880
415,917
416,508
416,509
416,523
416,530
416,550
416,563
416,594
416,612
416,616
416,694
416,707
416,750
416,752
416,777
416,816
416,836
416,850
416,868
416,870
416,883
416,891
416,892
416,896
416,935
416,944
416,956
416,966
416,970
416,999
417,493
417,514
417,522
417,567
417,572
417,595
417,608
417,615
417,623
417,656
417,657
417,659
417,680
417,701
417,721
417,730
417,757
417,797
417,801
417,805
417,809
417,838
417,862
417,919
417,930
417,935
417,975
418,459
418,467
418,516
418,541
418,574
418,576
418,601
418,613
418,629
418,646
418,648
418,658
418,677
418,697
418,698
418,707
418,718
418,773
418,774
418,791
418,825
418,856
418,858
418,880
418,923
418,933
418,945
418,967
419,467
419,487
419,531
419,541
419,575
419,613
419,673
419,687
419,702
419,704
419,717
419,726
419,737
419,743
419,770
419,806
419,824
419,830
419,849
419,946
419,960
419,986
420,459
420,573
420,582
420,594
420,621
420,629
420,733
420,735
420,772
420,773
420,776
420,825
420,838
420,856
420,861
420,865
420,871
420,888
420,889
420,893
420,905
420,906
420,923
420,937
420,972
420,998
421,439
421,459
421,461
421,465
421,473
421,479
421,492
421,502
421,505
421,544
421,567
421,596
421,621
421,645
421,686
421,710
421,711
421,716
421,733
421,737
421,779
421,807
421,814
421,817
421,839
421,840
421,882
421,918
421,941
421,967
422,443
422,448
422,457
422,604
422,611
422,615
422,668
422,674
422,733
422,756
422,763
422,792
422,801
422,833
422,867
422,877
422,889
422,901
422,950
422,969
423,430
423,437
423,451
423,518
423,530
423,545
423,562
423,598
423,605
423,607
423,618
423,630
423,635
423,654
423,740
423,748
423,751
423,754
423,771
423,789
423,823
423,827
423,834
423,847
423,855
423,873
423,912
423,920
423,922
423,942
423,945
423,958
424,469
424,476
424,486
424,533
424,571
424,573
424,599
424,708
424,784
424,888
424,944
424,965
424,973
425,449
425,560
425,564
425,591
425,663
425,700
425,710
425,727
425,740
425,777
425,806
425,811
425,941
425,943
425,951
425,995
425,997
426,440
426,460
426,491
426,513
426,579
426,597
426,663
426,684
426,697
426,708
426,740
426,755
426,796
426,828
426,867
426,872
426,891
426,894
426,912
426,949
427,464
427,468
427,512
427,515
427,548
427,581
427,673
427,689
427,704
427,768
427,799
427,813
427,824
427,865
427,891
427,895
427,943
427,946
427,949
427,955
427,971
427,992
427,997
428,448
428,492
428,629
428,668
428,674
428,710
428,721
428,737
428,756
428,758
428,778
428,792
428,805
428,820
428,832
428,835
428,881
428,925
428,942
428,944
428,977
429,485
429,510
429,526
429,532
429,543
429,554
429,580
429,597
429,599
429,625
429,632
429,649
429,650
429,687
429,712
429,746
429,789
429,823
429,846
429,853
429,863
429,870
429,875
429,890
429,893
429,935
429,957
430,431
430,456
430,465
430,473
430,478
430,501
430,513
430,523
430,539
430,542
430,543
430,569
430,582
430,585
430,595
430,599
430,607
430,620
430,628
430,632
430,633
430,653
430,667
430,692
430,793
430,828
430,834
430,846
430,852
430,893
430,922
430,936
430,966
430,972
430,978
430,981
430,999
431,453
431,522
431,545
431,607
431,635
431,661
431,680
431,683
431,709
431,715
431,751
431,761
431,800
431,869
431,910
431,922
431,927
431,945
431,963
431,984
432,436
432,538
432,546
432,550
432,564
432,565
432,578
432,590
432,617
432,637
432,664
432,670
432,727
432,740
432,755
432,796
432,802
432,859
432,934
432,941
432,949
432,964
432,976
432,995
432,997
433,460
433,532
433,560
433,570
433,578
433,600
433,606
433,617
433,644
433,664
433,700
433,728
433,740
433,764
433,842
433,891
433,914
433,932
433,934
433,941
434,439
434,442
434,452
434,462
434,466
434,474
434,500
434,526
434,529
434,534
434,545
434,551
434,552
434,558
434,562
434,597
434,608
434,611
434,615
434,618
434,633
434,634
434,657
434,661
434,668
434,676
434,680
434,682
434,683
434,763
434,771
434,792
434,801
434,809
434,813
434,843
434,874
434,883
434,884
434,913
434,930
434,942
434,945
434,963
434,980
435,463
435,473
435,518
435,528
435,530
435,539
435,542
435,578
435,588
435,595
435,607
435,623
435,644
435,655
435,665
435,704
435,759
435,797
435,808
435,815
435,870
435,897
435,899
435,944
436,481
436,564
436,578
436,585
436,590
436,740
436,819
436,845
436,846
436,881
436,914
436,949
436,976
436,997
437,500
437,524
437,526
437,533
437,598
437,620
437,634
437,683
437,699
437,739
437,801
437,810
437,843
437,927
437,929
437,973
438,459
438,479
438,494
438,499
438,502
438,510
438,521
438,552
438,582
438,611
438,621
438,629
438,648
438,650
438,677
438,685
438,732
438,733
438,735
438,778
438,782
438,797
438,803
438,862
438,863
438,871
438,877
438,899
438,905
438,907
438,924
438,947
438,948
438,969
438,998
439,459
439,470
439,473
439,500
439,505
439,510
439,545
439,552
439,582
439,611
439,631
439,643
439,644
439,677
439,756
439,763
439,786
439,787
439,792
439,797
439,820
439,840
439,874
439,899
439,930
439,932
439,935
439,942
439,969
439,971
440,466
440,506
440,546
440,569
440,575
440,583
440,592
440,613
440,639
440,658
440,660
440,723
440,781
440,782
440,783
440,806
440,807
440,818
440,832
440,880
440,921
441,445
441,463
441,468
441,475
441,495
441,518
441,530
441,565
441,588
441,598
441,671
441,684
441,692
441,714
441,785
441,810
441,829
441,851
441,920
441,935
441,952
441,955
442,493
442,494
442,499
442,529
442,698
442,699
442,730
442,746
442,792
442,800
442,809
442,810
442,815
442,835
442,847
442,863
442,919
442,991
443,462
443,529
443,545
443,604
443,635
443,699
443,774
443,791
443,808
443,809
443,820
443,833
443,835
443,845
443,847
443,850
443,889
443,893
443,913
443,939
443,991
444,538
444,560
444,564
444,622
444,664
444,700
444,727
444,728
444,740
444,750
444,800
444,891
444,896
444,914
444,934
444,957
444,993
444,995
445,455
445,463
445,469
445,549
445,558
445,561
445,595
445,598
445,611
445,657
445,688
445,729
445,741
445,771
445,787
445,800
445,815
445,818
445,922
445,945
445,985
445,988
446,515
446,560
446,602
446,610
446,666
446,670
446,733
446,845
446,866
446,921
446,953
447,486
447,518
447,609
447,657
447,752
447,803
447,876
447,941
447,944
447,999
448,492
448,499
448,540
448,549
448,596
448,674
448,688
448,756
448,757
448,758
448,805
448,838
448,840
448,877
448,901
448,903
448,913
448,930
448,938
448,947
448,963
448,975
448,977
448,988
449,472
449,484
449,647
449,689
449,700
449,745
449,798
449,804
449,805
449,845
449,856
449,881
449,887
449,891
449,914
449,932
449,968
449,995
450,521
450,564
450,570
450,578
450,599
450,601
450,617
450,622
450,637
450,666
450,671
450,684
450,695
450,727
450,736
450,755
450,768
450,819
450,839
450,842
450,869
450,882
450,894
450,899
450,911
450,949
450,960
450,961
450,965
450,971
450,997
451,469
451,476
451,524
451,595
451,615
451,618
451,649
451,720
451,751
451,822
451,884
451,896
451,908
451,988
452,499
452,525
452,529
452,549
452,562
452,608
452,610
452,730
452,751
452,843
452,906
452,915
452,930
453,477
453,558
453,562
453,567
453,621
453,623
453,634
453,676
453,683
453,751
453,768
453,896
453,951
453,963
453,980
454,475
454,480
454,481
454,485
454,491
454,517
454,518
454,540
454,554
454,586
454,627
454,641
454,652
454,706
454,747
454,750
454,802
454,810
454,816
454,831
454,837
454,844
454,878
454,883
454,884
454,888
454,923
454,944
454,965
454,982
454,983
455,499
455,526
455,528
455,530
455,566
455,568
455,626
455,649
455,681
455,705
455,739
455,751
455,752
455,847
455,908
456,508
456,543
456,602
456,607
456,632
456,660
456,681
456,703
456,776
456,846
456,920
456,964
457,459
457,477
457,492
457,604
457,705
457,751
457,843
457,863
457,867
457,877
457,901
457,919
457,942
457,947
457,955
457,973
458,472
458,496
458,498
458,507
458,574
458,583
458,613
458,622
458,737
458,738
458,852
458,860
458,907
458,972
459,479
459,494
459,502
459,521
459,534
459,539
459,541
459,597
459,621
459,648
459,651
459,653
459,678
459,711
459,716
459,769
459,824
459,840
459,842
459,921
459,924
459,938
460,532
460,538
460,592
460,602
460,617
460,664
460,689
460,695
460,728
460,740
460,755
460,772
460,782
460,784
460,798
460,799
460,825
460,881
460,887
460,934
460,995
461,523
461,554
461,563
461,571
461,577
461,584
461,585
461,599
461,609
461,618
461,641
461,642
461,654
461,657
461,738
461,746
461,750
461,780
461,853
461,881
461,884
461,951
461,955
461,966
461,974
461,981
461,984
461,989
462,466
462,467
462,519
462,521
462,526
462,529
462,616
462,620
462,660
462,699
462,721
462,733
462,820
462,835
462,874
462,903
462,930
463,476
463,489
463,495
463,524
463,539
463,549
463,561
463,571
463,573
463,662
463,720
463,748
463,764
463,837
463,863
463,873
463,897
463,900
463,916
463,985
464,508
464,523
464,537
464,542
464,543
464,554
464,585
464,598
464,599
464,621
464,632
464,652
464,690
464,712
464,777
464,780
464,853
464,890
464,894
464,903
464,912
464,928
464,956
464,978
464,984
465,542
465,543
465,597
465,599
465,602
465,620
465,631
465,633
465,680
465,681
465,688
465,703
465,709
465,719
465,729
465,769
465,780
465,783
465,804
465,806
465,816
465,817
465,820
465,834
465,865
465,874
465,875
465,893
465,899
465,921
465,978
466,479
466,512
466,569
466,575
466,629
466,698
466,710
466,716
466,718
466,773
466,781
466,791
466,813
466,825
466,854
466,856
466,864
466,885
466,956
466,957
466,972
467,535
467,542
467,544
467,555
467,574
467,596
467,613
467,622
467,632
467,673
467,675
467,678
467,686
467,695
467,718
467,726
467,737
467,770
467,782
467,791
467,807
467,827
467,829
467,830
467,839
467,852
467,854
467,904
467,905
467,909
467,918
467,960
467,961
467,963
467,967
467,972
467,979
467,986
468,472
468,478
468,496
468,498
468,505
468,555
468,573
468,574
468,581
468,583
468,592
468,599
468,629
468,636
468,669
468,715
468,717
468,731
468,736
468,737
468,841
468,852
468,857
468,917
468,961
468,967
468,972
469,524
469,533
469,550
469,561
469,568
469,607
469,615
469,634
469,649
469,657
469,674
469,720
469,751
469,815
469,888
469,908
469,914
469,920
469,933
469,944
469,966
469,985
469,991
469,999
470,473
470,525
470,529
470,551
470,558
470,562
470,635
470,671
470,676
470,680
470,758
470,781
470,865
470,930
470,969
471,528
471,533
471,552
471,594
471,611
471,616
471,638
471,646
471,732
471,762
471,800
471,814
471,833
471,834
471,861
471,875
471,893
471,908
471,910
471,922
471,928
471,937
471,964
472,478
472,496
472,498
472,520
472,549
472,569
472,574
472,592
472,636
472,651
472,686
472,736
472,738
472,787
472,793
472,795
472,824
472,826
472,839
472,841
472,852
472,860
472,917
472,943
472,946
472,961
472,992
473,479
473,500
473,510
473,516
473,526
473,553
473,567
473,594
473,611
473,630
473,639
473,640
473,650
473,651
473,672
473,680
473,698
473,751
473,763
473,773
473,792
473,797
473,820
473,825
473,828
473,833
473,838
473,863
473,867
473,874
473,875
473,889
473,899
473,902
473,905
473,910
473,932
473,934
473,937
473,938
473,942
473,958
473,969
473,973
474,498
474,535
474,541
474,548
474,550
474,569
474,613
474,636
474,652
474,669
474,673
474,684
474,685
474,697
474,717
474,737
474,738
474,742
474,743
474,754
474,782
474,830
474,860
474,861
474,906
474,909
474,928
474,986
475,479
475,481
475,518
475,530
475,550
475,605
475,618
475,627
475,652
475,657
475,713
475,714
475,739
475,751
475,771
475,822
475,837
475,844
475,847
475,888
475,927
475,963
475,965
475,983
476,571
476,595
476,599
476,615
476,641
476,652
476,739
476,751
476,787
476,803
476,804
476,833
476,873
476,884
476,896
476,908
476,944
476,965
476,978
476,985
477,535
477,538
477,539
477,556
477,591
477,611
477,613
477,675
477,690
477,693
477,717
477,719
477,726
477,742
477,807
477,829
477,840
477,874
477,924
477,960
477,978
477,979
478,507
478,511
478,512
478,515
478,560
478,581
478,583
478,593
478,679
478,684
478,702
478,738
478,746
478,782
478,824
478,860
478,872
478,961
479,492
479,494
479,502
479,506
479,535
479,549
479,553
479,567
479,592
479,597
479,612
479,628
479,648
479,651
479,677
479,716
479,717
479,718
479,732
479,733
479,742
479,753
479,763
479,840
479,849
479,874
479,905
479,971
479,991
480,512
480,522
480,537
480,545
480,570
480,586
480,617
480,641
480,642
480,714
480,749
480,771
480,883
480,982
481,489
481,529
481,536
481,537
481,542
481,550
481,571
481,586
481,609
481,627
481,641
481,677
481,724
481,736
481,740
481,750
481,836
481,891
481,926
481,936
481,965
481,982
481,983
481,993
482,585
482,617
482,644
482,656
482,667
482,671
482,691
482,692
482,731
482,783
482,790
482,807
482,839
482,842
482,869
482,891
482,894
482,931
482,950
482,989
483,517
483,534
483,539
483,551
483,561
483,615
483,630
483,634
483,711
483,815
483,862
483,964
484,488
484,513
484,515
484,536
484,557
484,571
484,593
484,614
484,622
484,654
484,760
484,764
484,768
484,819
484,916
484,941
484,993
484,997
485,491
485,523
485,537
485,586
485,625
485,641
485,673
485,706
485,724
485,749
485,750
485,764
485,836
485,868
485,875
485,881
485,883
485,886
485,934
485,965
485,984
485,985
486,543
486,551
486,562
486,571
486,605
486,607
486,609
486,649
486,652
486,797
486,822
486,823
486,853
486,920
486,927
486,944
486,999
487,556
487,613
487,673
487,690
487,743
487,770
487,786
487,817
487,830
487,882
487,968
487,972
488,557
488,617
488,620
488,624
488,708
488,712
488,739
488,764
488,777
488,816
488,828
488,879
488,971
489,495
489,518
489,549
489,565
489,588
489,612
489,627
489,644
489,655
489,713
489,770
489,771
489,780
489,785
489,789
489,810
489,816
489,831
489,844
489,851
489,926
489,958
489,983
490,519
490,544
490,596
490,629
490,636
490,651
490,716
490,770
490,779
490,861
490,963
491,505
491,523
491,583
491,652
491,670
491,724
491,726
491,749
491,750
491,764
491,784
491,810
491,812
491,828
491,831
491,881
491,915
491,920
491,965
491,974
491,982
491,993
492,604
492,668
492,688
492,696
492,705
492,756
492,758
492,797
492,805
492,806
492,836
492,867
492,871
492,877
492,903
492,929
492,947
492,972
492,998
493,502
493,510
493,562
493,608
493,672
493,676
493,722
493,730
493,771
493,786
493,791
493,792
493,809
493,901
493,915
493,922
493,924
493,930
493,933
493,963
493,975
493,977
493,991
494,502
494,505
494,510
494,553
494,555
494,567
494,580
494,596
494,629
494,651
494,672
494,677
494,688
494,711
494,716
494,721
494,733
494,735
494,739
494,748
494,778
494,779
494,840
494,847
494,867
494,869
494,877
494,902
494,913
494,924
494,939
494,952
494,958
495,565
495,588
495,609
495,612
495,713
495,771
495,806
495,899
495,926
495,927
495,950
495,981
496,520
496,583
496,601
496,691
496,736
496,737
496,738
496,819
496,852
496,857
496,864
496,885
496,933
496,959
497,511
497,647
497,695
497,715
497,754
497,783
497,798
497,841
497,842
497,904
497,907
497,968
497,971
498,507
498,541
498,548
498,561
498,569
498,685
498,737
498,743
498,770
498,781
498,839
498,904
498,909
498,986
499,526
499,540
499,545
499,572
499,594
499,650
499,672
499,677
499,688
499,737
499,757
499,758
499,838
499,881
499,903
499,947
499,954
499,970
499,977
499,998
500,510
500,516
500,521
500,522
500,534
500,582
500,597
500,621
500,631
500,635
500,646
500,677
500,682
500,687
500,733
500,740
500,772
500,791
500,792
500,797
500,800
500,902
500,917
500,919
500,924
500,942
500,948
500,958
501,542
501,583
501,599
501,632
501,660
501,678
501,681
501,692
501,760
501,774
501,793
501,834
501,846
501,891
501,929
501,942
501,966
501,989
502,505
502,567
502,648
502,656
502,668
502,677
502,711
502,732
502,736
502,763
502,840
502,842
502,849
502,871
502,874
502,875
502,906
502,924
502,939
503,520
503,527
503,560
503,727
503,759
503,802
503,848
503,976
504,509
504,606
504,629
504,664
504,724
504,747
504,750
504,752
504,764
504,777
504,821
504,828
504,842
504,845
504,879
504,927
505,510
505,520
505,521
505,540
505,567
505,596
505,621
505,710
505,711
505,716
505,733
505,774
505,778
505,791
505,800
505,811
505,813
505,817
505,820
505,840
505,856
505,861
505,915
505,923
505,963
505,992
506,510
506,516
506,532
506,576
506,592
506,643
506,658
506,774
506,776
506,781
506,790
506,858
506,891
506,893
506,907
506,932
506,972
507,512
507,555
507,574
507,580
507,583
507,597
507,635
507,636
507,669
507,674
507,684
507,685
507,717
507,726
507,737
507,738
507,739
507,743
507,824
507,885
507,909
507,967
507,986
508,525
508,532
508,542
508,543
508,554
508,571
508,598
508,603
508,607
508,649
508,673
508,681
508,746
508,764
508,777
508,780
508,789
508,832
508,853
508,878
508,890
508,912
508,928
508,990
508,993
509,517
509,523
509,540
509,542
509,571
509,587
509,609
509,654
509,672
509,789
509,792
509,853
509,868
509,870
509,935
509,966
510,516
510,519
510,541
510,552
510,559
510,571
510,611
510,646
510,648
510,650
510,721
510,733
510,741
510,776
510,805
510,820
510,889
510,899
510,905
510,924
510,925
510,932
510,937
510,942
510,969
511,520
511,521
511,532
511,538
511,579
511,581
511,593
511,599
511,600
511,647
511,689
511,754
511,768
511,804
511,839
511,887
511,891
511,904
511,928
511,953
511,955
511,960
511,971
511,990
512,516
512,576
512,591
512,596
512,658
512,659
512,673
512,674
512,697
512,698
512,711
512,719
512,743
512,763
512,779
512,781
512,782
512,794
512,827
512,858
512,861
512,882
512,895
512,930
512,932
512,942
512,967
513,528
513,532
513,546
513,563
513,708
513,764
513,777
513,796
513,879
513,941
513,955
513,958
513,967
513,971
513,974
513,990
513,995
514,573
514,584
514,585
514,602
514,611
514,618
514,620
514,633
514,653
514,665
514,692
514,694
514,719
514,740
514,764
514,782
514,793
514,834
514,891
514,898
514,906
514,912
514,936
514,964
514,968
514,978
514,989
515,522
515,556
515,606
515,610
515,617
515,619
515,622
515,631
515,637
515,651
515,666
515,670
515,689
515,692
515,695
515,724
515,740
515,842
515,855
515,894
515,907
515,921
515,927
515,943
515,946
515,949
515,953
516,535
516,574
516,575
516,576
516,589
516,591
516,596
516,613
516,614
516,621
516,629
516,631
516,651
516,658
516,684
516,686
516,698
516,718
516,723
516,733
516,735
516,781
516,782
516,791
516,807
516,818
516,825
516,858
516,861
516,866
516,880
516,882
516,906
516,918
516,923
516,936
516,942
516,946
516,958
516,967
517,537
517,543
517,563
517,571
517,585
517,586
517,609
517,630
517,632
517,642
517,698
517,706
517,712
517,724
517,752
517,771
517,803
517,810
517,816
517,820
517,836
517,868
517,929
517,944
517,951
517,955
517,965
517,966
517,974
518,565
518,582
518,655
518,707
518,713
518,816
518,833
518,837
518,851
518,880
518,926
518,999
519,544
519,549
519,596
519,599
519,621
519,651
519,678
519,710
519,711
519,774
519,779
519,807
519,813
519,852
519,853
519,881
519,882
519,918
520,583
520,718
520,736
520,737
520,777
520,790
520,832
520,872
520,902
520,917
520,959
520,994
521,567
521,582
521,621
521,634
521,658
521,677
521,730
521,741
521,763
521,781
521,787
521,805
521,820
521,835
521,871
521,882
521,886
521,905
521,924
521,937
521,942
521,969
521,977
522,576
522,592
522,596
522,631
522,646
522,658
522,659
522,692
522,701
522,703
522,782
522,789
522,806
522,816
522,818
522,827
522,891
522,948
522,987
523,544
523,563
523,571
523,577
523,584
523,625
523,632
523,654
523,706
523,719
523,746
523,751
523,759
523,789
523,853
523,920
523,951
523,966
523,974
523,981
524,526
524,539
524,561
524,615
524,657
524,670
524,683
524,732
524,751
524,805
524,868
524,888
524,896
524,908
524,948
524,985
524,999
525,618
525,748
525,769
525,782
525,800
525,833
525,874
525,896
525,922
525,973
526,551
526,566
526,598
526,618
526,661
526,680
526,683
526,739
526,751
526,801
526,896
526,942
526,954
526,973
526,983
527,542
527,607
527,647
527,651
527,689
527,695
527,715
527,728
527,754
527,798
527,848
527,887
527,895
527,921
527,936
527,968
527,995
528,543
528,548
528,573
528,579
528,581
528,593
528,602
528,603
528,606
528,620
528,628
528,679
528,680
528,691
528,734
528,745
528,780
528,842
528,846
528,891
528,902
528,917
528,920
528,928
528,969
528,990
528,999
529,539
529,683
529,730
529,763
529,767
529,809
529,835
529,847
529,884
529,899
529,925
529,930
529,969
530,534
530,571
530,584
530,588
530,595
530,606
530,627
530,662
530,692
530,720
530,752
530,771
530,789
530,797
530,820
530,822
530,844
530,886
530,888
530,925
530,928
530,935
530,940
530,944
530,966
530,978
531,596
531,613
531,628
531,702
531,717
531,743
531,830
531,876
531,899
531,937
531,972
531,985
531,986
532,578
532,593
532,603
532,651
532,653
532,664
532,719
532,737
532,740
532,753
532,755
532,779
532,811
532,824
532,839
532,842
532,852
532,879
532,891
532,894
532,928
532,934
532,942
532,946
533,595
533,751
533,838
533,873
533,888
533,891
533,908
533,936
533,972
533,974
533,999
534,549
534,551
534,558
534,562
534,598
534,615
534,630
534,654
534,676
534,682
534,696
534,699
534,722
534,732
534,758
534,801
534,809
534,847
534,863
534,884
534,898
534,903
534,942
534,952
534,960
534,963
534,980
534,985
534,991
535,556
535,596
535,613
535,645
535,675
535,717
535,742
535,770
535,799
535,807
535,817
535,905
535,960
536,543
536,614
536,671
536,764
536,810
536,826
536,993
537,550
537,571
537,581
537,586
537,587
537,641
537,642
537,654
537,706
537,712
537,752
537,801
537,810
537,836
537,982
537,993
538,560
538,569
538,574
538,579
538,606
538,608
538,617
538,628
538,637
538,644
538,647
538,653
538,658
538,670
538,689
538,715
538,724
538,728
538,740
538,795
538,806
538,811
538,820
538,860
538,879
538,887
538,891
538,894
538,904
538,914
538,931
538,968
538,972
538,976
538,989
538,995
539,615
539,720
539,808
539,833
539,868
539,897
539,935
539,973
540,572
540,574
540,586
540,604
540,607
540,608
540,650
540,668
540,688
540,705
540,720
540,722
540,733
540,751
540,797
540,820
540,838
540,858
540,862
540,901
540,906
540,919
540,954
540,970
540,977
540,998
541,569
541,574
541,575
541,583
541,613
541,636
541,645
541,653
541,669
541,673
541,685
541,693
541,716
541,735
541,770
541,817
541,830
541,854
541,856
541,860
541,885
541,909
541,918
541,960
541,967
541,986
542,543
542,547
542,586
542,588
542,595
542,599
542,602
542,607
542,614
542,652
542,654
542,671
542,681
542,692
542,719
542,729
542,734
542,737
542,837
542,886
542,890
542,912
542,927
542,936
542,981
542,989
543,575
543,584
543,599
543,602
543,603
543,606
543,632
543,633
543,639
543,654
543,694
543,729
543,759
543,765
543,789
543,796
543,834
543,846
543,870
543,873
543,881
543,890
543,894
543,912
543,929
543,957
544,579
544,594
544,596
544,621
544,629
544,651
544,677
544,702
544,710
544,716
544,737
544,774
544,779
544,791
544,872
544,877
544,880
544,882
544,900
544,923
544,939
545,588
545,596
545,597
545,635
545,683
545,699
545,720
545,761
545,776
545,800
545,838
545,910
545,922
545,937
545,939
545,970
545,974
545,977
546,564
546,570
546,578
546,580
546,590
546,619
546,753
546,845
546,943
546,949
547,559
547,593
547,638
547,644
547,691
547,713
547,766
547,811
547,842
547,848
547,865
547,992
547,994
548,569
548,580
548,589
548,597
548,624
548,631
548,639
548,665
548,697
548,782
548,789
548,792
548,796
548,806
548,864
548,880
548,885
548,886
548,932
548,948
548,962
548,972
549,556
549,558
549,562
549,566
549,567
549,594
549,605
549,608
549,611
549,634
549,661
549,668
549,672
549,676
549,682
549,696
549,722
549,729
549,756
549,758
549,761
549,797
549,801
549,820
549,843
549,863
549,874
549,888
549,896
549,903
549,921
549,930
549,933
549,935
549,942
549,947
549,952
549,991
549,999
550,557
550,586
550,595
550,641
550,642
550,724
550,738
550,750
550,780
550,803
550,810
550,818
550,868
550,918
550,982
550,983
550,985
551,562
551,566
551,615
551,618
551,623
551,627
551,631
551,634
551,635
551,676
551,680
551,683
551,694
551,699
551,723
551,730
551,739
551,751
551,762
551,833
551,843
551,847
551,872
551,903
551,963
551,999
552,553
552,614
552,638
552,646
552,650
552,674
552,703
552,741
552,774
552,776
552,778
552,792
552,797
552,814
552,850
552,899
552,938
552,939
552,969
553,567
553,640
553,741
553,778
553,797
553,820
553,913
553,925
553,969
554,577
554,625
554,654
554,708
554,734
554,796
554,853
554,881
554,912
554,974
554,990
555,559
555,675
555,686
555,702
555,715
555,717
555,719
555,737
555,742
555,807
555,830
555,874
555,944
555,960
555,979
556,629
556,645
556,675
556,690
556,698
556,726
556,770
556,779
556,781
556,807
556,829
556,856
556,871
556,882
556,918
556,923
556,960
557,579
557,581
557,585
557,614
557,624
557,671
557,749
557,750
557,755
557,768
557,799
557,881
557,917
557,943
557,951
557,993
558,562
558,607
558,621
558,630
558,634
558,676
558,680
558,704
558,739
558,758
558,792
558,801
558,843
558,858
558,903
558,925
558,947
558,952
558,963
558,969
558,991
558,998
559,605
559,618
559,649
559,701
559,748
559,755
559,787
559,800
559,884
559,920
559,964
560,570
560,578
560,606
560,617
560,670
560,728
560,740
560,779
560,798
560,828
560,852
560,891
560,907
560,914
560,931
560,941
560,976
560,995
561,605
561,608
561,649
561,657
561,704
561,720
561,746
561,748
561,757
561,815
561,863
561,888
561,899
561,908
561,975
561,985
561,999
562,569
562,608
562,635
562,668
562,676
562,683
562,722
562,730
562,735
562,761
562,763
562,791
562,792
562,800
562,801
562,877
562,898
562,944
562,952
563,584
563,587
563,599
563,609
563,635
563,641
563,712
563,720
563,750
563,755
563,804
563,839
563,853
563,868
563,912
563,955
563,980
564,570
564,578
564,590
564,666
564,670
564,689
564,708
564,753
564,772
564,832
564,845
564,855
564,896
564,907
564,921
564,927
564,928
564,949
564,953
564,976
564,990
564,997
565,612
565,627
565,655
565,708
565,713
565,785
565,837
565,844
565,876
565,926
565,930
565,940
565,966
565,983
566,569
566,598
566,604
566,615
566,630
566,682
566,704
566,739
566,761
566,815
566,819
566,820
566,840
566,870
566,897
566,899
566,976
566,985
566,988
567,615
567,621
567,629
567,646
567,651
567,656
567,668
567,710
567,711
567,716
567,718
567,733
567,774
567,783
567,813
567,817
567,840
567,861
567,871
567,875
567,893
567,972
567,991
568,719
568,751
568,833
568,914
568,999
569,580
569,589
569,613
569,621
569,629
569,635
569,639
569,644
569,658
569,673
569,675
569,684
569,685
569,691
569,697
569,699
569,760
569,764
569,770
569,782
569,793
569,829
569,832
569,839
569,841
569,847
569,872
569,875
569,923
569,936
569,948
569,967
569,972
569,976
569,992
569,996
570,571
570,583
570,622
570,637
570,664
570,670
570,700
570,728
570,742
570,753
570,855
570,914
570,934
570,949
570,961
570,976
570,997
571,599
571,606
571,625
571,632
571,644
571,654
571,729
571,730
571,746
571,755
571,771
571,816
571,844
571,868
571,870
571,873
571,896
571,897
571,926
571,944
571,966
571,974
571,981
572,668
572,838
572,862
572,954
572,970
572,975
572,977
572,998
573,576
573,585
573,594
573,598
573,607
573,620
573,665
573,673
573,729
573,734
573,759
573,762
573,780
573,781
573,799
573,811
573,824
573,828
573,833
573,842
573,854
573,895
573,898
573,957
573,965
573,981
573,989
574,613
574,636
574,645
574,652
574,658
574,675
574,685
574,693
574,694
574,713
574,724
574,737
574,743
574,748
574,754
574,760
574,763
574,766
574,772
574,778
574,813
574,827
574,842
574,854
574,880
574,882
574,909
574,913
574,928
574,960
574,967
574,986
575,580
575,585
575,606
575,633
575,659
575,685
575,686
575,694
575,697
575,706
575,709
575,723
575,791
575,813
575,825
575,841
575,854
575,856
575,858
575,880
575,895
575,953
575,967
576,632
576,658
576,687
576,723
576,773
576,781
576,782
576,791
576,806
576,858
576,885
576,906
576,948
576,970
577,584
577,625
577,654
577,746
577,812
577,853
577,858
577,879
577,890
577,951
577,966
577,974
578,606
578,622
578,666
578,727
578,729
578,740
578,750
578,753
578,768
578,791
578,802
578,828
578,949
578,976
578,997
579,595
579,599
579,601
579,606
579,628
579,644
579,647
579,653
579,681
579,687
579,725
579,729
579,734
579,754
579,760
579,766
579,780
579,795
579,799
579,819
579,839
579,848
579,852
579,864
579,868
579,872
579,886
579,887
579,904
579,928
579,943
579,949
579,968
579,991
579,995
580,589
580,597
580,636
580,653
580,654
580,659
580,736
580,754
580,772
580,790
580,826
580,827
580,841
580,917
580,920
580,931
580,960
580,972
580,991
581,583
581,601
581,652
581,700
581,728
581,738
581,751
581,795
581,799
581,813
581,824
581,839
581,853
581,857
581,860
581,907
581,911
581,934
581,961
581,968
581,971
581,976
581,986
581,987
582,594
582,597
582,621
582,629
582,631
582,637
582,646
582,651
582,698
582,763
582,770
582,773
582,783
582,814
582,863
582,874
582,923
582,924
582,942
582,965
582,998
583,647
583,684
583,738
583,754
583,798
583,799
583,806
583,824
583,839
583,852
583,860
583,885
583,887
583,895
583,959
583,961
584,599
584,607
584,625
584,654
584,706
584,712
584,746
584,751
584,784
584,803
584,839
584,853
584,878
584,955
584,956
584,966
584,974
584,981
584,984
585,593
585,602
585,606
585,632
585,633
585,635
585,665
585,667
585,692
585,711
585,718
585,763
585,780
585,792
585,793
585,804
585,842
585,870
585,885
585,891
585,914
585,936
585,938
585,957
585,971
585,977
585,978
585,990
586,595
586,598
586,599
586,607
586,614
586,617
586,625
586,654
586,724
586,736
586,836
586,837
586,871
586,878
586,879
586,883
586,894
586,897
586,908
586,934
586,955
586,956
586,965
586,975
587,628
587,642
587,708
587,712
587,715
587,747
587,750
587,853
587,883
587,956
587,984
588,612
588,633
588,655
588,830
588,837
588,926
588,983
589,628
589,636
589,667
589,674
589,698
589,726
589,741
589,758
589,763
589,790
589,793
589,804
589,839
589,869
589,872
589,880
589,887
589,906
589,961
589,970
589,972
590,692
590,753
590,949
590,953
591,629
591,675
591,690
591,716
591,726
591,742
591,779
591,787
591,791
591,829
591,918
591,979
592,607
592,635
592,639
592,667
592,686
592,687
592,697
592,719
592,725
592,747
592,750
592,781
592,804
592,806
592,807
592,818
592,827
592,854
592,877
592,885
592,886
592,907
592,948
592,957
593,606
593,628
593,644
593,653
593,691
593,764
593,783
593,792
593,832
593,840
593,894
593,920
593,945
593,950
594,597
594,601
594,611
594,635
594,636
594,638
594,661
594,677
594,699
594,701
594,730
594,786
594,792
594,805
594,807
594,863
594,869
594,871
594,874
594,888
594,922
594,925
594,941
594,945
595,609
595,618
595,622
595,720
595,724
595,746
595,747
595,751
595,752
595,760
595,771
595,788
595,800
595,812
595,887
595,888
595,896
595,926
595,944
595,955
595,979
595,981
595,985
596,621
596,629
596,658
596,678
596,680
596,691
596,692
596,693
596,710
596,726
596,733
596,743
596,779
596,788
596,791
596,807
596,813
596,817
596,826
596,840
596,858
596,880
596,882
596,959
596,960
596,963
597,606
597,607
597,620
597,622
597,638
597,687
597,691
597,698
597,703
597,709
597,719
597,725
597,755
597,763
597,767
597,788
597,800
597,806
597,809
597,818
597,832
597,838
597,856
597,869
597,874
597,875
597,886
597,893
597,902
597,903
597,906
597,909
597,910
597,949
597,958
597,964
598,600
598,611
598,624
598,630
598,647
598,650
598,657
598,668
598,676
598,739
598,746
598,748
598,757
598,801
598,815
598,828
598,838
598,843
598,874
598,881
598,908
598,919
598,920
598,938
598,955
598,958
598,975
598,980
598,981
598,985
598,988
599,607
599,615
599,652
599,672
599,683
599,692
599,699
599,712
599,714
599,729
599,746
599,755
599,769
599,787
599,811
599,870
599,894
599,904
599,912
599,927
599,963
599,966
599,972
599,981
600,689
600,695
600,798
600,848
600,887
600,949
601,610
601,681
601,684
601,695
601,738
601,754
601,807
601,811
601,824
601,839
601,857
601,860
601,887
601,926
601,928
601,946
601,953
601,961
601,968
601,971
601,984
602,605
602,632
602,639
602,653
602,703
602,745
602,780
602,782
602,842
602,870
602,879
602,912
602,936
602,957
602,989
603,614
603,633
603,652
603,665
603,796
603,811
603,814
603,821
603,828
603,879
603,881
603,894
603,896
603,967
604,629
604,705
604,730
604,758
604,838
604,901
604,905
604,913
604,915
604,998
605,609
605,643
605,660
605,789
605,816
605,822
605,823
605,826
605,831
605,870
605,884
605,908
605,918
605,920
605,926
605,935
605,944
605,957
606,628
606,644
606,653
606,663
606,666
606,691
606,728
606,747
606,752
606,782
606,811
606,842
606,891
606,894
606,912
606,928
606,934
606,950
606,981
606,990
607,618
607,620
607,625
607,632
607,642
607,649
607,657
607,681
607,683
607,694
607,727
607,729
607,748
607,755
607,769
607,789
607,794
607,823
607,824
607,834
607,838
607,839
607,842
607,846
607,873
607,879
607,886
607,898
607,899
607,907
607,928
607,943
607,957
608,615
608,616
608,661
608,672
608,676
608,722
608,730
608,758
608,779
608,790
608,795
608,801
608,847
608,850
608,862
608,889
608,892
608,903
608,933
608,946
608,991
609,641
609,649
609,780
609,810
609,836
609,844
609,853
609,868
609,893
609,965
609,988
610,619
610,622
610,628
610,637
610,666
610,670
610,755
610,768
610,855
610,891
610,911
610,921
610,953
610,997
611,631
611,632
611,668
611,674
611,732
611,741
611,791
611,792
611,805
611,809
611,820
611,850
611,899
611,910
611,920
611,925
611,942
611,967
612,616
612,627
612,655
612,707
612,713
612,720
612,744
612,815
612,816
612,897
612,898
612,926
613,629
613,645
613,651
613,658
613,659
613,675
613,678
613,687
613,690
613,717
613,726
613,748
613,763
613,770
613,791
613,806
613,807
613,827
613,839
613,843
613,858
613,860
613,863
613,874
613,908
613,918
613,924
613,946
613,947
613,960
613,967
613,976
613,992
614,644
614,647
614,669
614,720
614,764
614,767
614,816
614,821
614,881
614,906
614,993
615,623
615,658
615,668
615,672
615,696
615,722
615,730
615,757
615,758
615,762
615,792
615,800
615,801
615,805
615,820
615,832
615,833
615,838
615,843
615,847
615,899
615,900
615,902
615,903
615,911
615,933
615,952
615,954
615,964
615,975
615,977
615,980
616,618
616,649
616,657
616,690
616,701
616,748
616,815
616,833
616,846
616,902
616,920
616,966
617,619
617,645
617,664
617,671
617,689
617,728
617,734
617,747
617,754
617,755
617,771
617,828
617,833
617,868
617,891
617,894
617,914
617,927
617,934
617,949
618,640
618,649
618,680
618,683
618,696
618,701
618,712
618,748
618,751
618,779
618,784
618,787
618,792
618,800
618,810
618,817
618,818
618,833
618,870
618,873
618,896
618,903
618,908
618,924
618,925
618,936
618,963
618,966
619,657
619,666
619,670
619,671
619,727
619,803
619,819
619,855
619,914
619,953
620,649
620,660
620,673
620,676
620,687
620,703
620,709
620,725
620,752
620,769
620,773
620,775
620,846
620,848
620,865
620,870
620,875
620,893
620,929
620,964
620,990
621,629
621,633
621,648
621,651
621,658
621,659
621,677
621,679
621,686
621,711
621,716
621,733
621,774
621,779
621,791
621,793
621,807
621,813
621,832
621,840
621,856
621,861
621,871
621,874
621,882
621,893
621,904
621,923
621,924
621,958
621,960
622,637
622,740
622,777
622,839
622,845
622,855
622,921
622,928
622,963
622,966
622,995
622,997
623,672
623,696
623,730
623,774
623,847
623,900
623,903
623,915
623,933
623,939
623,991
624,671
624,754
624,928
624,971
625,632
625,654
625,746
625,759
625,816
625,842
625,853
625,881
625,912
625,966
625,971
625,972
625,974
625,981
626,692
626,985
627,654
627,764
627,777
627,816
627,847
627,863
627,876
627,897
627,926
627,940
627,966
627,983
627,991
628,644
628,691
628,715
628,754
628,760
628,768
628,775
628,783
628,798
628,804
628,808
628,814
628,839
628,842
628,858
628,928
628,931
628,934
628,936
628,968
628,992
629,633
629,636
629,641
629,645
629,651
629,674
629,675
629,686
629,693
629,698
629,711
629,716
629,717
629,733
629,740
629,754
629,779
629,791
629,793
629,795
629,804
629,807
629,813
629,827
629,831
629,840
629,857
629,861
629,871
629,882
629,885
629,888
629,905
629,910
629,923
629,960
629,965
629,979
630,642
630,661
630,676
630,682
630,696
630,704
630,722
630,739
630,762
630,771
630,832
630,843
630,846
630,875
630,888
630,924
630,963
630,973
631,635
631,644
631,679
631,686
631,699
631,719
631,756
631,758
631,763
631,779
631,786
631,820
631,863
631,869
631,871
631,874
631,877
631,902
631,905
631,909
631,942
631,945
631,958
631,966
632,649
632,654
632,660
632,681
632,729
632,731
632,748
632,789
632,823
632,831
632,844
632,846
632,870
632,878
632,884
632,888
632,897
632,912
632,920
632,935
632,941
632,948
632,980
632,981
632,989
633,665
633,687
633,801
633,806
633,811
633,834
633,860
633,875
633,881
633,886
633,888
633,893
633,928
633,931
633,936
633,978
634,655
634,661
634,680
634,688
634,720
634,739
634,751
634,759
634,787
634,815
634,862
634,863
634,911
634,963
634,973
634,988
635,646
635,656
635,658
635,699
635,705
635,710
635,725
635,739
635,761
635,763
635,793
635,797
635,800
635,805
635,807
635,818
635,830
635,863
635,869
635,874
635,893
635,894
635,910
635,945
635,963
635,964
635,969
635,989
636,642
636,650
636,653
636,659
636,669
636,673
636,675
636,685
636,689
636,702
636,705
636,737
636,738
636,743
636,770
636,829
636,841
636,852
636,904
636,909
636,917
636,918
636,923
636,950
636,961
636,979
636,986
637,666
637,671
637,728
637,740
637,782
637,855
637,911
637,936
637,968
637,971
638,763
638,769
638,781
638,899
638,908
638,958
639,674
639,694
639,697
639,746
639,760
639,766
639,794
639,805
639,814
639,825
639,883
639,898
639,931
639,948
639,950
639,972
639,992
640,650
640,674
640,677
640,679
640,778
640,797
640,862
640,867
640,892
640,924
640,936
641,713
641,729
641,801
641,831
641,837
641,883
641,927
641,979
641,983
642,706
642,810
642,836
642,844
642,878
642,931
642,955
642,956
642,981
643,673
643,697
643,728
643,763
643,767
643,781
643,788
643,818
643,832
643,898
643,905
643,958
644,653
644,661
644,686
644,687
644,691
644,756
644,766
644,772
644,781
644,793
644,806
644,829
644,833
644,834
644,865
644,866
644,918
644,931
644,942
644,950
644,959
644,971
645,673
645,690
645,717
645,737
645,770
645,781
645,793
645,807
645,827
645,891
645,918
645,960
645,979
646,656
646,697
646,699
646,719
646,735
646,787
646,818
646,861
646,902
646,906
646,937
646,963
646,969
647,689
647,755
647,760
647,829
647,864
647,887
647,912
648,658
648,667
648,710
648,735
648,770
648,854
648,871
648,889
648,923
648,960
649,661
649,680
649,692
649,699
649,719
649,739
649,748
649,751
649,758
649,763
649,787
649,800
649,808
649,815
649,823
649,873
649,875
649,896
649,908
649,920
649,922
649,928
649,945
649,952
649,963
649,973
649,977
649,980
649,999
650,651
650,658
650,668
650,674
650,677
650,691
650,730
650,733
650,741
650,748
650,781
650,797
650,805
650,820
650,833
650,882
650,899
650,903
650,905
650,924
650,942
650,969
650,988
651,658
651,698
651,702
651,710
651,711
651,716
651,733
651,734
651,735
651,772
651,781
651,791
651,807
651,840
651,841
651,861
651,874
651,875
651,898
651,923
651,960
652,654
652,740
652,746
652,750
652,759
652,819
652,828
652,846
652,856
652,881
652,887
652,906
652,928
652,955
652,974
653,660
653,666
653,667
653,683
653,687
653,701
653,731
653,760
653,780
653,783
653,793
653,800
653,811
653,832
653,838
653,842
653,865
653,866
653,898
653,918
653,931
653,950
653,960
654,712
654,727
654,746
654,777
654,812
654,816
654,823
654,846
654,868
654,880
654,890
654,912
654,966
654,974
654,983
655,720
655,740
655,763
655,768
655,808
655,816
655,878
655,896
655,955
656,757
656,776
656,788
656,839
656,856
656,903
656,964
656,994
657,720
657,739
657,741
657,771
657,816
657,824
657,851
657,890
657,893
657,909
657,926
657,966
657,973
657,983
657,985
658,686
658,697
658,723
658,733
658,773
658,781
658,791
658,858
658,866
658,874
658,886
658,906
658,910
658,929
658,958
658,971
659,669
659,709
659,718
659,827
659,828
659,830
659,853
659,856
659,858
659,872
659,880
659,882
659,899
659,911
659,948
659,956
659,967
660,681
660,692
660,703
660,745
660,760
660,773
660,834
660,929
660,966
661,662
661,683
661,801
661,920
661,963
661,980
662,707
662,771
662,808
663,682
663,714
663,750
663,780
663,802
663,842
663,923
663,927
663,928
663,934
663,989
663,990
664,689
664,727
664,755
664,796
664,802
664,841
664,881
664,900
664,907
664,921
664,934
664,941
664,945
664,981
665,715
665,723
665,731
665,750
665,799
665,865
665,893
665,936
665,968
665,989
666,670
666,768
666,855
666,907
666,921
666,934
666,976
666,984
667,694
667,711
667,719
667,726
667,729
667,731
667,760
667,769
667,781
667,783
667,804
667,814
667,832
667,834
667,898
667,918
667,950
667,957
668,674
668,682
668,688
668,705
668,756
668,758
668,805
668,813
668,820
668,838
668,840
668,871
668,900
668,901
668,918
668,924
668,930
668,970
668,991
669,673
669,685
669,738
669,782
669,878
669,881
669,885
669,943
669,986
670,688
670,736
670,753
670,828
670,853
670,855
670,857
670,911
670,921
670,943
670,953
670,997
671,708
671,719
671,727
671,740
671,755
671,777
671,783
671,793
671,802
671,806
671,811
671,879
671,891
671,914
671,943
672,674
672,696
672,702
672,722
672,754
672,762
672,792
672,800
672,801
672,804
672,814
672,847
672,850
672,852
672,861
672,882
672,900
672,903
672,918
672,924
672,925
672,952
672,954
672,977
672,985
673,685
673,717
673,733
673,737
673,738
673,754
673,790
673,830
673,839
673,860
673,870
673,891
673,906
673,960
673,967
673,986
674,688
674,732
674,751
674,756
674,787
674,820
674,840
674,842
674,867
674,869
674,877
674,892
674,899
674,924
674,938
674,941
675,686
675,702
675,717
675,742
675,779
675,783
675,807
675,829
675,830
675,885
675,918
675,961
675,967
675,979
676,680
676,696
676,733
676,754
676,801
676,832
676,847
676,945
676,980
677,680
677,690
677,698
677,704
677,778
677,779
677,789
677,797
677,840
677,849
677,877
677,881
677,899
677,905
677,923
677,924
677,938
677,942
677,965
677,969
678,705
678,710
678,726
678,763
678,773
678,779
678,806
678,807
678,813
678,817
678,840
678,847
678,858
678,882
678,942
678,960
678,967
678,969
679,688
679,880
679,889
679,891
679,922
679,924
679,938
679,939
679,975
680,697
680,699
680,751
680,764
680,787
680,800
680,815
680,820
680,837
680,843
680,863
680,901
680,920
680,930
681,692
681,729
681,769
681,833
681,902
681,912
681,957
682,704
682,741
682,750
682,762
682,776
682,843
682,869
682,952
682,980
682,985
682,988
683,720
683,787
683,789
683,791
683,800
683,820
683,836
683,869
683,893
683,899
683,903
683,930
683,934
683,941
683,963
683,980
683,981
683,999
684,728
684,738
684,779
684,789
684,799
684,824
684,839
684,852
684,857
684,860
684,887
684,895
684,946
684,961
684,971
685,686
685,691
685,717
685,726
685,737
685,738
685,781
685,793
685,794
685,830
685,854
685,858
685,885
685,898
685,909
685,911
685,953
685,986
686,710
686,718
686,735
686,772
686,779
686,782
686,791
686,813
686,827
686,840
686,856
686,858
686,861
686,882
686,889
686,923
686,937
686,960
687,697
687,719
687,745
687,760
687,763
687,767
687,782
687,783
687,788
687,792
687,794
687,806
687,848
687,864
687,865
687,866
687,898
687,919
687,952
687,978
688,696
688,705
688,707
688,756
688,757
688,758
688,820
688,832
688,838
688,908
688,922
688,947
688,954
688,970
688,975
688,977
688,991
688,998
689,691
689,695
689,719
689,724
689,728
689,754
689,764
689,798
689,848
689,857
689,859
689,865
689,887
689,904
689,914
689,934
689,961
689,968
689,971
689,995
690,698
690,717
690,722
690,726
690,742
690,807
690,827
690,829
690,860
690,866
690,877
690,899
690,918
690,960
690,979
690,986
690,994
691,715
691,749
691,755
691,766
691,772
691,783
691,899
691,904
691,921
691,924
691,928
691,929
691,950
691,978
691,990
692,696
692,703
692,729
692,734
692,755
692,761
692,769
692,775
692,781
692,834
692,838
692,840
692,846
692,890
692,893
692,903
692,904
692,916
692,929
692,945
692,956
692,964
692,993
692,999
693,738
693,773
693,774
693,830
693,839
693,863
694,755
694,766
694,772
694,775
694,788
694,804
694,814
694,832
694,872
694,886
694,972
694,978
695,740
695,887
695,896
695,904
695,953
695,956
695,968
696,717
696,721
696,722
696,730
696,758
696,801
696,903
696,907
696,913
696,925
696,930
696,947
697,737
697,754
697,772
697,780
697,782
697,794
697,804
697,806
697,839
697,860
697,872
697,879
697,898
697,923
697,929
697,931
697,932
697,936
697,948
697,972
697,987
698,723
698,726
698,754
698,776
698,781
698,791
698,806
698,839
698,856
698,861
698,875
698,882
698,918
698,978
699,763
699,776
699,786
699,787
699,800
699,806
699,814
699,815
699,835
699,841
699,846
699,863
699,901
699,903
699,915
699,944
699,945
699,965
699,969
699,988
699,991
700,740
700,818
700,904
700,908
700,914
700,997
701,732
701,748
701,785
701,787
701,874
701,920
701,939
701,963
701,980
702,743
702,829
702,830
702,871
702,979
703,783
703,834
703,875
703,893
703,901
703,960
704,750
704,762
704,787
704,805
704,843
704,847
704,871
704,893
704,920
704,946
704,952
704,985
704,988
705,720
705,732
705,758
705,855
705,867
705,877
705,901
705,942
705,969
705,977
705,998
706,764
706,812
706,836
706,853
706,868
706,878
706,883
706,908
706,956
707,714
707,744
707,750
707,765
707,773
707,816
707,823
707,860
707,870
707,882
707,935
707,999
708,715
708,764
708,796
708,870
708,917
708,941
708,993
709,725
709,731
709,745
709,757
709,818
709,870
709,874
709,875
709,886
709,893
709,898
709,958
709,964
710,711
710,727
710,761
710,774
710,779
710,809
710,817
710,825
710,840
710,882
710,960
710,972
711,774
711,779
711,806
711,817
711,820
711,840
711,899
711,994
712,734
712,744
712,752
712,868
712,884
712,935
712,947
712,951
712,966
712,982
712,993
713,744
713,752
713,808
713,816
713,837
713,842
713,861
713,876
713,922
713,926
714,752
714,785
714,803
714,808
714,816
714,847
714,897
714,907
714,926
714,935
714,940
714,983
715,736
715,754
715,782
715,783
715,795
715,799
715,828
715,832
715,834
715,839
715,841
715,872
715,895
715,914
715,917
715,957
715,972
715,990
716,727
716,735
716,778
716,856
716,931
717,742
717,743
717,791
717,807
717,829
717,830
717,832
717,839
717,849
717,960
717,972
717,979
718,726
718,779
718,787
718,791
718,825
718,827
718,858
718,861
718,874
718,967
718,986
719,727
719,737
719,754
719,759
719,760
719,767
719,783
719,787
719,793
719,818
719,832
719,834
719,865
719,866
719,875
719,879
719,880
719,886
719,898
719,936
719,943
719,948
719,985
719,988
720,888
721,733
721,741
721,838
721,850
721,900
722,730
722,757
722,801
722,807
722,831
722,838
722,847
722,861
722,871
722,900
722,903
722,913
722,947
722,952
722,954
722,977
722,997
723,735
723,760
723,773
723,844
723,863
723,932
723,958
724,727
724,750
724,764
724,796
724,802
724,812
724,828
724,831
724,842
724,881
724,927
724,965
724,984
724,993
725,752
725,767
725,924
725,942
725,948
726,729
726,770
726,779
726,807
726,813
726,820
726,839
726,862
726,918
726,923
726,935
726,960
726,979
727,754
727,777
727,782
727,802
727,810
727,841
727,881
727,904
727,907
727,941
727,949
727,950
727,976
727,997
728,733
728,740
728,779
728,904
728,914
728,934
728,971
728,986
728,995
729,739
729,758
729,832
729,834
729,846
729,972
729,989
730,756
730,758
730,759
730,773
730,792
730,801
730,869
730,877
730,884
730,900
730,903
730,922
730,930
730,975
730,991
730,996
731,745
731,797
731,804
731,829
731,864
731,865
731,879
731,886
731,900
731,906
731,936
731,948
731,964
731,978
732,733
732,753
732,820
732,840
732,849
732,850
732,862
732,867
732,871
732,877
732,880
732,892
732,902
732,924
732,942
732,957
732,968
733,735
733,778
733,801
733,807
733,820
733,825
733,826
733,840
733,847
733,861
733,871
733,889
733,892
733,899
733,905
733,906
733,914
733,923
733,924
733,937
733,938
733,942
733,944
733,970
733,977
733,986
734,764
734,773
734,793
734,828
734,842
734,893
734,927
734,989
735,783
735,800
735,817
735,833
735,840
735,856
735,860
735,871
735,905
735,923
735,970
736,738
736,790
736,795
736,841
736,892
736,917
736,924
736,959
736,971
736,975
736,994
736,999
737,763
737,766
737,779
737,840
737,841
737,842
737,852
737,857
737,860
737,904
737,907
737,918
737,961
737,971
737,986
737,990
738,784
738,795
738,804
738,824
738,833
738,852
738,860
738,872
738,886
738,895
738,907
738,917
738,943
738,946
738,950
738,957
738,961
738,968
738,971
738,992
739,748
739,751
739,758
739,792
739,846
739,847
739,875
739,886
739,888
739,896
739,913
739,924
739,931
739,944
739,952
739,963
739,973
739,988
739,999
740,755
740,811
740,881
740,891
740,894
740,895
740,914
740,923
740,934
740,936
740,968
740,971
740,989
740,990
740,995
741,756
741,899
741,937
741,958
741,995
742,807
742,826
742,829
742,834
742,918
742,919
742,979
742,986
743,806
743,829
743,830
743,909
743,952
744,816
744,876
744,926
745,780
745,796
745,874
745,957
745,978
745,984
745,989
746,747
746,771
746,823
746,870
746,897
746,908
746,927
746,955
746,966
746,974
746,981
747,759
747,764
747,770
747,796
747,834
747,842
747,858
747,866
747,879
747,922
747,927
747,937
747,966
747,974
748,768
748,780
748,787
748,793
748,800
748,801
748,833
748,866
748,873
748,891
748,903
748,920
748,960
748,989
749,750
749,755
749,764
749,796
749,812
749,831
749,834
749,839
749,883
749,965
749,993
750,751
750,764
750,777
750,784
750,812
750,831
750,836
750,883
750,941
750,955
750,965
750,974
750,976
750,984
751,761
751,801
751,813
751,815
751,844
751,847
751,884
751,896
751,897
751,908
751,920
751,929
751,936
751,942
751,963
751,973
751,974
752,788
752,795
752,803
752,816
752,844
752,863
752,868
752,913
752,926
752,944
753,774
753,845
753,862
753,949
753,976
754,772
754,795
754,806
754,860
754,879
754,897
754,904
754,936
754,946
754,968
754,971
754,994
754,996
755,763
755,811
755,834
755,860
755,868
755,879
755,881
755,891
755,894
755,914
755,927
755,934
755,941
755,971
755,973
755,984
756,758
756,761
756,787
756,801
756,867
756,877
756,892
756,899
756,924
756,972
756,975
756,977
756,998
757,763
757,781
757,838
757,845
757,862
757,867
757,900
757,913
757,919
757,924
757,937
757,952
757,977
757,991
758,838
758,847
758,850
758,884
758,901
758,903
758,919
758,938
758,947
758,970
758,975
758,977
758,998
759,760
759,764
759,890
759,962
759,966
760,786
760,806
760,832
760,866
760,875
760,898
760,936
760,966
760,978
760,992
760,994
761,800
761,863
761,869
761,870
761,895
761,906
761,910
761,919
761,920
761,922
761,945
762,807
762,838
762,843
762,847
762,899
762,927
762,930
762,952
762,988
763,767
763,786
763,791
763,807
763,818
763,849
763,869
763,874
763,886
763,898
763,899
763,902
763,906
763,945
763,958
763,963
763,980
764,796
764,810
764,812
764,844
764,879
764,881
764,883
764,894
764,927
764,928
764,956
764,965
764,984
765,771
765,785
765,808
765,876
765,897
765,934
766,775
766,783
766,794
766,804
766,808
766,832
766,839
766,840
766,863
766,891
766,931
766,950
766,992
766,999
767,772
767,776
767,783
767,794
767,818
767,958
767,972
768,796
768,812
768,819
768,828
768,841
768,859
768,911
768,934
768,963
768,965
768,968
768,990
768,997
769,774
769,790
769,823
769,833
769,846
769,929
769,964
769,988
770,779
770,791
770,807
770,874
770,918
770,960
770,967
771,784
771,803
771,844
771,853
771,870
771,876
771,888
771,897
772,773
772,783
772,790
772,794
772,795
772,804
772,929
772,931
772,950
772,962
772,972
772,987
772,992
772,996
773,783
773,818
773,825
773,828
773,856
773,858
773,871
773,932
773,972
774,807
774,817
774,840
774,854
774,859
774,871
774,947
775,804
775,865
775,887
775,931
776,786
776,854
776,874
776,875
776,889
776,977
777,780
777,828
777,879
777,881
777,927
777,928
777,934
777,965
777,974
778,789
778,818
778,889
778,905
778,932
778,944
779,807
779,817
779,827
779,860
779,861
779,911
779,918
779,960
779,971
779,972
780,793
780,832
780,877
780,904
780,917
780,928
780,930
780,934
780,936
780,989
781,806
781,818
781,840
781,869
781,873
781,880
781,881
781,886
781,906
781,923
781,945
781,947
781,953
782,793
782,794
782,806
782,832
782,834
782,836
782,873
782,894
782,898
782,906
782,908
782,915
782,918
782,948
782,958
782,962
782,972
783,793
783,797
783,804
783,814
783,832
783,839
783,864
783,865
783,872
783,898
783,927
783,948
783,950
783,962
783,973
784,844
784,853
784,876
784,878
784,916
784,951
784,989
785,789
785,803
785,816
785,876
785,885
785,897
785,926
785,935
786,805
786,833
786,884
786,899
786,910
786,942
786,963
786,969
787,792
787,800
787,803
787,815
787,835
787,870
787,884
787,908
787,914
787,920
787,922
787,950
787,963
787,973
787,977
787,980
787,988
788,818
788,854
788,869
788,886
788,888
788,893
788,906
788,930
788,958
789,792
789,831
789,868
789,870
789,884
789,887
789,888
789,966
789,981
789,999
790,795
790,826
790,854
790,857
790,864
790,880
790,892
790,917
790,931
790,994
791,827
791,829
791,861
791,871
791,882
791,886
791,898
791,910
791,917
791,923
791,948
791,950
791,972
792,801
792,805
792,813
792,820
792,850
792,899
792,919
792,925
792,930
792,942
792,964
792,969
792,988
793,798
793,804
793,806
793,814
793,832
793,834
793,839
793,864
793,865
793,871
793,872
793,898
793,948
793,961
793,978
794,802
794,804
794,832
794,895
794,932
794,948
794,972
794,992
795,826
795,841
795,852
795,860
795,907
795,943
795,959
795,960
795,961
795,968
796,821
796,842
796,873
796,891
796,893
796,907
797,801
797,820
797,856
797,877
797,899
797,915
797,924
797,938
797,939
797,958
797,969
797,975
798,799
798,848
798,904
798,968
798,971
799,811
799,824
799,860
799,879
799,895
799,921
799,934
799,953
799,958
799,961
799,971
799,994
800,806
800,818
800,833
800,839
800,847
800,864
800,873
800,886
800,910
800,922
800,937
800,945
800,950
800,956
800,963
800,973
800,980
801,808
801,809
801,838
801,843
801,847
801,900
801,903
801,915
801,923
801,925
801,930
801,942
801,952
801,972
801,981
801,999
802,819
802,821
802,859
802,881
802,911
802,941
802,949
802,976
802,990
803,808
803,844
803,853
803,870
803,878
803,940
803,951
803,980
803,999
804,811
804,814
804,839
804,872
804,895
804,917
804,931
804,936
804,962
804,972
804,992
805,809
805,820
805,850
805,858
805,873
805,915
805,919
805,925
805,942
806,818
806,877
806,898
806,905
806,934
806,936
806,948
806,958
806,962
806,972
806,978
807,813
807,839
807,861
807,873
807,918
807,960
807,986
808,865
808,944
808,963
809,820
809,835
809,893
809,945
809,967
809,973
809,991
810,836
810,837
810,878
810,891
810,911
810,951
810,956
810,965
810,966
811,818
811,842
811,848
811,881
811,891
811,894
811,896
811,904
811,914
811,928
811,934
811,959
811,984
811,990
812,831
812,853
812,929
812,965
812,983
812,993
813,827
813,829
813,882
813,923
813,960
813,967
814,839
814,864
814,866
814,931
814,971
814,972
815,822
815,978
815,985
816,820
816,837
816,844
816,876
816,888
816,920
816,926
816,928
816,944
816,983
816,999
817,820
817,889
817,891
818,825
818,865
818,872
818,950
818,957
818,958
818,972
818,973
818,978
818,981
819,907
819,927
819,976
819,997
820,877
820,901
820,903
820,905
820,910
820,919
820,937
820,942
820,969
820,973
820,975
820,988
821,841
821,857
821,879
822,862
822,935
822,956
822,966
823,833
823,840
823,911
823,920
823,922
823,964
824,841
824,857
824,860
824,877
824,895
824,959
824,961
825,858
825,871
825,880
825,884
825,893
825,898
825,903
825,906
825,942
825,945
825,987
826,885
826,917
826,961
827,838
827,858
827,898
827,918
827,923
827,932
827,937
827,960
827,987
828,868
828,879
828,881
828,927
828,934
828,941
828,956
828,958
828,995
828,997
829,918
829,952
829,969
829,979
830,841
830,950
830,979
832,865
832,866
832,898
832,985
833,881
833,920
833,922
833,964
833,977
834,908
834,926
834,929
834,934
834,936
835,899
835,906
835,930
835,963
835,975
836,878
836,927
836,929
836,999
837,846
837,851
837,868
837,908
837,922
837,983
838,847
838,871
838,899
838,901
838,903
838,913
838,925
838,933
838,947
838,954
838,963
838,970
838,974
838,975
838,977
838,998
839,872
839,874
839,879
839,907
839,908
839,917
839,931
839,948
839,950
839,962
839,974
839,987
839,990
840,903
840,924
840,954
841,860
841,872
841,874
841,880
841,888
841,907
841,917
841,924
841,961
841,992
842,853
842,883
842,887
842,891
842,894
842,911
842,921
842,927
842,928
842,929
842,949
842,956
842,957
842,990
843,896
843,952
844,870
844,906
844,951
844,983
845,893
845,911
845,914
845,949
845,968
845,976
846,864
846,886
846,898
846,912
846,924
846,929
846,978
847,903
847,910
847,913
847,957
847,963
847,998
848,968
849,860
849,924
849,938
850,863
850,913
850,925
850,939
850,945
850,969
852,860
852,885
852,907
852,937
852,961
852,996
853,868
853,878
853,879
853,890
853,908
853,929
853,955
853,959
855,914
855,921
855,953
855,976
856,919
856,924
856,930
856,932
856,938
856,945
857,860
857,887
857,914
857,941
857,946
857,952
857,968
857,971
857,972
858,899
858,910
858,923
858,961
858,963
858,967
858,974
858,986
858,987
859,946
859,986
860,895
860,917
860,918
860,941
860,960
860,961
860,971
860,986
861,882
861,923
861,960
862,913
862,970
862,977
862,981
862,998
863,874
863,902
863,922
863,945
863,998
864,898
864,909
864,934
864,950
865,866
865,898
865,950
865,995
866,894
866,936
866,984
866,990
867,877
867,913
867,937
868,926
868,951
869,874
869,899
869,902
869,903
869,905
869,907
869,910
869,957
869,963
869,972
870,929
870,948
870,966
870,981
871,905
871,910
871,918
871,923
872,874
872,917
872,931
872,942
872,950
872,957
872,966
872,992
872,994
873,884
873,896
873,908
873,920
873,922
873,936
873,944
873,973
873,980
873,989
873,999
874,886
874,889
874,899
874,902
874,906
874,922
874,928
874,936
874,942
874,945
874,958
874,964
874,983
874,999
875,883
875,886
875,887
875,893
875,898
875,904
875,911
875,929
875,932
875,964
875,970
875,978
875,987
875,989
876,897
877,900
877,923
877,933
877,998
878,881
878,883
878,955
878,965
878,974
879,881
879,891
879,912
879,927
879,941
879,949
879,951
879,955
879,957
879,990
880,889
880,942
880,946
880,960
880,972
881,911
881,916
881,927
881,934
881,955
881,965
881,984
881,993
882,903
882,918
882,923
882,958
882,960
882,964
882,967
883,909
883,927
883,965
883,982
884,888
884,896
884,908
884,920
885,911
885,946
885,986
885,996
886,899
886,936
886,958
886,968
887,891
887,904
887,934
887,943
887,971
887,989
887,995
888,904
888,944
888,961
888,966
889,920
889,924
889,937
890,912
890,957
891,894
891,899
891,911
891,914
891,928
891,934
891,936
891,946
891,953
891,957
891,978
891,981
891,988
891,990
891,993
891,995
892,901
892,924
892,938
892,967
893,895
893,898
893,951
893,957
893,989
894,911
894,921
894,928
894,934
894,955
894,965
894,984
894,995
895,961
895,976
896,908
896,920
896,945
896,982
896,989
896,999
897,951
897,956
897,973
897,977
897,988
897,996
898,932
898,955
898,972
898,974
898,978
898,996
899,908
899,928
899,937
899,942
899,947
899,969
900,913
900,934
900,942
900,947
900,954
900,966
900,977
901,925
901,969
901,975
901,977
901,998
902,906
902,917
902,930
902,964
902,977
902,981
903,913
903,915
903,919
903,930
903,933
903,952
903,963
903,974
903,975
903,991
903,998
904,921
904,934
904,946
904,948
904,964
904,967
904,979
904,995
905,924
905,947
905,988
905,990
906,924
906,928
906,932
906,956
906,958
906,991
907,909
907,943
907,949
907,953
907,965
907,976
907,986
908,920
908,966
908,973
908,988
908,999
909,917
909,986
909,992
910,915
910,922
910,930
910,945
911,924
911,948
911,949
911,997
912,955
913,954
913,977
914,941
914,953
914,962
914,968
914,976
914,995
915,919
915,930
915,952
915,975
915,977
915,991
916,927
916,984
917,928
917,987
917,992
917,994
918,938
918,955
918,965
918,975
918,979
919,930
919,942
919,947
919,975
919,991
920,922
920,973
920,975
921,943
921,949
922,934
922,942
922,974
923,967
923,970
924,938
924,939
924,942
924,977
924,981
925,991
926,942
926,974
926,983
927,934
927,951
927,953
927,956
927,984
928,929
928,934
928,956
928,974
928,982
928,990
929,936
929,957
929,958
929,962
929,964
929,967
929,969
929,984
929,994
929,995
930,963
930,991
931,972
932,946
932,948
932,968
933,970
934,941
934,954
934,976
934,989
935,956
935,966
936,957
936,966
936,970
936,974
936,990
936,999
937,966
937,969
937,978
938,977
940,966
941,956
941,976
942,945
943,949
943,953
943,961
943,986
944,958
944,963
944,970
945,948
945,958
945,977
946,968
946,971
947,975
947,977
947,995
948,972
949,976
949,997
950,957
951,974
952,969
953,965
953,976
953,993
954,980
955,965
955,966
955,974
955,989
955,995
956,966
957,964
957,980
957,984
957,994
958,971
958,972
959,961
959,962
959,968
959,971
960,967
961,965
961,968
961,979
961,990
962,972
962,987
962,990
963,972
963,980
963,991
963,999
965,983
965,995
966,974
966,981
966,999
968,971
968,981
969,970
969,975
970,974
970,975
970,977
970,980
970,998
971,972
971,994
972,985
974,981
975,991
976,995
977,990
977,998
978,989
979,981
984,999
985,999
987,994
989,999
992,994
