source,target
0,8
0,64
0,67
0,74
0,77
0,97
0,106
0,164
0,176
0,193
0,214
0,220
0,221
0,228
0,237
0,269
0,298
0,333
0,335
0,339
0,348
0,405
0,413
0,422
0,465
0,466
0,491
0,515
0,533
0,576
0,594
0,595
0,607
0,614
0,624
0,633
0,664
0,668
0,686
0,698
0,721
0,754
0,758
0,817
0,839
0,853
0,869
0,898
0,903
0,941
0,973
0,987
0,995
1,70
1,78
1,96
1,127
1,209
1,229
1,275
1,310
1,352
1,388
1,453
1,518
1,575
1,621
1,642
1,683
1,690
1,698
1,700
1,710
1,734
1,792
1,805
1,832
1,837
1,846
1,879
1,891
1,926
2,14
2,21
2,29
2,40
2,44
2,49
2,62
2,63
2,69
2,104
2,119
2,124
2,165
2,182
2,238
2,257
2,265
2,276
2,281
2,289
2,297
2,325
2,333
2,338
2,387
2,414
2,416
2,448
2,463
2,481
2,503
2,540
2,595
2,596
2,625
2,644
2,645
2,652
2,707
2,715
2,719
2,728
2,762
2,763
2,767
2,768
2,784
2,792
2,810
2,813
2,823
2,824
2,842
2,858
2,880
2,885
2,907
2,932
2,946
2,989
2,997
3,31
3,40
3,46
3,81
3,87
3,93
3,100
3,113
3,135
3,185
3,203
3,212
3,222
3,224
3,235
3,238
3,251
3,263
3,278
3,303
3,309
3,317
3,368
3,400
3,412
3,419
3,469
3,523
3,599
3,604
3,632
3,639
3,659
3,662
3,695
3,697
3,706
3,713
3,719
3,736
3,740
3,775
3,784
3,789
3,792
3,821
3,842
3,845
3,932
3,951
3,959
3,972
3,997
4,6
4,37
4,59
4,67
4,81
4,91
4,97
4,102
4,126
4,164
4,165
4,170
4,176
4,187
4,209
4,217
4,221
4,277
4,295
4,315
4,339
4,349
4,350
4,360
4,425
4,426
4,427
4,430
4,470
4,497
4,512
4,521
4,551
4,569
4,590
4,594
4,617
4,623
4,629
4,640
4,674
4,675
4,685
4,714
4,717
4,720
4,745
4,748
4,767
4,770
4,774
4,794
4,824
4,833
4,837
4,840
4,863
4,889
4,906
4,930
4,961
4,963
4,965
5,31
5,53
5,76
5,103
5,122
5,134
5,181
5,190
5,200
5,238
5,256
5,266
5,280
5,300
5,309
5,331
5,332
5,335
5,381
5,453
5,457
5,487
5,523
5,534
5,554
5,560
5,566
5,571
5,589
5,594
5,613
5,614
5,625
5,659
5,695
5,697
5,706
5,762
5,793
5,815
5,837
5,857
5,868
5,873
5,914
5,946
5,949
5,984
5,988
6,12
6,13
6,23
6,83
6,95
6,117
6,120
6,139
6,170
6,181
6,219
6,238
6,284
6,294
6,313
6,335
6,362
6,363
6,375
6,393
6,396
6,431
6,450
6,473
6,485
6,498
6,509
6,603
6,623
6,639
6,659
6,677
6,680
6,694
6,727
6,759
6,762
6,767
6,773
6,802
6,809
6,813
6,834
6,855
6,903
6,905
6,917
6,921
6,931
6,975
6,977
6,988
6,990
7,11
7,13
7,18
7,43
7,80
7,88
7,121
7,174
7,181
7,212
7,320
7,334
7,374
7,425
7,454
7,547
7,561
7,692
7,713
7,730
7,747
7,754
7,770
7,780
7,784
7,861
7,875
7,950
7,956
7,971
7,988
7,989
7,994
8,13
8,38
8,50
8,55
8,69
8,103
8,124
8,126
8,186
8,212
8,225
8,240
8,247
8,287
8,356
8,421
8,475
8,504
8,532
8,547
8,551
8,565
8,582
8,596
8,606
8,629
8,648
8,665
8,683
8,688
8,717
8,719
8,725
8,726
8,754
8,778
8,795
8,804
8,808
8,809
8,824
8,849
8,859
8,889
8,905
8,948
9,34
9,43
9,73
9,104
9,166
9,180
9,198
9,230
9,270
9,329
9,380
9,383
9,419
9,439
9,457
9,460
9,479
9,502
9,504
9,629
9,633
9,641
9,657
9,665
9,695
9,706
9,723
9,730
9,747
9,749
9,778
9,793
9,854
9,860
9,922
9,926
9,965
9,970
10,45
10,63
10,100
10,102
10,172
10,189
10,192
10,260
10,272
10,273
10,276
10,278
10,326
10,349
10,352
10,381
10,387
10,411
10,435
10,459
10,472
10,545
10,580
10,595
10,600
10,612
10,620
10,735
10,846
10,856
10,864
10,914
10,932
10,956
10,987
11,33
11,46
11,67
11,95
11,100
11,112
11,161
11,171
11,210
11,220
11,239
11,290
11,293
11,308
11,310
11,359
11,394
11,412
11,420
11,428
11,432
11,463
11,473
11,484
11,491
11,567
11,582
11,592
11,625
11,632
11,678
11,686
11,688
11,693
11,695
11,701
11,713
11,732
11,771
11,772
11,835
11,867
11,880
11,889
11,911
11,915
11,957
11,994
12,16
12,24
12,25
12,30
12,81
12,106
12,121
12,139
12,163
12,192
12,214
12,224
12,227
12,235
12,276
12,315
12,328
12,405
12,425
12,435
12,440
12,476
12,490
12,492
12,501
12,506
12,510
12,527
12,528
12,553
12,565
12,595
12,613
12,614
12,620
12,623
12,634
12,636
12,683
12,697
12,728
12,748
12,758
12,781
12,793
12,819
12,835
12,837
12,841
12,846
12,848
12,865
12,869
12,872
12,900
12,904
12,906
12,928
12,937
12,948
12,955
12,975
12,977
12,980
13,14
13,15
13,61
13,66
13,68
13,88
13,107
13,113
13,124
13,129
13,132
13,141
13,156
13,205
13,224
13,250
13,281
13,303
13,316
13,321
13,352
13,366
13,368
13,372
13,383
13,431
13,449
13,487
13,536
13,538
13,543
13,601
13,610
13,644
13,659
13,683
13,693
13,707
13,729
13,739
13,741
13,758
13,786
13,809
13,813
13,843
13,858
13,860
13,862
13,863
13,881
13,911
13,915
13,919
13,989
14,21
14,25
14,34
14,40
14,73
14,74
14,100
14,154
14,210
14,219
14,265
14,275
14,276
14,288
14,305
14,342
14,347
14,363
14,398
14,417
14,438
14,439
14,446
14,447
14,458
14,502
14,519
14,523
14,558
14,562
14,564
14,602
14,634
14,642
14,657
14,663
14,666
14,668
14,672
14,674
14,678
14,679
14,684
14,725
14,734
14,740
14,747
14,751
14,765
14,773
14,813
14,830
14,838
14,840
14,851
14,867
14,893
14,903
14,936
14,959
14,997
15,42
15,58
15,108
15,132
15,151
15,181
15,194
15,211
15,214
15,227
15,249
15,294
15,307
15,326
15,338
15,367
15,374
15,396
15,403
15,404
15,408
15,411
15,413
15,483
15,515
15,566
15,568
15,606
15,634
15,645
15,650
15,677
15,684
15,685
15,692
15,729
15,805
15,864
15,886
15,902
15,917
15,923
15,958
15,961
15,966
15,994
15,999
16,20
16,30
16,31
16,54
16,63
16,65
16,100
16,101
16,107
16,150
16,158
16,161
16,169
16,171
16,190
16,204
16,218
16,229
16,258
16,260
16,280
16,297
16,324
16,349
16,359
16,374
16,428
16,475
16,507
16,530
16,557
16,569
16,583
16,590
16,617
16,633
16,648
16,651
16,673
16,677
16,685
16,686
16,688
16,695
16,703
16,713
16,775
16,790
16,793
16,812
16,833
16,835
16,853
16,854
16,881
16,890
16,894
16,941
16,942
16,955
16,984
16,989
16,991
17,34
17,110
17,125
17,126
17,136
17,188
17,189
17,224
17,279
17,281
17,283
17,346
17,386
17,416
17,424
17,484
17,490
17,557
17,613
17,629
17,640
17,661
17,683
17,688
17,725
17,751
17,760
17,780
17,813
17,838
17,840
17,842
17,851
17,854
17,870
17,883
17,885
17,922
17,931
17,955
17,971
17,986
18,63
18,80
18,96
18,110
18,145
18,150
18,204
18,208
18,317
18,341
18,408
18,415
18,453
18,458
18,479
18,606
18,609
18,625
18,682
18,722
18,734
18,745
18,782
18,814
18,865
18,892
18,910
18,917
18,936
18,977
18,997
19,101
19,127
19,160
19,164
19,188
19,266
19,308
19,389
19,397
19,400
19,426
19,479
19,540
19,549
19,558
19,587
19,651
19,654
19,666
19,710
19,721
19,756
19,830
19,833
19,836
19,851
19,863
19,864
19,874
19,879
19,882
19,883
19,928
19,936
19,986
19,990
20,36
20,40
20,72
20,85
20,142
20,158
20,168
20,186
20,240
20,256
20,296
20,309
20,312
20,339
20,445
20,448
20,451
20,464
20,508
20,516
20,517
20,529
20,543
20,553
20,601
20,607
20,615
20,659
20,736
20,767
20,771
20,774
20,775
20,778
20,782
20,784
20,818
20,844
20,851
20,933
20,951
20,988
21,50
21,52
21,57
21,68
21,69
21,74
21,77
21,83
21,97
21,100
21,161
21,173
21,177
21,195
21,198
21,214
21,222
21,237
21,244
21,256
21,343
21,348
21,361
21,371
21,373
21,380
21,390
21,398
21,424
21,430
21,438
21,442
21,461
21,463
21,469
21,477
21,494
21,499
21,530
21,556
21,575
21,605
21,618
21,638
21,639
21,654
21,659
21,666
21,669
21,687
21,688
21,694
21,706
21,709
21,732
21,752
21,754
21,757
21,774
21,782
21,786
21,791
21,792
21,798
21,810
21,816
21,827
21,836
21,843
21,844
21,872
21,880
21,890
21,914
21,940
21,946
21,948
21,950
21,951
21,955
21,956
21,957
22,157
22,202
22,287
22,417
22,433
22,478
22,502
22,519
22,566
22,602
22,609
22,619
22,648
22,659
22,665
22,666
22,668
22,705
22,755
22,782
22,787
22,793
22,832
22,844
22,876
22,911
22,988
23,29
23,47
23,53
23,68
23,76
23,78
23,87
23,110
23,125
23,141
23,161
23,169
23,170
23,183
23,190
23,203
23,218
23,229
23,232
23,234
23,238
23,251
23,263
23,274
23,280
23,295
23,296
23,307
23,387
23,398
23,399
23,408
23,430
23,435
23,450
23,476
23,478
23,479
23,480
23,481
23,503
23,504
23,524
23,528
23,549
23,552
23,576
23,580
23,589
23,609
23,615
23,626
23,628
23,650
23,672
23,673
23,694
23,703
23,707
23,736
23,739
23,747
23,748
23,753
23,781
23,815
23,816
23,821
23,846
23,851
23,853
23,857
23,862
23,883
23,885
23,894
23,895
23,911
23,914
23,916
23,921
23,931
23,932
23,938
23,940
23,954
23,973
23,990
24,31
24,38
24,41
24,89
24,91
24,95
24,103
24,106
24,108
24,110
24,126
24,165
24,176
24,178
24,185
24,195
24,203
24,217
24,227
24,232
24,267
24,290
24,295
24,306
24,315
24,323
24,328
24,338
24,348
24,389
24,425
24,431
24,438
24,461
24,479
24,572
24,582
24,594
24,652
24,673
24,694
24,711
24,725
24,788
24,804
24,809
24,850
24,855
24,873
24,899
24,900
24,914
24,921
24,927
24,941
24,957
24,991
25,37
25,89
25,110
25,113
25,115
25,126
25,143
25,147
25,157
25,163
25,173
25,225
25,255
25,272
25,277
25,307
25,363
25,384
25,387
25,396
25,404
25,409
25,425
25,426
25,435
25,457
25,459
25,473
25,476
25,479
25,496
25,544
25,579
25,626
25,632
25,664
25,668
25,680
25,687
25,693
25,706
25,762
25,819
25,837
25,850
25,853
25,893
25,894
25,906
25,916
25,953
25,966
25,981
25,999
26,29
26,42
26,76
26,102
26,145
26,160
26,168
26,169
26,173
26,185
26,204
26,214
26,224
26,260
26,272
26,274
26,289
26,291
26,293
26,309
26,317
26,327
26,328
26,379
26,390
26,454
26,503
26,510
26,523
26,549
26,552
26,564
26,572
26,596
26,621
26,633
26,654
26,699
26,714
26,806
26,834
26,837
26,844
26,857
26,875
26,885
26,896
26,911
26,959
26,966
26,999
27,33
27,56
27,103
27,118
27,173
27,178
27,197
27,218
27,313
27,367
27,380
27,396
27,400
27,421
27,432
27,466
27,491
27,494
27,504
27,549
27,561
27,616
27,678
27,712
27,722
27,778
27,796
27,815
27,816
27,818
27,855
27,856
27,861
27,907
27,957
27,978
28,34
28,48
28,58
28,60
28,74
28,78
28,86
28,90
28,121
28,125
28,129
28,136
28,168
28,176
28,183
28,310
28,356
28,369
28,381
28,394
28,407
28,563
28,583
28,672
28,681
28,698
28,705
28,744
28,763
28,795
28,797
28,809
28,841
28,856
28,877
28,883
28,908
28,985
28,992
29,46
29,76
29,90
29,98
29,107
29,124
29,180
29,223
29,247
29,258
29,305
29,306
29,308
29,310
29,334
29,339
29,367
29,368
29,372
29,384
29,400
29,434
29,435
29,442
29,507
29,516
29,551
29,556
29,561
29,574
29,580
29,584
29,594
29,610
29,638
29,650
29,674
29,685
29,701
29,705
29,713
29,733
29,751
29,752
29,786
29,788
29,816
29,864
29,888
29,911
29,928
29,930
29,932
29,954
30,48
30,93
30,119
30,156
30,201
30,205
30,244
30,311
30,314
30,359
30,403
30,450
30,502
30,525
30,545
30,567
30,597
30,599
30,690
30,693
30,838
30,839
30,843
30,913
30,928
30,977
31,41
31,65
31,67
31,86
31,87
31,113
31,126
31,142
31,185
31,213
31,248
31,269
31,285
31,295
31,296
31,332
31,348
31,353
31,358
31,363
31,373
31,426
31,436
31,460
31,489
31,492
31,493
31,502
31,505
31,509
31,513
31,535
31,538
31,545
31,577
31,583
31,589
31,597
31,604
31,630
31,633
31,639
31,658
31,692
31,698
31,730
31,732
31,751
31,762
31,768
31,771
31,772
31,781
31,809
31,812
31,820
31,834
31,835
31,837
31,846
31,860
31,862
31,883
31,888
31,930
31,944
31,950
31,954
31,989
32,106
32,112
32,113
32,132
32,134
32,138
32,216
32,259
32,270
32,277
32,278
32,340
32,357
32,388
32,398
32,399
32,414
32,466
32,467
32,538
32,551
32,573
32,575
32,578
32,607
32,625
32,644
32,699
32,787
32,817
32,836
32,838
32,865
32,875
32,893
32,974
32,988
32,995
32,999
33,62
33,63
33,64
33,72
33,73
33,97
33,100
33,169
33,197
33,200
33,225
33,228
33,268
33,274
33,297
33,313
33,328
33,334
33,340
33,343
33,384
33,391
33,405
33,413
33,436
33,466
33,477
33,496
33,497
33,498
33,513
33,516
33,557
33,614
33,667
33,729
33,732
33,792
33,796
33,800
33,814
33,816
33,830
33,869
33,875
33,892
33,899
33,922
33,928
33,931
33,973
33,981
33,984
34,53
34,65
34,68
34,76
34,78
34,108
34,110
34,113
34,119
34,121
34,125
34,134
34,139
34,148
34,153
34,163
34,167
34,173
34,181
34,195
34,200
34,209
34,219
34,222
34,223
34,224
34,229
34,231
34,235
34,272
34,276
34,277
34,283
34,292
34,302
34,306
34,309
34,323
34,334
34,347
34,348
34,356
34,357
34,384
34,388
34,392
34,394
34,395
34,412
34,413
34,414
34,425
34,435
34,442
34,444
34,453
34,457
34,459
34,470
34,473
34,476
34,478
34,490
34,501
34,506
34,508
34,509
34,513
34,515
34,518
34,554
34,562
34,577
34,589
34,598
34,610
34,611
34,622
34,625
34,629
34,630
34,632
34,633
34,637
34,663
34,667
34,678
34,683
34,688
34,694
34,699
34,715
34,716
34,722
34,725
34,726
34,727
34,732
34,742
34,747
34,752
34,759
34,762
34,818
34,826
34,831
34,862
34,868
34,872
34,873
34,880
34,884
34,885
34,906
34,928
34,939
34,956
34,958
34,964
34,965
35,50
35,65
35,104
35,125
35,135
35,159
35,201
35,213
35,235
35,244
35,268
35,278
35,283
35,307
35,320
35,338
35,344
35,357
35,392
35,396
35,476
35,502
35,517
35,577
35,579
35,616
35,633
35,637
35,654
35,657
35,683
35,714
35,721
35,747
35,754
35,775
35,779
35,805
35,816
35,835
35,865
35,875
35,879
35,888
35,911
35,921
35,930
35,937
35,955
35,988
36,84
36,106
36,149
36,202
36,279
36,368
36,388
36,394
36,411
36,431
36,495
36,540
36,545
36,650
36,662
36,830
36,856
36,976
36,996
37,73
37,78
37,121
37,125
37,136
37,166
37,179
37,216
37,221
37,235
37,244
37,259
37,312
37,328
37,329
37,335
37,357
37,366
37,369
37,399
37,416
37,429
37,439
37,466
37,493
37,507
37,511
37,513
37,526
37,534
37,548
37,581
37,595
37,621
37,623
37,697
37,732
37,741
37,743
37,762
37,770
37,777
37,833
37,869
37,907
37,908
37,921
37,937
37,955
37,990
38,129
38,134
38,152
38,158
38,188
38,199
38,208
38,224
38,242
38,261
38,329
38,346
38,355
38,363
38,417
38,462
38,567
38,596
38,603
38,643
38,673
38,712
38,745
38,844
38,868
38,874
38,936
38,970
39,117
39,143
39,210
39,211
39,301
39,374
39,391
39,396
39,416
39,417
39,437
39,447
39,457
39,472
39,474
39,513
39,560
39,596
39,640
39,648
39,658
39,665
39,678
39,713
39,716
39,725
39,752
39,769
39,783
39,784
39,817
39,820
39,836
39,870
39,940
39,976
40,58
40,80
40,108
40,132
40,142
40,150
40,182
40,190
40,197
40,235
40,242
40,244
40,265
40,267
40,274
40,276
40,296
40,297
40,305
40,306
40,316
40,332
40,363
40,372
40,399
40,405
40,415
40,427
40,435
40,444
40,451
40,454
40,462
40,463
40,474
40,478
40,479
40,480
40,497
40,523
40,577
40,579
40,589
40,611
40,617
40,627
40,634
40,638
40,654
40,661
40,662
40,663
40,664
40,672
40,695
40,699
40,700
40,710
40,719
40,726
40,732
40,746
40,747
40,752
40,769
40,793
40,814
40,835
40,855
40,858
40,881
40,888
40,902
40,909
40,913
40,944
40,965
40,971
40,973
40,999
41,75
41,78
41,87
41,124
41,232
41,261
41,273
41,290
41,310
41,313
41,317
41,329
41,336
41,376
41,394
41,407
41,414
41,515
41,580
41,686
41,814
41,821
41,871
41,884
41,900
41,937
41,944
41,967
41,995
42,50
42,65
42,91
42,100
42,113
42,135
42,181
42,193
42,196
42,214
42,217
42,243
42,250
42,258
42,272
42,285
42,306
42,334
42,346
42,356
42,368
42,373
42,374
42,380
42,383
42,389
42,413
42,426
42,432
42,472
42,474
42,479
42,480
42,499
42,506
42,529
42,571
42,579
42,630
42,649
42,654
42,670
42,682
42,706
42,707
42,713
42,719
42,727
42,735
42,770
42,799
42,815
42,816
42,819
42,838
42,856
42,864
42,874
42,888
42,889
42,927
42,940
42,949
42,978
42,996
42,997
43,53
43,64
43,71
43,73
43,101
43,107
43,113
43,118
43,120
43,129
43,134
43,140
43,155
43,157
43,160
43,167
43,186
43,252
43,253
43,255
43,257
43,280
43,293
43,295
43,297
43,305
43,331
43,353
43,357
43,362
43,378
43,395
43,418
43,453
43,470
43,499
43,512
43,516
43,544
43,613
43,666
43,681
43,708
43,732
43,742
43,780
43,788
43,804
43,838
43,873
43,923
43,932
43,948
43,967
44,49
44,129
44,156
44,283
44,315
44,317
44,318
44,396
44,419
44,453
44,458
44,473
44,500
44,505
44,527
44,539
44,549
44,571
44,595
44,601
44,604
44,641
44,646
44,653
44,695
44,704
44,710
44,720
44,750
44,756
44,835
44,854
44,862
44,923
44,946
44,962
45,53
45,104
45,113
45,143
45,146
45,157
45,176
45,180
45,185
45,227
45,228
45,248
45,270
45,278
45,340
45,349
45,368
45,379
45,383
45,395
45,409
45,445
45,448
45,451
45,484
45,493
45,497
45,512
45,561
45,571
45,576
45,584
45,590
45,592
45,597
45,599
45,606
45,608
45,618
45,664
45,683
45,686
45,716
45,724
45,725
45,766
45,768
45,784
45,810
45,816
45,821
45,825
45,828
45,834
45,864
45,875
45,901
45,909
45,916
45,940
45,956
45,984
46,73
46,78
46,84
46,132
46,157
46,206
46,217
46,218
46,222
46,296
46,301
46,354
46,423
46,445
46,506
46,519
46,521
46,526
46,568
46,569
46,596
46,613
46,619
46,640
46,684
46,708
46,737
46,853
46,930
46,937
46,938
46,978
47,51
47,70
47,79
47,92
47,93
47,119
47,130
47,144
47,149
47,192
47,213
47,222
47,244
47,278
47,302
47,307
47,313
47,320
47,328
47,331
47,348
47,375
47,378
47,384
47,395
47,397
47,412
47,457
47,471
47,497
47,508
47,513
47,519
47,533
47,579
47,586
47,599
47,607
47,620
47,631
47,633
47,636
47,648
47,681
47,682
47,689
47,699
47,700
47,703
47,713
47,719
47,722
47,742
47,772
47,802
47,807
47,814
47,822
47,828
47,851
47,882
47,928
47,933
47,935
47,960
47,968
47,981
47,996
48,54
48,58
48,74
48,83
48,100
48,161
48,164
48,170
48,181
48,191
48,210
48,276
48,297
48,332
48,341
48,366
48,376
48,381
48,401
48,427
48,445
48,455
48,472
48,515
48,557
48,562
48,598
48,643
48,655
48,661
48,683
48,709
48,754
48,771
48,776
48,794
48,809
48,828
48,876
48,891
48,897
48,921
48,932
48,981
49,51
49,131
49,156
49,161
49,173
49,179
49,204
49,240
49,323
49,358
49,392
49,393
49,396
49,428
49,463
49,490
49,629
49,700
49,701
49,711
49,714
49,720
49,768
49,778
49,793
49,796
49,855
49,863
49,869
49,885
49,896
49,918
49,921
49,940
49,954
49,984
50,78
50,133
50,254
50,267
50,274
50,287
50,293
50,324
50,359
50,376
50,389
50,402
50,417
50,420
50,431
50,474
50,510
50,543
50,566
50,570
50,596
50,648
50,744
50,783
50,786
50,803
50,850
50,871
50,874
50,906
50,920
50,946
51,73
51,86
51,128
51,131
51,151
51,164
51,194
51,195
51,201
51,205
51,229
51,254
51,298
51,327
51,338
51,339
51,378
51,392
51,400
51,405
51,425
51,437
51,470
51,472
51,491
51,510
51,511
51,517
51,539
51,552
51,595
51,665
51,668
51,695
51,767
51,783
51,812
51,818
51,845
51,875
51,893
51,896
51,938
51,981
51,983
51,995
52,78
52,120
52,157
52,172
52,299
52,332
52,338
52,424
52,491
52,528
52,540
52,551
52,555
52,614
52,618
52,644
52,673
52,679
52,708
52,712
52,716
52,723
52,730
52,754
52,755
52,774
52,801
52,837
52,849
52,883
52,894
52,924
52,963
52,965
52,970
53,54
53,65
53,81
53,94
53,100
53,112
53,165
53,176
53,188
53,195
53,238
53,244
53,263
53,268
53,295
53,299
53,317
53,326
53,328
53,333
53,335
53,348
53,365
53,396
53,413
53,427
53,428
53,445
53,451
53,460
53,496
53,506
53,510
53,532
53,534
53,552
53,582
53,585
53,589
53,604
53,613
53,616
53,619
53,638
53,650
53,663
53,666
53,677
53,683
53,684
53,687
53,692
53,693
53,715
53,730
53,747
53,757
53,759
53,760
53,798
53,800
53,803
53,814
53,855
53,879
53,903
53,914
53,940
53,946
53,958
53,961
54,73
54,90
54,110
54,113
54,122
54,131
54,132
54,157
54,190
54,199
54,201
54,209
54,213
54,221
54,226
54,233
54,243
54,253
54,257
54,271
54,279
54,298
54,315
54,328
54,335
54,355
54,377
54,421
54,435
54,436
54,448
54,473
54,484
54,492
54,520
54,528
54,535
54,569
54,583
54,613
54,618
54,639
54,663
54,664
54,669
54,674
54,701
54,718
54,746
54,749
54,760
54,775
54,778
54,780
54,811
54,820
54,840
54,868
54,890
54,893
54,906
54,921
54,941
54,950
54,955
54,956
54,975
54,981
55,67
55,105
55,117
55,181
55,193
55,217
55,221
55,357
55,365
55,367
55,368
55,383
55,392
55,406
55,420
55,438
55,443
55,456
55,457
55,465
55,534
55,540
55,587
55,600
55,690
55,720
55,738
55,760
55,799
55,809
55,825
55,840
55,875
55,889
55,922
55,978
56,92
56,124
56,156
56,171
56,297
56,313
56,323
56,330
56,414
56,479
56,528
56,591
56,593
56,684
56,692
56,706
56,758
56,811
56,850
56,852
56,874
56,892
56,899
56,928
56,947
56,955
56,980
56,992
57,60
57,76
57,78
57,147
57,164
57,168
57,253
57,257
57,288
57,293
57,341
57,356
57,368
57,382
57,386
57,452
57,462
57,470
57,578
57,595
57,617
57,642
57,643
57,650
57,696
57,707
57,709
57,712
57,738
57,795
57,842
57,876
57,912
57,918
57,926
57,933
57,951
57,960
57,974
58,142
58,152
58,164
58,166
58,291
58,325
58,348
58,433
58,504
58,512
58,517
58,519
58,537
58,560
58,563
58,581
58,585
58,586
58,589
58,596
58,602
58,603
58,663
58,665
58,671
58,678
58,697
58,709
58,721
58,761
58,781
58,807
58,816
58,846
58,854
58,858
58,877
58,892
58,955
58,969
59,73
59,130
59,149
59,150
59,170
59,181
59,185
59,186
59,250
59,278
59,346
59,394
59,400
59,414
59,417
59,426
59,443
59,445
59,471
59,499
59,511
59,551
59,567
59,592
59,622
59,659
59,696
59,698
59,707
59,716
59,718
59,719
59,770
59,796
59,817
59,823
59,827
59,845
59,852
59,875
59,899
59,952
59,962
59,963
60,62
60,67
60,136
60,197
60,327
60,343
60,369
60,435
60,508
60,612
60,646
60,647
60,694
60,713
60,740
60,751
60,775
60,808
60,837
60,862
60,870
60,874
60,900
60,956
60,960
61,78
61,144
61,244
61,377
61,429
61,470
61,497
61,501
61,506
61,622
61,645
61,787
61,794
61,808
61,816
61,830
61,853
61,975
61,987
62,66
62,87
62,115
62,126
62,155
62,199
62,211
62,242
62,308
62,316
62,331
62,355
62,362
62,385
62,518
62,537
62,544
62,548
62,574
62,593
62,685
62,710
62,725
62,754
62,772
62,809
62,817
62,832
62,850
62,853
62,860
62,866
62,868
62,871
62,888
62,898
62,931
62,951
62,973
62,997
63,65
63,103
63,125
63,185
63,203
63,213
63,223
63,256
63,266
63,290
63,298
63,368
63,376
63,389
63,402
63,419
63,444
63,496
63,538
63,543
63,544
63,557
63,601
63,604
63,610
63,630
63,634
63,653
63,654
63,674
63,685
63,700
63,725
63,736
63,764
63,782
63,796
63,803
63,834
63,859
63,909
63,935
63,974
63,977
63,993
64,67
64,100
64,157
64,184
64,242
64,253
64,256
64,321
64,348
64,400
64,462
64,480
64,535
64,543
64,577
64,582
64,595
64,607
64,612
64,659
64,661
64,664
64,720
64,765
64,781
64,791
64,794
64,795
64,853
64,860
64,896
64,934
64,949
64,950
64,990
64,996
65,68
65,87
65,129
65,130
65,135
65,179
65,184
65,188
65,200
65,222
65,235
65,243
65,256
65,267
65,268
65,278
65,294
65,295
65,309
65,321
65,339
65,340
65,381
65,382
65,384
65,399
65,400
65,405
65,413
65,415
65,416
65,417
65,425
65,460
65,461
65,478
65,492
65,503
65,509
65,518
65,524
65,533
65,538
65,565
65,568
65,576
65,595
65,604
65,613
65,616
65,628
65,638
65,650
65,656
65,661
65,669
65,674
65,686
65,695
65,721
65,724
65,748
65,749
65,754
65,764
65,765
65,777
65,801
65,815
65,825
65,827
65,836
65,841
65,864
65,865
65,893
65,896
65,917
65,921
65,950
65,956
65,966
65,991
66,70
66,80
66,81
66,117
66,169
66,187
66,215
66,217
66,232
66,237
66,263
66,267
66,268
66,313
66,316
66,329
66,335
66,340
66,351
66,384
66,406
66,436
66,449
66,460
66,511
66,521
66,542
66,543
66,598
66,614
66,626
66,714
66,746
66,761
66,782
66,785
66,789
66,809
66,819
66,863
66,867
66,876
66,924
66,952
66,953
66,955
66,985
67,76
67,80
67,86
67,103
67,106
67,107
67,135
67,138
67,142
67,167
67,186
67,188
67,198
67,224
67,248
67,250
67,258
67,281
67,310
67,334
67,343
67,367
67,383
67,387
67,418
67,420
67,434
67,435
67,438
67,445
67,446
67,468
67,479
67,518
67,521
67,538
67,543
67,553
67,565
67,576
67,577
67,595
67,629
67,655
67,664
67,694
67,735
67,741
67,768
67,774
67,775
67,792
67,798
67,803
67,844
67,868
67,873
67,921
67,962
67,981
67,983
67,986
67,988
68,70
68,95
68,97
68,111
68,130
68,173
68,175
68,201
68,209
68,222
68,238
68,244
68,256
68,260
68,269
68,294
68,298
68,319
68,335
68,355
68,392
68,410
68,413
68,425
68,435
68,457
68,460
68,472
68,477
68,483
68,496
68,523
68,533
68,582
68,606
68,627
68,649
68,653
68,654
68,661
68,663
68,666
68,673
68,692
68,695
68,702
68,722
68,726
68,731
68,732
68,736
68,766
68,781
68,790
68,791
68,793
68,795
68,800
68,801
68,802
68,812
68,826
68,857
68,876
68,890
68,904
68,911
68,917
68,924
68,929
68,930
68,937
68,941
68,950
68,954
68,960
68,966
68,978
68,991
69,123
69,138
69,154
69,278
69,279
69,285
69,291
69,327
69,404
69,440
69,457
69,477
69,593
69,640
69,648
69,682
69,709
69,730
69,756
69,863
69,866
69,871
69,906
69,934
69,993
70,85
70,86
70,96
70,135
70,186
70,205
70,214
70,238
70,242
70,250
70,271
70,273
70,331
70,343
70,372
70,374
70,398
70,428
70,451
70,477
70,496
70,499
70,538
70,544
70,552
70,598
70,672
70,679
70,698
70,703
70,749
70,785
70,786
70,794
70,802
70,814
70,837
70,845
70,939
70,950
70,954
70,961
70,970
70,972
70,983
71,132
71,143
71,155
71,282
71,320
71,419
71,504
71,543
71,595
71,597
71,659
71,676
71,719
71,869
71,880
71,882
71,967
71,968
72,114
72,138
72,155
72,206
72,257
72,295
72,334
72,336
72,386
72,394
72,400
72,406
72,492
72,532
72,567
72,641
72,648
72,682
72,704
72,712
72,778
72,845
72,851
72,897
72,922
72,928
73,83
73,113
73,124
73,134
73,177
73,180
73,181
73,228
73,244
73,250
73,252
73,256
73,268
73,302
73,313
73,318
73,328
73,379
73,425
73,445
73,480
73,486
73,509
73,521
73,524
73,528
73,547
73,585
73,596
73,604
73,610
73,616
73,645
73,659
73,676
73,687
73,692
73,698
73,732
73,756
73,760
73,812
73,815
73,820
73,865
73,867
73,891
73,893
73,896
73,907
73,908
73,921
73,931
73,933
73,945
73,948
73,955
73,980
73,996
74,164
74,201
74,204
74,238
74,277
74,304
74,330
74,337
74,432
74,446
74,515
74,524
74,541
74,595
74,678
74,684
74,754
74,756
74,768
74,774
74,793
74,803
74,804
74,810
74,853
74,871
74,875
74,915
74,952
75,92
75,97
75,110
75,173
75,239
75,295
75,313
75,392
75,422
75,427
75,438
75,462
75,476
75,483
75,490
75,556
75,600
75,648
75,653
75,710
75,724
75,732
75,766
75,767
75,782
75,800
75,805
75,830
75,876
75,886
75,928
75,945
75,987
76,105
76,107
76,112
76,131
76,159
76,176
76,181
76,186
76,193
76,195
76,203
76,233
76,240
76,263
76,267
76,294
76,303
76,331
76,333
76,335
76,348
76,352
76,369
76,381
76,384
76,387
76,432
76,457
76,467
76,474
76,475
76,490
76,497
76,533
76,535
76,538
76,544
76,573
76,579
76,581
76,586
76,589
76,595
76,599
76,606
76,654
76,674
76,675
76,677
76,684
76,694
76,732
76,753
76,797
76,801
76,813
76,879
76,902
76,911
76,921
76,931
76,932
76,986
76,987
77,79
77,124
77,139
77,152
77,170
77,181
77,185
77,216
77,222
77,242
77,285
77,289
77,331
77,336
77,363
77,369
77,395
77,424
77,425
77,515
77,516
77,546
77,601
77,602
77,623
77,689
77,691
77,718
77,719
77,723
77,743
77,781
77,782
77,814
77,859
77,866
77,888
77,893
77,903
77,913
77,916
77,946
77,973
78,92
78,111
78,134
78,143
78,148
78,161
78,169
78,200
78,287
78,295
78,303
78,313
78,331
78,357
78,386
78,435
78,450
78,451
78,472
78,556
78,587
78,632
78,637
78,683
78,684
78,698
78,707
78,832
78,833
78,853
78,863
78,884
78,889
78,906
78,917
78,952
78,995
79,103
79,122
79,209
79,218
79,220
79,308
79,311
79,312
79,435
79,454
79,499
79,521
79,535
79,598
79,623
79,626
79,639
79,674
79,723
79,763
79,777
79,782
79,802
79,814
79,849
79,860
79,865
79,935
79,955
79,965
80,113
80,128
80,149
80,167
80,228
80,275
80,282
80,326
80,330
80,346
80,353
80,362
80,387
80,391
80,417
80,429
80,441
80,455
80,459
80,476
80,493
80,554
80,581
80,614
80,619
80,642
80,698
80,733
80,735
80,767
80,821
80,832
80,865
80,899
80,903
80,927
80,941
80,947
80,957
80,987
81,97
81,98
81,126
81,134
81,148
81,166
81,218
81,242
81,245
81,247
81,248
81,250
81,254
81,287
81,335
81,348
81,363
81,386
81,399
81,434
81,438
81,461
81,493
81,497
81,501
81,512
81,534
81,536
81,561
81,580
81,584
81,588
81,596
81,602
81,610
81,613
81,654
81,661
81,672
81,681
81,682
81,683
81,684
81,702
81,704
81,705
81,714
81,746
81,786
81,802
81,803
81,834
81,857
81,861
81,904
81,923
81,947
81,965
81,968
81,975
81,985
82,148
82,151
82,192
82,231
82,310
82,347
82,350
82,356
82,537
82,604
82,627
82,716
82,724
82,741
82,780
82,783
82,821
83,91
83,97
83,107
83,115
83,122
83,132
83,141
83,156
83,203
83,221
83,222
83,224
83,238
83,277
83,301
83,361
83,368
83,374
83,406
83,476
83,490
83,504
83,557
83,595
83,602
83,622
83,630
83,685
83,686
83,700
83,724
83,757
83,772
83,783
83,824
83,860
83,863
83,881
83,917
83,926
83,981
83,994
83,996
84,97
84,100
84,104
84,135
84,139
84,194
84,235
84,237
84,247
84,283
84,318
84,333
84,348
84,367
84,381
84,390
84,394
84,520
84,579
84,642
84,724
84,733
84,750
84,766
84,773
84,859
84,929
84,936
84,973
84,984
84,988
85,125
85,176
85,245
85,296
85,315
85,328
85,332
85,336
85,345
85,351
85,365
85,372
85,401
85,411
85,440
85,467
85,504
85,533
85,552
85,609
85,645
85,678
85,679
85,707
85,735
85,761
85,834
85,919
85,947
85,985
85,992
85,998
86,102
86,112
86,200
86,250
86,297
86,307
86,311
86,361
86,362
86,397
86,455
86,464
86,498
86,520
86,525
86,527
86,532
86,557
86,566
86,680
86,789
86,848
86,907
86,912
86,942
86,964
86,988
87,117
87,122
87,166
87,172
87,185
87,188
87,195
87,199
87,213
87,232
87,272
87,281
87,284
87,327
87,372
87,383
87,390
87,417
87,465
87,499
87,514
87,521
87,529
87,537
87,567
87,574
87,575
87,585
87,603
87,612
87,635
87,641
87,666
87,670
87,694
87,734
87,748
87,764
87,784
87,801
87,809
87,820
87,823
87,825
87,837
87,845
87,853
87,864
87,880
87,888
87,916
87,961
87,965
87,979
88,105
88,203
88,209
88,217
88,246
88,314
88,349
88,428
88,462
88,470
88,530
88,549
88,573
88,592
88,601
88,631
88,681
88,705
88,726
88,765
88,877
88,886
88,893
88,910
89,90
89,118
89,119
89,133
89,143
89,156
89,174
89,193
89,196
89,200
89,226
89,237
89,251
89,287
89,300
89,301
89,361
89,372
89,389
89,394
89,411
89,413
89,425
89,435
89,447
89,449
89,474
89,490
89,504
89,517
89,536
89,554
89,556
89,571
89,576
89,586
89,603
89,629
89,638
89,661
89,667
89,685
89,710
89,717
89,720
89,721
89,729
89,736
89,754
89,778
89,781
89,805
89,844
89,850
89,893
89,900
89,902
89,920
89,947
89,955
89,977
89,978
89,981
89,986
89,992
90,113
90,123
90,128
90,133
90,157
90,170
90,198
90,206
90,214
90,240
90,242
90,252
90,282
90,285
90,353
90,368
90,404
90,407
90,414
90,428
90,435
90,437
90,442
90,497
90,521
90,532
90,555
90,563
90,578
90,642
90,674
90,701
90,710
90,720
90,751
90,786
90,807
90,842
90,852
90,876
90,887
90,888
90,899
90,904
90,915
90,950
90,960
90,966
90,970
90,984
90,987
90,990
91,93
91,99
91,108
91,113
91,124
91,133
91,139
91,141
91,159
91,186
91,193
91,206
91,218
91,224
91,246
91,248
91,253
91,256
91,258
91,271
91,278
91,285
91,315
91,320
91,321
91,338
91,348
91,357
91,393
91,403
91,405
91,425
91,428
91,434
91,449
91,463
91,492
91,516
91,533
91,538
91,564
91,567
91,576
91,615
91,654
91,659
91,686
91,707
91,709
91,710
91,727
91,747
91,749
91,775
91,791
91,798
91,818
91,820
91,821
91,834
91,851
91,878
91,879
91,896
91,909
91,910
91,914
91,916
91,917
91,929
91,934
91,940
91,958
91,967
91,969
91,977
91,984
91,989
92,121
92,152
92,159
92,174
92,178
92,183
92,202
92,206
92,259
92,300
92,344
92,346
92,384
92,405
92,459
92,484
92,496
92,504
92,507
92,535
92,564
92,569
92,607
92,612
92,622
92,628
92,632
92,667
92,704
92,713
92,802
92,828
92,832
92,869
92,875
92,887
92,944
92,985
93,115
93,116
93,168
93,219
93,236
93,242
93,287
93,346
93,365
93,367
93,380
93,395
93,444
93,457
93,472
93,480
93,483
93,487
93,497
93,512
93,526
93,558
93,578
93,581
93,603
93,625
93,660
93,661
93,672
93,699
93,705
93,713
93,721
93,722
93,740
93,743
93,766
93,781
93,787
93,793
93,801
93,816
93,853
93,860
93,876
93,901
93,912
93,934
93,964
93,972
93,997
94,126
94,127
94,159
94,205
94,206
94,251
94,323
94,369
94,417
94,439
94,483
94,512
94,517
94,624
94,641
94,718
94,785
94,811
94,825
94,854
94,918
95,126
95,139
95,193
95,295
95,300
95,342
95,363
95,394
95,430
95,457
95,466
95,477
95,502
95,518
95,525
95,534
95,536
95,587
95,601
95,603
95,623
95,642
95,649
95,684
95,688
95,715
95,747
95,851
95,875
95,890
95,920
95,949
95,953
95,954
96,181
96,245
96,256
96,265
96,267
96,306
96,331
96,334
96,357
96,376
96,393
96,404
96,462
96,475
96,493
96,554
96,594
96,643
96,654
96,672
96,719
96,767
96,788
96,819
96,826
96,846
96,865
96,915
96,991
96,992
97,103
97,112
97,134
97,136
97,147
97,177
97,192
97,193
97,198
97,220
97,227
97,229
97,284
97,307
97,344
97,362
97,378
97,384
97,398
97,405
97,425
97,447
97,451
97,468
97,480
97,483
97,508
97,517
97,520
97,535
97,547
97,569
97,593
97,606
97,608
97,610
97,611
97,616
97,626
97,667
97,703
97,706
97,737
97,742
97,746
97,771
97,791
97,830
97,843
97,863
97,890
98,101
98,243
98,290
98,317
98,374
98,390
98,399
98,404
98,416
98,438
98,453
98,456
98,473
98,495
98,583
98,595
98,614
98,629
98,632
98,641
98,662
98,666
98,716
98,749
98,778
98,781
98,793
98,834
98,857
98,862
98,881
98,984
99,112
99,132
99,137
99,140
99,141
99,243
99,249
99,288
99,289
99,310
99,349
99,386
99,400
99,432
99,450
99,459
99,461
99,495
99,545
99,552
99,581
99,591
99,593
99,666
99,721
99,740
99,741
99,749
99,754
99,775
99,780
99,789
99,867
99,873
99,886
99,975
99,989
100,106
100,137
100,157
100,163
100,172
100,186
100,200
100,213
100,214
100,221
100,225
100,265
100,285
100,289
100,313
100,321
100,328
100,373
100,385
100,399
100,403
100,423
100,425
100,431
100,438
100,439
100,462
100,472
100,496
100,502
100,506
100,519
100,536
100,546
100,562
100,565
100,578
100,591
100,600
100,602
100,610
100,622
100,639
100,659
100,735
100,742
100,743
100,748
100,751
100,757
100,774
100,795
100,865
100,874
100,890
100,896
100,914
100,919
100,937
100,950
100,963
100,976
100,984
100,995
101,213
101,236
101,281
101,292
101,368
101,403
101,413
101,427
101,431
101,435
101,465
101,470
101,573
101,594
101,617
101,649
101,663
101,822
101,829
101,855
101,884
101,889
101,942
101,981
102,133
102,159
102,174
102,191
102,218
102,237
102,245
102,259
102,278
102,298
102,314
102,349
102,371
102,427
102,432
102,451
102,464
102,487
102,521
102,628
102,641
102,727
102,837
102,851
103,124
103,132
103,141
103,209
103,211
103,220
103,262
103,288
103,293
103,307
103,346
103,361
103,374
103,377
103,390
103,394
103,400
103,424
103,445
103,451
103,463
103,495
103,512
103,521
103,522
103,532
103,549
103,557
103,581
103,582
103,591
103,613
103,627
103,629
103,632
103,665
103,671
103,728
103,741
103,767
103,792
103,802
103,805
103,816
103,819
103,851
103,858
103,881
103,903
103,921
103,922
103,937
103,948
103,965
103,973
103,984
103,993
103,999
104,110
104,133
104,211
104,220
104,236
104,248
104,250
104,259
104,262
104,269
104,333
104,374
104,394
104,397
104,409
104,442
104,468
104,479
104,486
104,495
104,501
104,510
104,519
104,540
104,558
104,607
104,623
104,628
104,681
104,685
104,690
104,705
104,713
104,723
104,752
104,780
104,816
104,836
104,928
104,961
104,983
105,140
105,144
105,198
105,201
105,230
105,257
105,290
105,306
105,350
105,368
105,382
105,399
105,441
105,464
105,483
105,494
105,503
105,507
105,525
105,551
105,553
105,643
105,677
105,695
105,696
105,716
105,740
105,774
105,837
105,841
105,845
105,852
105,889
105,917
105,978
105,993
106,124
106,164
106,177
106,181
106,229
106,252
106,271
106,277
106,315
106,319
106,321
106,393
106,394
106,419
106,425
106,451
106,464
106,466
106,478
106,494
106,502
106,543
106,579
106,580
106,581
106,594
106,617
106,639
106,654
106,669
106,681
106,694
106,708
106,712
106,716
106,796
106,803
106,806
106,844
106,846
106,861
106,864
106,872
106,873
106,877
106,878
106,914
106,946
107,112
107,126
107,128
107,160
107,162
107,164
107,183
107,203
107,205
107,315
107,333
107,384
107,386
107,421
107,422
107,425
107,447
107,458
107,459
107,464
107,468
107,476
107,536
107,609
107,625
107,682
107,697
107,709
107,781
107,787
107,804
107,825
107,835
107,844
107,873
107,890
107,928
107,934
107,945
107,981
107,987
108,145
108,163
108,180
108,188
108,197
108,204
108,221
108,268
108,278
108,279
108,310
108,313
108,332
108,335
108,377
108,383
108,387
108,396
108,403
108,405
108,406
108,416
108,424
108,428
108,435
108,448
108,451
108,457
108,460
108,473
108,476
108,483
108,490
108,497
108,498
108,506
108,545
108,552
108,566
108,578
108,580
108,581
108,599
108,602
108,613
108,623
108,626
108,632
108,639
108,645
108,670
108,680
108,705
108,726
108,732
108,737
108,747
108,770
108,799
108,802
108,808
108,827
108,837
108,854
108,865
108,885
108,898
108,905
108,921
108,927
108,932
108,937
108,940
108,950
108,955
108,958
108,977
108,988
109,118
109,152
109,250
109,268
109,286
109,319
109,322
109,324
109,374
109,389
109,413
109,415
109,464
109,472
109,508
109,520
109,528
109,533
109,545
109,584
109,628
109,658
109,662
109,679
109,692
109,705
109,845
109,860
109,864
109,866
109,990
109,991
110,130
110,159
110,180
110,243
110,271
110,284
110,285
110,347
110,357
110,362
110,386
110,406
110,413
110,431
110,434
110,480
110,496
110,553
110,556
110,566
110,576
110,601
110,610
110,624
110,674
110,684
110,695
110,697
110,715
110,721
110,751
110,753
110,764
110,772
110,820
110,825
110,881
110,901
110,911
110,920
111,128
111,130
111,232
111,290
111,326
111,348
111,358
111,363
111,377
111,394
111,396
111,399
111,412
111,422
111,423
111,436
111,449
111,472
111,492
111,519
111,578
111,583
111,585
111,614
111,638
111,649
111,654
111,701
111,736
111,851
111,857
111,876
111,905
111,927
111,954
111,985
112,158
112,161
112,166
112,169
112,176
112,288
112,323
112,326
112,327
112,344
112,347
112,391
112,454
112,461
112,476
112,504
112,567
112,586
112,594
112,609
112,633
112,654
112,666
112,683
112,688
112,697
112,701
112,705
112,754
112,763
112,803
112,807
112,840
112,848
112,879
112,891
112,906
112,921
112,944
112,980
113,132
113,134
113,139
113,150
113,181
113,186
113,234
113,235
113,310
113,328
113,330
113,335
113,350
113,355
113,374
113,383
113,398
113,410
113,415
113,422
113,423
113,424
113,426
113,431
113,442
113,474
113,479
113,480
113,487
113,496
113,551
113,552
113,553
113,562
113,563
113,565
113,580
113,599
113,611
113,622
113,623
113,629
113,634
113,659
113,661
113,687
113,688
113,694
113,695
113,726
113,730
113,765
113,777
113,781
113,787
113,790
113,810
113,816
113,841
113,855
113,857
113,866
113,869
113,909
113,924
113,954
113,990
114,116
114,176
114,177
114,209
114,259
114,380
114,386
114,403
114,427
114,432
114,433
114,504
114,505
114,552
114,560
114,581
114,591
114,664
114,693
114,707
114,722
114,745
114,777
114,803
114,920
114,934
115,148
115,221
115,224
115,255
115,268
115,295
115,298
115,323
115,328
115,329
115,337
115,343
115,371
115,376
115,379
115,395
115,409
115,430
115,453
115,480
115,490
115,522
115,523
115,535
115,543
115,566
115,579
115,604
115,621
115,623
115,636
115,646
115,650
115,667
115,674
115,691
115,694
115,701
115,725
115,730
115,757
115,761
115,775
115,786
115,824
115,830
115,844
115,862
115,869
115,893
115,904
115,909
115,911
115,946
115,949
115,954
115,971
115,978
116,157
116,158
116,178
116,185
116,218
116,254
116,298
116,309
116,315
116,317
116,331
116,340
116,415
116,426
116,442
116,479
116,496
116,506
116,531
116,535
116,557
116,559
116,562
116,580
116,581
116,629
116,639
116,643
116,648
116,659
116,661
116,662
116,669
116,674
116,736
116,740
116,765
116,770
116,781
116,800
116,868
116,884
116,904
116,934
116,950
116,975
117,118
117,126
117,142
117,152
117,167
117,185
117,197
117,218
117,243
117,259
117,304
117,322
117,324
117,325
117,357
117,380
117,430
117,446
117,447
117,472
117,520
117,548
117,555
117,577
117,588
117,607
117,618
117,621
117,648
117,670
117,693
117,706
117,712
117,738
117,751
117,762
117,794
117,800
117,915
117,929
117,945
118,343
118,380
118,397
118,408
118,460
118,636
118,677
118,684
118,724
118,735
118,758
118,767
118,783
118,807
118,861
118,885
118,889
118,904
118,920
118,926
119,152
119,178
119,181
119,211
119,228
119,236
119,380
119,381
119,392
119,421
119,503
119,511
119,527
119,538
119,556
119,653
119,675
119,711
119,718
119,742
119,776
119,783
119,788
119,797
119,823
119,862
119,983
120,138
120,199
120,200
120,224
120,240
120,250
120,261
120,267
120,379
120,392
120,451
120,475
120,534
120,544
120,566
120,602
120,622
120,649
120,692
120,729
120,763
120,768
120,783
120,827
120,904
120,922
120,930
120,952
120,964
121,134
121,135
121,151
121,171
121,177
121,180
121,193
121,200
121,203
121,214
121,225
121,260
121,290
121,297
121,299
121,306
121,326
121,328
121,334
121,368
121,380
121,390
121,396
121,399
121,422
121,460
121,532
121,576
121,579
121,592
121,600
121,650
121,654
121,658
121,669
121,684
121,705
121,708
121,715
121,752
121,798
121,806
121,815
121,816
121,838
121,841
121,851
121,855
121,860
121,862
121,875
121,904
121,917
121,920
121,937
121,946
121,955
121,988
121,991
122,196
122,259
122,280
122,426
122,432
122,443
122,449
122,478
122,482
122,491
122,504
122,521
122,554
122,588
122,600
122,625
122,648
122,657
122,723
122,787
122,799
122,813
122,932
122,937
122,957
122,981
122,989
123,190
123,288
123,340
123,355
123,363
123,374
123,381
123,397
123,479
123,508
123,515
123,535
123,540
123,542
123,689
123,707
123,746
123,783
123,792
123,858
123,892
123,899
123,950
123,968
123,974
123,991
124,147
124,156
124,164
124,170
124,182
124,184
124,213
124,217
124,220
124,254
124,257
124,293
124,298
124,299
124,360
124,374
124,375
124,376
124,420
124,436
124,444
124,466
124,478
124,488
124,514
124,537
124,542
124,551
124,579
124,586
124,604
124,606
124,613
124,616
124,649
124,650
124,685
124,720
124,735
124,736
124,768
124,774
124,776
124,781
124,815
124,886
124,893
124,906
124,922
124,960
124,972
125,159
125,168
125,176
125,196
125,218
125,256
125,260
125,302
125,378
125,411
125,419
125,426
125,459
125,480
125,504
125,512
125,517
125,547
125,560
125,561
125,582
125,586
125,600
125,613
125,639
125,648
125,736
125,740
125,743
125,773
125,795
125,817
125,879
125,940
125,990
126,128
126,139
126,140
126,147
126,192
126,215
126,223
126,233
126,286
126,312
126,317
126,325
126,340
126,367
126,369
126,399
126,414
126,415
126,448
126,458
126,469
126,473
126,487
126,497
126,503
126,522
126,523
126,540
126,554
126,572
126,584
126,588
126,608
126,625
126,626
126,633
126,652
126,665
126,670
126,687
126,698
126,705
126,720
126,736
126,740
126,805
126,816
126,861
126,905
126,909
126,943
126,955
126,957
126,977
126,984
127,135
127,195
127,307
127,314
127,346
127,474
127,492
127,539
127,600
127,633
127,643
127,663
127,719
127,735
127,752
127,809
127,851
127,861
127,930
127,968
128,139
128,153
128,160
128,227
128,264
128,301
128,311
128,403
128,404
128,421
128,465
128,515
128,532
128,604
128,616
128,680
128,690
128,697
128,747
128,771
128,778
128,785
128,786
128,787
128,791
128,800
128,802
128,840
128,896
128,938
128,941
128,966
128,971
128,972
128,975
128,987
129,132
129,164
129,172
129,175
129,223
129,224
129,292
129,293
129,296
129,311
129,317
129,319
129,321
129,324
129,326
129,331
129,335
129,339
129,353
129,364
129,378
129,432
129,478
129,513
129,516
129,520
129,546
129,557
129,561
129,564
129,596
129,597
129,598
129,606
129,637
129,659
129,697
129,698
129,701
129,725
129,741
129,770
129,798
129,836
129,864
129,873
129,896
129,904
129,923
129,932
129,934
129,943
129,961
129,970
130,156
130,172
130,173
130,213
130,230
130,246
130,260
130,262
130,281
130,298
130,322
130,360
130,366
130,446
130,474
130,484
130,583
130,588
130,595
130,706
130,735
130,744
130,788
130,797
130,816
130,828
130,877
130,922
130,935
130,936
130,948
130,971
130,982
131,189
131,192
131,242
131,243
131,253
131,257
131,318
131,348
131,408
131,431
131,442
131,457
131,474
131,523
131,536
131,537
131,542
131,544
131,569
131,572
131,581
131,618
131,638
131,652
131,713
131,841
131,901
131,963
131,984
132,146
132,149
132,194
132,213
132,229
132,235
132,243
132,245
132,264
132,272
132,275
132,287
132,289
132,290
132,294
132,296
132,309
132,327
132,346
132,348
132,360
132,371
132,375
132,388
132,397
132,398
132,413
132,418
132,429
132,459
132,474
132,496
132,509
132,539
132,555
132,589
132,626
132,628
132,649
132,695
132,697
132,719
132,726
132,730
132,760
132,762
132,763
132,764
132,766
132,797
132,800
132,807
132,811
132,828
132,833
132,837
132,876
132,893
132,916
132,921
132,922
132,966
132,983
132,984
132,987
133,199
133,209
133,217
133,243
133,259
133,281
133,309
133,347
133,374
133,385
133,432
133,458
133,507
133,541
133,558
133,654
133,707
133,786
133,796
133,801
133,841
133,844
133,866
133,922
133,945
133,955
133,970
133,988
133,996
134,135
134,145
134,146
134,147
134,149
134,157
134,163
134,175
134,205
134,210
134,219
134,228
134,242
134,256
134,260
134,268
134,283
134,297
134,309
134,328
134,335
134,338
134,342
134,363
134,376
134,393
134,404
134,422
134,424
134,426
134,432
134,434
134,443
134,445
134,448
134,451
134,453
134,457
134,466
134,471
134,472
134,474
134,496
134,503
134,527
134,536
134,540
134,543
134,544
134,561
134,565
134,580
134,582
134,598
134,607
134,616
134,617
134,636
134,639
134,650
134,661
134,665
134,666
134,674
134,685
134,686
134,697
134,706
134,740
134,741
134,747
134,748
134,772
134,775
134,778
134,791
134,826
134,837
134,839
134,845
134,858
134,868
134,873
134,875
134,876
134,886
134,893
134,895
134,900
134,901
134,907
134,917
134,922
134,925
134,937
134,950
134,958
134,962
134,966
134,975
134,976
134,990
134,991
134,996
135,139
135,141
135,157
135,165
135,184
135,200
135,224
135,225
135,228
135,242
135,258
135,269
135,277
135,283
135,301
135,302
135,335
135,349
135,367
135,368
135,417
135,425
135,435
135,451
135,457
135,463
135,472
135,473
135,474
135,476
135,492
135,538
135,541
135,561
135,579
135,589
135,594
135,599
135,618
135,623
135,634
135,644
135,650
135,663
135,673
135,680
135,696
135,710
135,714
135,787
135,791
135,796
135,820
135,853
135,879
135,890
135,909
135,955
135,971
135,973
135,984
135,990
136,144
136,150
136,163
136,218
136,278
136,288
136,322
136,361
136,380
136,418
136,424
136,445
136,446
136,474
136,501
136,533
136,577
136,597
136,618
136,619
136,674
136,697
136,709
136,718
136,748
136,752
136,801
136,804
136,834
136,914
136,921
136,960
137,151
137,171
137,182
137,206
137,259
137,293
137,306
137,317
137,327
137,339
137,372
137,377
137,380
137,389
137,396
137,410
137,435
137,444
137,447
137,463
137,472
137,523
137,552
137,586
137,606
137,640
137,655
137,656
137,723
137,764
137,783
137,788
137,796
137,800
137,810
137,813
137,828
137,851
137,875
137,900
137,928
138,142
138,228
138,352
138,374
138,408
138,455
138,457
138,510
138,557
138,580
138,593
138,617
138,774
138,806
138,827
138,874
138,879
138,908
138,919
138,954
138,956
139,157
139,186
139,215
139,227
139,229
139,250
139,268
139,280
139,301
139,323
139,335
139,368
139,378
139,380
139,442
139,447
139,458
139,459
139,493
139,494
139,506
139,523
139,533
139,539
139,542
139,543
139,576
139,578
139,603
139,627
139,636
139,640
139,645
139,673
139,679
139,697
139,709
139,719
139,721
139,727
139,741
139,755
139,763
139,770
139,772
139,775
139,780
139,784
139,814
139,816
139,837
139,851
139,921
139,932
139,940
139,953
140,152
140,159
140,162
140,172
140,213
140,216
140,238
140,239
140,241
140,243
140,301
140,313
140,356
140,402
140,408
140,447
140,484
140,493
140,501
140,514
140,517
140,527
140,543
140,550
140,558
140,559
140,572
140,576
140,590
140,637
140,647
140,668
140,690
140,722
140,731
140,737
140,749
140,842
140,851
140,897
140,902
140,955
140,997
141,180
141,193
141,201
141,253
141,263
141,278
141,298
141,302
141,311
141,324
141,340
141,343
141,348
141,356
141,367
141,384
141,399
141,415
141,417
141,446
141,469
141,482
141,492
141,495
141,570
141,599
141,601
141,628
141,647
141,680
141,688
141,701
141,772
141,777
141,782
141,791
141,793
141,802
141,824
141,831
141,851
141,853
141,892
141,898
141,904
141,906
141,909
141,928
141,933
141,938
141,980
142,157
142,159
142,197
142,206
142,218
142,226
142,253
142,256
142,267
142,283
142,324
142,334
142,363
142,384
142,385
142,399
142,415
142,430
142,435
142,446
142,447
142,451
142,468
142,498
142,518
142,523
142,535
142,581
142,598
142,616
142,641
142,659
142,665
142,668
142,683
142,686
142,701
142,708
142,773
142,800
142,823
142,834
142,835
142,836
142,857
142,870
142,881
142,884
142,898
142,906
142,925
142,937
142,984
142,988
143,146
143,152
143,157
143,165
143,171
143,175
143,188
143,195
143,199
143,207
143,209
143,219
143,231
143,244
143,247
143,254
143,256
143,268
143,298
143,303
143,306
143,307
143,346
143,366
143,379
143,380
143,383
143,415
143,425
143,443
143,445
143,447
143,451
143,460
143,472
143,473
143,479
143,486
143,502
143,504
143,508
143,542
143,543
143,582
143,597
143,600
143,613
143,615
143,633
143,636
143,645
143,651
143,661
143,665
143,667
143,695
143,699
143,705
143,727
143,729
143,742
143,747
143,758
143,760
143,810
143,842
143,860
143,868
143,914
143,917
143,932
143,956
143,985
144,164
144,183
144,219
144,262
144,294
144,297
144,318
144,358
144,405
144,417
144,432
144,437
144,447
144,541
144,571
144,637
144,656
144,677
144,685
144,724
144,792
144,821
144,960
144,971
144,975
144,993
145,147
145,152
145,157
145,170
145,174
145,184
145,188
145,197
145,203
145,214
145,246
145,295
145,301
145,306
145,329
145,335
145,356
145,361
145,371
145,374
145,396
145,407
145,409
145,419
145,424
145,425
145,431
145,439
145,447
145,455
145,471
145,475
145,481
145,500
145,515
145,517
145,532
145,549
145,552
145,555
145,557
145,564
145,577
145,584
145,595
145,602
145,609
145,611
145,614
145,619
145,629
145,686
145,687
145,697
145,722
145,724
145,726
145,736
145,757
145,759
145,769
145,814
145,837
145,857
145,862
145,884
145,896
145,911
145,921
145,932
145,955
145,958
145,975
146,150
146,179
146,241
146,244
146,271
146,312
146,359
146,368
146,370
146,443
146,502
146,514
146,543
146,554
146,556
146,578
146,583
146,612
146,667
146,687
146,714
146,716
146,755
146,792
146,803
146,824
146,839
146,964
146,991
147,148
147,157
147,163
147,185
147,206
147,207
147,228
147,235
147,243
147,246
147,248
147,256
147,263
147,265
147,276
147,278
147,298
147,299
147,329
147,334
147,338
147,348
147,358
147,363
147,368
147,391
147,399
147,418
147,425
147,427
147,437
147,451
147,453
147,472
147,476
147,478
147,479
147,591
147,592
147,598
147,608
147,627
147,632
147,634
147,636
147,639
147,641
147,648
147,654
147,656
147,661
147,663
147,665
147,684
147,714
147,721
147,736
147,747
147,776
147,779
147,781
147,789
147,791
147,814
147,815
147,844
147,873
147,898
147,903
147,906
147,907
147,917
147,937
147,938
147,950
147,977
147,999
148,164
148,169
148,177
148,213
148,214
148,218
148,228
148,256
148,276
148,298
148,305
148,313
148,328
148,329
148,398
148,409
148,425
148,434
148,435
148,453
148,459
148,474
148,478
148,482
148,485
148,490
148,492
148,497
148,506
148,523
148,534
148,538
148,543
148,553
148,556
148,579
148,583
148,586
148,590
148,607
148,611
148,621
148,632
148,634
148,654
148,658
148,661
148,662
148,663
148,669
148,672
148,675
148,684
148,686
148,706
148,784
148,791
148,793
148,799
148,820
148,857
148,858
148,879
148,881
148,909
148,911
148,946
148,951
148,963
148,971
148,982
148,986
149,215
149,248
149,264
149,276
149,510
149,520
149,545
149,594
149,643
149,651
149,723
149,751
149,767
149,870
149,898
149,917
149,951
149,992
150,155
150,175
150,176
150,193
150,197
150,260
150,314
150,318
150,324
150,350
150,356
150,361
150,378
150,380
150,403
150,412
150,446
150,472
150,495
150,522
150,566
150,584
150,590
150,631
150,661
150,683
150,695
150,707
150,714
150,715
150,734
150,765
150,809
150,810
150,817
150,825
150,860
150,867
150,887
150,902
150,997
151,205
151,213
151,254
151,280
151,351
151,448
151,482
151,484
151,589
151,615
151,619
151,633
151,637
151,655
151,663
151,664
151,690
151,724
151,789
151,853
151,953
151,955
151,963
152,159
152,167
152,169
152,171
152,194
152,206
152,208
152,212
152,259
152,261
152,291
152,334
152,358
152,366
152,391
152,415
152,445
152,460
152,462
152,468
152,558
152,564
152,585
152,682
152,692
152,709
152,723
152,739
152,759
152,778
152,781
152,787
152,794
152,813
152,837
152,850
152,925
152,926
152,957
152,979
152,981
152,987
152,994
152,999
153,206
153,208
153,285
153,332
153,340
153,357
153,422
153,423
153,429
153,491
153,556
153,573
153,586
153,615
153,616
153,619
153,625
153,710
153,712
153,762
153,796
153,875
153,890
153,955
153,965
154,190
154,322
154,528
154,536
154,543
154,560
154,716
154,763
154,823
154,898
154,941
154,971
155,245
155,256
155,293
155,304
155,307
155,351
155,371
155,419
155,432
155,451
155,471
155,474
155,505
155,515
155,548
155,579
155,583
155,643
155,794
155,823
155,890
155,908
155,924
155,974
155,992
156,157
156,166
156,217
156,256
156,287
156,291
156,298
156,357
156,358
156,361
156,372
156,408
156,410
156,424
156,448
156,458
156,465
156,471
156,472
156,481
156,499
156,527
156,555
156,567
156,569
156,590
156,594
156,603
156,621
156,667
156,693
156,695
156,717
156,726
156,732
156,736
156,751
156,759
156,760
156,819
156,828
156,831
156,832
156,841
156,851
156,883
156,908
156,910
156,917
156,918
156,921
156,929
156,944
156,959
156,974
156,988
156,992
157,173
157,177
157,180
157,183
157,189
157,216
157,228
157,235
157,246
157,256
157,271
157,294
157,296
157,335
157,336
157,357
157,363
157,372
157,378
157,388
157,406
157,409
157,412
157,424
157,434
157,435
157,467
157,473
157,477
157,492
157,510
157,522
157,528
157,532
157,535
157,603
157,604
157,607
157,613
157,639
157,687
157,691
157,715
157,718
157,724
157,726
157,728
157,729
157,747
157,751
157,759
157,776
157,780
157,781
157,790
157,792
157,799
157,817
157,835
157,840
157,851
157,857
157,863
157,864
157,868
157,870
157,874
157,875
157,888
157,892
157,897
157,904
157,921
157,923
157,926
157,928
157,940
157,955
157,958
157,966
157,973
157,976
157,990
158,159
158,172
158,195
158,203
158,254
158,277
158,286
158,301
158,317
158,360
158,372
158,401
158,424
158,496
158,525
158,590
158,603
158,656
158,721
158,764
158,777
158,809
158,837
158,856
158,866
158,870
158,904
158,907
158,912
158,928
158,939
158,991
159,199
159,222
159,225
159,242
159,277
159,294
159,296
159,304
159,306
159,315
159,321
159,324
159,339
159,361
159,362
159,369
159,389
159,392
159,428
159,435
159,443
159,449
159,454
159,511
159,529
159,539
159,552
159,554
159,589
159,642
159,655
159,657
159,662
159,686
159,729
159,730
159,737
159,750
159,758
159,759
159,808
159,834
159,837
159,846
159,856
159,863
159,885
159,894
159,908
159,913
159,944
159,955
159,982
159,984
160,166
160,328
160,347
160,349
160,376
160,400
160,408
160,430
160,456
160,462
160,489
160,531
160,567
160,568
160,578
160,586
160,595
160,649
160,659
160,702
160,704
160,723
160,737
160,762
160,776
160,792
160,796
160,812
160,843
160,849
160,874
160,905
160,915
160,944
160,959
160,987
161,175
161,188
161,205
161,225
161,229
161,263
161,277
161,281
161,293
161,302
161,347
161,433
161,445
161,466
161,482
161,486
161,488
161,555
161,567
161,582
161,591
161,597
161,630
161,690
161,692
161,706
161,708
161,718
161,744
161,747
161,812
161,813
161,814
161,816
161,864
161,869
161,871
161,884
161,890
161,901
161,913
161,916
161,938
161,947
161,979
161,980
161,983
161,999
162,182
162,183
162,210
162,222
162,273
162,340
162,385
162,430
162,471
162,494
162,499
162,503
162,513
162,581
162,598
162,660
162,700
162,741
162,747
162,754
162,805
162,809
162,846
162,865
162,889
162,891
162,899
163,216
163,289
163,328
163,363
163,367
163,369
163,409
163,427
163,448
163,457
163,464
163,466
163,480
163,500
163,522
163,523
163,539
163,557
163,577
163,584
163,641
163,654
163,665
163,684
163,694
163,708
163,732
163,748
163,749
163,762
163,781
163,791
163,814
163,828
163,842
163,845
163,846
163,886
163,954
163,997
164,169
164,171
164,196
164,199
164,202
164,242
164,255
164,268
164,277
164,286
164,304
164,324
164,362
164,367
164,411
164,422
164,424
164,452
164,464
164,470
164,473
164,490
164,505
164,567
164,581
164,582
164,583
164,588
164,629
164,653
164,717
164,723
164,758
164,768
164,794
164,858
164,863
164,865
164,875
164,877
164,928
164,943
164,949
164,951
164,965
164,988
164,997
165,188
165,196
165,200
165,214
165,235
165,269
165,275
165,284
165,293
165,312
165,322
165,403
165,420
165,466
165,472
165,495
165,523
165,556
165,604
165,614
165,659
165,674
165,684
165,701
165,715
165,764
165,785
165,802
165,827
165,837
165,844
165,881
165,891
165,961
166,167
166,177
166,203
166,206
166,234
166,263
166,274
166,299
166,318
166,328
166,356
166,368
166,407
166,435
166,460
166,471
166,543
166,548
166,562
166,582
166,586
166,602
166,639
166,650
166,657
166,666
166,697
166,698
166,716
166,724
166,764
166,781
166,792
166,829
166,837
166,840
166,869
166,879
166,883
166,884
166,943
166,963
166,972
166,987
167,169
167,181
167,191
167,199
167,201
167,202
167,216
167,241
167,245
167,261
167,268
167,296
167,298
167,321
167,325
167,339
167,362
167,395
167,400
167,429
167,469
167,470
167,504
167,515
167,516
167,553
167,583
167,595
167,601
167,603
167,606
167,629
167,673
167,699
167,741
167,766
167,789
167,791
167,805
167,819
167,845
167,851
167,855
167,862
167,882
167,921
167,928
167,957
168,201
168,231
168,281
168,311
168,369
168,379
168,380
168,385
168,431
168,433
168,502
168,520
168,521
168,522
168,531
168,547
168,550
168,553
168,565
168,571
168,572
168,591
168,598
168,608
168,625
168,649
168,650
168,674
168,707
168,747
168,752
168,757
168,766
168,914
168,934
168,943
168,953
169,189
169,215
169,347
169,426
169,433
169,438
169,439
169,444
169,455
169,470
169,480
169,495
169,515
169,525
169,546
169,578
169,587
169,597
169,606
169,612
169,648
169,659
169,682
169,723
169,725
169,771
169,782
169,842
169,949
169,952
169,955
169,961
169,963
169,964
169,972
169,982
169,989
169,998
169,999
170,242
170,246
170,263
170,265
170,272
170,280
170,357
170,369
170,434
170,445
170,564
170,613
170,633
170,639
170,653
170,683
170,685
170,686
170,701
170,710
170,732
170,749
170,762
170,764
170,808
170,814
170,816
170,823
170,901
170,904
170,984
170,990
171,184
171,186
171,240
171,261
171,343
171,356
171,357
171,376
171,401
171,502
171,515
171,516
171,549
171,554
171,557
171,583
171,600
171,616
171,628
171,641
171,674
171,678
171,707
171,718
171,780
171,790
171,822
171,884
171,888
171,917
171,965
171,989
172,211
172,224
172,240
172,289
172,291
172,314
172,327
172,336
172,385
172,408
172,413
172,424
172,428
172,488
172,505
172,532
172,536
172,552
172,554
172,561
172,596
172,659
172,660
172,669
172,704
172,758
172,808
172,822
172,834
172,895
173,176
173,218
173,224
173,229
173,237
173,253
173,256
173,265
173,266
173,276
173,277
173,302
173,322
173,323
173,333
173,346
173,360
173,365
173,367
173,372
173,425
173,431
173,470
173,479
173,547
173,561
173,562
173,632
173,659
173,663
173,686
173,732
173,751
173,795
173,845
173,850
173,851
173,857
173,898
173,914
173,921
173,926
173,931
173,937
173,944
173,948
173,949
173,958
174,181
174,224
174,228
174,246
174,248
174,294
174,396
174,411
174,453
174,466
174,535
174,567
174,572
174,593
174,640
174,683
174,687
174,708
174,716
174,753
174,766
174,793
174,797
174,802
174,809
174,865
174,981
175,181
175,191
175,194
175,216
175,234
175,242
175,243
175,294
175,366
175,392
175,427
175,492
175,521
175,571
175,579
175,637
175,666
175,687
175,688
175,694
175,741
175,751
175,795
175,808
175,837
175,841
175,865
175,900
175,907
175,944
175,953
175,978
175,988
176,177
176,188
176,195
176,224
176,232
176,257
176,274
176,283
176,303
176,307
176,344
176,383
176,409
176,413
176,425
176,458
176,496
176,502
176,528
176,543
176,549
176,557
176,607
176,651
176,654
176,658
176,686
176,687
176,694
176,701
176,706
176,723
176,759
176,766
176,769
176,776
176,781
176,793
176,802
176,857
176,873
176,904
176,909
176,932
176,954
176,963
176,988
177,184
177,204
177,222
177,227
177,237
177,245
177,285
177,287
177,294
177,309
177,313
177,314
177,323
177,329
177,357
177,364
177,367
177,374
177,407
177,408
177,415
177,425
177,430
177,439
177,445
177,459
177,460
177,463
177,464
177,469
177,508
177,509
177,526
177,529
177,530
177,536
177,569
177,571
177,579
177,587
177,611
177,613
177,640
177,659
177,675
177,702
177,728
177,743
177,752
177,777
177,783
177,789
177,792
177,793
177,815
177,831
177,832
177,835
177,837
177,842
177,863
177,907
177,928
177,935
177,947
177,958
177,984
177,992
177,997
178,181
178,213
178,219
178,234
178,272
178,287
178,295
178,312
178,323
178,354
178,368
178,388
178,417
178,434
178,452
178,454
178,458
178,461
178,463
178,473
178,474
178,475
178,491
178,493
178,505
178,518
178,542
178,562
178,569
178,599
178,654
178,664
178,680
178,732
178,744
178,760
178,770
178,781
178,794
178,825
178,827
178,846
178,852
178,911
178,914
178,928
178,982
179,212
179,234
179,389
179,398
179,406
179,443
179,457
179,497
179,577
179,623
179,625
179,654
179,671
179,700
179,713
179,718
179,724
179,843
179,862
179,899
179,976
180,193
180,214
180,223
180,233
180,234
180,254
180,257
180,271
180,283
180,294
180,298
180,299
180,307
180,308
180,315
180,335
180,383
180,384
180,411
180,426
180,428
180,443
180,465
180,473
180,476
180,477
180,490
180,506
180,513
180,523
180,538
180,544
180,549
180,557
180,565
180,579
180,582
180,584
180,594
180,595
180,596
180,607
180,610
180,615
180,650
180,652
180,657
180,670
180,693
180,697
180,705
180,740
180,757
180,780
180,792
180,795
180,814
180,857
180,878
180,879
180,913
180,948
180,949
180,960
180,966
180,975
180,997
181,198
181,214
181,227
181,241
181,264
181,287
181,290
181,310
181,311
181,312
181,322
181,331
181,333
181,339
181,365
181,396
181,418
181,431
181,452
181,455
181,460
181,462
181,472
181,478
181,497
181,511
181,513
181,527
181,538
181,561
181,571
181,592
181,593
181,597
181,604
181,620
181,621
181,623
181,640
181,654
181,661
181,663
181,664
181,689
181,694
181,701
181,705
181,707
181,716
181,729
181,741
181,743
181,751
181,765
181,767
181,781
181,809
181,833
181,845
181,879
181,885
181,888
181,901
181,947
181,950
181,953
181,965
181,967
181,969
181,974
181,994
182,194
182,216
182,225
182,260
182,317
182,432
182,457
182,485
182,542
182,547
182,632
182,636
182,637
182,645
182,663
182,742
182,769
182,821
182,824
182,911
182,923
182,926
182,936
182,975
182,977
183,289
183,315
183,338
183,413
183,460
183,471
183,581
183,586
183,607
183,634
183,772
183,778
183,809
183,823
183,831
183,867
183,952
184,193
184,196
184,212
184,236
184,237
184,283
184,369
184,383
184,400
184,426
184,447
184,450
184,454
184,476
184,500
184,507
184,512
184,540
184,547
184,551
184,576
184,578
184,589
184,603
184,620
184,632
184,636
184,638
184,659
184,660
184,666
184,667
184,686
184,692
184,701
184,726
184,752
184,770
184,774
184,777
184,778
184,790
184,792
184,793
184,836
184,839
184,851
184,863
184,868
184,876
184,896
184,930
184,943
184,955
184,960
184,974
184,977
184,981
184,998
185,207
185,295
185,313
185,314
185,326
185,357
185,360
185,367
185,381
185,403
185,413
185,425
185,447
185,448
185,453
185,459
185,466
185,472
185,484
185,510
185,515
185,534
185,549
185,571
185,584
185,607
185,616
185,627
185,633
185,639
185,640
185,649
185,684
185,701
185,709
185,723
185,727
185,776
185,781
185,799
185,802
185,811
185,813
185,821
185,883
185,892
185,903
185,904
185,914
185,937
185,954
185,959
185,981
185,988
185,996
186,192
186,220
186,224
186,278
186,288
186,315
186,344
186,358
186,368
186,388
186,390
186,444
186,459
186,468
186,473
186,475
186,488
186,523
186,538
186,547
186,568
186,586
186,591
186,616
186,634
186,667
186,701
186,706
186,711
186,769
186,774
186,792
186,822
186,825
186,940
186,973
186,986
187,206
187,212
187,226
187,267
187,356
187,410
187,419
187,505
187,521
187,594
187,643
187,718
187,733
187,745
187,758
187,760
187,820
187,855
187,856
187,919
187,923
187,941
187,966
187,968
188,195
188,209
188,214
188,217
188,220
188,222
188,243
188,251
188,263
188,271
188,283
188,294
188,298
188,310
188,313
188,315
188,318
188,319
188,328
188,334
188,338
188,340
188,349
188,358
188,387
188,406
188,409
188,413
188,415
188,425
188,450
188,469
188,472
188,473
188,493
188,498
188,533
188,555
188,563
188,586
188,607
188,621
188,627
188,629
188,632
188,636
188,658
188,664
188,668
188,683
188,699
188,701
188,721
188,736
188,742
188,747
188,764
188,774
188,775
188,790
188,828
188,835
188,836
188,837
188,892
188,910
188,919
188,946
188,950
188,962
188,963
188,968
189,191
189,206
189,212
189,219
189,242
189,304
189,332
189,345
189,346
189,377
189,396
189,412
189,474
189,508
189,621
189,644
189,653
189,765
189,853
189,951
190,198
190,209
190,223
190,266
190,281
190,285
190,297
190,304
190,314
190,325
190,383
190,408
190,417
190,443
190,450
190,468
190,493
190,504
190,533
190,560
190,574
190,578
190,583
190,644
190,669
190,683
190,684
190,698
190,706
190,737
190,744
190,755
190,761
190,765
190,787
190,789
190,840
190,844
190,851
190,857
190,864
190,870
190,876
190,887
190,906
190,921
190,927
190,964
190,969
191,196
191,276
191,277
191,279
191,299
191,325
191,357
191,386
191,493
191,569
191,755
191,848
191,909
191,915
191,987
192,213
192,238
192,282
192,283
192,344
192,346
192,350
192,354
192,367
192,408
192,429
192,435
192,542
192,575
192,576
192,577
192,605
192,637
192,673
192,674
192,698
192,702
192,716
192,753
192,760
192,771
192,800
192,869
192,899
192,994
192,996
193,208
193,213
193,254
193,305
193,315
193,317
193,335
193,349
193,418
193,419
193,427
193,447
193,451
193,470
193,476
193,485
193,503
193,511
193,540
193,556
193,602
193,616
193,628
193,652
193,674
193,702
193,708
193,723
193,737
193,749
193,750
193,758
193,776
193,792
193,802
193,851
193,854
193,857
193,887
193,893
193,904
193,917
193,943
193,957
194,242
194,270
194,287
194,312
194,313
194,346
194,396
194,416
194,496
194,502
194,511
194,512
194,520
194,533
194,575
194,591
194,596
194,606
194,643
194,649
194,657
194,707
194,714
194,739
194,801
194,807
194,826
194,836
194,894
194,916
194,923
194,945
194,959
194,978
194,987
195,203
195,248
195,300
195,323
195,368
195,393
195,413
195,416
195,445
195,464
195,465
195,480
195,512
195,514
195,553
195,587
195,606
195,608
195,624
195,625
195,632
195,653
195,705
195,732
195,739
195,743
195,749
195,751
195,755
195,774
195,775
195,810
195,822
195,845
195,869
195,876
195,885
195,888
195,892
195,893
195,898
195,907
195,960
195,972
196,201
196,204
196,216
196,233
196,252
196,257
196,271
196,293
196,298
196,305
196,309
196,354
196,363
196,391
196,402
196,406
196,422
196,425
196,435
196,436
196,441
196,451
196,502
196,531
196,545
196,551
196,565
196,571
196,578
196,593
196,633
196,644
196,680
196,682
196,724
196,740
196,743
196,778
196,785
196,794
196,795
196,805
196,818
196,819
196,825
196,838
196,842
196,850
196,853
196,864
196,875
196,889
196,903
196,926
196,936
196,965
196,966
196,990
197,203
197,210
197,218
197,220
197,228
197,233
197,249
197,252
197,291
197,363
197,368
197,439
197,458
197,465
197,491
197,507
197,519
197,552
197,557
197,584
197,608
197,650
197,653
197,695
197,718
197,759
197,760
197,772
197,786
197,819
197,836
197,845
197,900
197,903
197,952
197,986
198,206
198,248
198,276
198,287
198,479
198,488
198,527
198,625
198,656
198,693
198,713
198,740
198,763
198,796
198,801
198,809
198,825
198,841
198,842
198,863
198,905
198,951
198,980
199,306
199,348
199,388
199,408
199,433
199,539
199,604
199,617
199,646
199,656
199,703
199,706
199,707
199,717
199,719
199,721
199,743
199,781
199,800
199,813
199,823
199,873
199,875
199,910
199,934
199,955
199,967
199,974
199,979
200,201
200,206
200,210
200,214
200,222
200,242
200,245
200,248
200,267
200,280
200,298
200,328
200,329
200,335
200,348
200,368
200,379
200,388
200,419
200,422
200,425
200,438
200,447
200,451
200,463
200,474
200,535
200,538
200,543
200,587
200,588
200,596
200,597
200,602
200,604
200,627
200,632
200,641
200,650
200,661
200,662
200,664
200,684
200,702
200,725
200,727
200,730
200,749
200,757
200,771
200,791
200,793
200,795
200,812
200,814
200,844
200,879
200,903
200,925
200,929
200,937
200,978
201,207
201,213
201,224
201,261
201,279
201,291
201,319
201,329
201,335
201,342
201,355
201,356
201,406
201,439
201,441
201,443
201,466
201,473
201,474
201,488
201,504
201,532
201,549
201,557
201,560
201,564
201,582
201,612
201,651
201,712
201,714
201,744
201,764
201,774
201,801
201,818
201,822
201,825
201,878
201,879
201,910
201,912
201,937
201,946
201,963
201,964
201,977
201,979
201,988
201,999
202,213
202,222
202,242
202,246
202,247
202,318
202,331
202,412
202,415
202,457
202,468
202,508
202,540
202,568
202,595
202,613
202,747
202,763
202,803
202,808
202,817
202,846
202,863
202,883
202,900
202,923
202,927
202,945
202,982
203,219
203,224
203,246
203,267
203,272
203,295
203,298
203,314
203,327
203,334
203,338
203,362
203,363
203,368
203,396
203,415
203,418
203,424
203,425
203,431
203,434
203,439
203,453
203,466
203,480
203,498
203,507
203,510
203,523
203,532
203,545
203,552
203,562
203,573
203,591
203,610
203,613
203,614
203,628
203,640
203,648
203,659
203,663
203,665
203,679
203,709
203,712
203,729
203,735
203,742
203,747
203,757
203,759
203,764
203,765
203,778
203,801
203,862
203,877
203,879
203,911
203,914
203,937
203,943
203,954
203,973
203,984
203,988
204,208
204,252
204,383
204,414
204,425
204,444
204,531
204,550
204,618
204,651
204,655
204,659
204,707
204,713
204,717
204,810
204,811
204,821
204,844
204,845
204,889
204,907
204,956
204,987
205,216
205,256
205,270
205,274
205,341
205,409
205,427
205,444
205,454
205,504
205,586
205,596
205,634
205,661
205,737
205,767
205,810
205,816
205,832
205,874
205,891
205,895
205,903
205,909
205,947
205,955
205,961
205,971
206,234
206,244
206,255
206,313
206,327
206,337
206,367
206,406
206,408
206,413
206,421
206,457
206,476
206,479
206,481
206,501
206,510
206,536
206,540
206,578
206,594
206,609
206,646
206,648
206,704
206,732
206,755
206,767
206,798
206,802
206,811
206,840
206,865
206,867
206,877
206,885
206,889
206,941
206,946
206,951
206,960
206,994
207,347
207,351
207,366
207,383
207,408
207,443
207,503
207,505
207,537
207,553
207,561
207,588
207,608
207,618
207,624
207,642
207,645
207,672
207,677
207,707
207,731
207,735
207,751
207,767
207,781
207,786
207,814
207,830
207,857
207,870
207,875
207,932
207,955
207,970
207,982
208,233
208,249
208,297
208,312
208,317
208,363
208,394
208,427
208,455
208,549
208,570
208,607
208,702
208,743
208,791
208,801
208,831
208,845
208,848
208,865
208,936
208,975
208,979
209,211
209,360
209,373
209,394
209,397
209,402
209,432
209,437
209,438
209,442
209,447
209,450
209,457
209,472
209,492
209,498
209,564
209,573
209,575
209,582
209,615
209,619
209,625
209,660
209,677
209,692
209,723
209,746
209,808
209,830
209,906
209,926
209,932
209,944
209,991
210,221
210,395
210,428
210,430
210,435
210,446
210,457
210,464
210,481
210,542
210,566
210,591
210,599
210,612
210,630
210,639
210,648
210,692
210,722
210,770
210,800
210,865
210,927
210,928
210,955
210,988
210,998
211,271
211,284
211,289
211,349
211,360
211,376
211,400
211,433
211,467
211,496
211,523
211,527
211,546
211,571
211,572
211,723
211,743
211,794
211,797
211,799
211,809
211,825
211,837
211,868
211,882
211,893
211,920
211,947
211,988
212,213
212,236
212,252
212,295
212,311
212,388
212,408
212,414
212,428
212,478
212,572
212,643
212,723
212,742
212,767
212,783
212,829
212,837
212,858
212,911
212,927
212,935
212,941
212,951
212,990
213,218
213,238
213,243
213,256
213,264
213,279
213,283
213,285
213,297
213,298
213,335
213,357
213,365
213,378
213,380
213,390
213,397
213,405
213,414
213,417
213,431
213,447
213,451
213,458
213,481
213,495
213,500
213,502
213,503
213,513
213,526
213,527
213,564
213,572
213,577
213,579
213,581
213,589
213,623
213,629
213,636
213,653
213,666
213,681
213,696
213,699
213,710
213,714
213,719
213,727
213,729
213,733
213,756
213,759
213,762
213,765
213,772
213,789
213,813
213,821
213,851
213,852
213,854
213,883
213,892
213,896
213,930
213,937
213,949
213,956
213,963
213,964
213,970
213,988
213,998
214,231
214,237
214,251
214,269
214,302
214,399
214,438
214,442
214,451
214,456
214,457
214,492
214,502
214,523
214,540
214,543
214,549
214,563
214,577
214,589
214,596
214,628
214,648
214,659
214,668
214,677
214,715
214,732
214,766
214,781
214,816
214,823
214,849
214,861
214,881
214,932
214,934
214,935
214,977
214,982
214,989
215,336
215,402
215,408
215,500
215,511
215,520
215,536
215,560
215,665
215,677
215,682
215,695
215,863
215,928
215,938
215,944
216,283
216,293
216,329
216,334
216,357
216,377
216,380
216,391
216,404
216,406
216,417
216,431
216,454
216,461
216,464
216,474
216,478
216,482
216,534
216,536
216,545
216,570
216,587
216,603
216,649
216,684
216,707
216,712
216,720
216,725
216,751
216,753
216,759
216,815
216,820
216,854
216,865
216,876
216,893
216,902
216,911
216,932
216,939
216,956
216,997
217,224
217,228
217,233
217,236
217,242
217,250
217,272
217,277
217,285
217,340
217,348
217,408
217,425
217,430
217,447
217,453
217,469
217,475
217,498
217,534
217,553
217,565
217,600
217,614
217,615
217,649
217,662
217,672
217,678
217,683
217,740
217,753
217,770
217,881
217,906
217,913
217,956
217,977
217,994
218,219
218,225
218,228
218,233
218,243
218,253
218,266
218,271
218,283
218,296
218,299
218,302
218,315
218,321
218,343
218,360
218,370
218,419
218,428
218,431
218,432
218,436
218,466
218,473
218,480
218,486
218,498
218,510
218,516
218,543
218,549
218,599
218,602
218,615
218,648
218,652
218,656
218,659
218,665
218,679
218,681
218,719
218,724
218,727
218,749
218,759
218,762
218,799
218,815
218,819
218,831
218,833
218,848
218,868
218,876
218,888
218,906
218,918
218,921
218,927
218,950
218,960
218,988
219,221
219,234
219,239
219,244
219,275
219,280
219,309
219,316
219,346
219,348
219,354
219,381
219,392
219,407
219,408
219,413
219,418
219,472
219,506
219,508
219,510
219,528
219,529
219,558
219,563
219,571
219,626
219,633
219,661
219,679
219,692
219,715
219,762
219,778
219,804
219,834
219,859
219,864
219,869
219,904
220,278
220,298
220,303
220,319
220,325
220,347
220,374
220,422
220,453
220,517
220,520
220,527
220,581
220,603
220,704
220,708
220,721
220,723
220,746
220,762
220,764
220,781
220,786
220,787
220,799
220,892
220,904
220,914
220,917
220,931
220,953
220,989
221,260
221,291
221,295
221,301
221,302
221,313
221,329
221,428
221,486
221,496
221,507
221,524
221,747
221,804
221,829
221,838
221,868
221,926
222,231
222,250
222,255
222,256
222,265
222,289
222,296
222,298
222,313
222,340
222,411
222,425
222,457
222,460
222,469
222,476
222,496
222,499
222,527
222,535
222,547
222,562
222,629
222,650
222,654
222,670
222,684
222,686
222,698
222,701
222,709
222,756
222,788
222,837
222,842
222,850
222,875
222,885
222,914
222,923
222,930
222,939
222,983
222,985
223,262
223,267
223,271
223,278
223,302
223,327
223,328
223,332
223,355
223,377
223,426
223,461
223,521
223,536
223,539
223,564
223,582
223,604
223,616
223,628
223,649
223,651
223,662
223,756
223,794
223,826
223,848
223,863
223,875
223,892
223,897
223,923
223,944
223,972
224,258
224,267
224,275
224,279
224,294
224,307
224,314
224,332
224,343
224,368
224,371
224,374
224,388
224,398
224,400
224,402
224,403
224,435
224,442
224,444
224,448
224,451
224,457
224,473
224,476
224,485
224,492
224,496
224,507
224,533
224,549
224,582
224,594
224,610
224,611
224,618
224,632
224,634
224,636
224,637
224,640
224,645
224,648
224,659
224,670
224,675
224,692
224,699
224,723
224,741
224,747
224,760
224,776
224,791
224,792
224,793
224,816
224,879
224,881
224,896
224,904
224,928
224,934
224,939
224,940
224,953
224,981
224,986
224,995
225,252
225,269
225,281
225,307
225,320
225,356
225,421
225,426
225,431
225,455
225,472
225,477
225,515
225,523
225,549
225,576
225,608
225,614
225,638
225,640
225,663
225,664
225,684
225,686
225,701
225,704
225,708
225,767
225,772
225,784
225,814
225,868
225,870
225,893
225,903
225,934
225,946
225,988
226,256
226,337
226,350
226,358
226,400
226,421
226,524
226,537
226,583
226,618
226,630
226,653
226,674
226,687
226,691
226,705
226,707
226,723
226,748
226,759
226,760
226,854
226,862
226,910
226,926
226,958
227,232
227,235
227,243
227,254
227,267
227,300
227,303
227,309
227,315
227,329
227,331
227,356
227,383
227,384
227,400
227,406
227,421
227,423
227,425
227,468
227,470
227,477
227,507
227,513
227,535
227,549
227,553
227,577
227,584
227,594
227,608
227,617
227,628
227,648
227,662
227,663
227,664
227,683
227,686
227,687
227,726
227,742
227,751
227,775
227,783
227,791
227,793
227,802
227,815
227,834
227,851
227,857
227,863
227,893
227,913
227,919
227,921
227,932
227,933
227,945
227,948
227,950
227,976
227,977
228,237
228,242
228,262
228,278
228,284
228,314
228,318
228,339
228,361
228,380
228,383
228,390
228,392
228,398
228,399
228,404
228,417
228,429
228,438
228,448
228,460
228,467
228,480
228,497
228,527
228,556
228,565
228,576
228,579
228,587
228,599
228,601
228,608
228,665
228,671
228,674
228,681
228,703
228,706
228,710
228,738
228,783
228,792
228,807
228,815
228,837
228,854
228,875
228,900
228,901
228,904
228,909
228,911
228,940
228,961
228,968
228,973
228,994
229,237
229,238
229,242
229,271
229,275
229,295
229,315
229,321
229,324
229,378
229,410
229,415
229,430
229,510
229,528
229,529
229,558
229,563
229,580
229,584
229,602
229,608
229,632
229,635
229,672
229,712
229,719
229,782
229,785
229,792
229,816
229,834
229,865
229,868
229,897
229,940
229,943
229,950
229,971
230,241
230,285
230,465
230,472
230,507
230,620
230,648
230,664
230,832
230,837
230,906
230,923
231,253
231,279
231,335
231,479
231,484
231,699
231,802
231,865
231,873
232,239
232,245
232,315
232,328
232,334
232,435
232,448
232,450
232,456
232,460
232,476
232,513
232,534
232,592
232,636
232,648
232,698
232,733
232,758
232,764
232,768
232,863
232,865
232,916
232,985
232,991
233,266
233,363
233,374
233,452
233,465
233,539
233,580
233,620
233,661
233,664
233,705
233,709
233,839
233,870
233,877
233,905
233,978
234,256
234,279
234,287
234,308
234,318
234,327
234,338
234,360
234,361
234,430
234,462
234,464
234,517
234,583
234,654
234,659
234,673
234,701
234,711
234,712
234,832
234,883
234,920
234,953
234,987
234,998
235,254
235,260
235,263
235,278
235,280
235,298
235,303
235,313
235,315
235,318
235,321
235,331
235,340
235,381
235,390
235,427
235,444
235,447
235,452
235,459
235,472
235,473
235,474
235,478
235,479
235,481
235,510
235,547
235,549
235,581
235,607
235,610
235,611
235,635
235,637
235,661
235,678
235,698
235,731
235,746
235,748
235,749
235,773
235,775
235,792
235,795
235,799
235,805
235,809
235,813
235,835
235,836
235,838
235,861
235,867
235,868
235,899
235,917
235,933
235,937
235,940
235,978
236,297
236,310
236,329
236,342
236,351
236,356
236,380
236,460
236,522
236,531
236,549
236,635
236,645
236,675
236,676
236,731
236,764
236,793
236,822
236,866
236,874
236,955
236,986
236,996
237,241
237,247
237,259
237,261
237,278
237,283
237,293
237,311
237,317
237,320
237,395
237,398
237,413
237,418
237,427
237,428
237,443
237,451
237,475
237,479
237,521
237,528
237,540
237,543
237,554
237,564
237,565
237,576
237,583
237,600
237,610
237,612
237,616
237,650
237,672
237,690
237,709
237,719
237,720
237,721
237,735
237,756
237,767
237,769
237,771
237,777
237,796
237,813
237,834
237,835
237,846
237,849
237,878
237,890
237,892
237,920
237,926
237,938
237,944
237,955
237,968
238,246
238,263
238,274
238,295
238,298
238,313
238,331
238,334
238,339
238,348
238,373
238,392
238,399
238,425
238,428
238,431
238,435
238,469
238,473
238,481
238,498
238,510
238,524
238,536
238,549
238,599
238,629
238,630
238,632
238,639
238,644
238,649
238,658
238,672
238,687
238,694
238,707
238,737
238,749
238,754
238,775
238,786
238,795
238,800
238,843
238,851
238,873
238,879
238,885
238,890
238,911
238,921
238,934
238,950
238,975
238,994
238,995
239,242
239,290
239,330
239,361
239,370
239,375
239,425
239,505
239,521
239,544
239,569
239,597
239,619
239,633
239,634
239,707
239,725
239,799
239,815
239,890
239,981
239,997
240,276
240,322
240,342
240,343
240,350
240,394
240,400
240,425
240,435
240,441
240,447
240,455
240,464
240,510
240,534
240,535
240,591
240,604
240,632
240,651
240,679
240,737
240,748
240,774
240,820
240,830
240,937
240,985
241,269
241,274
241,309
241,335
241,388
241,391
241,415
241,445
241,466
241,524
241,530
241,541
241,566
241,585
241,604
241,624
241,712
241,720
241,790
241,827
241,832
241,842
241,855
241,913
241,962
241,978
241,987
242,250
242,268
242,276
242,298
242,299
242,306
242,309
242,315
242,324
242,329
242,334
242,343
242,379
242,393
242,462
242,481
242,484
242,510
242,515
242,525
242,528
242,535
242,536
242,540
242,556
242,557
242,595
242,596
242,603
242,619
242,648
242,675
242,702
242,744
242,777
242,790
242,805
242,833
242,834
242,836
242,855
242,856
242,866
242,869
242,884
242,885
242,890
242,939
242,946
242,947
242,968
242,969
242,975
242,987
242,991
243,280
243,286
243,314
243,317
243,335
243,339
243,348
243,366
243,367
243,370
243,372
243,374
243,378
243,379
243,380
243,386
243,396
243,402
243,432
243,441
243,452
243,454
243,469
243,500
243,516
243,535
243,569
243,626
243,636
243,637
243,650
243,668
243,673
243,692
243,699
243,701
243,724
243,727
243,732
243,746
243,756
243,762
243,763
243,794
243,802
243,807
243,810
243,865
243,881
243,885
243,906
243,916
243,933
243,934
243,942
243,949
243,950
243,975
244,310
244,320
244,358
244,368
244,370
244,372
244,380
244,389
244,412
244,417
244,424
244,427
244,428
244,435
244,451
244,457
244,478
244,486
244,497
244,503
244,507
244,530
244,542
244,549
244,553
244,570
244,579
244,589
244,597
244,611
244,628
244,670
244,687
244,705
244,725
244,749
244,764
244,787
244,791
244,806
244,815
244,834
244,835
244,837
244,846
244,857
244,870
244,911
244,915
244,921
244,924
244,926
244,929
244,937
244,962
244,997
245,256
245,346
245,384
245,422
245,425
245,518
245,557
245,631
245,641
245,665
245,668
245,746
245,757
245,792
245,804
245,912
245,924
245,975
245,987
246,248
246,260
246,263
246,266
246,268
246,296
246,304
246,334
246,339
246,348
246,354
246,393
246,415
246,425
246,435
246,448
246,457
246,479
246,485
246,492
246,502
246,521
246,617
246,622
246,626
246,628
246,639
246,653
246,657
246,662
246,675
246,685
246,706
246,726
246,777
246,788
246,807
246,814
246,823
246,826
246,827
246,834
246,860
246,863
246,885
246,910
246,934
246,942
246,951
246,975
246,985
246,992
246,997
247,293
247,301
247,356
247,379
247,399
247,413
247,432
247,444
247,504
247,514
247,534
247,567
247,570
247,592
247,671
247,690
247,691
247,705
247,708
247,719
247,723
247,724
247,728
247,730
247,736
247,778
247,820
247,865
247,974
247,988
247,997
247,999
248,285
248,293
248,315
248,357
248,390
248,416
248,427
248,435
248,458
248,472
248,481
248,515
248,518
248,529
248,547
248,549
248,557
248,566
248,582
248,639
248,675
248,710
248,746
248,775
248,785
248,792
248,820
248,844
248,862
248,890
248,907
248,915
248,932
248,953
248,967
248,973
249,256
249,284
249,315
249,372
249,396
249,413
249,415
249,418
249,425
249,428
249,430
249,435
249,447
249,463
249,468
249,529
249,536
249,561
249,579
249,684
249,709
249,837
249,851
249,869
249,876
249,888
249,947
249,978
249,993
250,260
250,265
250,295
250,317
250,332
250,355
250,374
250,380
250,395
250,400
250,413
250,417
250,421
250,425
250,445
250,451
250,476
250,482
250,516
250,521
250,534
250,538
250,582
250,589
250,616
250,653
250,660
250,693
250,709
250,736
250,759
250,788
250,802
250,808
250,815
250,879
250,889
250,898
250,916
250,932
250,934
250,967
250,971
250,988
250,993
250,995
251,269
251,348
251,518
251,519
251,629
251,653
251,671
251,723
251,796
251,809
251,825
251,837
251,877
251,894
251,908
251,918
251,968
252,358
252,401
252,422
252,454
252,455
252,498
252,523
252,551
252,583
252,584
252,603
252,607
252,637
252,639
252,678
252,685
252,701
252,707
252,710
252,724
252,740
252,747
252,751
252,774
252,788
252,791
252,800
252,834
252,837
252,853
252,870
252,885
252,893
252,898
252,914
252,956
252,971
252,974
252,976
252,981
252,989
252,994
253,268
253,271
253,274
253,278
253,387
253,388
253,427
253,435
253,466
253,476
253,500
253,508
253,509
253,510
253,535
253,557
253,563
253,586
253,616
253,626
253,639
253,648
253,656
253,657
253,669
253,686
253,698
253,701
253,706
253,715
253,718
253,740
253,749
253,765
253,837
253,856
253,892
253,900
253,952
253,958
253,969
253,987
254,276
254,280
254,309
254,311
254,412
254,419
254,423
254,431
254,455
254,457
254,475
254,491
254,509
254,510
254,517
254,537
254,540
254,602
254,604
254,614
254,615
254,626
254,634
254,640
254,669
254,692
254,700
254,704
254,710
254,713
254,743
254,748
254,760
254,785
254,796
254,813
254,823
254,837
254,845
254,871
254,877
254,917
254,975
254,980
254,984
255,256
255,323
255,339
255,481
255,508
255,517
255,535
255,612
255,645
255,663
255,700
255,726
255,728
255,818
255,834
255,893
255,914
255,927
255,956
256,260
256,272
256,284
256,296
256,306
256,328
256,360
256,398
256,409
256,417
256,419
256,421
256,430
256,436
256,453
256,464
256,472
256,483
256,488
256,495
256,496
256,511
256,515
256,538
256,539
256,540
256,563
256,571
256,599
256,614
256,623
256,636
256,638
256,659
256,669
256,679
256,684
256,694
256,726
256,732
256,792
256,805
256,814
256,837
256,851
256,855
256,856
256,863
256,908
256,939
256,943
256,958
257,370
257,380
257,520
257,534
257,558
257,580
257,596
257,601
257,639
257,657
257,712
257,761
257,777
257,778
257,822
257,845
257,847
257,864
257,871
257,883
257,910
257,924
258,301
258,339
258,365
258,431
258,457
258,460
258,479
258,586
258,656
258,663
258,685
258,700
258,702
258,707
258,777
258,791
258,810
258,823
258,838
258,867
258,924
258,955
258,972
258,982
258,985
259,275
259,279
259,304
259,318
259,354
259,362
259,380
259,410
259,428
259,434
259,628
259,639
259,682
259,706
259,763
259,786
259,790
259,794
259,903
259,904
259,938
259,953
259,977
259,983
259,992
259,998
260,263
260,289
260,294
260,300
260,301
260,304
260,315
260,323
260,331
260,334
260,342
260,344
260,362
260,367
260,368
260,387
260,393
260,411
260,426
260,447
260,473
260,492
260,502
260,503
260,504
260,524
260,526
260,554
260,575
260,602
260,605
260,658
260,663
260,719
260,742
260,752
260,762
260,770
260,773
260,776
260,781
260,809
260,873
260,878
260,913
260,930
260,957
261,322
261,428
261,479
261,583
261,665
261,694
261,745
261,786
261,818
261,862
261,906
261,918
261,976
261,988
262,265
262,273
262,282
262,295
262,301
262,361
262,373
262,390
262,409
262,430
262,432
262,435
262,442
262,556
262,562
262,581
262,582
262,634
262,638
262,663
262,665
262,670
262,672
262,715
262,724
262,726
262,752
262,764
262,772
262,777
262,788
262,789
262,790
262,791
262,803
262,817
262,827
262,837
262,868
262,869
262,888
262,893
262,920
262,990
262,993
262,994
263,267
263,271
263,274
263,275
263,282
263,295
263,298
263,319
263,326
263,329
263,349
263,356
263,388
263,413
263,415
263,419
263,435
263,445
263,447
263,492
263,494
263,498
263,515
263,528
263,533
263,542
263,569
263,576
263,599
263,607
263,635
263,652
263,658
263,659
263,664
263,672
263,680
263,700
263,709
263,742
263,751
263,759
263,760
263,761
263,773
263,792
263,816
263,837
263,860
263,864
263,867
263,885
263,902
263,909
263,914
263,926
263,927
263,932
263,952
263,995
263,999
264,288
264,291
264,293
264,370
264,393
264,406
264,463
264,504
264,536
264,564
264,591
264,663
264,685
264,757
264,859
264,873
264,884
264,889
264,933
264,943
264,946
264,966
264,987
265,295
265,306
265,307
265,313
265,317
265,332
265,343
265,349
265,357
265,361
265,363
265,394
265,395
265,426
265,431
265,444
265,447
265,458
265,466
265,473
265,479
265,480
265,481
265,538
265,553
265,557
265,561
265,571
265,582
265,594
265,623
265,653
265,654
265,659
265,665
265,666
265,675
265,680
265,686
265,692
265,697
265,707
265,759
265,766
265,795
265,816
265,821
265,823
265,827
265,851
265,857
265,867
265,868
265,902
265,904
265,930
265,950
265,954
265,955
265,965
265,972
265,975
265,988
265,991
265,994
266,321
266,369
266,420
266,439
266,476
266,493
266,502
266,528
266,544
266,609
266,617
266,671
266,675
266,708
266,709
266,752
266,761
266,770
266,794
266,797
266,810
266,815
266,888
266,928
266,987
267,294
267,309
267,328
267,334
267,347
267,383
267,395
267,396
267,406
267,414
267,415
267,434
267,451
267,459
267,470
267,481
267,584
267,586
267,588
267,608
267,615
267,639
267,651
267,659
267,665
267,678
267,695
267,702
267,786
267,844
267,857
267,868
267,885
267,897
267,904
267,913
267,925
267,983
267,988
267,995
268,313
268,333
268,363
268,367
268,445
268,448
268,459
268,501
268,511
268,512
268,515
268,564
268,574
268,608
268,656
268,675
268,679
268,686
268,764
268,803
268,815
268,862
268,868
268,888
268,913
268,929
268,931
268,969
268,972
268,975
268,985
268,994
269,281
269,291
269,294
269,324
269,328
269,346
269,409
269,426
269,427
269,435
269,439
269,445
269,457
269,464
269,477
269,479
269,504
269,513
269,515
269,542
269,557
269,580
269,597
269,608
269,628
269,637
269,641
269,645
269,654
269,671
269,685
269,730
269,750
269,775
269,795
269,814
269,834
269,846
269,851
269,870
269,987
270,326
270,331
270,425
270,428
270,471
270,640
270,712
270,729
270,740
270,749
270,751
270,780
270,786
270,789
270,847
270,860
270,871
270,896
270,963
271,277
271,278
271,283
271,334
271,343
271,374
271,385
271,390
271,409
271,413
271,417
271,425
271,439
271,448
271,457
271,461
271,490
271,501
271,514
271,518
271,520
271,535
271,538
271,555
271,569
271,576
271,581
271,595
271,615
271,629
271,640
271,653
271,654
271,656
271,670
271,683
271,687
271,695
271,728
271,736
271,755
271,775
271,784
271,792
271,815
271,816
271,819
271,828
271,867
271,885
271,888
271,902
271,932
271,942
271,953
271,954
271,956
271,984
271,986
271,988
271,992
272,287
272,303
272,311
272,327
272,348
272,363
272,378
272,403
272,440
272,472
272,505
272,524
272,531
272,582
272,612
272,632
272,654
272,695
272,699
272,794
272,802
272,853
272,855
272,858
272,888
272,967
272,973
272,977
272,985
272,986
272,987
272,994
273,341
273,364
273,384
273,401
273,454
273,474
273,607
273,648
273,655
273,719
273,783
273,945
273,953
273,957
273,979
273,987
274,294
274,305
274,328
274,384
274,393
274,409
274,413
274,424
274,425
274,458
274,460
274,466
274,478
274,483
274,496
274,528
274,539
274,547
274,573
274,579
274,580
274,587
274,603
274,604
274,608
274,611
274,632
274,653
274,686
274,709
274,710
274,734
274,735
274,736
274,770
274,790
274,796
274,818
274,857
274,872
274,883
274,904
274,909
274,921
274,932
274,977
274,982
274,988
274,995
275,284
275,286
275,329
275,410
275,439
275,466
275,483
275,494
275,513
275,531
275,545
275,585
275,596
275,601
275,615
275,645
275,695
275,696
275,716
275,729
275,743
275,750
275,766
275,781
275,786
275,897
275,928
276,277
276,278
276,283
276,298
276,313
276,314
276,321
276,328
276,346
276,371
276,396
276,406
276,428
276,432
276,447
276,474
276,510
276,516
276,528
276,538
276,549
276,575
276,579
276,580
276,588
276,607
276,611
276,615
276,639
276,652
276,654
276,672
276,679
276,682
276,692
276,694
276,749
276,752
276,793
276,799
276,845
276,868
276,904
276,913
276,927
276,954
276,966
276,982
276,988
277,315
277,321
277,326
277,335
277,372
277,407
277,413
277,414
277,426
277,431
277,434
277,436
277,437
277,448
277,449
277,463
277,473
277,477
277,480
277,498
277,501
277,512
277,521
277,563
277,576
277,577
277,579
277,589
277,607
277,636
277,638
277,648
277,658
277,659
277,662
277,664
277,674
277,683
277,726
277,736
277,758
277,770
277,784
277,793
277,837
277,839
277,875
277,878
277,881
277,895
277,913
277,931
277,934
277,937
277,943
277,974
277,978
278,295
278,300
278,301
278,303
278,323
278,335
278,355
278,356
278,358
278,374
278,378
278,390
278,394
278,405
278,420
278,442
278,444
278,451
278,498
278,534
278,549
278,582
278,590
278,603
278,611
278,651
278,658
278,662
278,687
278,697
278,699
278,711
278,730
278,735
278,737
278,758
278,784
278,814
278,815
278,857
278,862
278,881
278,883
278,888
278,933
278,977
278,998
279,293
279,296
279,308
279,320
279,333
279,339
279,359
279,401
279,421
279,434
279,525
279,534
279,572
279,575
279,581
279,598
279,619
279,643
279,694
279,696
279,712
279,713
279,766
279,789
279,840
279,881
279,951
279,960
279,996
280,285
280,324
280,333
280,392
280,397
280,461
280,505
280,604
280,610
280,693
280,713
280,801
280,844
280,903
280,916
280,936
280,940
280,944
280,961
281,291
281,319
281,331
281,349
281,405
281,436
281,472
281,481
281,492
281,559
281,560
281,565
281,566
281,619
281,706
281,718
281,740
281,748
281,770
281,887
281,985
282,310
282,311
282,328
282,329
282,378
282,428
282,479
282,561
282,562
282,578
282,605
282,613
282,636
282,661
282,723
282,781
282,801
282,804
282,832
282,885
282,894
282,902
282,923
282,986
282,987
282,993
283,299
283,313
283,320
283,328
283,348
283,363
283,378
283,383
283,393
283,409
283,457
283,469
283,511
283,526
283,528
283,538
283,565
283,581
283,584
283,599
283,608
283,622
283,628
283,632
283,636
283,650
283,659
283,709
283,715
283,741
283,759
283,765
283,794
283,804
283,819
283,827
283,836
283,851
283,853
283,859
283,878
283,929
283,932
284,287
284,293
284,307
284,344
284,366
284,398
284,400
284,411
284,419
284,435
284,436
284,447
284,451
284,464
284,470
284,492
284,589
284,591
284,601
284,608
284,615
284,623
284,659
284,664
284,665
284,687
284,692
284,718
284,720
284,732
284,758
284,762
284,866
284,869
284,899
284,913
284,914
284,919
284,933
284,950
284,999
285,288
285,346
285,409
285,431
285,435
285,464
285,475
285,483
285,509
285,525
285,547
285,575
285,578
285,604
285,614
285,659
285,662
285,663
285,680
285,698
285,715
285,751
285,756
285,793
285,794
285,802
285,814
285,838
285,866
285,869
285,892
285,896
285,911
285,960
285,969
285,991
285,999
286,315
286,333
286,392
286,398
286,466
286,471
286,497
286,498
286,511
286,560
286,597
286,629
286,652
286,669
286,670
286,676
286,682
286,713
286,721
286,751
286,756
286,799
286,819
286,877
286,879
286,946
286,994
287,293
287,304
287,320
287,363
287,365
287,472
287,496
287,504
287,513
287,537
287,543
287,621
287,639
287,657
287,677
287,703
287,710
287,714
287,724
287,762
287,793
287,813
287,890
287,893
287,924
287,963
287,971
287,977
287,995
288,373
288,408
288,417
288,434
288,445
288,504
288,518
288,525
288,556
288,641
288,661
288,683
288,743
288,750
288,928
288,941
288,946
289,332
289,343
289,435
289,468
289,497
289,513
289,514
289,527
289,533
289,549
289,554
289,595
289,657
289,695
289,710
289,718
289,737
289,829
289,864
289,916
289,931
289,933
289,939
289,955
289,983
289,986
290,298
290,299
290,364
290,401
290,428
290,471
290,486
290,554
290,573
290,581
290,590
290,592
290,594
290,595
290,634
290,667
290,705
290,729
290,790
290,802
290,805
290,858
290,859
290,878
290,887
290,889
290,908
290,962
290,963
291,308
291,384
291,436
291,438
291,483
291,509
291,515
291,546
291,555
291,566
291,572
291,580
291,620
291,625
291,721
291,730
291,822
291,828
291,874
291,910
291,913
291,917
291,981
292,315
292,339
292,353
292,378
292,421
292,520
292,557
292,617
292,628
292,631
292,652
292,668
292,700
292,721
292,857
292,908
292,934
293,308
293,320
293,341
293,356
293,357
293,358
293,422
293,428
293,435
293,439
293,443
293,454
293,459
293,462
293,472
293,499
293,579
293,584
293,605
293,610
293,621
293,659
293,662
293,669
293,671
293,700
293,705
293,708
293,728
293,771
293,784
293,787
293,809
293,849
293,852
293,892
293,920
293,935
293,967
294,298
294,321
294,328
294,346
294,366
294,384
294,399
294,409
294,413
294,475
294,479
294,480
294,493
294,509
294,529
294,543
294,544
294,557
294,564
294,579
294,594
294,599
294,613
294,629
294,664
294,670
294,705
294,707
294,716
294,725
294,728
294,732
294,733
294,749
294,759
294,762
294,776
294,793
294,802
294,851
294,857
294,868
294,881
294,885
294,904
294,949
294,958
294,989
295,296
295,318
295,321
295,326
295,349
295,352
295,363
295,369
295,393
295,396
295,400
295,435
295,454
295,475
295,479
295,490
295,504
295,507
295,523
295,542
295,549
295,575
295,604
295,606
295,607
295,626
295,636
295,647
295,650
295,659
295,665
295,666
295,686
295,699
295,712
295,742
295,743
295,768
295,790
295,794
295,801
295,814
295,825
295,832
295,835
295,837
295,840
295,844
295,851
295,857
295,879
295,885
295,890
295,891
295,928
295,932
295,955
295,967
295,997
296,301
296,319
296,342
296,374
296,390
296,393
296,425
296,434
296,447
296,470
296,472
296,480
296,497
296,517
296,559
296,581
296,613
296,616
296,626
296,629
296,633
296,639
296,656
296,659
296,661
296,664
296,670
296,674
296,713
296,725
296,740
296,749
296,803
296,817
296,821
296,846
296,847
296,855
296,860
296,881
296,890
296,896
296,919
296,922
296,931
296,940
296,973
297,317
297,406
297,419
297,425
297,453
297,487
297,545
297,607
297,609
297,628
297,648
297,685
297,687
297,713
297,720
297,727
297,728
297,738
297,762
297,773
297,778
297,781
297,783
297,795
297,804
297,837
297,847
297,851
297,885
297,922
297,940
297,954
297,957
298,309
298,312
298,313
298,328
298,340
298,357
298,369
298,370
298,373
298,378
298,382
298,384
298,396
298,425
298,426
298,429
298,432
298,435
298,440
298,448
298,457
298,473
298,480
298,496
298,498
298,501
298,505
298,508
298,523
298,534
298,547
298,557
298,582
298,596
298,602
298,623
298,630
298,646
298,659
298,670
298,673
298,674
298,688
298,692
298,696
298,697
298,706
298,710
298,725
298,727
298,740
298,741
298,747
298,758
298,781
298,788
298,790
298,799
298,801
298,834
298,846
298,850
298,854
298,868
298,909
298,914
298,921
298,927
298,931
298,946
298,956
298,971
298,977
298,983
298,990
299,328
299,391
299,425
299,440
299,449
299,464
299,510
299,522
299,565
299,636
299,721
299,722
299,723
299,762
299,800
299,833
299,846
299,864
299,869
299,889
299,898
299,950
300,341
300,346
300,388
300,415
300,451
300,468
300,473
300,474
300,478
300,493
300,503
300,559
300,586
300,608
300,662
300,695
300,717
300,756
300,758
300,779
300,818
300,840
300,893
300,927
300,976
301,323
301,327
301,339
301,343
301,372
301,380
301,415
301,430
301,445
301,451
301,466
301,473
301,476
301,487
301,497
301,504
301,563
301,568
301,603
301,613
301,653
301,661
301,673
301,683
301,687
301,695
301,713
301,725
301,732
301,778
301,812
301,821
301,844
301,863
301,864
301,869
301,950
301,971
301,990
301,999
302,340
302,367
302,377
302,392
302,414
302,449
302,486
302,494
302,512
302,533
302,578
302,611
302,642
302,654
302,726
302,767
302,777
302,780
302,800
302,819
302,837
302,860
302,864
302,870
302,903
302,948
302,961
302,994
303,323
303,328
303,339
303,353
303,357
303,371
303,377
303,379
303,381
303,383
303,384
303,404
303,442
303,453
303,470
303,477
303,522
303,523
303,540
303,542
303,549
303,598
303,623
303,629
303,638
303,687
303,705
303,709
303,722
303,759
303,766
303,781
303,790
303,835
303,837
303,855
303,857
303,901
303,913
303,932
303,954
303,967
303,986
304,318
304,325
304,353
304,357
304,361
304,366
304,383
304,384
304,386
304,390
304,460
304,534
304,569
304,595
304,620
304,627
304,646
304,661
304,662
304,727
304,762
304,792
304,803
304,812
304,885
304,970
305,314
305,318
305,343
305,348
305,405
305,453
305,499
305,581
305,604
305,706
305,708
305,789
305,822
305,845
305,858
305,884
305,922
305,930
305,935
305,944
306,348
306,372
306,410
306,457
306,512
306,542
306,544
306,641
306,685
306,692
306,712
306,737
306,775
306,814
306,820
306,851
306,858
306,881
306,904
306,926
306,934
306,949
306,961
306,994
307,315
307,317
307,328
307,334
307,362
307,378
307,381
307,384
307,398
307,399
307,405
307,431
307,447
307,451
307,453
307,474
307,479
307,498
307,528
307,529
307,552
307,584
307,602
307,607
307,611
307,636
307,637
307,650
307,674
307,680
307,690
307,694
307,712
307,774
307,777
307,781
307,782
307,786
307,792
307,816
307,826
307,842
307,846
307,875
307,904
307,917
307,922
308,329
308,361
308,368
308,397
308,410
308,417
308,422
308,426
308,432
308,434
308,445
308,468
308,510
308,519
308,528
308,564
308,574
308,586
308,603
308,665
308,704
308,711
308,747
308,785
308,926
308,937
308,975
308,982
309,318
309,320
309,324
309,374
309,383
309,384
309,389
309,424
309,457
309,460
309,470
309,477
309,501
309,507
309,531
309,549
309,562
309,564
309,576
309,595
309,629
309,659
309,670
309,673
309,710
309,747
309,762
309,794
309,821
309,837
309,876
309,883
309,904
309,905
309,911
309,917
309,932
309,937
309,949
309,955
309,959
309,975
309,992
309,999
310,336
310,358
310,369
310,381
310,403
310,418
310,421
310,432
310,445
310,451
310,487
310,544
310,571
310,621
310,641
310,678
310,681
310,699
310,720
310,733
310,739
310,770
310,781
310,789
310,807
310,831
310,845
310,856
310,859
310,867
310,886
310,887
310,930
310,944
311,312
311,365
311,366
311,376
311,377
311,382
311,386
311,397
311,403
311,429
311,430
311,458
311,463
311,470
311,479
311,534
311,580
311,581
311,586
311,597
311,600
311,603
311,657
311,762
311,802
311,803
311,819
311,826
311,864
311,867
311,914
311,918
311,925
311,934
311,936
311,950
311,967
311,969
311,974
311,991
312,319
312,347
312,381
312,413
312,427
312,432
312,495
312,545
312,580
312,606
312,610
312,624
312,630
312,636
312,640
312,659
312,663
312,809
312,843
312,850
312,858
312,880
312,885
312,937
312,940
312,953
312,965
312,983
313,315
313,328
313,339
313,368
313,374
313,383
313,387
313,388
313,422
313,435
313,448
313,457
313,473
313,481
313,511
313,513
313,516
313,555
313,577
313,584
313,593
313,605
313,633
313,639
313,654
313,659
313,662
313,680
313,697
313,713
313,725
313,732
313,749
313,752
313,760
313,781
313,795
313,816
313,819
313,824
313,834
313,836
313,844
313,848
313,879
313,896
313,901
313,932
313,940
313,947
313,950
313,954
313,961
313,967
313,968
313,988
314,389
314,420
314,425
314,541
314,592
314,594
314,596
314,633
314,666
314,835
314,847
314,852
314,888
315,338
315,339
315,346
315,372
315,381
315,383
315,399
315,414
315,425
315,430
315,432
315,436
315,442
315,453
315,465
315,466
315,470
315,473
315,474
315,489
315,497
315,510
315,524
315,529
315,535
315,538
315,539
315,555
315,566
315,569
315,575
315,577
315,589
315,595
315,602
315,613
315,615
315,616
315,627
315,633
315,637
315,657
315,669
315,680
315,701
315,719
315,723
315,727
315,734
315,742
315,749
315,759
315,776
315,778
315,781
315,790
315,794
315,800
315,802
315,807
315,850
315,855
315,861
315,888
315,904
315,906
315,921
315,931
315,937
315,940
315,942
315,954
315,970
315,971
315,973
315,975
315,984
315,991
316,398
316,485
316,744
316,808
316,869
316,999
317,320
317,358
317,376
317,389
317,392
317,400
317,405
317,426
317,437
317,455
317,459
317,460
317,471
317,488
317,509
317,522
317,530
317,533
317,552
317,562
317,564
317,577
317,582
317,602
317,623
317,687
317,725
317,726
317,727
317,728
317,752
317,776
317,821
317,835
317,846
317,865
317,873
317,880
317,889
317,893
317,976
318,354
318,372
318,393
318,422
318,425
318,432
318,446
318,464
318,518
318,536
318,537
318,538
318,550
318,566
318,634
318,638
318,644
318,650
318,654
318,657
318,688
318,694
318,707
318,710
318,718
318,729
318,732
318,753
318,809
318,814
318,822
318,869
318,930
318,979
318,987
318,994
319,348
319,357
319,369
319,465
319,479
319,495
319,504
319,520
319,529
319,551
319,635
319,640
319,641
319,682
319,765
319,783
319,801
319,867
319,890
319,928
319,961
319,971
320,361
320,381
320,409
320,432
320,475
320,485
320,489
320,509
320,543
320,556
320,578
320,582
320,588
320,604
320,618
320,641
320,645
320,653
320,681
320,685
320,768
320,783
320,803
320,846
320,920
320,944
320,947
320,995
321,324
321,337
321,348
321,363
321,399
321,425
321,426
321,435
321,447
321,457
321,474
321,475
321,490
321,492
321,493
321,511
321,534
321,557
321,583
321,591
321,607
321,627
321,628
321,632
321,634
321,652
321,670
321,674
321,683
321,686
321,687
321,700
321,726
321,732
321,758
321,795
321,799
321,802
321,814
321,816
321,825
321,849
321,855
321,865
321,904
321,921
321,934
321,957
321,993
321,995
322,328
322,408
322,433
322,450
322,483
322,542
322,559
322,604
322,623
322,640
322,691
322,698
322,724
322,750
322,822
322,900
322,906
322,908
322,930
322,976
322,984
322,998
323,367
323,383
323,398
323,404
323,422
323,436
323,445
323,463
323,469
323,528
323,536
323,547
323,569
323,571
323,580
323,590
323,594
323,596
323,611
323,616
323,649
323,650
323,695
323,722
323,742
323,749
323,764
323,785
323,805
323,836
323,839
323,860
323,932
323,949
323,951
323,954
323,955
323,983
323,984
323,997
324,347
324,368
324,383
324,403
324,451
324,453
324,457
324,497
324,535
324,578
324,581
324,594
324,616
324,660
324,667
324,679
324,695
324,730
324,735
324,760
324,771
324,837
324,845
324,846
324,855
324,881
324,884
324,911
324,914
324,940
324,947
324,964
324,967
325,331
325,372
325,404
325,418
325,486
325,507
325,518
325,535
325,575
325,761
325,795
325,857
325,865
325,870
325,882
325,885
325,968
325,988
325,999
326,331
326,362
326,366
326,374
326,379
326,392
326,398
326,423
326,430
326,445
326,461
326,470
326,472
326,480
326,563
326,658
326,661
326,667
326,672
326,687
326,708
326,751
326,793
326,820
326,825
326,839
326,855
326,867
326,869
326,870
326,874
326,883
326,887
326,888
326,933
326,940
326,955
326,964
327,335
327,344
327,384
327,394
327,412
327,424
327,473
327,474
327,492
327,528
327,535
327,555
327,556
327,563
327,581
327,598
327,618
327,622
327,629
327,678
327,732
327,735
327,769
327,782
327,806
327,845
327,853
327,854
327,859
327,921
327,949
327,950
327,951
327,972
327,975
327,986
327,998
328,363
328,368
328,383
328,384
328,386
328,392
328,395
328,413
328,417
328,418
328,425
328,427
328,430
328,432
328,434
328,435
328,452
328,466
328,467
328,472
328,473
328,479
328,486
328,490
328,491
328,497
328,498
328,506
328,518
328,520
328,522
328,533
328,535
328,536
328,547
328,576
328,599
328,607
328,612
328,623
328,636
328,648
328,649
328,654
328,658
328,661
328,662
328,664
328,666
328,675
328,704
328,706
328,708
328,719
328,724
328,728
328,759
328,765
328,799
328,815
328,837
328,867
328,875
328,884
328,900
328,903
328,919
328,931
328,954
328,955
328,959
328,988
328,989
328,991
329,375
329,376
329,405
329,426
329,442
329,468
329,499
329,507
329,536
329,551
329,565
329,623
329,640
329,644
329,648
329,654
329,655
329,680
329,699
329,731
329,760
329,762
329,783
329,788
329,828
329,889
329,899
329,906
329,908
329,919
329,922
329,927
329,932
329,948
329,956
329,957
329,984
330,408
330,507
330,534
330,583
330,661
330,710
330,745
330,840
330,891
330,946
331,388
331,403
331,459
331,507
331,512
331,528
331,535
331,625
331,665
331,703
331,713
331,722
331,755
331,778
331,807
331,827
331,830
331,831
331,873
331,875
331,899
331,906
331,907
331,940
331,949
331,950
331,963
331,978
331,989
332,368
332,390
332,435
332,444
332,451
332,481
332,507
332,508
332,517
332,522
332,538
332,543
332,549
332,564
332,589
332,639
332,658
332,684
332,725
332,728
332,735
332,742
332,746
332,749
332,765
332,788
332,804
332,882
332,883
332,911
332,922
332,943
332,978
333,429
333,446
333,449
333,459
333,475
333,477
333,480
333,519
333,543
333,568
333,584
333,593
333,598
333,629
333,634
333,658
333,666
333,688
333,710
333,714
333,726
333,774
333,789
333,790
333,791
333,809
333,814
333,830
333,847
333,911
333,919
334,341
334,358
334,363
334,380
334,409
334,422
334,447
334,458
334,481
334,487
334,497
334,535
334,538
334,555
334,577
334,595
334,615
334,629
334,634
334,644
334,655
334,656
334,658
334,679
334,695
334,699
334,706
334,722
334,732
334,746
334,747
334,759
334,760
334,792
334,809
334,810
334,824
334,829
334,840
334,921
334,927
334,934
335,343
335,348
335,383
335,407
335,416
335,427
335,435
335,458
335,459
335,464
335,542
335,549
335,592
335,615
335,629
335,636
335,639
335,641
335,656
335,661
335,670
335,693
335,699
335,702
335,736
335,746
335,749
335,770
335,815
335,837
335,845
335,853
335,857
335,858
335,868
335,890
335,896
335,921
335,966
335,977
335,991
335,998
335,999
336,345
336,347
336,351
336,409
336,444
336,459
336,466
336,519
336,594
336,604
336,659
336,675
336,682
336,695
336,707
336,731
336,794
336,827
336,895
336,968
337,342
337,539
337,568
337,592
337,751
337,872
337,892
337,909
337,928
338,387
338,417
338,428
338,435
338,472
338,533
338,560
338,582
338,591
338,597
338,604
338,628
338,630
338,645
338,664
338,665
338,676
338,677
338,680
338,694
338,714
338,715
338,747
338,751
338,757
338,759
338,784
338,811
338,814
338,837
338,848
338,858
338,864
338,875
338,885
338,886
338,888
338,907
338,923
338,946
338,948
338,966
338,967
338,978
339,368
339,404
339,413
339,448
339,458
339,475
339,543
339,577
339,588
339,617
339,625
339,634
339,639
339,663
339,667
339,683
339,712
339,720
339,767
339,770
339,786
339,789
339,822
339,881
339,946
339,956
339,958
340,387
340,416
340,478
340,496
340,582
340,584
340,615
340,620
340,624
340,663
340,673
340,694
340,699
340,715
340,770
340,798
340,811
340,816
340,824
340,825
340,852
340,857
340,869
340,893
340,902
340,913
340,914
340,930
340,972
340,993
341,408
341,425
341,426
341,431
341,541
341,560
341,612
341,740
341,808
341,862
341,929
341,934
341,948
341,986
342,374
342,452
342,463
342,648
342,698
342,718
342,747
342,758
342,854
342,879
342,892
342,904
342,936
342,955
343,346
343,363
343,379
343,396
343,399
343,411
343,436
343,437
343,442
343,448
343,449
343,459
343,475
343,496
343,511
343,562
343,581
343,587
343,595
343,607
343,613
343,614
343,633
343,636
343,639
343,657
343,673
343,686
343,687
343,697
343,704
343,706
343,709
343,719
343,721
343,726
343,727
343,729
343,736
343,739
343,748
343,776
343,778
343,792
343,800
343,806
343,835
343,844
343,845
343,846
343,881
343,893
343,897
343,902
343,906
343,908
343,911
343,913
343,926
343,927
343,937
343,939
343,981
344,378
344,383
344,387
344,415
344,436
344,475
344,506
344,518
344,531
344,549
344,573
344,581
344,584
344,626
344,629
344,687
344,699
344,702
344,704
344,711
344,735
344,800
344,830
344,840
344,855
344,860
344,877
344,896
344,910
344,928
344,982
345,387
345,440
345,469
345,734
345,751
345,841
345,960
346,374
346,416
346,429
346,445
346,448
346,460
346,463
346,475
346,479
346,483
346,491
346,497
346,498
346,511
346,513
346,517
346,533
346,536
346,543
346,556
346,565
346,577
346,580
346,584
346,592
346,637
346,667
346,668
346,672
346,705
346,709
346,712
346,715
346,728
346,732
346,747
346,772
346,784
346,793
346,804
346,806
346,825
346,835
346,837
346,867
346,868
346,875
346,885
346,911
346,916
346,932
346,933
346,934
346,937
346,943
346,946
346,951
346,953
346,963
347,369
347,385
347,414
347,448
347,492
347,510
347,544
347,569
347,574
347,578
347,662
347,684
347,695
347,698
347,711
347,741
347,846
347,875
347,878
347,941
348,371
348,378
348,391
348,413
348,416
348,419
348,446
348,463
348,466
348,469
348,472
348,507
348,511
348,565
348,579
348,584
348,589
348,593
348,614
348,615
348,617
348,632
348,649
348,657
348,686
348,695
348,742
348,768
348,770
348,793
348,809
348,825
348,846
348,850
348,855
348,859
348,863
348,864
348,878
348,879
348,902
348,932
348,941
348,954
348,962
348,968
348,971
348,972
348,984
348,990
349,385
349,403
349,422
349,427
349,462
349,487
349,507
349,529
349,537
349,556
349,608
349,640
349,650
349,657
349,700
349,751
349,760
349,772
349,803
349,833
349,836
349,860
349,878
349,911
349,939
349,986
350,364
350,371
350,387
350,439
350,454
350,478
350,515
350,536
350,666
350,672
350,733
350,755
350,801
350,809
350,822
350,883
350,898
350,920
350,980
351,398
351,457
351,543
351,583
351,605
351,635
351,724
351,955
352,434
352,457
352,549
352,563
352,567
352,676
352,692
352,723
352,754
352,820
352,891
352,932
352,960
352,963
352,975
353,384
353,548
353,559
353,598
353,607
353,613
353,621
353,668
353,716
353,755
353,854
353,858
353,955
353,988
354,371
354,399
354,401
354,409
354,424
354,431
354,433
354,465
354,480
354,586
354,642
354,657
354,705
354,772
354,824
354,834
354,850
354,955
355,357
355,401
355,423
355,469
355,505
355,512
355,527
355,545
355,567
355,571
355,581
355,591
355,645
355,670
355,672
355,696
355,703
355,728
355,768
355,779
355,789
355,806
355,825
355,844
355,932
355,945
355,979
355,987
356,467
356,472
356,493
356,513
356,523
356,528
356,592
356,630
356,698
356,701
356,712
356,746
356,769
356,798
356,809
356,830
356,944
356,948
357,361
357,418
357,426
357,463
357,482
357,486
357,493
357,517
357,563
357,567
357,579
357,590
357,618
357,657
357,684
357,685
357,692
357,713
357,763
357,767
357,784
357,799
357,860
357,876
357,903
357,906
357,915
357,970
357,973
357,977
357,980
357,993
358,363
358,372
358,377
358,401
358,411
358,419
358,434
358,444
358,507
358,524
358,535
358,549
358,553
358,560
358,566
358,607
358,617
358,628
358,649
358,662
358,703
358,710
358,720
358,728
358,740
358,752
358,801
358,804
358,881
358,888
358,903
358,922
358,923
358,942
358,953
358,995
359,425
359,551
359,612
359,649
359,690
359,720
359,749
359,809
359,838
359,871
359,910
359,927
359,977
360,367
360,386
360,411
360,429
360,550
360,551
360,571
360,603
360,635
360,640
360,677
360,700
360,760
360,794
360,802
360,826
360,851
360,862
360,869
360,870
360,939
360,952
360,957
360,981
360,986
361,388
361,401
361,416
361,457
361,480
361,502
361,579
361,593
361,648
361,665
361,763
361,764
361,805
361,841
361,848
361,857
361,950
361,952
361,966
361,994
361,997
362,388
362,399
362,424
362,426
362,436
362,466
362,482
362,497
362,549
362,624
362,644
362,675
362,683
362,698
362,766
362,786
362,816
362,885
362,905
362,918
362,956
362,979
362,981
362,997
363,400
363,413
363,428
363,432
363,447
363,469
363,472
363,498
363,504
363,506
363,523
363,542
363,562
363,582
363,584
363,596
363,608
363,611
363,618
363,628
363,633
363,639
363,665
363,667
363,668
363,692
363,693
363,701
363,705
363,712
363,776
363,793
363,814
363,816
363,819
363,844
363,853
363,858
363,879
363,890
363,926
363,929
363,940
363,943
363,949
363,950
363,985
363,993
364,420
364,446
364,542
364,595
364,612
364,617
364,633
364,663
364,707
364,722
364,797
364,876
364,924
364,966
364,978
364,994
365,413
365,505
365,595
365,617
365,887
366,381
366,462
366,472
366,503
366,521
366,529
366,550
366,559
366,562
366,583
366,651
366,686
366,704
366,753
366,760
366,797
366,828
366,830
366,869
366,938
366,944
366,949
367,382
367,384
367,417
367,425
367,430
367,438
367,448
367,478
367,497
367,515
367,540
367,618
367,646
367,656
367,667
367,717
367,732
367,740
367,765
367,781
367,784
367,790
367,792
367,819
367,830
367,840
367,861
367,867
367,869
367,885
367,888
367,893
367,914
367,921
367,955
367,973
367,987
367,993
368,372
368,387
368,395
368,448
368,450
368,458
368,459
368,460
368,470
368,480
368,490
368,497
368,503
368,507
368,510
368,587
368,618
368,619
368,623
368,628
368,632
368,633
368,646
368,667
368,679
368,694
368,709
368,725
368,736
368,752
368,773
368,791
368,819
368,844
368,855
368,861
368,865
368,876
368,893
368,971
368,972
368,988
368,990
368,991
369,419
369,421
369,425
369,426
369,444
369,531
369,557
369,583
369,587
369,607
369,632
369,643
369,677
369,705
369,781
369,809
369,810
369,838
369,854
369,913
369,961
369,964
369,974
369,987
370,410
370,419
370,443
370,478
370,570
370,573
370,587
370,589
370,639
370,682
370,706
370,815
370,821
370,903
370,966
370,969
371,372
371,378
371,399
371,407
371,427
371,454
371,476
371,509
371,512
371,515
371,522
371,580
371,583
371,592
371,639
371,667
371,679
371,695
371,699
371,701
371,702
371,725
371,743
371,758
371,760
371,803
371,821
371,890
371,896
371,907
371,923
371,946
371,955
371,971
371,987
371,989
371,999
372,406
372,409
372,413
372,415
372,433
372,434
372,493
372,548
372,559
372,561
372,576
372,599
372,603
372,637
372,638
372,688
372,692
372,696
372,748
372,749
372,755
372,756
372,781
372,794
372,809
372,842
372,875
372,880
372,903
372,910
372,922
372,928
372,938
372,955
372,965
372,971
373,435
373,601
373,622
373,628
373,633
373,676
373,779
373,809
373,886
373,889
373,920
373,940
374,389
374,390
374,393
374,461
374,463
374,490
374,491
374,501
374,503
374,528
374,543
374,547
374,561
374,562
374,591
374,596
374,604
374,641
374,642
374,663
374,692
374,708
374,725
374,749
374,755
374,756
374,775
374,803
374,844
374,856
374,877
374,928
374,933
375,417
375,523
375,528
375,531
375,555
375,556
375,701
375,745
375,846
375,851
375,859
375,885
375,904
375,973
375,978
375,990
376,400
376,422
376,459
376,465
376,470
376,553
376,580
376,611
376,613
376,619
376,630
376,661
376,700
376,723
376,804
376,809
376,837
376,857
376,884
376,891
376,906
376,951
376,994
377,459
377,529
377,536
377,554
377,564
377,612
377,748
377,794
377,796
377,824
377,839
377,875
377,884
377,888
377,922
377,942
377,947
377,952
377,956
377,974
377,975
378,412
378,428
378,435
378,451
378,470
378,500
378,517
378,557
378,561
378,584
378,592
378,638
378,645
378,648
378,656
378,680
378,683
378,702
378,710
378,719
378,730
378,751
378,828
378,909
378,930
378,931
378,964
378,974
378,986
379,449
379,459
379,472
379,497
379,529
379,536
379,564
379,589
379,604
379,607
379,611
379,612
379,652
379,662
379,664
379,674
379,754
379,793
379,801
379,802
379,805
379,817
379,819
379,820
379,846
379,864
379,933
379,961
379,979
379,981
380,393
380,395
380,398
380,414
380,429
380,476
380,501
380,535
380,538
380,581
380,594
380,604
380,614
380,678
380,679
380,680
380,695
380,725
380,727
380,729
380,732
380,735
380,751
380,760
380,766
380,772
380,813
380,814
380,820
380,850
380,851
380,867
380,870
380,880
380,901
380,937
380,946
380,970
380,976
380,988
380,999
381,401
381,418
381,433
381,449
381,461
381,476
381,485
381,506
381,561
381,611
381,693
381,716
381,740
381,758
381,813
381,833
381,865
381,890
381,899
381,903
381,910
381,950
381,956
382,389
382,520
382,557
382,619
382,642
382,643
382,766
382,778
382,797
382,865
382,930
382,932
382,978
382,987
382,991
383,384
383,385
383,390
383,392
383,396
383,407
383,422
383,425
383,429
383,430
383,439
383,447
383,458
383,459
383,465
383,472
383,480
383,490
383,502
383,531
383,569
383,579
383,581
383,607
383,636
383,648
383,684
383,687
383,694
383,716
383,724
383,725
383,735
383,740
383,741
383,742
383,759
383,781
383,782
383,791
383,792
383,811
383,815
383,816
383,825
383,837
383,842
383,853
383,856
383,896
383,907
383,914
383,940
383,975
383,984
383,995
384,392
384,409
384,411
384,424
384,479
384,487
384,512
384,522
384,535
384,538
384,540
384,547
384,552
384,556
384,557
384,565
384,579
384,584
384,591
384,611
384,617
384,626
384,628
384,639
384,685
384,687
384,699
384,702
384,705
384,747
384,770
384,791
384,792
384,801
384,802
384,807
384,812
384,815
384,833
384,835
384,845
384,846
384,847
384,855
384,864
384,871
384,891
384,913
384,917
384,948
384,949
384,958
384,960
384,966
384,985
384,990
385,404
385,432
385,437
385,453
385,478
385,485
385,502
385,503
385,521
385,544
385,564
385,578
385,581
385,602
385,614
385,680
385,734
385,760
385,773
385,837
385,881
385,889
385,892
385,926
385,944
385,951
385,964
385,997
386,425
386,493
386,547
386,561
386,567
386,569
386,599
386,609
386,613
386,636
386,647
386,653
386,654
386,658
386,662
386,686
386,693
386,724
386,769
386,797
386,803
386,858
386,881
386,909
386,919
386,929
386,940
386,945
386,971
387,403
387,425
387,436
387,437
387,438
387,451
387,498
387,535
387,538
387,575
387,578
387,579
387,584
387,597
387,599
387,626
387,627
387,632
387,633
387,636
387,659
387,693
387,702
387,727
387,742
387,799
387,822
387,843
387,850
387,855
387,881
387,885
387,888
387,896
387,909
387,911
387,929
387,931
387,940
387,953
387,991
388,413
388,418
388,435
388,453
388,478
388,512
388,514
388,525
388,543
388,556
388,565
388,566
388,600
388,633
388,645
388,653
388,657
388,673
388,685
388,710
388,724
388,834
388,839
388,857
388,873
388,875
388,885
388,909
388,942
388,951
388,991
389,418
389,425
389,432
389,463
389,465
389,474
389,496
389,522
389,596
389,608
389,616
389,622
389,651
389,740
389,755
389,756
389,787
389,807
389,864
389,873
389,915
389,987
390,403
390,415
390,425
390,435
390,457
390,458
390,472
390,474
390,476
390,490
390,491
390,508
390,513
390,528
390,536
390,539
390,545
390,549
390,604
390,613
390,614
390,639
390,648
390,649
390,704
390,705
390,706
390,710
390,775
390,778
390,792
390,795
390,802
390,803
390,843
390,857
390,881
390,922
390,928
390,932
390,947
390,955
390,966
390,975
390,997
391,416
391,417
391,454
391,543
391,570
391,673
391,674
391,737
391,867
391,871
391,903
391,911
391,922
391,944
391,986
392,393
392,395
392,432
392,435
392,443
392,473
392,509
392,518
392,536
392,544
392,557
392,574
392,613
392,634
392,663
392,672
392,695
392,717
392,762
392,765
392,801
392,802
392,878
392,893
392,898
392,932
392,939
392,990
393,411
393,418
393,419
393,432
393,442
393,490
393,539
393,555
393,562
393,572
393,593
393,645
393,657
393,663
393,715
393,728
393,729
393,758
393,760
393,775
393,782
393,799
393,806
393,812
393,836
393,837
393,848
393,856
393,871
393,885
393,908
393,921
393,932
393,944
393,967
393,997
393,999
394,444
394,450
394,481
394,488
394,540
394,567
394,591
394,638
394,639
394,651
394,672
394,712
394,718
394,725
394,771
394,791
394,796
394,806
394,819
394,839
394,841
394,923
394,928
394,956
394,961
394,985
394,998
395,439
395,451
395,457
395,463
395,469
395,476
395,580
395,609
395,665
395,668
395,674
395,686
395,713
395,721
395,725
395,770
395,774
395,784
395,858
395,867
395,875
395,886
395,917
395,927
395,929
395,985
396,397
396,408
396,454
396,516
396,520
396,529
396,549
396,552
396,579
396,598
396,601
396,606
396,651
396,652
396,662
396,672
396,695
396,711
396,721
396,736
396,749
396,759
396,783
396,786
396,791
396,795
396,796
396,801
396,826
396,828
396,836
396,841
396,853
396,870
396,885
396,967
397,485
397,518
397,529
397,536
397,554
397,564
397,594
397,608
397,640
397,663
397,666
397,718
397,743
397,776
397,780
397,781
397,783
397,799
397,828
397,944
397,960
397,974
397,986
397,988
398,428
398,430
398,434
398,448
398,460
398,476
398,491
398,500
398,507
398,523
398,527
398,535
398,542
398,543
398,581
398,636
398,639
398,644
398,659
398,668
398,694
398,720
398,751
398,770
398,793
398,799
398,819
398,826
398,835
398,837
398,869
398,876
398,884
398,888
398,894
398,910
398,921
398,985
398,988
399,425
399,431
399,445
399,451
399,470
399,479
399,553
399,639
399,652
399,658
399,661
399,664
399,669
399,686
399,721
399,732
399,767
399,781
399,788
399,800
399,834
399,851
399,855
399,857
399,860
399,865
399,885
399,903
399,904
399,912
399,940
399,978
399,994
399,995
400,406
400,435
400,445
400,472
400,476
400,512
400,513
400,516
400,525
400,544
400,547
400,580
400,588
400,590
400,611
400,615
400,616
400,627
400,633
400,641
400,654
400,675
400,677
400,688
400,692
400,720
400,740
400,781
400,784
400,807
400,822
400,834
400,849
400,892
400,921
400,927
400,975
400,999
401,406
401,427
401,487
401,521
401,594
401,644
401,665
401,682
401,683
401,714
401,786
401,806
401,819
401,829
401,835
401,877
401,959
401,979
402,486
402,521
402,573
402,583
402,682
402,710
402,850
402,887
402,894
402,935
402,940
402,966
403,405
403,408
403,413
403,426
403,476
403,557
403,579
403,583
403,587
403,598
403,653
403,672
403,718
403,730
403,742
403,756
403,759
403,767
403,798
403,828
403,844
403,854
403,855
403,916
403,931
403,959
403,972
403,973
403,975
403,977
403,995
404,415
404,419
404,424
404,432
404,433
404,454
404,472
404,493
404,549
404,556
404,580
404,595
404,604
404,616
404,633
404,634
404,648
404,672
404,673
404,683
404,692
404,747
404,770
404,776
404,791
404,803
404,814
404,855
404,869
404,879
404,885
404,890
404,900
404,920
404,926
404,940
404,958
405,419
405,432
405,472
405,485
405,505
405,508
405,552
405,553
405,577
405,578
405,599
405,684
405,695
405,836
405,853
405,857
405,868
405,885
405,898
405,906
405,911
405,919
405,932
405,958
405,972
405,978
405,984
405,995
406,408
406,474
406,528
406,539
406,636
406,641
406,695
406,697
406,719
406,731
406,773
406,783
406,798
406,803
406,864
406,875
406,877
407,419
407,423
407,491
407,505
407,507
407,563
407,577
407,602
407,668
407,690
407,693
407,724
407,763
407,787
407,809
407,812
407,813
407,856
407,871
407,880
407,890
407,898
407,965
407,985
407,992
408,413
408,427
408,470
408,504
408,512
408,521
408,558
408,559
408,560
408,602
408,622
408,678
408,710
408,723
408,730
408,746
408,754
408,767
408,778
408,796
408,801
408,824
408,831
408,832
408,866
408,915
408,920
408,957
408,965
408,985
409,415
409,431
409,435
409,436
409,447
409,448
409,459
409,472
409,478
409,490
409,492
409,497
409,498
409,526
409,533
409,549
409,551
409,553
409,562
409,589
409,590
409,595
409,598
409,604
409,613
409,623
409,642
409,659
409,670
409,679
409,703
409,726
409,746
409,749
409,759
409,781
409,827
409,865
409,917
409,921
409,923
409,943
409,946
409,948
409,949
409,972
409,990
409,991
409,995
410,418
410,421
410,449
410,472
410,574
410,628
410,641
410,661
410,687
410,758
410,777
410,789
410,798
410,815
410,824
410,851
410,863
410,871
410,931
410,965
411,416
411,462
411,469
411,481
411,483
411,493
411,498
411,499
411,501
411,519
411,543
411,553
411,566
411,574
411,607
411,611
411,613
411,648
411,654
411,659
411,683
411,734
411,756
411,762
411,790
411,805
411,831
411,833
411,843
411,869
411,880
411,899
411,900
411,943
412,463
412,473
412,496
412,536
412,543
412,586
412,597
412,615
412,620
412,621
412,633
412,636
412,679
412,695
412,699
412,721
412,730
412,758
412,759
412,763
412,865
412,876
412,943
412,956
412,991
413,417
413,431
413,439
413,451
413,459
413,460
413,464
413,468
413,476
413,484
413,497
413,498
413,506
413,514
413,522
413,527
413,533
413,535
413,542
413,546
413,552
413,556
413,557
413,561
413,571
413,584
413,589
413,616
413,623
413,628
413,632
413,636
413,645
413,652
413,653
413,659
413,686
413,716
413,721
413,726
413,736
413,759
413,781
413,786
413,793
413,799
413,802
413,835
413,836
413,837
413,840
413,844
413,848
413,851
413,859
413,860
413,879
413,881
413,885
413,896
413,903
413,927
413,931
413,932
413,946
413,950
413,958
413,971
413,975
413,982
413,987
413,994
414,456
414,459
414,502
414,539
414,546
414,548
414,565
414,572
414,579
414,648
414,677
414,693
414,716
414,717
414,735
414,743
414,762
414,801
414,818
414,819
414,837
414,855
414,879
414,916
414,927
414,932
414,949
414,957
414,960
414,961
414,994
414,996
415,425
415,431
415,436
415,460
415,490
415,501
415,513
415,529
415,549
415,563
415,589
415,592
415,593
415,600
415,602
415,670
415,680
415,714
415,736
415,749
415,752
415,754
415,756
415,786
415,790
415,808
415,835
415,863
415,865
415,883
415,885
415,895
415,901
415,903
415,909
415,936
415,954
415,971
415,986
415,990
415,993
416,451
416,453
416,460
416,514
416,517
416,525
416,540
416,544
416,549
416,582
416,598
416,599
416,628
416,632
416,643
416,656
416,657
416,659
416,702
416,743
416,767
416,858
416,860
416,861
416,866
416,876
416,879
416,942
416,950
416,997
417,419
417,451
417,465
417,469
417,470
417,471
417,472
417,495
417,589
417,597
417,626
417,656
417,659
417,661
417,675
417,677
417,683
417,697
417,698
417,742
417,794
417,801
417,882
417,896
417,931
417,992
417,993
418,435
418,451
418,475
418,504
418,533
418,554
418,585
418,591
418,599
418,601
418,615
418,622
418,633
418,653
418,655
418,678
418,786
418,811
418,814
418,822
418,832
418,851
418,855
418,909
418,946
418,952
418,976
418,981
418,988
419,466
419,477
419,480
419,508
419,525
419,527
419,532
419,556
419,561
419,565
419,581
419,602
419,623
419,643
419,645
419,679
419,680
419,695
419,700
419,711
419,725
419,730
419,731
419,770
419,793
419,801
419,803
419,841
419,849
419,850
419,855
419,856
419,860
419,870
419,872
419,874
419,890
419,906
419,950
419,973
419,986
420,499
420,573
420,596
420,652
420,653
420,703
420,751
420,822
420,850
420,862
420,995
421,444
421,472
421,478
421,527
421,536
421,538
421,544
421,556
421,564
421,567
421,608
421,613
421,618
421,656
421,707
421,767
421,770
421,882
421,968
421,980
421,998
422,450
422,453
422,467
422,485
422,498
422,518
422,614
422,645
422,683
422,731
422,776
422,786
422,803
422,842
422,865
422,909
422,972
422,976
422,990
422,992
423,460
423,478
423,546
423,558
423,621
423,628
423,635
423,639
423,662
423,698
423,784
423,786
423,807
423,841
423,846
423,860
424,466
424,497
424,498
424,502
424,510
424,543
424,579
424,650
424,658
424,695
424,705
424,706
424,787
424,800
424,802
424,804
424,809
424,839
424,851
424,860
424,871
424,951
424,960
424,985
425,430
425,436
425,444
425,449
425,450
425,453
425,459
425,463
425,466
425,468
425,476
425,491
425,492
425,505
425,508
425,509
425,535
425,545
425,556
425,557
425,563
425,582
425,583
425,589
425,597
425,602
425,613
425,632
425,633
425,638
425,639
425,650
425,654
425,655
425,658
425,659
425,684
425,686
425,688
425,692
425,706
425,711
425,726
425,727
425,730
425,736
425,739
425,743
425,753
425,754
425,757
425,765
425,766
425,773
425,774
425,780
425,791
425,792
425,803
425,817
425,832
425,844
425,847
425,851
425,858
425,860
425,861
425,864
425,870
425,877
425,883
425,901
425,907
425,914
425,916
425,921
425,929
425,937
425,940
425,942
425,950
425,961
425,962
425,963
425,980
425,990
426,431
426,435
426,461
426,500
426,533
426,549
426,579
426,582
426,583
426,618
426,624
426,666
426,674
426,675
426,693
426,707
426,713
426,718
426,783
426,792
426,837
426,881
426,884
426,890
426,906
426,919
426,923
426,929
426,940
426,977
426,994
427,457
427,492
427,512
427,545
427,549
427,594
427,597
427,627
427,678
427,705
427,713
427,748
427,752
427,754
427,768
427,774
427,793
427,804
427,818
427,824
427,837
427,852
427,895
427,914
427,950
427,967
428,433
428,443
428,463
428,492
428,495
428,507
428,529
428,567
428,573
428,591
428,593
428,611
428,625
428,628
428,632
428,638
428,648
428,652
428,710
428,715
428,718
428,725
428,728
428,742
428,745
428,752
428,768
428,805
428,821
428,823
428,837
428,850
428,866
428,875
428,903
428,908
428,933
428,940
428,979
428,985
429,451
429,464
429,473
429,563
429,576
429,582
429,584
429,591
429,613
429,618
429,629
429,634
429,673
429,701
429,707
429,710
429,725
429,756
429,770
429,854
429,859
429,868
429,871
429,907
429,910
429,917
429,974
430,432
430,438
430,454
430,463
430,470
430,476
430,568
430,582
430,597
430,609
430,625
430,637
430,639
430,654
430,658
430,662
430,663
430,668
430,678
430,690
430,749
430,784
430,785
430,800
430,819
430,839
430,853
430,882
430,922
430,924
430,939
430,953
431,437
431,480
431,492
431,498
431,506
431,509
431,542
431,543
431,546
431,553
431,561
431,584
431,588
431,597
431,599
431,602
431,607
431,615
431,616
431,648
431,653
431,661
431,662
431,668
431,695
431,698
431,701
431,708
431,722
431,724
431,726
431,754
431,759
431,781
431,819
431,837
431,865
431,868
431,879
431,886
431,889
431,911
431,922
431,937
431,940
431,979
431,991
432,478
432,493
432,506
432,534
432,536
432,552
432,560
432,568
432,583
432,587
432,594
432,605
432,622
432,623
432,639
432,654
432,657
432,677
432,678
432,693
432,705
432,714
432,720
432,724
432,742
432,744
432,745
432,748
432,754
432,809
432,810
432,816
432,817
432,824
432,826
432,839
432,845
432,855
432,856
432,876
432,883
432,884
432,887
432,895
432,897
432,898
432,902
432,907
432,910
432,919
432,952
432,987
432,993
432,997
433,479
433,514
433,640
433,659
433,678
433,853
433,897
433,963
433,970
434,445
434,466
434,476
434,481
434,483
434,518
434,532
434,536
434,552
434,560
434,600
434,602
434,626
434,639
434,654
434,680
434,687
434,726
434,801
434,809
434,842
434,853
434,890
434,891
434,910
434,913
434,922
434,952
434,990
434,999
435,448
435,460
435,469
435,480
435,514
435,528
435,542
435,546
435,547
435,557
435,563
435,567
435,572
435,579
435,581
435,610
435,629
435,645
435,650
435,658
435,671
435,672
435,683
435,725
435,729
435,743
435,747
435,758
435,763
435,765
435,776
435,778
435,781
435,790
435,794
435,795
435,806
435,816
435,831
435,837
435,842
435,851
435,855
435,857
435,874
435,893
435,896
435,899
435,903
435,913
435,921
435,922
435,928
435,936
435,937
435,947
435,955
435,958
435,966
435,971
435,973
435,975
435,977
435,980
435,986
435,992
436,445
436,447
436,456
436,457
436,472
436,490
436,493
436,529
436,538
436,547
436,563
436,607
436,649
436,653
436,654
436,658
436,668
436,670
436,687
436,727
436,736
436,749
436,765
436,768
436,783
436,798
436,804
436,815
436,823
436,837
436,846
436,847
436,857
436,914
436,975
436,988
436,999
437,440
437,448
437,471
437,529
437,552
437,629
437,636
437,638
437,654
437,665
437,691
437,692
437,727
437,735
437,754
437,800
437,806
437,826
437,833
437,930
437,998
438,447
438,454
438,464
438,502
438,522
438,523
438,570
438,574
438,642
438,679
438,683
438,688
438,728
438,731
438,741
438,747
438,775
438,805
438,828
438,853
438,864
438,906
438,951
438,972
438,981
439,451
439,455
439,465
439,466
439,508
439,520
439,549
439,591
439,606
439,614
439,616
439,618
439,625
439,626
439,651
439,698
439,720
439,721
439,751
439,754
439,756
439,758
439,786
439,787
439,825
439,832
439,853
439,870
439,871
439,888
439,891
439,916
439,950
439,954
439,955
439,973
439,990
439,999
440,449
440,554
440,578
440,612
440,659
440,755
440,829
440,866
440,950
440,953
440,966
441,623
441,639
441,644
441,784
441,792
441,823
441,952
441,955
442,445
442,469
442,470
442,472
442,480
442,495
442,533
442,538
442,552
442,566
442,582
442,597
442,598
442,605
442,614
442,636
442,650
442,664
442,702
442,708
442,721
442,730
442,766
442,779
442,782
442,784
442,787
442,795
442,805
442,818
442,839
442,840
442,846
442,896
442,897
442,948
443,511
443,522
443,560
443,574
443,599
443,699
443,708
443,714
443,717
443,819
443,848
443,868
443,888
443,907
443,939
443,962
443,963
443,985
443,987
443,994
444,448
444,450
444,497
444,514
444,534
444,548
444,554
444,556
444,575
444,596
444,625
444,628
444,631
444,634
444,654
444,661
444,721
444,722
444,725
444,726
444,732
444,768
444,773
444,821
444,855
444,857
444,864
444,886
444,887
444,892
444,905
444,944
444,955
444,975
444,981
444,994
444,999
445,451
445,472
445,479
445,496
445,497
445,518
445,522
445,581
445,587
445,610
445,638
445,665
445,674
445,695
445,699
445,701
445,710
445,736
445,765
445,779
445,782
445,787
445,795
445,805
445,860
445,884
445,928
445,934
445,937
445,965
446,498
446,541
446,561
446,613
446,712
446,808
446,870
446,889
446,925
446,926
446,981
447,449
447,463
447,471
447,500
447,516
447,543
447,552
447,556
447,562
447,564
447,599
447,602
447,610
447,613
447,658
447,673
447,674
447,684
447,688
447,699
447,715
447,726
447,742
447,776
447,791
447,799
447,802
447,803
447,812
447,817
447,837
447,855
447,870
447,888
447,892
447,896
447,913
447,914
447,939
447,957
447,972
447,988
447,990
448,451
448,459
448,502
448,518
448,520
448,534
448,549
448,581
448,611
448,612
448,666
448,675
448,679
448,716
448,722
448,735
448,768
448,780
448,802
448,837
448,838
448,841
448,871
448,879
448,899
448,907
448,909
448,910
448,911
448,925
448,943
448,948
448,966
448,989
448,993
449,468
449,477
449,487
449,492
449,504
449,550
449,576
449,578
449,585
449,593
449,604
449,609
449,649
449,661
449,693
449,718
449,720
449,734
449,737
449,746
449,763
449,773
449,777
449,795
449,809
449,811
449,887
449,910
449,925
449,931
449,939
449,954
449,985
450,459
450,472
450,478
450,528
450,549
450,575
450,630
450,643
450,659
450,685
450,765
450,771
450,801
450,810
450,826
450,837
450,859
450,881
450,886
450,890
450,899
450,906
450,927
450,928
450,993
451,466
451,493
451,517
451,528
451,543
451,579
451,582
451,590
451,594
451,610
451,613
451,633
451,643
451,648
451,658
451,659
451,662
451,664
451,682
451,698
451,699
451,726
451,740
451,742
451,749
451,770
451,778
451,792
451,814
451,816
451,820
451,829
451,857
451,860
451,864
451,879
451,881
451,888
451,896
451,901
451,929
451,937
451,954
451,958
451,966
451,969
451,971
451,977
451,986
451,988
452,503
452,536
452,566
452,570
452,579
452,671
452,673
452,688
452,707
452,744
452,771
452,874
452,895
452,942
452,964
453,464
453,467
453,475
453,497
453,517
453,518
453,524
453,538
453,541
453,563
453,603
453,604
453,608
453,611
453,623
453,629
453,636
453,654
453,671
453,687
453,701
453,715
453,720
453,728
453,740
453,741
453,749
453,754
453,760
453,763
453,770
453,783
453,800
453,822
453,844
453,851
453,858
453,866
453,874
453,914
453,922
453,928
453,950
453,959
453,988
454,494
454,501
454,508
454,534
454,536
454,561
454,579
454,590
454,595
454,609
454,624
454,699
454,738
454,775
454,784
454,794
454,864
454,924
454,928
454,959
454,980
454,983
455,472
455,506
455,511
455,550
455,567
455,591
455,614
455,637
455,648
455,663
455,672
455,675
455,764
455,794
455,826
455,837
455,838
455,849
455,850
455,854
455,861
455,867
455,911
455,940
455,941
455,944
455,947
455,951
455,981
455,994
456,480
456,587
456,738
456,822
456,850
456,871
456,884
456,943
456,961
456,982
456,987
457,462
457,464
457,492
457,507
457,522
457,591
457,603
457,606
457,611
457,623
457,625
457,627
457,662
457,664
457,672
457,679
457,685
457,687
457,697
457,702
457,725
457,726
457,754
457,759
457,776
457,784
457,794
457,803
457,805
457,807
457,810
457,816
457,834
457,835
457,864
457,873
457,875
457,883
457,884
457,897
457,914
457,922
457,937
457,948
457,966
457,981
457,985
457,997
458,460
458,474
458,504
458,518
458,523
458,534
458,560
458,583
458,625
458,629
458,651
458,665
458,666
458,685
458,691
458,713
458,767
458,850
459,466
459,474
459,475
459,479
459,489
459,498
459,504
459,523
459,533
459,535
459,538
459,547
459,588
459,596
459,598
459,599
459,611
459,616
459,654
459,655
459,702
459,727
459,749
459,754
459,779
459,788
459,795
459,805
459,829
459,860
459,864
459,869
459,879
459,885
459,909
459,911
459,957
459,967
459,982
459,999
460,462
460,467
460,470
460,485
460,492
460,494
460,500
460,508
460,512
460,513
460,515
460,521
460,530
460,541
460,564
460,622
460,639
460,641
460,653
460,658
460,663
460,666
460,702
460,713
460,717
460,720
460,725
460,730
460,735
460,741
460,742
460,763
460,767
460,770
460,773
460,791
460,855
460,858
460,871
460,883
460,896
460,909
460,914
460,917
460,928
460,932
460,941
460,970
460,973
460,994
460,999
461,509
461,510
461,537
461,590
461,598
461,615
461,619
461,654
461,658
461,670
461,733
461,737
461,740
461,767
461,795
461,807
461,818
461,851
461,887
461,891
461,997
462,475
462,502
462,504
462,543
462,547
462,577
462,597
462,634
462,649
462,663
462,679
462,713
462,714
462,724
462,752
462,767
462,784
462,794
462,976
463,466
463,492
463,538
463,543
463,549
463,564
463,565
463,599
463,608
463,612
463,616
463,705
463,723
463,725
463,733
463,772
463,788
463,819
463,828
463,858
463,864
463,877
463,893
463,902
463,955
463,971
463,972
463,999
464,466
464,480
464,485
464,486
464,538
464,544
464,554
464,557
464,581
464,650
464,652
464,654
464,683
464,696
464,697
464,741
464,747
464,748
464,756
464,776
464,781
464,815
464,819
464,853
464,864
464,867
464,875
464,883
464,921
464,931
464,933
464,950
465,521
465,529
465,531
465,550
465,563
465,567
465,577
465,605
465,613
465,622
465,652
465,654
465,657
465,690
465,704
465,709
465,711
465,713
465,739
465,746
465,762
465,767
465,786
465,791
465,820
465,838
465,901
465,906
465,910
465,921
465,939
465,956
465,962
465,980
465,984
466,473
466,490
466,520
466,521
466,556
466,564
466,595
466,599
466,603
466,626
466,628
466,638
466,661
466,685
466,699
466,701
466,707
466,748
466,770
466,776
466,805
466,810
466,838
466,853
466,868
466,896
466,906
466,907
466,921
466,937
466,940
466,949
466,958
466,986
466,990
466,991
467,505
467,532
467,542
467,554
467,592
467,595
467,649
467,676
467,678
467,755
467,809
467,835
467,867
467,888
467,932
468,472
468,508
468,518
468,535
468,564
468,579
468,594
468,662
468,678
468,710
468,754
468,768
468,818
468,825
468,831
468,832
468,850
468,863
468,864
468,879
468,901
468,909
468,914
468,918
468,950
468,975
468,988
469,472
469,479
469,490
469,503
469,510
469,533
469,534
469,584
469,598
469,610
469,633
469,634
469,661
469,716
469,814
469,816
469,828
469,844
469,858
469,879
469,888
469,914
469,917
469,973
469,988
470,476
470,504
470,520
470,536
470,537
470,543
470,549
470,552
470,577
470,587
470,608
470,632
470,654
470,657
470,679
470,689
470,710
470,719
470,725
470,732
470,766
470,770
470,776
470,780
470,792
470,793
470,817
470,857
470,885
470,898
470,915
470,924
470,934
470,949
470,987
470,990
470,994
471,497
471,519
471,536
471,582
471,604
471,620
471,646
471,660
471,701
471,705
471,724
471,727
471,730
471,747
471,771
471,798
471,854
471,906
471,928
471,933
471,937
471,979
471,984
472,476
472,489
472,490
472,493
472,496
472,508
472,512
472,518
472,520
472,533
472,536
472,549
472,571
472,584
472,591
472,598
472,610
472,639
472,642
472,649
472,654
472,677
472,681
472,684
472,687
472,706
472,736
472,760
472,770
472,793
472,797
472,801
472,808
472,815
472,823
472,841
472,846
472,848
472,849
472,850
472,851
472,855
472,865
472,867
472,873
472,874
472,877
472,879
472,928
472,930
472,931
472,947
472,966
472,972
472,978
472,990
473,476
473,497
473,498
473,509
473,531
473,533
473,534
473,548
473,584
473,598
473,623
473,636
473,641
473,654
473,662
473,678
473,684
473,688
473,702
473,725
473,739
473,760
473,770
473,793
473,795
473,835
473,837
473,844
473,879
473,881
473,885
473,911
473,913
473,937
473,943
473,955
473,956
473,971
473,988
474,475
474,476
474,509
474,511
474,517
474,526
474,540
474,562
474,579
474,597
474,638
474,648
474,680
474,695
474,723
474,740
474,772
474,821
474,835
474,851
474,857
474,870
474,895
474,922
474,930
474,971
474,978
475,525
475,545
475,576
475,597
475,603
475,626
475,659
475,663
475,697
475,716
475,753
475,758
475,760
475,774
475,780
475,781
475,786
475,803
475,853
475,864
475,890
475,917
475,938
475,982
475,990
475,992
475,999
476,492
476,512
476,536
476,549
476,556
476,563
476,624
476,627
476,629
476,632
476,636
476,656
476,661
476,665
476,668
476,670
476,680
476,687
476,708
476,711
476,729
476,730
476,749
476,765
476,792
476,793
476,802
476,834
476,837
476,851
476,855
476,861
476,879
476,885
476,927
476,931
476,937
476,946
476,950
476,951
476,954
476,973
476,986
477,512
477,533
477,540
477,542
477,544
477,554
477,579
477,602
477,607
477,608
477,630
477,654
477,659
477,661
477,701
477,791
477,843
477,845
477,857
477,896
477,924
477,933
477,959
477,991
477,998
478,481
478,496
478,563
478,596
478,615
478,623
478,645
478,667
478,668
478,672
478,692
478,701
478,793
478,802
478,817
478,821
478,844
478,898
478,901
478,913
478,914
478,934
478,943
478,946
478,960
478,990
478,996
479,490
479,529
479,542
479,552
479,582
479,600
479,622
479,636
479,658
479,727
479,732
479,740
479,753
479,755
479,759
479,792
479,819
479,839
479,853
479,854
479,857
479,858
479,861
479,868
479,894
479,899
479,903
479,929
479,944
479,966
479,975
479,988
479,995
479,999
480,504
480,507
480,529
480,535
480,542
480,561
480,565
480,582
480,595
480,608
480,610
480,613
480,633
480,639
480,670
480,672
480,690
480,702
480,706
480,727
480,732
480,742
480,745
480,748
480,765
480,766
480,781
480,784
480,791
480,799
480,802
480,816
480,826
480,830
480,868
480,883
480,903
480,906
480,911
480,926
481,515
481,518
481,532
481,540
481,561
481,575
481,653
481,669
481,683
481,688
481,692
481,699
481,712
481,748
481,814
481,853
481,868
481,888
481,955
481,960
481,977
481,989
482,531
482,580
482,653
482,659
482,665
482,692
482,713
482,751
482,792
482,803
482,814
482,821
482,841
482,860
482,887
482,917
482,957
482,996
483,485
483,518
483,551
483,575
483,616
483,704
483,720
483,754
483,766
483,850
483,870
483,872
483,899
483,909
483,974
483,977
483,982
483,985
484,500
484,585
484,601
484,612
484,669
484,676
484,883
484,964
485,510
485,526
485,565
485,630
485,637
485,649
485,695
485,709
485,759
485,769
485,776
485,803
485,824
485,837
485,840
485,863
485,875
485,882
485,920
485,937
485,950
486,504
486,603
486,606
486,663
486,679
486,689
486,735
486,748
486,755
486,764
486,777
486,879
486,944
486,946
487,504
487,581
487,598
487,603
487,622
487,624
487,736
487,744
487,745
487,804
487,807
487,818
487,822
487,862
487,870
487,908
487,918
487,943
487,952
488,510
488,606
488,642
488,713
488,726
488,771
488,799
488,822
488,947
488,960
489,517
489,535
489,551
489,555
489,581
489,589
489,622
489,624
489,652
489,658
489,661
489,675
489,697
489,707
489,722
489,726
489,746
489,752
489,755
489,784
489,799
489,800
489,813
489,830
489,836
489,859
489,868
489,882
489,889
489,996
489,998
490,495
490,497
490,498
490,503
490,507
490,516
490,552
490,553
490,562
490,566
490,577
490,595
490,606
490,623
490,627
490,648
490,664
490,694
490,699
490,723
490,726
490,736
490,742
490,755
490,780
490,857
490,893
490,896
490,904
490,948
490,979
490,982
490,988
490,994
491,635
491,692
491,698
491,708
491,721
491,765
491,807
491,819
491,832
491,849
491,855
491,898
491,953
491,975
492,513
492,518
492,533
492,552
492,564
492,573
492,584
492,595
492,610
492,614
492,633
492,636
492,654
492,655
492,668
492,674
492,692
492,695
492,727
492,749
492,777
492,793
492,836
492,845
492,851
492,856
492,857
492,862
492,890
492,893
492,905
492,914
492,916
492,938
492,955
492,973
492,974
492,978
492,995
493,527
493,539
493,554
493,587
493,610
493,629
493,667
493,746
493,772
493,775
493,810
493,893
493,897
493,927
493,981
494,518
494,522
494,531
494,532
494,592
494,634
494,681
494,686
494,752
494,816
494,849
494,859
494,888
495,519
495,558
495,596
495,602
495,627
495,718
495,747
495,807
495,825
495,841
495,848
495,859
495,898
495,909
495,942
495,984
496,502
496,552
496,595
496,607
496,610
496,627
496,633
496,637
496,649
496,673
496,699
496,730
496,738
496,763
496,775
496,791
496,792
496,793
496,815
496,826
496,833
496,837
496,869
496,879
496,881
496,896
496,957
496,987
496,990
497,503
497,509
497,516
497,571
497,589
497,595
497,606
497,611
497,622
497,637
497,641
497,659
497,665
497,687
497,699
497,713
497,720
497,739
497,743
497,756
497,769
497,793
497,846
497,852
497,870
497,918
497,960
497,988
498,511
498,517
498,520
498,580
498,584
498,585
498,607
498,622
498,623
498,633
498,636
498,639
498,692
498,725
498,758
498,765
498,784
498,812
498,814
498,828
498,837
498,844
498,845
498,857
498,881
498,884
498,893
498,904
498,937
498,955
498,975
498,986
499,564
499,583
499,625
499,666
499,709
499,753
499,786
499,801
499,857
499,865
499,967
499,993
500,627
500,654
500,676
500,679
500,706
500,716
500,778
500,821
500,857
500,871
500,905
500,914
500,964
501,582
501,586
501,595
501,650
501,651
501,678
501,683
501,698
501,704
501,705
501,706
501,819
501,827
501,858
501,875
501,950
501,966
501,984
501,994
502,558
502,559
502,583
502,610
502,612
502,638
502,672
502,730
502,777
502,804
502,817
502,824
502,858
502,859
502,882
502,889
502,903
502,955
502,977
503,517
503,542
503,598
503,603
503,611
503,614
503,657
503,663
503,669
503,682
503,722
503,736
503,748
503,770
503,837
503,839
503,851
503,904
503,908
503,911
503,913
503,923
503,934
503,993
504,513
504,535
504,542
504,552
504,570
504,576
504,602
504,635
504,644
504,645
504,679
504,693
504,719
504,727
504,728
504,739
504,740
504,754
504,756
504,758
504,770
504,780
504,804
504,805
504,817
504,831
504,856
504,872
504,878
504,903
504,916
504,927
504,972
504,981
504,987
505,559
505,575
505,637
505,649
505,671
505,688
505,692
505,734
505,844
505,855
505,879
505,883
505,902
505,906
505,978
505,983
506,509
506,513
506,514
506,515
506,557
506,686
506,713
506,784
506,814
506,824
506,846
506,864
506,890
506,913
506,924
506,932
507,586
507,629
507,632
507,642
507,646
507,659
507,662
507,690
507,695
507,701
507,706
507,716
507,754
507,764
507,774
507,794
507,806
507,809
507,816
507,873
507,891
507,907
507,912
507,939
507,951
507,973
507,988
507,989
508,515
508,540
508,565
508,567
508,599
508,608
508,641
508,652
508,654
508,659
508,729
508,768
508,773
508,805
508,809
508,869
508,876
508,904
508,911
508,937
508,940
508,958
508,959
508,971
508,988
509,543
509,549
509,552
509,617
509,628
509,629
509,632
509,654
509,659
509,664
509,683
509,699
509,746
509,798
509,827
509,834
509,896
509,911
509,940
509,951
509,954
509,967
509,987
509,989
510,524
510,534
510,536
510,559
510,565
510,570
510,573
510,594
510,599
510,601
510,672
510,677
510,709
510,710
510,723
510,730
510,731
510,739
510,751
510,753
510,754
510,765
510,775
510,813
510,831
510,848
510,854
510,858
510,875
510,876
510,877
510,881
510,890
510,898
510,902
510,932
510,943
510,948
510,994
511,516
511,531
511,551
511,573
511,598
511,602
511,613
511,630
511,641
511,653
511,685
511,686
511,694
511,724
511,754
511,770
511,783
511,791
511,825
511,844
511,856
511,860
511,925
511,944
511,972
512,528
512,539
512,560
512,561
512,575
512,597
512,601
512,602
512,613
512,635
512,648
512,654
512,694
512,713
512,715
512,751
512,780
512,834
512,844
512,869
512,908
512,937
512,946
512,950
512,999
513,521
513,533
513,551
513,607
513,610
513,653
513,665
513,667
513,670
513,688
513,695
513,753
513,763
513,784
513,795
513,846
513,856
513,877
513,888
513,892
513,898
513,916
513,922
513,925
513,928
513,962
513,967
513,981
514,687
514,693
514,721
514,753
514,786
514,819
514,857
514,858
514,893
514,944
514,988
514,989
515,524
515,546
515,571
515,580
515,593
515,600
515,630
515,632
515,635
515,645
515,658
515,685
515,697
515,735
515,739
515,752
515,757
515,796
515,819
515,837
515,844
515,845
515,862
515,870
515,901
515,903
515,912
515,960
515,983
516,517
516,557
516,572
516,623
516,663
516,695
516,714
516,719
516,735
516,766
516,786
516,806
516,855
516,871
516,887
516,898
516,906
516,929
516,966
516,981
517,549
517,568
517,606
517,648
517,657
517,719
517,768
517,785
517,803
517,816
517,822
517,831
517,855
517,892
517,896
517,943
517,950
517,957
517,962
518,534
518,535
518,549
518,582
518,601
518,676
518,691
518,729
518,757
518,760
518,766
518,790
518,791
518,808
518,814
518,823
518,824
518,825
518,841
518,857
518,859
518,871
518,876
518,886
518,914
518,916
518,937
518,952
518,966
518,969
519,521
519,523
519,644
519,646
519,808
519,953
520,526
520,542
520,615
520,619
520,638
520,654
520,657
520,667
520,678
520,693
520,701
520,712
520,754
520,782
520,791
520,796
520,801
520,822
520,844
520,858
520,860
520,879
520,886
520,890
520,896
520,899
520,921
520,946
520,970
520,979
521,527
521,539
521,562
521,569
521,590
521,599
521,613
521,623
521,633
521,637
521,658
521,661
521,670
521,673
521,685
521,712
521,719
521,730
521,732
521,816
521,830
521,906
521,909
521,911
521,922
521,951
522,560
522,569
522,584
522,601
522,622
522,623
522,645
522,658
522,673
522,741
522,762
522,779
522,818
522,828
522,841
522,853
522,861
522,892
522,893
522,945
522,978
522,979
522,988
522,999
523,535
523,543
523,552
523,569
523,599
523,653
523,659
523,671
523,686
523,699
523,721
523,747
523,775
523,830
523,844
523,846
523,858
523,868
523,943
523,955
523,986
523,997
524,578
524,586
524,591
524,604
524,633
524,640
524,670
524,721
524,727
524,783
524,861
524,918
524,929
524,982
525,539
525,548
525,550
525,605
525,607
525,614
525,641
525,666
525,668
525,706
525,718
525,722
525,732
525,778
525,790
525,793
525,828
525,836
525,873
525,887
525,912
525,944
525,958
525,960
525,977
525,985
526,567
526,609
526,613
526,635
526,730
526,740
526,744
526,861
526,878
527,586
527,588
527,597
527,639
527,673
527,695
527,696
527,714
527,751
527,778
527,779
527,790
527,839
527,842
527,843
527,867
527,891
527,904
527,976
528,533
528,565
528,599
528,652
528,677
528,685
528,695
528,705
528,709
528,715
528,725
528,726
528,774
528,785
528,795
528,837
528,877
528,880
528,888
528,896
528,903
528,917
528,921
528,923
528,936
528,937
528,964
528,976
528,981
529,535
529,539
529,599
529,611
529,615
529,622
529,625
529,641
529,656
529,687
529,709
529,730
529,732
529,746
529,747
529,774
529,801
529,837
529,855
529,856
529,869
529,890
529,894
529,901
529,907
529,918
529,924
529,925
529,928
529,949
529,950
529,958
529,982
529,995
529,997
530,544
530,582
530,591
530,683
530,696
530,729
530,747
530,771
530,834
530,845
530,848
530,867
530,923
530,956
530,958
531,593
531,602
531,609
531,694
531,701
531,735
531,762
531,792
531,822
531,836
531,849
531,854
531,856
531,870
531,886
531,933
532,536
532,548
532,606
532,663
532,742
532,770
532,801
532,870
532,931
532,947
532,965
532,982
532,990
533,535
533,543
533,556
533,557
533,568
533,573
533,576
533,579
533,586
533,598
533,621
533,623
533,650
533,674
533,695
533,710
533,715
533,720
533,724
533,726
533,740
533,776
533,781
533,785
533,814
533,835
533,849
533,853
533,861
533,864
533,875
533,892
533,911
533,929
533,932
533,937
533,958
533,960
533,975
533,990
534,540
534,544
534,561
534,571
534,581
534,598
534,611
534,625
534,633
534,643
534,662
534,672
534,698
534,699
534,732
534,747
534,749
534,761
534,780
534,826
534,840
534,853
534,854
534,855
534,859
534,867
534,874
534,877
534,904
534,919
534,973
534,975
535,549
535,556
535,586
535,601
535,602
535,607
535,623
535,625
535,626
535,627
535,629
535,650
535,653
535,659
535,673
535,699
535,712
535,718
535,726
535,736
535,740
535,759
535,784
535,790
535,801
535,802
535,812
535,824
535,828
535,832
535,851
535,856
535,868
535,876
535,877
535,892
535,921
535,927
535,933
535,950
535,952
535,965
535,966
535,972
535,973
535,988
535,994
536,568
536,633
536,663
536,680
536,711
536,789
536,793
536,812
536,864
536,873
536,877
536,881
536,893
536,916
536,971
536,975
537,569
537,578
537,611
537,624
537,640
537,654
537,693
537,721
537,736
537,741
537,745
537,751
537,782
537,888
537,893
537,899
537,938
537,944
537,973
537,980
537,988
537,997
538,553
538,564
538,582
538,606
538,607
538,611
538,616
538,618
538,633
538,638
538,640
538,654
538,658
538,661
538,662
538,669
538,670
538,679
538,695
538,702
538,703
538,742
538,753
538,759
538,763
538,805
538,806
538,826
538,837
538,855
538,872
538,882
538,885
538,917
538,919
538,923
538,928
538,975
538,977
538,984
538,997
539,582
539,687
539,700
539,732
539,813
539,830
539,834
539,835
539,853
539,863
539,895
539,910
539,918
539,937
539,965
539,967
539,983
539,987
540,549
540,558
540,561
540,574
540,577
540,581
540,587
540,627
540,665
540,713
540,748
540,754
540,770
540,780
540,782
540,794
540,800
540,821
540,824
540,845
540,890
540,903
540,974
540,977
540,981
540,997
541,544
541,794
541,818
541,828
541,833
541,919
541,920
541,992
542,557
542,561
542,577
542,579
542,595
542,627
542,633
542,636
542,652
542,654
542,662
542,665
542,671
542,681
542,695
542,716
542,730
542,757
542,776
542,805
542,825
542,837
542,853
542,858
542,869
542,881
542,901
542,946
542,950
542,994
543,545
543,574
543,581
543,589
543,590
543,601
543,610
543,627
543,631
543,639
543,654
543,663
543,664
543,671
543,687
543,694
543,698
543,713
543,742
543,749
543,750
543,765
543,780
543,795
543,805
543,849
543,886
543,899
543,917
543,937
543,943
543,954
543,975
544,556
544,568
544,608
544,612
544,635
544,646
544,648
544,651
544,676
544,682
544,725
544,731
544,737
544,740
544,765
544,770
544,780
544,783
544,834
544,844
544,866
544,888
544,902
544,928
544,933
544,938
544,962
544,988
544,990
544,991
544,998
544,999
545,557
545,612
545,641
545,675
545,687
545,688
545,720
545,743
545,790
545,833
545,879
545,913
545,928
545,937
546,565
546,567
546,575
546,610
546,639
546,653
546,673
546,694
546,695
546,707
546,767
546,774
546,775
546,803
546,829
546,857
546,901
546,916
546,970
546,989
547,578
547,580
547,592
547,604
547,608
547,610
547,668
547,701
547,738
547,740
547,756
547,759
547,770
547,779
547,816
547,838
547,845
547,901
547,930
547,940
547,955
547,978
547,984
547,993
548,591
548,597
548,598
548,608
548,611
548,661
548,759
548,773
548,787
548,818
548,837
548,864
548,906
548,926
549,565
549,572
549,608
549,613
549,628
549,633
549,641
549,648
549,649
549,654
549,659
549,668
549,673
549,675
549,686
549,687
549,692
549,713
549,716
549,726
549,736
549,743
549,747
549,749
549,757
549,765
549,781
549,785
549,794
549,804
549,824
549,845
549,866
549,885
549,893
549,897
549,904
549,908
549,917
549,919
549,958
549,975
549,986
549,995
550,639
550,662
550,674
550,703
550,774
550,802
550,806
550,835
550,869
550,878
550,888
550,923
550,934
551,556
551,563
551,592
551,613
551,616
551,627
551,654
551,658
551,675
551,712
551,715
551,720
551,727
551,740
551,756
551,765
551,789
551,808
551,834
551,844
551,854
551,865
551,868
551,922
551,974
551,978
551,983
551,987
552,606
552,610
552,623
552,627
552,633
552,634
552,650
552,661
552,686
552,687
552,692
552,694
552,700
552,717
552,726
552,748
552,751
552,762
552,780
552,795
552,799
552,802
552,814
552,832
552,884
552,903
552,916
552,933
552,988
552,991
552,995
553,583
553,662
553,694
553,700
553,709
553,726
553,765
553,766
553,792
553,805
553,819
553,852
553,888
553,972
553,984
553,990
554,604
554,612
554,623
554,629
554,637
554,669
554,695
554,721
554,772
554,788
554,815
554,923
554,924
554,927
554,945
554,950
554,969
554,993
555,557
555,560
555,582
555,619
555,627
555,630
555,677
555,698
555,713
555,728
555,758
555,772
555,804
555,817
555,836
555,854
555,855
555,895
555,897
555,903
555,906
555,940
555,945
555,952
555,955
555,967
555,994
556,578
556,586
556,604
556,625
556,649
556,660
556,673
556,674
556,696
556,711
556,721
556,723
556,735
556,751
556,789
556,807
556,812
556,813
556,823
556,830
556,835
556,846
556,865
556,890
556,892
556,910
556,932
557,566
557,572
557,576
557,598
557,611
557,654
557,672
557,696
557,698
557,700
557,706
557,709
557,732
557,764
557,769
557,781
557,790
557,791
557,800
557,805
557,809
557,829
557,844
557,860
557,879
557,928
557,932
557,988
558,586
558,677
558,688
558,712
558,734
558,743
558,748
558,811
558,821
558,898
558,928
558,959
559,568
559,627
559,681
559,712
559,720
559,746
559,887
559,892
559,930
559,948
559,978
559,987
560,585
560,618
560,657
560,678
560,679
560,681
560,723
560,754
560,801
560,804
560,832
560,834
560,851
560,854
560,932
560,995
561,564
561,590
561,593
561,594
561,603
561,604
561,616
561,618
561,624
561,654
561,659
561,661
561,678
561,683
561,696
561,712
561,719
561,766
561,788
561,791
561,807
561,844
561,856
561,867
561,901
561,911
561,924
561,928
561,930
561,931
561,988
561,992
562,569
562,577
562,610
562,619
562,636
562,639
562,661
562,667
562,706
562,721
562,729
562,749
562,760
562,781
562,837
562,843
562,855
562,864
562,881
562,885
562,893
562,896
562,908
562,937
562,946
562,948
562,958
562,980
562,984
562,988
562,994
563,602
563,658
563,669
563,674
563,687
563,705
563,742
563,755
563,780
563,797
563,821
563,891
563,951
563,952
563,981
563,986
564,577
564,582
564,606
564,609
564,624
564,632
564,637
564,639
564,644
564,654
564,675
564,686
564,699
564,700
564,706
564,711
564,725
564,730
564,766
564,770
564,790
564,793
564,843
564,875
564,886
564,896
564,898
564,904
564,906
564,917
564,928
564,929
564,941
564,944
565,634
565,665
565,679
565,684
565,697
565,736
565,758
565,773
565,795
565,819
565,868
565,873
565,907
565,909
565,944
565,963
565,966
565,988
565,990
566,572
566,614
566,627
566,628
566,641
566,659
566,675
566,710
566,712
566,714
566,723
566,725
566,759
566,835
566,858
566,868
566,876
566,924
566,934
567,571
567,589
567,641
567,646
567,648
567,708
567,786
567,802
567,833
567,871
567,887
567,888
567,910
567,919
567,939
567,956
567,987
568,628
568,634
568,639
568,657
568,664
568,689
568,707
568,708
568,709
568,721
568,728
568,766
568,835
568,906
568,917
568,930
568,939
568,946
568,957
569,586
569,607
569,650
569,653
569,656
569,662
569,756
569,763
569,839
569,845
569,847
569,856
569,893
569,969
569,984
569,991
570,637
570,671
570,686
570,706
570,722
570,730
570,739
570,794
570,825
570,873
570,888
570,944
570,976
570,992
571,577
571,616
571,636
571,659
571,661
571,664
571,679
571,685
571,715
571,719
571,724
571,726
571,732
571,749
571,760
571,780
571,812
571,813
571,852
571,862
571,864
571,868
571,875
571,876
571,919
571,969
571,975
571,978
571,994
572,589
572,607
572,652
572,683
572,688
572,699
572,710
572,712
572,713
572,714
572,722
572,762
572,804
572,833
572,837
572,854
572,856
572,857
572,863
572,865
572,953
572,972
573,585
573,623
573,631
573,658
573,710
573,722
573,730
573,737
573,758
573,766
573,812
573,825
573,840
573,849
573,880
573,891
573,897
573,911
573,914
573,976
574,605
574,626
574,634
574,720
574,721
574,773
574,784
574,787
574,804
574,806
574,869
574,875
574,888
574,918
574,929
574,942
574,947
574,948
575,602
575,606
575,635
575,647
575,651
575,664
575,697
575,712
575,713
575,758
575,792
575,793
575,804
575,814
575,830
575,879
575,892
575,960
575,998
576,624
576,688
576,762
576,770
576,791
576,814
576,830
576,835
576,837
576,977
577,578
577,579
577,586
577,589
577,650
577,684
577,702
577,718
577,734
577,750
577,784
577,799
577,814
577,821
577,868
577,869
577,885
577,932
577,963
578,591
578,596
578,597
578,603
578,621
578,662
578,678
578,681
578,682
578,688
578,741
578,759
578,760
578,770
578,781
578,842
578,845
578,873
578,893
578,905
578,931
578,934
578,950
578,960
578,981
578,982
578,994
579,581
579,623
579,639
579,641
579,661
579,673
579,674
579,692
579,701
579,705
579,713
579,726
579,748
579,749
579,765
579,777
579,798
579,857
579,858
579,863
579,912
579,966
579,967
579,990
580,581
580,610
580,620
580,673
580,675
580,683
580,688
580,697
580,754
580,760
580,783
580,785
580,796
580,800
580,801
580,807
580,841
580,842
580,853
580,854
580,860
580,882
580,954
580,982
581,587
581,595
581,604
581,626
581,641
581,644
581,658
581,671
581,695
581,699
581,701
581,705
581,711
581,731
581,736
581,751
581,790
581,801
581,819
581,834
581,839
581,857
581,871
581,877
581,890
581,913
581,932
581,936
581,947
581,951
581,966
581,975
581,976
581,984
581,991
582,595
582,596
582,597
582,602
582,624
582,634
582,641
582,667
582,668
582,689
582,703
582,707
582,710
582,715
582,719
582,723
582,726
582,736
582,740
582,747
582,762
582,764
582,802
582,837
582,844
582,846
582,851
582,853
582,879
582,885
582,903
582,904
582,908
582,914
582,916
582,920
582,923
582,929
582,943
582,958
582,971
582,973
582,977
582,980
582,981
582,987
583,592
583,596
583,605
583,608
583,609
583,624
583,629
583,650
583,712
583,714
583,719
583,728
583,736
583,743
583,763
583,791
583,803
583,812
583,823
583,849
583,864
583,892
583,907
583,932
583,953
583,958
583,963
583,975
583,978
584,602
584,611
584,622
584,636
584,648
584,658
584,674
584,690
584,756
584,765
584,781
584,782
584,793
584,824
584,963
584,971
584,984
584,992
585,589
585,691
585,696
585,709
585,747
585,765
585,860
585,898
585,911
585,932
585,956
586,595
586,609
586,621
586,623
586,632
586,634
586,655
586,672
586,698
586,714
586,722
586,724
586,753
586,809
586,813
586,815
586,822
586,883
586,923
586,940
586,964
586,969
586,999
587,648
587,662
587,693
587,724
587,844
587,900
588,633
588,651
588,700
588,719
588,843
588,850
588,863
588,913
588,914
588,915
588,927
588,938
588,972
588,988
588,993
589,598
589,628
589,659
589,682
589,685
589,701
589,702
589,712
589,718
589,736
589,747
589,758
589,765
589,792
589,795
589,802
589,805
589,827
589,836
589,851
589,859
589,865
589,875
589,879
589,884
589,906
589,909
589,917
589,929
590,597
590,615
590,623
590,658
590,678
590,682
590,695
590,697
590,705
590,706
590,714
590,760
590,778
590,801
590,817
590,828
590,834
590,857
590,875
590,916
590,963
590,984
590,985
591,613
591,625
591,628
591,661
591,663
591,668
591,677
591,722
591,725
591,846
591,864
591,922
591,978
591,980
592,686
592,731
592,740
592,767
592,770
592,828
592,870
592,873
592,874
592,879
592,965
593,594
593,637
593,729
593,770
593,854
593,950
593,974
593,976
593,987
594,623
594,632
594,648
594,673
594,679
594,681
594,683
594,710
594,711
594,724
594,725
594,749
594,751
594,774
594,779
594,781
594,804
594,819
594,835
594,837
594,855
594,903
594,928
594,963
594,969
594,971
594,981
595,619
595,622
595,640
595,647
595,649
595,668
595,672
595,674
595,679
595,682
595,687
595,695
595,699
595,708
595,714
595,716
595,727
595,731
595,733
595,759
595,787
595,799
595,816
595,850
595,862
595,863
595,885
595,892
595,926
595,928
595,932
595,934
595,952
595,954
595,956
595,957
595,988
596,652
596,701
596,703
596,706
596,708
596,713
596,734
596,750
596,752
596,794
596,810
596,868
596,883
596,910
596,913
596,918
596,924
596,925
596,931
596,964
596,988
596,997
597,607
597,629
597,633
597,654
597,669
597,695
597,699
597,751
597,767
597,806
597,808
597,813
597,853
597,909
597,910
597,913
598,604
598,607
598,632
598,636
598,639
598,653
598,658
598,660
598,662
598,680
598,697
598,747
598,760
598,801
598,855
598,868
598,872
598,921
598,950
598,975
598,977
599,613
599,615
599,639
599,649
599,674
599,711
599,720
599,723
599,736
599,737
599,740
599,742
599,747
599,765
599,781
599,800
599,805
599,822
599,825
599,835
599,840
599,868
599,873
599,892
599,893
599,904
599,926
599,954
599,982
599,983
599,984
600,610
600,620
600,629
600,637
600,698
600,750
600,982
601,616
601,629
601,657
601,683
601,692
601,714
601,718
601,768
601,773
601,778
601,805
601,819
601,846
601,901
601,940
601,948
601,958
601,967
601,969
601,977
601,998
602,616
602,629
602,634
602,654
602,657
602,658
602,667
602,699
602,710
602,741
602,745
602,747
602,760
602,780
602,795
602,804
602,846
602,857
602,871
602,888
602,927
602,932
602,940
602,948
602,955
602,987
602,988
602,993
602,994
603,610
603,624
603,625
603,640
603,658
603,665
603,677
603,681
603,687
603,705
603,708
603,772
603,823
603,862
603,863
603,867
603,869
603,881
603,917
603,945
603,957
603,965
604,634
604,636
604,643
604,669
604,710
604,770
604,816
604,831
604,846
604,853
604,874
604,885
604,904
604,910
604,922
604,934
604,958
604,978
604,997
605,625
605,652
605,677
605,682
605,725
605,737
605,757
605,822
605,832
605,868
605,919
605,924
605,959
605,990
606,617
606,661
606,756
606,768
606,804
606,805
606,812
606,850
606,863
606,874
606,901
606,903
606,916
606,951
606,970
606,972
606,973
607,619
607,629
607,636
607,654
607,664
607,673
607,679
607,702
607,739
607,751
607,753
607,781
607,805
607,818
607,828
607,830
607,855
607,884
607,911
607,972
607,980
607,981
607,982
607,994
608,650
608,668
608,670
608,684
608,699
608,714
608,721
608,757
608,767
608,786
608,811
608,874
608,917
608,921
608,923
608,928
608,949
608,969
608,975
609,631
609,645
609,652
609,662
609,688
609,694
609,720
609,808
609,821
609,822
609,897
609,923
609,992
610,614
610,633
610,653
610,657
610,680
610,732
610,733
610,766
610,769
610,793
610,799
610,819
610,846
610,868
610,901
610,950
610,958
610,979
610,989
611,616
611,623
611,650
611,661
611,679
611,702
611,706
611,721
611,755
611,776
611,777
611,779
611,788
611,806
611,814
611,821
611,864
611,881
611,916
611,921
611,929
611,937
611,955
611,989
611,990
612,628
612,662
612,683
612,695
612,702
612,705
612,706
612,720
612,725
612,726
612,768
612,789
612,832
612,837
612,859
612,861
612,879
612,927
612,950
613,615
613,624
613,649
613,658
613,664
613,685
613,689
613,718
613,730
613,791
613,801
613,809
613,810
613,812
613,814
613,849
613,865
613,894
613,902
613,931
613,934
613,953
613,967
614,634
614,698
614,707
614,758
614,807
614,819
614,834
614,840
614,863
614,881
614,939
614,971
615,637
615,654
615,700
615,735
615,740
615,761
615,792
615,795
615,799
615,816
615,822
615,845
615,868
615,875
615,882
615,896
615,903
615,904
615,908
615,914
615,922
615,991
615,995
616,619
616,655
616,674
616,687
616,696
616,705
616,751
616,754
616,770
616,784
616,793
616,803
616,826
616,845
616,851
616,854
616,865
616,876
616,888
616,893
616,904
616,909
616,930
616,934
616,946
616,972
616,974
616,984
616,985
617,710
617,741
617,747
617,751
617,808
617,840
617,884
617,943
617,999
618,620
618,650
618,653
618,665
618,674
618,678
618,692
618,762
618,767
618,796
618,825
618,832
618,893
618,913
618,932
618,971
618,976
619,651
619,683
619,698
619,751
619,767
619,781
619,809
619,820
619,853
619,856
619,871
619,875
619,876
619,879
619,899
619,927
619,973
620,642
620,649
620,665
620,728
620,833
620,863
620,864
620,930
620,938
620,957
621,629
621,632
621,656
621,657
621,660
621,714
621,733
621,749
621,773
621,812
621,869
621,874
621,952
621,965
621,992
622,627
622,651
622,704
622,710
622,762
622,769
622,776
622,793
622,803
622,821
622,839
622,847
622,863
622,940
622,957
622,969
622,994
623,628
623,632
623,662
623,673
623,691
623,705
623,719
623,757
623,814
623,885
623,913
623,919
623,922
623,937
623,945
623,956
623,971
623,973
623,975
623,988
623,995
624,645
624,665
624,670
624,673
624,714
624,725
624,771
624,838
624,893
624,959
625,630
625,631
625,657
625,664
625,743
625,747
625,785
625,907
625,924
626,641
626,659
626,666
626,687
626,695
626,721
626,762
626,773
626,777
626,785
626,786
626,792
626,809
626,851
626,861
626,876
626,903
626,933
626,940
626,955
626,987
627,629
627,632
627,659
627,664
627,686
627,711
627,726
627,735
627,772
627,807
627,821
627,830
627,845
627,863
627,879
627,881
627,914
627,931
627,937
627,969
627,990
627,995
628,636
628,639
628,659
628,669
628,670
628,678
628,702
628,715
628,727
628,741
628,747
628,760
628,769
628,772
628,790
628,814
628,821
628,835
628,837
628,844
628,868
628,885
628,907
628,921
628,966
629,634
629,653
629,661
629,694
629,712
629,722
629,742
629,743
629,746
629,765
629,770
629,778
629,787
629,792
629,803
629,805
629,809
629,814
629,819
629,835
629,845
629,856
629,862
629,869
629,873
629,904
629,921
629,932
629,935
629,938
629,951
629,955
629,956
630,632
630,634
630,652
630,661
630,673
630,712
630,727
630,751
630,776
630,777
630,833
630,837
630,863
630,886
630,908
630,937
630,947
630,964
630,993
631,643
631,690
631,755
631,760
631,782
631,869
631,878
631,881
631,955
631,962
632,633
632,636
632,645
632,678
632,706
632,740
632,742
632,764
632,776
632,825
632,837
632,842
632,879
632,904
632,909
632,921
632,955
632,981
632,988
633,636
633,639
633,650
633,656
633,672
633,675
633,687
633,702
633,751
633,764
633,769
633,776
633,781
633,793
633,814
633,819
633,845
633,851
633,860
633,868
633,885
633,914
633,937
633,953
633,973
634,699
634,701
634,711
634,718
634,719
634,726
634,753
634,758
634,784
634,786
634,799
634,801
634,815
634,816
634,829
634,851
634,853
634,863
634,888
634,904
634,928
634,940
634,942
634,967
634,977
634,984
634,999
635,648
635,682
635,713
635,725
635,743
635,760
635,768
635,771
635,801
635,809
635,832
635,835
635,933
635,963
635,966
636,659
636,661
636,663
636,664
636,669
636,709
636,718
636,739
636,749
636,770
636,804
636,868
636,879
636,881
636,887
636,895
636,911
636,928
636,932
636,941
636,950
636,960
636,969
636,987
636,988
636,990
637,699
637,720
637,782
637,786
637,789
637,800
637,806
637,837
637,851
637,862
637,945
637,965
638,702
638,724
638,803
638,805
638,870
638,903
638,940
638,943
638,970
639,641
639,644
639,659
639,664
639,669
639,680
639,695
639,702
639,724
639,732
639,735
639,750
639,781
639,784
639,793
639,804
639,809
639,818
639,823
639,835
639,837
639,854
639,855
639,865
639,868
639,875
639,879
639,888
639,894
639,904
639,909
639,919
639,932
639,940
639,962
639,973
639,991
639,993
639,997
640,641
640,645
640,665
640,681
640,707
640,723
640,759
640,773
640,777
640,823
640,864
640,916
641,648
641,654
641,693
641,732
641,747
641,774
641,786
641,798
641,822
641,826
641,848
641,869
641,874
641,930
641,954
641,967
641,973
641,988
642,644
642,693
642,713
642,728
642,762
642,788
642,791
642,796
642,799
642,834
642,850
642,857
642,861
642,864
642,898
642,913
642,946
642,989
643,683
643,688
643,720
643,778
643,810
643,878
643,914
643,962
644,668
644,710
644,733
644,745
644,746
644,763
644,792
644,855
644,873
644,877
644,901
644,919
644,929
644,987
645,668
645,695
645,719
645,728
645,748
645,810
645,823
645,858
645,865
645,894
645,909
645,941
645,944
646,677
646,712
646,735
646,896
647,697
647,698
647,720
647,763
647,793
647,808
647,851
647,867
647,889
648,649
648,651
648,669
648,671
648,683
648,695
648,696
648,718
648,735
648,737
648,750
648,758
648,760
648,764
648,772
648,794
648,814
648,815
648,833
648,865
648,869
648,875
648,893
648,908
648,917
648,921
648,946
648,947
648,959
648,976
648,997
648,998
648,999
649,659
649,671
649,738
649,764
649,772
649,775
649,786
649,798
649,805
649,823
649,826
649,837
649,877
649,898
649,909
649,916
649,943
649,961
649,962
649,977
649,981
649,983
649,991
649,999
650,654
650,686
650,701
650,724
650,730
650,737
650,742
650,770
650,775
650,779
650,791
650,819
650,834
650,853
650,857
650,860
650,862
650,905
650,928
650,929
650,939
650,960
651,659
651,664
651,695
651,717
651,724
651,736
651,740
651,749
651,802
651,834
651,870
651,884
651,912
651,921
651,946
652,699
652,701
652,707
652,712
652,713
652,716
652,734
652,752
652,760
652,781
652,820
652,824
652,828
652,853
652,880
652,897
652,930
652,946
652,955
652,964
653,712
653,716
653,729
653,737
653,750
653,784
653,796
653,855
653,889
653,903
653,906
653,911
653,919
653,933
653,943
653,952
653,954
653,964
653,981
654,668
654,673
654,685
654,686
654,690
654,699
654,709
654,726
654,732
654,747
654,748
654,753
654,776
654,797
654,799
654,811
654,816
654,819
654,825
654,837
654,845
654,854
654,855
654,863
654,938
654,941
654,942
654,964
654,988
654,995
655,679
655,683
655,684
655,729
655,732
655,752
655,811
655,812
655,868
655,870
655,919
655,932
655,964
656,657
656,658
656,748
656,759
656,795
656,824
656,841
656,859
656,877
656,893
656,967
656,984
657,661
657,692
657,694
657,742
657,792
657,794
657,814
657,819
657,838
657,856
657,863
657,867
657,882
657,904
657,926
657,936
657,956
657,960
657,967
658,679
658,683
658,684
658,688
658,701
658,717
658,726
658,747
658,780
658,794
658,795
658,800
658,810
658,813
658,820
658,822
658,835
658,844
658,846
658,889
658,901
658,908
658,952
658,977
658,990
658,994
659,670
659,671
659,694
659,699
659,715
659,727
659,732
659,760
659,765
659,775
659,778
659,785
659,791
659,793
659,813
659,817
659,819
659,829
659,837
659,844
659,845
659,851
659,855
659,857
659,859
659,868
659,879
659,896
659,897
659,909
659,917
659,920
659,934
659,945
659,948
659,985
659,990
659,995
659,998
660,675
660,692
660,703
660,722
660,740
660,760
660,766
660,788
660,810
660,820
660,930
660,934
660,938
661,673
661,674
661,709
661,718
661,726
661,744
661,749
661,784
661,792
661,793
661,799
661,814
661,820
661,828
661,835
661,844
661,846
661,868
661,887
661,897
661,921
661,928
661,929
661,937
661,951
661,966
661,986
661,990
661,995
661,996
662,700
662,712
662,716
662,721
662,739
662,740
662,742
662,791
662,819
662,828
662,851
662,853
662,901
662,919
662,921
662,933
662,959
662,991
663,698
663,709
663,722
663,753
663,757
663,759
663,767
663,778
663,794
663,853
663,885
663,910
663,916
663,922
663,932
663,934
663,959
664,671
664,686
664,738
664,748
664,780
664,790
664,815
664,844
664,846
664,868
664,885
664,890
664,934
664,972
664,975
664,995
665,682
665,720
665,740
665,798
665,836
665,844
665,850
665,869
665,873
665,876
665,898
665,913
665,950
665,953
665,975
665,992
665,999
666,695
666,806
666,826
666,853
666,856
666,873
666,879
666,911
666,952
666,955
666,959
667,703
667,746
667,760
667,812
667,823
667,837
667,844
667,890
667,903
667,908
667,915
667,980
667,986
667,987
667,991
667,994
668,711
668,713
668,714
668,716
668,720
668,771
668,775
668,788
668,793
668,804
668,805
668,809
668,810
668,829
668,834
668,857
668,863
668,866
668,874
668,891
668,900
668,912
668,950
668,956
668,978
668,981
669,675
669,711
669,718
669,755
669,778
669,795
669,808
669,853
669,873
669,877
669,893
669,904
669,916
669,952
669,977
669,982
669,989
670,673
670,686
670,713
670,717
670,726
670,749
670,784
670,821
670,835
670,879
670,911
670,932
670,937
670,950
671,756
671,776
671,783
671,804
671,807
671,844
671,868
671,907
671,928
671,993
672,697
672,709
672,724
672,773
672,789
672,793
672,799
672,826
672,834
672,876
672,899
672,916
672,946
672,971
672,991
672,993
673,705
673,728
673,729
673,732
673,742
673,752
673,764
673,775
673,778
673,826
673,843
673,853
673,854
673,855
673,873
673,881
673,909
673,915
673,966
673,972
673,986
674,681
674,694
674,763
674,770
674,776
674,780
674,791
674,819
674,837
674,840
674,855
674,860
674,872
674,919
674,977
674,982
674,988
674,991
675,730
675,732
675,774
675,783
675,813
675,836
675,889
675,904
675,954
675,987
675,997
676,734
676,766
676,797
676,852
676,864
676,918
676,970
677,682
677,698
677,711
677,715
677,734
677,800
677,816
677,818
677,843
677,851
677,928
677,960
677,963
677,986
678,682
678,687
678,699
678,706
678,724
678,754
678,756
678,783
678,791
678,847
678,854
678,861
678,862
678,893
678,933
678,995
679,692
679,696
679,720
679,721
679,726
679,728
679,740
679,765
679,770
679,776
679,808
679,842
679,849
679,879
679,888
679,913
679,949
679,969
679,973
680,725
680,726
680,767
680,769
680,775
680,819
680,846
680,864
680,879
680,946
680,950
680,972
681,707
681,758
681,781
681,888
681,932
681,967
681,986
681,999
682,685
682,706
682,741
682,754
682,816
682,860
682,863
682,873
682,896
682,909
682,953
682,964
682,970
682,989
682,998
683,687
683,697
683,701
683,712
683,720
683,750
683,808
683,809
683,875
683,899
683,925
683,937
684,699
684,721
684,724
684,740
684,747
684,752
684,770
684,792
684,803
684,850
684,854
684,867
684,868
684,882
684,896
684,913
684,929
684,932
684,945
684,984
684,999
685,688
685,709
685,719
685,722
685,751
685,754
685,765
685,805
685,815
685,828
685,840
685,864
685,868
685,870
685,904
685,914
685,927
685,928
685,975
685,979
686,687
686,710
686,711
686,726
686,742
686,756
686,766
686,767
686,774
686,776
686,812
686,846
686,872
686,896
686,926
686,933
686,957
686,966
686,979
686,981
686,988
686,993
686,999
687,692
687,694
687,695
687,699
687,710
687,778
687,781
687,785
687,800
687,814
687,830
687,831
687,849
687,857
687,860
687,874
687,904
687,931
687,958
687,975
688,692
688,721
688,751
688,828
688,865
688,869
688,892
688,916
688,933
688,996
689,698
689,756
689,819
689,843
689,887
689,888
689,891
689,957
689,979
689,984
689,991
690,716
690,747
690,760
690,774
690,783
690,797
690,842
690,867
690,870
690,905
690,919
690,921
691,763
691,788
691,793
691,809
691,820
691,836
691,910
691,945
692,705
692,713
692,751
692,756
692,776
692,781
692,821
692,824
692,844
692,845
692,857
692,899
692,922
692,975
692,991
692,999
693,712
693,741
693,815
693,818
693,858
693,893
693,915
693,960
693,970
694,697
694,699
694,702
694,710
694,726
694,762
694,773
694,795
694,840
694,844
694,869
694,875
694,879
694,890
694,896
694,904
694,909
694,914
694,917
694,940
694,958
694,994
695,712
695,727
695,742
695,753
695,768
695,770
695,789
695,798
695,816
695,841
695,846
695,852
695,853
695,869
695,901
695,903
695,904
695,907
695,951
695,955
695,967
695,987
696,697
696,723
696,754
696,774
696,775
696,792
696,806
696,869
696,893
697,748
697,751
697,760
697,765
697,767
697,785
697,815
697,844
697,853
697,865
697,889
697,893
697,914
697,937
697,974
697,989
698,705
698,723
698,732
698,744
698,795
698,825
698,831
698,848
698,879
698,893
698,902
698,920
698,956
698,986
698,997
699,727
699,736
699,759
699,771
699,772
699,774
699,804
699,814
699,818
699,825
699,833
699,835
699,839
699,851
699,868
699,881
699,913
699,914
699,929
699,945
699,966
699,971
699,995
700,707
700,714
700,863
700,892
700,914
700,952
701,709
701,714
701,718
701,722
701,727
701,729
701,730
701,754
701,782
701,796
701,817
701,835
701,846
701,847
701,863
701,892
701,909
701,917
701,922
701,927
701,933
701,939
701,955
701,966
701,970
701,975
701,986
701,992
701,993
701,994
702,721
702,794
702,812
702,845
702,851
702,853
702,906
702,933
702,950
702,953
702,974
703,752
703,768
703,822
703,854
703,877
703,899
703,912
703,918
703,971
703,979
703,981
703,994
704,737
704,766
704,803
704,840
704,873
704,882
704,889
704,893
704,943
704,956
705,707
705,724
705,745
705,762
705,763
705,767
705,803
705,814
705,870
705,879
705,937
705,944
705,945
705,948
705,958
705,972
705,983
705,998
706,715
706,716
706,722
706,726
706,736
706,760
706,768
706,775
706,782
706,792
706,795
706,816
706,819
706,843
706,853
706,865
706,868
706,957
706,959
706,962
706,975
706,999
707,713
707,718
707,754
707,761
707,763
707,781
707,796
707,802
707,899
707,927
707,939
707,942
707,943
707,956
707,990
708,802
708,818
708,890
708,942
709,723
709,740
709,761
709,791
709,792
709,795
709,812
709,855
709,865
709,881
709,885
709,890
709,896
709,910
709,984
710,714
710,729
710,734
710,736
710,740
710,775
710,777
710,799
710,801
710,820
710,851
710,884
710,886
710,921
710,927
710,940
710,942
710,943
710,950
710,959
710,963
710,965
710,974
710,985
710,991
710,994
711,714
711,742
711,750
711,753
711,775
711,791
711,819
711,831
711,839
711,846
711,891
711,904
711,910
711,916
711,943
711,967
711,982
711,984
712,729
712,742
712,754
712,775
712,857
712,892
712,915
712,936
712,940
712,949
712,961
712,963
712,984
713,727
713,741
713,788
713,808
713,834
713,858
713,861
713,923
713,955
713,958
713,974
713,975
713,986
714,775
714,806
714,821
714,841
714,845
714,903
714,955
714,968
714,976
714,984
715,788
715,813
715,867
715,869
715,875
715,879
716,732
716,853
716,861
716,908
716,909
717,729
717,760
717,774
717,817
717,871
717,912
717,926
718,746
718,753
718,770
718,774
718,793
718,813
718,836
718,842
718,919
718,997
719,722
719,723
719,754
719,780
719,781
719,802
719,805
719,807
719,823
719,825
719,826
719,847
719,852
719,901
719,931
719,934
719,944
719,952
719,994
720,766
720,770
720,817
720,835
720,861
720,894
720,899
720,942
720,970
720,982
721,725
721,739
721,742
721,749
721,751
721,762
721,767
721,784
721,802
721,812
721,813
721,819
721,825
721,844
721,846
721,851
721,870
721,882
721,892
721,898
721,906
721,922
721,929
721,938
721,948
721,972
721,976
721,981
722,739
722,742
722,764
722,765
722,778
722,826
722,846
722,902
722,908
722,910
722,955
723,732
723,738
723,754
723,757
723,761
723,774
723,779
723,790
723,798
723,804
723,824
723,836
723,840
723,901
723,905
723,926
723,927
723,938
723,972
723,988
723,989
724,725
724,740
724,757
724,764
724,793
724,800
724,801
724,809
724,821
724,835
724,854
724,860
724,863
724,892
724,907
724,949
724,951
724,952
724,992
725,751
725,760
725,767
725,790
725,811
725,837
725,848
725,868
725,869
725,873
725,879
725,909
725,937
725,955
726,727
726,729
726,730
726,736
726,752
726,760
726,781
726,816
726,855
726,893
726,894
726,904
726,917
726,933
726,940
726,958
726,966
726,970
726,984
727,754
727,802
727,807
727,837
727,879
727,881
727,887
727,892
727,955
727,971
728,782
728,790
728,797
728,815
728,863
728,870
728,922
728,958
729,751
729,758
729,760
729,764
729,773
729,803
729,820
729,822
729,860
729,876
729,913
729,947
729,997
730,753
730,759
730,781
730,786
730,909
730,934
730,950
730,988
730,994
731,732
731,821
731,864
731,893
731,909
731,949
731,995
732,739
732,742
732,756
732,775
732,781
732,792
732,804
732,807
732,815
732,818
732,837
732,896
732,913
732,959
732,963
732,990
733,779
733,809
733,812
733,816
733,889
733,893
733,914
733,918
733,929
733,956
734,812
734,818
734,835
734,865
734,877
734,880
734,884
734,897
734,928
734,941
734,965
734,975
735,762
735,776
735,781
735,791
735,811
735,819
735,928
736,747
736,759
736,772
736,776
736,795
736,837
736,844
736,864
736,870
736,885
736,896
736,898
736,904
736,932
736,980
736,990
736,994
736,995
737,761
737,784
737,809
737,872
737,891
738,786
738,811
738,837
738,854
738,925
738,948
739,767
739,815
739,827
739,837
739,855
739,868
739,897
740,743
740,746
740,765
740,776
740,784
740,793
740,824
740,830
740,845
740,893
740,896
740,917
740,920
740,928
740,950
740,959
740,975
740,982
740,991
740,995
741,754
741,787
741,795
741,818
741,845
741,891
741,903
741,935
741,937
741,965
742,767
742,790
742,815
742,823
742,845
742,877
742,888
742,966
742,978
742,988
743,790
743,792
743,798
743,824
743,828
743,886
743,908
743,917
743,940
743,971
743,973
743,990
743,991
744,752
744,770
744,837
744,861
744,871
744,885
744,888
744,987
745,944
745,955
745,957
745,974
745,980
745,988
746,850
746,894
746,950
746,955
746,956
746,973
746,988
747,760
747,792
747,812
747,850
747,875
747,882
747,885
747,892
747,908
747,910
747,911
747,918
747,938
747,954
747,958
747,988
747,998
747,999
748,751
748,785
748,793
748,810
748,835
748,870
748,879
748,883
748,892
748,911
748,920
748,926
748,934
748,964
748,966
748,967
748,985
749,759
749,780
749,792
749,794
749,816
749,821
749,833
749,835
749,839
749,857
749,868
749,885
749,914
749,917
749,926
749,942
749,948
749,954
749,958
749,962
750,787
750,803
750,847
750,859
750,872
750,913
750,930
750,943
750,952
750,962
750,994
751,760
751,776
751,783
751,791
751,801
751,809
751,824
751,826
751,837
751,840
751,844
751,846
751,856
751,865
751,872
751,888
751,943
751,958
751,998
751,999
752,804
752,815
752,817
752,825
752,838
752,840
752,890
752,900
752,915
752,922
752,951
752,963
752,966
752,967
752,970
752,971
752,973
753,760
753,784
753,823
753,842
753,857
753,883
753,947
753,978
753,980
754,792
754,795
754,813
754,825
754,835
754,874
754,875
754,880
754,897
754,901
754,904
754,908
754,954
755,786
755,816
755,833
755,853
755,862
755,899
755,911
755,928
755,946
755,963
756,771
756,777
756,814
756,882
756,885
756,890
756,917
756,953
756,987
757,795
757,825
757,864
757,900
757,955
757,956
758,820
758,825
758,855
758,869
758,893
758,903
758,922
758,929
758,956
758,960
758,978
758,979
758,997
759,774
759,814
759,866
759,881
759,883
759,944
759,950
759,967
759,975
759,992
760,762
760,768
760,771
760,782
760,784
760,814
760,834
760,850
760,851
760,872
760,986
760,987
760,996
761,840
761,989
762,793
762,798
762,834
762,844
762,862
762,863
762,864
762,874
762,892
762,910
762,929
762,930
762,932
762,938
762,981
762,988
763,779
763,853
763,860
763,905
763,978
763,997
763,999
764,767
764,777
764,815
764,867
764,881
764,884
764,895
764,922
764,931
764,981
765,816
765,844
765,853
765,864
765,878
765,940
765,955
765,962
765,991
766,771
766,843
766,849
766,854
766,881
766,939
766,962
766,994
766,996
767,786
767,794
767,834
767,843
767,883
767,896
767,906
767,940
767,986
768,785
768,788
768,805
768,817
768,826
768,881
768,889
768,951
768,974
768,990
769,773
769,786
769,807
769,825
769,865
770,777
770,779
770,781
770,785
770,789
770,790
770,812
770,820
770,835
770,836
770,837
770,869
770,872
770,875
770,879
770,895
770,901
770,914
770,979
770,989
770,991
771,792
771,800
771,802
771,826
771,863
771,917
771,928
771,982
772,788
772,797
772,800
772,824
772,869
772,878
772,924
772,932
772,955
773,792
773,798
773,800
773,803
773,815
773,829
773,836
773,841
773,858
773,869
773,878
773,882
773,937
773,946
773,951
773,952
773,958
774,787
774,791
774,818
774,863
774,890
774,913
774,919
774,926
774,992
775,795
775,819
775,888
775,892
775,898
775,930
775,948
775,955
775,963
775,969
775,973
775,993
776,817
776,839
776,844
776,881
776,897
776,941
776,943
776,955
776,969
776,975
776,997
777,783
777,836
777,851
777,858
777,873
777,883
777,891
777,893
777,910
777,944
777,960
777,964
777,991
778,796
778,801
778,856
778,909
778,934
778,944
778,952
778,987
780,826
780,845
780,862
780,863
780,875
780,906
780,921
780,950
780,952
780,971
780,974
781,790
781,804
781,807
781,821
781,853
781,868
781,874
781,875
781,890
781,896
781,927
781,932
781,950
781,958
781,961
781,975
781,988
781,994
781,995
782,820
782,851
782,866
782,874
782,876
782,898
782,939
783,806
783,813
783,815
783,817
783,849
783,876
783,947
783,959
784,795
784,814
784,818
784,833
784,837
784,853
784,879
784,937
784,966
784,991
784,994
785,794
785,968
785,992
785,995
786,809
786,815
786,820
786,825
786,840
786,862
786,867
786,874
786,915
786,930
786,956
786,970
787,808
787,834
787,845
787,849
787,941
787,960
787,985
788,800
788,808
788,810
788,828
788,844
788,920
788,931
788,943
788,952
788,986
789,792
789,878
789,898
789,930
789,945
789,961
789,968
789,990
790,791
790,795
790,810
790,816
790,845
790,911
790,926
790,946
790,949
790,966
790,971
790,977
790,990
790,992
790,998
791,796
791,810
791,814
791,819
791,821
791,836
791,880
791,909
791,928
791,953
792,793
792,795
792,801
792,810
792,814
792,816
792,820
792,844
792,854
792,879
792,906
792,911
792,913
792,917
792,920
792,925
792,928
792,947
792,949
792,965
792,973
793,796
793,816
793,824
793,837
793,844
793,875
793,894
793,901
793,913
793,914
793,959
793,966
793,972
793,985
794,827
794,848
794,853
794,899
794,906
794,923
794,947
794,954
795,802
795,819
795,829
795,838
795,847
795,922
795,929
795,973
795,977
796,841
796,930
796,935
796,987
796,996
796,997
796,998
797,810
797,837
797,853
797,876
797,927
797,944
797,956
797,990
798,799
798,809
798,815
798,816
798,851
798,856
798,879
798,893
798,934
798,955
798,963
798,992
799,835
799,838
799,856
799,878
799,879
799,885
799,886
799,910
799,940
799,977
799,991
800,812
800,825
800,834
800,836
800,853
800,855
800,886
800,906
800,917
800,941
800,962
800,975
800,983
800,999
801,815
801,847
801,858
801,871
801,896
801,926
801,953
801,958
801,985
801,989
801,997
802,819
802,838
802,854
802,868
802,892
802,901
802,910
802,937
802,944
802,947
802,966
802,997
803,807
803,821
803,840
803,863
803,868
803,977
803,996
804,810
804,856
804,898
804,901
804,971
804,977
804,988
804,992
805,814
805,824
805,832
805,833
805,843
805,858
805,898
805,904
805,909
805,927
805,932
805,945
805,961
805,965
805,966
805,973
806,843
806,845
806,870
806,874
806,928
806,955
806,965
806,981
807,816
807,837
807,868
807,884
807,888
807,909
807,912
807,929
807,934
807,945
807,967
807,981
807,987
807,997
808,836
808,883
808,885
808,935
808,962
809,825
809,830
809,831
809,877
809,883
809,907
809,941
809,950
809,957
809,986
809,994
810,812
810,836
810,857
810,897
810,912
810,916
810,919
810,961
810,970
811,851
811,852
811,876
811,910
811,926
811,965
812,814
812,832
812,843
812,846
812,851
812,867
812,879
812,896
812,903
812,921
812,943
812,949
812,969
812,972
813,825
813,865
813,921
813,930
813,986
813,987
814,819
814,855
814,861
814,879
814,886
814,887
814,904
814,910
814,914
814,929
814,940
814,950
814,958
814,960
814,974
814,977
814,978
814,991
815,850
815,883
815,921
815,924
815,926
815,943
815,957
815,973
815,987
816,819
816,851
816,864
816,904
816,940
816,948
816,950
816,951
816,970
816,976
817,822
817,836
817,861
817,874
817,883
817,886
817,892
817,917
817,976
818,832
818,859
818,863
818,871
818,880
818,893
818,898
818,922
818,924
818,933
818,944
818,947
819,837
819,844
819,855
819,881
819,890
819,897
819,909
819,929
819,948
819,960
819,973
819,974
819,995
820,835
820,864
820,883
820,886
820,967
820,993
820,994
821,841
821,851
821,857
821,872
821,879
821,919
821,933
821,937
821,940
821,958
821,975
821,979
821,991
821,996
822,834
822,853
822,855
822,872
822,892
822,898
822,902
822,921
822,933
822,956
822,979
823,864
823,874
823,884
823,886
823,899
823,952
823,958
823,982
824,834
824,839
824,846
824,870
824,871
824,882
824,887
824,923
824,974
824,998
825,826
825,862
825,880
825,890
825,892
825,896
825,900
825,916
825,973
825,975
825,999
826,892
826,929
826,950
826,997
827,847
827,858
827,873
827,876
827,919
827,939
827,944
827,975
828,878
828,891
828,914
828,946
828,982
828,989
828,991
829,838
829,887
829,899
829,919
829,936
830,874
830,899
830,952
831,847
831,856
831,872
831,896
831,922
831,924
831,925
831,966
832,888
832,890
832,912
832,919
832,943
832,959
832,992
833,910
833,921
833,963
834,866
834,868
834,899
834,965
834,985
835,837
835,838
835,845
835,862
835,888
835,910
835,914
835,922
835,940
835,948
835,956
836,847
836,858
836,866
836,872
836,877
836,894
836,909
836,932
836,941
836,951
836,953
836,981
837,844
837,849
837,854
837,860
837,868
837,878
837,881
837,890
837,892
837,900
837,904
837,911
837,913
837,932
837,937
837,947
837,950
837,993
837,994
838,858
838,875
838,950
839,866
839,873
839,886
839,899
839,900
839,915
839,952
840,856
840,911
840,927
840,940
841,865
841,867
841,875
841,901
841,970
841,987
841,991
841,998
842,857
842,860
842,879
842,907
842,945
842,957
842,977
842,985
842,988
843,870
843,961
844,849
844,857
844,904
844,906
844,913
844,939
844,977
844,987
845,862
845,908
845,909
845,917
845,927
845,940
845,946
845,969
845,977
846,864
846,876
846,878
846,885
846,893
846,904
846,909
846,923
846,940
846,944
846,964
846,973
847,874
847,951
847,964
847,988
848,864
848,879
848,911
848,934
848,955
848,964
848,983
848,985
848,987
850,879
851,856
851,904
851,907
851,921
851,929
851,937
851,939
851,948
851,950
851,952
851,960
851,967
851,995
852,856
852,859
852,899
852,912
852,913
852,918
852,927
852,947
852,956
852,960
852,967
852,988
853,921
853,933
853,934
853,984
853,987
853,997
854,865
854,892
854,900
854,910
854,930
854,954
854,973
855,856
855,864
855,893
855,908
855,911
855,935
855,968
855,994
856,866
856,896
856,952
856,998
857,876
857,879
857,921
857,922
857,931
857,940
857,967
857,971
857,973
857,978
857,979
857,984
857,990
857,998
858,859
858,863
858,884
858,905
858,907
858,910
858,919
859,898
859,941
859,953
860,864
860,871
860,912
860,916
860,946
860,958
860,982
860,987
861,867
861,872
861,949
861,982
862,865
862,874
862,878
862,880
862,882
862,909
862,976
862,985
863,879
863,883
863,887
863,888
863,893
863,906
863,954
863,965
863,973
863,984
864,866
864,868
864,874
864,886
864,918
864,928
864,932
864,942
864,946
864,987
865,873
865,930
865,955
865,963
866,881
866,892
866,963
866,999
867,894
867,908
867,917
867,924
867,928
867,929
867,943
867,987
868,914
868,931
868,946
868,951
868,952
868,973
868,987
868,990
868,991
868,995
869,885
869,892
869,909
869,955
869,983
869,987
870,873
870,878
870,910
870,918
870,940
871,898
871,961
871,970
872,879
872,884
872,942
872,989
873,922
873,944
874,896
874,964
874,982
874,985
874,999
875,879
875,880
875,901
875,909
875,912
875,916
875,966
875,985
876,881
876,907
876,909
876,930
876,934
876,957
876,964
876,979
877,903
877,923
877,944
877,983
877,998
878,945
878,968
878,983
878,999
879,881
879,885
879,888
879,890
879,913
879,921
879,929
879,966
879,973
879,985
880,908
880,943
880,973
880,993
880,994
881,897
881,914
881,917
881,933
881,938
881,940
881,950
881,978
881,990
882,888
882,920
882,922
882,934
882,953
882,967
882,974
883,898
883,930
883,941
883,973
883,975
884,975
885,906
885,908
885,929
885,930
885,932
885,940
885,961
885,975
885,980
885,998
886,895
886,955
886,957
886,967
886,972
886,983
886,986
887,895
887,920
887,926
887,955
887,958
887,970
887,982
887,983
887,992
887,995
888,907
888,908
888,911
888,927
888,944
888,952
888,978
888,989
889,896
889,908
889,979
889,985
890,896
890,898
890,953
890,956
890,960
891,908
891,920
891,949
891,964
892,905
892,912
892,944
892,952
892,954
892,973
892,997
893,909
893,924
893,944
893,951
893,955
893,985
894,939
894,941
894,951
894,992
895,902
895,978
896,940
896,954
896,955
896,975
896,986
896,996
896,998
897,967
897,983
897,988
898,902
898,932
898,991
899,904
899,907
899,934
899,943
899,980
899,986
900,937
900,986
900,988
901,922
901,923
901,973
903,904
903,923
903,950
903,969
903,997
904,907
904,917
904,944
904,947
904,973
904,999
905,919
905,980
905,988
905,992
906,907
906,922
906,923
906,942
906,950
906,960
906,967
906,977
906,994
907,921
907,923
907,926
907,934
907,956
907,960
907,966
907,972
907,978
907,992
908,918
908,920
908,923
908,979
908,992
909,932
909,954
909,988
910,918
910,920
910,984
910,993
911,934
911,940
911,977
911,986
912,965
912,967
912,984
913,918
913,956
913,971
914,920
914,932
914,940
914,950
914,972
914,999
915,924
915,957
915,997
916,921
916,931
916,936
917,932
917,938
917,946
917,956
917,976
917,991
917,997
918,921
918,949
918,964
918,978
919,941
919,944
919,948
919,963
920,981
921,958
921,971
922,924
922,931
922,937
922,950
922,954
922,955
922,964
922,976
922,988
922,991
922,993
923,928
923,955
923,958
923,961
923,988
923,994
924,932
924,938
924,962
925,994
926,946
926,965
926,992
926,995
927,931
927,979
928,956
929,932
929,975
929,991
929,994
930,955
930,965
930,992
931,940
931,959
931,961
931,984
931,994
932,937
932,942
932,956
932,975
932,978
932,999
933,955
933,960
933,967
933,976
934,942
934,947
934,954
934,959
934,976
935,982
936,956
937,949
937,966
938,987
938,991
939,967
939,983
940,948
940,954
940,963
941,948
941,968
941,986
942,950
942,994
943,959
943,984
943,986
943,987
944,951
944,967
946,982
946,984
946,988
946,990
948,958
948,966
948,986
949,975
949,986
950,958
950,971
950,972
950,975
950,988
951,959
951,978
951,988
951,989
951,990
951,992
951,993
952,968
952,975
952,979
952,990
954,983
955,959
955,964
955,986
955,993
956,960
956,978
957,969
958,970
958,990
959,966
959,974
959,990
959,993
960,963
960,992
961,965
961,983
961,989
962,978
963,978
963,981
967,977
967,993
968,992
969,992
970,971
971,990
971,994
977,986
978,981
978,982
978,997
979,983
981,986
983,993
986,992
988,990
988,992
990,995
990,997
