source,target
0,6
0,36
0,46
0,50
0,53
0,105
0,110
0,112
0,115
0,121
0,150
0,162
0,191
0,206
0,217
0,225
0,230
0,231
0,240
0,241
0,252
0,272
0,277
0,316
0,320
0,327
0,332
0,354
0,370
0,374
0,382
0,393
0,403
0,407
0,413
0,421
0,443
0,453
0,458
0,485
0,488
0,489
0,507
0,528
0,529
0,540
0,573
0,574
0,588
0,599
0,610
0,625
0,633
0,647
0,648
0,660
0,679
0,701
0,721
0,725
0,737
0,747
0,755
0,779
0,799
0,800
0,805
0,818
0,821
0,827
0,833
0,851
0,858
0,878
0,893
0,899
0,919
0,921
0,926
0,941
0,956
0,957
0,971
0,975
0,980
0,988
0,993
1,32
1,44
1,50
1,52
1,78
1,81
1,98
1,129
1,209
1,210
1,222
1,223
1,247
1,264
1,323
1,343
1,347
1,441
1,454
1,470
1,485
1,540
1,558
1,576
1,580
1,621
1,639
1,689
1,709
1,749
1,809
1,839
1,890
1,900
1,952
1,963
1,968
2,16
2,19
2,48
2,49
2,80
2,128
2,152
2,159
2,171
2,245
2,284
2,288
2,305
2,348
2,382
2,384
2,397
2,401
2,416
2,444
2,449
2,461
2,475
2,490
2,569
2,578
2,581
2,594
2,598
2,613
2,634
2,673
2,688
2,693
2,762
2,775
2,793
2,799
2,817
2,819
2,865
2,885
2,900
2,935
2,937
2,942
2,943
2,944
2,949
2,982
2,985
3,32
3,87
3,94
3,106
3,124
3,137
3,138
3,156
3,166
3,182
3,183
3,199
3,225
3,228
3,242
3,263
3,266
3,267
3,279
3,286
3,311
3,335
3,348
3,360
3,372
3,373
3,417
3,438
3,440
3,441
3,470
3,473
3,475
3,491
3,496
3,497
3,507
3,591
3,595
3,623
3,629
3,690
3,712
3,714
3,726
3,742
3,765
3,782
3,797
3,798
3,809
3,819
3,834
3,874
3,883
3,888
3,907
3,914
3,967
3,984
3,989
3,998
4,7
4,9
4,26
4,33
4,48
4,49
4,80
4,87
4,125
4,128
4,131
4,157
4,159
4,170
4,237
4,301
4,307
4,333
4,348
4,444
4,447
4,449
4,456
4,482
4,490
4,512
4,617
4,634
4,659
4,662
4,676
4,681
4,687
4,762
4,775
4,793
4,850
4,885
4,904
4,944
4,948
4,949
4,989
4,990
5,42
5,53
5,77
5,91
5,100
5,106
5,195
5,236
5,237
5,242
5,258
5,267
5,277
5,344
5,355
5,360
5,400
5,450
5,454
5,470
5,513
5,539
5,629
5,690
5,698
5,757
5,830
5,880
5,881
5,884
5,895
5,897
5,923
5,967
6,12
6,22
6,36
6,52
6,93
6,95
6,98
6,99
6,112
6,116
6,121
6,136
6,153
6,167
6,183
6,252
6,277
6,288
6,320
6,323
6,328
6,332
6,334
6,382
6,396
6,400
6,419
6,432
6,452
6,458
6,473
6,489
6,501
6,502
6,503
6,528
6,540
6,562
6,610
6,636
6,648
6,653
6,660
6,667
6,697
6,701
6,712
6,722
6,737
6,742
6,745
6,759
6,780
6,797
6,848
6,872
6,887
6,899
6,919
6,924
6,960
6,966
6,979
6,997
7,9
7,47
7,48
7,68
7,130
7,145
7,150
7,177
7,234
7,241
7,260
7,264
7,265
7,280
7,295
7,300
7,315
7,322
7,325
7,333
7,341
7,342
7,374
7,391
7,420
7,456
7,481
7,499
7,512
7,531
7,574
7,594
7,613
7,615
7,637
7,644
7,652
7,666
7,682
7,722
7,727
7,755
7,756
7,786
7,810
7,811
7,814
7,816
7,828
7,836
7,841
7,851
7,859
7,873
7,904
7,912
7,926
7,930
7,938
7,947
7,996
7,998
8,14
8,92
8,235
8,270
8,276
8,302
8,325
8,424
8,512
8,576
8,618
8,633
8,670
8,704
8,731
8,829
8,834
8,840
8,853
8,875
8,879
8,933
8,978
9,12
9,19
9,31
9,47
9,86
9,106
9,127
9,141
9,158
9,160
9,161
9,172
9,173
9,176
9,200
9,212
9,218
9,241
9,254
9,264
9,268
9,271
9,272
9,281
9,322
9,402
9,426
9,434
9,437
9,439
9,447
9,472
9,480
9,492
9,499
9,541
9,562
9,576
9,601
9,605
9,616
9,620
9,677
9,688
9,719
9,733
9,747
9,776
9,778
9,788
9,833
9,841
9,857
9,864
9,874
9,880
9,888
9,889
9,893
9,906
9,909
9,928
9,948
9,955
9,970
9,971
9,978
9,980
9,992
10,28
10,40
10,55
10,69
10,79
10,87
10,145
10,192
10,208
10,241
10,265
10,365
10,382
10,407
10,485
10,489
10,520
10,541
10,557
10,565
10,569
10,605
10,617
10,659
10,662
10,687
10,693
10,775
10,783
10,785
10,826
10,836
10,858
10,885
10,920
10,926
10,944
10,949
10,973
10,979
10,990
10,994
10,999
11,32
11,64
11,108
11,140
11,185
11,195
11,203
11,235
11,242
11,268
11,274
11,316
11,318
11,338
11,369
11,373
11,405
11,406
11,410
11,414
11,424
11,433
11,460
11,477
11,484
11,498
11,514
11,522
11,534
11,544
11,555
11,595
11,602
11,622
11,642
11,650
11,654
11,657
11,689
11,704
11,710
11,736
11,766
11,769
11,781
11,792
11,798
11,801
11,803
11,813
11,818
11,833
11,837
11,852
11,945
11,978
11,981
12,13
12,14
12,23
12,40
12,58
12,113
12,127
12,142
12,152
12,158
12,162
12,166
12,169
12,178
12,195
12,202
12,223
12,242
12,247
12,249
12,253
12,278
12,281
12,297
12,306
12,314
12,321
12,322
12,324
12,335
12,360
12,373
12,374
12,411
12,424
12,434
12,458
12,460
12,461
12,485
12,495
12,504
12,514
12,525
12,530
12,532
12,542
12,543
12,546
12,594
12,595
12,602
12,619
12,622
12,624
12,626
12,628
12,639
12,717
12,729
12,781
12,799
12,813
12,824
12,834
12,839
12,857
12,901
12,904
12,913
12,918
12,919
12,961
12,964
12,975
12,978
12,980
12,984
13,52
13,72
13,78
13,83
13,90
13,91
13,105
13,110
13,114
13,217
13,227
13,287
13,288
13,297
13,303
13,313
13,316
13,334
13,358
13,370
13,378
13,387
13,403
13,444
13,458
13,485
13,489
13,491
13,509
13,526
13,548
13,563
13,599
13,600
13,601
13,684
13,725
13,746
13,771
13,779
13,802
13,848
13,917
13,924
13,959
13,972
13,986
13,989
14,28
14,58
14,60
14,69
14,78
14,92
14,93
14,116
14,122
14,127
14,137
14,144
14,148
14,170
14,172
14,176
14,194
14,224
14,270
14,289
14,292
14,295
14,299
14,301
14,317
14,325
14,333
14,336
14,391
14,424
14,431
14,479
14,484
14,508
14,512
14,543
14,554
14,555
14,583
14,585
14,612
14,645
14,665
14,699
14,704
14,736
14,769
14,787
14,800
14,803
14,805
14,816
14,819
14,820
14,823
14,829
14,833
14,837
14,840
14,883
14,896
14,908
14,912
14,913
14,920
14,926
14,955
14,964
14,988
15,60
15,282
15,315
15,333
15,354
15,436
15,489
15,490
15,523
15,557
15,585
15,640
15,685
15,688
15,766
15,773
15,938
15,979
16,28
16,33
16,53
16,57
16,76
16,119
16,139
16,163
16,170
16,177
16,187
16,193
16,197
16,200
16,204
16,227
16,237
16,243
16,245
16,284
16,297
16,301
16,310
16,334
16,379
16,399
16,447
16,452
16,488
16,510
16,548
16,557
16,563
16,576
16,584
16,601
16,624
16,633
16,665
16,673
16,681
16,688
16,690
16,714
16,738
16,743
16,763
16,796
16,805
16,854
16,858
16,864
16,876
16,934
16,943
16,948
16,960
16,979
16,987
16,989
16,990
16,998
17,109
17,111
17,159
17,164
17,205
17,251
17,342
17,356
17,384
17,435
17,474
17,490
17,606
17,640
17,778
17,806
17,938
17,947
18,31
18,64
18,175
18,203
18,205
18,235
18,273
18,364
18,376
18,424
18,425
18,532
18,611
18,723
18,855
18,903
18,933
18,996
19,27
19,43
19,61
19,62
19,63
19,69
19,129
19,134
19,155
19,186
19,194
19,210
19,248
19,273
19,308
19,320
19,341
19,346
19,354
19,366
19,368
19,376
19,406
19,418
19,493
19,510
19,517
19,525
19,538
19,542
19,560
19,561
19,571
19,573
19,632
19,644
19,670
19,699
19,744
19,750
19,783
19,784
19,794
19,801
19,806
19,837
19,899
19,915
19,951
19,970
20,52
20,83
20,90
20,91
20,110
20,115
20,264
20,288
20,316
20,379
20,408
20,444
20,447
20,485
20,500
20,502
20,509
20,533
20,536
20,548
20,558
20,580
20,588
20,595
20,601
20,636
20,673
20,690
20,737
20,768
20,777
20,854
20,897
20,917
20,919
20,932
20,983
20,986
20,989
21,204
21,241
21,260
21,326
21,521
21,567
21,634
21,719
21,800
21,851
21,913
21,934
21,970
22,30
22,34
22,40
22,54
22,60
22,96
22,101
22,129
22,159
22,229
22,236
22,238
22,240
22,273
22,338
22,376
22,418
22,422
22,429
22,483
22,484
22,560
22,582
22,595
22,602
22,622
22,650
22,669
22,686
22,714
22,720
22,734
22,736
22,781
22,824
22,870
22,922
22,981
22,984
23,46
23,75
23,89
23,106
23,127
23,129
23,142
23,171
23,203
23,223
23,245
23,247
23,253
23,272
23,350
23,366
23,424
23,457
23,543
23,548
23,555
23,591
23,618
23,645
23,650
23,651
23,689
23,692
23,708
23,736
23,795
23,803
23,814
23,818
23,840
23,857
23,874
23,897
23,929
23,957
23,964
23,978
23,980
23,995
24,26
24,83
24,111
24,113
24,120
24,183
24,186
24,219
24,248
24,258
24,260
24,266
24,290
24,307
24,326
24,335
24,360
24,373
24,393
24,411
24,483
24,558
24,566
24,614
24,669
24,712
24,736
24,798
24,811
24,818
24,839
24,892
24,967
24,978
25,37
25,50
25,54
25,104
25,117
25,120
25,129
25,192
25,239
25,257
25,261
25,266
25,287
25,289
25,302
25,307
25,310
25,314
25,334
25,495
25,507
25,525
25,530
25,596
25,623
25,629
25,632
25,685
25,695
25,701
25,703
25,717
25,781
25,825
25,830
25,878
25,892
25,904
25,915
25,950
25,975
25,978
26,54
26,64
26,149
26,162
26,186
26,212
26,235
26,242
26,343
26,369
26,453
26,465
26,517
26,529
26,573
26,609
26,643
26,670
26,691
26,715
26,718
26,732
26,739
26,811
26,853
26,883
26,920
26,955
27,43
27,123
27,134
27,148
27,155
27,203
27,328
27,346
27,366
27,376
27,383
27,396
27,448
27,512
27,514
27,538
27,546
27,552
27,560
27,587
27,613
27,666
27,680
27,683
27,718
27,744
27,750
27,775
27,784
27,853
27,860
27,883
27,897
28,39
28,45
28,58
28,65
28,70
28,86
28,104
28,126
28,127
28,176
28,196
28,212
28,247
28,248
28,253
28,295
28,302
28,336
28,354
28,376
28,388
28,395
28,411
28,436
28,445
28,450
28,464
28,472
28,527
28,538
28,543
28,566
28,567
28,581
28,614
28,619
28,652
28,666
28,713
28,714
28,729
28,731
28,738
28,749
28,759
28,763
28,805
28,842
28,867
28,869
28,874
28,888
28,908
28,920
28,921
28,972
29,82
29,101
29,128
29,137
29,138
29,168
29,209
29,219
29,221
29,228
29,236
29,252
29,286
29,292
29,294
29,303
29,392
29,451
29,489
29,491
29,513
29,528
29,537
29,558
29,574
29,595
29,625
29,626
29,667
29,698
29,709
29,719
29,825
29,842
29,858
29,876
29,897
29,956
29,965
29,984
30,44
30,51
30,104
30,112
30,117
30,121
30,132
30,150
30,153
30,207
30,233
30,266
30,277
30,279
30,283
30,290
30,302
30,311
30,320
30,326
30,327
30,332
30,341
30,347
30,370
30,400
30,434
30,440
30,454
30,458
30,502
30,528
30,539
30,540
30,570
30,575
30,609
30,610
30,623
30,632
30,652
30,658
30,696
30,701
30,724
30,754
30,764
30,779
30,787
30,791
30,813
30,823
30,845
30,867
30,887
30,941
30,971
30,975
30,984
30,993
31,50
31,81
31,99
31,107
31,147
31,176
31,191
31,192
31,194
31,203
31,204
31,218
31,231
31,241
31,264
31,272
31,278
31,293
31,332
31,366
31,379
31,399
31,420
31,423
31,426
31,437
31,474
31,479
31,480
31,519
31,541
31,547
31,550
31,562
31,590
31,598
31,613
31,615
31,616
31,619
31,638
31,648
31,658
31,659
31,673
31,677
31,683
31,687
31,702
31,727
31,733
31,759
31,767
31,793
31,797
31,841
31,857
31,858
31,867
31,898
31,905
31,937
31,943
31,944
31,947
31,949
31,955
31,971
31,974
31,982
31,989
32,44
32,57
32,58
32,81
32,111
32,125
32,170
32,173
32,191
32,192
32,259
32,266
32,267
32,268
32,274
32,292
32,323
32,326
32,327
32,355
32,361
32,374
32,382
32,406
32,413
32,434
32,437
32,483
32,485
32,501
32,507
32,540
32,542
32,549
32,558
32,559
32,588
32,596
32,614
32,635
32,647
32,663
32,672
32,677
32,697
32,717
32,722
32,737
32,781
32,875
32,885
32,906
32,924
32,932
32,952
32,971
32,974
32,975
32,978
32,983
32,986
32,995
33,40
33,73
33,88
33,90
33,119
33,170
33,238
33,282
33,304
33,374
33,379
33,426
33,444
33,466
33,512
33,552
33,556
33,561
33,575
33,578
33,605
33,617
33,628
33,640
33,658
33,659
33,673
33,680
33,687
33,691
33,693
33,699
33,733
33,805
33,843
33,850
33,858
33,882
33,885
33,898
33,934
33,943
33,944
33,948
33,973
33,979
33,990
33,999
34,45
34,51
34,61
34,71
34,101
34,102
34,109
34,129
34,137
34,144
34,148
34,171
34,174
34,179
34,201
34,215
34,219
34,229
34,246
34,249
34,274
34,302
34,306
34,307
34,324
34,350
34,360
34,380
34,400
34,405
34,411
34,429
34,454
34,457
34,505
34,518
34,522
34,527
34,564
34,576
34,592
34,595
34,622
34,624
34,647
34,696
34,704
34,706
34,736
34,740
34,749
34,753
34,760
34,770
34,795
34,798
34,803
34,810
34,819
34,842
34,852
34,859
34,868
34,874
34,923
34,954
34,964
34,969
34,972
34,981
34,988
35,37
35,40
35,55
35,77
35,87
35,90
35,116
35,119
35,129
35,237
35,301
35,378
35,387
35,420
35,431
35,474
35,511
35,519
35,520
35,541
35,556
35,565
35,578
35,579
35,665
35,673
35,691
35,693
35,774
35,792
35,796
35,805
35,831
35,934
35,996
36,44
36,53
36,70
36,100
36,105
36,121
36,125
36,132
36,145
36,152
36,153
36,165
36,189
36,191
36,211
36,228
36,231
36,287
36,292
36,301
36,303
36,326
36,330
36,353
36,382
36,419
36,420
36,426
36,428
36,434
36,442
36,473
36,476
36,485
36,489
36,491
36,533
36,554
36,563
36,579
36,599
36,625
36,638
36,643
36,648
36,697
36,705
36,721
36,725
36,737
36,743
36,759
36,774
36,778
36,785
36,787
36,799
36,821
36,826
36,828
36,834
36,843
36,893
36,917
36,919
36,924
36,960
37,44
37,46
37,59
37,132
37,140
37,154
37,162
37,192
37,199
37,230
37,246
37,289
37,374
37,413
37,427
37,434
37,439
37,497
37,502
37,530
37,540
37,547
37,553
37,564
37,647
37,668
37,671
37,696
37,703
37,771
37,782
37,826
37,875
37,878
37,975
37,983
37,989
37,992
37,997
38,58
38,61
38,174
38,224
38,236
38,239
38,244
38,249
38,321
38,325
38,338
38,341
38,380
38,383
38,386
38,429
38,434
38,457
38,477
38,484
38,543
38,591
38,622
38,639
38,650
38,651
38,657
38,701
38,736
38,767
38,819
38,826
38,829
38,839
38,855
38,857
38,865
38,965
39,79
39,140
39,158
39,188
39,291
39,345
39,348
39,384
39,448
39,459
39,483
39,583
39,604
39,618
39,622
39,677
39,682
39,700
39,704
39,711
39,755
39,829
39,850
39,883
39,916
39,951
39,952
39,953
40,47
40,66
40,75
40,90
40,102
40,103
40,150
40,159
40,172
40,174
40,175
40,202
40,241
40,255
40,256
40,260
40,301
40,317
40,325
40,342
40,382
40,388
40,393
40,406
40,426
40,433
40,440
40,459
40,501
40,578
40,603
40,615
40,619
40,649
40,665
40,695
40,729
40,737
40,739
40,755
40,767
40,811
40,847
40,849
40,851
40,873
40,889
40,906
40,909
40,937
40,952
40,953
40,955
40,996
41,92
41,107
41,123
41,134
41,184
41,186
41,228
41,308
41,328
41,368
41,372
41,375
41,376
41,377
41,383
41,418
41,423
41,462
41,512
41,538
41,546
41,552
41,560
41,597
41,599
41,651
41,699
41,710
41,732
41,748
41,784
41,794
41,803
41,833
41,835
41,926
41,957
41,994
42,77
42,78
42,93
42,102
42,115
42,177
42,180
42,183
42,209
42,240
42,274
42,275
42,286
42,303
42,309
42,336
42,351
42,450
42,463
42,491
42,522
42,537
42,596
42,610
42,667
42,698
42,711
42,733
42,757
42,770
42,803
42,810
42,825
42,830
42,880
42,884
42,895
42,897
42,925
42,933
42,956
42,965
42,969
42,977
42,993
43,63
43,155
43,191
43,194
43,210
43,433
43,467
43,538
43,560
43,587
43,620
43,644
43,671
43,699
43,718
43,732
43,744
43,782
43,784
43,790
43,865
43,901
43,903
43,951
44,50
44,51
44,122
44,174
44,192
44,195
44,196
44,221
44,231
44,266
44,289
44,327
44,335
44,355
44,361
44,392
44,411
44,468
44,530
44,540
44,554
44,558
44,559
44,601
44,612
44,615
44,623
44,651
44,674
44,701
44,733
44,737
44,741
44,787
44,795
44,868
44,870
44,877
44,894
44,907
44,921
44,963
44,969
44,983
44,994
44,995
44,999
45,51
45,61
45,101
45,102
45,113
45,129
45,137
45,138
45,179
45,192
45,195
45,199
45,219
45,239
45,247
45,249
45,252
45,263
45,274
45,293
45,306
45,310
45,318
45,323
45,335
45,360
45,367
45,380
45,385
45,386
45,398
45,429
45,431
45,463
45,522
45,560
45,563
45,576
45,581
45,595
45,627
45,628
45,632
45,637
45,709
45,712
45,714
45,722
45,742
45,749
45,782
45,795
45,819
45,834
45,842
45,874
45,896
45,907
45,910
45,936
45,945
45,956
45,964
45,972
46,50
46,81
46,112
46,113
46,149
46,165
46,180
46,195
46,217
46,222
46,230
46,266
46,293
46,343
46,358
46,374
46,413
46,427
46,434
46,501
46,540
46,554
46,647
46,658
46,672
46,675
46,701
46,719
46,774
46,823
46,837
46,861
46,875
46,876
46,919
46,974
46,975
47,68
47,71
47,85
47,113
47,116
47,124
47,145
47,170
47,171
47,177
47,205
47,213
47,234
47,258
47,265
47,266
47,271
47,280
47,281
47,290
47,315
47,333
47,342
47,356
47,383
47,389
47,437
47,442
47,446
47,450
47,453
47,456
47,471
47,481
47,490
47,499
47,516
47,531
47,532
47,536
47,543
47,567
47,572
47,588
47,589
47,609
47,613
47,620
47,640
47,644
47,648
47,661
47,680
47,687
47,692
47,747
47,756
47,773
47,778
47,786
47,801
47,806
47,826
47,828
47,841
47,850
47,852
47,881
47,883
47,905
47,938
47,942
47,944
47,990
47,992
48,49
48,50
48,79
48,80
48,90
48,128
48,159
48,177
48,192
48,204
48,242
48,251
48,252
48,296
48,305
48,312
48,327
48,339
48,340
48,348
48,401
48,415
48,451
48,456
48,490
48,557
48,569
48,589
48,594
48,601
48,613
48,617
48,619
48,634
48,657
48,659
48,661
48,665
48,679
48,681
48,687
48,688
48,775
48,778
48,783
48,796
48,805
48,815
48,825
48,829
48,841
48,843
48,859
48,873
48,875
48,884
48,885
48,900
48,909
48,937
48,939
48,940
48,942
48,944
48,948
49,80
49,177
49,193
49,282
49,312
49,412
49,471
49,474
49,516
49,569
49,592
49,656
49,674
49,762
49,775
49,815
49,900
49,921
49,948
49,966
49,998
50,81
50,102
50,106
50,117
50,122
50,136
50,137
50,142
50,156
50,162
50,178
50,192
50,195
50,207
50,209
50,227
50,241
50,258
50,263
50,265
50,287
50,288
50,289
50,298
50,303
50,320
50,362
50,434
50,450
50,467
50,483
50,495
50,496
50,497
50,522
50,524
50,540
50,555
50,558
50,573
50,576
50,599
50,628
50,632
50,642
50,659
50,717
50,741
50,745
50,768
50,782
50,818
50,832
50,858
50,868
50,878
50,896
50,918
50,938
50,952
50,956
50,959
50,963
50,975
51,61
51,129
51,178
51,179
51,215
51,219
51,229
51,246
51,306
51,367
51,380
51,385
51,431
51,434
51,463
51,522
51,595
51,612
51,649
51,706
51,714
51,749
51,819
51,825
51,842
51,874
51,907
51,920
51,923
51,961
52,83
52,91
52,116
52,152
52,157
52,167
52,170
52,195
52,197
52,218
52,269
52,288
52,316
52,320
52,330
52,358
52,375
52,403
52,432
52,443
52,447
52,452
52,457
52,502
52,533
52,562
52,563
52,564
52,567
52,580
52,616
52,636
52,643
52,648
52,690
52,697
52,722
52,746
52,771
52,827
52,842
52,848
52,890
52,917
52,919
52,959
52,960
52,979
52,986
53,70
53,76
53,81
53,105
53,115
53,162
53,222
53,252
53,277
53,289
53,320
53,343
53,370
53,374
53,418
53,419
53,421
53,434
53,482
53,488
53,489
53,491
53,506
53,528
53,529
53,556
53,574
53,580
53,600
53,633
53,643
53,646
53,660
53,693
53,705
53,742
53,767
53,771
53,820
53,858
53,878
53,882
53,904
53,919
53,924
53,941
53,949
53,951
53,956
53,971
53,976
54,65
54,107
54,126
54,158
54,212
54,227
54,255
54,264
54,336
54,356
54,371
54,372
54,459
54,477
54,512
54,543
54,546
54,559
54,560
54,604
54,606
54,633
54,649
54,652
54,656
54,692
54,753
54,756
54,814
54,822
54,826
54,843
54,939
54,952
55,72
55,89
55,103
55,105
55,119
55,125
55,170
55,317
55,382
55,385
55,387
55,402
55,460
55,480
55,488
55,519
55,541
55,550
55,574
55,582
55,605
55,616
55,662
55,676
55,679
55,683
55,691
55,711
55,767
55,793
55,836
55,847
55,871
55,898
55,924
55,949
55,959
55,973
55,974
55,976
56,63
56,65
56,69
56,96
56,203
56,343
56,363
56,375
56,477
56,514
56,622
56,668
56,958
57,82
57,105
57,110
57,122
57,124
57,152
57,157
57,163
57,165
57,187
57,193
57,216
57,237
57,238
57,245
57,246
57,281
57,287
57,293
57,315
57,330
57,337
57,358
57,379
57,432
57,434
57,440
57,443
57,444
57,452
57,509
57,579
57,580
57,620
57,636
57,638
57,643
57,664
57,683
57,688
57,691
57,725
57,747
57,805
57,843
57,848
57,854
57,932
57,943
57,974
57,979
57,986
57,987
58,60
58,74
58,81
58,82
58,89
58,103
58,109
58,111
58,122
58,126
58,127
58,142
58,166
58,178
58,196
58,198
58,223
58,231
58,241
58,256
58,261
58,264
58,268
58,284
58,295
58,305
58,341
58,372
58,396
58,424
58,448
58,482
58,492
58,501
58,525
58,527
58,540
58,542
58,547
58,553
58,585
58,594
58,613
58,623
58,627
58,628
58,644
58,650
58,659
58,660
58,695
58,697
58,717
58,729
58,740
58,742
58,795
58,839
58,849
58,870
58,874
58,877
58,894
58,905
58,913
58,916
58,917
58,918
58,926
58,936
58,980
58,998
59,228
59,230
59,279
59,374
59,434
59,527
59,646
59,696
59,708
59,922
59,954
59,971
60,65
60,86
60,171
60,199
60,200
60,242
60,248
60,260
60,306
60,467
60,608
60,636
60,647
60,653
60,670
60,708
60,715
60,904
60,951
60,964
61,80
61,101
61,113
61,137
61,156
61,168
61,201
61,209
61,215
61,239
61,249
61,274
61,309
61,318
61,323
61,360
61,380
61,398
61,460
61,522
61,537
61,717
61,742
61,819
61,838
61,842
61,881
61,891
61,907
61,926
61,961
62,71
62,92
62,107
62,130
62,166
62,172
62,180
62,184
62,188
62,203
62,210
62,239
62,254
62,314
62,328
62,375
62,376
62,377
62,418
62,422
62,426
62,462
62,517
62,525
62,532
62,538
62,542
62,552
62,561
62,571
62,597
62,637
62,657
62,659
62,666
62,670
62,689
62,710
62,748
62,758
62,801
62,822
62,844
62,862
62,863
62,868
62,869
62,903
62,958
62,983
62,996
63,134
63,178
63,312
63,338
63,375
63,376
63,485
63,517
63,538
63,560
63,644
63,663
63,718
63,734
63,752
63,753
63,784
63,901
63,996
64,133
64,135
64,224
64,226
64,242
64,244
64,249
64,271
64,275
64,325
64,338
64,360
64,414
64,425
64,544
64,592
64,616
64,633
64,650
64,658
64,751
64,818
64,963
64,988
65,85
65,126
65,141
65,176
65,202
65,235
65,255
65,291
65,295
65,321
65,331
65,349
65,352
65,402
65,436
65,445
65,462
65,476
65,522
65,536
65,537
65,553
65,645
65,646
65,649
65,652
65,658
65,666
65,680
65,685
65,704
65,727
65,732
65,739
65,751
65,811
65,829
65,855
65,880
65,895
65,901
65,920
65,929
65,970
65,996
66,67
66,164
66,248
66,254
66,272
66,280
66,371
66,372
66,384
66,417
66,433
66,543
66,583
66,598
66,619
66,656
66,685
66,693
66,728
66,850
66,860
66,912
66,920
66,930
66,951
66,952
66,953
66,959
66,983
67,73
67,126
67,145
67,147
67,196
67,232
67,264
67,281
67,283
67,300
67,317
67,322
67,329
67,345
67,371
67,372
67,384
67,446
67,451
67,516
67,552
67,586
67,619
67,623
67,641
67,692
67,704
67,711
67,715
67,728
67,800
67,846
67,858
67,860
67,874
67,920
67,940
67,953
67,981
68,88
68,124
68,159
68,194
68,196
68,234
68,235
68,251
68,280
68,315
68,322
68,325
68,333
68,342
68,352
68,356
68,393
68,397
68,413
68,423
68,426
68,481
68,487
68,499
68,523
68,531
68,533
68,557
68,572
68,574
68,589
68,594
68,727
68,755
68,756
68,761
68,778
68,811
68,820
68,836
68,850
68,855
68,883
68,888
68,905
68,912
68,953
68,992
69,71
69,123
69,130
69,155
69,194
69,299
69,305
69,310
69,390
69,412
69,422
69,462
69,487
69,517
69,534
69,543
69,561
69,591
69,644
69,666
69,687
69,695
69,699
69,710
69,712
69,731
69,740
69,748
69,751
69,770
69,801
69,805
69,829
69,852
69,853
69,863
69,912
69,970
70,81
70,105
70,121
70,152
70,162
70,214
70,222
70,251
70,273
70,287
70,290
70,313
70,320
70,332
70,374
70,407
70,462
70,558
70,562
70,600
70,607
70,625
70,638
70,648
70,664
70,703
70,721
70,779
70,785
70,799
70,821
70,839
70,886
70,890
70,893
70,924
70,974
70,987
71,92
71,127
71,135
71,137
71,147
71,184
71,242
71,263
71,302
71,308
71,314
71,321
71,322
71,323
71,328
71,350
71,404
71,405
71,406
71,446
71,510
71,532
71,542
71,551
71,597
71,626
71,630
71,637
71,653
71,666
71,670
71,689
71,696
71,752
71,758
71,769
71,777
71,801
71,822
71,837
71,840
71,846
71,860
71,869
71,898
71,903
72,76
72,84
72,105
72,114
72,178
72,211
72,259
72,282
72,288
72,327
72,443
72,476
72,498
72,501
72,513
72,550
72,648
72,696
72,705
72,725
72,726
72,747
72,759
72,771
72,909
72,917
72,929
72,946
72,953
73,152
73,208
73,253
73,261
73,268
73,338
73,391
73,412
73,417
73,452
73,482
73,566
73,576
73,613
73,703
73,717
73,732
73,733
73,754
73,756
73,788
73,878
73,904
73,982
73,983
73,994
74,92
74,151
74,164
74,213
74,280
74,312
74,317
74,322
74,331
74,342
74,345
74,369
74,378
74,384
74,397
74,453
74,493
74,547
74,586
74,589
74,607
74,613
74,640
74,680
74,727
74,755
74,756
74,766
74,778
74,806
74,814
74,883
74,938
74,953
75,76
75,100
75,105
75,118
75,119
75,189
75,191
75,193
75,194
75,211
75,216
75,217
75,225
75,231
75,246
75,257
75,287
75,288
75,370
75,407
75,416
75,421
75,464
75,469
75,485
75,562
75,564
75,565
75,599
75,600
75,620
75,665
75,672
75,678
75,696
75,725
75,738
75,743
75,821
75,835
75,854
75,917
75,920
75,946
75,971
75,979
75,982
76,78
76,91
76,112
76,121
76,136
76,152
76,153
76,162
76,186
76,189
76,198
76,204
76,214
76,231
76,287
76,300
76,320
76,332
76,353
76,399
76,439
76,464
76,476
76,490
76,502
76,558
76,610
76,636
76,638
76,643
76,647
76,660
76,697
76,724
76,768
76,779
76,799
76,836
76,858
76,890
76,893
76,899
76,902
76,949
76,960
76,991
77,180
77,286
77,310
77,344
77,522
77,537
77,570
77,635
77,660
77,667
77,681
77,868
77,895
77,925
77,967
77,968
78,81
78,82
78,91
78,114
78,167
78,320
78,334
78,399
78,409
78,432
78,447
78,464
78,554
78,621
78,664
78,690
78,722
78,737
78,799
78,854
78,880
78,909
78,911
78,924
78,936
78,986
79,159
79,340
79,348
79,391
79,471
79,490
79,499
79,515
79,516
79,531
79,557
79,594
79,598
79,613
79,615
79,634
79,640
79,661
79,688
79,775
79,786
79,900
79,921
79,942
79,948
80,128
80,170
80,190
80,238
80,265
80,329
80,331
80,435
80,471
80,490
80,503
80,557
80,609
80,640
80,659
80,687
80,690
80,762
80,783
80,793
80,815
80,820
80,836
80,935
80,948
80,953
81,84
81,104
81,111
81,112
81,114
81,117
81,156
81,167
81,172
81,192
81,218
81,222
81,231
81,233
81,252
81,266
81,283
81,287
81,289
81,290
81,306
81,327
81,341
81,352
81,358
81,374
81,381
81,391
81,412
81,414
81,427
81,431
81,434
81,453
81,458
81,468
81,479
81,495
81,506
81,507
81,536
81,556
81,564
81,565
81,585
81,588
81,603
81,605
81,608
81,614
81,620
81,623
81,628
81,647
81,648
81,669
81,679
81,717
81,724
81,741
81,764
81,768
81,799
81,821
81,841
81,858
81,861
81,875
81,878
81,885
81,892
81,901
81,923
81,924
81,963
81,971
81,983
81,987
82,91
82,120
82,143
82,165
82,176
82,293
82,327
82,330
82,379
82,409
82,463
82,562
82,580
82,636
82,802
82,825
82,848
82,890
82,898
82,902
82,979
82,986
82,987
82,991
83,91
83,110
83,115
83,153
83,197
83,221
83,222
83,258
83,287
83,288
83,293
83,297
83,316
83,318
83,359
83,365
83,382
83,413
83,419
83,420
83,434
83,443
83,444
83,476
83,503
83,509
83,533
83,563
83,580
83,588
83,632
83,636
83,665
83,690
83,691
83,697
83,746
83,759
83,772
83,779
83,787
83,792
83,827
83,854
83,873
83,880
83,898
83,917
83,959
83,983
83,986
83,989
84,110
84,114
84,191
84,197
84,203
84,302
84,313
84,358
84,413
84,464
84,479
84,509
84,625
84,636
84,737
84,779
84,827
84,949
84,962
84,986
84,989
84,997
85,89
85,109
85,248
85,268
85,290
85,424
85,527
85,530
85,553
85,633
85,655
85,657
85,695
85,708
85,718
85,732
85,803
85,844
86,89
86,92
86,108
86,140
86,147
86,171
86,256
86,270
86,325
86,343
86,363
86,368
86,393
86,425
86,439
86,460
86,504
86,555
86,597
86,608
86,653
86,702
86,703
86,708
86,716
86,730
86,731
86,734
86,758
86,769
86,803
86,858
86,889
86,904
86,926
86,929
86,933
86,947
86,953
86,982
86,998
87,88
87,90
87,116
87,119
87,125
87,163
87,170
87,207
87,304
87,393
87,420
87,432
87,437
87,446
87,458
87,466
87,485
87,488
87,490
87,511
87,541
87,555
87,556
87,578
87,579
87,605
87,616
87,665
87,691
87,733
87,738
87,770
87,796
87,805
87,808
87,826
87,827
87,832
87,857
87,934
87,943
87,960
87,973
87,978
87,982
88,90
88,152
88,170
88,221
88,237
88,238
88,316
88,337
88,379
88,521
88,556
88,589
88,605
88,673
88,733
88,763
88,764
88,768
88,778
88,793
88,805
88,823
88,856
88,934
88,969
88,973
89,102
89,113
89,123
89,129
89,179
89,224
89,240
89,249
89,259
89,273
89,292
89,295
89,307
89,318
89,328
89,346
89,362
89,380
89,386
89,405
89,457
89,484
89,504
89,510
89,512
89,524
89,532
89,533
89,544
89,551
89,591
89,603
89,613
89,614
89,622
89,627
89,630
89,710
89,714
89,736
89,749
89,776
89,788
89,809
89,812
89,833
89,863
89,865
89,870
89,894
89,953
89,956
89,963
90,91
90,116
90,119
90,152
90,157
90,170
90,172
90,173
90,207
90,234
90,237
90,256
90,287
90,293
90,301
90,305
90,321
90,340
90,353
90,416
90,424
90,425
90,437
90,444
90,449
90,452
90,479
90,480
90,485
90,488
90,548
90,590
90,601
90,605
90,616
90,617
90,623
90,637
90,656
90,665
90,691
90,693
90,710
90,725
90,733
90,749
90,766
90,836
90,882
90,885
90,898
90,900
90,934
90,935
90,943
90,944
90,947
90,963
90,973
90,974
90,976
90,999
91,114
91,115
91,149
91,163
91,165
91,167
91,170
91,193
91,216
91,231
91,257
91,265
91,287
91,288
91,297
91,313
91,316
91,358
91,398
91,403
91,413
91,442
91,443
91,444
91,492
91,509
91,539
91,548
91,555
91,562
91,563
91,564
91,580
91,599
91,600
91,636
91,668
91,690
91,691
91,718
91,763
91,804
91,848
91,902
91,917
91,919
91,932
91,961
91,966
91,976
91,979
91,987
91,989
92,130
92,176
92,210
92,228
92,242
92,267
92,281
92,308
92,328
92,364
92,366
92,375
92,376
92,383
92,413
92,414
92,416
92,512
92,532
92,538
92,543
92,546
92,573
92,585
92,597
92,609
92,612
92,622
92,627
92,637
92,644
92,700
92,731
92,736
92,748
92,786
92,801
92,816
92,818
92,823
92,828
92,829
92,832
92,846
92,852
92,853
92,855
92,903
92,904
92,912
92,913
92,920
92,933
92,950
92,971
93,98
93,111
93,117
93,129
93,145
93,179
93,209
93,231
93,253
93,259
93,264
93,277
93,290
93,292
93,298
93,303
93,322
93,330
93,355
93,361
93,362
93,373
93,427
93,440
93,485
93,526
93,528
93,537
93,539
93,558
93,570
93,576
93,603
93,631
93,632
93,635
93,639
93,672
93,701
93,722
93,735
93,764
93,765
93,774
93,802
93,805
93,807
93,825
93,828
93,861
93,886
93,936
93,938
93,963
93,995
94,96
94,102
94,105
94,106
94,137
94,174
94,206
94,219
94,228
94,263
94,264
94,267
94,273
94,274
94,303
94,318
94,325
94,332
94,360
94,361
94,373
94,398
94,411
94,434
94,503
94,506
94,507
94,515
94,522
94,524
94,528
94,537
94,553
94,576
94,621
94,629
94,706
94,712
94,731
94,765
94,774
94,795
94,811
94,834
94,852
94,862
94,868
94,877
94,880
94,894
94,932
94,959
94,961
94,965
94,972
94,976
94,983
94,984
95,117
95,154
95,219
95,221
95,242
95,253
95,261
95,294
95,295
95,347
95,395
95,415
95,438
95,450
95,470
95,497
95,507
95,513
95,545
95,576
95,591
95,635
95,707
95,720
95,770
95,861
95,878
95,918
95,965
95,995
96,106
96,113
96,117
96,120
96,129
96,154
96,156
96,219
96,231
96,258
96,263
96,266
96,267
96,300
96,302
96,303
96,313
96,316
96,335
96,344
96,361
96,373
96,385
96,415
96,454
96,467
96,470
96,494
96,522
96,537
96,595
96,596
96,602
96,614
96,623
96,629
96,669
96,672
96,720
96,741
96,742
96,746
96,759
96,770
96,781
96,834
96,842
96,845
96,861
96,865
96,880
96,887
96,897
96,907
96,929
96,956
96,961
96,967
97,117
97,128
97,131
97,149
97,172
97,251
97,282
97,296
97,305
97,312
97,336
97,356
97,376
97,401
97,426
97,516
97,520
97,521
97,525
97,541
97,569
97,594
97,598
97,634
97,659
97,672
97,674
97,680
97,681
97,688
97,720
97,735
97,762
97,776
97,778
97,780
97,815
97,820
97,856
97,859
97,900
97,935
97,939
97,948
97,953
97,966
97,985
98,104
98,111
98,117
98,129
98,142
98,150
98,228
98,236
98,266
98,277
98,315
98,321
98,355
98,419
98,429
98,440
98,450
98,499
98,502
98,528
98,539
98,591
98,621
98,623
98,626
98,635
98,678
98,691
98,701
98,735
98,743
98,764
98,774
98,810
98,821
98,837
98,841
98,876
98,887
98,934
98,967
98,975
98,978
98,983
98,984
99,196
99,204
99,218
99,237
99,271
99,283
99,317
99,371
99,391
99,411
99,419
99,423
99,449
99,459
99,474
99,519
99,531
99,541
99,553
99,557
99,564
99,574
99,605
99,615
99,617
99,659
99,692
99,699
99,719
99,756
99,763
99,769
99,788
99,803
99,826
99,857
99,867
99,873
99,888
99,924
99,982
100,118
100,211
100,222
100,274
100,355
100,365
100,373
100,382
100,384
100,399
100,432
100,500
100,505
100,559
100,588
100,650
100,759
100,792
100,849
100,924
100,946
100,960
100,971
100,975
100,999
101,138
101,158
101,160
101,215
101,219
101,229
101,273
101,350
101,380
101,387
101,405
101,415
101,477
101,505
101,595
101,689
101,706
101,819
101,834
102,113
102,115
102,132
102,136
102,137
102,142
102,178
102,179
102,192
102,201
102,219
102,229
102,249
102,263
102,278
102,289
102,296
102,307
102,318
102,344
102,360
102,386
102,392
102,425
102,427
102,429
102,450
102,475
102,479
102,495
102,522
102,527
102,532
102,553
102,582
102,595
102,602
102,622
102,635
102,712
102,714
102,716
102,749
102,757
102,758
102,760
102,818
102,819
102,848
102,865
102,868
102,874
102,904
102,932
102,978
103,145
103,160
103,172
103,202
103,205
103,241
103,256
103,268
103,272
103,295
103,296
103,311
103,393
103,396
103,423
103,426
103,449
103,459
103,481
103,519
103,615
103,658
103,676
103,678
103,685
103,693
103,707
103,738
103,836
103,843
103,890
103,909
103,930
103,947
103,955
103,992
103,995
104,117
104,162
104,174
104,189
104,206
104,258
104,262
104,264
104,277
104,283
104,290
104,320
104,324
104,327
104,332
104,347
104,353
104,370
104,450
104,458
104,460
104,468
104,472
104,489
104,491
104,496
104,575
104,596
104,610
104,625
104,632
104,660
104,690
104,722
104,759
104,785
104,787
104,807
104,876
104,918
104,960
104,961
104,975
104,979
105,111
105,114
105,117
105,132
105,153
105,165
105,174
105,192
105,197
105,216
105,217
105,220
105,222
105,231
105,252
105,293
105,297
105,301
105,382
105,452
105,473
105,476
105,503
105,523
105,540
105,548
105,554
105,562
105,567
105,588
105,599
105,603
105,622
105,632
105,636
105,638
105,651
105,664
105,665
105,695
105,697
105,725
105,733
105,747
105,759
105,799
105,818
105,848
105,902
105,919
105,934
105,942
105,959
105,997
106,113
106,129
106,229
106,263
106,274
106,278
106,318
106,355
106,361
106,411
106,416
106,441
106,507
106,513
106,537
106,549
106,669
106,712
106,771
106,797
106,798
106,813
106,830
106,838
106,862
106,887
106,907
106,918
106,923
106,934
106,961
106,967
106,972
106,978
107,130
107,134
107,186
107,194
107,203
107,210
107,257
107,263
107,281
107,295
107,299
107,308
107,311
107,314
107,328
107,352
107,366
107,368
107,376
107,383
107,402
107,412
107,418
107,422
107,462
107,465
107,477
107,481
107,487
107,512
107,532
107,543
107,572
107,585
107,608
107,666
107,675
107,734
107,744
107,784
107,811
107,818
107,822
107,828
107,851
107,869
107,951
107,954
108,124
108,126
108,318
108,395
108,398
108,406
108,470
108,544
108,603
108,622
108,716
108,723
108,731
108,812
108,922
109,121
109,122
109,126
109,175
109,178
109,192
109,204
109,222
109,232
109,238
109,242
109,264
109,268
109,320
109,334
109,352
109,370
109,424
109,426
109,436
109,492
109,495
109,527
109,540
109,553
109,564
109,567
109,581
109,588
109,603
109,702
109,707
109,708
109,717
109,725
109,729
109,815
109,818
109,826
109,887
109,921
109,922
109,935
109,963
109,971
109,994
110,111
110,115
110,116
110,121
110,125
110,132
110,143
110,152
110,157
110,162
110,170
110,192
110,227
110,245
110,263
110,283
110,297
110,301
110,316
110,336
110,408
110,440
110,442
110,444
110,452
110,509
110,529
110,548
110,554
110,562
110,563
110,580
110,583
110,601
110,636
110,643
110,665
110,673
110,737
110,792
110,796
110,803
110,811
110,917
110,943
110,979
110,989
111,117
111,122
111,150
111,209
111,232
111,259
111,263
111,279
111,283
111,298
111,303
111,327
111,343
111,355
111,440
111,473
111,502
111,503
111,528
111,560
111,570
111,575
111,582
111,585
111,588
111,631
111,632
111,639
111,664
111,671
111,678
111,701
111,735
111,745
111,767
111,774
111,802
111,808
111,861
111,872
111,876
111,884
111,904
111,932
111,936
111,961
111,965
111,972
111,989
111,995
112,113
112,115
112,119
112,163
112,192
112,212
112,222
112,268
112,283
112,309
112,326
112,352
112,358
112,374
112,407
112,416
112,419
112,458
112,482
112,529
112,548
112,558
112,576
112,611
112,614
112,671
112,722
112,741
112,796
112,799
112,809
112,827
112,828
112,858
112,875
112,943
112,983
112,984
112,989
113,135
113,137
113,138
113,151
113,240
113,249
113,274
113,283
113,302
113,307
113,314
113,321
113,323
113,335
113,380
113,413
113,421
113,443
113,475
113,507
113,522
113,573
113,576
113,595
113,597
113,608
113,612
113,614
113,668
113,706
113,712
113,731
113,735
113,736
113,803
113,810
113,819
113,842
113,863
113,868
113,869
113,887
113,894
113,910
113,918
113,933
113,948
113,974
113,989
114,116
114,122
114,137
114,153
114,163
114,165
114,214
114,217
114,222
114,245
114,287
114,316
114,320
114,330
114,365
114,409
114,411
114,419
114,474
114,476
114,503
114,526
114,548
114,562
114,565
114,580
114,599
114,638
114,664
114,672
114,693
114,697
114,705
114,725
114,746
114,785
114,799
114,827
114,848
114,854
114,872
114,882
114,899
114,911
114,924
114,932
114,960
114,962
114,974
114,987
114,989
115,124
115,165
115,193
115,207
115,237
115,252
115,269
115,283
115,301
115,316
115,330
115,332
115,365
115,391
115,408
115,443
115,444
115,452
115,463
115,485
115,496
115,563
115,580
115,601
115,614
115,643
115,660
115,743
115,763
115,772
115,779
115,792
115,869
115,893
115,911
115,917
115,932
115,943
115,965
115,987
115,989
116,119
116,125
116,152
116,154
116,177
116,178
116,210
116,222
116,237
116,243
116,256
116,271
116,275
116,293
116,296
116,301
116,336
116,353
116,379
116,382
116,416
116,419
116,420
116,432
116,479
116,485
116,488
116,498
116,501
116,507
116,511
116,519
116,533
116,563
116,565
116,579
116,597
116,603
116,605
116,658
116,673
116,679
116,691
116,694
116,725
116,776
116,786
116,796
116,823
116,826
116,856
116,858
116,873
116,890
116,896
116,898
116,906
116,909
116,910
116,934
116,936
116,976
116,987
116,989
116,999
117,122
117,124
117,128
117,195
117,206
117,216
117,217
117,228
117,236
117,252
117,257
117,269
117,279
117,292
117,310
117,327
117,355
117,360
117,382
117,404
117,407
117,424
117,440
117,468
117,470
117,473
117,476
117,491
117,528
117,539
117,558
117,570
117,614
117,623
117,626
117,630
117,632
117,648
117,660
117,674
117,681
117,689
117,698
117,701
117,719
117,724
117,727
117,735
117,742
117,764
117,798
117,802
117,861
117,868
117,876
117,884
117,886
117,917
117,972
117,975
117,997
118,211
118,225
118,243
118,275
118,277
118,298
118,326
118,330
118,355
118,407
118,429
118,491
118,529
118,564
118,576
118,620
118,633
118,672
118,721
118,759
118,813
118,952
119,125
119,139
119,141
119,160
119,162
119,193
119,200
119,204
119,214
119,227
119,245
119,248
119,271
119,301
119,379
119,387
119,407
119,416
119,420
119,442
119,455
119,472
119,485
119,499
119,511
119,519
119,541
119,556
119,562
119,565
119,585
119,605
119,615
119,616
119,650
119,673
119,679
119,683
119,691
119,719
119,736
119,767
119,775
119,792
119,796
119,817
119,818
119,826
119,857
119,865
119,871
119,882
119,894
119,898
119,908
119,943
119,960
119,967
119,976
119,999
120,129
120,142
120,192
120,215
120,233
120,267
120,270
120,278
120,281
120,286
120,293
120,358
120,380
120,409
120,441
120,470
120,483
120,497
120,505
120,513
120,624
120,625
120,654
120,657
120,669
120,671
120,739
120,759
120,765
120,787
120,823
120,834
120,862
120,868
120,892
120,940
120,956
121,152
121,153
121,162
121,216
121,217
121,248
121,252
121,257
121,281
121,285
121,287
121,289
121,290
121,297
121,320
121,332
121,358
121,362
121,379
121,382
121,420
121,502
121,529
121,530
121,548
121,577
121,580
121,596
121,599
121,633
121,638
121,648
121,649
121,660
121,681
121,691
121,728
121,737
121,785
121,799
121,852
121,895
121,911
121,924
121,941
121,951
121,968
121,979
121,991
122,126
122,127
122,134
122,161
122,162
122,172
122,175
122,176
122,181
122,192
122,195
122,204
122,208
122,241
122,246
122,248
122,253
122,257
122,264
122,267
122,268
122,270
122,272
122,275
122,281
122,308
122,345
122,434
122,439
122,446
122,450
122,482
122,491
122,492
122,525
122,544
122,553
122,564
122,567
122,585
122,619
122,624
122,645
122,659
122,663
122,669
122,701
122,703
122,715
122,719
122,727
122,761
122,809
122,829
122,875
122,878
122,887
122,894
122,900
122,928
122,952
122,963
122,984
123,130
123,155
123,194
123,203
123,210
123,308
123,311
123,324
123,332
123,360
123,376
123,422
123,462
123,518
123,561
123,587
123,616
123,637
123,710
123,748
123,801
123,863
123,869
123,892
123,913
123,958
124,128
124,139
124,145
124,161
124,170
124,173
124,174
124,196
124,197
124,204
124,234
124,241
124,242
124,251
124,264
124,265
124,300
124,305
124,316
124,337
124,360
124,371
124,384
124,389
124,390
124,402
124,420
124,455
124,480
124,499
124,511
124,519
124,557
124,589
124,602
124,614
124,615
124,619
124,673
124,680
124,700
124,727
124,756
124,786
124,827
124,835
124,836
124,841
124,847
124,867
124,873
124,885
124,891
124,900
124,904
124,927
124,935
124,937
124,944
124,947
124,948
124,988
124,990
125,139
125,149
125,159
125,164
125,170
125,207
125,301
125,305
125,337
125,343
125,363
125,378
125,379
125,385
125,391
125,408
125,420
125,423
125,449
125,455
125,457
125,461
125,474
125,481
125,485
125,488
125,501
125,502
125,509
125,511
125,519
125,564
125,565
125,574
125,578
125,605
125,616
125,617
125,643
125,648
125,659
125,665
125,673
125,702
125,713
125,733
125,767
125,783
125,856
125,868
125,882
125,885
125,898
125,915
125,934
125,937
125,942
125,943
126,127
126,172
126,176
126,196
126,211
126,234
126,248
126,255
126,256
126,264
126,276
126,281
126,291
126,293
126,295
126,309
126,336
126,391
126,420
126,426
126,436
126,459
126,520
126,595
126,616
126,641
126,663
126,695
126,731
126,753
126,769
126,781
126,803
126,856
126,883
126,906
126,920
126,937
126,988
126,992
127,129
127,159
127,175
127,176
127,202
127,212
127,224
127,253
127,255
127,276
127,295
127,334
127,348
127,380
127,424
127,512
127,540
127,547
127,585
127,616
127,641
127,710
127,729
127,771
127,777
127,811
127,816
127,853
127,926
127,936
127,963
127,988
127,996
128,131
128,159
128,173
128,196
128,231
128,243
128,255
128,256
128,281
128,305
128,348
128,354
128,401
128,420
128,446
128,449
128,451
128,455
128,456
128,461
128,471
128,480
128,490
128,499
128,520
128,536
128,659
128,687
128,770
128,775
128,783
128,786
128,815
128,859
128,885
128,893
128,935
128,948
128,982
128,992
129,140
129,146
129,150
129,166
129,201
129,203
129,258
129,261
129,263
129,274
129,303
129,306
129,318
129,355
129,360
129,373
129,400
129,411
129,441
129,449
129,450
129,483
129,496
129,507
129,527
129,530
129,531
129,534
129,537
129,560
129,576
129,577
129,595
129,603
129,604
129,614
129,623
129,628
129,629
129,635
129,639
129,669
129,709
129,712
129,716
129,722
129,729
129,742
129,749
129,754
129,765
129,798
129,810
129,861
129,866
129,868
129,874
129,876
129,896
129,924
129,925
129,978
129,984
130,137
130,177
130,184
130,188
130,194
130,203
130,204
130,209
130,235
130,270
130,299
130,308
130,314
130,322
130,404
130,405
130,412
130,419
130,422
130,424
130,429
130,455
130,510
130,531
130,552
130,561
130,571
130,582
130,613
130,614
130,622
130,623
130,637
130,644
130,649
130,651
130,666
130,676
130,715
130,740
130,748
130,758
130,764
130,790
130,842
130,863
130,869
130,870
130,896
130,903
130,912
130,913
130,952
130,958
130,978
130,997
131,139
131,170
131,296
131,356
131,401
131,471
131,516
131,520
131,532
131,554
131,557
131,598
131,661
131,793
131,820
131,847
131,948
132,183
132,217
132,283
132,298
132,320
132,327
132,361
132,370
132,400
132,416
132,419
132,424
132,440
132,449
132,470
132,473
132,484
132,491
132,507
132,527
132,528
132,529
132,539
132,541
132,545
132,558
132,559
132,562
132,601
132,614
132,625
132,635
132,636
132,678
132,701
132,712
132,724
132,725
132,746
132,754
132,791
132,803
132,830
132,868
132,872
132,876
132,887
132,910
132,918
132,932
132,936
132,971
132,974
132,975
132,983
132,988
132,993
133,248
133,270
133,283
133,351
133,396
133,414
133,467
133,508
133,553
133,591
133,592
133,608
133,612
133,645
133,650
133,685
133,695
133,705
133,708
133,739
133,823
133,829
133,833
133,839
133,870
133,876
133,983
133,996
134,194
134,308
134,357
134,364
134,366
134,368
134,371
134,433
134,451
134,461
134,465
134,487
134,560
134,583
134,604
134,607
134,611
134,651
134,670
134,675
134,690
134,699
134,700
134,712
134,718
134,739
134,744
134,751
134,790
134,901
134,920
134,945
134,992
135,181
135,185
135,186
135,209
135,229
135,253
135,273
135,280
135,302
135,314
135,405
135,487
135,514
135,515
135,518
135,524
135,569
135,582
135,604
135,622
135,627
135,630
135,666
135,685
135,714
135,752
135,777
135,790
135,806
135,812
135,822
135,844
135,854
135,903
135,926
135,948
136,141
136,174
136,181
136,182
136,246
136,253
136,260
136,261
136,278
136,306
136,313
136,374
136,386
136,410
136,424
136,460
136,470
136,485
136,508
136,530
136,555
136,624
136,653
136,657
136,663
136,685
136,705
136,714
136,737
136,747
136,781
136,798
136,813
136,831
136,865
136,887
136,904
136,972
137,138
137,142
137,154
137,168
137,174
137,178
137,179
137,180
137,181
137,201
137,224
137,228
137,229
137,239
137,249
137,263
137,274
137,323
137,327
137,335
137,341
137,344
137,360
137,367
137,373
137,380
137,386
137,398
137,422
137,429
137,454
137,463
137,465
137,470
137,475
137,502
137,506
137,537
137,558
137,576
137,582
137,591
137,622
137,648
137,657
137,659
137,692
137,709
137,714
137,724
137,749
137,751
137,752
137,782
137,800
137,819
137,838
137,842
137,844
137,845
137,846
137,862
137,863
137,868
137,878
137,880
137,881
137,887
137,892
137,907
137,910
137,912
137,926
137,961
137,965
137,967
137,968
137,972
137,978
137,980
137,983
137,994
137,995
137,996
138,168
138,176
138,201
138,202
138,239
138,240
138,246
138,249
138,257
138,263
138,275
138,307
138,309
138,310
138,323
138,385
138,386
138,398
138,410
138,415
138,463
138,522
138,555
138,573
138,595
138,596
138,626
138,668
138,686
138,699
138,714
138,717
138,741
138,760
138,777
138,795
138,812
138,834
138,838
138,842
138,845
138,853
138,865
138,871
138,907
138,910
138,925
138,965
138,969
139,145
139,159
139,256
139,271
139,305
139,337
139,348
139,356
139,397
139,446
139,456
139,471
139,499
139,516
139,520
139,557
139,613
139,661
139,674
139,687
139,722
139,786
139,850
139,935
139,942
139,944
139,963
139,966
139,988
140,141
140,175
140,196
140,215
140,235
140,245
140,247
140,248
140,268
140,270
140,311
140,372
140,383
140,392
140,393
140,403
140,404
140,414
140,423
140,424
140,465
140,487
140,527
140,542
140,550
140,559
140,585
140,592
140,608
140,609
140,615
140,626
140,677
140,728
140,731
140,734
140,816
140,820
140,840
140,844
140,851
140,853
140,860
140,865
140,870
140,877
140,908
140,909
140,916
140,922
140,926
140,933
140,954
140,980
140,988
141,160
141,164
141,172
141,190
141,202
141,241
141,271
141,272
141,339
141,356
141,378
141,389
141,393
141,449
141,455
141,465
141,472
141,492
141,547
141,568
141,615
141,629
141,657
141,677
141,683
141,707
141,729
141,732
141,733
141,780
141,794
141,803
141,823
141,836
141,846
141,851
141,883
141,887
141,906
141,919
141,921
141,922
141,930
141,970
141,995
142,166
142,171
142,178
142,237
142,242
142,247
142,273
142,278
142,299
142,369
142,386
142,398
142,414
142,424
142,429
142,439
142,440
142,484
142,506
142,512
142,527
142,529
142,543
142,547
142,555
142,597
142,602
142,622
142,650
142,651
142,653
142,662
142,699
142,708
142,717
142,719
142,731
142,742
142,749
142,755
142,764
142,781
142,803
142,804
142,818
142,842
142,854
142,904
142,922
142,929
142,964
142,974
142,976
142,978
142,979
142,980
142,988
143,150
143,279
143,287
143,293
143,413
143,444
143,464
143,478
143,580
143,665
143,691
143,705
143,719
143,761
143,792
143,802
143,902
143,911
143,932
143,962
143,997
144,210
144,264
144,276
144,308
144,325
144,346
144,372
144,384
144,430
144,453
144,465
144,585
144,604
144,652
144,658
144,675
144,689
144,692
144,731
144,750
144,751
144,784
144,833
144,846
144,933
144,951
145,157
145,172
145,204
145,205
145,305
145,321
145,337
145,342
145,378
145,397
145,408
145,446
145,449
145,506
145,541
145,548
145,574
145,581
145,583
145,702
145,796
145,811
145,840
145,847
145,871
145,873
145,891
145,905
145,913
145,937
145,939
146,148
146,180
146,239
146,244
146,303
146,305
146,311
146,342
146,346
146,364
146,371
146,376
146,377
146,405
146,418
146,457
146,504
146,544
146,561
146,622
146,644
146,670
146,689
146,755
146,824
146,837
146,870
146,903
146,916
146,945
146,988
147,174
147,175
147,176
147,186
147,199
147,244
147,270
147,273
147,274
147,305
147,306
147,308
147,322
147,328
147,336
147,338
147,364
147,405
147,406
147,411
147,459
147,477
147,487
147,522
147,532
147,555
147,572
147,612
147,618
147,622
147,650
147,657
147,666
147,668
147,689
147,742
147,752
147,772
147,837
147,838
147,844
147,853
147,869
147,876
147,889
147,967
148,158
148,180
148,188
148,199
148,244
148,309
148,324
148,364
148,376
148,377
148,388
148,406
148,425
148,477
148,487
148,532
148,538
148,543
148,597
148,612
148,613
148,648
148,653
148,670
148,723
148,751
148,777
148,833
148,869
148,870
148,916
148,951
148,992
148,996
149,186
149,194
149,208
149,212
149,235
149,238
149,276
149,339
149,372
149,401
149,405
149,424
149,437
149,445
149,446
149,448
149,453
149,531
149,609
149,615
149,676
149,679
149,682
149,683
149,692
149,728
149,739
149,744
149,753
149,793
149,794
149,832
149,853
149,883
149,909
149,920
149,952
149,996
150,189
150,195
150,216
150,222
150,230
150,236
150,252
150,257
150,259
150,285
150,310
150,320
150,327
150,328
150,332
150,334
150,344
150,355
150,392
150,419
150,434
150,440
150,458
150,468
150,491
150,528
150,570
150,631
150,632
150,639
150,643
150,648
150,660
150,678
150,692
150,701
150,735
150,745
150,749
150,774
150,781
150,787
150,802
150,858
150,872
150,876
150,888
150,932
150,956
150,983
151,164
151,208
151,305
151,312
151,331
151,354
151,357
151,426
151,523
151,527
151,561
151,589
151,606
151,607
151,615
151,656
151,688
151,727
151,766
151,778
151,793
151,859
151,860
151,938
151,951
152,163
152,170
152,187
152,194
152,197
152,207
152,232
152,237
152,242
152,243
152,245
152,246
152,250
152,256
152,271
152,287
152,292
152,293
152,296
152,300
152,301
152,379
152,395
152,416
152,419
152,420
152,421
152,439
152,442
152,443
152,452
152,455
152,466
152,476
152,479
152,485
152,488
152,502
152,533
152,548
152,556
152,563
152,578
152,579
152,584
152,588
152,601
152,640
152,643
152,659
152,664
152,665
152,673
152,678
152,679
152,694
152,721
152,726
152,738
152,743
152,745
152,747
152,785
152,786
152,796
152,805
152,808
152,826
152,843
152,849
152,889
152,911
152,917
152,919
152,920
152,921
152,932
152,934
152,943
152,965
152,970
152,974
152,976
153,165
153,178
153,216
153,259
153,287
153,297
153,320
153,327
153,332
153,334
153,340
153,353
153,355
153,399
153,419
153,432
153,447
153,464
153,466
153,476
153,479
153,485
153,502
153,503
153,507
153,509
153,525
153,554
153,562
153,599
153,600
153,625
153,638
153,660
153,662
153,664
153,678
153,689
153,694
153,701
153,719
153,737
153,747
153,768
153,771
153,783
153,831
153,837
153,872
153,893
153,899
153,911
153,917
153,924
153,932
153,941
153,961
153,962
153,989
153,997
154,183
154,232
154,270
154,294
154,337
154,355
154,378
154,395
154,415
154,456
154,513
154,537
154,576
154,614
154,629
154,635
154,636
154,671
154,712
154,720
154,730
154,765
154,796
154,827
154,868
154,894
154,896
154,918
154,969
154,972
154,983
155,194
155,204
155,300
155,328
155,337
155,368
155,376
155,383
155,412
155,422
155,430
155,433
155,434
155,440
155,472
155,507
155,560
155,571
155,644
155,675
155,681
155,710
155,737
155,740
155,744
155,824
155,846
155,875
155,898
155,901
155,903
155,912
155,953
156,168
156,201
156,209
156,224
156,228
156,242
156,249
156,258
156,298
156,310
156,329
156,335
156,347
156,373
156,385
156,428
156,470
156,624
156,629
156,657
156,710
156,715
156,797
156,818
156,834
156,866
156,885
156,887
156,894
156,895
156,972
157,191
157,193
157,212
157,237
157,243
157,245
157,261
157,262
157,316
157,319
157,379
157,408
157,485
157,550
157,631
157,719
157,722
157,738
157,785
157,808
157,823
157,854
157,885
157,917
157,932
157,943
157,977
157,979
157,989
157,999
158,177
158,178
158,234
158,241
158,254
158,255
158,256
158,264
158,291
158,300
158,322
158,328
158,329
158,359
158,366
158,368
158,372
158,378
158,379
158,380
158,390
158,402
158,406
158,448
158,452
158,456
158,459
158,472
158,499
158,552
158,572
158,573
158,644
158,678
158,682
158,685
158,687
158,689
158,702
158,704
158,711
158,748
158,824
158,832
158,852
158,855
158,883
158,891
158,906
158,908
158,910
158,912
158,927
158,931
158,936
158,952
158,972
158,996
159,173
159,198
159,204
159,205
159,232
159,280
159,308
159,315
159,321
159,322
159,337
159,340
159,342
159,345
159,356
159,397
159,435
159,446
159,456
159,459
159,465
159,474
159,476
159,490
159,512
159,536
159,557
159,569
159,594
159,613
159,634
159,659
159,664
159,674
159,681
159,687
159,695
159,774
159,783
159,786
159,836
159,837
159,857
159,858
159,883
159,896
159,922
159,925
159,942
159,948
159,949
159,982
159,983
159,985
159,998
160,161
160,169
160,171
160,172
160,202
160,208
160,227
160,232
160,241
160,260
160,272
160,293
160,333
160,354
160,393
160,472
160,492
160,527
160,568
160,590
160,615
160,638
160,678
160,721
160,736
160,778
160,785
160,811
160,826
160,849
160,851
160,857
160,867
160,888
160,905
160,906
160,909
160,936
160,947
160,963
160,978
160,993
161,172
161,177
161,198
161,202
161,257
161,260
161,293
161,297
161,326
161,359
161,393
161,413
161,472
161,477
161,492
161,550
161,557
161,558
161,564
161,590
161,620
161,675
161,677
161,811
161,838
161,849
161,851
161,873
161,889
161,893
161,906
161,916
161,944
161,957
162,217
162,222
162,237
162,252
162,277
162,283
162,285
162,326
162,332
162,355
162,362
162,374
162,399
162,419
162,469
162,489
162,492
162,495
162,528
162,529
162,541
162,575
162,633
162,648
162,664
162,678
162,721
162,737
162,741
162,745
162,746
162,754
162,774
162,778
162,785
162,795
162,796
162,821
162,866
162,876
162,917
162,960
162,979
162,987
163,193
163,227
163,245
163,250
163,301
163,379
163,434
163,437
163,442
163,444
163,485
163,501
163,503
163,507
163,601
163,643
163,660
163,664
163,678
163,687
163,693
163,705
163,712
163,735
163,737
163,747
163,771
163,786
163,792
163,802
163,805
163,821
163,850
163,873
163,936
163,943
163,973
163,974
164,244
164,279
164,283
164,333
164,342
164,352
164,354
164,389
164,397
164,435
164,471
164,474
164,523
164,540
164,606
164,607
164,656
164,687
164,702
164,718
164,761
164,766
164,786
164,940
164,996
165,193
165,197
165,214
165,252
165,259
165,270
165,287
165,291
165,303
165,319
165,334
165,353
165,419
165,432
165,442
165,473
165,488
165,498
165,500
165,503
165,519
165,526
165,533
165,562
165,565
165,575
165,599
165,600
165,636
165,638
165,659
165,664
165,672
165,705
165,725
165,785
165,791
165,799
165,828
165,848
165,872
165,911
165,924
165,932
165,943
165,960
165,979
166,170
166,171
166,175
166,223
166,249
166,278
166,286
166,307
166,324
166,384
166,386
166,396
166,460
166,484
166,544
166,595
166,624
166,633
166,654
166,708
166,781
166,795
166,798
166,801
166,803
166,818
166,821
166,838
166,880
166,885
166,892
166,899
166,978
166,995
167,172
167,173
167,180
167,189
167,230
167,249
167,273
167,277
167,316
167,320
167,321
167,332
167,334
167,379
167,385
167,409
167,411
167,473
167,489
167,491
167,502
167,513
167,540
167,544
167,548
167,573
167,575
167,590
167,599
167,635
167,645
167,660
167,673
167,678
167,696
167,697
167,722
167,745
167,774
167,786
167,791
167,799
167,802
167,825
167,870
167,872
167,876
167,902
167,993
168,195
168,212
168,263
168,274
168,350
168,361
168,386
168,497
168,593
168,595
168,654
168,712
168,752
168,838
168,844
168,887
168,906
168,910
168,918
168,972
169,201
169,218
169,238
169,260
169,268
169,280
169,329
169,337
169,378
169,446
169,480
169,506
169,557
169,581
169,616
169,702
169,786
169,793
169,818
169,835
169,843
169,847
169,873
169,891
169,909
170,173
170,207
170,232
170,237
170,301
170,306
170,379
170,387
170,444
170,449
170,452
170,466
170,485
170,488
170,501
170,519
170,520
170,531
170,533
170,548
170,578
170,579
170,584
170,601
170,605
170,616
170,665
170,672
170,673
170,683
170,691
170,693
170,696
170,733
170,737
170,738
170,746
170,763
170,773
170,792
170,796
170,798
170,805
170,815
170,825
170,848
170,856
170,858
170,860
170,882
170,885
170,917
170,934
170,943
170,976
170,979
170,990
171,178
171,180
171,182
171,199
171,247
171,270
171,341
171,411
171,417
171,429
171,449
171,477
171,494
171,515
171,542
171,552
171,566
171,628
171,663
171,708
171,782
171,803
171,818
171,828
171,840
171,857
171,929
171,937
171,958
171,964
171,980
172,173
172,176
172,202
172,210
172,230
172,235
172,236
172,241
172,252
172,254
172,256
172,261
172,264
172,268
172,272
172,277
172,278
172,288
172,300
172,333
172,373
172,378
172,379
172,392
172,393
172,406
172,423
172,429
172,449
172,474
172,499
172,501
172,515
172,519
172,529
172,540
172,546
172,553
172,557
172,585
172,599
172,613
172,614
172,615
172,660
172,665
172,677
172,685
172,688
172,704
172,719
172,729
172,738
172,748
172,749
172,786
172,803
172,805
172,810
172,811
172,823
172,829
172,831
172,849
172,851
172,852
172,858
172,885
172,893
172,896
172,939
172,944
172,974
172,982
172,983
172,988
172,989
173,202
173,207
173,222
173,232
173,245
173,264
173,271
173,280
173,284
173,301
173,305
173,337
173,340
173,348
173,402
173,420
173,426
173,439
173,449
173,474
173,479
173,480
173,548
173,554
173,557
173,578
173,616
173,619
173,659
173,674
173,679
173,693
173,726
173,727
173,733
173,738
173,763
173,778
173,783
173,786
173,799
173,814
173,841
173,873
173,885
173,912
173,934
173,936
173,990
174,223
174,243
174,247
174,253
174,257
174,269
174,289
174,460
174,482
174,489
174,501
174,530
174,534
174,553
174,603
174,608
174,628
174,643
174,695
174,699
174,834
174,839
174,877
174,918
174,947
174,969
174,983
174,988
175,178
175,196
175,204
175,212
175,268
175,286
175,374
175,378
175,393
175,412
175,415
175,423
175,442
175,480
175,492
175,508
175,534
175,547
175,548
175,553
175,592
175,597
175,639
175,690
175,695
175,707
175,726
175,729
175,747
175,767
175,823
175,835
175,840
175,849
175,889
175,890
175,902
175,906
175,930
175,940
175,947
175,971
176,196
176,198
176,202
176,212
176,222
176,248
176,256
176,260
176,263
176,280
176,290
176,303
176,325
176,366
176,411
176,424
176,441
176,454
176,474
176,481
176,532
176,547
176,564
176,571
176,578
176,641
176,726
176,729
176,736
176,744
176,778
176,805
176,829
176,853
176,855
176,909
176,936
176,955
176,963
176,965
176,982
176,989
177,213
177,220
177,221
177,268
177,282
177,296
177,303
177,312
177,315
177,331
177,337
177,354
177,356
177,396
177,397
177,401
177,413
177,437
177,456
177,461
177,490
177,501
177,520
177,536
177,569
177,584
177,591
177,594
177,607
177,652
177,658
177,662
177,674
177,688
177,717
177,776
177,778
177,780
177,815
177,820
177,850
177,852
177,859
177,900
177,903
177,966
177,985
178,195
178,204
178,222
178,242
178,253
178,260
178,261
178,278
178,281
178,289
178,317
178,318
178,336
178,360
178,361
178,366
178,374
178,382
178,388
178,396
178,413
178,424
178,425
178,440
178,477
178,483
178,495
178,502
178,511
178,515
178,530
178,532
178,533
178,534
178,540
178,542
178,553
178,555
178,568
178,576
178,603
178,613
178,663
178,695
178,714
178,717
178,725
178,727
178,735
178,736
178,741
178,749
178,774
178,781
178,814
178,818
178,839
178,892
178,904
178,906
178,912
178,936
178,965
178,978
178,980
178,983
178,995
179,228
179,229
179,239
179,263
179,274
179,292
179,318
179,322
179,323
179,335
179,339
179,350
179,360
179,367
179,380
179,410
179,426
179,429
179,452
179,457
179,463
179,497
179,518
179,522
179,532
179,555
179,591
179,595
179,597
179,622
179,654
179,668
179,686
179,697
179,714
179,749
179,754
179,770
179,782
179,829
179,842
179,845
179,846
179,863
179,868
179,884
179,897
179,907
179,910
179,914
179,950
179,958
179,975
179,984
180,182
180,210
180,244
180,276
180,281
180,294
180,306
180,311
180,346
180,378
180,380
180,385
180,453
180,462
180,487
180,515
180,518
180,524
180,538
180,543
180,583
180,612
180,622
180,627
180,630
180,637
180,650
180,666
180,670
180,689
180,723
180,732
180,736
180,870
180,884
180,905
180,916
180,945
180,955
181,244
181,261
181,278
181,424
181,501
181,515
181,525
181,534
181,542
181,567
181,622
181,691
181,758
181,826
181,851
181,904
181,929
182,199
182,223
182,229
182,328
182,393
182,398
182,431
182,497
182,551
182,602
182,653
182,657
182,675
182,818
182,837
182,874
182,929
182,980
182,982
183,221
183,228
183,257
183,258
183,263
183,275
183,286
183,335
183,373
183,392
183,415
183,419
183,427
183,441
183,454
183,506
183,537
183,552
183,576
183,614
183,621
183,717
183,735
183,737
183,757
183,802
183,809
183,814
183,834
183,845
183,861
183,875
183,887
183,894
183,896
183,918
183,925
183,967
183,984
184,186
184,194
184,203
184,244
184,295
184,328
184,364
184,377
184,393
184,414
184,418
184,422
184,487
184,532
184,543
184,546
184,573
184,628
184,666
184,670
184,689
184,699
184,723
184,745
184,812
184,869
184,903
184,915
184,936
184,958
184,964
184,980
185,404
185,405
185,487
185,514
185,517
185,543
185,552
185,582
185,609
185,627
185,637
185,653
185,752
185,777
185,798
185,801
185,844
185,903
185,912
185,916
186,235
186,281
186,328
186,364
186,366
186,369
186,371
186,372
186,383
186,418
186,425
186,453
186,462
186,508
186,512
186,514
186,546
186,547
186,574
186,587
186,594
186,597
186,612
186,652
186,663
186,699
186,718
186,723
186,728
186,794
186,829
186,853
186,855
186,870
186,930
186,951
186,953
186,996
187,200
187,215
187,259
187,423
187,432
187,443
187,452
187,476
187,482
187,498
187,503
187,526
187,548
187,643
187,661
187,759
187,792
187,805
187,826
187,828
187,979
187,987
187,989
188,213
188,296
188,363
188,364
188,375
188,404
188,422
188,487
188,514
188,680
188,711
188,748
188,790
188,801
188,901
188,903
188,929
189,196
189,222
189,288
189,332
189,355
189,432
189,447
189,464
189,473
189,488
189,502
189,529
189,562
189,563
189,569
189,625
189,648
189,655
189,658
189,660
189,691
189,737
189,746
189,785
189,791
189,814
189,872
189,960
189,991
189,997
190,213
190,226
190,282
190,295
190,324
190,331
190,359
190,430
190,461
190,493
190,520
190,536
190,574
190,598
190,674
190,681
190,725
190,776
190,780
190,799
190,820
190,847
190,859
190,900
190,917
190,966
190,986
191,193
191,197
191,200
191,211
191,218
191,227
191,230
191,232
191,241
191,243
191,260
191,293
191,297
191,308
191,356
191,378
191,382
191,385
191,387
191,419
191,420
191,434
191,444
191,458
191,466
191,474
191,476
191,498
191,501
191,558
191,562
191,564
191,584
191,588
191,599
191,601
191,617
191,630
191,659
191,672
191,696
191,705
191,719
191,737
191,750
191,754
191,759
191,767
191,768
191,775
191,826
191,828
191,831
191,878
192,216
192,217
192,221
192,231
192,258
192,266
192,289
192,301
192,304
192,310
192,326
192,327
192,341
192,349
192,382
192,413
192,427
192,434
192,473
192,474
192,475
192,491
192,495
192,507
192,532
192,536
192,539
192,540
192,553
192,558
192,639
192,653
192,666
192,692
192,703
192,706
192,717
192,725
192,753
192,769
192,781
192,805
192,818
192,825
192,864
192,868
192,876
192,877
192,890
192,919
192,921
192,931
192,936
192,971
192,972
192,975
192,978
192,983
192,989
192,994
192,995
193,227
193,245
193,250
193,259
193,260
193,269
193,283
193,297
193,332
193,334
193,353
193,377
193,379
193,420
193,442
193,444
193,455
193,461
193,474
193,485
193,488
193,514
193,562
193,584
193,601
193,643
193,743
193,745
193,772
193,792
193,796
193,805
193,879
193,943
193,948
193,950
193,976
193,987
193,999
194,203
194,210
194,217
194,256
194,308
194,311
194,312
194,314
194,323
194,324
194,328
194,346
194,364
194,376
194,399
194,404
194,412
194,462
194,514
194,517
194,532
194,538
194,571
194,573
194,583
194,615
194,619
194,627
194,637
194,644
194,666
194,692
194,710
194,740
194,744
194,751
194,752
194,790
194,837
194,846
194,869
194,870
194,898
194,913
194,915
195,206
195,207
195,228
195,233
195,258
195,272
195,279
195,283
195,292
195,298
195,310
195,326
195,327
195,335
195,347
195,356
195,361
195,379
195,382
195,392
195,410
195,415
195,424
195,440
195,470
195,473
195,496
195,507
195,522
195,524
195,527
195,537
195,558
195,576
195,614
195,623
195,635
195,678
195,693
195,701
195,709
195,712
195,735
195,741
195,774
195,787
195,796
195,809
195,816
195,862
195,909
195,918
195,925
195,965
195,995
195,998
196,198
196,199
196,210
196,247
196,260
196,264
196,289
196,293
196,295
196,299
196,317
196,331
196,339
196,374
196,393
196,421
196,424
196,457
196,470
196,489
196,492
196,525
196,538
196,574
196,609
196,641
196,645
196,659
196,663
196,664
196,685
196,695
196,702
196,703
196,707
196,724
196,729
196,738
196,760
196,811
196,814
196,823
196,832
196,849
196,851
196,875
196,889
196,904
196,909
196,913
196,928
196,933
196,945
196,970
196,999
197,214
197,252
197,262
197,288
197,297
197,316
197,319
197,334
197,447
197,470
197,476
197,485
197,500
197,519
197,533
197,563
197,570
197,579
197,580
197,636
197,673
197,754
197,759
197,800
197,826
197,827
197,903
197,917
197,925
197,959
197,960
197,990
198,405
198,472
198,522
198,565
198,603
198,641
198,649
198,674
198,676
198,679
198,694
198,793
198,858
198,889
198,906
198,930
198,936
198,982
198,986
199,239
199,279
199,350
199,361
199,385
199,394
199,405
199,410
199,411
199,434
199,459
199,461
199,497
199,506
199,507
199,542
199,557
199,631
199,712
199,741
199,749
199,752
199,767
199,795
199,798
199,852
199,874
199,877
199,900
199,918
199,923
199,950
200,204
200,224
200,227
200,232
200,250
200,266
200,287
200,293
200,304
200,365
200,382
200,416
200,420
200,423
200,439
200,455
200,469
200,478
200,495
200,511
200,519
200,554
200,563
200,564
200,574
200,578
200,588
200,590
200,605
200,620
200,628
200,662
200,663
200,693
200,709
200,727
200,747
200,748
200,754
200,759
200,767
200,796
200,799
200,826
200,828
200,840
200,854
200,931
200,963
200,971
200,979
200,990
200,992
200,999
201,219
201,229
201,239
201,242
201,274
201,318
201,360
201,373
201,380
201,385
201,392
201,429
201,460
201,470
201,487
201,506
201,566
201,598
201,628
201,654
201,712
201,782
201,797
201,798
201,813
201,834
201,844
201,865
201,868
201,906
201,907
201,923
201,956
201,967
201,972
201,995
202,204
202,208
202,212
202,218
202,240
202,241
202,253
202,268
202,348
202,378
202,390
202,393
202,402
202,414
202,423
202,437
202,449
202,453
202,459
202,480
202,508
202,528
202,535
202,553
202,557
202,581
202,603
202,615
202,620
202,630
202,641
202,658
202,664
202,677
202,740
202,824
202,857
202,888
202,889
202,906
202,909
202,939
202,988
203,242
203,252
203,260
203,300
203,308
203,314
203,328
203,346
203,364
203,376
203,377
203,392
203,401
203,404
203,412
203,422
203,428
203,462
203,470
203,510
203,532
203,542
203,543
203,546
203,552
203,571
203,583
203,586
203,602
203,615
203,622
203,637
203,689
203,697
203,723
203,736
203,748
203,758
203,773
203,794
203,795
203,801
203,830
203,844
203,852
203,863
203,869
203,900
203,901
203,903
203,912
203,913
203,923
203,932
203,952
203,958
203,986
204,218
204,225
204,232
204,238
204,255
204,268
204,327
204,378
204,391
204,413
204,424
204,467
204,475
204,480
204,492
204,518
204,522
204,525
204,527
204,534
204,547
204,553
204,568
204,603
204,620
204,627
204,707
204,719
204,733
204,759
204,773
204,798
204,811
204,823
204,826
204,839
204,875
204,881
204,905
204,918
204,936
204,953
204,971
204,978
204,996
205,270
205,283
205,295
205,315
205,337
205,342
205,391
205,396
205,402
205,434
205,439
205,446
205,456
205,499
205,557
205,586
205,640
205,682
205,727
205,756
205,775
205,786
205,811
205,823
205,835
205,836
205,847
205,873
205,927
205,937
205,948
205,955
205,985
206,209
206,219
206,236
206,274
206,275
206,283
206,286
206,303
206,347
206,355
206,385
206,392
206,438
206,440
206,473
206,491
206,495
206,502
206,537
206,540
206,562
206,570
206,629
206,635
206,642
206,663
206,671
206,674
206,701
206,709
206,764
206,769
206,803
206,842
206,872
206,876
206,877
206,887
206,893
206,897
206,968
206,969
206,977
206,988
207,237
207,241
207,269
207,274
207,301
207,323
207,350
207,382
207,397
207,420
207,434
207,452
207,485
207,488
207,511
207,556
207,574
207,578
207,581
207,582
207,584
207,601
207,605
207,613
207,617
207,636
207,659
207,665
207,679
207,691
207,717
207,722
207,732
207,733
207,738
207,763
207,786
207,805
207,837
207,843
207,882
207,934
207,976
208,212
208,225
208,227
208,260
208,276
208,305
208,396
208,419
208,426
208,459
208,472
208,515
208,540
208,550
208,581
208,615
208,641
208,659
208,670
208,702
208,762
208,788
208,805
208,909
208,928
208,947
209,221
209,228
209,245
209,263
209,275
209,278
209,292
209,303
209,320
209,332
209,335
209,351
209,355
209,362
209,392
209,400
209,415
209,450
209,470
209,473
209,495
209,499
209,507
209,513
209,533
209,549
209,576
209,579
209,596
209,614
209,617
209,621
209,622
209,639
209,698
209,709
209,735
209,770
209,774
209,782
209,825
209,834
209,837
209,838
209,845
209,858
209,861
209,894
209,896
209,956
209,963
209,965
209,967
209,969
209,983
209,984
209,993
209,995
210,224
210,260
210,268
210,304
210,324
210,345
210,364
210,376
210,383
210,422
210,462
210,471
210,517
210,551
210,552
210,561
210,567
210,587
210,602
210,644
210,653
210,654
210,657
210,658
210,670
210,710
210,725
210,744
210,794
210,833
210,852
210,870
210,901
210,954
210,958
211,225
211,243
211,293
211,379
211,382
211,391
211,419
211,489
211,498
211,502
211,503
211,529
211,563
211,588
211,589
211,636
211,647
211,652
211,664
211,672
211,679
211,693
211,719
211,733
211,747
211,766
211,796
211,828
211,858
211,888
211,963
212,223
212,248
212,336
212,339
212,345
212,359
212,364
212,374
212,384
212,412
212,414
212,436
212,508
212,557
212,606
212,608
212,695
212,729
212,800
212,851
212,891
212,897
212,955
212,974
212,988
213,220
213,251
213,265
213,280
213,282
213,296
213,311
213,331
213,352
213,354
213,356
213,357
213,397
213,405
213,415
213,437
213,447
213,461
213,471
213,516
213,520
213,536
213,547
213,556
213,586
213,598
213,606
213,607
213,613
213,615
213,661
213,674
213,704
213,715
213,723
213,727
213,774
213,776
213,778
213,780
213,820
213,847
213,850
213,859
213,860
213,930
213,947
213,955
213,983
213,987
213,988
213,998
214,273
214,354
214,365
214,391
214,443
214,468
214,488
214,503
214,526
214,541
214,562
214,603
214,638
214,690
214,779
214,860
214,890
214,893
214,911
214,924
214,930
214,932
214,979
214,987
215,219
215,258
215,306
215,350
215,380
215,522
215,530
215,595
215,628
215,669
215,707
215,749
215,760
215,795
215,813
215,865
215,866
215,981
216,232
216,252
216,257
216,264
216,280
216,293
216,298
216,303
216,334
216,341
216,355
216,379
216,385
216,408
216,419
216,447
216,463
216,473
216,491
216,494
216,502
216,505
216,554
216,558
216,575
216,578
216,596
216,660
216,663
216,666
216,669
216,678
216,697
216,701
216,722
216,724
216,745
216,749
216,764
216,774
216,791
216,799
216,821
216,861
216,872
216,876
216,892
216,923
216,924
216,936
216,959
216,962
216,975
217,222
217,230
217,231
217,243
217,252
217,260
217,283
217,320
217,326
217,327
217,330
217,341
217,370
217,374
217,382
217,391
217,402
217,413
217,419
217,428
217,461
217,470
217,473
217,478
217,491
217,495
217,512
217,565
217,568
217,576
217,599
217,601
217,632
217,635
217,638
217,647
217,648
217,658
217,660
217,672
217,678
217,717
217,722
217,724
217,735
217,737
217,759
217,785
217,826
217,868
217,881
217,883
217,884
217,893
217,899
217,904
217,906
217,924
217,955
217,959
217,970
217,983
218,260
218,278
218,280
218,292
218,382
218,474
218,489
218,499
218,501
218,531
218,565
218,574
218,658
218,673
218,708
218,725
218,767
218,811
218,858
218,888
218,930
218,940
218,942
218,974
218,982
218,994
219,263
219,323
219,350
219,386
219,413
219,457
219,467
219,506
219,522
219,581
219,583
219,595
219,622
219,642
219,706
219,709
219,716
219,749
219,813
219,819
219,830
219,838
219,862
219,881
219,883
219,892
219,903
219,923
219,965
220,232
220,251
220,270
220,284
220,312
220,331
220,354
220,356
220,397
220,444
220,449
220,461
220,536
220,557
220,583
220,586
220,615
220,635
220,659
220,735
220,778
220,783
220,873
220,893
220,938
221,228
221,275
221,292
221,296
221,303
221,310
221,362
221,385
221,427
221,429
221,450
221,470
221,539
221,576
221,597
221,614
221,621
221,626
221,628
221,635
221,639
221,648
221,686
221,709
221,735
221,737
221,754
221,765
221,807
221,810
221,825
221,842
221,868
221,884
221,887
221,907
221,956
221,960
221,963
221,965
221,969
221,995
222,243
222,262
222,268
222,279
222,287
222,300
222,302
222,320
222,327
222,330
222,343
222,362
222,378
222,382
222,421
222,489
222,498
222,501
222,564
222,565
222,614
222,633
222,642
222,658
222,672
222,691
222,732
222,735
222,737
222,747
222,754
222,768
222,802
222,826
222,864
222,941
222,971
222,984
222,997
223,229
223,242
223,246
223,264
223,268
223,278
223,287
223,325
223,338
223,386
223,390
223,424
223,430
223,460
223,513
223,550
223,558
223,592
223,627
223,630
223,708
223,712
223,716
223,781
223,787
223,795
223,936
223,950
223,964
223,983
224,240
224,273
224,304
224,321
224,324
224,338
224,380
224,386
224,405
224,457
224,484
224,510
224,515
224,524
224,544
224,591
224,595
224,602
224,627
224,628
224,630
224,694
224,706
224,724
224,789
224,798
224,819
224,863
224,865
224,894
224,909
224,914
224,916
224,950
225,269
225,272
225,293
225,343
225,382
225,407
225,447
225,478
225,479
225,527
225,543
225,553
225,599
225,633
225,664
225,671
225,674
225,691
225,759
225,782
225,799
225,821
225,919
225,935
225,941
226,229
226,242
226,250
226,295
226,338
226,346
226,388
226,458
226,518
226,542
226,544
226,597
226,602
226,622
226,650
226,705
226,760
226,769
226,803
226,818
226,824
226,891
227,231
227,243
227,244
227,250
227,301
227,334
227,391
227,423
227,439
227,443
227,483
227,498
227,501
227,503
227,548
227,554
227,578
227,599
227,601
227,625
227,635
227,638
227,648
227,691
227,725
227,738
227,743
227,772
227,778
227,779
227,800
227,808
227,843
227,860
227,885
227,906
227,911
227,932
227,934
227,959
227,979
228,238
228,259
228,263
228,275
228,292
228,347
228,362
228,381
228,392
228,398
228,411
228,415
228,440
228,441
228,450
228,533
228,539
228,549
228,576
228,612
228,614
228,621
228,635
228,709
228,712
228,714
228,717
228,742
228,770
228,810
228,816
228,825
228,830
228,845
228,872
228,891
228,894
228,896
228,897
228,907
228,910
228,956
228,965
228,969
228,984
229,239
229,248
229,249
229,256
229,306
229,307
229,368
229,383
229,386
229,388
229,408
229,429
229,467
229,522
229,530
229,544
229,567
229,582
229,592
229,622
229,654
229,716
229,736
229,737
229,760
229,870
229,874
229,875
229,907
229,923
229,988
230,238
230,246
230,266
230,293
230,320
230,326
230,348
230,370
230,382
230,402
230,411
230,413
230,419
230,423
230,434
230,449
230,452
230,469
230,473
230,513
230,558
230,561
230,608
230,624
230,661
230,691
230,696
230,705
230,747
230,759
230,787
230,799
230,824
230,841
230,861
230,893
230,947
230,964
230,971
230,984
230,987
231,298
231,300
231,313
231,320
231,332
231,334
231,359
231,382
231,419
231,468
231,473
231,489
231,495
231,501
231,502
231,529
231,534
231,546
231,547
231,548
231,562
231,588
231,590
231,599
231,619
231,635
231,638
231,648
231,717
231,726
231,740
231,745
231,747
231,759
231,774
231,785
231,821
231,884
231,891
231,903
231,915
231,919
231,941
231,942
231,948
231,979
231,999
232,280
232,287
232,293
232,301
232,315
232,322
232,329
232,374
232,382
232,384
232,389
232,391
232,405
232,416
232,421
232,423
232,424
232,443
232,472
232,474
232,478
232,479
232,481
232,495
232,498
232,506
232,540
232,548
232,553
232,554
232,564
232,565
232,576
232,588
232,590
232,615
232,635
232,638
232,643
232,658
232,672
232,673
232,695
232,714
232,725
232,726
232,752
232,767
232,783
232,811
232,831
232,848
232,851
232,857
232,858
232,867
232,879
232,898
232,900
232,904
232,911
232,919
232,921
232,930
232,934
232,936
232,938
232,963
232,974
232,976
232,982
232,986
233,258
233,294
233,313
233,417
233,441
233,522
233,549
233,566
233,623
233,705
233,754
233,809
233,818
233,894
233,896
233,916
233,969
234,300
234,305
234,315
234,318
234,325
234,333
234,335
234,342
234,356
234,397
234,402
234,461
234,477
234,523
234,562
234,607
234,644
234,659
234,680
234,688
234,727
234,731
234,756
234,766
234,778
234,786
234,834
234,846
234,924
234,930
234,938
235,247
235,295
235,308
235,333
235,339
235,393
235,441
235,445
235,448
235,456
235,493
235,508
235,520
235,569
235,583
235,593
235,619
235,649
235,685
235,711
235,732
235,739
235,773
235,818
235,822
235,855
235,881
235,920
235,970
235,972
235,996
236,259
236,263
236,275
236,289
236,292
236,362
236,392
236,440
236,597
236,621
236,639
236,667
236,774
236,782
236,842
236,861
236,886
236,914
236,925
236,965
236,968
236,969
236,995
237,243
237,258
237,293
237,301
237,303
237,328
237,379
237,408
237,452
237,458
237,471
237,479
237,485
237,501
237,503
237,507
237,519
237,535
237,548
237,557
237,563
237,565
237,571
237,578
237,601
237,636
237,643
237,659
237,665
237,672
237,673
237,679
237,691
237,693
237,694
237,726
237,737
237,738
237,743
237,763
237,767
237,768
237,781
237,792
237,805
237,829
237,842
237,848
237,898
237,906
237,917
237,934
237,943
237,976
237,989
238,243
238,247
238,259
238,264
238,271
238,278
238,283
238,289
238,296
238,307
238,347
238,374
238,413
238,426
238,427
238,431
238,434
238,525
238,540
238,547
238,550
238,562
238,567
238,594
238,598
238,603
238,648
238,658
238,663
238,693
238,719
238,763
238,791
238,822
238,858
238,878
238,964
238,971
238,972
238,974
238,978
238,983
239,263
239,286
239,323
239,324
239,360
239,380
239,385
239,394
239,412
239,425
239,463
239,475
239,524
239,595
239,716
239,730
239,731
239,810
239,818
239,833
239,838
239,842
239,887
239,903
239,907
239,910
239,914
239,925
239,968
240,242
240,249
240,291
240,300
240,321
240,346
240,350
240,364
240,380
240,385
240,405
240,410
240,414
240,477
240,613
240,651
240,668
240,685
240,694
240,822
240,865
240,908
240,929
240,951
240,961
241,255
241,264
241,272
241,317
241,320
241,328
241,341
241,348
241,379
241,423
241,429
241,439
241,474
241,504
241,511
241,515
241,541
241,564
241,590
241,652
241,658
241,677
241,728
241,777
241,823
241,849
241,857
241,858
241,868
241,906
241,907
241,921
241,944
241,963
241,974
241,976
241,982
241,992
242,246
242,261
242,278
242,302
242,311
242,314
242,321
242,328
242,336
242,341
242,346
242,366
242,368
242,406
242,414
242,424
242,426
242,429
242,467
242,476
242,477
242,483
242,504
242,512
242,518
242,542
242,544
242,555
242,573
242,591
242,594
242,597
242,602
242,608
242,611
242,619
242,622
242,627
242,651
242,653
242,657
242,658
242,699
242,731
242,742
242,749
242,751
242,758
242,765
242,769
242,773
242,777
242,782
242,803
242,818
242,833
242,838
242,846
242,853
242,855
242,865
242,874
242,885
242,894
242,904
242,916
242,922
242,926
242,980
242,981
242,983
242,988
243,250
243,266
243,269
243,283
243,301
243,304
243,365
243,379
243,387
243,395
243,420
243,455
243,479
243,485
243,498
243,503
243,526
243,550
243,556
243,579
243,584
243,591
243,605
243,665
243,694
243,721
243,726
243,733
243,737
243,743
243,763
243,770
243,793
243,799
243,805
243,834
243,843
243,882
243,901
243,949
243,976
243,989
244,300
244,311
244,405
244,416
244,477
244,512
244,514
244,527
244,532
244,543
244,570
244,627
244,692
244,723
244,732
244,837
244,870
244,889
244,945
245,250
245,269
245,288
245,297
245,356
245,379
245,420
245,452
245,476
245,509
245,519
245,601
245,615
245,665
245,691
245,705
245,738
245,781
245,792
245,805
245,854
245,924
245,943
245,948
245,979
246,248
246,277
246,341
246,374
246,383
246,391
246,413
246,421
246,450
246,472
246,491
246,502
246,503
246,513
246,527
246,565
246,671
246,695
246,719
246,736
246,747
246,771
246,803
246,858
246,867
246,889
246,979
247,261
247,306
247,352
247,361
247,364
247,386
247,424
247,426
247,463
247,518
247,527
247,547
247,555
247,567
247,599
247,603
247,671
247,693
247,695
247,708
247,736
247,745
247,767
247,781
247,795
247,818
247,904
247,920
247,929
247,954
248,257
248,260
248,269
248,276
248,291
248,295
248,299
248,314
248,324
248,336
248,339
248,359
248,377
248,385
248,411
248,419
248,430
248,436
248,437
248,445
248,477
248,481
248,544
248,585
248,608
248,611
248,649
248,653
248,702
248,729
248,732
248,753
248,816
248,817
248,818
248,829
248,835
248,913
248,952
248,981
249,258
249,274
249,300
249,306
249,311
249,320
249,323
249,360
249,361
249,373
249,380
249,386
249,406
249,429
249,457
249,522
249,524
249,585
249,596
249,597
249,602
249,627
249,628
249,637
249,651
249,706
249,731
249,734
249,749
249,777
249,798
249,803
249,807
249,842
249,874
249,912
249,950
249,959
249,963
249,967
249,978
249,980
250,301
250,319
250,379
250,399
250,439
250,442
250,485
250,497
250,579
250,584
250,586
250,678
250,687
250,721
250,743
250,772
250,781
250,821
250,843
250,858
250,977
250,987
251,282
251,296
251,305
251,331
251,340
251,342
251,401
251,420
251,426
251,461
251,479
251,516
251,536
251,550
251,557
251,569
251,583
251,594
251,598
251,627
251,634
251,674
251,725
251,776
251,780
251,820
251,891
251,935
251,944
251,966
251,998
252,283
252,285
252,287
252,316
252,322
252,332
252,334
252,381
252,440
252,485
252,502
252,529
252,558
252,584
252,619
252,636
252,648
252,660
252,678
252,697
252,722
252,735
252,737
252,745
252,759
252,764
252,774
252,798
252,858
252,872
252,893
252,911
252,963
252,983
252,989
253,260
253,265
253,278
253,320
253,340
253,411
253,425
253,490
253,492
253,510
253,530
253,541
253,712
253,731
253,736
253,781
253,787
253,888
253,980
254,271
254,281
254,301
254,317
254,318
254,328
254,329
254,356
254,371
254,383
254,406
254,426
254,433
254,444
254,448
254,453
254,481
254,514
254,530
254,552
254,563
254,583
254,593
254,619
254,646
254,687
254,699
254,740
254,773
254,832
254,846
254,852
254,860
254,867
254,883
254,912
254,952
254,978
255,276
255,333
255,345
255,356
255,359
255,371
255,396
255,437
255,445
255,520
255,573
255,585
255,593
255,613
255,618
255,652
255,702
255,726
255,729
255,731
255,744
255,751
255,829
255,883
255,896
255,912
255,934
255,952
255,955
256,312
256,337
256,378
256,384
256,397
256,419
256,426
256,437
256,452
256,476
256,481
256,519
256,543
256,582
256,676
256,829
256,848
256,873
256,909
256,930
256,952
256,955
256,988
257,279
257,298
257,334
257,381
257,441
257,468
257,489
257,491
257,575
257,635
257,639
257,660
257,706
257,712
257,722
257,734
257,735
257,737
257,745
257,746
257,770
257,802
257,883
258,277
258,285
258,292
258,306
258,344
258,351
258,360
258,367
258,431
258,432
258,450
258,483
258,494
258,513
258,528
258,570
258,623
258,624
258,642
258,721
258,770
258,809
258,834
258,892
258,894
258,918
258,965
258,993
259,264
259,298
259,303
259,327
259,334
259,343
259,350
259,379
259,401
259,403
259,458
259,468
259,476
259,491
259,553
259,567
259,591
259,631
259,632
259,635
259,648
259,672
259,678
259,688
259,701
259,774
259,798
259,829
259,868
259,876
259,893
259,941
260,328
260,333
260,364
260,384
260,389
260,424
260,437
260,466
260,474
260,492
260,497
260,535
260,551
260,612
260,641
260,645
260,649
260,666
260,677
260,683
260,705
260,725
260,768
260,773
260,780
260,781
260,788
260,800
260,806
260,811
260,846
260,889
260,906
260,963
260,982
261,325
261,342
261,369
261,424
261,476
261,477
261,489
261,506
261,525
261,534
261,539
261,553
261,567
261,569
261,585
261,591
261,615
261,630
261,674
261,695
261,703
261,741
261,769
261,775
261,804
261,809
261,823
261,849
261,901
261,904
261,983
262,301
262,330
262,353
262,365
262,379
262,380
262,444
262,447
262,500
262,502
262,503
262,633
262,746
262,774
262,779
262,785
262,792
262,831
262,854
262,868
262,989
263,267
263,318
263,323
263,335
263,344
263,345
263,360
263,361
263,373
263,380
263,400
263,410
263,420
263,454
263,463
263,470
263,475
263,505
263,506
263,522
263,536
263,588
263,596
263,668
263,669
263,679
263,684
263,709
263,712
263,716
263,748
263,765
263,768
263,781
263,782
263,785
263,789
263,798
263,838
263,842
263,853
263,858
263,887
263,894
263,907
263,948
263,961
263,967
263,968
264,271
264,272
264,297
264,327
264,342
264,345
264,363
264,378
264,432
264,449
264,472
264,481
264,492
264,553
264,581
264,607
264,608
264,628
264,648
264,671
264,677
264,679
264,725
264,769
264,783
264,792
264,811
264,818
264,823
264,835
264,849
264,867
264,868
264,888
264,889
264,891
264,898
264,928
264,936
264,939
264,974
265,280
265,305
265,357
265,378
265,384
265,456
265,459
265,461
265,481
265,517
265,557
265,564
265,613
265,662
265,693
265,727
265,792
265,829
265,849
265,891
265,917
265,930
265,937
265,947
265,951
265,955
265,992
265,998
266,289
266,327
266,341
266,350
266,391
266,419
266,427
266,434
266,483
266,495
266,512
266,558
266,559
266,563
266,576
266,632
266,648
266,677
266,696
266,717
266,725
266,735
266,771
266,787
266,807
266,809
266,842
266,845
266,875
266,921
266,924
266,963
266,975
267,275
267,286
267,292
267,295
267,329
267,358
267,373
267,380
267,382
267,385
267,392
267,398
267,400
267,426
267,450
267,453
267,454
267,460
267,463
267,528
267,575
267,596
267,614
267,669
267,673
267,691
267,732
267,749
267,765
267,795
267,810
267,830
267,845
267,880
267,881
267,884
267,886
267,894
267,910
267,925
267,937
267,965
267,967
267,968
267,972
267,978
267,984
268,278
268,336
268,398
268,427
268,458
268,501
268,525
268,530
268,534
268,541
268,567
268,570
268,578
268,590
268,591
268,592
268,597
268,603
268,645
268,663
268,672
268,724
268,806
268,839
268,849
268,858
268,909
268,936
268,955
268,965
268,983
268,984
269,288
269,310
269,313
269,330
269,358
269,403
269,420
269,447
269,464
269,491
269,506
269,509
269,517
269,625
269,636
269,648
269,746
269,759
269,779
269,791
269,796
269,827
269,830
269,879
269,924
269,959
269,989
269,997
270,318
270,324
270,336
270,369
270,407
270,424
270,477
270,529
270,555
270,592
270,594
270,608
270,612
270,653
270,657
270,684
270,689
270,695
270,701
270,729
270,732
270,743
270,748
270,795
270,836
270,908
270,922
270,926
270,933
270,952
270,956
270,988
271,304
271,337
271,356
271,387
271,411
271,439
271,449
271,480
271,485
271,492
271,516
271,581
271,582
271,651
271,659
271,662
271,679
271,681
271,733
271,770
271,782
271,783
271,793
271,804
271,817
271,844
271,862
271,885
271,905
271,921
271,947
271,953
271,987
271,990
272,283
272,305
272,326
272,388
272,400
272,402
272,419
272,444
272,472
272,473
272,476
272,482
272,566
272,584
272,601
272,603
272,657
272,658
272,662
272,677
272,679
272,738
272,793
272,811
272,823
272,829
272,849
272,855
272,864
272,871
272,879
272,888
272,889
272,906
272,952
272,994
272,999
273,302
273,321
273,336
273,380
273,401
273,414
273,421
273,457
273,460
273,484
273,508
273,515
273,522
273,542
273,582
273,591
273,602
273,611
273,630
273,636
273,651
273,668
273,670
273,708
273,710
273,824
273,837
273,865
273,892
273,896
273,914
273,929
274,278
274,318
274,323
274,335
274,344
274,360
274,373
274,398
274,410
274,429
274,468
274,470
274,492
274,507
274,536
274,604
274,614
274,627
274,709
274,712
274,714
274,749
274,760
274,777
274,786
274,798
274,819
274,842
274,907
274,910
274,923
274,956
274,972
275,278
275,292
275,303
275,335
275,351
275,362
275,381
275,391
275,392
275,399
275,400
275,413
275,440
275,454
275,513
275,539
275,540
275,565
275,576
275,621
275,626
275,632
275,635
275,639
275,648
275,664
275,667
275,690
275,698
275,709
275,737
275,754
275,795
275,807
275,809
275,830
275,855
275,865
275,868
275,869
275,894
275,906
275,925
275,950
275,961
275,965
275,972
275,984
275,989
276,284
276,291
276,295
276,320
276,336
276,339
276,372
276,385
276,404
276,448
276,465
276,489
276,530
276,547
276,598
276,723
276,762
276,802
276,816
276,851
276,869
276,915
276,916
276,920
276,922
276,930
276,951
276,953
276,974
277,320
277,323
277,326
277,327
277,332
277,343
277,347
277,374
277,381
277,414
277,419
277,431
277,468
277,489
277,497
277,616
277,628
277,631
277,633
277,638
277,688
277,702
277,720
277,724
277,735
277,774
277,875
277,895
277,921
277,965
277,991
278,406
278,420
278,424
278,441
278,460
278,473
278,534
278,543
278,553
278,556
278,582
278,591
278,597
278,602
278,624
278,632
278,637
278,641
278,650
278,731
278,741
278,777
278,781
278,795
278,825
278,837
278,838
278,892
278,896
278,904
278,906
278,950
278,961
278,964
278,978
278,980
279,294
279,308
279,320
279,347
279,450
279,496
279,537
279,539
279,610
279,631
279,632
279,671
279,734
279,745
279,754
279,764
279,765
279,771
279,774
279,787
279,788
279,802
279,807
279,861
279,875
279,876
279,983
279,991
280,337
280,354
280,356
280,397
280,435
280,456
280,459
280,481
280,499
280,504
280,527
280,569
280,572
280,589
280,594
280,613
280,649
280,657
280,659
280,681
280,692
280,695
280,697
280,700
280,715
280,756
280,788
280,814
280,817
280,822
280,831
280,836
280,850
280,891
280,907
280,909
280,925
280,930
280,992
281,284
281,305
281,321
281,328
281,333
281,336
281,342
281,366
281,368
281,372
281,376
281,382
281,395
281,406
281,433
281,462
281,512
281,524
281,538
281,551
281,552
281,555
281,560
281,564
281,573
281,583
281,593
281,598
281,602
281,604
281,612
281,619
281,637
281,675
281,691
281,728
281,732
281,750
281,751
281,758
281,778
281,812
281,846
281,852
281,912
281,930
281,931
282,284
282,312
282,331
282,333
282,342
282,397
282,401
282,520
282,524
282,553
282,561
282,582
282,594
282,598
282,606
282,607
282,627
282,630
282,637
282,674
282,680
282,688
282,723
282,727
282,728
282,732
282,744
282,767
282,780
282,806
282,815
282,820
282,836
282,859
282,900
282,935
282,948
282,966
282,992
283,285
283,320
283,334
283,343
283,370
283,374
283,378
283,416
283,419
283,434
283,440
283,458
283,468
283,489
283,491
283,495
283,496
283,503
283,528
283,545
283,559
283,580
283,647
283,648
283,660
283,701
283,707
283,719
283,724
283,725
283,735
283,737
283,759
283,784
283,811
283,899
283,911
283,919
283,936
284,317
284,322
284,329
284,333
284,342
284,349
284,354
284,459
284,523
284,531
284,572
284,589
284,607
284,615
284,674
284,700
284,727
284,756
284,783
284,790
284,794
284,805
284,806
284,814
284,819
284,835
284,846
284,859
284,909
284,915
284,930
284,937
284,938
284,940
284,959
284,970
285,297
285,320
285,330
285,358
285,370
285,415
285,502
285,600
285,625
285,655
285,721
285,737
285,785
285,848
286,292
286,320
286,335
286,342
286,344
286,347
286,351
286,391
286,454
286,676
286,709
286,730
286,765
286,798
286,809
286,810
286,814
286,842
286,845
286,880
286,881
286,887
286,895
286,955
286,965
287,293
287,296
287,297
287,313
287,320
287,330
287,341
287,353
287,442
287,473
287,476
287,491
287,501
287,502
287,507
287,528
287,533
287,548
287,562
287,563
287,636
287,643
287,665
287,693
287,703
287,708
287,737
287,743
287,747
287,774
287,791
287,792
287,828
287,840
287,848
287,854
287,868
287,872
287,893
287,924
287,932
287,943
287,960
287,979
287,986
287,987
287,988
287,989
288,297
288,316
288,317
288,318
288,320
288,326
288,353
288,358
288,399
288,419
288,421
288,444
288,500
288,509
288,533
288,543
288,564
288,574
288,580
288,636
288,658
288,665
288,672
288,678
288,690
288,746
288,779
288,783
288,792
288,827
288,858
288,916
288,917
288,932
288,934
288,959
288,963
289,310
289,311
289,326
289,327
289,341
289,382
289,392
289,413
289,432
289,434
289,454
289,472
289,483
289,540
289,597
289,603
289,605
289,623
289,639
289,669
289,672
289,695
289,696
289,703
289,717
289,737
289,741
289,754
289,763
289,768
289,799
289,839
289,842
289,878
289,893
289,936
289,961
289,983
289,994
290,303
290,327
290,332
290,387
290,409
290,419
290,434
290,450
290,495
290,505
290,550
290,559
290,647
290,716
290,774
290,790
290,886
290,929
290,975
291,295
291,325
291,339
291,386
291,424
291,436
291,449
291,453
291,540
291,552
291,590
291,591
291,609
291,652
291,732
291,739
291,778
291,784
291,829
291,869
291,889
291,908
291,922
291,952
291,953
291,973
292,293
292,309
292,328
292,334
292,341
292,347
292,355
292,361
292,362
292,380
292,392
292,464
292,470
292,483
292,485
292,491
292,496
292,507
292,537
292,553
292,559
292,571
292,589
292,601
292,614
292,626
292,635
292,639
292,648
292,671
292,678
292,690
292,697
292,698
292,701
292,709
292,724
292,727
292,742
292,765
292,770
292,774
292,797
292,810
292,825
292,830
292,833
292,834
292,861
292,868
292,876
292,880
292,894
292,897
292,925
292,950
292,956
292,965
292,969
292,972
292,977
292,979
292,995
293,296
293,310
293,326
293,358
293,365
293,370
293,382
293,402
293,413
293,443
293,449
293,459
293,476
293,478
293,489
293,500
293,501
293,529
293,535
293,539
293,554
293,562
293,568
293,588
293,590
293,596
293,597
293,599
293,620
293,633
293,648
293,660
293,665
293,672
293,684
293,701
293,725
293,726
293,731
293,747
293,759
293,763
293,783
293,799
293,826
293,827
293,828
293,843
293,851
293,858
293,879
293,893
293,907
293,911
293,932
293,934
293,941
293,946
293,963
293,971
293,976
293,979
293,988
293,989
294,362
294,398
294,415
294,470
294,495
294,496
294,576
294,614
294,623
294,628
294,635
294,654
294,692
294,717
294,720
294,757
294,798
294,809
294,821
294,825
294,894
294,895
294,918
294,968
295,307
295,325
295,336
295,378
295,433
295,448
295,465
295,487
295,543
295,641
295,652
295,692
295,704
295,711
295,732
295,739
295,780
295,803
295,807
295,816
295,849
295,851
295,855
295,908
295,913
295,920
295,952
295,954
295,966
296,312
296,322
296,337
296,352
296,401
296,420
296,422
296,449
296,495
296,511
296,536
296,557
296,594
296,598
296,674
296,681
296,756
296,776
296,778
296,780
296,810
296,815
296,836
296,900
296,973
297,316
297,327
297,334
297,335
297,353
297,379
297,399
297,403
297,439
297,441
297,443
297,446
297,526
297,554
297,563
297,580
297,599
297,662
297,678
297,693
297,700
297,738
297,792
297,843
297,848
297,854
297,858
297,911
297,932
297,941
297,979
297,987
297,989
297,991
297,997
298,355
298,468
298,503
298,527
298,528
298,570
298,621
298,631
298,632
298,635
298,648
298,658
298,758
298,774
298,802
298,825
298,828
298,861
298,876
299,414
299,484
299,487
299,497
299,517
299,532
299,555
299,571
299,622
299,630
299,653
299,666
299,670
299,749
299,750
299,758
299,790
299,903
300,317
300,322
300,329
300,356
300,371
300,379
300,390
300,451
300,473
300,492
300,493
300,531
300,582
300,583
300,613
300,676
300,708
300,715
300,718
300,719
300,751
300,755
300,800
300,803
300,818
300,852
300,858
300,860
300,912
300,933
300,940
300,953
300,963
300,971
300,988
300,995
301,313
301,341
301,348
301,379
301,416
301,443
301,452
301,476
301,479
301,485
301,498
301,499
301,511
301,519
301,578
301,579
301,584
301,592
301,601
301,605
301,632
301,665
301,683
301,693
301,724
301,726
301,743
301,772
301,786
301,796
301,872
301,898
301,934
301,974
301,976
301,979
302,306
302,307
302,321
302,383
302,394
302,410
302,504
302,515
302,524
302,537
302,612
302,627
302,644
302,646
302,651
302,657
302,714
302,777
302,789
302,869
302,955
302,969
303,316
303,355
303,361
303,373
303,400
303,408
303,413
303,415
303,440
303,463
303,522
303,537
303,539
303,543
303,575
303,614
303,625
303,626
303,632
303,635
303,639
303,642
303,648
303,701
303,712
303,719
303,720
303,770
303,771
303,802
303,807
303,810
303,811
303,833
303,868
303,884
303,886
303,940
303,943
303,951
303,967
303,984
304,408
304,455
304,474
304,479
304,511
304,521
304,541
304,556
304,565
304,605
304,661
304,693
304,805
304,856
304,859
304,888
304,891
304,898
304,973
304,990
305,337
305,356
305,402
305,426
305,433
305,442
305,448
305,456
305,481
305,499
305,501
305,516
305,557
305,590
305,616
305,617
305,634
305,640
305,661
305,665
305,727
305,732
305,783
305,786
305,787
305,826
305,835
305,841
305,850
305,873
305,885
305,891
305,928
305,936
305,942
305,971
306,307
306,318
306,323
306,338
306,361
306,364
306,373
306,398
306,411
306,445
306,475
306,527
306,530
306,532
306,540
306,641
306,697
306,706
306,714
306,716
306,717
306,736
306,749
306,760
306,781
306,798
306,819
306,842
306,847
306,874
306,975
307,324
307,350
307,356
307,363
307,419
307,460
307,483
307,497
307,537
307,572
307,595
307,654
307,671
307,712
307,716
307,729
307,736
307,760
307,785
307,797
307,798
307,810
307,842
307,861
307,867
307,892
307,903
307,917
307,957
307,978
308,328
308,338
308,364
308,366
308,368
308,373
308,376
308,383
308,384
308,412
308,453
308,462
308,495
308,512
308,517
308,522
308,532
308,546
308,560
308,582
308,583
308,611
308,613
308,666
308,701
308,710
308,744
308,748
308,756
308,833
308,869
308,870
308,883
308,913
308,920
308,945
308,958
308,995
308,996
309,351
309,470
309,489
309,570
309,596
309,636
309,667
309,698
309,709
309,730
309,757
309,807
309,842
309,866
309,879
310,314
310,327
310,341
310,347
310,360
310,373
310,419
310,450
310,470
310,495
310,507
310,513
310,524
310,554
310,558
310,623
310,628
310,629
310,642
310,669
310,671
310,714
310,724
310,730
310,741
310,754
310,759
310,771
310,787
310,825
310,828
310,837
310,868
310,880
310,918
310,921
310,930
310,964
310,973
310,994
311,328
311,346
311,366
311,377
311,405
311,418
311,429
311,434
311,449
311,461
311,484
311,487
311,515
311,518
311,524
311,532
311,542
311,543
311,582
311,583
311,591
311,602
311,618
311,627
311,637
311,648
311,653
311,666
311,689
311,702
311,709
311,751
311,769
311,801
311,822
311,824
311,837
311,863
311,869
311,906
311,916
311,925
311,933
312,329
312,340
312,384
312,397
312,401
312,445
312,449
312,471
312,479
312,516
312,520
312,557
312,572
312,578
312,594
312,598
312,616
312,661
312,681
312,687
312,688
312,776
312,780
312,783
312,786
312,815
312,831
312,900
312,938
312,942
312,944
312,948
312,951
312,985
312,999
313,353
313,382
313,409
313,419
313,424
313,444
313,489
313,562
313,570
313,598
313,600
313,625
313,664
313,696
313,746
313,848
313,859
313,893
313,902
313,924
313,964
313,987
313,991
314,321
314,323
314,373
314,402
314,404
314,406
314,484
314,510
314,524
314,571
314,582
314,597
314,619
314,621
314,637
314,666
314,736
314,751
314,752
314,758
314,777
314,789
314,804
314,812
314,822
314,837
314,856
314,863
314,886
314,903
314,914
314,916
314,933
314,970
315,329
315,331
315,340
315,342
315,348
315,397
315,435
315,461
315,526
315,569
315,608
315,613
315,640
315,750
315,766
315,767
315,778
315,786
315,847
315,851
315,852
315,937
315,953
315,955
315,998
316,412
316,420
316,426
316,447
316,455
316,464
316,476
316,488
316,500
316,507
316,533
316,563
316,580
316,603
316,610
316,665
316,738
316,783
316,791
316,854
316,856
316,917
316,919
316,941
316,943
316,959
316,975
316,976
316,979
316,989
317,322
317,329
317,333
317,342
317,354
317,363
317,371
317,382
317,448
317,451
317,453
317,463
317,493
317,531
317,542
317,546
317,564
317,572
317,573
317,583
317,589
317,593
317,607
317,612
317,644
317,661
317,692
317,722
317,727
317,756
317,761
317,762
317,783
317,800
317,860
317,883
317,909
317,912
317,915
317,938
317,940
317,951
317,953
318,323
318,347
318,350
318,360
318,361
318,373
318,374
318,392
318,400
318,406
318,410
318,411
318,422
318,463
318,484
318,502
318,506
318,507
318,537
318,554
318,595
318,622
318,637
318,646
318,720
318,735
318,742
318,749
318,765
318,774
318,795
318,798
318,813
318,824
318,867
318,894
318,961
319,330
319,408
319,444
319,464
319,500
319,509
319,643
319,960
319,979
320,324
320,330
320,332
320,353
320,366
320,368
320,373
320,379
320,399
320,418
320,419
320,473
320,476
320,485
320,502
320,518
320,533
320,538
320,554
320,570
320,588
320,599
320,600
320,610
320,613
320,632
320,648
320,660
320,664
320,697
320,724
320,727
320,737
320,747
320,783
320,785
320,848
320,872
320,890
320,899
320,917
320,922
320,924
320,960
320,963
320,979
320,983
320,989
321,346
321,404
321,405
321,406
321,417
321,429
321,436
321,451
321,475
321,484
321,514
321,515
321,518
321,524
321,542
321,552
321,556
321,582
321,585
321,591
321,597
321,619
321,624
321,625
321,627
321,630
321,651
321,666
321,712
321,742
321,750
321,769
321,777
321,789
321,798
321,801
321,803
321,817
321,824
321,832
321,844
321,883
321,988
322,342
322,345
322,384
322,393
322,451
322,459
322,486
322,492
322,493
322,531
322,539
322,563
322,572
322,585
322,589
322,613
322,656
322,717
322,727
322,729
322,744
322,756
322,786
322,800
322,814
322,829
322,883
322,912
322,952
322,955
322,972
322,982
322,998
323,327
323,338
323,344
323,355
323,360
323,369
323,373
323,410
323,429
323,454
323,463
323,484
323,512
323,522
323,532
323,537
323,555
323,595
323,614
323,704
323,729
323,736
323,749
323,778
323,782
323,798
323,803
323,838
323,842
323,868
323,877
323,907
323,910
323,914
323,946
323,950
323,961
323,972
323,987
323,988
324,341
324,350
324,386
324,417
324,460
324,497
324,515
324,544
324,555
324,578
324,600
324,609
324,622
324,632
324,668
324,699
324,720
324,728
324,736
324,832
324,833
324,842
324,876
324,887
324,914
324,926
325,342
325,364
325,366
325,372
325,374
325,376
325,379
325,386
325,412
325,449
325,512
325,561
325,571
325,573
325,581
325,583
325,585
325,592
325,595
325,740
325,773
325,781
325,795
325,803
325,804
325,816
325,818
325,826
325,829
325,855
325,879
325,920
325,931
325,952
325,964
325,980
326,408
326,411
326,421
326,469
326,478
326,498
326,503
326,509
326,535
326,548
326,577
326,636
326,768
326,796
326,828
326,856
326,857
326,876
326,955
326,963
326,987
327,334
327,343
327,370
327,396
327,419
327,429
327,454
327,467
327,490
327,491
327,496
327,498
327,501
327,502
327,519
327,528
327,558
327,631
327,635
327,639
327,642
327,648
327,659
327,660
327,671
327,678
327,696
327,701
327,703
327,722
327,724
327,741
327,745
327,771
327,799
327,867
327,887
327,917
327,941
327,950
327,975
327,989
327,991
327,993
327,997
328,329
328,336
328,342
328,366
328,368
328,376
328,383
328,395
328,512
328,517
328,531
328,532
328,538
328,546
328,560
328,561
328,573
328,612
328,644
328,710
328,718
328,722
328,744
328,750
328,751
328,752
328,784
328,810
328,832
328,833
328,846
328,863
328,869
328,913
328,915
328,945
328,952
329,384
329,390
329,397
329,412
329,448
329,453
329,481
329,659
329,680
329,682
329,688
329,692
329,704
329,711
329,728
329,737
329,800
329,814
329,883
329,903
329,912
329,930
329,940
329,953
330,365
330,408
330,439
330,443
330,447
330,476
330,548
330,569
330,625
330,655
330,690
330,725
330,737
330,808
330,827
330,848
330,890
330,902
330,924
330,932
330,959
330,982
330,986
331,352
331,354
331,384
331,397
331,402
331,456
331,461
331,472
331,477
331,493
331,523
331,550
331,586
331,593
331,599
331,606
331,656
331,665
331,742
331,776
331,800
331,849
331,850
331,859
331,863
331,938
331,958
331,975
332,334
332,335
332,382
332,419
332,421
332,470
332,472
332,473
332,476
332,489
332,495
332,496
332,502
332,512
332,529
332,548
332,554
332,576
332,620
332,631
332,648
332,660
332,665
332,678
332,697
332,717
332,722
332,724
332,737
332,738
332,747
332,759
332,763
332,781
332,782
332,802
332,811
332,826
332,827
332,848
332,872
332,881
332,889
332,893
332,913
332,918
332,924
332,979
332,986
332,989
332,991
332,995
333,342
333,345
333,357
333,371
333,384
333,430
333,448
333,451
333,453
333,459
333,493
333,499
333,510
333,531
333,540
333,550
333,557
333,572
333,589
333,598
333,606
333,607
333,616
333,640
333,656
333,676
333,680
333,695
333,699
333,715
333,727
333,728
333,732
333,736
333,750
333,752
333,753
333,756
333,758
333,766
333,778
333,783
333,793
333,800
333,806
333,814
333,829
333,835
333,850
333,860
333,868
333,883
333,891
333,947
333,952
334,343
334,370
334,419
334,444
334,468
334,491
334,507
334,535
334,575
334,576
334,597
334,625
334,626
334,631
334,638
334,639
334,648
334,658
334,660
334,664
334,678
334,679
334,712
334,722
334,724
334,745
334,771
334,783
334,810
334,860
334,872
334,875
334,896
334,960
334,983
335,344
335,360
335,373
335,378
335,380
335,385
335,398
335,400
335,440
335,454
335,463
335,485
335,506
335,532
335,548
335,555
335,567
335,591
335,596
335,599
335,614
335,623
335,631
335,678
335,712
335,714
335,720
335,738
335,742
335,765
335,770
335,775
335,782
335,795
335,809
335,810
335,830
335,842
335,870
335,880
335,892
335,894
335,925
335,961
335,967
335,972
336,345
336,366
336,397
336,405
336,420
336,426
336,436
336,465
336,525
336,536
336,539
336,557
336,592
336,609
336,649
336,652
336,725
336,729
336,748
336,785
336,829
336,843
336,851
336,889
336,912
336,920
336,930
336,947
336,990
336,994
337,352
337,356
337,361
337,384
337,389
337,402
337,446
337,449
337,452
337,456
337,477
337,481
337,490
337,499
337,531
337,536
337,541
337,557
337,569
337,573
337,589
337,615
337,634
337,659
337,661
337,674
337,702
337,755
337,756
337,775
337,783
337,786
337,793
337,815
337,835
337,841
337,847
337,871
337,873
337,891
337,898
337,900
337,905
337,906
337,912
337,937
337,942
337,948
337,949
337,966
337,976
337,999
338,367
338,369
338,373
338,422
338,431
338,492
338,495
338,508
338,544
338,597
338,602
338,649
338,736
338,769
338,790
338,813
338,818
338,834
338,837
338,855
338,908
338,922
338,929
338,964
339,393
339,436
339,448
339,565
339,649
339,652
339,692
339,696
339,753
339,819
339,853
339,955
340,378
340,401
340,424
340,426
340,444
340,461
340,471
340,490
340,511
340,516
340,536
340,569
340,594
340,661
340,674
340,699
340,762
340,775
340,778
340,786
340,815
340,826
340,836
340,841
340,846
340,856
340,926
340,935
340,942
340,944
340,948
341,399
341,413
341,419
341,427
341,434
341,469
341,470
341,473
341,476
341,495
341,501
341,507
341,525
341,540
341,558
341,559
341,576
341,591
341,622
341,635
341,671
341,678
341,681
341,714
341,765
341,770
341,781
341,787
341,799
341,803
341,822
341,851
341,892
341,899
341,904
341,919
341,943
341,956
341,983
342,345
342,348
342,356
342,366
342,396
342,423
342,426
342,461
342,462
342,473
342,486
342,523
342,557
342,585
342,589
342,613
342,632
342,640
342,656
342,661
342,666
342,674
342,727
342,732
342,756
342,761
342,765
342,766
342,776
342,778
342,791
342,838
342,850
342,859
342,873
342,912
342,916
342,938
342,967
342,992
343,374
343,381
343,382
343,435
343,482
343,483
343,502
343,507
343,548
343,552
343,557
343,621
343,633
343,635
343,647
343,654
343,676
343,696
343,799
343,826
343,828
343,843
343,863
343,875
343,878
343,904
343,946
344,379
344,392
344,400
344,410
344,450
344,454
344,457
344,463
344,470
344,475
344,502
344,539
344,596
344,597
344,603
344,629
344,669
344,698
344,709
344,742
344,763
344,769
344,782
344,797
344,810
344,818
344,829
344,830
344,842
344,845
344,881
344,896
344,910
344,925
344,956
344,965
344,967
344,972
344,984
345,493
345,526
345,593
345,692
345,711
345,727
345,858
345,912
345,927
345,951
345,979
346,366
346,400
346,404
346,406
346,412
346,424
346,475
346,477
346,518
346,524
346,532
346,542
346,543
346,546
346,551
346,555
346,560
346,612
346,630
346,644
346,657
346,670
346,689
346,778
346,782
346,803
346,822
346,824
346,837
346,903
346,916
346,918
347,355
347,381
347,392
347,438
347,494
347,513
347,545
347,554
347,621
347,712
347,787
347,807
347,886
347,894
347,981
347,993
347,994
348,365
348,373
348,397
348,401
348,485
348,557
348,564
348,582
348,617
348,659
348,680
348,683
348,687
348,688
348,727
348,762
348,783
348,786
348,837
348,851
348,858
348,873
348,891
348,909
348,971
349,390
349,430
349,535
349,540
349,607
349,609
349,613
349,676
349,682
349,685
349,696
349,704
349,728
349,753
349,814
349,859
349,883
349,931
349,940
350,367
350,373
350,415
350,423
350,429
350,441
350,494
350,505
350,518
350,629
350,632
350,669
350,716
350,731
350,749
350,760
350,771
350,795
350,844
350,903
350,907
350,918
350,923
350,961
350,964
351,438
351,698
351,757
351,825
351,830
351,881
351,895
351,925
351,949
351,965
352,446
352,449
352,461
352,606
352,700
352,766
352,859
352,935
352,998
353,387
353,409
353,420
353,473
353,540
353,541
353,562
353,596
353,600
353,664
353,695
353,725
353,737
353,805
353,831
353,874
353,890
353,893
353,911
353,929
353,932
353,959
353,971
353,991
354,356
354,378
354,390
354,397
354,451
354,456
354,459
354,461
354,523
354,538
354,543
354,550
354,555
354,557
354,569
354,578
354,581
354,594
354,607
354,640
354,778
354,780
354,795
354,841
354,850
354,873
354,921
354,926
354,936
354,938
354,939
354,948
354,998
355,360
355,362
355,370
355,373
355,380
355,419
355,426
355,434
355,440
355,470
355,475
355,476
355,528
355,539
355,545
355,554
355,570
355,596
355,614
355,623
355,626
355,632
355,635
355,639
355,648
355,698
355,701
355,705
355,709
355,722
355,724
355,733
355,735
355,737
355,774
355,780
355,787
355,788
355,802
355,810
355,825
355,861
355,865
355,868
355,872
355,876
355,886
355,936
355,939
355,964
355,969
355,975
355,981
355,984
355,995
355,997
356,364
356,371
356,378
356,380
356,395
356,397
356,401
356,426
356,435
356,456
356,461
356,516
356,536
356,556
356,569
356,583
356,594
356,596
356,607
356,613
356,615
356,616
356,634
356,643
356,661
356,674
356,680
356,693
356,696
356,727
356,775
356,786
356,841
356,847
356,885
356,906
356,938
356,948
357,384
357,390
357,424
357,430
357,530
357,589
357,628
357,649
357,661
357,676
357,682
357,700
357,704
357,739
357,750
357,755
357,766
357,860
357,912
357,930
357,940
358,403
358,443
358,447
358,452
358,500
358,509
358,655
358,695
358,743
358,746
358,779
358,959
358,986
359,396
359,397
359,448
359,459
359,551
359,604
359,649
359,652
359,676
359,680
359,700
359,704
359,711
359,713
359,769
359,825
359,847
359,891
359,927
359,931
359,985
359,998
360,361
360,373
360,380
360,400
360,411
360,450
360,494
360,506
360,522
360,603
360,647
360,660
360,669
360,686
360,709
360,712
360,717
360,741
360,742
360,756
360,760
360,765
360,781
360,784
360,810
360,829
360,834
360,842
360,862
360,863
360,868
360,876
360,887
360,903
360,911
360,961
360,967
360,972
360,978
360,995
361,373
361,385
361,398
361,411
361,450
361,497
361,668
361,669
361,686
361,698
361,742
361,754
361,782
361,787
361,798
361,813
361,822
361,834
361,842
361,863
361,866
361,868
361,961
362,392
362,440
362,489
362,558
362,576
362,605
362,626
362,667
362,709
362,787
362,810
362,825
362,858
362,880
362,894
362,896
362,897
362,910
362,956
362,965
362,972
363,405
363,510
363,517
363,551
363,582
363,621
363,622
363,637
363,723
363,744
363,752
363,801
363,824
363,837
363,844
363,922
363,933
364,366
364,373
364,377
364,383
364,406
364,418
364,424
364,459
364,466
364,487
364,527
364,532
364,538
364,543
364,544
364,560
364,573
364,582
364,585
364,611
364,612
364,613
364,618
364,627
364,666
364,670
364,708
364,710
364,732
364,773
364,794
364,825
364,837
364,844
364,849
364,850
364,860
364,863
364,869
364,870
364,900
364,916
364,954
365,391
365,432
365,439
365,444
365,445
365,469
365,490
365,503
365,526
365,590
365,600
365,641
365,675
365,705
365,743
365,745
365,746
365,765
365,821
365,902
365,941
365,946
365,963
366,368
366,376
366,377
366,383
366,406
366,413
366,453
366,462
366,512
366,513
366,517
366,538
366,546
366,547
366,552
366,560
366,561
366,571
366,597
366,612
366,613
366,619
366,670
366,674
366,689
366,692
366,718
366,742
366,751
366,758
366,769
366,803
366,818
366,853
366,863
366,869
366,903
366,909
366,913
366,953
367,385
367,394
367,410
367,414
367,429
367,484
367,497
367,522
367,671
367,686
367,730
367,797
367,798
367,814
367,862
367,869
367,968
368,369
368,376
368,377
368,383
368,402
368,460
368,512
368,517
368,546
368,560
368,573
368,576
368,583
368,585
368,612
368,622
368,627
368,639
368,665
368,687
368,710
368,739
368,769
368,777
368,778
368,829
368,846
368,870
368,907
368,912
368,913
368,915
368,945
368,955
368,972
368,988
368,996
369,405
369,406
369,427
369,434
369,448
369,460
369,474
369,477
369,484
369,506
369,522
369,544
369,608
369,611
369,703
369,715
369,732
369,769
369,824
369,858
369,916
369,999
370,374
370,382
370,419
370,424
370,447
370,476
370,489
370,491
370,525
370,529
370,578
370,648
370,660
370,745
370,821
370,868
370,876
370,889
370,899
370,941
370,943
370,976
370,994
371,372
371,373
371,385
371,390
371,405
371,486
371,532
371,543
371,554
371,560
371,567
371,580
371,583
371,599
371,659
371,676
371,751
371,778
371,832
371,841
371,846
371,847
371,885
371,952
371,953
371,988
371,996
372,378
372,390
372,448
372,453
372,520
372,531
372,564
372,567
372,583
372,604
372,666
372,669
372,682
372,692
372,699
372,704
372,729
372,753
372,755
372,767
372,773
372,784
372,829
372,855
372,860
372,864
372,883
372,912
372,915
372,952
372,955
372,970
373,392
373,413
373,419
373,420
373,431
373,440
373,450
373,457
373,473
373,475
373,483
373,502
373,506
373,522
373,542
373,591
373,602
373,610
373,614
373,629
373,669
373,712
373,742
373,765
373,782
373,787
373,795
373,810
373,834
373,845
373,865
373,866
373,872
373,881
373,896
373,961
373,980
374,382
374,396
374,413
374,434
374,469
374,480
374,497
374,531
374,577
374,647
374,660
374,672
374,696
374,703
374,724
374,737
374,743
374,757
374,759
374,796
374,846
374,875
374,879
374,881
374,890
374,975
375,394
375,422
375,448
375,462
375,517
375,524
375,562
375,573
375,619
375,651
375,670
375,690
375,718
375,748
375,790
375,863
375,903
375,922
375,928
375,947
375,958
375,974
376,383
376,397
376,433
376,458
376,459
376,462
376,481
376,484
376,487
376,512
376,517
376,538
376,560
376,571
376,587
376,602
376,637
376,644
376,649
376,659
376,666
376,667
376,710
376,718
376,744
376,810
376,846
376,870
376,901
376,936
376,952
376,958
377,383
377,532
377,566
377,575
377,582
377,612
377,627
377,630
377,670
377,689
377,708
377,723
377,812
377,832
377,852
377,860
377,870
377,903
377,922
377,941
377,945
377,948
378,387
378,416
378,426
378,437
378,451
378,453
378,455
378,464
378,479
378,480
378,527
378,562
378,564
378,581
378,583
378,586
378,601
378,659
378,673
378,688
378,696
378,702
378,706
378,737
378,762
378,780
378,788
378,793
378,800
378,836
378,841
378,857
378,864
378,873
378,885
378,888
378,900
378,920
378,928
378,939
378,966
378,982
378,996
379,382
379,408
379,423
379,442
379,444
379,452
379,473
379,478
379,479
379,485
379,503
379,548
379,556
379,563
379,567
379,569
379,601
379,638
379,643
379,665
379,669
379,733
379,738
379,763
379,792
379,805
379,827
379,848
379,854
379,860
379,885
379,889
379,890
379,898
379,917
379,943
379,955
379,974
379,976
379,979
379,984
379,989
380,400
380,404
380,405
380,415
380,419
380,420
380,429
380,475
380,522
380,524
380,627
380,647
380,651
380,668
380,709
380,752
380,782
380,798
380,825
380,842
380,863
380,865
380,887
380,907
380,914
380,931
380,967
381,476
381,488
381,513
381,528
381,537
381,658
381,749
381,856
381,872
381,876
381,969
382,397
382,425
382,434
382,438
382,470
382,476
382,499
382,501
382,529
382,532
382,533
382,535
382,548
382,564
382,565
382,648
382,651
382,664
382,678
382,705
382,709
382,719
382,726
382,735
382,746
382,747
382,759
382,774
382,785
382,799
382,802
382,810
382,816
382,828
382,848
382,849
382,856
382,874
382,876
382,893
382,899
382,919
382,932
382,938
382,941
382,963
382,974
382,975
382,983
382,996
383,405
383,412
383,418
383,436
383,453
383,465
383,467
383,477
383,514
383,515
383,517
383,538
383,546
383,612
383,621
383,644
383,710
383,750
383,770
383,790
383,801
383,878
383,901
383,909
383,957
384,390
384,408
384,430
384,481
384,486
384,493
384,506
384,531
384,572
384,589
384,597
384,606
384,613
384,641
384,649
384,656
384,701
384,704
384,711
384,727
384,728
384,800
384,836
384,860
384,912
384,930
384,940
384,996
385,394
385,398
385,463
385,497
385,596
385,684
385,714
385,734
385,741
385,750
385,782
385,797
385,819
385,825
385,842
385,862
385,866
385,894
385,907
385,910
385,954
385,955
385,958
385,965
385,992
386,398
386,406
386,444
386,457
386,484
386,518
386,522
386,527
386,532
386,538
386,542
386,544
386,557
386,627
386,657
386,660
386,731
386,742
386,781
386,803
386,804
386,809
386,818
386,819
386,822
386,835
386,842
386,874
386,914
386,923
386,980
386,995
387,420
387,423
387,434
387,448
387,565
387,579
387,658
387,665
387,673
387,679
387,694
387,767
387,783
387,815
387,882
387,973
387,977
387,990
387,999
388,458
388,583
388,592
388,677
388,695
388,708
388,711
388,732
388,767
388,853
388,904
388,908
388,916
388,970
388,991
388,996
389,401
389,456
389,494
389,499
389,519
389,541
389,553
389,601
389,673
389,718
389,763
389,806
389,814
389,831
389,836
389,841
389,847
389,873
389,928
389,937
389,947
390,430
390,433
390,448
390,451
390,459
390,477
390,493
390,552
390,603
390,641
390,656
390,682
390,710
390,715
390,750
390,756
390,766
390,795
390,800
390,806
390,851
390,883
390,912
390,930
390,942
390,948
390,953
391,406
391,416
391,421
391,459
391,469
391,470
391,472
391,501
391,525
391,540
391,541
391,548
391,554
391,562
391,564
391,590
391,616
391,620
391,626
391,642
391,658
391,691
391,719
391,724
391,768
391,771
391,780
391,787
391,795
391,799
391,826
391,848
391,864
391,899
391,924
391,963
391,966
391,971
391,975
391,980
392,400
392,440
392,441
392,454
392,482
392,485
392,525
392,528
392,543
392,553
392,576
392,614
392,621
392,626
392,632
392,678
392,698
392,701
392,774
392,805
392,810
392,823
392,825
392,830
392,838
392,880
392,894
392,897
392,951
392,956
392,965
392,967
392,972
392,977
392,995
393,416
393,426
393,437
393,552
393,557
393,615
393,622
393,641
393,650
393,661
393,681
393,691
393,693
393,700
393,707
393,735
393,746
393,788
393,799
393,817
393,826
393,836
393,841
393,851
393,860
393,879
393,882
393,886
393,909
393,939
393,955
393,984
393,991
394,398
394,420
394,463
394,476
394,686
394,714
394,797
394,822
394,842
394,881
394,910
394,972
395,430
395,448
395,451
395,700
395,753
395,754
395,755
395,766
395,810
395,883
395,931
395,947
395,998
396,416
396,459
396,481
396,557
396,572
396,652
396,680
396,710
396,788
396,841
396,930
396,939
396,946
396,947
396,955
396,992
396,998
397,422
397,426
397,437
397,461
397,476
397,520
397,531
397,536
397,569
397,586
397,607
397,613
397,640
397,674
397,681
397,726
397,756
397,758
397,759
397,761
397,778
397,786
397,800
397,806
397,815
397,850
397,859
397,873
397,877
397,912
397,930
397,935
397,938
397,948
397,953
397,985
397,988
397,992
398,463
398,475
398,518
398,614
398,622
398,628
398,649
398,667
398,712
398,714
398,729
398,741
398,742
398,765
398,782
398,796
398,797
398,798
398,830
398,845
398,866
398,868
398,881
398,884
398,887
398,894
398,910
398,912
398,922
398,952
398,967
398,968
398,972
398,980
398,993
399,403
399,409
399,432
399,464
399,482
399,502
399,509
399,526
399,535
399,538
399,554
399,562
399,577
399,588
399,701
399,724
399,742
399,848
399,902
399,911
399,920
399,924
399,959
399,960
399,962
399,979
399,997
400,415
400,426
400,432
400,450
400,500
400,558
400,576
400,597
400,614
400,632
400,635
400,639
400,668
400,672
400,698
400,717
400,731
400,742
400,774
400,781
400,782
400,787
400,795
400,809
400,810
400,825
400,887
400,894
400,896
400,897
400,943
400,956
400,965
400,967
400,975
400,984
400,995
401,479
401,490
401,536
401,546
401,594
401,598
401,617
401,674
401,678
401,688
401,756
401,765
401,776
401,778
401,780
401,782
401,783
401,786
401,799
401,815
401,847
401,885
401,900
401,938
401,942
401,948
401,966
401,985
401,999
402,420
402,426
402,433
402,437
402,449
402,455
402,474
402,480
402,485
402,512
402,516
402,553
402,554
402,569
402,581
402,613
402,615
402,616
402,673
402,690
402,700
402,727
402,747
402,763
402,783
402,803
402,817
402,841
402,851
402,872
402,891
402,898
402,900
402,909
402,921
402,942
402,948
402,963
402,967
402,976
402,998
403,408
403,409
403,432
403,444
403,447
403,467
403,473
403,500
403,509
403,565
403,747
403,779
403,791
403,821
403,899
403,911
403,960
403,962
403,969
403,979
403,986
403,989
403,991
403,997
404,422
404,429
404,464
404,484
404,487
404,510
404,514
404,538
404,542
404,543
404,571
404,575
404,597
404,622
404,626
404,637
404,708
404,709
404,740
404,742
404,748
404,752
404,758
404,765
404,790
404,801
404,802
404,822
404,837
404,869
404,903
404,975
405,419
405,421
405,433
405,484
405,485
405,508
405,512
405,514
405,515
405,518
405,522
405,542
405,551
405,582
405,583
405,591
405,593
405,627
405,630
405,637
405,668
405,678
405,686
405,710
405,716
405,731
405,734
405,752
405,754
405,769
405,777
405,789
405,837
405,844
405,850
405,868
405,895
405,925
405,931
405,964
405,981
406,414
406,418
406,461
406,477
406,504
406,507
406,522
406,525
406,532
406,542
406,543
406,573
406,591
406,596
406,597
406,622
406,628
406,630
406,645
406,657
406,687
406,689
406,699
406,719
406,729
406,731
406,734
406,758
406,769
406,803
406,804
406,815
406,822
406,833
406,837
406,842
406,881
406,883
406,920
406,957
406,978
406,983
406,988
407,444
407,498
407,535
407,554
407,598
407,624
407,678
407,707
407,768
407,821
407,856
407,953
407,962
408,416
408,444
408,452
408,464
408,467
408,563
408,568
408,643
408,690
408,728
408,738
408,747
408,787
408,808
408,986
409,417
409,443
409,464
409,526
409,697
409,725
409,772
409,783
409,791
409,802
409,806
409,854
409,890
409,911
409,932
409,962
409,986
410,457
410,484
410,509
410,595
410,597
410,601
410,689
410,706
410,749
410,782
410,783
410,819
410,853
410,907
411,484
411,485
411,497
411,506
411,511
411,537
411,558
411,591
411,614
411,630
411,643
411,652
411,664
411,669
411,709
411,737
411,742
411,760
411,765
411,782
411,795
411,798
411,809
411,842
411,866
411,892
411,894
411,896
411,922
411,923
411,961
411,971
411,982
411,983
412,422
412,460
412,465
412,510
412,522
412,527
412,534
412,561
412,589
412,612
412,622
412,644
412,678
412,699
412,710
412,713
412,740
412,748
412,758
412,822
412,837
412,846
412,852
412,862
412,863
412,869
412,870
412,903
412,964
413,419
413,434
413,439
413,447
413,524
413,525
413,530
413,540
413,603
413,647
413,660
413,678
413,695
413,722
413,731
413,747
413,787
413,841
413,868
413,875
413,878
413,921
413,936
413,965
413,975
413,982
413,983
414,477
414,508
414,522
414,555
414,618
414,619
414,753
414,803
414,829
414,833
414,839
414,870
414,929
415,450
415,470
415,494
415,549
415,591
415,596
415,614
415,623
415,626
415,635
415,668
415,695
415,708
415,765
415,773
415,779
415,782
415,810
415,819
415,825
415,828
415,830
415,845
415,894
415,896
415,956
415,967
415,984
416,420
416,426
416,449
416,459
416,466
416,476
416,488
416,492
416,501
416,511
416,519
416,550
416,556
416,564
416,570
416,580
416,613
416,673
416,679
416,725
416,743
416,761
416,767
416,768
416,785
416,786
416,796
416,808
416,826
416,848
416,867
416,882
416,898
416,911
416,920
416,934
416,936
416,938
416,943
416,946
416,974
416,978
416,979
417,443
417,477
417,497
417,623
417,624
417,628
417,663
417,672
417,684
417,787
417,803
417,874
417,950
418,484
418,525
418,544
418,560
418,573
418,618
418,708
418,719
418,815
418,853
418,863
418,870
418,908
418,916
419,450
419,458
419,473
419,474
419,489
419,502
419,512
419,524
419,529
419,538
419,548
419,603
419,625
419,647
419,648
419,660
419,678
419,679
419,717
419,725
419,727
419,735
419,737
419,745
419,814
419,826
419,875
419,879
419,919
419,925
419,932
419,934
419,935
419,936
419,960
419,971
419,975
419,983
419,986
420,423
420,439
420,447
420,449
420,452
420,466
420,479
420,481
420,485
420,488
420,503
420,507
420,511
420,519
420,541
420,563
420,565
420,578
420,590
420,616
420,636
420,645
420,658
420,659
420,665
420,673
420,679
420,687
420,691
420,693
420,694
420,727
420,749
420,792
420,796
420,805
420,816
420,826
420,830
420,852
420,872
420,885
420,888
420,898
420,909
420,917
420,934
420,936
420,944
420,971
420,986
420,989
420,990
421,427
421,527
421,585
421,588
421,590
421,622
421,634
421,654
421,658
421,671
421,672
421,691
421,719
421,741
421,768
421,771
421,826
421,851
421,858
421,860
421,921
421,960
421,963
421,971
422,453
422,487
422,510
422,517
422,543
422,546
422,558
422,561
422,612
422,637
422,644
422,651
422,657
422,666
422,697
422,718
422,739
422,740
422,748
422,790
422,801
422,811
422,822
422,837
422,844
422,863
422,870
422,903
422,906
422,915
422,917
422,958
423,449
423,455
423,471
423,474
423,607
423,617
423,620
423,683
423,739
423,767
423,768
423,793
423,817
423,823
423,856
423,867
423,888
423,891
423,918
423,944
423,947
423,955
423,962
423,963
423,982
423,983
424,426
424,433
424,460
424,463
424,473
424,484
424,510
424,512
424,539
424,540
424,553
424,555
424,585
424,592
424,603
424,620
424,622
424,627
424,628
424,635
424,645
424,651
424,653
424,658
424,659
424,686
424,689
424,695
424,729
424,740
424,741
424,749
424,769
424,778
424,805
424,810
424,819
424,829
424,841
424,846
424,870
424,904
424,916
424,940
424,942
424,952
424,955
424,974
425,460
425,525
425,534
425,537
425,696
425,707
425,741
425,809
425,904
426,437
426,456
426,465
426,480
426,481
426,499
426,531
426,536
426,557
426,567
426,569
426,581
426,603
426,607
426,613
426,615
426,617
426,679
426,697
426,726
426,729
426,731
426,733
426,788
426,792
426,811
426,829
426,834
426,836
426,841
426,852
426,857
426,873
426,885
426,889
426,905
426,909
426,930
426,931
426,940
426,947
426,948
426,955
426,998
426,999
427,428
427,434
427,452
427,482
427,488
427,493
427,495
427,540
427,567
427,596
427,649
427,673
427,681
427,722
427,741
427,769
427,877
427,878
427,892
427,950
427,960
428,441
428,458
428,492
428,558
428,565
428,717
428,741
428,838
428,950
428,994
429,457
429,459
429,484
429,487
429,510
429,522
429,534
429,585
429,591
429,619
429,623
429,624
429,627
429,648
429,654
429,668
429,706
429,712
429,717
429,749
429,811
429,842
429,869
429,874
429,896
429,907
429,914
429,964
429,980
429,988
430,459
430,495
430,497
430,581
430,613
430,656
430,676
430,704
430,708
430,711
430,759
430,800
430,851
430,912
430,976
431,482
431,493
431,494
431,497
431,505
431,657
431,695
431,712
431,720
431,729
431,741
431,764
431,795
431,877
431,984
432,447
432,464
432,468
432,476
432,509
432,521
432,529
432,588
432,600
432,614
432,625
432,638
432,655
432,683
432,705
432,791
432,827
432,853
432,911
432,917
432,947
432,960
432,962
432,979
432,986
432,991
433,448
433,453
433,465
433,477
433,481
433,517
433,552
433,573
433,583
433,589
433,593
433,619
433,644
433,659
433,682
433,740
433,750
433,773
433,784
433,789
433,806
433,818
433,822
433,832
433,846
433,852
433,858
433,870
433,898
433,935
433,952
433,996
434,465
434,474
434,482
434,495
434,528
434,540
434,558
434,563
434,588
434,590
434,609
434,623
434,633
434,696
434,717
434,747
434,773
434,858
434,868
434,878
434,971
434,975
434,987
435,437
435,643
435,702
435,772
435,786
435,793
435,841
435,871
435,942
436,459
436,468
436,494
436,601
436,641
436,649
436,707
436,712
436,768
436,839
436,851
436,908
436,944
436,992
436,993
437,449
437,452
437,456
437,473
437,480
437,481
437,482
437,503
437,525
437,541
437,553
437,581
437,583
437,586
437,598
437,615
437,631
437,659
437,672
437,680
437,747
437,775
437,786
437,788
437,811
437,835
437,841
437,852
437,904
437,909
437,928
437,939
437,944
437,947
437,948
437,956
437,978
437,982
438,503
438,539
438,635
438,667
438,701
438,705
438,764
438,810
438,861
438,876
438,886
438,965
438,984
439,442
439,455
439,476
439,478
439,489
439,498
439,507
439,520
439,601
439,621
439,665
439,708
439,720
439,726
439,772
439,798
439,799
439,817
439,885
439,891
439,928
439,944
439,960
439,987
440,449
440,468
440,470
440,539
440,563
440,576
440,621
440,628
440,632
440,635
440,648
440,701
440,735
440,774
440,824
440,825
440,838
440,861
440,868
440,886
440,896
440,908
440,963
440,974
441,445
441,483
441,497
441,507
441,570
441,573
441,614
441,765
441,767
441,785
441,804
441,823
441,862
441,868
441,920
442,447
442,450
442,476
442,485
442,501
442,548
442,553
442,575
442,611
442,679
442,694
442,721
442,726
442,743
442,759
442,767
442,772
442,787
442,831
442,854
442,918
442,934
442,960
442,974
443,482
443,503
443,506
443,548
443,580
443,683
443,738
443,759
443,799
443,848
443,971
443,979
444,466
444,478
444,519
444,520
444,526
444,541
444,563
444,567
444,574
444,580
444,583
444,584
444,599
444,615
444,643
444,688
444,691
444,738
444,743
444,746
444,772
444,777
444,792
444,811
444,886
444,917
444,936
444,943
444,979
444,989
445,459
445,477
445,506
445,508
445,552
445,604
445,609
445,630
445,641
445,682
445,704
445,832
445,855
445,913
445,920
445,927
445,970
445,996
446,456
446,461
446,516
446,523
446,550
446,569
446,594
446,598
446,659
446,695
446,746
446,786
446,859
446,903
446,930
446,942
446,948
446,985
447,473
447,480
447,483
447,543
447,553
447,554
447,563
447,567
447,578
447,636
447,690
447,827
447,848
447,884
447,911
447,917
447,924
447,979
447,986
447,987
448,453
448,490
448,492
448,615
448,652
448,663
448,682
448,685
448,692
448,700
448,704
448,711
448,732
448,754
448,773
448,852
448,917
448,927
448,930
448,951
448,952
448,958
449,473
449,474
449,480
449,485
449,498
449,510
449,522
449,526
449,541
449,578
449,581
449,583
449,590
449,594
449,601
449,614
449,616
449,628
449,644
449,659
449,661
449,687
449,702
449,747
449,763
449,786
449,793
449,815
449,817
449,826
449,835
449,849
449,851
449,858
449,871
449,909
449,937
449,939
449,964
449,965
449,985
449,990
450,454
450,470
450,513
450,570
450,576
450,614
450,621
450,626
450,668
450,669
450,709
450,714
450,720
450,742
450,765
450,770
450,793
450,807
450,809
450,825
450,830
450,863
450,894
450,907
450,956
450,965
450,972
451,493
451,499
451,531
451,613
451,615
451,666
451,704
451,773
451,800
451,806
451,831
451,889
451,927
451,938
451,953
452,479
452,485
452,548
452,563
452,565
452,569
452,574
452,578
452,601
452,610
452,643
452,665
452,696
452,733
452,768
452,787
452,792
452,805
452,808
452,827
452,893
452,904
452,924
452,943
452,949
452,976
452,979
452,982
452,987
452,989
452,990
453,465
453,478
453,480
453,481
453,506
453,523
453,527
453,573
453,583
453,593
453,604
453,606
453,619
453,630
453,675
453,692
453,751
453,755
453,773
453,790
453,811
453,832
453,844
453,889
453,951
453,953
453,998
454,538
454,555
454,576
454,591
454,698
454,701
454,709
454,714
454,730
454,743
454,774
454,780
454,782
454,797
454,810
454,830
454,845
454,881
454,895
454,910
454,965
454,967
454,972
455,462
455,489
455,561
455,574
455,578
455,585
455,587
455,613
455,615
455,616
455,662
455,694
455,732
455,783
455,792
455,805
455,849
455,850
455,879
455,898
455,942
455,973
456,465
456,481
456,519
456,523
456,531
456,557
456,569
456,572
456,613
456,618
456,619
456,630
456,640
456,688
456,702
456,766
456,775
456,786
456,793
456,800
456,836
456,850
456,873
456,935
456,939
456,942
456,985
456,990
457,499
457,524
457,591
457,595
457,602
457,711
457,712
457,731
457,749
457,818
457,838
457,851
457,874
457,921
457,981
457,983
458,485
458,489
458,537
458,548
458,633
458,647
459,461
459,465
459,481
459,492
459,523
459,527
459,538
459,555
459,563
459,609
459,613
459,651
459,676
459,700
459,704
459,710
459,743
459,745
459,753
459,756
459,844
459,883
459,907
459,909
459,912
459,930
459,931
459,952
459,970
459,998
460,483
460,525
460,537
460,544
460,552
460,618
460,637
460,653
460,658
460,692
460,742
460,769
460,781
460,803
460,818
460,822
460,839
460,929
460,936
460,964
461,497
461,510
461,516
461,520
461,523
461,536
461,569
461,572
461,586
461,597
461,606
461,680
461,688
461,775
461,776
461,780
461,786
461,835
461,850
461,937
461,938
461,942
461,955
462,504
462,517
462,532
462,649
462,666
462,710
462,752
462,758
462,794
462,822
462,829
462,914
462,954
462,958
462,994
463,475
463,518
463,522
463,539
463,595
463,597
463,607
463,648
463,708
463,712
463,714
463,742
463,749
463,765
463,795
463,797
463,803
463,811
463,819
463,830
463,842
463,866
463,876
463,882
463,887
463,907
463,910
463,925
463,967
463,968
463,977
463,984
464,610
464,664
464,746
464,791
464,876
464,902
464,911
464,925
464,960
464,962
464,986
464,991
465,512
465,534
465,546
465,552
465,583
465,585
465,618
465,634
465,644
465,676
465,677
465,685
465,692
465,704
465,715
465,832
465,836
465,855
465,951
465,980
466,480
466,485
466,501
466,503
466,517
466,519
466,574
466,576
466,584
466,658
466,683
466,693
466,767
466,805
466,900
466,973
467,513
467,544
467,555
467,583
467,608
467,618
467,622
467,627
467,696
467,736
467,811
467,853
467,865
467,913
467,916
467,981
467,988
468,473
468,495
468,502
468,507
468,543
468,575
468,605
468,623
468,631
468,697
468,701
468,712
468,745
468,830
468,872
468,876
469,559
469,584
469,649
469,669
469,707
469,991
470,485
470,498
470,506
470,513
470,541
470,543
470,576
470,603
470,614
470,621
470,623
470,627
470,628
470,638
470,669
470,673
470,706
470,716
470,765
470,785
470,792
470,809
470,834
470,836
470,845
470,868
470,892
470,894
470,918
470,925
470,933
470,956
470,961
470,967
470,968
470,995
471,485
471,517
471,548
471,557
471,569
471,590
471,633
471,634
471,640
471,659
471,661
471,681
471,688
471,775
471,815
471,817
471,858
471,935
471,942
471,948
471,960
472,496
472,497
472,507
472,522
472,543
472,652
472,677
472,695
472,700
472,707
472,727
472,733
472,740
472,752
472,773
472,806
472,811
472,823
472,849
472,857
472,864
472,889
472,896
472,963
473,489
473,497
473,502
473,563
473,575
473,588
473,625
473,629
473,648
473,697
473,722
473,724
473,725
473,737
473,756
473,774
473,791
473,805
473,821
473,822
473,829
473,872
473,899
473,959
473,960
473,962
473,991
474,485
474,519
474,541
474,574
474,578
474,590
474,597
474,600
474,616
474,617
474,643
474,658
474,725
474,770
474,832
474,843
474,857
474,867
474,918
474,926
474,948
474,955
474,975
475,477
475,527
475,532
475,537
475,595
475,602
475,660
475,668
475,669
475,712
475,714
475,716
475,730
475,731
475,736
475,798
475,810
475,838
475,842
475,845
475,866
475,887
475,953
475,967
475,969
476,479
476,485
476,489
476,501
476,502
476,503
476,515
476,526
476,534
476,535
476,548
476,557
476,562
476,564
476,599
476,600
476,601
476,615
476,649
476,659
476,672
476,677
476,687
476,694
476,697
476,725
476,733
476,737
476,738
476,741
476,747
476,759
476,768
476,786
476,807
476,848
476,893
476,924
476,925
476,932
476,936
476,943
476,952
476,963
476,974
476,979
476,986
476,989
476,999
477,481
477,510
477,515
477,518
477,561
477,618
477,622
477,624
477,630
477,637
477,650
477,670
477,676
477,703
477,712
477,729
477,731
477,804
477,837
477,845
477,853
477,862
477,875
477,893
477,916
477,926
477,928
477,933
477,955
477,957
477,981
478,479
478,498
478,599
478,672
478,679
478,690
478,694
478,726
478,743
478,767
478,826
478,828
478,858
478,882
478,946
479,485
479,488
479,491
479,511
479,541
479,556
479,564
479,574
479,578
479,579
479,584
479,601
479,605
479,617
479,635
479,662
479,664
479,665
479,673
479,679
479,691
479,697
479,708
479,710
479,725
479,733
479,737
479,738
479,759
479,792
479,805
479,843
479,857
479,878
479,881
479,882
479,885
479,893
479,934
479,943
479,948
479,971
479,974
479,976
479,979
479,982
479,987
479,989
480,550
480,581
480,643
480,659
480,694
480,702
480,708
480,719
480,733
480,793
480,806
480,817
480,822
480,836
480,841
480,847
480,864
480,867
480,873
480,891
480,920
480,930
480,939
480,963
480,982
480,998
481,512
481,516
481,523
481,525
481,572
481,613
481,615
481,640
481,644
481,651
481,656
481,659
481,664
481,675
481,719
481,753
481,769
481,795
481,800
481,811
481,820
481,841
481,846
481,873
481,912
481,928
481,930
481,931
481,937
481,942
481,948
481,952
481,955
481,963
481,986
481,998
482,487
482,492
482,529
482,558
482,564
482,568
482,588
482,592
482,600
482,615
482,620
482,663
482,707
482,719
482,746
482,877
482,880
482,888
482,936
482,974
482,994
483,491
483,494
483,497
483,505
483,506
483,539
483,610
483,623
483,624
483,639
483,669
483,747
483,754
483,781
483,802
483,834
483,862
483,875
483,877
483,880
483,892
483,923
483,929
483,975
484,487
484,497
484,515
484,537
484,542
484,544
484,545
484,591
484,597
484,611
484,630
484,657
484,727
484,736
484,749
484,752
484,769
484,777
484,789
484,819
484,844
484,863
484,865
484,874
484,914
484,983
485,488
485,511
485,525
485,533
485,554
485,563
485,565
485,578
485,579
485,580
485,588
485,599
485,601
485,638
485,658
485,665
485,673
485,679
485,693
485,701
485,713
485,726
485,729
485,738
485,743
485,763
485,792
485,805
485,826
485,841
485,882
485,909
485,932
485,934
485,937
485,974
485,976
485,979
485,987
485,988
486,493
486,606
486,640
486,649
486,685
486,931
487,510
487,512
487,517
487,543
487,551
487,582
487,591
487,612
487,622
487,637
487,666
487,670
487,689
487,723
487,752
487,798
487,801
487,812
487,818
487,824
487,837
487,863
487,869
487,870
487,874
487,903
487,920
487,936
487,952
487,958
488,511
488,519
488,538
488,563
488,578
488,605
488,616
488,665
488,672
488,673
488,677
488,691
488,875
488,934
488,948
488,982
488,983
488,987
488,990
489,507
489,529
489,543
489,548
489,599
489,625
489,631
489,638
489,643
489,648
489,657
489,659
489,672
489,678
489,679
489,705
489,721
489,724
489,727
489,735
489,745
489,747
489,759
489,773
489,782
489,791
489,799
489,822
489,858
489,894
489,986
490,557
490,569
490,594
490,615
490,651
490,674
490,675
490,681
490,688
490,775
490,793
490,815
490,820
490,836
490,873
490,944
490,948
491,502
491,511
491,528
491,545
491,575
491,625
491,632
491,660
491,701
491,735
491,740
491,754
491,756
491,774
491,802
491,843
491,876
491,896
491,989
492,515
492,547
492,553
492,597
492,598
492,603
492,616
492,657
492,700
492,707
492,719
492,737
492,741
492,768
492,783
492,811
492,838
492,839
492,879
492,904
492,908
492,963
492,971
492,972
493,531
493,606
493,645
493,711
493,755
493,786
493,800
493,889
493,927
493,940
493,953
494,507
494,513
494,529
494,537
494,610
494,623
494,627
494,669
494,671
494,720
494,742
494,784
494,862
494,868
494,870
494,884
494,907
494,984
495,498
495,507
495,549
495,558
495,565
495,568
495,597
495,603
495,610
495,622
495,642
495,647
495,654
495,657
495,668
495,671
495,701
495,754
495,767
495,774
495,787
495,795
495,810
495,821
495,823
495,866
495,868
495,872
495,876
495,895
495,947
495,957
495,975
495,983
495,987
495,993
495,995
496,497
496,505
496,513
496,623
496,714
496,735
496,754
496,763
496,787
496,825
496,940
497,506
497,534
497,537
497,555
497,566
497,586
497,590
497,669
497,684
497,698
497,707
497,708
497,754
497,798
497,807
497,834
497,877
497,892
497,914
497,947
497,991
497,994
498,503
498,505
498,510
498,526
498,535
498,548
498,636
498,662
498,673
498,691
498,719
498,726
498,753
498,792
498,796
498,805
498,808
498,941
498,973
499,564
499,602
499,607
499,613
499,615
499,617
499,643
499,658
499,659
499,662
499,664
499,683
499,737
499,741
499,757
499,777
499,786
499,835
499,836
499,841
499,846
499,872
499,873
499,883
499,931
499,935
499,937
499,970
499,999
500,533
500,554
500,569
500,580
500,682
500,690
500,720
500,939
500,959
500,962
500,974
500,987
500,989
501,554
501,562
501,564
501,574
501,579
501,588
501,613
501,617
501,647
501,658
501,665
501,672
501,697
501,703
501,719
501,763
501,771
501,776
501,781
501,821
501,823
501,828
501,863
501,880
501,886
501,898
501,900
501,919
501,924
501,936
501,963
501,971
501,974
501,975
501,987
501,989
502,507
502,528
502,580
502,599
502,610
502,614
502,643
502,648
502,660
502,678
502,690
502,697
502,719
502,737
502,745
502,748
502,782
502,791
502,848
502,858
502,872
502,899
502,919
502,934
502,941
502,959
502,986
502,989
503,505
503,542
503,558
503,563
503,580
503,584
503,636
503,643
503,722
503,733
503,741
503,785
503,864
503,924
503,938
503,941
503,969
503,987
503,989
504,515
504,524
504,582
504,591
504,683
504,788
504,789
504,792
504,804
504,837
504,914
505,610
505,628
505,669
505,712
505,717
505,771
505,787
505,790
505,809
505,834
505,838
505,862
505,968
506,519
506,524
506,528
506,555
506,564
506,567
506,583
506,598
506,602
506,624
506,628
506,669
506,673
506,684
506,689
506,714
506,731
506,742
506,769
506,770
506,795
506,818
506,825
506,839
506,877
506,887
506,892
506,897
506,908
506,926
506,950
506,965
506,975
506,978
507,540
507,545
507,558
507,588
507,614
507,623
507,637
507,651
507,698
507,712
507,720
507,754
507,782
507,787
507,807
507,809
507,868
507,893
507,907
507,910
507,918
507,930
507,970
507,975
507,983
507,995
508,544
508,612
508,669
508,711
508,730
508,732
508,829
508,853
508,870
508,916
508,949
508,957
508,963
508,982
509,563
509,580
509,632
509,636
509,658
509,746
509,779
509,854
509,858
509,917
509,943
509,951
509,960
509,970
509,974
509,989
510,524
510,532
510,544
510,571
510,573
510,594
510,627
510,630
510,674
510,685
510,714
510,744
510,748
510,758
510,777
510,790
510,801
510,822
510,827
510,863
510,893
510,903
510,904
510,945
510,948
510,958
511,519
511,531
511,541
511,554
511,584
511,605
511,616
511,636
511,664
511,665
511,673
511,679
511,683
511,726
511,733
511,796
511,798
511,826
511,850
511,854
511,885
511,889
511,898
511,934
511,982
512,524
512,532
512,534
512,538
512,542
512,543
512,546
512,560
512,573
512,583
512,609
512,619
512,622
512,651
512,659
512,666
512,692
512,704
512,732
512,742
512,749
512,751
512,758
512,794
512,801
512,812
512,816
512,832
512,842
512,855
512,870
512,912
512,913
512,920
512,939
512,952
512,996
513,515
513,545
513,576
513,635
513,639
513,690
513,696
513,720
513,770
513,807
513,818
513,825
513,894
513,914
513,969
513,995
514,527
514,532
514,542
514,543
514,544
514,551
514,592
514,597
514,619
514,627
514,630
514,651
514,657
514,748
514,752
514,801
514,822
514,824
514,833
514,837
514,851
514,880
514,887
514,889
514,910
514,971
515,518
515,524
515,543
515,582
515,588
515,591
515,602
515,606
515,627
515,637
515,657
515,753
515,789
515,825
515,865
515,917
515,959
516,520
516,557
516,569
516,586
516,598
516,606
516,616
516,630
516,634
516,655
516,656
516,661
516,680
516,688
516,708
516,775
516,776
516,780
516,847
516,900
516,925
516,935
516,942
516,948
516,985
517,538
517,546
517,552
517,582
517,587
517,636
517,675
517,692
517,710
517,766
517,781
517,794
517,801
517,863
517,869
517,901
517,913
517,933
517,945
517,955
518,524
518,542
518,544
518,555
518,571
518,591
518,597
518,602
518,622
518,644
518,651
518,657
518,670
518,740
518,754
518,769
518,803
518,824
518,826
518,833
518,837
518,850
518,903
518,957
518,961
518,975
519,556
519,565
519,573
519,576
519,590
519,599
519,601
519,616
519,617
519,658
519,661
519,664
519,665
519,673
519,679
519,687
519,691
519,694
519,719
519,796
519,826
519,867
519,873
519,882
519,885
519,898
519,912
519,931
519,974
519,999
520,557
520,569
520,572
520,598
520,607
520,626
520,654
520,661
520,674
520,680
520,688
520,747
520,784
520,841
520,850
520,859
520,879
520,883
520,900
520,935
520,937
520,948
520,966
520,985
521,605
521,616
521,643
521,693
521,733
521,763
521,767
521,788
521,858
521,898
521,973
522,524
522,537
522,576
522,582
522,595
522,602
522,619
522,629
522,644
522,659
522,668
522,706
522,716
522,720
522,723
522,731
522,749
522,754
522,769
522,789
522,798
522,803
522,813
522,818
522,819
522,830
522,832
522,838
522,865
522,868
522,874
522,877
522,887
522,907
522,961
522,978
523,557
523,593
523,607
523,613
523,657
523,709
523,727
523,766
523,783
523,806
523,820
523,860
523,876
523,931
523,938
523,940
523,966
524,561
524,591
524,597
524,602
524,613
524,615
524,622
524,627
524,637
524,646
524,650
524,651
524,666
524,668
524,675
524,676
524,694
524,698
524,723
524,736
524,752
524,777
524,797
524,811
524,818
524,837
524,838
524,844
524,914
524,916
524,926
524,936
525,540
525,547
525,564
525,567
525,592
525,603
525,632
525,663
525,681
525,683
525,717
525,718
525,741
525,828
525,864
525,866
525,875
525,881
525,907
525,924
525,941
525,969
525,972
525,983
525,984
525,994
526,548
526,561
526,578
526,599
526,600
526,632
526,636
526,664
526,677
526,697
526,705
526,710
526,725
526,805
526,862
526,924
526,960
526,987
527,530
527,535
527,553
527,557
527,560
527,568
527,585
527,592
527,613
527,622
527,645
527,695
527,789
527,803
527,840
527,850
527,858
527,904
527,908
527,910
527,919
527,955
527,971
527,975
528,558
528,570
528,605
528,610
528,614
528,628
528,631
528,632
528,635
528,638
528,673
528,701
528,720
528,735
528,737
528,742
528,750
528,754
528,770
528,774
528,809
528,830
528,872
528,876
528,919
528,925
528,926
528,941
528,942
528,995
529,535
529,540
529,575
529,599
529,600
529,633
529,648
529,664
529,678
529,712
529,721
529,724
529,737
529,747
529,763
529,799
529,821
529,875
529,919
529,941
529,994
530,533
530,534
530,546
530,553
530,567
530,599
530,628
530,639
530,695
530,717
530,769
530,771
530,839
530,857
530,888
530,912
530,914
530,971
530,975
530,983
530,996
531,572
531,589
531,592
531,656
531,661
531,727
531,756
531,778
531,783
531,800
531,841
531,864
531,884
531,932
531,938
531,940
531,952
532,542
532,543
532,546
532,573
532,582
532,608
532,627
532,637
532,666
532,689
532,704
532,724
532,731
532,736
532,740
532,777
532,816
532,818
532,822
532,829
532,833
532,837
532,869
532,883
532,897
532,903
532,906
532,913
532,916
532,920
532,975
533,562
533,580
533,601
533,648
533,679
533,690
533,724
533,767
533,827
533,872
533,890
533,917
533,959
533,975
533,979
533,986
534,540
534,567
534,603
534,839
534,926
534,960
534,961
534,978
535,548
535,565
535,588
535,601
535,664
535,706
535,725
535,737
535,747
535,792
535,799
535,821
535,831
535,882
535,946
536,557
536,569
536,594
536,597
536,598
536,613
536,617
536,634
536,674
536,713
536,714
536,737
536,776
536,780
536,786
536,800
536,820
536,841
536,871
536,938
536,948
536,966
536,972
536,974
536,985
536,999
537,576
537,614
537,623
537,628
537,635
537,668
537,686
537,712
537,714
537,730
537,742
537,760
537,764
537,787
537,797
537,798
537,811
537,813
537,825
537,834
537,892
537,936
537,967
538,560
538,561
538,587
538,619
538,685
538,692
538,699
538,710
538,751
538,758
538,773
538,811
538,816
538,951
538,954
538,996
539,570
539,576
539,614
539,632
539,635
539,643
539,658
539,660
539,672
539,706
539,709
539,719
539,735
539,764
539,805
539,807
539,861
539,866
539,876
539,898
539,918
539,995
540,555
540,556
540,558
540,562
540,570
540,597
540,614
540,621
540,696
540,703
540,719
540,735
540,741
540,757
540,816
540,853
540,863
540,868
540,909
540,974
540,975
540,983
540,994
541,550
541,565
541,599
541,620
541,658
541,672
541,683
541,719
541,733
541,767
541,793
541,817
541,820
541,826
541,841
541,857
541,858
541,867
541,906
541,934
541,937
541,939
541,952
541,974
541,976
542,543
542,561
542,597
542,602
542,622
542,630
542,637
542,651
542,657
542,666
542,668
542,689
542,729
542,736
542,801
542,803
542,829
542,837
542,863
542,880
542,922
542,926
542,930
542,957
542,988
543,546
543,552
543,561
543,571
543,582
543,613
543,622
543,637
543,670
543,689
543,695
543,697
543,731
543,736
543,748
543,781
543,801
543,822
543,837
543,844
543,903
543,913
543,926
543,963
544,555
544,582
544,585
544,602
544,618
544,622
544,624
544,708
544,769
544,803
544,829
544,853
544,913
544,929
544,978
544,980
544,996
545,549
545,558
545,559
545,647
545,703
545,764
545,787
545,793
545,857
545,893
545,918
545,993
546,666
546,710
546,723
546,731
546,739
546,751
546,773
546,797
546,832
546,837
546,868
546,869
546,870
546,874
546,900
547,552
547,572
547,583
547,605
547,608
547,615
547,654
547,663
547,689
547,695
547,729
547,732
547,759
547,858
547,909
547,931
547,936
547,937
547,955
547,992
548,554
548,567
548,573
548,588
548,599
548,601
548,614
548,636
548,643
548,648
548,658
548,697
548,724
548,725
548,729
548,733
548,742
548,743
548,747
548,781
548,799
548,811
548,826
548,841
548,848
548,858
548,875
548,898
548,932
548,939
548,968
548,976
549,576
549,629
549,639
549,716
549,720
549,782
549,807
549,956
550,558
550,567
550,578
550,616
550,639
550,672
550,673
550,679
550,683
550,718
550,767
550,791
550,805
550,826
550,828
550,849
550,867
550,873
550,888
550,898
550,934
550,949
550,980
550,994
551,591
551,592
551,622
551,627
551,630
551,689
551,732
551,736
551,752
551,784
551,822
551,837
551,908
551,915
551,950
552,583
552,619
552,675
552,710
552,750
552,751
552,846
552,852
552,853
552,906
552,913
552,953
552,998
553,558
553,592
553,603
553,628
553,657
553,663
553,674
553,683
553,695
553,725
553,729
553,737
553,756
553,771
553,774
553,823
553,824
553,829
553,841
553,854
553,860
553,873
553,878
553,904
553,906
553,921
553,930
553,960
553,963
553,983
554,562
554,599
554,626
554,632
554,636
554,638
554,664
554,678
554,705
554,724
554,725
554,741
554,743
554,747
554,758
554,759
554,775
554,785
554,799
554,821
554,823
554,851
554,872
554,883
554,900
554,919
554,975
554,979
554,983
554,988
555,558
555,602
555,627
555,637
555,653
555,736
555,769
555,781
555,803
555,816
555,818
555,859
555,903
555,904
555,918
555,929
555,980
556,574
556,605
556,658
556,665
556,673
556,674
556,681
556,687
556,693
556,702
556,733
556,738
556,745
556,788
556,799
556,936
556,944
556,973
557,564
557,589
557,598
557,613
557,616
557,634
557,659
557,661
557,694
557,756
557,762
557,775
557,777
557,789
557,806
557,820
557,823
557,836
557,857
557,928
557,935
557,938
557,942
557,943
557,944
557,947
557,948
557,971
557,980
557,985
557,996
558,559
558,614
558,615
558,619
558,648
558,664
558,703
558,717
558,754
558,774
558,787
558,809
558,858
558,872
558,904
558,926
558,952
558,975
558,978
558,992
558,995
559,579
559,624
559,697
559,724
559,734
559,787
559,978
560,561
560,597
560,618
560,644
560,666
560,675
560,689
560,710
560,718
560,732
560,736
560,750
560,751
560,756
560,784
560,787
560,790
560,798
560,833
560,850
560,870
560,889
560,904
560,913
560,915
561,571
561,587
561,627
561,644
561,651
561,659
561,670
561,673
561,710
561,740
561,744
561,749
561,751
561,863
561,874
561,901
561,903
561,951
561,958
562,563
562,568
562,579
562,580
562,615
562,636
562,638
562,639
562,648
562,664
562,672
562,701
562,705
562,709
562,759
562,779
562,791
562,799
562,848
562,879
562,880
562,893
562,911
562,917
562,924
562,932
562,979
562,983
562,987
562,989
563,565
563,580
563,599
563,601
563,636
563,638
563,643
563,661
563,673
563,792
563,799
563,802
563,827
563,848
563,854
563,917
563,924
563,932
563,934
563,941
563,943
563,979
563,989
563,997
564,568
564,583
564,588
564,590
564,597
564,599
564,601
564,620
564,664
564,679
564,683
564,719
564,725
564,729
564,743
564,747
564,767
564,805
564,826
564,831
564,841
564,857
564,858
564,864
564,883
564,900
564,909
564,919
564,921
564,936
564,974
564,975
564,977
564,983
564,991
564,994
565,588
565,603
565,613
565,679
565,683
565,694
565,767
565,856
565,882
565,973
565,994
566,611
566,624
566,628
566,657
566,663
566,669
566,693
566,706
566,734
566,795
566,798
566,818
566,861
566,945
566,950
566,978
567,603
567,615
567,647
567,707
567,750
567,754
567,787
567,790
567,839
567,978
568,590
568,591
568,605
568,620
568,633
568,658
568,726
568,741
568,799
568,829
568,831
568,838
568,858
568,864
568,885
568,920
568,921
568,974
568,986
569,576
569,591
569,594
569,616
569,634
569,661
569,681
569,687
569,688
569,690
569,692
569,727
569,775
569,778
569,780
569,783
569,802
569,873
569,885
569,900
569,939
569,944
569,948
569,999
570,588
570,631
570,701
570,725
570,747
570,764
570,774
570,787
570,809
570,861
570,876
570,895
570,897
570,993
571,591
571,666
571,679
571,692
571,699
571,708
571,710
571,744
571,748
571,758
571,799
571,801
571,822
571,880
571,931
571,952
572,589
572,590
572,607
572,613
572,676
572,688
572,741
572,766
572,800
572,852
572,860
572,883
572,912
572,942
572,953
572,982
572,998
573,637
573,645
573,652
573,676
573,695
573,709
573,783
573,816
573,822
573,837
573,853
573,869
573,870
573,900
573,912
573,913
573,920
573,988
574,616
574,659
574,660
574,665
574,673
574,679
574,683
574,707
574,719
574,726
574,785
574,826
574,849
574,856
574,858
574,867
574,888
574,898
574,900
574,937
574,943
574,944
574,990
575,577
575,631
575,678
575,697
575,722
575,724
575,739
575,745
575,779
575,791
575,876
575,924
575,967
575,993
576,582
576,602
576,614
576,623
576,632
576,701
576,722
576,747
576,770
576,787
576,798
576,807
576,825
576,830
576,861
576,873
576,894
576,896
576,918
576,920
576,995
577,620
577,672
577,684
577,697
577,961
578,579
578,605
578,615
578,616
578,657
578,659
578,665
578,673
578,694
578,713
578,733
578,743
578,747
578,762
578,763
578,767
578,783
578,808
578,826
578,843
578,898
578,934
578,974
578,976
579,640
579,655
579,658
579,694
579,989
580,600
580,636
580,727
580,746
580,752
580,796
580,827
580,854
580,917
580,989
581,659
581,683
581,702
581,709
581,751
581,775
581,793
581,830
581,906
581,980
582,585
582,597
582,602
582,627
582,630
582,651
582,657
582,666
582,712
582,729
582,748
582,803
582,812
582,824
582,837
582,844
582,910
582,914
582,916
582,950
582,952
583,593
583,613
583,619
583,644
583,676
583,679
583,685
583,689
583,728
583,747
583,750
583,806
583,846
583,852
583,860
583,883
583,906
583,912
583,920
583,935
583,940
583,951
583,970
583,974
583,996
584,679
584,694
584,726
584,733
584,787
584,796
584,943
584,998
585,612
585,622
585,628
585,637
585,659
585,661
585,679
585,689
585,717
585,806
585,829
585,833
585,855
585,870
585,904
585,920
585,926
585,957
585,982
585,996
586,598
586,606
586,674
586,702
586,706
586,756
586,859
586,985
587,604
587,675
587,710
587,718
587,744
587,794
587,901
588,597
588,599
588,628
588,643
588,651
588,664
588,672
588,691
588,698
588,719
588,726
588,727
588,737
588,747
588,759
588,789
588,799
588,805
588,828
588,858
588,872
588,875
588,878
588,919
588,921
588,932
588,936
588,946
588,975
588,979
588,986
589,594
589,674
589,707
589,727
589,729
589,756
589,778
589,800
589,814
589,873
589,885
589,912
589,938
589,944
589,992
589,998
590,620
590,672
590,677
590,719
590,763
590,768
590,799
590,802
590,823
590,826
590,831
590,858
590,864
590,867
590,874
590,921
590,955
590,974
590,997
591,597
591,622
591,627
591,646
591,651
591,698
591,717
591,777
591,806
591,837
591,842
591,863
591,868
591,892
591,901
591,903
591,905
591,910
591,914
591,955
592,611
592,708
592,729
592,826
592,839
592,840
592,858
592,875
592,908
593,611
593,645
593,690
593,695
593,715
593,727
593,753
593,773
593,846
593,912
593,915
593,927
593,951
594,598
594,617
594,634
594,658
594,673
594,674
594,680
594,681
594,688
594,717
594,727
594,775
594,776
594,815
594,820
594,831
594,835
594,883
594,900
594,926
594,938
594,942
594,948
594,952
594,966
594,975
595,641
595,650
595,668
595,706
595,790
595,799
595,819
595,854
595,858
595,887
595,899
595,907
595,961
595,993
596,607
596,614
596,698
596,709
596,757
596,816
596,830
596,842
596,845
596,876
596,880
596,881
596,884
596,894
596,895
596,896
596,910
596,925
596,956
596,959
596,960
596,969
596,998
597,602
597,614
597,619
597,622
597,650
597,657
597,706
597,731
597,732
597,736
597,769
597,781
597,786
597,800
597,804
597,812
597,822
597,824
597,826
597,833
597,844
597,903
597,904
597,910
597,922
597,980
598,634
598,666
598,674
598,676
598,680
598,688
598,776
598,780
598,815
598,820
598,823
598,847
598,859
598,862
598,871
598,883
598,900
598,935
598,948
598,966
598,985
599,610
599,633
599,635
599,648
599,660
599,664
599,672
599,673
599,729
599,737
599,747
599,759
599,779
599,799
599,805
599,821
599,823
599,826
599,828
599,839
599,855
599,857
599,893
599,919
599,946
599,959
599,973
600,655
600,664
600,688
600,705
600,727
600,757
600,875
600,902
600,924
600,979
601,636
601,643
601,691
601,738
601,759
601,763
601,771
601,781
601,792
601,805
601,808
601,848
601,853
601,883
601,898
601,932
601,943
601,976
601,987
601,989
602,614
602,622
602,641
602,650
602,651
602,657
602,670
602,712
602,725
602,735
602,736
602,769
602,777
602,781
602,803
602,818
602,844
602,866
602,896
602,904
602,909
602,922
602,929
602,938
602,981
603,663
603,684
603,719
603,727
603,746
603,771
603,921
603,953
603,963
603,964
603,988
603,990
603,992
604,692
604,704
604,737
604,739
604,745
604,773
604,832
604,833
604,855
604,860
604,912
604,920
604,948
604,982
605,616
605,643
605,648
605,665
605,687
605,691
605,693
605,733
605,738
605,772
605,793
605,842
605,858
605,872
605,882
605,898
605,909
605,934
605,953
605,958
605,973
605,999
606,607
606,640
606,761
606,766
606,778
606,808
606,860
606,900
606,909
606,913
606,921
606,934
607,609
607,622
607,632
607,640
607,659
607,674
607,727
607,751
607,755
607,756
607,766
607,780
607,800
607,806
607,814
607,841
607,850
607,930
607,938
607,953
608,611
608,638
608,645
608,652
608,708
608,731
608,748
608,794
608,839
608,851
608,874
608,892
608,908
608,916
608,920
608,928
608,950
608,981
609,655
609,675
609,728
609,773
609,786
609,787
609,800
609,855
609,856
609,920
610,625
610,648
610,697
610,701
610,759
610,791
610,866
610,899
610,916
610,968
611,645
611,650
611,657
611,689
611,741
611,804
611,833
611,874
611,933
612,619
612,670
612,744
612,804
612,851
612,852
612,869
612,906
612,936
612,945
613,658
613,670
613,674
613,676
613,680
613,727
613,756
613,776
613,778
613,780
613,786
613,795
613,800
613,814
613,841
613,850
613,863
613,912
613,920
613,930
613,940
613,953
613,955
613,967
613,980
613,992
614,622
614,626
614,627
614,632
614,639
614,670
614,671
614,698
614,709
614,742
614,747
614,757
614,765
614,779
614,782
614,809
614,810
614,834
614,868
614,894
614,896
614,897
614,910
614,936
614,956
614,960
614,961
614,965
614,967
614,969
614,972
614,974
614,984
614,988
614,995
615,659
615,661
615,687
615,741
615,783
615,832
615,835
615,836
615,873
615,883
615,906
615,913
615,928
615,938
615,939
615,963
616,617
616,647
616,659
616,665
616,673
616,679
616,727
616,733
616,747
616,763
616,767
616,783
616,793
616,800
616,841
616,857
616,885
616,898
616,934
616,936
616,990
617,659
617,662
617,687
617,693
617,713
617,724
617,737
617,739
617,762
617,763
617,776
617,783
617,841
617,850
617,858
617,871
617,873
617,885
617,889
617,943
617,944
617,947
617,948
617,986
617,990
617,996
618,716
618,804
618,833
618,876
618,915
618,916
618,964
619,644
619,719
619,733
619,778
619,846
619,852
619,912
619,951
619,953
620,640
620,654
620,658
620,672
620,831
620,858
620,864
620,877
620,879
620,884
620,906
620,919
620,921
620,936
620,974
620,976
621,623
621,626
621,631
621,639
621,643
621,749
621,757
621,765
621,774
621,788
621,807
621,825
621,830
621,872
621,874
621,894
621,897
621,965
621,969
621,972
621,984
622,627
622,630
622,637
622,650
622,651
622,657
622,659
622,660
622,671
622,689
622,693
622,731
622,736
622,752
622,765
622,769
622,777
622,781
622,803
622,804
622,816
622,818
622,822
622,824
622,825
622,826
622,833
622,835
622,846
622,894
622,916
622,922
622,929
622,952
622,957
622,964
622,979
622,980
622,981
622,988
623,626
623,635
623,639
623,657
623,669
623,720
623,795
623,809
623,810
623,862
623,868
623,895
623,904
623,918
623,967
623,995
624,628
624,642
624,672
624,684
624,699
624,730
624,740
624,795
624,877
624,904
624,924
624,950
624,964
624,978
624,988
625,638
625,646
625,828
625,899
625,911
625,984
625,991
626,636
626,667
626,673
626,698
626,709
626,719
626,722
626,735
626,737
626,757
626,782
626,795
626,810
626,825
626,896
626,897
626,917
626,943
626,969
626,977
627,630
627,637
627,651
627,657
627,669
627,737
627,748
627,752
627,758
627,777
627,789
627,810
627,822
627,829
627,837
627,842
627,844
627,853
627,865
627,869
627,898
627,914
627,950
628,706
628,712
628,731
628,741
628,750
628,758
628,776
628,781
628,795
628,803
628,811
628,840
628,877
628,926
628,941
628,950
628,967
628,972
628,974
628,978
629,633
629,712
629,720
629,742
629,764
629,861
629,862
629,894
630,637
630,651
630,736
630,743
630,752
630,758
630,777
630,789
630,822
630,833
630,837
630,844
630,854
630,865
630,892
630,920
631,632
631,635
631,660
631,695
631,764
631,774
631,802
631,876
631,956
631,972
631,991
632,635
632,648
632,701
632,725
632,738
632,774
632,802
632,893
632,917
632,932
632,936
632,940
632,956
633,648
633,662
633,716
633,725
633,946
634,645
634,647
634,659
634,661
634,674
634,700
634,701
634,778
634,780
634,815
634,836
634,850
634,942
634,948
634,985
635,660
635,683
635,697
635,701
635,703
635,735
635,745
635,754
635,868
635,879
635,894
635,896
635,936
635,978
636,643
636,665
636,672
636,733
636,746
636,759
636,772
636,805
636,827
636,848
636,854
636,880
636,917
636,925
636,932
636,952
636,959
636,979
636,986
636,987
636,989
636,997
637,668
637,670
637,699
637,723
637,729
637,737
637,748
637,752
637,758
637,765
637,769
637,777
637,801
637,803
637,822
637,824
637,837
637,858
637,867
637,869
637,903
637,904
637,916
637,980
637,988
638,648
638,664
638,719
638,737
638,785
638,795
638,821
638,870
638,886
638,893
638,894
638,919
638,930
638,958
638,986
638,989
639,707
639,708
639,754
639,774
639,825
639,826
639,861
639,868
639,895
639,969
639,979
639,993
639,995
640,652
640,656
640,692
640,727
640,778
640,806
640,860
640,909
640,935
640,942
640,979
641,677
641,695
641,702
641,707
641,752
641,815
641,819
641,823
641,824
641,855
641,893
641,920
641,947
642,671
642,720
642,787
642,876
642,886
643,719
643,758
643,796
643,852
643,893
643,917
643,932
643,934
643,943
643,959
643,965
643,979
643,986
643,989
644,682
644,699
644,744
644,749
644,750
644,762
644,801
644,816
644,832
644,841
644,846
644,852
644,901
644,912
644,913
644,951
644,998
645,653
645,663
645,708
645,758
645,769
645,775
645,823
645,834
645,840
645,873
645,922
645,981
645,984
646,692
647,648
647,679
647,787
647,805
647,872
648,664
648,678
648,697
648,707
648,722
648,724
648,737
648,745
648,759
648,791
648,792
648,798
648,802
648,848
648,867
648,872
648,890
648,893
648,904
648,917
648,919
648,921
648,940
648,962
648,963
648,976
649,685
649,729
649,737
649,758
649,814
649,912
649,931
649,955
649,970
649,992
650,657
650,667
650,689
650,789
650,804
650,818
650,916
650,922
650,929
651,668
651,699
651,734
651,777
651,783
651,791
651,810
651,822
651,824
651,832
651,833
651,837
651,844
651,855
651,913
651,936
651,938
651,988
651,995
652,656
652,732
652,739
652,805
652,832
652,859
652,952
652,970
653,710
653,758
653,803
653,908
653,953
653,958
653,964
654,676
654,708
654,716
654,798
654,813
654,824
654,833
654,845
654,877
654,956
654,961
654,971
654,983
654,994
655,696
655,772
655,904
655,960
655,962
655,973
655,991
655,995
656,680
656,692
656,755
656,784
656,800
656,806
656,814
656,826
656,940
656,953
657,666
657,740
657,752
657,776
657,790
657,803
657,822
657,824
657,833
657,837
657,863
657,887
657,910
657,928
657,947
657,957
657,982
658,662
658,664
658,677
658,707
658,719
658,757
658,801
658,805
658,811
658,826
658,831
658,845
658,856
658,857
658,858
658,864
658,867
658,898
658,936
658,939
658,963
658,981
658,982
658,993
658,998
658,999
659,661
659,665
659,674
659,679
659,680
659,681
659,687
659,704
659,738
659,762
659,768
659,775
659,778
659,783
659,793
659,799
659,800
659,804
659,835
659,846
659,851
659,856
659,858
659,867
659,871
659,873
659,885
659,898
659,909
659,913
659,928
659,934
659,937
659,944
659,948
659,973
659,990
660,664
660,678
660,700
660,722
660,724
660,737
660,743
660,745
660,746
660,759
660,763
660,767
660,799
660,837
660,903
660,911
660,957
660,983
661,729
661,756
661,775
661,786
661,839
661,841
661,935
661,942
661,948
661,974
661,998
661,999
662,687
662,701
662,733
662,783
662,787
662,817
662,840
662,882
662,885
662,944
662,949
662,973
662,985
662,999
663,689
663,695
663,720
663,741
663,821
663,839
663,950
664,737
664,763
664,775
664,799
664,821
664,854
664,872
664,893
664,924
664,991
665,673
665,679
665,690
665,694
665,713
665,733
665,763
665,783
665,792
665,796
665,805
665,830
665,843
665,891
665,934
665,935
665,943
665,948
665,964
665,989
666,695
666,708
666,710
666,740
666,748
666,758
666,769
666,798
666,799
666,816
666,836
666,865
666,869
666,877
666,901
666,916
666,929
666,945
666,952
666,957
666,958
666,996
667,684
667,875
667,882
667,896
667,897
667,965
667,969
668,714
668,716
668,731
668,736
668,749
668,798
668,801
668,833
668,844
668,865
668,941
668,964
668,971
669,712
669,716
669,754
669,769
669,770
669,818
669,911
669,961
670,723
670,764
670,773
670,777
670,790
670,812
670,831
670,863
670,869
670,903
670,928
670,945
670,958
670,970
670,998
671,787
671,868
671,912
671,984
671,990
671,995
672,695
672,725
672,737
672,747
672,799
672,828
672,831
672,850
672,864
672,896
672,899
672,906
672,911
672,936
672,946
672,971
672,983
672,985
672,986
673,693
673,722
673,738
673,805
673,811
673,825
673,826
673,835
673,884
673,885
673,889
673,898
673,904
673,934
673,936
673,944
673,955
673,971
673,973
673,975
674,680
674,688
674,697
674,761
674,776
674,786
674,806
674,820
674,850
674,859
674,899
674,924
674,935
674,938
674,942
674,948
674,978
674,992
675,699
675,704
675,710
675,750
675,761
675,784
675,870
675,915
675,937
675,952
676,700
676,715
676,728
676,729
676,732
676,786
676,800
676,836
676,868
676,879
676,909
676,930
676,952
676,954
676,955
677,695
677,793
677,811
677,826
677,849
677,851
677,858
677,888
677,906
677,933
677,985
678,722
678,724
678,735
678,737
678,745
678,774
678,791
678,796
678,802
678,810
678,872
678,918
678,921
678,924
678,932
678,941
678,956
678,972
678,980
678,986
679,688
679,693
679,694
679,729
679,733
679,735
679,763
679,767
679,785
679,796
679,808
679,828
679,921
679,934
679,974
679,992
680,681
680,688
680,776
680,778
680,780
680,812
680,851
680,870
680,935
680,985
681,775
681,783
681,786
681,815
681,820
681,900
681,931
681,935
681,948
681,966
682,685
682,699
682,704
682,728
682,729
682,731
682,756
682,814
682,846
682,855
682,871
682,891
682,912
682,915
682,927
682,940
682,952
683,783
683,798
683,806
683,823
683,856
683,982
684,686
684,706
684,712
684,741
684,768
684,834
684,868
684,881
684,892
684,936
684,978
684,979
685,687
685,700
685,727
685,773
685,786
685,855
685,861
685,882
685,883
685,912
685,922
685,952
685,958
686,794
686,797
686,842
686,863
686,864
686,980
686,988
687,688
687,780
687,835
687,856
687,858
687,885
687,898
687,942
687,944
687,949
687,998
687,999
688,747
688,775
688,778
688,786
688,815
688,820
688,850
688,912
688,913
688,930
688,935
688,942
688,944
688,949
688,983
688,985
689,734
689,739
689,751
689,789
689,801
689,803
689,822
689,829
689,837
689,870
689,903
689,914
689,945
689,958
689,988
690,792
690,827
690,880
690,932
690,955
690,959
690,989
690,991
690,997
691,693
691,726
691,733
691,738
691,747
691,763
691,767
691,768
691,775
691,786
691,796
691,805
691,808
691,854
691,882
691,917
691,934
691,973
691,976
691,982
692,699
692,715
692,734
692,751
692,790
692,824
692,846
692,849
692,909
692,915
692,920
692,933
692,970
692,996
692,998
693,733
693,766
693,783
693,793
693,805
693,851
693,885
693,898
693,917
693,934
693,944
693,948
693,953
693,973
693,983
693,989
694,725
694,778
694,779
694,796
694,858
694,973
694,985
695,708
695,744
695,769
695,777
695,796
695,816
695,869
695,903
695,904
695,914
695,939
695,967
695,971
695,996
696,793
696,875
696,920
697,701
697,722
697,724
697,725
697,737
697,745
697,747
697,872
697,881
697,893
697,899
697,919
697,960
697,977
697,986
697,993
697,995
698,709
698,712
698,724
698,752
698,757
698,810
698,830
698,845
698,861
698,880
698,884
698,894
698,925
698,978
699,744
699,750
699,751
699,784
699,814
699,823
699,848
699,901
699,909
699,912
699,913
699,915
699,952
699,998
700,753
700,755
700,780
700,788
700,803
700,814
700,931
700,952
701,709
701,735
701,764
701,774
701,782
701,802
701,861
701,876
701,925
701,959
701,961
701,965
701,991
701,997
702,767
702,783
702,811
702,843
702,847
702,852
702,867
702,878
702,883
702,888
702,891
702,905
702,939
702,954
702,993
702,998
703,741
703,744
703,807
703,892
703,934
703,975
703,994
704,727
704,728
704,753
704,773
704,783
704,801
704,832
704,919
704,920
704,927
704,951
704,952
704,953
705,725
705,767
705,799
705,821
705,890
705,900
705,963
705,971
705,979
705,986
705,987
705,989
706,749
706,759
706,798
706,804
706,819
706,831
706,874
706,896
706,914
706,950
706,956
707,751
707,811
707,827
707,851
707,905
707,936
707,952
707,992
708,795
708,839
708,847
708,870
708,878
708,881
708,904
708,950
708,957
708,980
708,983
709,754
709,757
709,774
709,795
709,810
709,830
709,868
709,884
709,886
709,894
709,897
709,903
709,925
709,936
709,956
709,965
709,967
709,977
709,984
709,995
709,996
710,718
710,723
710,726
710,748
710,755
710,766
710,784
710,790
710,794
710,863
710,869
710,870
710,873
710,958
710,988
711,931
712,730
712,749
712,758
712,769
712,770
712,787
712,834
712,838
712,892
712,894
712,897
712,907
712,918
712,925
712,936
712,961
712,969
713,751
713,762
713,851
713,949
713,999
714,727
714,797
714,798
714,830
714,834
714,842
714,845
714,846
714,865
714,866
714,868
714,910
714,961
714,968
714,972
715,783
715,860
715,898
715,912
715,938
715,940
715,953
715,971
715,981
716,803
716,834
716,862
716,907
716,923
716,988
717,741
717,742
717,763
717,795
717,798
717,799
717,809
717,833
717,853
717,883
717,886
717,908
717,929
717,995
718,723
718,744
718,784
718,853
718,863
718,901
718,913
718,924
719,726
719,737
719,746
719,747
719,754
719,768
719,785
719,792
719,802
719,823
719,828
719,830
719,833
719,857
719,864
719,907
719,919
719,921
719,936
719,963
719,971
719,974
719,979
719,983
719,988
720,770
720,807
720,855
720,894
720,896
720,972
721,741
721,763
721,779
721,821
721,848
721,902
721,919
721,941
721,977
721,991
722,745
722,753
722,774
722,785
722,799
722,802
722,872
722,876
722,884
722,893
722,930
722,932
722,979
722,987
722,994
723,790
723,812
723,844
723,889
723,950
723,958
723,963
723,980
724,735
724,737
724,738
724,745
724,771
724,799
724,872
724,875
724,941
724,971
724,983
724,984
724,995
725,726
725,747
725,759
725,821
725,848
725,893
725,908
725,925
725,943
726,767
726,786
726,795
726,832
726,858
726,876
726,889
726,898
726,904
726,911
726,943
727,729
727,748
727,756
727,766
727,778
727,783
727,786
727,806
727,841
727,853
727,859
727,878
727,883
727,900
727,906
727,912
727,918
727,926
727,942
727,952
728,756
728,773
728,800
728,860
728,883
728,893
728,912
728,937
729,780
729,785
729,799
729,805
729,811
729,816
729,833
729,851
729,870
729,879
729,908
729,933
730,866
730,871
730,929
730,968
730,984
731,736
731,755
731,769
731,818
731,837
731,850
731,852
731,853
731,865
731,877
731,903
731,904
731,916
731,922
731,930
731,980
731,988
732,739
732,758
732,773
732,785
732,800
732,816
732,829
732,855
732,858
732,860
732,863
732,887
732,906
732,920
732,937
732,940
732,945
732,979
733,826
733,882
733,885
733,891
733,898
733,904
733,909
733,921
733,934
733,944
733,949
734,784
734,804
734,840
734,874
734,914
735,738
735,754
735,764
735,765
735,774
735,782
735,810
735,818
735,861
735,875
735,876
735,880
735,960
735,975
735,993
735,995
736,741
736,742
736,816
736,818
736,918
736,957
736,965
736,988
737,738
737,747
737,759
737,763
737,774
737,785
737,791
737,802
737,805
737,807
737,825
737,830
737,848
737,866
737,872
737,893
737,907
737,917
737,953
737,956
737,985
737,997
738,743
738,783
738,805
738,808
738,930
738,934
738,943
738,976
739,814
739,845
739,853
739,858
739,860
739,915
739,971
740,744
740,748
740,774
740,801
740,832
740,863
740,867
740,912
741,755
741,768
741,770
741,771
741,778
741,786
741,795
741,798
741,839
741,849
741,858
741,873
741,885
741,892
741,908
741,936
741,950
741,978
741,983
741,994
742,765
742,774
742,803
742,809
742,838
742,842
742,852
742,862
742,894
742,925
742,961
742,965
742,975
742,978
742,984
742,990
743,792
743,863
743,927
743,932
743,943
743,976
743,979
743,990
744,752
744,776
744,870
744,913
744,915
744,916
744,931
745,770
745,894
745,899
746,779
746,799
746,805
746,854
746,879
746,911
746,942
746,989
747,759
747,823
747,853
747,858
747,893
747,921
747,934
747,974
747,987
748,758
748,777
748,847
748,865
748,903
748,909
748,936
749,777
749,781
749,782
749,795
749,798
749,803
749,819
749,823
749,866
749,883
749,910
749,932
749,965
749,998
750,751
750,908
750,915
750,951
750,968
751,778
751,789
751,814
751,873
751,915
751,939
751,952
751,984
752,758
752,770
752,777
752,801
752,822
752,834
752,844
752,914
752,922
752,929
752,945
752,958
753,855
753,912
753,920
753,931
753,952
754,770
754,787
754,807
754,809
754,908
754,918
754,995
755,806
755,891
755,912
755,952
755,955
755,978
756,758
756,761
756,778
756,786
756,806
756,818
756,835
756,850
756,866
756,885
756,930
756,938
756,980
756,983
756,992
757,782
757,830
757,842
757,880
757,884
757,893
757,895
757,910
757,918
757,925
757,931
757,967
757,968
757,997
757,998
758,759
758,777
758,789
758,819
758,822
758,832
758,843
758,868
758,903
758,926
758,958
758,978
759,779
759,781
759,795
759,841
759,857
759,876
759,917
759,919
759,938
759,974
759,975
759,979
760,765
760,779
760,914
760,923
760,967
761,778
761,806
761,850
761,998
762,783
762,788
762,799
762,836
762,915
762,948
763,774
763,783
763,792
763,934
763,943
763,973
763,976
764,802
764,809
764,827
764,862
764,876
764,886
765,770
765,782
765,787
765,797
765,803
765,810
765,834
765,835
765,868
765,880
765,894
765,896
765,940
765,956
765,961
765,964
765,965
765,977
765,995
766,775
766,784
766,835
766,923
766,938
766,958
767,800
767,826
767,828
767,833
767,840
767,850
767,948
767,955
767,960
768,770
768,831
768,836
768,858
768,867
768,899
768,923
768,936
768,963
768,971
769,783
769,803
769,811
769,816
769,818
769,832
769,833
769,842
769,863
769,903
769,916
769,922
769,926
769,947
769,978
769,980
770,774
770,787
770,807
770,825
770,834
770,845
770,861
770,877
770,894
770,918
770,925
770,961
770,963
770,984
770,995
771,787
771,818
771,846
771,851
771,857
771,878
771,922
771,936
771,971
772,808
772,826
772,931
772,943
773,829
773,832
773,846
773,912
773,920
773,933
773,941
773,951
773,953
773,975
774,787
774,810
774,861
774,870
774,872
774,876
774,881
774,954
774,967
775,778
775,783
775,793
775,815
775,882
775,898
775,905
775,935
775,942
775,944
775,948
775,979
775,980
775,985
776,780
776,786
776,800
776,820
776,836
776,850
776,859
776,870
776,910
776,935
776,938
776,942
777,810
777,822
777,834
777,913
777,938
777,940
777,983
778,800
778,805
778,806
778,815
778,820
778,836
778,841
778,850
778,859
778,860
778,891
778,938
778,942
778,948
778,964
778,985
778,988
778,992
779,791
779,827
779,876
779,893
779,917
779,989
780,783
780,833
780,851
780,855
780,874
780,891
780,898
780,900
780,953
780,978
780,985
780,998
780,999
781,795
781,803
781,816
781,825
781,876
781,877
781,885
781,896
781,921
781,964
781,978
781,980
782,795
782,809
782,810
782,819
782,825
782,831
782,834
782,838
782,842
782,845
782,866
782,880
782,881
782,887
782,896
782,910
782,955
782,956
782,967
782,969
782,972
782,979
782,984
783,795
783,832
783,841
783,852
783,900
783,909
783,944
783,947
783,949
783,955
783,984
783,986
784,831
784,870
784,906
784,915
784,985
785,821
785,924
785,932
785,941
785,953
785,963
785,995
786,788
786,815
786,835
786,850
786,859
786,873
786,900
786,930
786,937
786,942
786,948
786,966
786,985
786,989
787,795
787,810
787,910
787,918
787,927
787,933
787,961
788,849
788,871
788,906
788,908
788,928
788,935
788,937
788,939
788,994
789,822
789,889
789,914
789,916
789,958
790,863
790,903
790,945
790,958
791,799
791,878
791,911
791,920
791,932
791,955
791,960
791,984
791,986
791,991
791,997
791,999
792,835
792,843
792,850
792,924
792,943
792,946
792,965
792,987
792,990
792,999
793,817
793,836
793,857
793,871
793,928
793,938
793,947
793,982
793,990
793,998
794,798
794,812
794,945
795,798
795,803
795,818
795,823
795,845
795,868
795,877
795,884
795,914
795,950
795,953
795,978
795,983
795,988
796,817
796,858
796,914
796,990
797,968
798,803
798,813
798,834
798,838
798,863
798,894
798,907
798,923
798,948
798,993
799,821
799,829
799,893
799,918
799,919
799,932
799,941
799,943
800,850
800,863
800,883
800,930
800,936
800,938
800,940
800,953
800,961
801,812
801,818
801,837
801,863
801,865
801,903
801,928
801,996
802,861
802,876
802,890
802,969
803,818
803,837
803,852
803,855
803,862
803,864
803,865
803,866
803,884
803,900
803,904
803,920
803,926
803,961
803,964
803,980
804,895
804,923
805,808
805,817
805,854
805,932
805,934
805,940
805,943
805,976
806,820
806,871
806,912
806,947
807,876
807,892
807,969
807,995
808,821
808,857
808,882
809,834
809,868
809,887
809,894
809,895
809,918
809,930
809,956
810,826
810,830
810,847
810,877
810,880
810,881
810,884
810,894
810,897
810,910
810,948
810,953
810,957
810,965
810,967
810,972
810,984
811,849
811,888
811,889
811,900
811,906
811,919
811,921
811,939
811,952
811,974
811,976
812,867
812,903
813,862
814,883
814,931
814,942
814,955
814,985
814,998
815,879
815,886
815,900
815,935
815,966
815,992
816,818
816,829
816,837
816,840
816,842
816,852
816,908
816,926
816,933
816,983
816,988
817,871
817,998
817,999
818,830
818,837
818,904
818,906
818,926
818,929
818,946
818,980
819,842
819,907
819,972
820,836
820,847
820,900
820,935
820,942
820,985
821,842
821,941
821,962
821,971
822,863
822,870
822,909
822,952
822,953
822,961
822,980
823,831
823,849
823,851
823,858
823,864
823,912
823,930
823,936
823,950
823,963
823,971
823,974
824,862
824,866
824,926
824,939
824,957
824,984
824,996
825,842
825,845
825,875
825,880
825,896
825,897
825,918
825,956
825,965
825,980
825,995
826,858
826,867
826,944
826,963
826,999
827,828
827,876
827,929
827,959
827,979
827,986
828,847
828,854
828,884
828,917
828,953
829,832
829,846
829,855
829,862
829,898
829,903
829,913
829,920
829,930
829,952
829,955
829,965
829,974
829,988
830,845
830,880
830,881
830,884
830,894
830,895
830,897
830,910
830,925
830,965
830,967
830,972
831,858
831,881
831,917
831,921
831,945
831,963
831,974
831,985
832,852
832,883
832,909
832,912
832,913
832,920
832,951
832,983
832,996
833,865
833,870
833,896
833,903
833,914
833,988
834,853
834,868
834,887
834,896
834,972
835,836
835,841
835,847
835,868
835,873
835,885
835,919
835,930
835,937
835,942
835,944
835,947
835,948
835,988
836,847
836,853
836,873
836,889
836,937
836,942
836,947
836,994
837,868
837,869
837,916
837,957
837,965
837,992
837,998
838,842
838,866
838,896
838,967
838,968
838,984
839,849
839,879
839,927
839,975
839,981
840,844
840,853
840,865
840,908
840,926
841,847
841,857
841,863
841,873
841,891
841,909
841,915
841,930
841,935
841,937
841,948
841,952
842,845
842,868
842,874
842,880
842,884
842,907
842,910
842,972
842,978
843,906
843,943
843,976
843,994
844,923
844,929
844,952
845,866
845,867
845,877
845,880
845,881
845,894
845,895
845,907
845,918
845,925
845,928
845,972
846,852
846,863
846,912
846,913
846,915
846,940
846,988
846,994
847,858
847,873
847,888
847,891
847,947
847,985
848,854
848,872
848,898
848,917
848,932
848,963
848,978
848,979
848,982
848,986
848,987
848,989
849,858
849,868
849,889
849,906
849,926
850,857
850,900
851,860
851,906
851,931
851,955
852,988
853,855
853,864
853,874
853,915
853,916
853,940
854,865
854,875
854,893
854,960
854,989
855,857
855,909
855,913
855,920
855,944
855,952
855,996
856,873
856,885
856,973
856,992
856,999
857,858
857,864
857,867
857,893
857,921
857,924
857,942
857,944
857,948
857,955
857,974
857,982
858,860
858,864
858,867
858,879
858,882
858,898
858,920
858,921
858,955
858,971
858,974
858,976
858,990
859,860
859,940
859,952
859,953
859,992
860,885
860,912
860,927
860,945
860,948
861,864
861,886
861,952
861,956
862,894
863,868
863,869
863,912
863,960
864,921
864,968
864,974
865,907
865,920
865,926
865,972
866,894
866,967
866,968
866,995
867,879
867,922
867,973
868,884
868,894
868,897
868,904
868,910
868,917
868,961
868,963
868,965
868,967
868,975
868,978
868,980
868,995
869,883
869,903
869,906
869,912
869,916
869,980
870,913
870,916
870,926
870,933
870,945
870,954
870,968
871,944
871,990
872,886
872,911
872,991
872,996
873,891
873,909
873,934
873,937
873,938
873,948
873,956
873,979
873,990
874,904
875,901
875,936
875,950
875,975
875,993
876,894
876,918
876,965
876,993
877,911
877,950
877,984
877,995
878,892
878,994
879,917
879,946
879,973
879,974
880,881
880,884
880,895
880,897
880,910
880,912
880,925
880,965
880,984
880,988
881,884
881,894
881,912
881,953
881,956
881,965
881,967
881,968
881,972
881,983
881,988
882,921
883,912
883,913
883,930
883,942
883,952
883,955
883,983
884,925
884,956
884,965
884,984
885,900
885,944
885,948
885,949
885,999
887,892
887,894
887,923
887,961
887,967
887,972
889,921
889,937
889,943
890,893
890,902
890,905
890,911
890,962
890,983
890,989
891,909
891,928
891,942
891,944
891,953
891,985
892,904
892,929
892,994
893,899
893,917
893,919
893,924
893,932
893,960
893,962
893,998
894,896
894,936
894,956
894,961
894,965
894,972
894,984
894,995
895,925
895,956
895,967
896,904
896,956
896,965
896,984
896,998
897,923
897,925
897,956
897,965
897,972
897,983
897,984
898,927
898,944
898,948
898,963
899,902
899,962
899,965
899,979
899,991
899,993
900,909
900,921
900,935
900,944
900,948
900,949
900,972
901,977
902,932
902,979
903,930
903,945
903,958
903,980
903,981
903,996
904,906
904,934
904,938
904,963
904,964
904,983
905,937
905,999
906,915
906,938
906,982
907,943
907,968
907,978
907,980
908,922
908,951
908,978
908,988
908,989
909,921
909,930
909,939
909,947
909,955
909,982
909,990
909,995
910,972
911,917
911,924
911,959
911,991
911,997
912,938
912,940
912,952
912,993
913,952
913,958
914,988
915,948
915,954
915,999
917,932
917,935
917,959
917,961
917,970
917,979
917,989
917,995
918,969
918,972
919,943
919,959
919,974
919,979
920,948
920,952
920,981
920,996
921,936
921,971
921,974
921,979
922,933
922,957
923,929
923,973
924,932
924,934
924,962
924,986
925,965
925,967
925,978
925,995
926,933
926,980
926,988
927,940
928,939
928,944
929,961
930,931
930,955
930,992
930,998
931,955
932,960
932,976
932,979
932,986
932,987
933,947
933,953
933,957
933,975
933,988
934,973
934,976
935,939
935,948
935,966
936,944
936,959
936,963
936,971
936,974
936,987
937,942
937,947
938,944
938,947
938,960
938,992
939,947
939,955
939,973
939,992
940,952
942,948
942,990
943,959
943,976
943,979
943,989
944,949
947,955
947,992
948,985
950,978
951,996
952,954
952,970
953,955
954,988
955,963
955,976
955,988
955,998
956,959
956,963
956,965
956,969
956,977
956,984
959,986
959,989
960,991
961,964
961,972
961,995
962,979
962,987
963,971
963,972
963,980
963,989
963,999
964,971
964,978
964,983
964,988
965,977
965,988
967,968
967,972
969,977
969,978
970,992
970,996
971,987
972,984
972,995
973,981
974,990
975,979
975,982
975,983
975,988
975,995
978,983
979,980
979,989
980,986
980,988
980,989
981,998
982,989
983,986
986,987
986,989
986,997
988,998
991,997
