source,target
0,3
0,5
0,38
0,41
0,54
0,61
0,108
0,138
0,196
0,214
0,251
0,252
0,294
0,360
0,368
0,398
0,410
0,415
0,468
0,476
0,495
0,533
0,544
0,554
0,599
0,631
0,659
0,699
0,717
0,778
0,785
0,790
0,798
0,834
0,835
0,843
0,863
0,880
0,896
0,902
0,921
0,934
0,971
0,987
0,990
0,996
1,12
1,68
1,74
1,77
1,114
1,121
1,133
1,171
1,191
1,259
1,287
1,304
1,352
1,358
1,368
1,378
1,452
1,475
1,476
1,479
1,493
1,496
1,546
1,548
1,560
1,569
1,572
1,592
1,611
1,618
1,633
1,683
1,724
1,727
1,728
1,744
1,760
1,770
1,822
1,825
1,863
1,872
1,924
1,967
1,969
2,11
2,29
2,39
2,60
2,63
2,70
2,83
2,131
2,140
2,151
2,159
2,183
2,210
2,225
2,234
2,272
2,320
2,322
2,335
2,336
2,365
2,369
2,381
2,401
2,402
2,410
2,450
2,478
2,495
2,556
2,574
2,578
2,580
2,604
2,612
2,639
2,694
2,697
2,711
2,730
2,745
2,764
2,840
2,845
2,852
2,853
2,865
2,874
2,894
2,904
2,914
2,922
2,926
2,930
2,945
2,965
2,985
2,989
3,163
3,202
3,251
3,295
3,298
3,323
3,337
3,340
3,378
3,421
3,434
3,437
3,449
3,451
3,469
3,555
3,558
3,583
3,609
3,635
3,669
3,707
3,725
3,781
3,782
3,815
3,841
3,854
3,859
3,900
3,901
3,927
3,948
3,954
3,956
3,963
4,9
4,11
4,13
4,42
4,63
4,67
4,114
4,138
4,166
4,173
4,177
4,216
4,236
4,246
4,267
4,286
4,291
4,297
4,312
4,313
4,325
4,340
4,365
4,379
4,393
4,396
4,398
4,410
4,420
4,438
4,439
4,443
4,444
4,460
4,466
4,472
4,479
4,481
4,485
4,492
4,493
4,498
4,539
4,546
4,549
4,560
4,575
4,594
4,604
4,607
4,608
4,609
4,612
4,615
4,627
4,634
4,648
4,649
4,673
4,683
4,686
4,697
4,709
4,715
4,725
4,758
4,760
4,773
4,794
4,810
4,817
4,841
4,890
4,899
4,900
4,903
4,933
4,939
4,948
4,960
4,979
5,18
5,27
5,54
5,72
5,111
5,129
5,168
5,197
5,286
5,293
5,304
5,370
5,397
5,405
5,425
5,452
5,468
5,521
5,539
5,572
5,588
5,638
5,817
5,818
5,842
5,950
5,981
6,36
6,109
6,329
6,404
6,406
6,499
6,526
6,587
6,661
6,679
6,721
6,782
6,790
6,841
6,882
6,962
7,26
7,38
7,56
7,91
7,101
7,116
7,132
7,141
7,206
7,232
7,340
7,383
7,403
7,406
7,484
7,556
7,574
7,592
7,620
7,627
7,701
7,709
7,763
7,792
7,803
7,817
7,824
7,829
7,840
7,846
7,872
7,888
7,890
7,942
7,966
8,11
8,32
8,76
8,91
8,109
8,150
8,187
8,195
8,206
8,228
8,239
8,263
8,283
8,287
8,295
8,300
8,302
8,311
8,337
8,347
8,369
8,375
8,410
8,414
8,426
8,427
8,430
8,435
8,441
8,443
8,501
8,510
8,527
8,555
8,559
8,576
8,593
8,638
8,660
8,683
8,687
8,731
8,735
8,740
8,747
8,760
8,771
8,783
8,790
8,807
8,828
8,829
8,838
8,889
8,903
8,939
8,979
8,987
9,13
9,15
9,23
9,38
9,80
9,108
9,120
9,134
9,136
9,141
9,150
9,180
9,183
9,185
9,208
9,243
9,244
9,249
9,265
9,280
9,319
9,328
9,337
9,357
9,367
9,384
9,403
9,407
9,427
9,440
9,446
9,447
9,452
9,460
9,490
9,497
9,504
9,515
9,531
9,569
9,618
9,629
9,639
9,667
9,683
9,686
9,692
9,697
9,739
9,760
9,767
9,787
9,788
9,791
9,822
9,827
9,842
9,870
9,900
9,909
9,933
9,936
9,941
9,984
10,32
10,165
10,170
10,191
10,192
10,223
10,234
10,279
10,327
10,370
10,436
10,450
10,451
10,477
10,496
10,509
10,532
10,615
10,622
10,641
10,697
10,808
10,833
11,64
11,102
11,127
11,148
11,251
11,253
11,297
11,304
11,366
11,418
11,421
11,435
11,446
11,480
11,498
11,510
11,521
11,522
11,528
11,544
11,559
11,615
11,618
11,637
11,640
11,648
11,649
11,654
11,661
11,664
11,671
11,678
11,683
11,714
11,724
11,726
11,730
11,743
11,791
11,794
11,806
11,809
11,847
11,852
11,867
11,870
11,877
11,878
11,884
11,890
11,902
11,903
11,911
11,932
11,942
11,952
11,963
12,15
12,18
12,84
12,90
12,91
12,212
12,227
12,238
12,299
12,337
12,457
12,497
12,499
12,536
12,564
12,610
12,654
12,744
12,750
12,793
12,846
12,853
12,960
12,964
12,991
13,22
13,24
13,49
13,76
13,89
13,90
13,92
13,93
13,101
13,102
13,117
13,146
13,154
13,157
13,158
13,167
13,172
13,177
13,187
13,190
13,192
13,207
13,219
13,220
13,225
13,229
13,232
13,285
13,287
13,295
13,298
13,319
13,323
13,326
13,329
13,350
13,352
13,366
13,370
13,384
13,402
13,420
13,428
13,442
13,445
13,446
13,456
13,459
13,480
13,486
13,489
13,505
13,507
13,532
13,539
13,544
13,557
13,560
13,581
13,588
13,590
13,593
13,596
13,608
13,637
13,662
13,675
13,676
13,712
13,716
13,737
13,739
13,740
13,741
13,756
13,786
13,787
13,792
13,815
13,830
13,832
13,835
13,848
13,855
13,878
13,889
13,895
13,899
13,922
13,926
13,935
13,938
13,941
13,995
13,996
14,48
14,97
14,169
14,257
14,417
14,438
14,452
14,517
14,568
14,604
14,642
14,678
14,759
14,809
14,810
14,813
14,902
14,965
14,974
14,984
15,21
15,27
15,41
15,67
15,73
15,133
15,135
15,172
15,199
15,209
15,244
15,361
15,386
15,445
15,470
15,485
15,492
15,493
15,514
15,555
15,588
15,594
15,598
15,602
15,638
15,639
15,642
15,682
15,728
15,740
15,811
15,835
15,836
15,864
15,895
15,916
15,920
15,937
15,956
15,971
15,985
15,997
16,113
16,114
16,345
16,389
16,412
16,431
16,440
16,567
16,662
16,664
16,684
16,704
16,718
16,756
16,842
16,862
16,922
16,981
16,998
16,999
17,20
17,29
17,33
17,214
17,241
17,285
17,385
17,403
17,451
17,542
17,589
17,633
17,651
17,723
17,767
17,779
17,842
17,923
17,968
17,993
18,77
18,93
18,132
18,138
18,146
18,184
18,238
18,275
18,353
18,373
18,392
18,444
18,456
18,575
18,576
18,584
18,593
18,683
18,717
18,729
18,731
18,892
18,928
18,963
18,972
18,996
19,20
19,35
19,57
19,117
19,129
19,140
19,142
19,154
19,173
19,186
19,189
19,229
19,251
19,259
19,263
19,276
19,295
19,302
19,336
19,347
19,349
19,359
19,365
19,373
19,386
19,395
19,398
19,403
19,412
19,427
19,430
19,486
19,505
19,526
19,539
19,564
19,576
19,590
19,617
19,627
19,692
19,731
19,752
19,757
19,758
19,768
19,773
19,805
19,810
19,828
19,849
19,907
19,920
19,943
19,960
19,998
20,34
20,59
20,65
20,103
20,146
20,157
20,160
20,168
20,174
20,194
20,206
20,208
20,230
20,238
20,242
20,251
20,267
20,291
20,295
20,298
20,333
20,359
20,391
20,393
20,407
20,435
20,470
20,481
20,497
20,537
20,539
20,558
20,582
20,590
20,594
20,596
20,618
20,628
20,664
20,677
20,730
20,740
20,741
20,767
20,782
20,837
20,842
20,855
20,862
20,882
20,892
20,903
20,924
20,929
20,941
20,963
20,965
21,26
21,107
21,108
21,110
21,121
21,187
21,208
21,281
21,288
21,409
21,570
21,623
21,724
21,782
21,842
21,869
21,941
21,957
22,88
22,105
22,108
22,129
22,161
22,207
22,211
22,222
22,224
22,287
22,322
22,343
22,360
22,375
22,378
22,388
22,394
22,458
22,459
22,469
22,472
22,483
22,485
22,538
22,577
22,592
22,608
22,638
22,657
22,725
22,778
22,780
22,782
22,787
22,803
22,820
22,824
22,859
22,986
22,994
22,997
23,28
23,66
23,83
23,93
23,96
23,121
23,157
23,240
23,247
23,258
23,261
23,320
23,345
23,384
23,399
23,402
23,404
23,429
23,433
23,446
23,458
23,484
23,502
23,523
23,544
23,583
23,588
23,598
23,606
23,629
23,638
23,712
23,740
23,746
23,754
23,775
23,788
23,806
23,827
23,841
23,851
23,935
23,942
23,958
23,999
24,35
24,39
24,90
24,93
24,121
24,126
24,182
24,189
24,225
24,247
24,255
24,295
24,314
24,333
24,334
24,338
24,340
24,345
24,361
24,369
24,376
24,414
24,420
24,421
24,437
24,461
24,496
24,510
24,521
24,522
24,537
24,540
24,544
24,575
24,585
24,593
24,626
24,659
24,664
24,702
24,707
24,711
24,712
24,720
24,758
24,773
24,805
24,819
24,833
24,870
24,877
24,895
24,922
24,941
24,973
25,51
25,74
25,100
25,127
25,136
25,162
25,178
25,209
25,250
25,296
25,327
25,371
25,379
25,419
25,433
25,450
25,462
25,491
25,538
25,583
25,606
25,625
25,654
25,671
25,682
25,690
25,711
25,766
25,768
25,774
25,820
25,834
25,840
25,850
25,895
25,904
25,928
25,930
25,943
25,960
25,996
26,34
26,60
26,110
26,160
26,366
26,367
26,370
26,454
26,485
26,565
26,578
26,591
26,600
26,622
26,646
26,672
26,698
26,719
26,748
26,760
26,782
26,832
26,876
26,902
26,910
26,929
26,957
26,969
26,978
26,986
27,45
27,54
27,64
27,110
27,121
27,132
27,135
27,147
27,165
27,176
27,179
27,196
27,198
27,248
27,253
27,318
27,331
27,353
27,355
27,366
27,396
27,400
27,439
27,445
27,487
27,516
27,523
27,534
27,541
27,548
27,555
27,695
27,711
27,712
27,716
27,749
27,778
27,797
27,837
27,840
27,877
27,899
27,903
27,906
27,920
28,85
28,166
28,241
28,252
28,269
28,274
28,276
28,277
28,317
28,344
28,349
28,375
28,416
28,448
28,450
28,467
28,476
28,483
28,542
28,559
28,569
28,572
28,584
28,588
28,599
28,633
28,639
28,675
28,683
28,691
28,692
28,719
28,735
28,784
28,790
28,867
28,912
28,931
28,957
29,49
29,66
29,91
29,130
29,146
29,148
29,150
29,158
29,199
29,215
29,227
29,229
29,230
29,255
29,300
29,347
29,350
29,380
29,389
29,408
29,423
29,469
29,496
29,516
29,549
29,560
29,582
29,583
29,602
29,612
29,663
29,684
29,686
29,693
29,698
29,711
29,719
29,725
29,730
29,745
29,748
29,753
29,782
29,797
29,812
29,843
29,875
29,881
29,933
29,940
29,950
29,954
29,995
30,32
30,75
30,128
30,136
30,146
30,147
30,148
30,157
30,194
30,195
30,229
30,285
30,287
30,299
30,302
30,324
30,325
30,333
30,420
30,447
30,465
30,505
30,508
30,516
30,556
30,559
30,575
30,585
30,614
30,621
30,644
30,675
30,677
30,678
30,697
30,720
30,756
30,778
30,789
30,795
30,819
30,838
30,847
30,899
30,966
30,984
30,987
31,88
31,89
31,100
31,221
31,297
31,375
31,386
31,402
31,408
31,427
31,428
31,458
31,487
31,497
31,517
31,526
31,544
31,547
31,584
31,589
31,707
31,711
31,723
31,736
31,758
31,858
31,910
31,941
31,947
31,969
31,995
31,999
32,52
32,56
32,129
32,138
32,159
32,169
32,184
32,209
32,218
32,256
32,281
32,314
32,336
32,337
32,348
32,375
32,388
32,405
32,411
32,417
32,443
32,507
32,511
32,523
32,571
32,592
32,599
32,641
32,661
32,662
32,699
32,711
32,764
32,817
32,845
32,858
32,865
32,901
32,907
32,937
32,965
32,975
33,41
33,55
33,98
33,118
33,161
33,168
33,170
33,205
33,226
33,239
33,249
33,273
33,295
33,334
33,345
33,367
33,370
33,372
33,394
33,410
33,453
33,461
33,585
33,589
33,591
33,604
33,616
33,638
33,714
33,731
33,773
33,797
33,816
33,817
33,828
33,835
33,886
33,897
33,899
33,907
33,936
34,51
34,59
34,77
34,116
34,117
34,132
34,135
34,156
34,191
34,197
34,216
34,231
34,247
34,262
34,268
34,466
34,469
34,515
34,538
34,578
34,601
34,621
34,622
34,633
34,663
34,673
34,690
34,743
34,781
34,794
34,820
34,850
34,869
34,875
34,881
34,908
34,928
34,938
34,946
34,963
34,989
35,36
35,37
35,48
35,66
35,73
35,82
35,103
35,109
35,128
35,208
35,259
35,285
35,296
35,321
35,339
35,345
35,347
35,430
35,476
35,484
35,565
35,593
35,663
35,678
35,685
35,709
35,717
35,719
35,735
35,748
35,753
35,758
35,776
35,777
35,782
35,799
35,809
35,819
35,834
35,899
35,941
35,992
36,38
36,63
36,138
36,156
36,163
36,218
36,264
36,274
36,293
36,298
36,299
36,304
36,308
36,309
36,316
36,317
36,367
36,368
36,373
36,385
36,400
36,401
36,409
36,432
36,437
36,446
36,458
36,462
36,463
36,537
36,539
36,545
36,558
36,587
36,595
36,604
36,610
36,624
36,630
36,635
36,642
36,647
36,654
36,688
36,727
36,741
36,754
36,765
36,767
36,786
36,800
36,809
36,820
36,880
36,890
36,915
36,919
36,952
36,963
36,966
36,982
36,988
37,55
37,141
37,197
37,236
37,249
37,262
37,271
37,326
37,335
37,339
37,362
37,365
37,389
37,414
37,510
37,535
37,538
37,544
37,586
37,627
37,688
37,733
37,750
37,793
37,794
37,836
37,844
37,869
37,892
37,949
37,950
38,91
38,112
38,130
38,153
38,207
38,296
38,326
38,340
38,360
38,429
38,444
38,451
38,455
38,485
38,487
38,545
38,562
38,570
38,593
38,626
38,632
38,637
38,643
38,655
38,665
38,705
38,732
38,735
38,752
38,797
38,807
38,851
38,909
38,947
38,972
39,43
39,81
39,87
39,91
39,123
39,138
39,177
39,200
39,230
39,309
39,331
39,363
39,410
39,413
39,421
39,446
39,447
39,449
39,459
39,494
39,498
39,534
39,537
39,539
39,544
39,555
39,576
39,672
39,694
39,706
39,727
39,752
39,770
39,772
39,778
39,784
39,814
39,831
39,892
39,900
39,938
39,943
39,947
40,75
40,109
40,110
40,120
40,125
40,184
40,187
40,191
40,198
40,200
40,214
40,230
40,238
40,299
40,324
40,340
40,348
40,350
40,364
40,386
40,430
40,436
40,438
40,445
40,481
40,483
40,494
40,521
40,547
40,585
40,607
40,608
40,611
40,617
40,648
40,661
40,684
40,763
40,771
40,783
40,803
40,863
40,870
40,872
40,882
40,890
40,902
40,920
40,944
40,953
40,995
40,996
41,43
41,46
41,50
41,74
41,77
41,112
41,116
41,117
41,120
41,155
41,245
41,254
41,277
41,283
41,285
41,299
41,301
41,309
41,322
41,333
41,375
41,407
41,418
41,427
41,445
41,466
41,472
41,477
41,481
41,496
41,559
41,561
41,574
41,589
41,601
41,607
41,615
41,629
41,652
41,669
41,680
41,691
41,701
41,702
41,709
41,726
41,730
41,743
41,782
41,786
41,807
41,815
41,816
41,828
41,873
41,892
41,943
41,949
41,951
41,995
42,55
42,99
42,105
42,119
42,128
42,137
42,138
42,142
42,156
42,162
42,166
42,169
42,181
42,196
42,287
42,288
42,324
42,342
42,359
42,371
42,380
42,408
42,409
42,412
42,444
42,506
42,548
42,577
42,585
42,635
42,667
42,674
42,687
42,713
42,716
42,752
42,787
42,788
42,797
42,818
42,855
42,872
42,892
42,893
42,904
42,905
42,936
42,941
42,954
42,968
42,977
43,73
43,93
43,104
43,108
43,122
43,139
43,167
43,173
43,194
43,215
43,222
43,237
43,240
43,296
43,315
43,343
43,349
43,373
43,385
43,426
43,449
43,469
43,486
43,521
43,522
43,542
43,570
43,645
43,649
43,670
43,708
43,739
43,744
43,829
43,906
43,908
43,911
43,918
43,921
43,944
43,948
43,956
43,961
43,963
43,966
43,982
44,64
44,116
44,208
44,218
44,241
44,291
44,337
44,355
44,376
44,386
44,445
44,514
44,522
44,527
44,534
44,576
44,580
44,616
44,623
44,636
44,672
44,689
44,746
44,783
44,801
44,825
44,827
44,833
44,913
44,922
44,927
44,928
45,59
45,111
45,159
45,174
45,175
45,181
45,185
45,288
45,331
45,391
45,443
45,481
45,498
45,537
45,560
45,594
45,600
45,628
45,645
45,668
45,673
45,726
45,758
45,763
45,927
45,928
45,956
45,971
45,992
46,67
46,70
46,76
46,85
46,113
46,157
46,162
46,164
46,182
46,202
46,206
46,262
46,264
46,265
46,277
46,304
46,308
46,329
46,339
46,347
46,350
46,384
46,391
46,420
46,421
46,428
46,430
46,433
46,435
46,445
46,446
46,520
46,540
46,547
46,555
46,560
46,587
46,588
46,598
46,620
46,627
46,640
46,661
46,662
46,666
46,677
46,707
46,752
46,757
46,761
46,770
46,772
46,773
46,776
46,791
46,795
46,801
46,813
46,841
46,842
46,847
46,855
46,865
46,878
46,883
46,894
46,901
46,928
46,941
46,956
47,50
47,72
47,81
47,113
47,188
47,196
47,258
47,311
47,391
47,405
47,418
47,440
47,444
47,469
47,495
47,595
47,746
47,766
47,789
47,817
47,825
47,857
47,867
47,872
47,909
47,936
47,972
48,76
48,84
48,108
48,122
48,123
48,127
48,182
48,191
48,192
48,207
48,210
48,227
48,228
48,239
48,240
48,242
48,262
48,265
48,268
48,275
48,296
48,307
48,329
48,332
48,337
48,347
48,354
48,367
48,375
48,383
48,403
48,405
48,420
48,427
48,430
48,431
48,446
48,463
48,475
48,479
48,483
48,496
48,525
48,537
48,548
48,551
48,555
48,559
48,575
48,578
48,581
48,583
48,585
48,588
48,595
48,602
48,650
48,653
48,667
48,676
48,690
48,697
48,699
48,700
48,707
48,712
48,716
48,719
48,728
48,730
48,731
48,803
48,809
48,810
48,813
48,824
48,842
48,845
48,874
48,878
48,885
48,891
48,892
48,898
48,902
48,904
48,909
48,920
48,926
48,938
48,947
48,960
48,966
48,978
48,986
49,61
49,130
49,136
49,138
49,293
49,400
49,436
49,437
49,458
49,474
49,612
49,657
49,677
49,706
49,806
49,830
49,903
49,912
49,930
50,141
50,171
50,181
50,188
50,210
50,219
50,225
50,247
50,250
50,266
50,269
50,293
50,299
50,315
50,342
50,374
50,376
50,402
50,406
50,407
50,408
50,484
50,491
50,495
50,501
50,503
50,513
50,519
50,542
50,565
50,614
50,616
50,640
50,663
50,701
50,727
50,764
50,803
50,817
50,823
50,871
50,918
50,927
50,954
50,958
51,97
51,267
51,395
51,507
51,622
51,630
51,635
51,641
51,666
51,682
51,721
51,806
51,807
51,842
51,901
51,905
51,995
52,116
52,158
52,161
52,223
52,227
52,243
52,253
52,315
52,326
52,328
52,361
52,370
52,391
52,425
52,467
52,475
52,521
52,553
52,602
52,607
52,619
52,627
52,668
52,685
52,689
52,709
52,740
52,749
52,795
52,800
52,815
52,820
52,829
52,859
52,867
52,899
52,909
52,929
52,948
52,970
53,64
53,100
53,114
53,115
53,118
53,248
53,275
53,276
53,282
53,308
53,336
53,352
53,373
53,401
53,413
53,437
53,492
53,503
53,521
53,588
53,635
53,650
53,661
53,684
53,702
53,727
53,750
53,753
53,769
53,778
53,789
53,790
53,809
53,868
53,870
53,952
53,962
54,150
54,190
54,202
54,225
54,241
54,281
54,389
54,432
54,454
54,476
54,564
54,614
54,632
54,672
54,680
54,725
54,750
54,754
54,767
54,780
54,838
54,852
54,853
54,883
55,76
55,78
55,133
55,137
55,166
55,178
55,259
55,282
55,294
55,301
55,355
55,361
55,374
55,375
55,391
55,395
55,412
55,427
55,438
55,440
55,460
55,467
55,472
55,476
55,479
55,480
55,539
55,552
55,562
55,624
55,630
55,639
55,644
55,674
55,701
55,703
55,708
55,740
55,747
55,766
55,790
55,799
55,800
55,805
55,815
55,817
55,821
55,827
55,839
55,860
55,868
55,883
55,895
55,905
55,907
55,929
55,959
55,962
55,969
55,980
55,999
56,79
56,113
56,145
56,158
56,169
56,201
56,370
56,376
56,390
56,391
56,464
56,483
56,488
56,558
56,616
56,676
56,677
56,725
56,731
56,743
56,756
56,768
56,769
56,779
56,814
56,899
56,918
56,930
56,979
57,91
57,119
57,220
57,232
57,246
57,253
57,255
57,287
57,317
57,320
57,328
57,397
57,409
57,454
57,537
57,544
57,623
57,659
57,689
57,693
57,706
57,753
57,795
57,800
57,825
57,871
57,973
58,106
58,110
58,121
58,123
58,161
58,173
58,180
58,222
58,269
58,290
58,301
58,439
58,532
58,535
58,537
58,587
58,689
58,713
58,720
58,741
58,811
58,828
58,863
58,874
58,937
59,79
59,113
59,118
59,135
59,142
59,256
59,270
59,280
59,285
59,309
59,369
59,380
59,400
59,455
59,456
59,506
59,509
59,563
59,610
59,623
59,637
59,639
59,675
59,727
59,827
59,851
59,875
59,893
59,916
59,971
59,985
59,998
60,63
60,66
60,77
60,89
60,244
60,266
60,290
60,311
60,432
60,461
60,474
60,494
60,526
60,535
60,556
60,622
60,633
60,637
60,641
60,659
60,663
60,759
60,800
60,830
60,986
61,82
61,90
61,120
61,142
61,224
61,239
61,262
61,302
61,361
61,375
61,376
61,431
61,459
61,460
61,487
61,509
61,554
61,559
61,562
61,588
61,602
61,622
61,626
61,627
61,637
61,646
61,654
61,683
61,699
61,741
61,777
61,828
61,862
61,868
61,880
61,890
61,935
61,960
61,978
62,67
62,92
62,109
62,113
62,129
62,148
62,186
62,192
62,207
62,239
62,242
62,248
62,254
62,277
62,289
62,323
62,335
62,340
62,350
62,358
62,371
62,377
62,392
62,404
62,410
62,420
62,457
62,472
62,481
62,491
62,503
62,508
62,527
62,546
62,578
62,586
62,588
62,590
62,617
62,626
62,631
62,633
62,645
62,646
62,683
62,685
62,689
62,690
62,695
62,709
62,715
62,777
62,782
62,783
62,790
62,798
62,799
62,813
62,815
62,816
62,845
62,878
62,892
62,899
62,900
62,918
62,938
62,953
62,956
62,972
62,977
63,158
63,233
63,358
63,402
63,508
63,526
63,547
63,557
63,606
63,759
63,816
63,901
63,921
63,922
63,936
63,965
64,105
64,121
64,132
64,152
64,172
64,207
64,219
64,225
64,341
64,342
64,382
64,412
64,428
64,497
64,513
64,516
64,517
64,536
64,550
64,644
64,645
64,712
64,716
64,727
64,747
64,760
64,814
64,890
64,898
64,900
64,923
64,929
64,957
65,69
65,109
65,128
65,153
65,212
65,226
65,243
65,261
65,265
65,283
65,308
65,319
65,333
65,341
65,345
65,349
65,380
65,413
65,427
65,438
65,450
65,481
65,502
65,550
65,559
65,575
65,581
65,585
65,592
65,603
65,625
65,630
65,661
65,668
65,675
65,678
65,702
65,705
65,741
65,767
65,819
65,901
65,920
65,922
65,948
65,949
65,997
66,75
66,84
66,103
66,122
66,133
66,153
66,154
66,213
66,219
66,262
66,287
66,309
66,323
66,333
66,334
66,338
66,360
66,374
66,375
66,385
66,434
66,459
66,461
66,471
66,481
66,484
66,486
66,491
66,501
66,515
66,527
66,534
66,541
66,543
66,559
66,565
66,598
66,607
66,619
66,630
66,638
66,670
66,671
66,716
66,728
66,746
66,808
66,814
66,823
66,827
66,848
66,887
66,890
66,904
66,909
66,911
66,933
67,87
67,150
67,155
67,157
67,164
67,200
67,207
67,214
67,217
67,240
67,243
67,248
67,257
67,262
67,273
67,287
67,299
67,303
67,354
67,369
67,391
67,395
67,407
67,429
67,434
67,440
67,441
67,469
67,482
67,495
67,501
67,505
67,510
67,527
67,640
67,648
67,661
67,674
67,683
67,697
67,705
67,712
67,730
67,734
67,744
67,746
67,779
67,801
67,809
67,810
67,824
67,831
67,849
67,863
67,885
67,898
67,942
67,948
67,976
67,985
67,997
68,112
68,122
68,182
68,188
68,217
68,244
68,247
68,261
68,312
68,349
68,366
68,384
68,402
68,471
68,496
68,515
68,537
68,539
68,565
68,581
68,669
68,753
68,760
68,780
68,781
68,797
68,812
68,813
68,835
68,868
68,873
68,881
68,884
68,959
69,88
69,108
69,113
69,133
69,182
69,203
69,251
69,260
69,353
69,445
69,446
69,497
69,616
69,620
69,696
69,747
69,915
69,930
69,934
69,981
70,71
70,83
70,113
70,186
70,209
70,353
70,417
70,421
70,427
70,462
70,545
70,555
70,570
70,596
70,644
70,662
70,746
70,749
70,782
70,822
70,826
70,847
70,867
70,888
70,901
70,912
70,942
70,955
70,982
70,989
71,81
71,103
71,135
71,138
71,149
71,173
71,199
71,216
71,225
71,269
71,281
71,302
71,340
71,348
71,357
71,371
71,410
71,445
71,497
71,501
71,530
71,537
71,551
71,557
71,590
71,591
71,615
71,623
71,645
71,683
71,727
71,785
71,854
71,858
71,898
71,909
72,99
72,118
72,123
72,124
72,158
72,163
72,246
72,248
72,268
72,315
72,324
72,350
72,383
72,396
72,460
72,508
72,536
72,563
72,673
72,703
72,740
72,771
72,786
72,812
72,833
72,868
72,874
72,904
72,922
72,946
72,950
72,983
73,81
73,92
73,114
73,144
73,146
73,149
73,158
73,166
73,182
73,189
73,223
73,255
73,265
73,302
73,312
73,314
73,319
73,337
73,339
73,344
73,347
73,403
73,428
73,430
73,479
73,490
73,498
73,499
73,531
73,550
73,591
73,610
73,630
73,656
73,663
73,670
73,675
73,686
73,691
73,709
73,746
73,753
73,795
73,835
73,890
73,893
73,898
73,913
73,971
74,116
74,118
74,119
74,121
74,129
74,153
74,169
74,194
74,211
74,238
74,240
74,246
74,322
74,337
74,340
74,358
74,366
74,374
74,403
74,406
74,411
74,458
74,465
74,480
74,502
74,515
74,534
74,544
74,586
74,598
74,648
74,691
74,697
74,716
74,719
74,776
74,779
74,791
74,900
74,919
74,929
74,938
74,939
74,984
75,133
75,176
75,180
75,246
75,277
75,291
75,294
75,319
75,320
75,350
75,391
75,403
75,654
75,662
75,863
75,865
75,902
75,928
75,983
76,88
76,105
76,108
76,120
76,133
76,143
76,144
76,150
76,170
76,173
76,200
76,211
76,217
76,260
76,265
76,267
76,269
76,277
76,283
76,304
76,319
76,329
76,333
76,346
76,361
76,369
76,382
76,393
76,394
76,402
76,414
76,420
76,430
76,435
76,437
76,440
76,448
76,459
76,469
76,481
76,492
76,495
76,505
76,510
76,518
76,523
76,525
76,539
76,542
76,550
76,569
76,593
76,596
76,615
76,637
76,649
76,676
76,692
76,695
76,709
76,728
76,730
76,738
76,740
76,744
76,767
76,768
76,778
76,801
76,805
76,810
76,811
76,817
76,819
76,828
76,842
76,844
76,847
76,851
76,873
76,887
76,893
76,894
76,906
76,925
76,929
76,930
76,938
76,948
76,954
76,974
76,975
76,995
77,98
77,130
77,217
77,237
77,275
77,292
77,323
77,326
77,347
77,348
77,401
77,488
77,498
77,510
77,560
77,565
77,575
77,620
77,635
77,676
77,678
77,716
77,782
77,803
77,814
77,868
77,884
77,933
77,936
77,947
77,948
77,952
77,968
78,117
78,201
78,210
78,225
78,229
78,296
78,302
78,323
78,339
78,394
78,397
78,436
78,458
78,466
78,496
78,535
78,544
78,555
78,583
78,590
78,594
78,603
78,618
78,621
78,645
78,713
78,769
78,772
78,798
78,825
78,831
78,834
78,890
78,904
78,907
78,924
78,936
78,956
78,972
79,88
79,134
79,196
79,268
79,280
79,310
79,399
79,417
79,503
79,522
79,528
79,548
79,549
79,571
79,598
79,599
79,759
79,790
79,842
79,846
79,856
79,880
79,896
79,930
79,987
80,90
80,102
80,108
80,138
80,139
80,155
80,157
80,158
80,168
80,169
80,187
80,208
80,248
80,250
80,298
80,332
80,364
80,369
80,374
80,383
80,427
80,429
80,504
80,511
80,527
80,537
80,543
80,552
80,553
80,569
80,570
80,593
80,661
80,677
80,686
80,753
80,776
80,782
80,786
80,799
80,808
80,828
80,829
80,832
80,841
80,851
80,856
80,878
80,889
80,946
80,976
81,103
81,128
81,140
81,162
81,188
81,195
81,213
81,223
81,248
81,326
81,353
81,359
81,373
81,432
81,450
81,459
81,468
81,515
81,553
81,603
81,611
81,618
81,623
81,659
81,670
81,696
81,707
81,742
81,775
81,792
81,802
81,810
81,832
81,883
81,885
81,887
81,889
81,926
81,950
81,952
81,991
82,136
82,196
82,222
82,231
82,232
82,248
82,266
82,309
82,326
82,345
82,354
82,357
82,369
82,387
82,421
82,427
82,444
82,456
82,467
82,528
82,545
82,549
82,551
82,561
82,582
82,591
82,603
82,606
82,648
82,652
82,655
82,661
82,681
82,684
82,717
82,737
82,748
82,751
82,784
82,785
82,817
82,819
82,854
82,868
82,905
82,938
82,986
83,158
83,165
83,166
83,177
83,181
83,188
83,202
83,227
83,228
83,250
83,282
83,302
83,341
83,410
83,440
83,443
83,445
83,462
83,466
83,483
83,499
83,531
83,535
83,544
83,553
83,578
83,630
83,650
83,663
83,681
83,746
83,753
83,801
83,819
83,841
83,850
83,867
83,868
83,926
83,954
83,975
83,979
84,122
84,130
84,141
84,144
84,168
84,203
84,205
84,206
84,213
84,221
84,224
84,229
84,265
84,280
84,285
84,291
84,445
84,458
84,472
84,480
84,487
84,502
84,517
84,547
84,551
84,562
84,563
84,574
84,587
84,637
84,657
84,678
84,704
84,707
84,756
84,766
84,777
84,784
84,792
84,808
84,819
84,829
84,830
84,855
84,933
85,89
85,122
85,169
85,211
85,212
85,255
85,283
85,323
85,328
85,338
85,356
85,384
85,397
85,415
85,519
85,533
85,558
85,578
85,661
85,662
85,684
85,698
85,740
85,753
85,775
85,835
85,840
85,858
85,914
85,952
85,961
85,982
86,128
86,211
86,334
86,363
86,386
86,405
86,511
86,544
86,834
86,851
86,913
86,986
87,118
87,125
87,139
87,143
87,157
87,213
87,222
87,251
87,253
87,255
87,263
87,265
87,287
87,301
87,314
87,321
87,323
87,326
87,335
87,345
87,369
87,371
87,391
87,425
87,445
87,456
87,475
87,485
87,491
87,539
87,582
87,596
87,597
87,626
87,675
87,690
87,696
87,699
87,712
87,720
87,728
87,757
87,759
87,761
87,766
87,770
87,816
87,831
87,836
87,843
87,844
87,851
87,859
87,860
87,868
87,883
87,907
87,908
87,924
87,942
87,945
87,949
87,954
87,962
88,117
88,132
88,189
88,220
88,247
88,250
88,259
88,261
88,283
88,299
88,312
88,327
88,332
88,354
88,365
88,371
88,372
88,375
88,395
88,429
88,475
88,489
88,506
88,521
88,541
88,549
88,560
88,593
88,596
88,612
88,687
88,689
88,697
88,701
88,706
88,715
88,720
88,747
88,760
88,781
88,828
88,834
88,842
88,847
88,868
88,892
88,911
88,944
88,953
88,954
88,977
89,92
89,141
89,180
89,208
89,278
89,333
89,361
89,408
89,441
89,447
89,501
89,507
89,519
89,521
89,537
89,539
89,568
89,581
89,590
89,609
89,615
89,622
89,646
89,674
89,702
89,715
89,716
89,723
89,727
89,734
89,772
89,791
89,816
89,818
89,827
89,831
89,848
89,859
89,948
89,960
89,971
89,976
89,984
89,986
90,92
90,97
90,108
90,120
90,154
90,165
90,173
90,198
90,207
90,208
90,256
90,262
90,295
90,298
90,299
90,304
90,323
90,326
90,328
90,335
90,343
90,366
90,368
90,370
90,399
90,429
90,430
90,438
90,516
90,526
90,540
90,543
90,585
90,588
90,618
90,638
90,665
90,670
90,740
90,771
90,798
90,815
90,838
90,847
90,854
90,865
90,870
90,875
90,918
90,948
90,964
91,97
91,127
91,133
91,160
91,197
91,204
91,213
91,217
91,230
91,233
91,255
91,273
91,277
91,286
91,306
91,376
91,426
91,445
91,464
91,471
91,473
91,481
91,495
91,497
91,512
91,514
91,516
91,522
91,528
91,530
91,551
91,572
91,586
91,612
91,615
91,617
91,631
91,636
91,653
91,659
91,707
91,711
91,722
91,755
91,788
91,793
91,816
91,821
91,867
91,887
91,896
91,902
91,916
91,950
91,954
91,977
91,985
91,987
91,999
92,104
92,117
92,125
92,129
92,132
92,169
92,173
92,178
92,197
92,209
92,229
92,241
92,242
92,247
92,270
92,299
92,302
92,303
92,315
92,324
92,358
92,379
92,382
92,383
92,394
92,427
92,437
92,438
92,445
92,450
92,476
92,494
92,508
92,509
92,558
92,559
92,609
92,699
92,716
92,731
92,770
92,780
92,795
92,809
92,815
92,874
92,890
92,976
93,117
93,118
93,127
93,148
93,149
93,150
93,156
93,165
93,177
93,194
93,206
93,215
93,238
93,247
93,256
93,261
93,272
93,273
93,329
93,363
93,364
93,367
93,371
93,392
93,400
93,407
93,447
93,462
93,463
93,473
93,498
93,502
93,537
93,557
93,582
93,593
93,598
93,605
93,608
93,620
93,640
93,651
93,663
93,670
93,680
93,688
93,695
93,704
93,706
93,707
93,708
93,715
93,734
93,740
93,741
93,746
93,750
93,752
93,768
93,781
93,787
93,788
93,807
93,812
93,820
93,845
93,866
93,879
93,885
93,893
93,897
93,905
93,936
93,944
93,965
93,973
93,977
93,983
93,986
94,157
94,193
94,202
94,240
94,295
94,308
94,310
94,329
94,341
94,503
94,532
94,550
94,609
94,619
94,639
94,657
94,821
94,896
95,199
95,378
95,420
95,493
95,652
95,686
95,737
95,772
95,790
95,825
95,843
95,848
95,864
95,868
95,910
95,913
96,99
96,141
96,154
96,162
96,172
96,190
96,208
96,219
96,240
96,243
96,339
96,363
96,394
96,398
96,408
96,448
96,459
96,477
96,510
96,536
96,546
96,559
96,573
96,574
96,630
96,649
96,662
96,697
96,705
96,706
96,734
96,754
96,798
96,810
96,819
96,828
96,841
96,842
96,845
96,860
96,863
96,873
96,877
96,889
96,890
96,939
96,949
96,952
97,148
97,209
97,253
97,269
97,366
97,414
97,433
97,462
97,505
97,534
97,550
97,560
97,608
97,628
97,693
97,724
97,849
97,889
97,912
97,932
98,103
98,123
98,133
98,138
98,153
98,158
98,206
98,211
98,242
98,245
98,248
98,256
98,266
98,267
98,289
98,295
98,347
98,358
98,383
98,406
98,460
98,470
98,474
98,493
98,508
98,511
98,522
98,563
98,585
98,588
98,610
98,630
98,634
98,636
98,639
98,644
98,645
98,665
98,752
98,786
98,806
98,820
98,834
98,852
98,881
98,885
98,896
98,910
98,932
98,961
98,982
99,143
99,189
99,217
99,261
99,302
99,327
99,338
99,341
99,406
99,413
99,456
99,571
99,649
99,653
99,667
99,815
99,828
99,843
99,875
99,914
99,922
99,941
99,959
100,110
100,131
100,143
100,180
100,215
100,219
100,223
100,228
100,272
100,373
100,407
100,431
100,445
100,465
100,508
100,525
100,541
100,576
100,596
100,635
100,719
100,730
100,751
100,761
100,763
100,772
100,775
100,807
100,811
100,821
100,833
100,897
100,905
100,939
100,965
100,974
100,977
100,986
100,992
101,227
101,249
101,290
101,314
101,331
101,358
101,449
101,502
101,721
101,778
101,804
101,810
101,827
101,854
101,855
101,906
101,921
101,987
101,992
101,993
102,112
102,121
102,140
102,147
102,168
102,175
102,179
102,193
102,194
102,203
102,217
102,227
102,242
102,262
102,271
102,273
102,349
102,382
102,402
102,444
102,549
102,562
102,586
102,657
102,681
102,693
102,719
102,735
102,739
102,740
102,772
102,828
102,830
102,887
102,929
103,113
103,121
103,125
103,131
103,170
103,175
103,195
103,197
103,245
103,283
103,303
103,333
103,377
103,389
103,392
103,405
103,413
103,463
103,481
103,482
103,509
103,531
103,538
103,583
103,659
103,752
103,779
103,793
103,803
103,804
103,805
103,817
103,833
103,874
103,887
103,916
103,939
103,947
103,948
104,115
104,121
104,186
104,202
104,259
104,273
104,299
104,322
104,331
104,340
104,471
104,495
104,727
104,772
104,775
104,781
104,806
104,813
104,826
104,845
104,916
104,981
105,145
105,177
105,200
105,265
105,267
105,268
105,272
105,283
105,327
105,340
105,381
105,390
105,395
105,400
105,406
105,465
105,471
105,477
105,516
105,548
105,588
105,589
105,608
105,651
105,660
105,700
105,759
105,814
105,836
105,849
105,853
105,876
105,882
105,900
105,921
105,972
105,976
106,170
106,230
106,292
106,340
106,378
106,411
106,423
106,430
106,438
106,440
106,470
106,508
106,511
106,567
106,570
106,612
106,651
106,701
106,727
106,763
106,777
106,824
106,848
106,989
107,160
107,223
107,240
107,242
107,244
107,279
107,320
107,365
107,480
107,485
107,490
107,587
107,633
107,671
107,699
107,715
107,834
107,872
107,906
107,962
108,109
108,120
108,134
108,139
108,146
108,155
108,175
108,177
108,182
108,187
108,191
108,194
108,207
108,208
108,220
108,227
108,248
108,250
108,258
108,260
108,277
108,282
108,287
108,304
108,312
108,322
108,346
108,359
108,370
108,372
108,385
108,388
108,389
108,393
108,413
108,415
108,438
108,447
108,461
108,482
108,489
108,496
108,502
108,504
108,508
108,509
108,537
108,542
108,547
108,554
108,581
108,593
108,596
108,599
108,620
108,623
108,634
108,660
108,687
108,694
108,695
108,725
108,730
108,731
108,732
108,745
108,750
108,757
108,761
108,771
108,773
108,779
108,783
108,807
108,810
108,817
108,838
108,839
108,847
108,854
108,855
108,886
108,892
108,894
108,899
108,909
108,915
108,929
108,933
108,936
108,939
108,963
108,966
108,969
108,974
108,990
109,144
109,153
109,163
109,194
109,240
109,274
109,286
109,290
109,304
109,312
109,340
109,343
109,347
109,349
109,407
109,428
109,490
109,494
109,498
109,523
109,543
109,548
109,582
109,608
109,618
109,629
109,630
109,640
109,684
109,712
109,717
109,732
109,737
109,797
109,810
109,819
109,824
109,828
109,849
109,885
109,886
109,900
110,157
110,158
110,182
110,212
110,227
110,239
110,284
110,287
110,292
110,297
110,301
110,315
110,320
110,375
110,378
110,419
110,421
110,446
110,448
110,461
110,467
110,494
110,539
110,546
110,574
110,577
110,638
110,646
110,660
110,680
110,761
110,821
110,834
110,854
110,881
110,910
110,947
110,977
110,983
110,999
111,121
111,149
111,158
111,163
111,204
111,243
111,275
111,326
111,349
111,396
111,435
111,526
111,544
111,547
111,555
111,578
111,615
111,711
111,791
111,851
111,854
111,895
111,982
112,128
112,140
112,172
112,190
112,197
112,221
112,230
112,239
112,299
112,329
112,335
112,352
112,355
112,394
112,410
112,422
112,434
112,449
112,488
112,490
112,555
112,568
112,576
112,599
112,602
112,637
112,642
112,650
112,661
112,684
112,696
112,704
112,712
112,792
112,794
112,849
112,851
112,891
112,967
113,117
113,118
113,119
113,154
113,175
113,181
113,197
113,199
113,200
113,201
113,227
113,242
113,248
113,259
113,293
113,299
113,332
113,366
113,367
113,374
113,389
113,393
113,394
113,410
113,413
113,414
113,421
113,427
113,428
113,470
113,475
113,484
113,502
113,507
113,518
113,521
113,534
113,537
113,556
113,573
113,598
113,602
113,603
113,612
113,631
113,634
113,679
113,682
113,692
113,725
113,740
113,780
113,782
113,789
113,798
113,799
113,829
113,845
113,849
113,854
113,868
113,874
113,894
113,903
113,904
113,914
113,935
113,939
113,948
113,981
113,991
114,144
114,156
114,170
114,181
114,188
114,194
114,211
114,212
114,227
114,267
114,307
114,309
114,313
114,328
114,340
114,366
114,379
114,406
114,410
114,433
114,476
114,484
114,485
114,498
114,527
114,585
114,624
114,627
114,640
114,650
114,667
114,668
114,677
114,707
114,781
114,809
114,816
114,831
114,832
114,859
114,887
114,889
114,899
114,907
114,911
114,918
114,920
114,930
114,937
114,938
114,945
115,117
115,129
115,181
115,246
115,248
115,275
115,279
115,331
115,337
115,397
115,409
115,460
115,487
115,498
115,555
115,600
115,611
115,619
115,635
115,649
115,659
115,692
115,707
115,740
115,779
115,849
115,905
115,924
115,930
115,935
115,949
116,141
116,147
116,247
116,248
116,255
116,256
116,265
116,275
116,282
116,299
116,312
116,348
116,381
116,423
116,426
116,435
116,456
116,463
116,466
116,471
116,532
116,535
116,542
116,545
116,555
116,568
116,597
116,615
116,627
116,656
116,659
116,663
116,685
116,686
116,705
116,709
116,717
116,731
116,737
116,752
116,756
116,765
116,775
116,785
116,787
116,788
116,811
116,814
116,832
116,835
116,840
116,848
116,851
116,865
116,891
116,899
116,906
116,913
116,961
116,980
116,984
116,994
116,999
117,122
117,139
117,141
117,161
117,207
117,225
117,242
117,248
117,316
117,332
117,339
117,342
117,350
117,354
117,366
117,384
117,425
117,427
117,435
117,456
117,469
117,504
117,510
117,534
117,603
117,620
117,626
117,645
117,651
117,654
117,683
117,773
117,782
117,787
117,801
117,805
117,813
117,815
117,816
117,824
117,826
117,842
117,855
117,872
117,885
117,915
117,941
117,984
118,126
118,142
118,211
118,251
118,253
118,258
118,261
118,262
118,267
118,284
118,285
118,286
118,295
118,326
118,339
118,342
118,343
118,346
118,369
118,374
118,409
118,418
118,426
118,447
118,458
118,469
118,510
118,515
118,532
118,567
118,596
118,599
118,621
118,663
118,684
118,724
118,740
118,773
118,781
118,795
118,824
118,831
118,880
118,897
118,916
118,920
118,949
118,966
119,140
119,183
119,194
119,196
119,239
119,257
119,258
119,268
119,284
119,353
119,399
119,403
119,437
119,516
119,530
119,539
119,547
119,568
119,675
119,696
119,716
119,727
119,749
119,756
119,758
119,874
119,922
120,122
120,134
120,135
120,140
120,148
120,168
120,182
120,207
120,224
120,229
120,232
120,245
120,248
120,256
120,261
120,270
120,275
120,279
120,302
120,304
120,308
120,314
120,325
120,333
120,344
120,347
120,349
120,361
120,369
120,388
120,391
120,397
120,411
120,412
120,427
120,428
120,442
120,449
120,455
120,504
120,506
120,561
120,569
120,600
120,603
120,620
120,640
120,648
120,653
120,707
120,715
120,716
120,748
120,771
120,786
120,789
120,815
120,844
120,866
120,884
120,887
120,897
120,902
120,919
120,946
120,958
120,960
120,963
120,995
121,129
121,134
121,159
121,164
121,170
121,197
121,213
121,228
121,248
121,299
121,318
121,328
121,353
121,354
121,376
121,379
121,403
121,430
121,432
121,437
121,469
121,474
121,570
121,592
121,632
121,654
121,687
121,708
121,711
121,712
121,720
121,730
121,731
121,740
121,748
121,756
121,796
121,823
121,825
121,868
121,884
121,913
121,919
121,977
122,125
122,127
122,136
122,162
122,191
122,200
122,207
122,222
122,223
122,228
122,239
122,262
122,265
122,277
122,280
122,299
122,325
122,339
122,354
122,368
122,375
122,424
122,430
122,449
122,453
122,470
122,504
122,539
122,561
122,589
122,593
122,600
122,606
122,607
122,638
122,661
122,697
122,716
122,720
122,739
122,762
122,765
122,767
122,782
122,799
122,853
122,859
122,866
122,878
122,889
122,899
122,938
122,977
123,147
123,192
123,239
123,255
123,262
123,265
123,274
123,297
123,300
123,315
123,318
123,395
123,402
123,406
123,413
123,474
123,488
123,491
123,507
123,517
123,547
123,549
123,558
123,574
123,587
123,617
123,629
123,678
123,701
123,733
123,736
123,741
123,785
123,795
123,833
123,840
123,850
123,866
123,896
123,941
123,962
123,963
123,969
124,159
124,174
124,189
124,196
124,203
124,240
124,244
124,285
124,328
124,337
124,356
124,365
124,372
124,420
124,423
124,454
124,458
124,479
124,501
124,537
124,604
124,624
124,634
124,653
124,658
124,688
124,703
124,720
124,724
124,795
124,814
124,866
124,885
124,898
124,943
124,980
125,127
125,135
125,138
125,219
125,228
125,241
125,287
125,290
125,302
125,313
125,344
125,353
125,354
125,360
125,379
125,421
125,483
125,517
125,604
125,611
125,615
125,663
125,675
125,694
125,696
125,716
125,789
125,795
125,848
125,850
125,864
125,876
125,926
125,977
125,986
126,142
126,181
126,193
126,248
126,253
126,287
126,294
126,311
126,356
126,364
126,390
126,420
126,473
126,515
126,555
126,561
126,589
126,672
126,686
126,690
126,719
126,769
126,828
126,873
126,889
126,897
126,899
126,901
126,985
127,146
127,195
127,234
127,272
127,321
127,341
127,388
127,470
127,498
127,502
127,539
127,547
127,558
127,559
127,582
127,583
127,662
127,677
127,691
127,695
127,713
127,759
127,792
127,795
127,805
127,813
127,816
127,953
128,139
128,158
128,198
128,220
128,233
128,283
128,285
128,292
128,293
128,323
128,354
128,358
128,372
128,377
128,385
128,388
128,423
128,430
128,435
128,482
128,510
128,513
128,518
128,542
128,553
128,612
128,671
128,675
128,714
128,716
128,727
128,821
128,842
128,855
128,861
128,876
128,892
128,913
128,930
128,985
128,993
129,145
129,152
129,174
129,175
129,205
129,207
129,213
129,219
129,224
129,225
129,256
129,307
129,309
129,315
129,361
129,375
129,387
129,433
129,459
129,463
129,492
129,546
129,556
129,561
129,570
129,586
129,596
129,632
129,641
129,666
129,683
129,700
129,706
129,731
129,794
129,815
129,827
129,841
129,867
129,885
129,892
129,929
129,939
129,948
129,969
129,977
129,979
129,981
129,982
130,160
130,164
130,169
130,182
130,208
130,260
130,271
130,276
130,291
130,301
130,309
130,313
130,335
130,339
130,353
130,387
130,392
130,402
130,413
130,459
130,516
130,519
130,537
130,547
130,562
130,593
130,758
130,776
130,779
130,799
130,839
130,843
130,867
130,903
130,947
130,950
130,962
131,159
131,180
131,232
131,241
131,247
131,322
131,340
131,413
131,489
131,499
131,523
131,576
131,615
131,628
131,753
131,799
131,818
131,871
131,877
131,929
131,946
131,993
132,141
132,143
132,185
132,227
132,252
132,265
132,282
132,286
132,298
132,301
132,318
132,319
132,331
132,362
132,378
132,388
132,410
132,429
132,513
132,536
132,561
132,570
132,574
132,714
132,784
132,821
132,831
132,914
132,915
132,929
132,948
132,994
133,154
133,157
133,162
133,164
133,194
133,259
133,290
133,302
133,366
133,485
133,502
133,503
133,587
133,608
133,638
133,645
133,663
133,673
133,683
133,695
133,713
133,719
133,740
133,760
133,772
133,787
133,806
133,831
133,849
133,854
133,873
133,879
133,912
133,949
133,964
133,987
133,998
134,137
134,142
134,188
134,202
134,254
134,255
134,299
134,313
134,317
134,352
134,374
134,413
134,445
134,564
134,591
134,656
134,687
134,722
134,743
134,892
134,917
134,930
134,945
134,987
135,142
135,152
135,153
135,160
135,180
135,187
135,190
135,205
135,207
135,216
135,319
135,336
135,368
135,383
135,418
135,438
135,451
135,460
135,465
135,516
135,522
135,524
135,610
135,624
135,711
135,749
135,750
135,765
135,791
135,798
135,849
135,859
135,864
135,868
135,889
135,922
135,930
136,137
136,143
136,210
136,233
136,247
136,254
136,290
136,299
136,314
136,326
136,332
136,353
136,359
136,365
136,407
136,412
136,427
136,429
136,506
136,520
136,524
136,554
136,581
136,588
136,596
136,634
136,654
136,657
136,660
136,661
136,702
136,732
136,780
136,798
136,838
136,884
136,886
136,935
136,942
136,949
136,979
136,991
136,995
136,998
137,139
137,141
137,158
137,160
137,184
137,200
137,202
137,218
137,236
137,239
137,240
137,242
137,256
137,296
137,299
137,301
137,313
137,345
137,369
137,376
137,399
137,405
137,406
137,456
137,465
137,534
137,555
137,603
137,609
137,620
137,631
137,646
137,651
137,664
137,667
137,670
137,673
137,715
137,723
137,735
137,736
137,747
137,783
137,804
137,831
137,851
137,855
137,873
137,889
137,903
137,921
137,929
137,939
137,948
137,958
137,972
138,166
138,167
138,179
138,184
138,224
138,228
138,247
138,257
138,272
138,286
138,408
138,409
138,448
138,503
138,507
138,545
138,598
138,604
138,651
138,737
138,832
138,861
138,867
138,889
138,942
139,151
139,155
139,161
139,189
139,208
139,227
139,240
139,243
139,251
139,274
139,280
139,289
139,292
139,300
139,303
139,325
139,351
139,355
139,371
139,427
139,430
139,431
139,442
139,499
139,501
139,518
139,532
139,548
139,555
139,562
139,569
139,587
139,598
139,608
139,621
139,625
139,638
139,649
139,655
139,660
139,700
139,712
139,735
139,748
139,780
139,782
139,795
139,801
139,826
139,830
139,834
139,835
139,849
139,907
139,925
139,927
139,956
139,960
139,967
139,986
139,990
140,183
140,322
140,330
140,346
140,377
140,425
140,453
140,478
140,498
140,576
140,579
140,587
140,600
140,605
140,787
140,804
140,810
140,835
140,862
140,894
140,904
140,947
141,153
141,154
141,176
141,189
141,199
141,212
141,228
141,236
141,265
141,303
141,314
141,323
141,342
141,348
141,376
141,386
141,396
141,415
141,431
141,436
141,442
141,447
141,463
141,465
141,476
141,479
141,489
141,499
141,525
141,557
141,575
141,585
141,592
141,599
141,607
141,624
141,629
141,646
141,649
141,675
141,694
141,713
141,715
141,727
141,732
141,733
141,753
141,781
141,798
141,821
141,832
141,849
141,874
141,880
141,887
141,895
141,929
141,934
141,939
141,948
141,949
141,975
141,977
141,978
141,994
142,162
142,170
142,172
142,190
142,199
142,201
142,226
142,235
142,249
142,270
142,289
142,303
142,312
142,341
142,362
142,370
142,374
142,380
142,401
142,445
142,453
142,511
142,516
142,527
142,536
142,544
142,568
142,608
142,618
142,621
142,624
142,636
142,666
142,674
142,707
142,715
142,716
142,732
142,743
142,752
142,760
142,762
142,807
142,829
142,835
142,851
142,856
142,878
142,895
142,926
142,953
142,956
142,960
142,980
142,983
142,988
142,997
143,158
143,174
143,178
143,180
143,243
143,296
143,328
143,398
143,464
143,506
143,575
143,581
143,593
143,611
143,618
143,674
143,687
143,701
143,709
143,719
143,722
143,734
143,756
143,766
143,775
143,779
143,781
143,805
143,807
143,821
143,827
143,839
143,901
143,911
143,916
143,938
143,966
143,970
144,152
144,154
144,158
144,166
144,168
144,194
144,198
144,249
144,268
144,274
144,292
144,303
144,319
144,340
144,372
144,401
144,415
144,417
144,420
144,421
144,427
144,445
144,452
144,462
144,473
144,508
144,511
144,521
144,577
144,629
144,664
144,684
144,738
144,741
144,750
144,759
144,781
144,809
144,817
144,818
144,877
144,882
144,924
144,926
144,942
144,943
144,966
144,977
144,981
145,146
145,147
145,148
145,155
145,174
145,178
145,181
145,189
145,197
145,198
145,200
145,211
145,213
145,214
145,238
145,259
145,261
145,283
145,288
145,308
145,332
145,334
145,335
145,350
145,375
145,378
145,380
145,396
145,420
145,433
145,472
145,475
145,476
145,479
145,481
145,504
145,505
145,520
145,525
145,547
145,555
145,561
145,564
145,588
145,591
145,592
145,598
145,644
145,650
145,664
145,699
145,703
145,709
145,713
145,735
145,779
145,781
145,786
145,787
145,797
145,799
145,805
145,810
145,831
145,841
145,842
145,851
145,856
145,860
145,863
145,877
145,890
145,892
145,915
145,953
145,960
145,998
146,148
146,164
146,165
146,173
146,177
146,223
146,224
146,229
146,263
146,265
146,267
146,299
146,302
146,308
146,319
146,350
146,357
146,360
146,361
146,372
146,396
146,421
146,435
146,442
146,467
146,475
146,476
146,481
146,505
146,510
146,516
146,520
146,525
146,567
146,571
146,582
146,585
146,592
146,593
146,598
146,622
146,634
146,650
146,660
146,677
146,681
146,682
146,701
146,724
146,730
146,760
146,761
146,778
146,780
146,785
146,786
146,792
146,801
146,812
146,814
146,844
146,851
146,875
146,879
146,921
146,922
146,928
146,977
147,164
147,201
147,208
147,263
147,307
147,331
147,350
147,389
147,397
147,413
147,436
147,446
147,450
147,507
147,521
147,549
147,559
147,632
147,719
147,720
147,731
147,735
147,792
147,814
147,858
147,865
147,871
147,929
147,956
147,990
148,152
148,154
148,155
148,159
148,178
148,200
148,203
148,214
148,223
148,227
148,240
148,247
148,248
148,251
148,265
148,267
148,271
148,276
148,292
148,295
148,297
148,303
148,323
148,354
148,380
148,414
148,418
148,420
148,423
148,429
148,441
148,456
148,523
148,541
148,552
148,553
148,555
148,596
148,609
148,674
148,677
148,681
148,708
148,733
148,740
148,741
148,758
148,767
148,771
148,781
148,801
148,819
148,825
148,831
148,838
148,851
148,866
149,226
149,314
149,356
149,398
149,416
149,452
149,509
149,537
149,541
149,552
149,564
149,607
149,620
149,635
149,686
149,692
149,739
149,768
149,817
149,833
149,857
149,933
149,996
150,155
150,158
150,208
150,238
150,277
150,287
150,319
150,320
150,328
150,335
150,338
150,341
150,342
150,354
150,358
150,363
150,384
150,442
150,445
150,463
150,467
150,488
150,504
150,572
150,583
150,592
150,714
150,726
150,735
150,780
150,781
150,787
150,801
150,806
150,826
150,841
150,851
150,880
150,889
150,899
150,920
150,924
151,167
151,184
151,186
151,266
151,294
151,476
151,495
151,498
151,530
151,612
151,683
151,876
151,923
152,157
152,164
152,208
152,219
152,251
152,253
152,256
152,292
152,295
152,299
152,314
152,328
152,340
152,347
152,430
152,446
152,543
152,570
152,578
152,584
152,589
152,602
152,620
152,631
152,662
152,664
152,677
152,687
152,703
152,705
152,710
152,719
152,731
152,732
152,799
152,811
152,865
152,873
152,883
152,892
152,918
152,920
152,925
152,927
152,929
152,943
152,992
153,170
153,187
153,203
153,220
153,226
153,252
153,274
153,354
153,357
153,361
153,365
153,403
153,418
153,421
153,447
153,497
153,504
153,507
153,519
153,539
153,540
153,564
153,578
153,585
153,621
153,638
153,648
153,684
153,702
153,737
153,755
153,773
153,791
153,862
153,872
153,901
153,929
153,984
153,998
154,189
154,191
154,238
154,298
154,303
154,304
154,326
154,328
154,329
154,385
154,401
154,451
154,454
154,461
154,467
154,475
154,529
154,543
154,546
154,572
154,593
154,620
154,649
154,651
154,654
154,662
154,671
154,683
154,730
154,747
154,750
154,751
154,753
154,755
154,772
154,780
154,781
154,798
154,809
154,819
154,827
154,831
154,842
154,853
154,873
154,892
154,899
154,901
154,903
154,920
154,924
154,956
154,962
155,199
155,203
155,213
155,238
155,240
155,244
155,247
155,249
155,259
155,263
155,275
155,283
155,310
155,361
155,369
155,372
155,398
155,400
155,406
155,440
155,446
155,463
155,469
155,490
155,510
155,525
155,532
155,544
155,567
155,586
155,614
155,616
155,637
155,699
155,709
155,714
155,725
155,730
155,755
155,760
155,769
155,773
155,775
155,776
155,779
155,803
155,810
155,812
155,817
155,819
155,829
155,847
155,848
155,878
155,894
155,898
155,920
155,944
155,977
155,993
156,232
156,253
156,340
156,353
156,404
156,414
156,422
156,425
156,486
156,559
156,611
156,664
156,682
156,780
156,785
156,799
156,825
156,831
156,833
156,844
156,912
156,933
156,944
157,213
157,227
157,277
157,280
157,298
157,304
157,325
157,326
157,327
157,334
157,350
157,356
157,359
157,372
157,410
157,485
157,491
157,494
157,500
157,505
157,546
157,548
157,549
157,555
157,564
157,569
157,603
157,618
157,661
157,688
157,712
157,715
157,727
157,730
157,735
157,747
157,749
157,759
157,760
157,771
157,776
157,779
157,828
157,830
157,840
157,860
157,873
157,878
157,881
157,894
157,903
157,929
157,938
157,998
158,164
158,167
158,172
158,186
158,190
158,194
158,225
158,247
158,248
158,253
158,268
158,284
158,287
158,303
158,308
158,320
158,325
158,328
158,330
158,347
158,353
158,368
158,369
158,374
158,391
158,393
158,396
158,399
158,400
158,409
158,428
158,435
158,446
158,449
158,557
158,562
158,581
158,617
158,633
158,640
158,653
158,656
158,658
158,677
158,683
158,717
158,720
158,721
158,727
158,730
158,735
158,778
158,781
158,789
158,791
158,799
158,812
158,819
158,841
158,851
158,887
158,895
158,903
158,911
158,916
158,941
158,948
158,976
159,184
159,186
159,215
159,227
159,265
159,277
159,293
159,302
159,329
159,500
159,519
159,528
159,531
159,739
159,825
159,912
159,926
159,951
159,955
159,986
160,189
160,191
160,205
160,219
160,220
160,222
160,250
160,282
160,289
160,293
160,299
160,323
160,358
160,369
160,379
160,381
160,391
160,395
160,408
160,429
160,438
160,445
160,450
160,466
160,475
160,494
160,533
160,539
160,541
160,559
160,565
160,576
160,585
160,590
160,594
160,626
160,692
160,707
160,719
160,739
160,740
160,762
160,778
160,782
160,801
160,869
160,890
160,904
160,916
160,920
160,931
160,960
160,966
160,983
161,213
161,229
161,236
161,263
161,310
161,324
161,326
161,384
161,458
161,459
161,465
161,467
161,497
161,534
161,540
161,590
161,596
161,630
161,634
161,707
161,708
161,713
161,717
161,730
161,747
161,753
161,760
161,771
161,787
161,797
161,807
161,814
161,815
161,842
161,870
161,894
161,901
161,904
161,933
161,953
161,961
161,966
161,970
161,975
162,164
162,286
162,309
162,314
162,360
162,374
162,389
162,413
162,480
162,523
162,547
162,550
162,576
162,598
162,607
162,629
162,642
162,685
162,695
162,749
162,773
162,780
162,795
162,804
162,858
162,887
162,926
162,941
162,968
162,994
163,175
163,192
163,257
163,273
163,355
163,374
163,378
163,402
163,420
163,426
163,479
163,500
163,506
163,510
163,568
163,569
163,575
163,576
163,645
163,672
163,727
163,731
163,736
163,804
163,805
163,839
163,861
163,895
163,916
163,921
163,923
163,982
163,986
164,196
164,209
164,210
164,212
164,244
164,255
164,288
164,292
164,296
164,317
164,329
164,365
164,384
164,392
164,395
164,443
164,463
164,464
164,514
164,574
164,586
164,596
164,603
164,609
164,615
164,638
164,662
164,684
164,694
164,702
164,706
164,710
164,713
164,714
164,715
164,749
164,772
164,779
164,781
164,784
164,802
164,812
164,814
164,817
164,819
164,851
164,859
164,880
164,887
164,953
164,984
164,994
165,173
165,206
165,212
165,221
165,229
165,247
165,249
165,272
165,291
165,299
165,314
165,325
165,332
165,354
165,383
165,392
165,393
165,407
165,429
165,448
165,467
165,473
165,481
165,497
165,504
165,515
165,516
165,520
165,547
165,576
165,577
165,586
165,591
165,606
165,620
165,623
165,648
165,650
165,660
165,669
165,679
165,681
165,695
165,706
165,707
165,712
165,731
165,744
165,748
165,767
165,777
165,799
165,865
165,869
165,929
165,939
165,940
165,942
165,943
165,986
166,217
166,228
166,286
166,318
166,366
166,444
166,460
166,535
166,601
166,647
166,656
166,670
166,685
166,719
166,720
166,731
166,744
166,749
166,801
166,867
166,884
166,931
166,938
166,940
166,957
166,964
166,994
167,258
167,354
167,373
167,384
167,405
167,410
167,418
167,477
167,485
167,499
167,501
167,512
167,549
167,553
167,638
167,703
167,720
167,740
167,747
167,749
167,798
167,846
167,850
167,877
168,173
168,189
168,222
168,240
168,247
168,256
168,264
168,271
168,286
168,298
168,326
168,328
168,365
168,372
168,420
168,427
168,435
168,440
168,459
168,484
168,486
168,505
168,523
168,539
168,555
168,588
168,596
168,621
168,627
168,653
168,669
168,692
168,716
168,725
168,740
168,770
168,779
168,781
168,805
168,810
168,838
168,842
168,863
168,866
168,886
168,889
168,890
168,899
168,904
168,911
168,935
168,943
168,968
168,971
168,976
169,218
169,229
169,231
169,299
169,303
169,358
169,400
169,428
169,475
169,486
169,517
169,535
169,549
169,572
169,576
169,587
169,590
169,615
169,617
169,632
169,638
169,670
169,718
169,720
169,736
169,738
169,766
169,792
169,811
169,833
169,845
169,870
169,891
169,897
169,898
169,918
169,941
169,942
169,947
169,950
169,966
169,968
169,999
170,203
170,210
170,220
170,223
170,239
170,304
170,309
170,361
170,407
170,469
170,481
170,513
170,602
170,608
170,633
170,654
170,667
170,683
170,697
170,708
170,728
170,781
170,782
170,786
170,798
170,832
170,848
170,867
170,880
170,888
170,895
170,903
170,906
170,938
170,939
170,982
170,992
171,183
171,331
171,396
171,464
171,518
171,548
171,570
171,619
171,638
171,639
171,727
171,740
171,760
171,840
171,920
171,941
171,948
171,951
171,982
172,208
172,222
172,274
172,298
172,364
172,464
172,492
172,507
172,511
172,577
172,607
172,672
172,681
172,803
172,804
172,860
172,924
172,953
172,957
172,973
172,999
173,207
173,240
173,252
173,264
173,265
173,274
173,275
173,289
173,299
173,326
173,332
173,350
173,362
173,369
173,390
173,391
173,399
173,414
173,416
173,418
173,420
173,427
173,430
173,437
173,446
173,451
173,464
173,473
173,505
173,521
173,523
173,535
173,555
173,561
173,562
173,586
173,592
173,603
173,628
173,631
173,649
173,688
173,695
173,697
173,707
173,708
173,724
173,741
173,742
173,744
173,760
173,771
173,781
173,787
173,798
173,826
173,841
173,855
173,864
173,872
173,878
173,889
173,893
173,903
173,929
173,931
173,941
173,945
173,971
173,977
173,984
173,985
174,182
174,260
174,274
174,287
174,315
174,332
174,362
174,380
174,388
174,447
174,481
174,486
174,490
174,519
174,592
174,612
174,664
174,697
174,712
174,727
174,746
174,796
174,837
174,861
174,865
174,884
174,887
174,889
174,890
174,903
174,904
174,907
174,913
174,924
174,939
174,956
174,968
175,230
175,253
175,263
175,268
175,278
175,285
175,334
175,348
175,364
175,366
175,416
175,430
175,443
175,446
175,460
175,466
175,498
175,501
175,508
175,509
175,558
175,596
175,604
175,637
175,682
175,731
175,753
175,758
175,781
175,798
175,803
175,861
175,878
175,880
175,929
175,943
175,963
175,992
176,228
176,241
176,263
176,279
176,300
176,334
176,428
176,438
176,442
176,463
176,466
176,469
176,501
176,602
176,655
176,697
176,727
176,743
176,821
176,856
176,889
176,897
176,912
176,929
176,969
177,247
177,289
177,298
177,301
177,308
177,329
177,361
177,364
177,369
177,371
177,433
177,445
177,489
177,504
177,521
177,546
177,575
177,586
177,588
177,590
177,598
177,620
177,650
177,661
177,699
177,715
177,717
177,733
177,779
177,785
177,798
177,805
177,831
177,843
177,845
177,855
177,882
177,889
177,899
177,945
177,947
177,952
177,960
177,963
177,976
178,190
178,198
178,200
178,213
178,290
178,304
178,314
178,325
178,329
178,364
178,369
178,372
178,399
178,424
178,441
178,460
178,469
178,505
178,538
178,544
178,549
178,555
178,559
178,562
178,581
178,582
178,592
178,596
178,603
178,618
178,653
178,660
178,664
178,668
178,670
178,690
178,701
178,711
178,714
178,721
178,725
178,739
178,770
178,780
178,793
178,831
178,838
178,889
178,892
178,895
178,898
178,948
178,949
178,985
179,180
179,208
179,280
179,310
179,348
179,351
179,369
179,381
179,398
179,421
179,422
179,455
179,467
179,502
179,529
179,594
179,599
179,605
179,618
179,619
179,632
179,661
179,663
179,669
179,670
179,696
179,731
179,734
179,744
179,767
179,792
179,836
179,887
179,976
179,979
179,982
180,207
180,222
180,225
180,228
180,236
180,271
180,283
180,468
180,513
180,521
180,528
180,538
180,543
180,553
180,587
180,630
180,641
180,699
180,731
180,749
180,784
180,790
180,871
180,939
180,953
180,960
180,979
181,215
181,248
181,260
181,266
181,273
181,321
181,326
181,328
181,340
181,375
181,451
181,452
181,455
181,497
181,515
181,534
181,536
181,541
181,559
181,576
181,594
181,601
181,604
181,615
181,628
181,630
181,632
181,636
181,729
181,762
181,772
181,776
181,788
181,814
181,835
181,863
181,883
181,927
181,947
181,950
181,983
181,992
181,993
182,184
182,207
182,227
182,228
182,247
182,248
182,287
182,288
182,308
182,311
182,318
182,325
182,355
182,369
182,385
182,394
182,402
182,430
182,441
182,446
182,479
182,503
182,527
182,547
182,562
182,578
182,609
182,647
182,651
182,661
182,662
182,707
182,716
182,735
182,737
182,742
182,744
182,750
182,799
182,813
182,827
182,861
182,889
182,904
182,966
182,975
182,993
183,198
183,296
183,335
183,368
183,407
183,426
183,453
183,463
183,468
183,502
183,506
183,577
183,581
183,630
183,639
183,684
183,747
183,807
183,835
183,864
183,927
183,986
183,987
183,995
184,212
184,231
184,274
184,280
184,299
184,305
184,307
184,332
184,348
184,358
184,385
184,391
184,428
184,467
184,501
184,522
184,571
184,626
184,630
184,652
184,666
184,778
184,787
184,788
184,789
184,805
184,818
184,819
184,838
184,867
184,880
184,903
184,931
184,943
184,946
184,965
185,235
185,268
185,278
185,282
185,299
185,307
185,345
185,396
185,418
185,451
185,477
185,485
185,612
185,650
185,651
185,659
185,676
185,681
185,697
185,717
185,748
185,772
185,777
185,782
185,801
185,808
185,889
185,923
186,226
186,238
186,267
186,349
186,363
186,372
186,403
186,444
186,507
186,528
186,534
186,564
186,574
186,599
186,611
186,628
186,696
186,701
186,725
186,726
186,729
186,776
186,838
186,864
186,867
186,956
186,976
186,980
187,228
187,229
187,242
187,262
187,275
187,299
187,307
187,316
187,323
187,329
187,332
187,347
187,348
187,399
187,401
187,435
187,446
187,469
187,496
187,498
187,504
187,509
187,510
187,523
187,539
187,561
187,575
187,586
187,618
187,630
187,635
187,664
187,678
187,690
187,706
187,707
187,720
187,727
187,756
187,766
187,779
187,794
187,804
187,810
187,819
187,828
187,832
187,841
187,842
187,847
187,860
187,861
187,903
187,907
187,938
187,948
187,958
187,968
187,986
187,997
188,194
188,241
188,247
188,248
188,276
188,307
188,319
188,321
188,375
188,386
188,421
188,446
188,455
188,472
188,501
188,516
188,536
188,546
188,550
188,598
188,678
188,684
188,698
188,714
188,718
188,719
188,740
188,772
188,776
188,779
188,792
188,855
188,899
188,922
188,925
188,940
188,943
188,956
188,960
188,980
188,990
189,209
189,211
189,214
189,225
189,238
189,295
189,297
189,301
189,308
189,343
189,349
189,364
189,428
189,464
189,490
189,519
189,551
189,552
189,588
189,608
189,617
189,657
189,664
189,690
189,705
189,744
189,771
189,803
189,823
189,833
189,846
189,856
189,867
189,868
189,872
189,882
189,904
189,908
189,914
189,975
189,976
189,988
190,220
190,225
190,248
190,285
190,319
190,325
190,326
190,360
190,364
190,375
190,445
190,464
190,504
190,526
190,537
190,567
190,581
190,604
190,618
190,628
190,653
190,662
190,664
190,699
190,701
190,713
190,727
190,754
190,766
190,768
190,783
190,819
190,838
190,840
190,862
190,889
190,907
190,929
190,942
190,948
190,952
190,954
190,975
191,263
191,301
191,307
191,358
191,378
191,383
191,404
191,422
191,438
191,455
191,459
191,461
191,508
191,510
191,517
191,521
191,540
191,547
191,549
191,553
191,574
191,576
191,590
191,603
191,622
191,629
191,683
191,686
191,708
191,725
191,753
191,825
191,826
191,868
191,894
191,907
191,923
191,971
191,993
191,998
192,239
192,287
192,299
192,321
192,390
192,408
192,450
192,473
192,480
192,482
192,534
192,547
192,591
192,604
192,608
192,699
192,714
192,819
192,830
192,932
193,258
193,266
193,279
193,328
193,366
193,373
193,390
193,436
193,578
193,639
193,688
193,731
193,749
193,780
193,803
193,839
193,853
193,907
193,955
193,959
193,966
193,968
193,974
193,992
194,207
194,299
194,304
194,311
194,314
194,333
194,354
194,389
194,399
194,428
194,441
194,461
194,469
194,496
194,520
194,521
194,528
194,559
194,577
194,664
194,697
194,710
194,746
194,747
194,760
194,783
194,786
194,807
194,814
194,824
194,849
194,859
194,864
194,867
194,879
194,884
194,892
194,894
194,942
194,951
194,960
194,975
195,276
195,284
195,350
195,362
195,366
195,400
195,415
195,468
195,503
195,585
195,625
195,670
195,684
195,739
195,749
195,828
195,869
195,895
195,947
195,968
196,229
196,246
196,258
196,259
196,266
196,275
196,291
196,348
196,355
196,365
196,378
196,404
196,417
196,418
196,424
196,441
196,442
196,458
196,479
196,493
196,495
196,535
196,537
196,538
196,544
196,570
196,594
196,604
196,617
196,658
196,663
196,698
196,699
196,720
196,721
196,725
196,729
196,752
196,773
196,774
196,783
196,794
196,798
196,832
196,833
196,906
196,918
196,923
196,951
196,973
196,998
197,204
197,226
197,258
197,275
197,296
197,310
197,320
197,321
197,340
197,361
197,374
197,438
197,442
197,483
197,504
197,511
197,575
197,595
197,596
197,598
197,616
197,635
197,647
197,648
197,687
197,699
197,724
197,754
197,810
197,831
197,889
197,898
197,903
197,913
197,952
197,961
197,971
197,975
197,976
198,212
198,229
198,259
198,264
198,273
198,320
198,368
198,371
198,459
198,531
198,552
198,570
198,590
198,630
198,631
198,648
198,654
198,693
198,698
198,701
198,702
198,717
198,771
198,803
198,820
198,829
198,831
198,860
198,874
198,887
198,896
198,946
199,235
199,242
199,272
199,326
199,345
199,362
199,375
199,450
199,487
199,493
199,534
199,551
199,578
199,583
199,584
199,596
199,610
199,649
199,678
199,682
199,739
199,783
199,876
199,908
199,923
199,948
199,970
199,979
200,202
200,210
200,213
200,253
200,256
200,329
200,332
200,334
200,350
200,356
200,360
200,361
200,411
200,429
200,454
200,459
200,483
200,502
200,543
200,580
200,581
200,596
200,620
200,627
200,640
200,653
200,664
200,665
200,676
200,679
200,685
200,717
200,727
200,744
200,751
200,762
200,787
200,815
200,819
200,827
200,829
200,839
200,878
200,887
200,895
200,896
200,914
200,942
200,947
200,996
201,248
201,281
201,301
201,333
201,341
201,345
201,349
201,358
201,374
201,399
201,428
201,432
201,488
201,496
201,509
201,537
201,567
201,570
201,620
201,627
201,635
201,653
201,661
201,663
201,684
201,717
201,803
201,846
201,891
201,943
201,996
202,206
202,243
202,245
202,265
202,336
202,339
202,348
202,357
202,378
202,385
202,396
202,399
202,411
202,413
202,428
202,455
202,459
202,482
202,537
202,559
202,574
202,606
202,620
202,642
202,697
202,707
202,725
202,729
202,742
202,769
202,812
202,825
202,835
202,875
202,882
202,899
202,900
202,904
202,921
202,942
203,216
203,227
203,232
203,238
203,256
203,286
203,308
203,348
203,350
203,370
203,372
203,374
203,377
203,393
203,407
203,410
203,429
203,455
203,456
203,469
203,496
203,521
203,567
203,606
203,616
203,617
203,648
203,655
203,660
203,697
203,699
203,712
203,716
203,775
203,781
203,799
203,800
203,807
203,824
203,827
203,880
203,881
203,888
203,928
203,969
203,981
203,988
204,209
204,228
204,283
204,326
204,327
204,359
204,403
204,411
204,429
204,459
204,461
204,489
204,498
204,521
204,558
204,587
204,670
204,676
204,680
204,701
204,729
204,760
204,766
204,791
204,819
204,852
204,854
204,875
204,892
204,910
204,973
205,277
205,283
205,383
205,389
205,403
205,438
205,489
205,505
205,509
205,570
205,637
205,663
205,664
205,670
205,679
205,768
205,803
205,819
205,862
205,893
205,912
205,925
205,939
205,950
205,973
205,991
206,207
206,253
206,256
206,267
206,273
206,287
206,299
206,304
206,329
206,340
206,350
206,358
206,361
206,374
206,382
206,385
206,387
206,413
206,424
206,429
206,459
206,481
206,482
206,486
206,490
206,504
206,507
206,539
206,544
206,551
206,555
206,570
206,575
206,578
206,583
206,602
206,608
206,614
206,615
206,632
206,638
206,645
206,659
206,661
206,663
206,678
206,685
206,697
206,708
206,711
206,712
206,720
206,734
206,827
206,831
206,842
206,855
206,881
206,887
206,899
206,908
206,911
206,936
206,939
206,948
206,978
206,984
207,212
207,225
207,227
207,228
207,231
207,242
207,243
207,251
207,261
207,264
207,265
207,288
207,302
207,314
207,329
207,333
207,347
207,348
207,354
207,357
207,361
207,366
207,384
207,392
207,413
207,428
207,435
207,436
207,442
207,446
207,456
207,458
207,459
207,469
207,477
207,498
207,535
207,544
207,550
207,563
207,569
207,582
207,614
207,623
207,624
207,645
207,648
207,651
207,677
207,697
207,706
207,712
207,715
207,719
207,730
207,734
207,760
207,770
207,785
207,791
207,794
207,801
207,810
207,820
207,825
207,881
207,886
207,890
207,896
207,909
207,929
207,943
207,945
207,948
207,952
207,958
207,964
207,988
208,282
208,288
208,304
208,329
208,337
208,366
208,395
208,399
208,422
208,439
208,448
208,459
208,464
208,469
208,483
208,486
208,489
208,517
208,541
208,544
208,555
208,562
208,579
208,612
208,655
208,658
208,664
208,686
208,688
208,696
208,724
208,768
208,775
208,807
208,828
208,862
208,867
208,901
208,904
208,941
208,945
208,946
208,977
208,980
209,248
209,253
209,285
209,295
209,308
209,333
209,376
209,383
209,418
209,421
209,422
209,445
209,463
209,498
209,513
209,523
209,532
209,563
209,583
209,620
209,625
209,635
209,668
209,746
209,754
209,769
209,780
209,783
209,810
209,823
209,854
209,855
209,912
209,975
210,226
210,240
210,290
210,331
210,346
210,364
210,384
210,401
210,406
210,416
210,457
210,459
210,461
210,498
210,565
210,575
210,601
210,635
210,641
210,739
210,760
210,781
210,792
210,871
210,908
210,929
210,961
211,252
211,260
211,304
211,315
211,345
211,358
211,370
211,385
211,405
211,407
211,415
211,422
211,466
211,481
211,486
211,503
211,504
211,505
211,521
211,526
211,540
211,549
211,550
211,554
211,585
211,621
211,649
211,657
211,717
211,745
211,752
211,766
211,781
211,787
211,789
211,815
211,816
211,847
211,854
211,857
211,858
211,874
211,883
211,897
211,911
211,935
211,943
211,976
211,981
211,997
212,233
212,269
212,347
212,365
212,391
212,417
212,430
212,507
212,512
212,536
212,573
212,611
212,654
212,657
212,688
212,705
212,744
212,760
212,815
212,850
212,872
212,873
212,874
212,878
212,891
212,903
212,933
212,942
212,950
212,968
212,972
212,999
213,219
213,227
213,247
213,251
213,259
213,265
213,275
213,283
213,287
213,299
213,347
213,349
213,365
213,369
213,377
213,395
213,402
213,403
213,435
213,462
213,469
213,481
213,493
213,534
213,541
213,546
213,581
213,606
213,613
213,630
213,638
213,649
213,671
213,675
213,685
213,706
213,715
213,740
213,781
213,806
213,816
213,844
213,871
213,877
213,881
213,887
213,897
213,899
213,903
213,907
213,935
213,938
213,960
213,977
213,983
213,984
214,223
214,229
214,240
214,242
214,250
214,253
214,293
214,301
214,341
214,348
214,402
214,408
214,416
214,428
214,451
214,480
214,515
214,537
214,593
214,601
214,616
214,689
214,704
214,756
214,773
214,782
214,787
214,790
214,838
214,841
214,851
214,865
214,868
214,882
214,894
214,938
214,943
214,945
214,946
214,949
214,966
214,976
215,244
215,382
215,522
215,532
215,664
215,671
215,695
215,696
215,743
215,775
215,921
215,930
215,932
215,961
215,978
215,991
216,225
216,228
216,239
216,308
216,339
216,349
216,477
216,495
216,538
216,549
216,574
216,616
216,685
216,698
216,719
216,732
216,754
216,764
216,956
216,971
217,223
217,226
217,247
217,290
217,319
217,322
217,332
217,348
217,360
217,367
217,369
217,373
217,409
217,410
217,417
217,418
217,420
217,443
217,465
217,475
217,503
217,537
217,547
217,626
217,678
217,683
217,684
217,696
217,704
217,844
217,851
217,881
217,883
217,889
217,904
217,907
217,975
218,293
218,305
218,341
218,390
218,450
218,544
218,597
218,602
218,685
218,691
218,743
218,890
218,898
218,956
218,981
219,261
219,271
219,281
219,298
219,357
219,389
219,398
219,405
219,433
219,434
219,502
219,514
219,521
219,523
219,527
219,602
219,604
219,605
219,689
219,725
219,731
219,739
219,749
219,751
219,766
219,819
219,845
219,862
219,876
219,880
219,885
219,902
219,921
219,931
219,939
219,975
219,986
219,990
220,237
220,244
220,318
220,331
220,365
220,376
220,398
220,417
220,420
220,423
220,429
220,438
220,463
220,524
220,568
220,674
220,684
220,694
220,726
220,814
220,825
220,826
220,851
220,871
220,898
220,925
220,952
220,982
221,269
221,327
221,330
221,375
221,407
221,433
221,473
221,519
221,559
221,607
221,637
221,665
221,687
221,723
221,725
221,739
221,748
221,780
221,812
221,848
221,852
221,856
221,884
221,942
221,982
221,987
222,239
222,269
222,301
222,353
222,376
222,403
222,411
222,427
222,440
222,494
222,498
222,508
222,585
222,605
222,612
222,640
222,653
222,657
222,666
222,675
222,704
222,717
222,731
222,818
222,823
222,949
222,964
222,980
223,227
223,242
223,243
223,256
223,277
223,314
223,320
223,321
223,328
223,329
223,335
223,366
223,371
223,376
223,381
223,384
223,446
223,469
223,475
223,519
223,540
223,546
223,547
223,555
223,564
223,585
223,592
223,598
223,640
223,665
223,671
223,677
223,706
223,707
223,710
223,718
223,731
223,740
223,802
223,833
223,841
223,885
223,889
223,892
223,906
223,924
223,954
223,960
223,963
223,977
224,254
224,272
224,304
224,366
224,392
224,414
224,432
224,434
224,445
224,454
224,581
224,607
224,657
224,667
224,697
224,733
224,739
224,756
224,764
224,815
224,820
224,833
224,835
224,889
224,922
224,940
224,950
224,953
224,979
225,264
225,318
225,319
225,349
225,354
225,378
225,397
225,496
225,515
225,539
225,542
225,551
225,573
225,618
225,626
225,699
225,720
225,729
225,831
225,838
225,859
225,894
225,930
225,970
225,973
225,980
225,984
226,252
226,259
226,359
226,409
226,452
226,464
226,465
226,576
226,647
226,654
226,682
226,692
226,723
226,787
226,944
227,231
227,242
227,248
227,256
227,261
227,267
227,269
227,284
227,286
227,287
227,289
227,292
227,299
227,315
227,325
227,326
227,333
227,335
227,337
227,339
227,340
227,347
227,352
227,354
227,362
227,364
227,369
227,395
227,403
227,406
227,411
227,413
227,415
227,449
227,460
227,469
227,480
227,482
227,483
227,484
227,515
227,518
227,520
227,534
227,558
227,560
227,561
227,579
227,585
227,590
227,592
227,597
227,630
227,638
227,657
227,668
227,672
227,677
227,687
227,697
227,702
227,706
227,708
227,728
227,734
227,740
227,741
227,760
227,764
227,781
227,791
227,807
227,816
227,831
227,838
227,847
227,853
227,854
227,890
227,892
227,896
227,903
227,911
227,916
227,938
227,949
227,963
227,979
227,994
228,261
228,263
228,290
228,328
228,336
228,341
228,342
228,347
228,362
228,375
228,411
228,420
228,429
228,437
228,508
228,526
228,556
228,590
228,596
228,599
228,638
228,640
228,673
228,677
228,716
228,723
228,740
228,760
228,773
228,798
228,810
228,815
228,825
228,827
228,848
228,865
228,867
228,887
228,901
228,909
228,915
228,921
228,944
228,961
228,964
228,971
228,977
228,979
228,997
229,246
229,247
229,267
229,272
229,277
229,283
229,295
229,296
229,309
229,314
229,318
229,319
229,327
229,336
229,346
229,347
229,407
229,424
229,465
229,498
229,504
229,509
229,569
229,581
229,583
229,590
229,592
229,606
229,610
229,640
229,650
229,664
229,678
229,699
229,710
229,712
229,741
229,781
229,782
229,786
229,799
229,826
229,832
229,840
229,847
229,909
229,935
229,956
229,958
229,984
230,239
230,282
230,288
230,301
230,309
230,345
230,355
230,469
230,499
230,515
230,534
230,536
230,548
230,591
230,594
230,622
230,630
230,697
230,701
230,704
230,722
230,724
230,764
230,774
230,835
230,846
230,891
230,895
230,904
230,932
231,247
231,299
231,337
231,342
231,362
231,429
231,453
231,506
231,534
231,535
231,543
231,548
231,574
231,579
231,642
231,694
231,701
231,712
231,765
231,782
231,812
231,856
231,858
231,865
231,935
232,235
232,244
232,249
232,252
232,279
232,307
232,315
232,326
232,340
232,344
232,416
232,418
232,427
232,432
232,450
232,469
232,495
232,518
232,626
232,634
232,653
232,674
232,686
232,706
232,774
232,817
232,868
232,871
232,876
232,899
232,902
232,921
232,937
232,943
232,975
232,979
232,983
233,246
233,292
233,357
233,410
233,455
233,474
233,494
233,522
233,560
233,574
233,599
233,674
233,782
233,809
234,240
234,241
234,264
234,272
234,329
234,391
234,496
234,502
234,517
234,539
234,558
234,633
234,634
234,638
234,780
234,796
234,871
234,877
234,892
234,897
234,905
234,909
235,246
235,258
235,403
235,425
235,507
235,514
235,522
235,564
235,571
235,572
235,674
235,680
235,703
235,784
235,838
235,868
235,871
235,973
236,245
236,265
236,266
236,300
236,325
236,338
236,380
236,384
236,431
236,434
236,437
236,451
236,503
236,519
236,528
236,531
236,536
236,596
236,638
236,773
236,777
236,785
236,795
236,809
236,821
236,852
236,853
236,883
236,909
236,974
237,262
237,278
237,301
237,320
237,363
237,403
237,442
237,553
237,589
237,661
237,687
237,781
237,783
237,825
237,857
237,923
237,958
237,984
238,241
238,248
238,265
238,274
238,311
238,329
238,350
238,369
238,377
238,388
238,412
238,418
238,423
238,433
238,447
238,460
238,470
238,488
238,550
238,572
238,583
238,606
238,607
238,623
238,647
238,651
238,655
238,659
238,668
238,693
238,709
238,724
238,741
238,743
238,748
238,758
238,773
238,777
238,788
238,846
238,866
238,903
238,944
238,949
238,975
239,240
239,274
239,280
239,304
239,308
239,317
239,326
239,366
239,381
239,391
239,392
239,435
239,442
239,475
239,497
239,500
239,501
239,519
239,521
239,522
239,528
239,573
239,576
239,582
239,586
239,592
239,593
239,598
239,621
239,633
239,655
239,659
239,661
239,675
239,715
239,731
239,735
239,740
239,751
239,756
239,762
239,772
239,786
239,789
239,803
239,814
239,837
239,838
239,847
239,849
239,890
239,892
239,903
239,908
239,931
239,942
239,947
239,954
240,242
240,246
240,251
240,252
240,259
240,261
240,275
240,276
240,279
240,280
240,286
240,324
240,325
240,329
240,336
240,341
240,350
240,372
240,375
240,380
240,382
240,393
240,410
240,442
240,454
240,460
240,469
240,483
240,500
240,503
240,527
240,531
240,537
240,551
240,562
240,585
240,598
240,627
240,630
240,638
240,643
240,649
240,653
240,657
240,669
240,677
240,709
240,712
240,713
240,721
240,726
240,730
240,740
240,756
240,760
240,772
240,774
240,779
240,810
240,824
240,829
240,833
240,847
240,851
240,868
240,873
240,901
240,907
240,911
240,929
240,938
240,941
240,954
240,978
240,984
241,258
241,284
241,290
241,298
241,347
241,411
241,430
241,445
241,515
241,520
241,552
241,592
241,646
241,648
241,659
241,666
241,693
241,746
241,763
241,803
241,807
241,820
241,853
241,868
241,871
241,872
241,879
241,916
241,928
242,246
242,247
242,256
242,264
242,283
242,301
242,304
242,347
242,353
242,361
242,368
242,371
242,389
242,415
242,417
242,430
242,458
242,461
242,512
242,521
242,618
242,690
242,707
242,712
242,760
242,771
242,773
242,842
242,850
242,852
242,892
242,899
242,911
242,928
242,938
242,941
242,943
242,948
242,971
243,244
243,247
243,257
243,270
243,284
243,312
243,319
243,328
243,360
243,365
243,384
243,385
243,412
243,413
243,421
243,423
243,424
243,434
243,442
243,461
243,490
243,504
243,510
243,537
243,608
243,614
243,618
243,660
243,664
243,726
243,727
243,730
243,741
243,770
243,773
243,794
243,795
243,805
243,807
243,829
243,846
243,889
243,922
243,924
243,966
243,995
244,256
244,290
244,308
244,323
244,326
244,328
244,330
244,348
244,369
244,388
244,404
244,415
244,424
244,435
244,453
244,462
244,560
244,613
244,655
244,682
244,685
244,717
244,759
244,885
244,940
245,271
245,326
245,342
245,360
245,380
245,388
245,397
245,458
245,463
245,477
245,485
245,547
245,564
245,583
245,684
245,729
245,767
245,785
245,867
245,887
245,899
245,908
245,914
245,960
245,966
245,980
245,981
246,269
246,277
246,278
246,287
246,320
246,334
246,340
246,347
246,365
246,378
246,421
246,423
246,429
246,452
246,469
246,542
246,543
246,575
246,630
246,658
246,670
246,676
246,705
246,734
246,754
246,759
246,760
246,788
246,811
246,846
246,859
246,865
246,875
246,900
246,921
246,934
246,941
246,967
246,971
246,978
247,253
247,255
247,258
247,262
247,265
247,275
247,277
247,281
247,285
247,286
247,298
247,299
247,308
247,312
247,353
247,359
247,360
247,366
247,385
247,390
247,393
247,413
247,416
247,420
247,459
247,462
247,476
247,477
247,496
247,498
247,504
247,505
247,515
247,544
247,582
247,593
247,596
247,598
247,626
247,632
247,640
247,663
247,670
247,671
247,683
247,688
247,690
247,724
247,740
247,762
247,767
247,796
247,798
247,810
247,813
247,821
247,848
247,854
247,855
247,856
247,876
247,880
247,884
247,893
247,905
247,909
247,911
247,915
247,927
247,933
247,951
247,954
247,976
247,977
248,253
248,255
248,261
248,282
248,285
248,303
248,305
248,317
248,318
248,322
248,323
248,327
248,330
248,342
248,348
248,350
248,352
248,366
248,368
248,371
248,378
248,383
248,389
248,396
248,427
248,455
248,469
248,498
248,504
248,535
248,537
248,543
248,559
248,570
248,581
248,592
248,598
248,607
248,627
248,630
248,648
248,675
248,707
248,718
248,723
248,755
248,780
248,786
248,798
248,803
248,807
248,832
248,843
248,873
248,878
248,906
248,943
248,945
248,948
248,986
249,283
249,296
249,365
249,373
249,459
249,461
249,466
249,520
249,596
249,606
249,622
249,625
249,691
249,719
249,820
249,846
249,875
249,890
249,936
249,944
249,967
249,968
249,989
250,316
250,317
250,326
250,412
250,430
250,449
250,485
250,494
250,506
250,524
250,537
250,541
250,575
250,593
250,621
250,649
250,667
250,675
250,734
250,737
250,743
250,759
250,767
250,786
250,789
250,823
250,865
250,904
250,922
250,954
250,956
250,962
251,295
251,302
251,309
251,336
251,347
251,377
251,383
251,446
251,479
251,496
251,516
251,529
251,545
251,562
251,570
251,598
251,616
251,617
251,650
251,661
251,664
251,695
251,697
251,708
251,713
251,715
251,720
251,734
251,759
251,803
251,829
251,832
251,843
251,853
251,859
251,873
251,877
251,878
251,900
251,963
251,976
252,273
252,303
252,319
252,346
252,424
252,450
252,464
252,485
252,509
252,536
252,552
252,570
252,670
252,877
252,921
252,938
253,256
253,288
253,292
253,295
253,309
253,312
253,314
253,326
253,328
253,339
253,342
253,368
253,385
253,404
253,429
253,459
253,469
253,498
253,509
253,510
253,524
253,527
253,559
253,561
253,583
253,589
253,590
253,592
253,596
253,607
253,625
253,638
253,640
253,708
253,709
253,713
253,780
253,781
253,783
253,792
253,805
253,831
253,853
253,893
253,903
253,909
253,911
253,935
253,942
253,945
253,948
254,267
254,317
254,382
254,426
254,437
254,480
254,484
254,515
254,530
254,555
254,559
254,583
254,587
254,668
254,692
254,707
254,742
254,764
254,786
254,835
254,849
254,856
254,876
254,878
254,969
254,975
254,988
255,276
255,295
255,299
255,319
255,344
255,348
255,350
255,355
255,383
255,399
255,402
255,460
255,481
255,484
255,494
255,497
255,540
255,569
255,571
255,590
255,610
255,636
255,637
255,651
255,663
255,687
255,693
255,716
255,741
255,752
255,758
255,764
255,770
255,773
255,777
255,779
255,780
255,815
255,819
255,825
255,848
255,866
255,889
255,895
255,897
255,941
255,980
255,986
255,998
255,999
256,265
256,273
256,295
256,310
256,319
256,320
256,343
256,345
256,369
256,372
256,373
256,391
256,418
256,420
256,442
256,449
256,454
256,461
256,462
256,491
256,526
256,567
256,581
256,592
256,604
256,607
256,618
256,640
256,681
256,683
256,689
256,697
256,699
256,720
256,735
256,766
256,773
256,818
256,828
256,831
256,832
256,841
256,845
256,851
256,879
256,887
256,889
256,895
256,906
256,958
256,975
257,260
257,292
257,311
257,347
257,363
257,382
257,387
257,407
257,420
257,423
257,453
257,469
257,478
257,572
257,595
257,623
257,674
257,686
257,687
257,718
257,936
257,965
258,290
258,299
258,347
258,366
258,372
258,382
258,385
258,399
258,411
258,422
258,460
258,473
258,492
258,496
258,543
258,560
258,585
258,598
258,607
258,619
258,661
258,668
258,738
258,758
258,778
258,779
258,807
258,839
258,845
258,878
258,984
258,999
259,277
259,297
259,300
259,327
259,347
259,356
259,361
259,365
259,371
259,379
259,384
259,392
259,399
259,421
259,427
259,445
259,446
259,467
259,479
259,484
259,485
259,517
259,519
259,522
259,544
259,555
259,559
259,603
259,621
259,648
259,693
259,701
259,704
259,705
259,707
259,714
259,730
259,735
259,740
259,757
259,783
259,806
259,811
259,812
259,847
259,867
259,871
259,893
259,903
259,904
259,924
259,926
259,949
259,957
259,958
259,960
259,982
260,310
260,358
260,428
260,481
260,492
260,545
260,716
260,770
260,854
260,868
260,896
260,969
261,267
261,281
261,301
261,331
261,336
261,347
261,361
261,383
261,406
261,413
261,429
261,504
261,523
261,543
261,596
261,648
261,653
261,678
261,683
261,687
261,710
261,734
261,737
261,746
261,780
261,781
261,782
261,786
261,889
261,929
261,939
261,941
261,960
261,995
262,329
262,394
262,411
262,456
262,468
262,477
262,482
262,495
262,540
262,544
262,586
262,590
262,613
262,631
262,652
262,654
262,656
262,671
262,685
262,690
262,703
262,740
262,796
262,805
262,842
262,916
262,941
262,950
262,968
262,976
262,999
263,358
263,372
263,402
263,403
263,464
263,474
263,501
263,506
263,528
263,575
263,585
263,607
263,650
263,664
263,699
263,776
263,780
263,813
263,888
263,889
263,902
263,997
264,313
264,342
264,413
264,462
264,472
264,484
264,543
264,544
264,585
264,658
264,675
264,687
264,736
264,742
264,764
264,780
264,812
264,828
264,846
264,860
264,876
264,976
264,988
265,275
265,286
265,295
265,298
265,329
265,337
265,343
265,364
265,369
265,412
265,420
265,429
265,430
265,455
265,469
265,470
265,485
265,498
265,504
265,506
265,522
265,546
265,555
265,570
265,582
265,592
265,630
265,646
265,664
265,683
265,687
265,699
265,701
265,710
265,715
265,722
265,735
265,760
265,770
265,780
265,787
265,791
265,824
265,826
265,827
265,828
265,830
265,841
265,842
265,851
265,884
265,887
265,889
265,926
265,928
265,943
265,962
265,970
266,370
266,389
266,450
266,458
266,470
266,473
266,518
266,589
266,599
266,719
266,762
266,776
266,784
266,800
266,805
266,827
266,849
266,857
266,907
266,964
266,969
266,983
267,269
267,281
267,294
267,318
267,340
267,344
267,353
267,358
267,361
267,365
267,371
267,379
267,380
267,388
267,391
267,392
267,409
267,413
267,429
267,430
267,456
267,481
267,555
267,560
267,579
267,585
267,586
267,603
267,630
267,631
267,634
267,662
267,673
267,690
267,707
267,714
267,719
267,725
267,728
267,739
267,744
267,768
267,805
267,828
267,831
267,833
267,865
267,866
267,868
267,884
267,886
267,894
267,904
267,929
267,930
267,964
267,968
267,988
267,996
268,272
268,273
268,280
268,285
268,308
268,321
268,338
268,348
268,386
268,410
268,504
268,524
268,536
268,546
268,560
268,586
268,635
268,641
268,655
268,674
268,676
268,732
268,746
268,776
268,800
268,809
268,868
268,913
268,960
268,996
269,271
269,308
269,329
269,339
269,356
269,394
269,397
269,496
269,503
269,517
269,537
269,542
269,551
269,583
269,615
269,619
269,633
269,718
269,727
269,735
269,745
269,746
269,774
269,780
269,803
269,836
269,845
269,850
269,856
269,892
269,894
269,953
270,296
270,405
270,509
270,576
270,590
270,603
270,629
270,820
270,825
270,981
271,277
271,312
271,323
271,396
271,397
271,445
271,509
271,524
271,557
271,562
271,588
271,615
271,684
271,687
271,708
271,713
271,740
271,749
271,763
271,766
271,776
271,791
271,803
271,822
271,834
271,861
271,888
271,906
271,926
271,929
271,948
271,950
271,957
271,965
271,977
272,282
272,309
272,354
272,388
272,414
272,502
272,518
272,570
272,574
272,606
272,646
272,655
272,778
272,792
272,844
272,863
272,868
272,875
272,956
272,973
272,986
273,278
273,298
273,301
273,302
273,359
273,450
273,455
273,458
273,464
273,528
273,545
273,546
273,616
273,621
273,630
273,635
273,686
273,699
273,707
273,709
273,720
273,730
273,735
273,752
273,754
273,765
273,792
273,813
273,817
273,825
273,853
273,862
273,882
273,892
273,933
273,941
273,971
273,982
274,287
274,325
274,336
274,415
274,419
274,466
274,519
274,527
274,568
274,582
274,613
274,626
274,668
274,673
274,677
274,681
274,730
274,752
274,760
274,772
274,777
274,782
274,787
274,806
274,819
274,838
274,846
274,872
274,882
274,885
274,890
274,900
274,910
274,914
274,930
274,969
275,276
275,289
275,342
275,346
275,350
275,376
275,400
275,424
275,429
275,448
275,451
275,464
275,509
275,534
275,552
275,560
275,569
275,603
275,624
275,635
275,664
275,699
275,708
275,714
275,760
275,805
275,809
275,819
275,842
275,885
275,922
275,932
275,935
275,943
275,976
275,982
275,993
276,279
276,332
276,373
276,377
276,468
276,526
276,607
276,638
276,693
276,899
276,927
276,953
276,984
276,985
277,280
277,286
277,288
277,303
277,332
277,345
277,372
277,379
277,384
277,393
277,423
277,427
277,442
277,461
277,463
277,527
277,540
277,552
277,570
277,581
277,583
277,584
277,592
277,596
277,653
277,654
277,661
277,674
277,679
277,683
277,685
277,770
277,786
277,788
277,801
277,804
277,810
277,819
277,829
277,838
277,848
277,855
277,864
277,884
277,887
277,894
277,935
278,291
278,314
278,343
278,364
278,402
278,463
278,482
278,503
278,537
278,602
278,727
278,768
278,824
278,874
278,885
278,960
278,995
279,282
279,305
279,324
279,334
279,376
279,417
279,431
279,434
279,487
279,514
279,578
279,596
279,634
279,646
279,732
279,745
279,749
279,754
279,773
279,785
279,791
279,792
279,858
279,912
279,946
279,978
279,999
280,288
280,289
280,322
280,332
280,339
280,350
280,375
280,389
280,420
280,427
280,448
280,458
280,483
280,504
280,505
280,506
280,532
280,547
280,575
280,577
280,581
280,592
280,596
280,602
280,609
280,618
280,640
280,648
280,669
280,685
280,687
280,690
280,707
280,709
280,766
280,786
280,789
280,793
280,854
280,878
280,895
280,907
280,908
280,924
280,969
280,990
280,994
281,283
281,296
281,341
281,349
281,480
281,492
281,555
281,625
281,626
281,674
281,695
281,699
281,702
281,849
281,862
281,889
281,904
281,920
281,928
281,930
281,947
281,994
282,296
282,328
282,374
282,386
282,431
282,457
282,519
282,545
282,550
282,559
282,596
282,668
282,682
282,687
282,740
282,783
282,799
282,803
282,816
282,852
282,886
282,889
282,968
282,975
282,978
282,979
282,993
283,301
283,311
283,318
283,323
283,325
283,332
283,333
283,349
283,350
283,358
283,367
283,379
283,393
283,399
283,403
283,409
283,426
283,428
283,440
283,445
283,459
283,480
283,481
283,491
283,496
283,502
283,506
283,520
283,521
283,541
283,544
283,581
283,619
283,660
283,669
283,683
283,686
283,687
283,703
283,717
283,735
283,842
283,847
283,852
283,855
283,859
283,869
283,907
283,920
283,927
283,945
283,954
283,960
284,348
284,462
284,497
284,541
284,560
284,593
284,598
284,619
284,626
284,656
284,683
284,685
284,718
284,723
284,884
284,905
284,955
284,962
284,976
285,296
285,307
285,314
285,326
285,337
285,340
285,345
285,373
285,388
285,397
285,498
285,546
285,569
285,573
285,583
285,608
285,642
285,644
285,661
285,683
285,690
285,703
285,760
285,844
285,848
285,850
285,890
285,923
285,957
285,966
285,967
285,968
285,999
286,296
286,303
286,358
286,391
286,394
286,448
286,469
286,516
286,526
286,586
286,602
286,620
286,640
286,648
286,752
286,773
286,806
286,810
286,817
286,841
286,863
286,865
286,919
286,964
286,979
286,984
287,289
287,291
287,307
287,314
287,332
287,342
287,370
287,384
287,386
287,403
287,404
287,409
287,438
287,466
287,493
287,510
287,543
287,550
287,573
287,578
287,588
287,607
287,625
287,663
287,677
287,683
287,697
287,708
287,716
287,720
287,726
287,733
287,736
287,747
287,759
287,779
287,781
287,782
287,816
287,862
287,864
287,881
287,907
287,939
287,945
287,946
287,953
287,974
287,984
288,299
288,334
288,342
288,359
288,389
288,418
288,421
288,446
288,459
288,483
288,529
288,546
288,608
288,619
288,629
288,657
288,665
288,710
288,724
288,732
288,745
288,758
288,772
288,789
288,790
288,815
288,833
288,900
288,936
288,954
288,956
288,966
288,970
288,978
289,299
289,323
289,333
289,334
289,352
289,353
289,364
289,367
289,380
289,419
289,436
289,461
289,500
289,510
289,583
289,586
289,592
289,627
289,629
289,653
289,655
289,659
289,661
289,676
289,678
289,681
289,683
289,688
289,742
289,779
289,789
289,803
289,819
289,820
289,824
289,879
289,885
289,886
289,896
289,900
289,935
289,959
289,975
289,976
289,978
289,995
290,319
290,338
290,342
290,365
290,375
290,380
290,430
290,440
290,466
290,559
290,570
290,584
290,590
290,668
290,695
290,700
290,723
290,732
290,764
290,787
290,848
290,852
290,881
290,961
290,964
290,976
291,295
291,296
291,308
291,419
291,450
291,598
291,633
291,734
291,744
291,845
291,890
291,909
291,973
291,977
291,994
292,303
292,328
292,362
292,400
292,404
292,410
292,429
292,459
292,476
292,485
292,487
292,491
292,502
292,510
292,563
292,574
292,753
292,756
292,781
292,783
292,814
292,835
292,868
292,877
292,916
292,946
292,947
292,960
293,316
293,386
293,393
293,420
293,455
293,557
293,560
293,665
293,672
293,731
293,733
293,734
293,758
293,765
293,778
293,785
293,826
293,828
293,829
293,840
293,858
293,889
293,920
293,937
293,996
294,355
294,440
294,470
294,488
294,515
294,566
294,624
294,638
294,663
294,700
294,727
294,739
294,746
294,823
294,851
294,902
294,906
294,942
294,947
294,960
294,969
294,972
295,319
295,360
295,375
295,395
295,409
295,443
295,477
295,532
295,540
295,551
295,627
295,629
295,660
295,682
295,714
295,716
295,731
295,757
295,770
295,779
295,781
295,797
295,799
295,807
295,808
295,814
295,825
295,842
295,855
295,866
295,900
295,914
295,954
295,968
295,970
295,977
295,982
296,301
296,314
296,316
296,323
296,324
296,328
296,345
296,348
296,360
296,366
296,378
296,382
296,393
296,394
296,397
296,402
296,423
296,426
296,428
296,451
296,467
296,468
296,469
296,519
296,521
296,544
296,557
296,569
296,570
296,572
296,576
296,588
296,638
296,641
296,650
296,659
296,664
296,680
296,692
296,709
296,710
296,723
296,736
296,769
296,778
296,787
296,791
296,794
296,803
296,846
296,850
296,861
296,863
296,870
296,875
296,881
296,890
296,910
296,913
296,954
296,970
296,975
296,977
297,307
297,320
297,322
297,342
297,377
297,429
297,443
297,446
297,463
297,586
297,591
297,594
297,602
297,609
297,631
297,633
297,638
297,639
297,648
297,651
297,671
297,753
297,776
297,790
297,797
297,858
297,909
297,966
298,299
298,312
298,325
298,331
298,333
298,345
298,348
298,354
298,428
298,431
298,461
298,477
298,502
298,506
298,605
298,629
298,662
298,669
298,677
298,717
298,730
298,738
298,740
298,746
298,775
298,783
298,805
298,807
298,838
298,847
298,849
298,850
298,878
298,881
298,892
298,907
298,938
298,939
298,954
298,958
298,966
298,976
298,977
299,304
299,326
299,340
299,347
299,350
299,355
299,359
299,371
299,378
299,384
299,391
299,412
299,414
299,429
299,435
299,469
299,474
299,496
299,498
299,504
299,509
299,510
299,514
299,521
299,547
299,552
299,563
299,581
299,582
299,591
299,593
299,603
299,616
299,619
299,624
299,641
299,669
299,677
299,697
299,706
299,709
299,710
299,716
299,734
299,744
299,753
299,756
299,758
299,767
299,768
299,780
299,786
299,795
299,802
299,816
299,827
299,832
299,837
299,838
299,861
299,870
299,875
299,883
299,887
299,889
299,899
299,907
299,909
299,920
299,933
299,956
299,965
299,987
299,988
300,303
300,338
300,351
300,354
300,366
300,411
300,493
300,535
300,591
300,592
300,607
300,623
300,624
300,625
300,631
300,663
300,703
300,766
300,790
300,890
300,901
300,910
300,993
301,304
301,343
301,361
301,365
301,391
301,401
301,435
301,441
301,446
301,477
301,479
301,486
301,489
301,498
301,504
301,505
301,509
301,510
301,527
301,535
301,547
301,553
301,555
301,582
301,619
301,657
301,660
301,706
301,714
301,719
301,730
301,762
301,771
301,780
301,784
301,798
301,801
301,805
301,870
301,871
301,876
301,899
301,902
301,903
301,911
301,937
301,939
301,958
302,311
302,326
302,328
302,355
302,358
302,372
302,406
302,407
302,449
302,462
302,481
302,493
302,496
302,498
302,504
302,510
302,544
302,558
302,570
302,586
302,590
302,604
302,631
302,640
302,662
302,664
302,677
302,715
302,718
302,727
302,748
302,750
302,770
302,771
302,801
302,805
302,815
302,816
302,831
302,839
302,842
302,847
302,856
302,866
302,884
302,888
302,911
302,922
302,929
302,942
302,957
302,984
302,993
303,330
303,370
303,422
303,430
303,433
303,458
303,459
303,463
303,501
303,507
303,528
303,547
303,548
303,567
303,621
303,677
303,686
303,695
303,700
303,719
303,730
303,766
303,770
303,782
303,788
303,805
303,825
303,829
303,835
303,848
303,870
303,872
303,897
303,936
303,987
304,317
304,342
304,349
304,393
304,428
304,429
304,430
304,461
304,469
304,476
304,508
304,521
304,547
304,556
304,590
304,592
304,645
304,677
304,701
304,709
304,712
304,726
304,760
304,781
304,782
304,787
304,797
304,807
304,837
304,838
304,840
304,845
304,853
304,869
304,870
304,886
304,892
304,916
304,960
304,984
305,307
305,319
305,361
305,363
305,408
305,485
305,577
305,591
305,607
305,645
305,667
305,703
305,716
305,717
305,751
305,837
305,846
305,884
305,928
305,933
305,939
305,949
305,971
305,976
306,395
306,515
306,542
306,651
306,673
306,690
306,789
306,794
306,806
307,312
307,332
307,339
307,347
307,394
307,406
307,414
307,428
307,480
307,494
307,576
307,651
307,658
307,717
307,744
307,753
307,767
307,794
307,901
307,946
307,996
307,998
308,320
308,329
308,360
308,366
308,371
308,391
308,403
308,407
308,409
308,417
308,441
308,444
308,466
308,469
308,480
308,481
308,486
308,497
308,498
308,507
308,510
308,523
308,550
308,561
308,570
308,581
308,586
308,591
308,592
308,602
308,629
308,631
308,635
308,637
308,648
308,649
308,669
308,676
308,681
308,683
308,697
308,700
308,708
308,709
308,740
308,748
308,750
308,752
308,756
308,767
308,781
308,799
308,802
308,821
308,837
308,868
308,877
308,897
308,903
308,907
308,930
308,963
308,984
308,985
309,310
309,358
309,369
309,376
309,388
309,394
309,412
309,437
309,472
309,534
309,537
309,593
309,605
309,616
309,623
309,634
309,652
309,667
309,689
309,695
309,776
309,816
309,908
309,987
309,990
309,995
309,999
310,382
310,418
310,508
310,514
310,556
310,562
310,566
310,572
310,574
310,576
310,653
310,679
310,743
310,775
310,893
310,895
310,902
310,905
311,335
311,354
311,360
311,367
311,368
311,387
311,501
311,502
311,557
311,587
311,613
311,634
311,654
311,773
311,775
311,798
311,873
311,904
311,910
311,913
311,942
311,967
312,328
312,365
312,421
312,424
312,428
312,435
312,442
312,454
312,465
312,479
312,500
312,509
312,516
312,521
312,581
312,586
312,640
312,647
312,662
312,669
312,688
312,701
312,740
312,741
312,757
312,773
312,779
312,798
312,809
312,813
312,816
312,818
312,851
312,854
312,877
312,892
312,902
312,929
312,943
312,970
312,976
313,386
313,423
313,425
313,587
313,613
313,669
313,704
313,719
313,822
313,830
313,879
313,889
313,902
313,918
313,929
314,325
314,331
314,345
314,371
314,376
314,382
314,384
314,413
314,441
314,443
314,466
314,477
314,481
314,515
314,516
314,548
314,557
314,619
314,622
314,629
314,674
314,684
314,688
314,697
314,701
314,706
314,709
314,712
314,734
314,746
314,756
314,768
314,791
314,805
314,813
314,848
314,863
314,877
314,892
314,900
314,903
314,992
315,318
315,334
315,374
315,381
315,390
315,391
315,437
315,445
315,462
315,471
315,492
315,500
315,508
315,510
315,521
315,537
315,546
315,554
315,557
315,564
315,627
315,628
315,653
315,658
315,670
315,685
315,705
315,709
315,719
315,740
315,755
315,783
315,813
315,854
315,868
315,920
315,931
315,952
315,980
316,317
316,355
316,507
316,545
316,591
316,599
316,645
316,747
316,751
316,784
316,787
316,849
316,856
316,882
316,919
316,972
317,335
317,358
317,372
317,377
317,389
317,431
317,468
317,470
317,499
317,610
317,615
317,621
317,668
317,674
317,685
317,688
317,707
317,728
317,748
317,755
317,797
317,827
317,830
317,906
317,923
317,926
317,930
317,947
318,385
318,401
318,410
318,434
318,454
318,461
318,466
318,493
318,534
318,563
318,569
318,581
318,582
318,583
318,585
318,586
318,588
318,595
318,626
318,659
318,688
318,692
318,706
318,707
318,715
318,718
318,746
318,770
318,773
318,778
318,826
318,827
318,828
318,838
318,850
318,872
318,898
318,939
318,975
318,982
318,997
319,324
319,340
319,399
319,429
319,435
319,441
319,445
319,469
319,471
319,475
319,477
319,481
319,491
319,523
319,540
319,542
319,544
319,582
319,590
319,593
319,596
319,602
319,609
319,621
319,624
319,632
319,633
319,635
319,649
319,656
319,658
319,678
319,683
319,699
319,714
319,718
319,754
319,767
319,772
319,791
319,805
319,810
319,821
319,837
319,838
319,847
319,858
319,876
319,878
319,887
319,896
319,908
319,939
319,954
319,958
319,971
319,990
320,326
320,333
320,335
320,341
320,365
320,372
320,388
320,407
320,410
320,418
320,426
320,446
320,460
320,466
320,481
320,482
320,483
320,486
320,508
320,516
320,561
320,569
320,574
320,604
320,640
320,649
320,656
320,657
320,677
320,683
320,686
320,708
320,740
320,758
320,795
320,807
320,828
320,832
320,838
320,892
320,897
320,907
320,929
320,937
320,963
320,975
321,330
321,375
321,387
321,438
321,450
321,551
321,589
321,645
321,659
321,684
321,727
321,751
321,754
321,783
321,813
321,819
321,844
321,868
322,336
322,384
322,426
322,433
322,442
322,466
322,489
322,503
322,508
322,549
322,569
322,571
322,578
322,593
322,614
322,620
322,625
322,648
322,688
322,705
322,708
322,749
322,769
322,776
322,778
322,829
322,832
322,841
322,847
322,865
322,909
322,933
322,955
322,979
322,998
323,342
323,343
323,372
323,382
323,442
323,488
323,506
323,520
323,521
323,575
323,602
323,660
323,674
323,684
323,687
323,701
323,724
323,740
323,746
323,813
323,831
323,841
323,852
323,855
323,858
323,859
323,868
323,883
323,895
323,911
323,935
323,968
323,994
323,997
324,346
324,368
324,433
324,472
324,473
324,481
324,498
324,549
324,579
324,581
324,587
324,622
324,629
324,637
324,653
324,662
324,669
324,681
324,691
324,716
324,742
324,748
324,794
324,847
324,851
324,894
324,919
324,933
324,971
324,977
324,995
325,354
325,361
325,364
325,407
325,424
325,427
325,429
325,456
325,481
325,504
325,596
325,627
325,676
325,709
325,716
325,719
325,734
325,748
325,757
325,779
325,813
325,819
325,847
325,877
325,895
325,907
325,920
325,933
325,958
325,962
325,971
325,972
326,328
326,333
326,334
326,349
326,350
326,354
326,366
326,369
326,402
326,403
326,410
326,419
326,429
326,444
326,448
326,481
326,491
326,510
326,550
326,555
326,570
326,574
326,575
326,585
326,593
326,607
326,620
326,621
326,625
326,633
326,638
326,640
326,647
326,654
326,661
326,667
326,683
326,685
326,699
326,709
326,715
326,747
326,752
326,758
326,765
326,771
326,779
326,791
326,795
326,826
326,830
326,837
326,847
326,849
326,866
326,899
326,903
326,904
326,958
326,968
327,386
327,402
327,422
327,476
327,508
327,511
327,529
327,539
327,560
327,561
327,562
327,566
327,571
327,577
327,595
327,596
327,598
327,716
327,717
327,731
327,764
327,847
327,868
327,876
327,895
327,915
327,937
327,984
328,359
328,389
328,434
328,484
328,508
328,559
328,576
328,603
328,614
328,616
328,655
328,670
328,716
328,742
328,744
328,774
328,783
328,794
328,805
328,810
328,816
328,827
328,831
328,836
328,883
328,902
328,909
328,911
328,925
328,929
328,934
328,970
328,971
328,992
328,993
329,332
329,333
329,340
329,347
329,365
329,379
329,399
329,413
329,456
329,460
329,462
329,489
329,491
329,499
329,511
329,515
329,516
329,555
329,564
329,569
329,578
329,582
329,593
329,606
329,608
329,618
329,657
329,660
329,661
329,679
329,690
329,708
329,734
329,735
329,741
329,756
329,789
329,803
329,815
329,826
329,828
329,838
329,859
329,860
329,863
329,870
329,875
329,894
329,900
329,907
329,921
329,927
329,945
329,948
329,960
329,975
329,992
330,342
330,394
330,401
330,454
330,461
330,477
330,485
330,583
330,621
330,629
330,661
330,674
330,675
330,713
330,716
330,727
330,728
330,781
330,807
330,850
330,895
330,902
330,933
330,934
330,948
330,972
330,986
331,337
331,358
331,369
331,393
331,434
331,440
331,444
331,446
331,473
331,474
331,508
331,547
331,571
331,586
331,587
331,616
331,625
331,643
331,734
331,745
331,757
331,779
331,797
331,798
331,831
331,867
331,874
331,879
331,883
331,892
331,902
331,903
331,926
331,939
331,955
331,972
331,976
331,977
331,997
332,349
332,359
332,371
332,378
332,388
332,394
332,403
332,406
332,409
332,427
332,445
332,461
332,477
332,498
332,504
332,505
332,561
332,581
332,607
332,608
332,618
332,622
332,673
332,720
332,734
332,735
332,740
332,779
332,795
332,804
332,819
332,829
332,838
332,855
332,941
332,950
333,334
333,335
333,339
333,350
333,354
333,364
333,397
333,410
333,423
333,427
333,430
333,437
333,440
333,443
333,456
333,500
333,510
333,511
333,515
333,517
333,544
333,553
333,561
333,576
333,596
333,606
333,618
333,637
333,648
333,676
333,699
333,716
333,730
333,760
333,779
333,870
333,877
333,936
333,940
333,960
333,971
333,977
334,355
334,361
334,362
334,367
334,376
334,400
334,434
334,464
334,484
334,498
334,508
334,510
334,547
334,605
334,613
334,615
334,621
334,646
334,670
334,690
334,693
334,791
334,794
334,851
334,872
334,875
334,900
334,943
334,974
334,984
334,993
335,384
335,405
335,410
335,428
335,434
335,435
335,438
335,440
335,475
335,496
335,506
335,509
335,515
335,523
335,547
335,553
335,555
335,620
335,653
335,668
335,670
335,687
335,697
335,708
335,709
335,722
335,724
335,746
335,803
335,829
335,838
335,841
335,866
335,873
335,877
335,885
335,891
335,892
335,907
335,954
335,976
336,370
336,445
336,458
336,460
336,487
336,572
336,632
336,655
336,657
336,691
336,695
336,696
336,700
336,705
336,717
336,728
336,733
336,744
336,749
336,760
336,774
336,789
336,804
336,863
336,868
336,870
336,880
336,890
336,894
336,901
336,933
337,350
337,383
337,423
337,428
337,460
337,461
337,469
337,491
337,514
337,549
337,550
337,577
337,585
337,599
337,664
337,668
337,708
337,762
337,770
337,771
337,788
337,814
337,841
337,843
337,845
337,875
337,877
337,892
337,931
337,934
337,936
337,955
337,963
337,974
337,984
338,377
338,406
338,429
338,447
338,488
338,505
338,509
338,522
338,557
338,570
338,598
338,622
338,652
338,725
338,943
338,948
338,977
338,989
339,352
339,354
339,364
339,376
339,421
339,445
339,486
339,510
339,521
339,523
339,555
339,561
339,618
339,627
339,783
339,798
339,810
339,811
339,816
339,832
339,863
339,868
339,892
339,895
339,901
339,902
339,929
339,948
339,958
339,976
340,349
340,380
340,402
340,408
340,415
340,419
340,427
340,439
340,446
340,454
340,456
340,465
340,494
340,532
340,542
340,555
340,578
340,585
340,611
340,617
340,628
340,653
340,664
340,669
340,712
340,714
340,734
340,748
340,756
340,798
340,803
340,805
340,825
340,828
340,838
340,863
340,866
340,873
340,887
340,912
340,925
340,928
340,939
340,965
340,971
341,372
341,454
341,495
341,501
341,533
341,605
341,648
341,659
341,694
341,697
341,744
341,800
341,808
341,833
341,874
341,939
341,940
341,944
341,956
342,354
342,366
342,372
342,374
342,390
342,395
342,404
342,410
342,413
342,415
342,435
342,443
342,485
342,488
342,503
342,507
342,515
342,532
342,541
342,550
342,567
342,582
342,588
342,589
342,615
342,653
342,659
342,679
342,703
342,725
342,770
342,773
342,782
342,790
342,792
342,819
342,824
342,828
342,838
342,844
342,864
342,875
342,884
342,907
342,935
342,937
342,958
342,991
343,354
343,376
343,435
343,441
343,446
343,460
343,510
343,512
343,541
343,545
343,570
343,591
343,607
343,630
343,738
343,744
343,753
343,763
343,772
343,799
343,801
343,816
343,829
343,831
343,840
343,859
343,865
343,889
343,963
343,977
343,999
344,365
344,383
344,406
344,448
344,476
344,492
344,548
344,586
344,590
344,598
344,608
344,644
344,653
344,678
344,708
344,737
344,972
344,982
344,983
345,348
345,369
345,397
345,414
345,430
345,489
345,527
345,544
345,546
345,581
345,628
345,648
345,684
345,697
345,725
345,731
345,758
345,779
345,830
345,831
345,840
345,859
345,886
345,935
345,970
345,971
345,980
345,991
345,994
346,357
346,358
346,361
346,398
346,403
346,425
346,435
346,452
346,454
346,473
346,483
346,504
346,516
346,525
346,545
346,547
346,553
346,558
346,576
346,606
346,623
346,690
346,726
346,756
346,773
346,816
346,870
346,892
346,907
346,936
346,947
347,350
347,352
347,358
347,363
347,372
347,374
347,376
347,381
347,402
347,407
347,413
347,430
347,437
347,443
347,445
347,462
347,469
347,481
347,491
347,498
347,504
347,505
347,506
347,508
347,510
347,532
347,537
347,575
347,583
347,596
347,597
347,615
347,641
347,661
347,664
347,683
347,715
347,717
347,740
347,757
347,771
347,773
347,787
347,807
347,816
347,819
347,828
347,831
347,832
347,838
347,840
347,842
347,848
347,852
347,855
347,879
347,894
347,909
347,926
347,929
347,930
347,942
347,947
347,948
347,958
347,960
347,966
347,970
347,978
347,986
347,992
347,996
348,364
348,378
348,403
348,427
348,431
348,442
348,453
348,460
348,467
348,483
348,485
348,531
348,555
348,603
348,626
348,637
348,651
348,668
348,675
348,680
348,734
348,747
348,766
348,772
348,785
348,813
348,824
348,843
348,862
348,866
348,898
348,943
348,947
348,953
348,962
348,967
348,970
348,971
348,986
348,991
349,394
349,414
349,429
349,476
349,481
349,505
349,509
349,544
349,568
349,570
349,573
349,578
349,592
349,598
349,637
349,670
349,694
349,765
349,791
349,797
349,805
349,895
349,927
349,935
349,958
350,354
350,393
350,440
350,472
350,483
350,494
350,502
350,521
350,522
350,537
350,555
350,581
350,585
350,593
350,596
350,598
350,632
350,649
350,651
350,660
350,678
350,683
350,686
350,692
350,695
350,710
350,714
350,734
350,771
350,777
350,805
350,816
350,840
350,848
350,851
350,866
350,870
350,886
350,889
350,903
350,911
350,920
350,948
350,953
350,960
350,963
350,968
350,988
350,995
351,388
351,469
351,538
351,586
351,587
351,593
351,594
351,674
351,696
351,707
351,740
351,752
351,798
351,873
351,877
351,890
351,976
351,977
352,369
352,371
352,406
352,410
352,423
352,466
352,521
352,559
352,569
352,582
352,608
352,620
352,646
352,703
352,794
352,811
352,816
352,840
352,850
352,884
352,900
352,907
352,915
352,951
352,956
352,966
353,390
353,409
353,421
353,438
353,467
353,507
353,542
353,553
353,566
353,570
353,717
353,755
353,768
353,782
353,878
353,880
353,918
353,928
353,951
353,975
353,983
353,984
354,456
354,466
354,470
354,491
354,504
354,539
354,589
354,590
354,606
354,627
354,660
354,694
354,708
354,713
354,715
354,717
354,728
354,786
354,795
354,797
354,807
354,841
354,871
354,877
354,889
354,930
354,941
354,943
354,954
354,966
354,976
355,361
355,369
355,386
355,445
355,447
355,485
355,486
355,496
355,526
355,546
355,562
355,570
355,586
355,603
355,606
355,621
355,708
355,719
355,720
355,744
355,767
355,768
355,832
355,859
355,899
355,924
355,939
355,941
355,962
355,980
355,988
355,995
356,378
356,383
356,412
356,430
356,452
356,494
356,522
356,533
356,547
356,552
356,556
356,562
356,573
356,589
356,590
356,657
356,693
356,703
356,731
356,738
356,887
356,888
356,891
356,904
356,906
356,914
356,925
356,936
356,948
356,990
357,387
357,397
357,414
357,448
357,456
357,489
357,495
357,496
357,530
357,570
357,633
357,645
357,656
357,691
357,692
357,719
357,742
357,764
357,766
357,772
357,810
357,812
357,817
357,831
357,834
357,847
357,920
357,930
357,942
357,976
357,990
358,375
358,388
358,394
358,429
358,477
358,529
358,623
358,647
358,653
358,654
358,662
358,670
358,698
358,723
358,733
358,806
358,821
358,823
358,831
358,849
358,865
358,873
358,877
358,878
358,888
358,902
358,929
358,935
358,942
358,954
358,958
358,981
358,984
358,986
359,360
359,364
359,369
359,384
359,451
359,476
359,491
359,524
359,544
359,569
359,584
359,603
359,609
359,668
359,713
359,715
359,717
359,754
359,758
359,760
359,814
359,819
359,848
359,854
359,875
359,891
359,896
359,920
359,945
359,993
359,996
359,997
360,389
360,413
360,440
360,445
360,461
360,475
360,504
360,506
360,536
360,543
360,585
360,586
360,588
360,594
360,614
360,631
360,652
360,670
360,692
360,697
360,702
360,729
360,768
360,771
360,789
360,792
360,816
360,840
360,841
360,880
360,896
360,902
360,919
360,927
360,944
361,384
361,388
361,399
361,403
361,408
361,413
361,421
361,427
361,435
361,441
361,475
361,510
361,515
361,516
361,544
361,546
361,555
361,559
361,561
361,576
361,581
361,590
361,615
361,621
361,677
361,681
361,683
361,701
361,710
361,712
361,734
361,760
361,771
361,800
361,802
361,808
361,829
361,835
361,839
361,844
361,855
361,864
361,867
361,869
361,887
361,923
361,937
361,948
361,953
361,963
361,973
361,982
362,432
362,570
362,600
362,624
362,626
362,633
362,653
362,665
362,690
362,701
362,749
362,773
362,797
362,813
362,828
362,892
362,960
362,966
362,968
362,992
363,464
363,525
363,538
363,544
363,609
363,700
363,859
363,868
363,875
364,396
364,407
364,413
364,431
364,435
364,491
364,496
364,511
364,546
364,582
364,586
364,592
364,615
364,652
364,683
364,710
364,713
364,752
364,779
364,787
364,792
364,799
364,847
364,870
364,873
364,889
364,955
364,960
364,963
364,979
364,987
365,369
365,372
365,391
365,441
365,442
365,446
365,460
365,481
365,485
365,494
365,497
365,501
365,516
365,524
365,527
365,528
365,537
365,540
365,551
365,555
365,557
365,561
365,571
365,586
365,592
365,598
365,614
365,630
365,635
365,644
365,647
365,669
365,685
365,686
365,690
365,710
365,712
365,720
365,734
365,735
365,742
365,744
365,786
365,792
365,810
365,816
365,819
365,834
365,840
365,842
365,847
365,848
365,870
365,872
365,878
365,889
365,892
365,894
365,911
365,922
365,924
365,942
365,945
365,964
365,994
366,427
366,445
366,459
366,463
366,465
366,468
366,503
366,509
366,533
366,539
366,568
366,593
366,626
366,649
366,664
366,667
366,671
366,713
366,727
366,733
366,779
366,783
366,791
366,795
366,805
366,812
366,826
366,841
366,879
366,888
366,892
366,899
366,920
366,942
366,960
366,963
366,972
367,410
367,439
367,454
367,460
367,555
367,584
367,624
367,683
367,686
367,789
367,803
367,816
367,895
367,897
367,902
367,937
367,951
367,988
368,383
368,386
368,432
368,438
368,492
368,493
368,512
368,513
368,519
368,542
368,558
368,574
368,584
368,609
368,630
368,658
368,661
368,688
368,784
368,833
368,846
368,859
368,889
368,899
368,954
368,961
369,375
369,396
369,402
369,407
369,408
369,413
369,425
369,441
369,453
369,498
369,510
369,521
369,547
369,569
369,575
369,581
369,596
369,615
369,637
369,640
369,681
369,699
369,701
369,740
369,779
369,786
369,806
369,813
369,816
369,824
369,853
369,855
369,875
369,896
369,904
369,910
369,911
369,916
369,942
369,977
370,387
370,418
370,463
370,527
370,664
370,684
370,720
370,750
370,752
370,806
370,829
370,897
370,900
371,398
371,429
371,435
371,461
371,469
371,483
371,484
371,548
371,592
371,630
371,646
371,649
371,655
371,661
371,677
371,678
371,687
371,690
371,709
371,713
371,714
371,720
371,741
371,753
371,770
371,779
371,780
371,787
371,798
371,810
371,841
371,860
371,863
371,874
371,886
371,910
371,926
371,954
371,960
372,376
372,379
372,391
372,405
372,429
372,455
372,456
372,470
372,483
372,496
372,509
372,594
372,653
372,664
372,696
372,718
372,725
372,749
372,771
372,805
372,815
372,869
372,899
372,975
372,986
373,432
373,621
373,674
373,700
373,736
373,778
373,854
373,972
373,997
374,395
374,450
374,456
374,457
374,540
374,553
374,559
374,563
374,565
374,573
374,581
374,605
374,619
374,661
374,667
374,683
374,686
374,696
374,720
374,777
374,782
374,795
374,867
374,877
374,901
374,905
374,907
374,938
374,941
374,958
374,970
374,977
374,986
375,388
375,427
375,439
375,442
375,446
375,447
375,453
375,462
375,474
375,475
375,501
375,504
375,509
375,540
375,598
375,609
375,637
375,664
375,667
375,678
375,690
375,691
375,698
375,701
375,708
375,715
375,726
375,740
375,755
375,759
375,777
375,782
375,788
375,816
375,821
375,833
375,835
375,838
375,855
375,859
375,875
375,896
375,916
375,919
375,928
375,933
375,941
375,942
375,945
375,968
375,977
375,984
376,388
376,389
376,398
376,413
376,433
376,439
376,444
376,456
376,462
376,482
376,483
376,496
376,509
376,515
376,561
376,593
376,620
376,637
376,680
376,718
376,727
376,737
376,747
376,749
376,753
376,780
376,786
376,794
376,809
376,810
376,829
376,830
376,846
376,848
376,850
376,856
376,868
376,870
376,894
376,907
376,949
376,971
377,410
377,435
377,473
377,502
377,534
377,554
377,602
377,608
377,609
377,628
377,629
377,665
377,681
377,691
377,694
377,698
377,803
377,805
377,846
377,868
377,947
378,391
378,405
378,408
378,449
378,482
378,487
378,506
378,515
378,567
378,568
378,605
378,609
378,632
378,645
378,647
378,674
378,679
378,680
378,683
378,688
378,691
378,700
378,701
378,713
378,728
378,746
378,773
378,779
378,796
378,833
378,834
378,846
378,863
378,866
378,868
378,885
378,896
378,897
378,908
378,939
378,950
378,958
379,384
379,400
379,407
379,418
379,425
379,459
379,462
379,496
379,513
379,527
379,576
379,589
379,596
379,660
379,686
379,692
379,715
379,717
379,719
379,735
379,744
379,769
379,779
379,782
379,807
379,811
379,865
379,879
379,909
379,943
380,417
380,486
380,575
380,584
380,615
380,620
380,690
380,762
380,765
380,807
380,823
380,848
380,851
380,880
380,884
380,899
380,903
380,905
380,955
380,966
381,411
381,510
381,547
381,591
381,596
381,623
381,702
381,714
381,718
381,743
381,751
381,784
381,815
381,865
381,876
381,920
381,947
381,965
382,413
382,420
382,424
382,429
382,441
382,445
382,469
382,490
382,504
382,517
382,528
382,562
382,581
382,588
382,593
382,609
382,629
382,654
382,709
382,714
382,715
382,716
382,724
382,747
382,758
382,768
382,771
382,772
382,805
382,807
382,813
382,816
382,819
382,841
382,844
382,845
382,847
382,851
382,863
382,878
382,903
382,912
382,925
382,986
383,389
383,475
383,476
383,498
383,520
383,539
383,542
383,646
383,671
383,699
383,709
383,749
383,754
383,756
383,781
383,814
383,825
383,855
383,863
383,886
383,890
383,895
383,915
383,929
383,966
383,968
383,994
384,422
384,427
384,452
384,455
384,495
384,505
384,527
384,531
384,562
384,598
384,604
384,612
384,618
384,624
384,629
384,638
384,648
384,677
384,683
384,701
384,709
384,730
384,738
384,757
384,764
384,766
384,768
384,769
384,773
384,777
384,799
384,827
384,838
384,846
384,853
384,855
384,882
384,889
384,894
384,900
384,901
384,915
384,929
384,937
384,941
384,942
384,976
385,393
385,411
385,457
385,465
385,510
385,521
385,569
385,583
385,584
385,585
385,605
385,669
385,705
385,711
385,716
385,763
385,808
385,920
385,921
385,928
385,942
385,947
385,976
385,988
385,999
386,421
386,462
386,491
386,502
386,526
386,562
386,567
386,630
386,631
386,746
386,750
386,868
386,878
386,891
386,892
386,897
386,904
386,906
386,949
386,961
387,412
387,459
387,521
387,583
387,596
387,612
387,666
387,678
387,789
387,794
387,883
387,924
387,989
388,404
388,431
388,439
388,503
388,510
388,517
388,526
388,547
388,624
388,634
388,641
388,648
388,659
388,661
388,670
388,678
388,689
388,692
388,699
388,709
388,724
388,736
388,750
388,786
388,825
388,868
388,888
388,932
388,949
388,956
388,962
389,446
389,458
389,462
389,466
389,481
389,486
389,490
389,515
389,526
389,544
389,562
389,576
389,578
389,675
389,684
389,716
389,728
389,770
389,785
389,802
389,803
389,805
389,806
389,845
389,889
389,900
389,975
389,983
390,400
390,441
390,473
390,481
390,498
390,525
390,645
390,701
390,716
390,742
390,744
390,763
390,768
390,771
390,797
390,833
390,888
390,972
390,977
391,427
391,428
391,435
391,437
391,445
391,446
391,455
391,460
391,481
391,486
391,490
391,515
391,520
391,569
391,588
391,608
391,609
391,621
391,667
391,677
391,683
391,697
391,702
391,709
391,712
391,723
391,731
391,744
391,747
391,797
391,801
391,803
391,842
391,876
391,890
391,901
391,948
391,987
391,988
392,396
392,416
392,470
392,544
392,548
392,562
392,604
392,608
392,618
392,637
392,638
392,662
392,684
392,696
392,727
392,731
392,767
392,772
392,823
392,850
392,867
392,902
392,917
392,928
392,944
392,952
392,957
392,958
392,989
393,418
393,427
393,494
393,512
393,524
393,527
393,546
393,572
393,593
393,607
393,621
393,637
393,638
393,653
393,667
393,668
393,684
393,687
393,697
393,706
393,719
393,730
393,731
393,758
393,773
393,824
393,827
393,842
393,875
393,900
393,997
394,399
394,400
394,429
394,432
394,446
394,470
394,488
394,537
394,545
394,551
394,559
394,574
394,613
394,621
394,657
394,658
394,660
394,667
394,673
394,680
394,698
394,705
394,752
394,756
394,777
394,779
394,789
394,798
394,827
394,852
394,892
394,939
394,991
395,407
395,412
395,456
395,473
395,490
395,510
395,526
395,527
395,553
395,608
395,635
395,640
395,669
395,700
395,718
395,793
395,805
395,812
395,837
395,844
395,847
395,856
395,873
395,890
395,938
395,949
395,977
396,459
396,462
396,503
396,554
396,574
396,611
396,662
396,666
396,675
396,681
396,716
396,766
396,794
396,829
396,833
396,840
396,868
396,898
396,913
396,941
396,986
396,992
397,416
397,444
397,458
397,461
397,506
397,527
397,538
397,544
397,561
397,593
397,598
397,609
397,629
397,632
397,649
397,696
397,704
397,731
397,733
397,738
397,805
397,876
397,878
397,898
397,900
397,916
397,946
397,954
397,960
397,972
397,983
397,987
398,445
398,447
398,477
398,543
398,598
398,620
398,635
398,667
398,674
398,760
398,788
398,822
398,842
398,904
399,403
399,407
399,441
399,469
399,491
399,505
399,546
399,549
399,575
399,615
399,629
399,632
399,649
399,677
399,701
399,726
399,768
399,819
399,839
399,841
399,845
399,873
399,890
399,892
399,900
399,943
400,402
400,480
400,521
400,532
400,560
400,580
400,588
400,612
400,628
400,684
400,706
400,708
400,731
400,739
400,794
400,795
400,840
400,863
400,907
400,980
400,985
400,993
401,406
401,431
401,459
401,518
401,560
401,569
401,635
401,646
401,695
401,696
401,706
401,762
401,777
401,833
401,837
401,873
401,922
402,403
402,421
402,423
402,429
402,471
402,478
402,483
402,501
402,503
402,520
402,522
402,523
402,533
402,542
402,587
402,624
402,633
402,640
402,641
402,647
402,675
402,699
402,701
402,716
402,729
402,753
402,758
402,765
402,779
402,795
402,803
402,805
402,806
402,881
402,906
402,929
402,935
402,937
402,965
402,982
402,998
403,443
403,454
403,472
403,475
403,481
403,496
403,501
403,503
403,521
403,527
403,564
403,592
403,605
403,612
403,629
403,654
403,664
403,686
403,688
403,695
403,714
403,726
403,738
403,766
403,769
403,773
403,787
403,843
403,846
403,851
403,892
403,917
403,959
403,979
403,991
404,429
404,432
404,489
404,495
404,625
404,627
404,634
404,637
404,646
404,662
404,762
404,771
404,806
404,814
404,820
404,880
404,903
404,996
405,409
405,458
405,469
405,488
405,503
405,509
405,544
405,571
405,605
405,640
405,694
405,695
405,877
405,897
405,907
405,922
405,942
406,423
406,428
406,457
406,544
406,560
406,604
406,607
406,674
406,695
406,746
406,763
406,794
406,815
406,885
406,896
406,904
406,916
406,932
406,941
406,956
406,979
407,433
407,438
407,442
407,444
407,456
407,469
407,481
407,484
407,487
407,491
407,493
407,502
407,521
407,527
407,532
407,544
407,545
407,559
407,582
407,585
407,588
407,589
407,638
407,640
407,660
407,661
407,663
407,665
407,677
407,695
407,700
407,725
407,733
407,741
407,756
407,771
407,780
407,791
407,795
407,805
407,815
407,819
407,824
407,840
407,845
407,881
407,889
407,897
407,929
407,938
407,948
407,960
407,964
408,427
408,469
408,507
408,515
408,540
408,546
408,570
408,585
408,664
408,723
408,752
408,797
408,826
408,849
408,865
408,875
408,886
408,960
408,962
408,972
409,428
409,429
409,447
409,503
409,526
409,532
409,583
409,586
409,647
409,658
409,659
409,661
409,738
409,739
409,773
409,840
409,861
409,942
409,979
410,418
410,424
410,437
410,476
410,481
410,515
410,525
410,530
410,534
410,544
410,598
410,599
410,617
410,633
410,660
410,687
410,725
410,742
410,754
410,775
410,801
410,815
410,832
410,833
410,878
410,892
410,915
410,923
410,932
410,980
410,988
411,425
411,454
411,458
411,462
411,474
411,555
411,568
411,590
411,625
411,645
411,651
411,658
411,661
411,686
411,701
411,705
411,763
411,816
411,824
411,826
411,846
411,880
411,904
411,922
411,933
411,938
411,948
411,976
412,427
412,460
412,497
412,540
412,579
412,590
412,600
412,604
412,671
412,675
412,710
412,765
412,782
412,819
412,828
412,833
412,845
412,848
412,868
412,913
412,914
412,929
412,954
412,956
412,984
412,996
413,415
413,426
413,435
413,441
413,449
413,451
413,481
413,495
413,501
413,506
413,510
413,534
413,544
413,546
413,556
413,570
413,588
413,630
413,651
413,653
413,683
413,702
413,711
413,733
413,735
413,769
413,780
413,786
413,827
413,828
413,829
413,831
413,841
413,854
413,892
413,903
413,924
413,942
413,958
413,993
414,429
414,433
414,451
414,515
414,552
414,558
414,608
414,624
414,684
414,686
414,690
414,702
414,712
414,749
414,794
414,803
414,846
414,868
414,877
414,913
414,950
414,975
415,640
415,649
415,752
415,758
415,769
415,800
415,823
415,873
415,882
415,942
415,980
416,417
416,522
416,569
416,610
416,648
416,692
416,745
416,807
416,838
416,859
416,860
416,937
416,948
417,429
417,475
417,479
417,487
417,601
417,657
417,664
417,699
417,806
417,862
417,882
417,989
418,445
418,459
418,461
418,466
418,496
418,498
418,501
418,506
418,541
418,544
418,548
418,551
418,575
418,576
418,581
418,598
418,618
418,642
418,662
418,667
418,670
418,689
418,717
418,726
418,728
418,756
418,766
418,785
418,816
418,840
418,846
418,856
418,864
418,875
418,890
418,892
418,905
418,911
418,920
418,937
418,956
419,599
419,629
419,786
419,822
419,825
419,890
419,929
419,948
419,991
420,427
420,441
420,442
420,445
420,448
420,461
420,462
420,477
420,489
420,510
420,537
420,541
420,544
420,564
420,581
420,585
420,593
420,596
420,615
420,630
420,648
420,649
420,675
420,677
420,685
420,688
420,697
420,705
420,708
420,709
420,716
420,720
420,740
420,761
420,783
420,804
420,805
420,810
420,841
420,869
420,892
420,902
420,905
420,910
420,918
420,922
420,945
420,954
420,972
420,975
420,991
420,994
421,433
421,470
421,509
421,547
421,579
421,592
421,636
421,660
421,664
421,668
421,671
421,795
421,808
421,816
421,840
421,866
421,880
421,899
421,907
421,937
421,963
421,983
422,424
422,449
422,466
422,485
422,497
422,508
422,527
422,532
422,562
422,603
422,604
422,605
422,617
422,620
422,673
422,695
422,696
422,740
422,750
422,809
422,842
422,880
422,884
422,904
422,953
422,964
422,986
422,995
423,432
423,443
423,470
423,471
423,512
423,517
423,518
423,532
423,556
423,570
423,581
423,604
423,659
423,669
423,678
423,699
423,702
423,713
423,739
423,753
423,754
423,770
423,787
423,792
423,793
423,810
423,818
423,834
423,840
423,853
423,856
423,888
423,912
423,915
423,922
423,959
424,428
424,431
424,503
424,511
424,535
424,585
424,607
424,610
424,715
424,730
424,815
424,849
424,851
424,858
424,861
424,900
424,976
425,537
425,548
425,551
425,616
425,624
425,625
425,638
425,651
425,680
425,681
425,752
425,768
425,799
425,802
425,820
425,868
425,881
425,897
425,927
425,955
425,962
425,983
426,431
426,482
426,485
426,497
426,503
426,529
426,566
426,589
426,618
426,641
426,712
426,725
426,800
426,875
426,908
426,956
426,983
427,441
427,445
427,450
427,469
427,472
427,482
427,491
427,493
427,494
427,496
427,503
427,537
427,540
427,548
427,552
427,569
427,573
427,584
427,586
427,648
427,677
427,679
427,697
427,702
427,704
427,712
427,727
427,753
427,759
427,767
427,780
427,787
427,795
427,803
427,807
427,817
427,828
427,847
427,867
427,887
427,905
427,911
427,916
427,928
427,935
427,938
427,944
427,958
427,960
427,977
427,991
428,459
428,473
428,479
428,482
428,491
428,493
428,495
428,498
428,503
428,506
428,513
428,556
428,557
428,561
428,595
428,603
428,627
428,630
428,651
428,653
428,657
428,681
428,701
428,725
428,735
428,767
428,786
428,820
428,837
428,845
428,847
428,864
428,866
428,878
428,895
428,900
428,911
428,921
428,927
428,939
428,953
428,957
428,969
428,986
429,441
429,461
429,469
429,497
429,513
429,536
429,542
429,546
429,567
429,569
429,596
429,599
429,618
429,627
429,635
429,654
429,660
429,677
429,687
429,701
429,704
429,720
429,725
429,728
429,741
429,742
429,756
429,758
429,810
429,825
429,832
429,838
429,869
429,893
429,895
429,906
429,911
429,932
429,947
429,954
429,963
429,984
430,485
430,488
430,544
430,589
430,598
430,635
430,638
430,654
430,664
430,677
430,693
430,700
430,701
430,713
430,720
430,749
430,756
430,773
430,785
430,817
430,818
430,834
430,844
430,847
430,865
430,877
430,898
430,902
430,909
430,913
430,916
430,935
430,940
430,960
430,995
431,599
431,617
431,620
431,661
431,768
431,780
431,782
431,847
431,923
431,990
432,457
432,458
432,584
432,623
432,648
432,698
432,711
432,712
432,720
432,745
432,768
432,803
432,811
432,813
432,909
432,992
432,994
433,446
433,483
433,487
433,495
433,499
433,501
433,546
433,559
433,570
433,606
433,608
433,624
433,630
433,637
433,663
433,721
433,741
433,767
433,775
433,785
433,792
433,815
433,866
433,962
433,970
434,448
434,466
434,488
434,554
434,577
434,606
434,624
434,714
434,813
434,841
434,843
434,847
434,912
434,980
435,466
435,476
435,482
435,486
435,523
435,537
435,544
435,559
435,598
435,699
435,730
435,747
435,753
435,795
435,799
435,816
435,877
435,887
435,894
435,899
435,903
435,925
435,935
435,945
435,948
436,448
436,459
436,466
436,481
436,531
436,565
436,605
436,613
436,623
436,686
436,758
436,762
436,775
436,789
436,825
436,854
436,885
436,929
436,935
437,446
437,459
437,481
437,494
437,499
437,501
437,506
437,510
437,514
437,539
437,589
437,596
437,607
437,612
437,615
437,665
437,672
437,695
437,700
437,716
437,730
437,758
437,791
437,806
437,834
437,835
437,840
437,851
437,858
437,862
437,867
437,868
437,888
437,890
437,919
437,922
437,967
437,983
437,989
438,440
438,447
438,458
438,462
438,534
438,550
438,587
438,588
438,591
438,593
438,599
438,604
438,625
438,637
438,659
438,671
438,687
438,698
438,708
438,714
438,724
438,750
438,760
438,785
438,838
438,871
438,916
438,932
438,934
439,459
439,461
439,489
439,545
439,629
439,670
439,688
439,737
439,759
439,776
439,832
439,882
439,912
439,929
439,941
439,969
440,484
440,509
440,516
440,519
440,538
440,571
440,592
440,601
440,616
440,639
440,664
440,669
440,680
440,687
440,702
440,720
440,752
440,771
440,782
440,793
440,800
440,812
440,819
440,828
440,831
440,840
440,844
440,851
440,852
440,868
440,883
440,922
440,950
440,984
440,997
441,451
441,461
441,498
441,505
441,516
441,528
441,546
441,598
441,649
441,651
441,654
441,683
441,712
441,758
441,772
441,781
441,786
441,828
441,850
441,890
441,943
441,945
441,960
441,975
441,993
441,996
442,459
442,473
442,498
442,504
442,506
442,543
442,545
442,551
442,569
442,570
442,586
442,622
442,649
442,650
442,659
442,668
442,677
442,697
442,713
442,724
442,782
442,796
442,832
442,847
442,862
442,866
442,939
442,954
442,958
443,470
443,503
443,554
443,560
443,563
443,574
443,575
443,615
443,625
443,626
443,641
443,659
443,705
443,725
443,733
443,762
443,789
443,807
443,873
443,876
443,882
443,890
443,905
443,910
443,913
443,957
443,962
443,976
443,977
444,503
444,515
444,545
444,575
444,618
444,624
444,629
444,640
444,660
444,698
444,701
444,740
444,745
444,777
444,849
444,951
444,980
445,450
445,456
445,486
445,496
445,503
445,506
445,508
445,509
445,521
445,537
445,546
445,570
445,586
445,608
445,640
445,666
445,691
445,701
445,703
445,707
445,716
445,731
445,750
445,752
445,757
445,760
445,770
445,807
445,810
445,819
445,830
445,853
445,860
445,865
445,880
445,882
445,889
445,896
445,910
445,932
445,938
445,939
445,940
445,953
445,967
445,972
445,978
445,988
445,989
445,996
445,999
446,460
446,463
446,484
446,496
446,503
446,504
446,528
446,537
446,540
446,546
446,569
446,572
446,583
446,586
446,629
446,634
446,656
446,678
446,701
446,705
446,706
446,709
446,716
446,727
446,730
446,732
446,735
446,743
446,766
446,767
446,779
446,820
446,832
446,844
446,847
446,866
446,878
446,882
446,887
446,890
446,899
446,914
446,927
446,942
446,945
446,959
446,969
446,989
446,995
447,460
447,466
447,528
447,573
447,617
447,686
447,754
447,799
447,842
447,883
447,926
447,930
447,995
448,449
448,570
448,631
448,665
448,701
448,718
448,743
448,785
448,787
448,884
448,905
448,923
448,926
448,939
448,940
448,953
449,467
449,482
449,485
449,540
449,598
449,609
449,629
449,651
449,679
449,687
449,700
449,746
449,752
449,795
449,798
449,863
449,930
449,937
449,986
450,480
450,485
450,509
450,541
450,548
450,595
450,615
450,622
450,702
450,769
450,808
450,840
450,846
450,929
450,945
451,460
451,470
451,490
451,526
451,545
451,555
451,556
451,570
451,623
451,624
451,691
451,748
451,782
451,811
451,863
451,901
451,907
451,927
451,938
451,960
451,984
452,489
452,511
452,519
452,540
452,574
452,579
452,608
452,676
452,679
452,693
452,695
452,730
452,745
452,746
452,795
452,820
452,825
452,841
452,971
452,990
453,499
453,516
453,537
453,543
453,651
453,672
453,705
453,765
453,782
453,797
453,804
453,813
453,860
453,896
453,903
453,940
453,957
453,995
454,459
454,468
454,483
454,486
454,570
454,609
454,630
454,697
454,733
454,743
454,765
454,846
454,861
454,866
454,963
455,486
455,537
455,554
455,570
455,616
455,617
455,636
455,664
455,722
455,728
455,768
455,797
455,829
455,857
455,858
455,879
455,905
455,920
455,982
456,473
456,486
456,489
456,498
456,509
456,550
456,559
456,563
456,569
456,571
456,573
456,575
456,585
456,598
456,600
456,648
456,651
456,656
456,699
456,703
456,710
456,712
456,715
456,741
456,779
456,791
456,805
456,807
456,815
456,831
456,841
456,856
456,889
456,890
456,893
456,895
456,898
456,904
456,915
456,941
456,949
456,952
456,962
457,480
457,522
457,629
457,648
457,666
457,738
457,746
457,768
457,782
457,790
457,794
457,919
457,977
458,462
458,465
458,496
458,499
458,540
458,569
458,570
458,627
458,632
458,650
458,699
458,702
458,708
458,769
458,808
458,827
458,844
458,855
458,862
458,865
458,876
458,892
458,895
458,980
458,990
459,473
459,489
459,502
459,535
459,555
459,574
459,616
459,620
459,670
459,686
459,715
459,716
459,752
459,758
459,771
459,773
459,788
459,832
459,836
459,838
459,853
459,873
459,875
459,922
459,955
459,961
459,970
459,987
460,464
460,476
460,481
460,497
460,499
460,501
460,504
460,510
460,544
460,561
460,568
460,570
460,585
460,588
460,594
460,603
460,635
460,660
460,664
460,688
460,699
460,700
460,703
460,712
460,741
460,773
460,779
460,792
460,801
460,804
460,816
460,821
460,827
460,855
460,873
460,878
460,882
460,889
460,892
460,907
460,915
460,929
460,938
460,942
460,949
460,952
460,966
460,975
461,472
461,488
461,510
461,540
461,559
461,598
461,654
461,678
461,679
461,699
461,706
461,709
461,725
461,730
461,750
461,770
461,781
461,786
461,803
461,830
461,851
461,852
461,872
461,881
461,894
461,938
461,948
461,963
461,966
461,975
461,981
462,508
462,534
462,535
462,545
462,547
462,589
462,605
462,611
462,623
462,638
462,667
462,710
462,729
462,780
462,781
462,792
462,805
462,808
462,814
462,815
462,828
462,835
462,838
462,855
462,884
462,891
462,895
462,946
462,954
462,988
463,490
463,495
463,497
463,499
463,503
463,520
463,550
463,560
463,586
463,598
463,599
463,632
463,651
463,656
463,678
463,731
463,772
463,786
463,803
463,827
463,844
463,849
463,856
463,858
463,898
463,905
463,939
463,953
463,960
463,986
463,987
463,994
464,480
464,484
464,489
464,497
464,507
464,517
464,521
464,522
464,526
464,544
464,564
464,605
464,616
464,618
464,633
464,649
464,733
464,760
464,809
464,826
464,831
464,861
464,874
464,876
464,878
464,879
464,884
464,905
464,963
464,966
464,978
465,544
465,548
465,668
465,684
465,712
465,757
465,758
465,782
465,806
465,813
465,824
465,831
465,845
465,908
465,910
465,921
465,930
465,944
466,490
466,540
466,544
466,546
466,552
466,553
466,560
466,570
466,582
466,593
466,642
466,658
466,671
466,675
466,697
466,701
466,713
466,733
466,749
466,769
466,774
466,778
466,780
466,797
466,808
466,814
466,842
466,843
466,844
466,856
466,880
466,883
466,900
466,913
466,942
467,493
467,516
467,552
467,567
467,590
467,618
467,631
467,649
467,684
467,725
467,729
467,744
467,750
467,769
467,786
467,815
467,825
467,863
467,876
467,885
467,891
467,927
467,949
467,956
467,992
468,478
468,499
468,537
468,545
468,574
468,611
468,648
468,681
468,727
468,732
468,758
468,820
468,823
468,854
468,869
468,919
468,951
468,984
468,997
469,475
469,486
469,502
469,520
469,543
469,546
469,563
469,585
469,590
469,593
469,606
469,625
469,676
469,677
469,678
469,692
469,693
469,699
469,706
469,709
469,726
469,730
469,734
469,742
469,779
469,785
469,791
469,797
469,809
469,830
469,831
469,838
469,839
469,845
469,866
469,877
469,884
469,903
469,929
469,942
469,945
469,947
469,989
470,497
470,499
470,611
470,613
470,628
470,641
470,681
470,730
470,756
470,763
470,768
470,777
470,794
470,874
470,891
470,897
470,899
470,909
470,927
470,968
470,997
471,631
471,759
471,773
471,834
471,895
471,944
472,502
472,511
472,536
472,537
472,545
472,587
472,618
472,629
472,633
472,646
472,647
472,673
472,676
472,681
472,685
472,714
472,717
472,741
472,779
472,781
472,786
472,824
472,836
472,854
472,858
472,862
472,898
472,900
472,903
472,958
472,984
472,990
473,492
473,508
473,544
473,555
473,566
473,683
473,688
473,782
473,845
473,851
473,878
473,907
473,948
474,487
474,535
474,565
474,604
474,651
474,695
474,707
474,739
474,817
474,884
474,929
474,956
474,995
475,479
475,502
475,504
475,510
475,513
475,555
475,560
475,571
475,572
475,576
475,590
475,599
475,602
475,635
475,649
475,654
475,660
475,686
475,692
475,708
475,715
475,724
475,773
475,786
475,804
475,815
475,837
475,845
475,872
475,874
475,903
475,949
475,976
476,477
476,480
476,508
476,537
476,538
476,574
476,597
476,615
476,622
476,689
476,702
476,746
476,784
476,801
476,809
476,829
476,840
476,847
476,861
476,870
476,895
476,939
476,947
476,968
477,548
477,550
477,577
477,586
477,589
477,648
477,651
477,677
477,679
477,692
477,747
477,758
477,763
477,795
477,813
477,846
477,852
477,893
477,905
477,931
478,563
478,587
478,612
478,629
478,720
478,728
478,739
478,764
478,799
478,803
478,816
478,825
478,965
478,972
478,974
479,486
479,539
479,569
479,580
479,590
479,596
479,621
479,626
479,727
479,763
479,780
479,816
479,865
479,874
479,887
479,894
479,902
479,924
479,935
479,947
479,950
480,560
480,579
480,599
480,630
480,650
480,658
480,663
480,719
480,725
480,773
480,779
480,790
480,793
480,831
480,847
480,866
480,878
480,900
480,927
480,964
480,981
480,993
480,997
481,484
481,499
481,503
481,505
481,516
481,522
481,582
481,588
481,593
481,596
481,715
481,729
481,730
481,740
481,751
481,782
481,791
481,831
481,832
481,859
481,875
481,882
481,887
481,892
481,899
481,900
481,913
481,920
481,936
481,960
481,973
482,483
482,535
482,539
482,564
482,572
482,596
482,604
482,608
482,629
482,631
482,657
482,663
482,686
482,716
482,721
482,732
482,770
482,775
482,787
482,846
482,866
482,867
482,870
482,879
482,891
482,895
482,916
482,929
482,950
482,973
482,992
483,489
483,504
483,543
483,594
483,598
483,615
483,620
483,630
483,650
483,651
483,652
483,679
483,687
483,691
483,712
483,720
483,779
483,812
483,817
483,819
483,826
483,839
483,874
483,875
483,877
483,881
483,906
483,917
483,922
483,945
483,958
483,976
484,485
484,492
484,537
484,570
484,587
484,649
484,660
484,668
484,679
484,726
484,777
484,828
484,832
484,838
484,884
484,892
484,897
484,899
484,900
484,904
484,906
484,927
484,972
484,975
485,501
485,542
485,544
485,561
485,595
485,624
485,654
485,662
485,688
485,702
485,703
485,746
485,760
485,832
485,838
485,860
485,905
485,928
485,934
485,942
485,948
485,957
485,970
485,971
485,977
486,523
486,572
486,591
486,598
486,600
486,615
486,630
486,632
486,648
486,695
486,756
486,757
486,770
486,801
486,807
486,819
486,838
486,846
486,867
486,875
486,887
486,888
486,894
486,899
486,919
486,921
486,948
486,970
486,971
486,975
486,985
486,992
487,501
487,620
487,628
487,635
487,673
487,680
487,694
487,781
487,826
487,901
487,945
487,947
487,972
487,997
488,493
488,508
488,516
488,517
488,570
488,587
488,615
488,624
488,662
488,668
488,752
488,789
488,805
488,907
488,927
488,937
488,943
488,977
489,492
489,498
489,507
489,529
489,539
489,569
489,585
489,588
489,594
489,604
489,615
489,651
489,664
489,740
489,744
489,756
489,766
489,782
489,798
489,801
489,814
489,819
489,828
489,835
489,847
489,877
489,899
489,903
489,911
489,916
489,984
490,497
490,504
490,519
490,535
490,544
490,555
490,603
490,640
490,654
490,705
490,735
490,773
490,787
490,790
490,853
490,857
490,860
490,865
490,896
490,926
490,979
490,980
490,984
490,991
490,993
491,502
491,581
491,582
491,588
491,593
491,618
491,627
491,629
491,630
491,640
491,657
491,662
491,680
491,695
491,699
491,752
491,757
491,779
491,805
491,831
491,853
491,855
491,859
491,878
491,907
491,952
491,972
492,566
492,653
492,680
492,752
492,755
492,769
492,800
492,812
492,869
492,881
492,897
492,974
493,496
493,586
493,595
493,621
493,644
493,667
493,695
493,730
493,738
493,749
493,772
493,817
493,822
493,825
493,865
493,868
493,879
493,897
493,991
494,504
494,537
494,620
494,626
494,628
494,696
494,727
494,809
494,814
494,833
494,863
494,908
494,927
494,949
495,604
495,621
495,677
495,719
495,723
495,730
495,763
495,788
495,801
495,829
495,847
495,873
495,874
495,886
495,898
495,938
496,537
496,560
496,561
496,575
496,585
496,594
496,596
496,598
496,599
496,600
496,648
496,679
496,685
496,700
496,712
496,715
496,748
496,752
496,772
496,801
496,815
496,834
496,865
496,867
496,868
496,877
496,909
496,920
496,926
496,929
496,958
496,976
496,980
497,500
497,510
497,539
497,578
497,610
497,650
497,653
497,658
497,695
497,709
497,735
497,743
497,751
497,762
497,798
497,801
497,802
497,827
497,855
497,896
497,924
497,960
497,980
497,983
498,504
498,521
498,543
498,544
498,549
498,582
498,585
498,592
498,595
498,621
498,637
498,638
498,648
498,661
498,662
498,672
498,683
498,687
498,699
498,701
498,710
498,712
498,713
498,727
498,780
498,781
498,787
498,791
498,799
498,810
498,830
498,831
498,832
498,847
498,851
498,867
498,879
498,886
498,891
498,892
498,901
498,907
498,938
498,949
498,956
498,967
498,976
498,980
499,520
499,571
499,576
499,616
499,617
499,623
499,624
499,632
499,638
499,644
499,696
499,742
499,757
499,812
499,834
499,846
499,858
499,879
499,894
499,916
499,923
499,965
500,502
500,588
500,592
500,605
500,614
500,629
500,646
500,690
500,753
500,773
500,782
500,833
500,846
500,866
500,909
500,938
500,961
500,982
501,505
501,522
501,541
501,612
501,655
501,664
501,691
501,726
501,767
501,773
501,774
501,785
501,789
501,843
501,869
501,872
501,883
501,887
501,892
501,922
501,936
501,949
502,512
502,528
502,543
502,549
502,560
502,575
502,597
502,629
502,650
502,654
502,656
502,661
502,689
502,700
502,713
502,729
502,730
502,733
502,744
502,783
502,810
502,840
502,841
502,849
502,863
502,924
502,926
502,957
502,958
502,970
502,991
503,508
503,516
503,520
503,527
503,532
503,539
503,552
503,555
503,567
503,568
503,576
503,590
503,591
503,617
503,622
503,637
503,659
503,662
503,669
503,670
503,685
503,695
503,700
503,717
503,749
503,750
503,773
503,775
503,776
503,778
503,780
503,784
503,800
503,803
503,818
503,820
503,834
503,842
503,863
503,868
503,890
503,896
503,898
503,907
503,924
503,925
503,957
504,508
504,542
504,550
504,555
504,569
504,575
504,578
504,582
504,583
504,608
504,617
504,627
504,653
504,660
504,664
504,699
504,703
504,712
504,717
504,721
504,724
504,732
504,734
504,736
504,767
504,776
504,801
504,803
504,807
504,812
504,830
504,832
504,835
504,840
504,841
504,851
504,855
504,867
504,882
504,917
504,938
504,941
504,963
504,972
504,991
504,994
504,995
505,559
505,574
505,586
505,588
505,596
505,612
505,648
505,653
505,660
505,687
505,774
505,791
505,804
505,807
505,816
505,840
505,870
505,878
505,883
505,907
505,916
505,919
505,920
506,518
506,526
506,573
506,588
506,592
506,598
506,615
506,636
506,677
506,693
506,697
506,701
506,713
506,714
506,730
506,756
506,757
506,799
506,815
506,825
506,841
506,842
506,845
506,866
506,886
506,896
506,911
506,949
506,958
507,564
507,571
507,617
507,618
507,690
507,713
507,792
507,801
507,810
507,814
507,847
507,886
507,910
507,956
507,995
508,531
508,532
508,553
508,582
508,607
508,633
508,655
508,662
508,673
508,682
508,697
508,717
508,740
508,751
508,775
508,780
508,781
508,812
508,825
508,840
508,859
508,863
508,874
508,876
508,882
508,883
508,913
508,940
508,946
508,962
508,965
508,969
508,977
509,528
509,529
509,533
509,538
509,587
509,630
509,722
509,765
509,788
509,794
509,806
509,886
509,907
509,948
509,955
509,957
509,974
510,537
510,549
510,550
510,581
510,583
510,592
510,598
510,620
510,638
510,674
510,720
510,731
510,732
510,799
510,801
510,808
510,809
510,819
510,832
510,838
510,841
510,852
510,894
510,899
510,915
510,950
510,962
510,966
510,967
510,970
511,537
511,544
511,576
511,610
511,622
511,630
511,635
511,656
511,683
511,684
511,727
511,833
511,851
511,863
511,871
511,928
511,962
511,989
511,990
512,571
512,646
512,704
512,764
512,779
512,780
512,843
512,884
512,897
513,517
513,606
513,649
513,688
513,690
513,804
513,806
513,840
513,841
513,862
513,949
513,967
514,674
514,679
514,684
514,699
514,733
514,789
514,814
514,824
514,849
514,991
515,535
515,544
515,563
515,626
515,649
515,662
515,690
515,727
515,730
515,817
515,824
515,835
515,845
515,908
515,926
515,950
515,958
515,974
516,531
516,570
516,614
516,624
516,661
516,669
516,680
516,685
516,718
516,755
516,808
516,855
516,863
516,877
516,886
516,894
516,895
516,904
516,920
516,945
516,946
516,952
516,961
516,968
516,984
517,521
517,572
517,703
517,725
517,750
517,755
517,772
517,811
517,817
517,845
517,873
517,892
517,895
517,969
518,572
518,631
518,651
518,721
518,730
518,735
518,819
518,821
518,838
518,865
518,870
518,881
518,892
518,900
518,914
518,916
518,941
518,942
518,953
518,983
519,546
519,593
519,599
519,652
519,663
519,703
519,713
519,730
519,753
519,755
519,759
519,803
519,866
519,882
519,912
519,926
519,965
519,972
519,974
520,588
520,608
520,618
520,637
520,657
520,691
520,730
520,757
520,760
520,811
520,816
520,868
520,877
520,941
521,541
521,546
521,571
521,593
521,606
521,615
521,617
521,621
521,625
521,677
521,686
521,720
521,749
521,758
521,780
521,803
521,804
521,824
521,831
521,841
521,867
521,878
521,879
521,894
521,905
521,915
521,938
521,941
521,964
522,534
522,564
522,568
522,570
522,576
522,588
522,597
522,608
522,642
522,725
522,760
522,790
522,812
522,842
522,859
522,895
522,922
522,950
522,954
522,968
522,972
522,983
523,552
523,588
523,591
523,607
523,615
523,620
523,627
523,656
523,664
523,668
523,687
523,708
523,712
523,730
523,731
523,740
523,780
523,836
523,838
523,846
523,863
523,895
523,945
523,969
524,542
524,544
524,549
524,552
524,592
524,597
524,692
524,750
524,758
524,840
524,863
524,864
524,888
524,902
524,904
524,927
524,989
524,998
525,537
525,539
525,552
525,555
525,563
525,564
525,624
525,626
525,641
525,654
525,672
525,675
525,687
525,708
525,819
525,824
525,842
525,847
525,851
525,877
525,901
525,984
526,532
526,548
526,555
526,562
526,585
526,587
526,602
526,619
526,635
526,675
526,705
526,715
526,723
526,753
526,755
526,784
526,790
526,805
526,813
526,816
526,823
526,824
526,835
526,845
526,846
526,891
526,903
526,932
526,995
527,578
527,596
527,618
527,678
527,699
527,705
527,716
527,722
527,760
527,772
527,780
527,824
527,830
527,835
527,845
527,851
527,873
527,878
527,933
527,938
527,948
527,977
527,986
528,548
528,555
528,587
528,594
528,595
528,643
528,669
528,690
528,723
528,727
528,740
528,748
528,752
528,773
528,775
528,783
528,792
528,800
528,809
528,831
528,859
528,897
528,909
528,927
528,931
528,984
529,562
529,602
529,673
529,684
529,736
529,747
529,780
529,792
529,949
530,624
530,717
530,743
530,808
530,833
530,893
530,895
530,961
530,980
531,544
531,604
531,615
531,724
531,769
531,794
531,795
531,850
531,855
532,538
532,554
532,619
532,759
532,770
532,778
532,790
532,810
532,814
532,817
532,862
532,876
532,898
532,922
532,947
532,964
532,978
533,679
533,704
533,800
533,811
533,857
533,937
533,942
533,983
534,590
534,675
534,711
534,716
534,737
534,750
534,757
534,762
534,767
534,777
534,782
534,819
534,826
534,834
534,837
534,874
534,886
534,892
534,916
534,922
534,924
534,945
534,957
535,556
535,588
535,697
535,719
535,720
535,750
535,768
535,866
535,890
535,915
535,931
535,936
535,941
535,969
535,970
535,999
536,552
536,563
536,583
536,653
536,684
536,688
536,701
536,704
536,811
536,830
536,923
537,546
537,548
537,553
537,575
537,586
537,590
537,595
537,608
537,618
537,619
537,625
537,637
537,638
537,660
537,662
537,676
537,684
537,687
537,703
537,720
537,732
537,760
537,768
537,769
537,786
537,793
537,805
537,806
537,819
537,831
537,864
537,882
537,893
537,899
537,902
537,915
537,943
537,948
537,968
537,972
537,986
538,584
538,598
538,607
538,643
538,710
538,768
538,815
538,845
538,848
538,889
538,892
538,914
538,958
538,996
539,545
539,550
539,557
539,560
539,585
539,613
539,637
539,674
539,700
539,711
539,750
539,819
539,829
539,848
539,863
539,869
539,875
539,889
539,904
539,909
539,922
539,933
539,937
539,938
540,557
540,573
540,581
540,604
540,605
540,621
540,622
540,627
540,648
540,669
540,677
540,700
540,709
540,781
540,795
540,819
540,836
540,875
540,886
540,911
540,939
540,953
541,562
541,575
541,581
541,595
541,629
541,635
541,637
541,652
541,663
541,674
541,773
541,783
541,786
541,787
541,798
541,812
541,823
541,824
541,826
541,907
541,909
541,911
541,933
541,945
541,968
541,984
542,584
542,595
542,599
542,605
542,646
542,667
542,686
542,699
542,737
542,775
542,781
542,789
542,852
542,873
542,890
542,962
542,967
542,979
542,983
543,603
543,655
543,659
543,681
543,699
543,704
543,715
543,720
543,724
543,733
543,734
543,741
543,744
543,760
543,779
543,810
543,845
543,869
543,899
543,920
543,960
543,976
543,981
543,994
544,545
544,574
544,575
544,589
544,591
544,593
544,600
544,609
544,619
544,634
544,658
544,661
544,670
544,673
544,677
544,703
544,706
544,719
544,731
544,734
544,749
544,778
544,781
544,782
544,788
544,798
544,826
544,830
544,838
544,841
544,846
544,861
544,869
544,870
544,880
544,889
544,893
544,905
544,930
544,941
544,942
544,943
544,946
544,952
544,954
544,956
544,968
544,969
544,976
544,980
544,984
544,985
544,986
544,994
545,580
545,582
545,640
545,662
545,714
545,720
545,756
545,791
545,867
545,880
545,889
545,954
545,981
545,999
546,561
546,569
546,575
546,581
546,587
546,601
546,618
546,622
546,625
546,671
546,699
546,708
546,716
546,746
546,757
546,795
546,815
546,829
546,851
546,853
546,882
546,897
546,930
546,954
547,585
547,591
547,614
547,617
547,634
547,646
547,647
547,648
547,663
547,695
547,703
547,713
547,747
547,779
547,794
547,836
547,837
547,838
547,846
547,864
547,882
547,895
547,930
547,938
547,939
547,946
547,970
547,981
547,990
547,991
548,574
548,585
548,617
548,694
548,728
548,742
548,809
548,815
548,839
548,865
548,878
548,881
548,882
548,883
548,943
549,576
549,583
549,627
549,637
549,644
549,648
549,656
549,678
549,709
549,718
549,748
549,758
549,774
549,785
549,812
549,836
549,843
549,880
549,895
549,896
549,950
549,968
549,979
550,570
550,593
550,626
550,634
550,650
550,667
550,698
550,707
550,750
550,752
550,761
550,846
550,880
550,888
550,908
550,923
550,935
550,953
550,956
551,581
551,622
551,623
551,676
551,702
551,719
551,737
551,756
551,781
551,794
551,817
551,891
551,906
551,938
551,978
552,569
552,570
552,584
552,637
552,652
552,656
552,716
552,728
552,741
552,755
552,825
552,857
552,885
552,978
552,987
552,999
553,561
553,615
553,640
553,643
553,667
553,707
553,805
553,842
553,921
553,938
553,939
553,956
553,976
553,977
554,581
554,585
554,684
554,754
554,803
554,819
554,824
554,846
554,856
554,868
554,899
554,944
554,962
554,977
554,980
555,563
555,569
555,581
555,591
555,598
555,602
555,604
555,605
555,606
555,607
555,626
555,640
555,649
555,667
555,668
555,677
555,694
555,707
555,710
555,712
555,716
555,730
555,740
555,777
555,792
555,816
555,828
555,841
555,842
555,865
555,873
555,885
555,911
555,927
555,935
555,936
555,938
556,557
556,603
556,612
556,660
556,695
556,777
556,780
556,919
556,933
556,975
557,581
557,653
557,765
557,782
557,783
557,814
557,825
557,883
557,908
557,953
557,994
558,568
558,577
558,607
558,634
558,693
558,701
558,725
558,729
558,838
558,843
558,849
558,855
558,876
558,906
558,907
558,930
558,947
558,954
558,957
558,965
559,560
559,569
559,573
559,678
559,728
559,731
559,760
559,761
559,771
559,787
559,798
559,799
559,805
559,807
559,824
559,840
559,850
559,870
559,871
559,901
559,939
559,960
559,975
559,976
559,994
559,997
560,565
560,567
560,606
560,608
560,622
560,653
560,666
560,671
560,679
560,717
560,728
560,730
560,748
560,750
560,773
560,780
560,836
560,839
560,867
560,875
560,898
560,902
560,904
560,924
560,925
560,950
560,960
560,968
560,970
560,984
561,572
561,587
561,603
561,618
561,630
561,640
561,646
561,648
561,654
561,664
561,699
561,708
561,709
561,714
561,715
561,731
561,734
561,740
561,741
561,752
561,765
561,766
561,778
561,784
561,786
561,838
561,841
561,855
561,859
561,863
561,868
561,878
561,886
561,888
561,907
561,933
561,943
561,948
561,953
562,582
562,583
562,590
562,592
562,598
562,607
562,622
562,637
562,640
562,731
562,733
562,745
562,750
562,766
562,774
562,780
562,790
562,819
562,826
562,853
562,873
562,876
562,881
562,886
562,930
562,972
563,627
563,667
563,683
563,711
563,740
563,744
563,863
563,884
563,888
563,915
563,942
563,963
563,968
564,643
564,645
564,716
564,746
564,782
564,790
564,875
564,876
564,894
564,897
564,930
564,980
565,577
565,622
565,631
565,684
565,697
565,704
565,730
565,921
565,995
566,570
566,759
566,854
566,875
566,983
567,580
567,594
567,615
567,642
567,704
567,741
567,746
567,748
567,829
567,853
567,876
567,901
567,948
568,570
568,571
568,574
568,581
568,624
568,709
568,740
568,791
568,817
568,838
568,865
568,874
568,892
568,898
568,949
568,951
568,957
568,984
569,572
569,589
569,611
569,624
569,634
569,660
569,664
569,675
569,676
569,683
569,701
569,712
569,731
569,783
569,786
569,799
569,805
569,807
569,828
569,832
569,857
569,859
569,889
569,899
569,914
569,931
569,942
570,574
570,593
570,607
570,615
570,620
570,640
570,644
570,648
570,657
570,659
570,664
570,675
570,689
570,691
570,712
570,713
570,728
570,747
570,756
570,762
570,796
570,805
570,812
570,813
570,818
570,825
570,826
570,828
570,831
570,838
570,840
570,861
570,868
570,875
570,887
570,892
570,924
570,925
570,942
570,945
570,957
570,964
570,987
571,612
571,619
571,627
571,649
571,651
571,664
571,689
571,702
571,777
571,792
571,798
571,801
571,908
571,920
572,593
572,606
572,627
572,629
572,630
572,645
572,668
572,731
572,768
572,803
572,842
572,865
572,868
572,874
572,900
572,911
572,921
572,948
572,984
573,574
573,613
573,630
573,767
573,816
573,819
573,849
573,866
573,868
573,886
573,916
574,575
574,638
574,704
574,743
574,790
574,799
574,824
574,847
574,852
574,889
574,890
574,911
574,929
574,932
574,982
575,596
575,622
575,635
575,640
575,670
575,675
575,690
575,692
575,710
575,740
575,745
575,746
575,805
575,823
575,825
575,866
575,872
575,987
576,583
576,608
576,617
576,633
576,641
576,691
576,711
576,713
576,749
576,751
576,755
576,771
576,773
576,803
576,819
576,831
576,867
576,872
576,879
576,923
576,969
576,981
577,578
577,607
577,613
577,635
577,662
577,670
577,679
577,792
577,803
577,819
577,842
577,904
577,910
577,917
577,922
577,937
578,591
578,597
578,633
578,635
578,649
578,654
578,659
578,679
578,719
578,723
578,759
578,845
578,870
578,929
578,932
578,983
579,617
579,659
579,670
579,694
579,739
579,749
579,794
579,814
579,855
579,939
580,604
580,605
580,616
580,645
580,660
580,671
580,742
580,845
580,878
580,920
580,933
580,970
581,588
581,593
581,620
581,648
581,653
581,660
581,697
581,701
581,724
581,740
581,741
581,758
581,783
581,801
581,813
581,818
581,841
581,842
581,875
581,878
581,886
581,907
581,937
581,945
581,950
581,954
582,588
582,593
582,594
582,599
582,607
582,621
582,648
582,654
582,697
582,714
582,727
582,730
582,740
582,806
582,831
582,866
582,870
582,886
582,891
582,892
582,899
582,948
582,958
583,599
583,631
583,650
583,677
583,700
583,705
583,706
583,739
583,763
583,770
583,776
583,781
583,802
583,806
583,815
583,817
583,827
583,840
583,842
583,847
583,866
583,937
583,959
583,968
583,983
583,984
583,987
584,599
584,603
584,607
584,625
584,631
584,667
584,668
584,684
584,688
584,693
584,719
584,729
584,743
584,768
584,771
584,811
584,899
584,916
584,941
585,587
585,588
585,590
585,596
585,598
585,604
585,653
585,677
585,681
585,704
585,709
585,727
585,758
585,770
585,800
585,806
585,815
585,889
585,900
585,901
585,907
585,934
585,941
585,950
585,964
586,590
586,593
586,596
586,598
586,609
586,616
586,622
586,624
586,653
586,673
586,676
586,678
586,681
586,684
586,709
586,719
586,724
586,756
586,767
586,790
586,803
586,809
586,811
586,819
586,827
586,841
586,878
586,889
586,899
586,949
586,966
586,971
586,975
586,976
587,620
587,659
587,664
587,670
587,686
587,707
587,716
587,758
587,852
587,878
587,883
587,902
587,910
587,963
587,972
587,990
587,996
588,599
588,619
588,634
588,640
588,670
588,706
588,716
588,724
588,734
588,742
588,771
588,773
588,783
588,786
588,799
588,843
588,859
588,868
588,892
588,898
588,915
588,934
588,949
588,960
588,991
588,994
589,626
589,670
589,682
589,713
589,742
589,750
589,760
589,768
589,780
589,783
589,790
589,796
589,856
589,864
589,876
589,879
589,905
589,983
589,996
590,635
590,665
590,671
590,684
590,718
590,720
590,732
590,740
590,746
590,753
590,767
590,815
590,840
590,849
590,856
590,887
590,889
590,909
590,935
590,938
590,942
590,947
590,957
590,960
590,971
590,995
591,596
591,602
591,657
591,662
591,673
591,735
591,765
591,815
591,819
591,850
591,853
591,898
591,909
591,910
591,927
591,939
591,979
591,997
592,596
592,608
592,615
592,617
592,620
592,644
592,670
592,674
592,683
592,701
592,708
592,735
592,741
592,749
592,806
592,807
592,827
592,828
592,829
592,837
592,838
592,839
592,849
592,864
592,899
592,900
592,921
592,958
592,986
593,621
593,653
593,656
593,664
593,679
593,691
593,697
593,701
593,703
593,707
593,715
593,749
593,781
593,782
593,795
593,801
593,810
593,812
593,831
593,842
593,850
593,878
593,909
593,939
593,953
593,979
593,997
594,605
594,612
594,641
594,754
594,779
594,818
594,861
594,868
594,927
594,969
595,599
595,646
595,675
595,677
595,678
595,701
595,719
595,759
595,761
595,815
595,844
595,939
595,997
596,601
596,602
596,609
596,615
596,616
596,633
596,648
596,660
596,671
596,676
596,677
596,734
596,748
596,760
596,771
596,803
596,805
596,819
596,825
596,827
596,841
596,852
596,859
596,874
596,877
596,879
596,889
596,899
596,907
596,909
596,929
596,943
596,949
596,956
596,972
596,982
597,616
597,657
597,666
597,699
597,804
597,829
597,857
597,899
597,904
597,944
597,958
598,625
598,664
598,667
598,697
598,735
598,768
598,777
598,782
598,792
598,804
598,817
598,842
598,873
598,875
598,886
598,887
598,889
598,895
598,926
598,928
598,930
598,945
598,972
598,976
598,981
599,627
599,628
599,646
599,677
599,680
599,684
599,691
599,695
599,709
599,802
599,847
599,852
599,854
599,860
599,865
599,932
599,969
599,989
599,999
600,694
600,730
600,865
600,868
600,940
600,949
600,957
601,630
601,636
601,646
601,649
601,704
601,746
601,796
601,848
601,891
601,932
601,939
601,949
602,607
602,619
602,637
602,646
602,648
602,720
602,741
602,749
602,770
602,842
602,859
602,860
602,866
602,935
603,604
603,620
603,681
603,683
603,689
603,699
603,714
603,719
603,735
603,787
603,803
603,805
603,828
603,839
603,863
603,897
603,943
603,946
603,970
603,980
604,606
604,611
604,630
604,660
604,678
604,729
604,758
604,819
604,873
604,892
604,900
604,920
604,936
604,986
605,607
605,617
605,668
605,684
605,756
605,791
605,817
605,834
605,923
605,938
605,995
606,615
606,630
606,643
606,649
606,675
606,690
606,766
606,775
606,782
606,828
606,848
606,853
606,866
606,892
606,915
606,916
606,956
606,995
606,998
607,648
607,650
607,655
607,661
607,670
607,684
607,700
607,704
607,707
607,729
607,766
607,777
607,792
607,793
607,795
607,803
607,826
607,848
607,863
607,876
607,900
607,917
607,918
607,930
607,954
607,978
607,986
608,626
608,645
608,650
608,654
608,681
608,684
608,700
608,845
608,887
608,920
608,935
608,952
608,986
609,679
609,683
609,694
609,707
609,746
609,790
609,803
609,806
609,830
609,853
609,892
609,924
609,940
609,981
610,624
610,717
610,743
610,903
610,969
610,974
610,997
611,661
611,688
611,794
611,796
611,818
611,921
611,924
611,928
611,950
612,684
612,688
612,692
612,803
612,847
612,853
612,868
612,870
612,890
612,915
612,950
612,960
612,973
612,987
613,625
613,698
613,741
613,750
613,817
613,866
614,625
614,630
614,674
614,705
614,721
614,737
614,773
614,792
614,810
614,814
614,840
614,891
614,914
614,929
614,943
614,982
614,996
615,617
615,629
615,648
615,653
615,654
615,660
615,663
615,666
615,669
615,684
615,692
615,702
615,720
615,734
615,773
615,787
615,796
615,815
615,850
615,858
615,873
615,888
615,892
615,894
615,901
615,907
615,919
615,929
615,938
615,941
615,948
615,974
615,977
616,629
616,640
616,659
616,737
616,751
616,763
616,778
616,782
616,789
616,792
616,800
616,811
616,891
616,904
616,921
616,941
616,997
617,630
617,654
617,657
617,684
617,695
617,712
617,778
617,815
617,831
617,872
617,876
617,907
617,909
617,923
617,949
617,998
618,630
618,651
618,652
618,657
618,667
618,681
618,684
618,687
618,688
618,701
618,705
618,709
618,710
618,715
618,716
618,757
618,814
618,827
618,833
618,845
618,850
618,867
618,877
618,885
618,886
618,900
618,907
618,924
618,939
618,946
618,954
618,960
618,965
618,975
618,986
619,627
619,638
619,648
619,655
619,739
619,746
619,790
619,791
619,808
619,811
619,868
619,900
619,903
619,938
619,948
619,972
620,664
620,680
620,698
620,701
620,713
620,717
620,755
620,781
620,782
620,798
620,828
620,831
620,843
620,859
620,863
620,877
620,879
620,899
620,921
620,933
620,945
620,963
621,707
621,766
621,788
621,789
621,790
621,797
621,889
621,911
622,627
622,642
622,732
622,750
622,756
622,795
622,841
622,852
622,888
622,939
622,962
622,963
622,965
622,976
623,635
623,698
623,710
623,736
623,749
623,777
623,818
623,842
623,858
623,869
623,872
623,884
623,910
623,916
623,937
623,950
623,984
623,987
624,655
624,671
624,674
624,730
624,741
624,779
624,783
624,799
624,801
624,803
624,820
624,830
624,836
624,845
624,861
624,880
624,889
624,895
624,917
624,986
625,628
625,631
625,641
625,667
625,704
625,763
625,807
625,858
625,912
625,926
625,931
626,646
626,649
626,660
626,734
626,773
626,795
626,832
626,840
626,850
626,889
626,895
626,901
626,956
626,986
627,683
627,700
627,740
627,746
627,757
627,771
627,779
627,824
627,842
627,851
627,892
627,935
627,972
627,992
628,635
628,727
628,756
628,778
628,858
628,878
628,915
628,924
628,939
628,976
629,642
629,663
629,679
629,686
629,701
629,703
629,704
629,722
629,748
629,753
629,756
629,758
629,772
629,846
629,851
629,878
629,879
629,904
629,908
629,976
629,983
630,637
630,649
630,660
630,665
630,670
630,675
630,703
630,707
630,730
630,736
630,750
630,771
630,773
630,777
630,786
630,790
630,809
630,829
630,831
630,835
630,839
630,850
630,855
630,860
630,863
630,884
630,885
630,886
630,907
630,909
630,941
630,967
630,991
630,998
631,653
631,745
631,803
631,842
631,848
631,984
631,990
631,999
632,727
632,728
632,750
632,772
632,809
632,821
632,835
632,866
632,870
632,884
632,902
632,921
632,949
632,953
632,954
632,972
633,643
633,646
633,676
633,704
633,753
633,763
633,853
633,937
633,947
633,955
634,682
634,686
634,703
634,719
634,748
634,790
634,810
634,818
634,827
634,861
634,864
634,876
634,908
634,921
634,922
634,942
634,949
635,638
635,661
635,701
635,755
635,778
635,779
635,785
635,806
635,813
635,834
635,849
635,905
635,939
635,957
635,962
635,972
635,986
635,996
636,664
636,678
636,700
636,853
636,919
636,947
636,983
637,667
637,671
637,679
637,684
637,719
637,733
637,737
637,762
637,789
637,810
637,815
637,836
637,893
637,904
637,909
637,931
637,954
637,983
637,995
638,642
638,646
638,669
638,670
638,677
638,679
638,706
638,710
638,711
638,720
638,773
638,798
638,803
638,814
638,831
638,836
638,845
638,849
638,856
638,859
638,871
638,895
638,896
638,910
638,923
638,926
638,932
638,935
638,966
638,984
639,736
639,821
639,874
639,875
639,926
639,950
639,981
640,685
640,687
640,702
640,709
640,851
640,855
640,869
640,875
640,886
640,935
640,942
640,957
640,960
640,998
641,645
641,726
641,735
641,741
641,773
641,810
641,821
641,825
641,832
641,867
641,874
641,883
641,921
641,961
641,979
641,987
641,988
642,657
642,662
642,663
642,688
642,743
642,766
642,840
642,910
642,939
643,730
643,746
643,815
644,714
644,765
644,811
644,856
644,859
644,909
645,665
645,701
645,707
645,721
645,760
645,829
645,896
645,903
646,662
646,670
646,694
646,715
646,718
646,730
646,740
646,752
646,772
646,798
646,846
646,850
646,892
646,894
646,905
646,914
646,935
646,953
646,969
646,975
646,976
647,744
647,748
647,749
647,764
647,826
647,834
647,866
647,868
647,882
647,947
647,987
648,672
648,684
648,687
648,693
648,707
648,709
648,712
648,717
648,741
648,752
648,756
648,787
648,795
648,797
648,805
648,815
648,825
648,831
648,841
648,851
648,866
648,869
648,873
648,877
648,883
648,885
648,886
648,895
648,909
648,928
648,941
648,943
648,948
648,954
648,957
648,960
648,976
649,676
649,680
649,709
649,710
649,715
649,718
649,720
649,728
649,735
649,758
649,771
649,779
649,787
649,798
649,799
649,827
649,829
649,830
649,850
649,874
649,892
649,907
649,950
649,958
649,967
649,975
650,661
650,715
650,761
650,804
650,831
650,865
650,909
650,920
650,938
650,984
650,986
651,668
651,684
651,704
651,731
651,776
651,785
651,805
651,829
651,836
651,878
651,887
651,902
651,903
651,939
651,962
651,985
652,686
652,745
652,755
652,790
652,824
652,845
652,914
652,933
653,664
653,667
653,706
653,712
653,741
653,750
653,752
653,757
653,767
653,790
653,801
653,815
653,819
653,824
653,830
653,844
653,847
653,853
653,873
653,881
653,886
653,887
653,892
653,901
653,902
653,911
653,914
653,930
653,948
653,954
653,956
653,961
653,976
653,988
653,999
654,763
654,820
654,828
654,835
654,895
654,898
654,900
654,903
654,943
654,955
655,720
655,723
655,731
655,739
655,812
655,825
655,841
655,842
655,851
655,930
655,976
655,980
656,686
656,749
656,781
656,813
656,815
656,847
656,913
656,956
656,960
657,690
657,715
657,780
657,788
657,837
657,851
657,866
657,878
657,887
657,908
657,935
657,938
658,719
658,789
658,830
658,835
658,840
658,908
658,967
658,969
658,997
659,744
659,786
659,796
659,829
659,846
659,858
659,876
659,955
659,992
659,995
660,676
660,677
660,683
660,685
660,686
660,690
660,709
660,715
660,720
660,760
660,767
660,771
660,828
660,841
660,879
660,895
660,902
660,920
660,935
660,942
660,948
660,976
661,662
661,678
661,683
661,695
661,697
661,706
661,707
661,708
661,713
661,725
661,732
661,743
661,751
661,777
661,780
661,791
661,804
661,832
661,844
661,849
661,859
661,863
661,877
661,889
661,890
661,892
661,924
661,938
661,942
661,956
661,972
661,978
661,987
662,675
662,680
662,681
662,704
662,725
662,728
662,741
662,748
662,821
662,851
662,872
662,873
662,875
662,908
662,934
662,943
662,981
662,987
663,683
663,695
663,696
663,701
663,715
663,718
663,727
663,728
663,782
663,803
663,807
663,808
663,819
663,821
663,847
663,874
663,875
663,895
663,902
663,912
663,913
663,949
663,981
663,995
664,677
664,683
664,686
664,710
664,720
664,727
664,730
664,739
664,740
664,741
664,747
664,767
664,781
664,790
664,798
664,807
664,808
664,829
664,831
664,846
664,847
664,870
664,877
664,888
664,889
664,899
664,900
664,901
664,902
664,929
664,939
664,960
664,980
665,694
665,695
665,719
665,721
665,749
665,782
665,880
665,886
665,966
665,982
665,995
665,999
666,745
666,930
666,932
666,996
667,691
667,698
667,731
667,736
667,756
667,763
667,767
667,811
667,812
667,837
667,884
667,910
667,922
667,935
667,937
667,976
668,686
668,691
668,742
668,747
668,777
668,791
668,799
668,800
668,805
668,810
668,855
668,867
668,894
668,899
668,903
668,946
668,964
668,970
669,685
669,690
669,715
669,730
669,752
669,794
669,808
669,813
669,833
669,838
669,847
669,863
669,868
669,875
669,892
669,927
669,942
669,975
669,984
669,993
670,717
670,720
670,733
670,741
670,744
670,791
670,809
670,827
670,867
670,878
670,906
670,907
670,909
670,926
670,967
670,994
670,995
671,673
671,690
671,699
671,708
671,774
671,817
671,821
671,834
671,841
671,923
671,984
671,995
672,674
672,730
672,733
672,913
672,936
672,977
672,978
673,697
673,710
673,773
673,785
673,811
673,824
673,840
673,895
673,973
674,695
674,743
674,787
674,809
674,841
674,881
674,914
674,924
674,962
674,968
674,988
675,691
675,717
675,770
675,779
675,887
675,922
675,980
675,989
675,991
676,710
676,728
676,781
676,786
676,852
676,892
676,930
677,690
677,697
677,699
677,701
677,713
677,716
677,725
677,790
677,799
677,810
677,816
677,824
677,842
677,848
677,859
677,885
677,892
677,897
677,911
677,929
677,935
677,942
678,692
678,699
678,708
678,709
678,740
678,745
678,841
678,859
678,860
678,873
678,894
678,905
678,929
678,938
678,953
678,960
679,750
679,753
679,775
679,798
679,815
679,821
679,838
679,859
679,883
679,891
679,892
679,908
679,943
679,957
679,982
680,696
680,726
680,735
680,752
680,765
680,827
680,896
680,906
680,931
680,954
680,974
681,710
681,725
681,736
681,740
681,783
681,798
681,807
681,839
681,840
681,842
681,845
681,880
681,908
681,909
681,916
681,937
681,970
681,989
682,693
682,757
682,824
682,858
682,895
682,900
682,902
682,905
682,920
682,922
682,942
682,980
682,981
682,983
682,994
683,687
683,695
683,706
683,711
683,721
683,757
683,788
683,791
683,809
683,815
683,824
683,837
683,842
683,843
683,851
683,860
683,886
683,903
683,907
683,920
683,938
683,963
683,967
684,712
684,720
684,750
684,803
684,827
684,841
684,862
684,868
684,886
684,903
684,939
684,986
684,988
685,688
685,735
685,756
685,779
685,792
685,841
685,842
685,859
685,942
685,984
685,991
686,689
686,693
686,694
686,712
686,731
686,740
686,760
686,783
686,790
686,798
686,802
686,803
686,868
686,922
686,933
686,978
687,691
687,708
687,720
687,734
687,750
687,756
687,768
687,772
687,774
687,776
687,779
687,780
687,807
687,809
687,828
687,832
687,838
687,841
687,846
687,854
687,887
687,892
687,897
687,904
687,929
687,945
687,949
687,960
687,984
687,994
688,712
688,718
688,756
688,758
688,790
688,796
688,803
688,864
688,874
688,879
688,897
688,908
688,935
688,947
688,960
689,704
689,772
689,822
689,876
689,902
689,997
690,760
690,805
690,828
690,864
690,875
690,899
690,905
690,910
690,920
690,924
690,945
690,962
690,994
691,697
691,726
691,744
691,778
691,792
691,814
691,816
691,836
691,859
691,876
691,882
691,926
691,929
691,949
691,964
691,969
691,986
692,699
692,700
692,716
692,718
692,719
692,747
692,810
692,859
692,862
692,889
692,892
692,893
692,937
692,969
692,978
693,752
693,793
693,807
693,825
693,881
693,899
693,920
693,923
693,942
694,748
694,756
694,826
694,839
694,841
694,862
694,866
694,875
694,881
694,952
694,976
694,998
695,703
695,712
695,728
695,732
695,763
695,785
695,787
695,793
695,797
695,825
695,829
695,864
695,895
695,983
696,705
696,707
696,708
696,718
696,731
696,848
696,849
696,897
696,902
696,914
696,927
696,940
697,699
697,706
697,708
697,716
697,741
697,805
697,809
697,810
697,827
697,828
697,832
697,841
697,847
697,853
697,855
697,875
697,877
697,881
697,886
697,887
697,907
697,954
697,962
697,965
697,976
698,716
698,718
698,727
698,739
698,754
698,767
698,769
698,801
698,806
698,868
698,883
698,989
699,719
699,727
699,758
699,779
699,784
699,787
699,789
699,799
699,855
699,866
699,878
699,882
699,887
699,943
699,968
700,795
700,806
700,855
700,858
700,874
700,875
700,887
700,890
700,929
700,936
700,977
701,714
701,716
701,725
701,749
701,756
701,770
701,772
701,778
701,788
701,815
701,824
701,829
701,831
701,843
701,903
701,913
701,930
701,938
701,941
701,942
701,945
701,951
701,975
702,719
702,720
702,731
702,735
702,745
702,806
702,825
702,881
702,908
702,923
702,927
702,972
702,976
703,705
703,760
703,761
703,774
703,801
703,803
703,827
703,843
703,868
703,889
703,938
703,949
703,977
703,980
704,738
704,796
704,856
704,871
704,874
704,903
705,730
705,735
705,744
705,756
705,771
705,830
705,851
705,863
705,891
705,951
706,728
706,741
706,747
706,767
706,799
706,805
706,816
706,838
706,867
706,907
706,939
706,976
706,996
707,709
707,710
707,712
707,740
707,782
707,807
707,811
707,815
707,834
707,849
707,868
707,875
707,890
707,927
707,932
707,949
707,960
707,979
707,980
707,988
707,996
708,714
708,756
708,771
708,801
708,807
708,822
708,837
708,838
708,839
708,843
708,870
708,879
708,889
708,932
709,723
709,731
709,757
709,805
709,810
709,819
709,824
709,835
709,852
709,863
709,870
709,883
709,886
709,926
709,938
709,956
709,986
710,720
710,724
710,726
710,741
710,764
710,803
710,842
710,855
710,859
710,863
710,936
710,953
710,984
711,747
711,806
711,815
711,842
711,874
711,942
712,719
712,740
712,741
712,749
712,757
712,759
712,770
712,809
712,842
712,855
712,862
712,863
712,873
712,899
712,918
712,920
712,924
712,929
712,948
712,960
713,731
713,746
713,760
713,779
713,786
713,809
713,838
713,850
713,852
713,854
713,859
713,863
713,866
713,873
713,893
713,905
713,918
713,921
713,945
713,948
713,958
713,977
713,982
713,989
713,995
714,716
714,735
714,759
714,767
714,770
714,783
714,791
714,803
714,831
714,848
714,879
714,915
714,949
714,976
715,730
715,754
715,791
715,794
715,796
715,801
715,805
715,837
715,839
715,875
715,895
715,907
715,937
715,940
715,943
715,948
715,952
715,963
715,971
715,975
715,977
716,720
716,783
716,798
716,810
716,833
716,838
716,859
716,863
716,881
716,882
716,886
716,907
716,953
716,959
716,976
717,727
717,728
717,747
717,750
717,765
717,792
717,798
717,810
717,836
717,839
717,841
717,850
717,859
717,866
717,870
717,886
717,892
717,902
717,911
717,925
717,941
717,945
717,960
717,969
717,990
718,723
718,748
718,751
718,752
718,783
718,826
718,854
718,857
718,874
718,902
718,915
718,938
719,728
719,740
719,759
719,778
719,782
719,791
719,803
719,807
719,820
719,825
719,828
719,838
719,884
719,903
719,906
719,909
719,914
719,958
719,960
719,961
719,983
719,986
719,997
720,726
720,757
720,759
720,778
720,784
720,792
720,805
720,807
720,838
720,839
720,847
720,850
720,856
720,860
720,877
720,882
720,892
720,899
720,900
720,907
720,927
720,941
720,976
721,757
721,763
721,795
721,817
721,879
721,902
721,963
721,989
722,738
722,745
722,794
722,926
722,959
722,972
723,740
723,744
723,779
723,789
723,813
723,843
723,956
723,997
724,734
724,752
724,772
724,781
724,803
724,831
724,838
724,864
724,938
724,964
724,980
725,768
725,771
725,781
725,791
725,795
725,798
725,809
725,820
725,838
725,843
725,845
725,847
725,850
725,872
725,877
725,878
725,889
725,891
725,901
725,938
725,939
725,966
725,976
725,977
726,760
726,786
726,801
726,838
726,969
727,741
727,766
727,820
727,830
727,869
727,870
727,883
727,899
727,921
727,927
727,935
727,968
727,971
727,976
727,994
728,732
728,765
728,771
728,778
728,789
728,837
728,883
728,890
728,937
728,939
728,964
728,965
729,779
729,803
729,892
729,978
730,740
730,741
730,747
730,757
730,766
730,770
730,799
730,805
730,811
730,851
730,863
730,880
730,899
730,902
730,904
730,910
730,926
730,943
730,953
730,963
730,965
730,976
731,746
731,760
731,762
731,770
731,786
731,787
731,809
731,834
731,844
731,849
731,856
731,866
731,878
731,903
731,905
731,920
731,929
731,943
731,945
731,952
731,953
731,960
732,781
732,796
732,798
732,814
732,818
732,868
732,878
732,886
732,936
732,942
732,948
732,977
733,791
733,798
733,844
733,856
733,878
733,908
733,922
733,980
733,990
734,758
734,767
734,787
734,791
734,800
734,808
734,830
734,842
734,861
734,878
734,903
734,968
734,981
734,990
735,750
735,798
735,803
735,804
735,808
735,812
735,838
735,842
735,858
735,863
735,946
735,988
736,752
736,955
736,975
736,990
737,743
737,784
737,862
737,904
737,974
737,981
737,983
738,805
738,821
738,832
738,924
738,972
739,821
739,850
739,880
739,969
740,746
740,771
740,791
740,832
740,835
740,837
740,842
740,855
740,859
740,885
740,903
740,911
740,915
740,947
740,953
740,969
740,973
740,976
741,779
741,781
741,783
741,791
741,824
741,832
741,842
741,848
741,853
741,855
741,864
741,889
741,894
741,907
741,915
741,952
741,960
741,986
742,769
742,782
742,808
742,838
742,842
742,948
743,749
743,758
743,794
743,810
743,827
743,850
743,874
743,882
743,905
743,931
743,943
743,987
743,991
743,993
744,746
744,766
744,768
744,791
744,847
744,868
744,873
744,886
744,892
744,895
744,899
744,904
744,925
744,928
744,955
744,956
745,784
745,838
745,920
745,921
745,929
745,933
746,757
746,763
746,803
746,805
746,816
746,828
746,837
746,859
746,878
746,920
746,926
746,933
746,941
746,949
746,979
746,981
747,770
747,837
747,839
747,850
747,854
747,863
747,866
747,872
747,879
747,904
747,916
747,972
748,790
748,823
748,825
748,848
748,891
748,905
748,920
748,948
748,954
748,956
749,792
749,807
749,825
749,848
749,893
749,924
749,930
749,948
749,949
749,951
749,982
749,984
749,988
750,752
750,769
750,773
750,836
750,848
750,862
750,900
750,901
750,904
750,929
750,931
751,834
751,863
751,875
751,931
751,953
752,826
752,851
752,861
752,865
752,868
752,894
752,900
752,907
752,920
752,921
752,933
752,946
752,949
752,957
752,968
752,969
753,765
753,782
753,787
753,789
753,799
753,814
753,815
753,819
753,843
753,845
753,866
753,892
753,901
753,909
753,941
753,942
753,972
753,989
754,765
754,782
754,794
754,803
754,846
754,868
754,874
754,919
754,930
754,959
754,965
754,968
754,999
755,766
755,784
755,797
755,835
755,867
755,924
755,929
755,930
755,962
755,985
756,791
756,835
756,851
756,898
756,907
756,913
757,846
757,866
757,889
757,892
757,904
757,925
757,948
757,963
757,967
758,787
758,797
758,799
758,820
758,839
758,846
758,867
758,899
758,921
758,923
758,924
758,927
758,937
758,942
758,958
758,970
758,972
758,978
758,992
759,775
759,782
759,808
759,825
759,899
759,908
759,939
759,965
759,981
760,771
760,777
760,778
760,779
760,793
760,798
760,818
760,824
760,839
760,842
760,859
760,876
760,877
760,889
760,890
760,906
760,908
760,939
760,954
760,969
760,974
761,782
762,787
762,851
762,868
762,882
762,911
762,933
762,938
762,939
762,949
763,767
763,809
763,867
763,872
763,876
763,878
763,879
763,890
763,892
764,814
764,823
764,894
764,910
764,948
764,969
764,977
765,838
765,861
765,874
765,881
765,887
765,890
765,894
765,972
766,769
766,777
766,781
766,782
766,803
766,830
766,845
766,849
766,859
766,876
766,914
766,917
766,964
766,969
766,974
766,994
766,997
767,819
767,840
767,889
767,907
767,941
767,949
768,772
768,775
768,776
768,790
768,807
768,815
768,817
768,839
768,854
768,884
768,913
768,921
768,923
768,929
768,931
768,942
768,955
769,778
769,788
769,805
769,874
769,879
769,901
769,942
769,945
770,772
770,773
770,780
770,801
770,831
770,838
770,845
770,863
770,870
770,919
770,942
770,954
770,958
770,971
771,772
771,782
771,783
771,798
771,807
771,817
771,824
771,867
771,873
771,892
771,899
771,900
771,941
771,948
771,953
771,960
771,976
771,982
771,994
772,799
772,819
772,903
772,915
772,920
772,953
772,955
772,960
772,990
772,991
772,992
773,821
773,832
773,849
773,851
773,894
773,904
773,919
773,946
773,963
774,844
774,858
774,882
774,902
774,961
775,797
775,819
775,858
775,897
775,908
775,951
776,793
776,803
776,835
776,875
776,896
776,943
776,956
776,961
776,975
776,998
777,819
777,830
777,844
777,845
777,865
777,896
777,900
777,935
777,978
778,780
778,808
778,833
778,914
778,922
778,951
778,972
778,974
779,781
779,807
779,809
779,812
779,857
779,875
779,886
779,901
779,929
779,948
779,960
779,966
779,968
779,980
779,982
779,991
780,803
780,829
780,854
780,878
780,880
780,929
780,939
780,990
780,996
781,783
781,803
781,806
781,807
781,828
781,870
781,871
781,892
781,916
781,920
781,945
781,948
781,960
781,966
781,985
781,996
781,998
782,809
782,812
782,814
782,822
782,824
782,826
782,832
782,840
782,853
782,859
782,870
782,881
782,882
782,884
782,889
782,892
782,898
782,901
782,908
782,930
782,939
782,954
782,983
782,998
783,847
783,859
783,870
783,888
783,892
783,897
783,930
783,991
784,819
784,842
784,846
784,855
784,863
784,885
784,887
784,909
784,954
784,958
785,844
785,846
785,881
785,888
785,890
785,941
785,972
785,986
786,795
786,798
786,824
786,826
786,828
786,847
786,860
786,877
786,886
786,887
786,902
786,945
786,975
787,791
787,807
787,821
787,842
787,879
787,889
787,892
787,900
787,904
787,911
787,930
787,939
787,945
787,960
787,975
787,985
787,986
788,791
788,798
788,812
788,822
788,825
788,840
788,846
788,851
788,853
788,912
788,930
788,945
788,983
788,984
789,800
789,801
789,807
789,813
789,819
789,863
789,867
789,880
789,939
789,976
789,977
790,801
790,812
790,835
790,838
790,849
790,873
790,890
790,927
790,969
790,987
791,799
791,801
791,824
791,828
791,834
791,868
791,870
791,873
791,875
791,883
791,905
791,907
791,915
791,924
791,929
791,943
791,945
791,962
791,995
792,798
792,807
792,810
792,831
792,868
792,876
792,892
792,901
792,905
792,911
792,960
792,970
792,995
793,823
793,873
793,884
793,892
793,903
793,931
793,964
794,816
794,854
794,893
794,899
794,947
794,980
794,995
794,996
795,803
795,805
795,815
795,838
795,839
795,841
795,845
795,867
795,892
795,895
795,898
795,913
795,942
795,943
795,964
795,966
795,973
796,866
796,907
796,942
797,825
797,834
797,873
797,902
797,903
797,942
797,977
798,803
798,833
798,840
798,845
798,851
798,854
798,861
798,862
798,877
798,902
798,927
798,929
798,939
798,957
798,966
798,992
799,809
799,816
799,832
799,849
799,850
799,886
799,892
799,899
799,900
799,920
799,949
800,807
800,817
800,824
800,846
800,847
800,920
800,926
800,956
800,977
801,810
801,832
801,847
801,873
801,894
801,941
802,902
802,906
802,940
802,985
803,810
803,815
803,866
803,870
803,873
803,882
803,885
803,891
803,905
803,922
803,938
803,943
803,953
803,956
803,986
804,818
804,826
804,841
804,868
804,898
804,903
804,934
804,947
804,957
805,809
805,810
805,816
805,827
805,842
805,845
805,856
805,873
805,884
805,893
805,894
805,911
805,929
805,941
805,945
805,947
805,948
805,975
805,995
806,817
806,838
806,841
806,843
806,855
806,875
806,885
806,899
806,904
806,935
806,981
806,997
807,820
807,824
807,842
807,843
807,851
807,876
807,905
807,906
807,942
808,811
808,889
808,903
808,921
808,953
809,810
809,827
809,830
809,833
809,835
809,911
809,920
809,923
809,925
809,945
809,954
809,956
809,968
809,992
810,813
810,815
810,831
810,838
810,863
810,941
810,949
810,958
810,966
811,819
811,844
811,857
811,892
812,844
812,845
812,847
812,941
812,967
812,993
813,815
813,835
813,859
813,891
813,897
813,924
813,934
813,973
813,994
814,819
814,830
814,842
814,845
814,848
814,901
814,921
814,923
814,924
814,942
814,964
814,974
814,999
815,819
815,858
815,866
815,878
815,882
815,885
815,901
815,927
815,932
815,942
815,943
815,956
815,983
815,998
816,859
816,865
816,870
816,873
816,879
816,889
816,892
816,918
816,946
816,970
816,971
816,973
816,976
817,844
817,865
817,900
817,948
817,949
817,969
817,985
818,835
818,848
818,878
818,893
818,909
819,828
819,845
819,852
819,856
819,872
819,875
819,889
819,895
819,906
819,927
819,933
819,935
819,941
819,972
819,977
820,842
820,902
820,933
820,937
820,949
820,979
821,884
821,892
821,977
821,981
821,987
822,865
822,868
822,914
822,983
823,825
823,865
823,873
823,889
823,938
823,953
823,970
823,986
823,988
824,865
824,899
824,943
824,945
824,954
824,973
824,976
824,983
824,984
824,986
825,862
825,882
825,886
825,890
825,892
825,903
825,912
825,944
825,957
825,958
825,988
825,990
826,838
826,906
827,841
827,862
827,863
827,880
827,902
827,909
827,911
827,943
827,972
827,975
827,976
828,841
828,875
828,884
828,899
828,903
828,907
828,943
828,958
828,963
828,975
828,993
828,995
829,831
829,835
829,839
829,855
829,880
829,904
829,914
829,930
829,942
830,874
830,978
830,989
831,833
831,846
831,866
831,872
831,890
831,903
831,926
831,932
831,944
831,960
831,979
832,835
832,841
832,859
832,877
832,907
832,922
832,930
832,949
832,952
832,954
832,963
832,978
833,859
833,903
833,915
833,916
833,944
833,948
833,977
833,988
834,898
834,954
835,850
835,863
835,865
835,866
835,882
835,891
835,907
835,914
835,960
835,996
836,907
836,911
836,998
837,845
837,854
837,872
837,873
837,884
837,941
837,942
837,970
838,839
838,841
838,848
838,870
838,887
838,889
838,894
838,899
838,911
838,916
838,937
838,960
838,987
839,842
839,845
839,847
840,846
840,852
840,904
840,946
840,965
840,974
840,977
841,846
841,849
841,852
841,855
841,865
841,866
841,867
841,870
841,874
841,879
841,899
841,926
841,943
841,950
841,954
841,958
841,976
842,847
842,863
842,890
842,892
842,899
842,906
842,948
842,966
842,986
843,849
843,852
843,859
843,870
843,897
843,899
843,927
843,932
843,936
843,983
844,907
844,975
845,889
845,904
845,922
845,938
845,943
845,968
845,971
845,977
846,905
846,920
846,978
846,995
846,998
847,851
847,862
847,878
847,883
847,886
847,900
847,906
847,938
847,948
847,954
847,955
847,994
848,873
848,874
848,877
848,888
848,889
848,892
848,899
848,904
848,944
848,968
848,977
849,890
849,892
849,893
849,926
849,942
849,967
849,980
850,876
850,879
850,892
850,896
850,898
850,903
850,909
850,924
850,948
850,968
850,972
851,870
851,889
851,919
851,920
851,941
851,942
851,958
852,932
852,949
852,950
852,972
852,976
852,980
853,877
853,894
853,928
853,970
853,977
853,993
854,875
854,889
854,894
854,904
854,914
854,929
854,947
854,959
854,981
855,862
855,866
855,892
855,896
855,899
855,941
855,949
855,988
856,876
856,892
856,950
857,883
857,892
857,895
857,931
858,881
858,903
858,904
858,919
858,930
858,989
858,993
859,867
859,892
859,895
859,899
859,907
859,941
859,953
859,979
859,994
860,865
860,894
860,899
860,909
860,921
860,933
860,975
860,976
861,904
861,948
861,965
862,904
862,920
862,990
863,907
863,944
863,957
863,963
863,976
863,978
863,996
864,866
864,895
864,904
864,923
864,924
864,938
864,943
864,950
864,979
864,984
864,998
865,875
865,893
865,908
865,930
865,997
866,867
866,876
866,877
866,886
866,907
866,908
866,920
866,928
866,932
866,958
866,960
866,970
866,977
866,978
866,980
867,881
867,884
867,886
867,895
867,939
867,976
867,977
867,987
867,996
868,880
868,885
868,897
868,920
868,924
868,926
868,927
868,949
868,973
868,996
869,888
869,895
869,939
869,956
869,958
869,960
869,965
870,877
870,878
870,894
870,895
870,903
870,921
870,941
871,882
871,919
871,921
871,926
871,951
871,962
872,875
872,887
872,896
872,940
872,954
872,968
873,877
873,878
873,907
873,911
873,915
873,922
873,932
873,938
873,939
873,942
873,976
873,980
874,879
874,884
874,892
874,977
874,981
874,991
874,998
875,878
875,879
875,883
875,892
875,895
875,900
875,921
875,929
875,931
875,949
875,954
875,960
875,961
875,994
876,895
876,896
876,923
876,976
877,884
877,914
877,929
877,977
878,898
878,899
878,901
878,930
878,933
878,941
878,945
878,948
878,957
878,958
878,969
878,971
878,974
878,983
879,898
879,939
879,942
879,948
879,958
879,988
879,990
879,991
880,971
881,895
881,920
881,939
881,945
881,948
881,976
881,977
881,989
882,903
882,905
882,942
882,965
883,907
883,956
883,965
883,974
883,976
884,895
884,904
884,907
884,915
884,920
884,931
885,896
885,904
885,920
885,942
885,973
885,974
885,984
885,994
886,898
886,899
886,909
886,949
886,976
886,987
887,900
887,945
887,954
887,956
887,970
887,974
887,975
887,991
888,894
888,930
888,988
888,997
888,999
889,892
889,906
889,971
890,892
890,927
890,961
890,971
890,988
891,910
891,937
891,973
892,898
892,899
892,906
892,911
892,913
892,936
892,942
892,945
892,952
892,963
892,970
892,979
892,980
892,991
892,992
892,994
893,942
893,948
893,974
894,900
894,910
894,933
894,949
894,951
894,960
894,964
894,989
895,898
895,901
895,903
895,912
895,919
895,920
895,923
895,949
895,956
895,978
895,982
895,995
896,929
896,944
896,956
896,968
897,931
897,981
898,921
898,929
898,936
898,948
898,954
898,976
898,986
898,992
899,920
899,922
899,928
899,938
899,947
899,950
900,931
900,950
900,960
900,976
901,924
901,941
901,943
901,976
902,913
902,938
902,942
902,947
902,958
902,965
902,987
903,908
903,948
903,951
903,963
903,988
903,994
904,909
904,910
904,913
904,922
904,929
904,934
904,979
904,992
904,998
905,953
905,958
906,919
906,926
906,999
907,911
907,937
907,939
907,941
907,958
907,971
908,910
908,923
908,961
909,911
909,992
910,946
910,950
910,976
911,948
911,958
912,943
912,951
912,972
913,921
913,936
913,937
913,938
913,963
914,918
914,940
914,981
915,916
915,922
915,925
915,935
915,938
915,986
915,992
916,945
917,947
918,928
918,986
918,997
919,938
919,986
920,938
920,971
921,928
921,972
921,976
921,980
921,984
922,928
922,970
922,991
922,995
922,997
923,927
923,932
924,925
924,963
924,970
924,977
924,989
925,958
925,964
925,972
925,986
926,947
926,987
926,997
927,948
927,964
927,977
927,980
928,957
929,956
929,961
929,971
929,992
930,952
930,972
930,976
930,983
931,995
932,939
932,944
932,949
932,953
932,976
932,984
932,986
933,943
934,939
934,969
935,939
935,945
935,947
935,970
935,976
935,983
935,990
936,991
937,942
937,999
938,941
938,960
938,968
938,976
938,977
938,998
939,968
939,979
939,983
940,984
941,970
941,983
941,984
941,994
942,948
942,973
943,947
943,960
943,991
944,962
945,995
946,977
946,979
947,977
947,982
947,999
948,958
948,975
949,953
953,964
953,974
953,983
954,960
954,973
956,965
957,958
957,983
960,966
961,969
964,983
964,991
964,999
965,976
965,993
966,972
967,989
968,969
969,979
971,983
971,992
972,981
972,991
972,992
973,979
976,984
977,980
977,985
980,989
982,984
983,992
986,987
986,994
989,997
990,994
990,997
