source,target
0,76
0,82
0,96
0,113
0,248
0,267
0,268
0,286
0,418
0,688
0,740
0,783
0,846
0,879
0,903
0,920
0,972
1,6
1,41
1,74
1,109
1,212
1,219
1,254
1,258
1,275
1,291
1,302
1,313
1,352
1,360
1,414
1,434
1,599
1,710
1,748
1,749
1,774
1,822
1,826
1,853
1,857
1,877
1,951
2,24
2,38
2,68
2,79
2,103
2,104
2,124
2,131
2,138
2,154
2,157
2,165
2,166
2,177
2,184
2,187
2,203
2,225
2,245
2,325
2,332
2,383
2,413
2,563
2,598
2,605
2,639
2,702
2,705
2,710
2,738
2,749
2,758
2,842
2,900
2,914
2,972
2,994
3,29
3,74
3,119
3,182
3,258
3,271
3,275
3,281
3,294
3,301
3,310
3,317
3,321
3,322
3,331
3,332
3,339
3,342
3,350
3,352
3,403
3,412
3,420
3,492
3,494
3,497
3,528
3,570
3,600
3,749
3,750
3,774
3,794
3,853
3,857
3,865
3,877
3,931
3,990
3,992
4,8
4,13
4,99
4,112
4,117
4,136
4,148
4,153
4,194
4,243
4,309
4,313
4,323
4,328
4,355
4,369
4,491
4,495
4,504
4,515
4,542
4,562
4,587
4,603
4,605
4,608
4,644
4,698
4,720
4,723
4,724
4,734
4,742
4,744
4,760
4,806
4,814
4,892
4,927
4,976
4,980
4,994
4,998
5,23
5,24
5,61
5,67
5,178
5,191
5,216
5,217
5,264
5,314
5,325
5,358
5,376
5,396
5,425
5,446
5,448
5,477
5,478
5,487
5,505
5,591
5,592
5,666
5,676
5,695
5,711
5,717
5,743
5,816
5,827
5,858
5,861
5,887
5,889
5,890
5,896
5,913
5,917
5,933
5,958
5,972
5,988
5,992
6,8
6,68
6,83
6,89
6,117
6,120
6,143
6,182
6,190
6,214
6,241
6,258
6,269
6,294
6,384
6,396
6,414
6,419
6,459
6,495
6,512
6,514
6,517
6,524
6,562
6,575
6,602
6,604
6,608
6,676
6,693
6,715
6,723
6,737
6,742
6,744
6,754
6,769
6,837
6,850
6,867
6,883
6,914
6,918
6,949
6,963
6,966
6,982
7,39
7,47
7,64
7,66
7,69
7,91
7,92
7,128
7,189
7,214
7,234
7,258
7,287
7,315
7,329
7,347
7,361
7,366
7,368
7,447
7,452
7,454
7,482
7,519
7,559
7,573
7,665
7,685
7,743
7,768
7,776
7,805
7,895
7,900
7,970
7,991
8,9
8,56
8,62
8,78
8,83
8,87
8,94
8,99
8,104
8,136
8,147
8,152
8,153
8,182
8,197
8,210
8,217
8,243
8,308
8,309
8,327
8,338
8,356
8,389
8,402
8,415
8,416
8,451
8,466
8,487
8,493
8,500
8,503
8,504
8,582
8,604
8,613
8,670
8,676
8,684
8,697
8,713
8,735
8,736
8,785
8,806
8,816
8,902
8,918
8,945
8,986
9,18
9,49
9,62
9,77
9,104
9,107
9,116
9,117
9,134
9,147
9,190
9,197
9,199
9,211
9,214
9,225
9,256
9,271
9,335
9,357
9,419
9,428
9,443
9,473
9,475
9,485
9,538
9,547
9,567
9,602
9,605
9,626
9,644
9,676
9,695
9,731
9,734
9,760
9,763
9,843
9,893
9,902
9,906
9,911
9,918
9,927
9,955
9,958
10,43
10,88
10,125
10,129
10,216
10,296
10,301
10,376
10,418
10,423
10,426
10,463
10,491
10,563
10,601
10,607
10,616
10,634
10,655
10,680
10,686
10,762
10,782
10,784
10,789
10,823
10,846
10,899
10,907
10,957
11,25
11,26
11,30
11,42
11,90
11,98
11,108
11,127
11,137
11,158
11,161
11,213
11,308
11,347
11,382
11,391
11,395
11,399
11,420
11,432
11,454
11,543
11,621
11,627
11,630
11,641
11,645
11,650
11,697
11,745
11,760
11,764
11,780
11,805
11,853
11,857
11,859
11,924
11,991
11,994
12,61
12,68
12,80
12,120
12,150
12,167
12,201
12,327
12,394
12,480
12,497
12,602
12,603
12,610
12,737
12,755
12,771
12,772
12,781
12,850
12,866
12,870
12,900
12,911
12,923
12,949
12,964
13,61
13,78
13,83
13,141
13,204
13,210
13,216
13,278
13,299
13,356
13,433
13,443
13,481
13,487
13,489
13,500
13,555
13,567
13,587
13,608
13,613
13,628
13,638
13,657
13,670
13,673
13,736
13,751
13,791
13,806
13,851
13,891
13,902
13,913
13,915
13,928
14,60
14,100
14,177
14,183
14,207
14,233
14,238
14,254
14,271
14,278
14,293
14,312
14,342
14,352
14,400
14,412
14,430
14,478
14,564
14,569
14,598
14,623
14,696
14,705
14,725
14,750
14,767
14,825
14,877
14,899
14,909
14,933
14,992
15,52
15,145
15,151
15,196
15,208
15,213
15,214
15,220
15,277
15,305
15,327
15,328
15,384
15,410
15,504
15,509
15,524
15,527
15,580
15,612
15,700
15,706
15,713
15,716
15,719
15,752
15,775
15,805
15,811
15,816
15,821
15,829
15,835
15,935
16,44
16,66
16,91
16,151
16,188
16,214
16,315
16,325
16,340
16,389
16,452
16,478
16,620
16,685
16,750
16,823
16,839
16,902
16,929
17,30
17,54
17,59
17,64
17,69
17,87
17,114
17,123
17,125
17,149
17,168
17,208
17,226
17,240
17,251
17,253
17,266
17,282
17,316
17,371
17,381
17,390
17,408
17,421
17,465
17,476
17,519
17,527
17,541
17,583
17,584
17,613
17,637
17,640
17,658
17,659
17,660
17,666
17,698
17,712
17,775
17,825
17,863
17,868
17,924
17,934
17,940
17,942
17,959
17,962
17,964
18,61
18,77
18,116
18,134
18,136
18,141
18,160
18,169
18,176
18,199
18,237
18,243
18,288
18,317
18,319
18,334
18,335
18,350
18,380
18,386
18,415
18,419
18,459
18,473
18,475
18,489
18,504
18,523
18,538
18,588
18,595
18,602
18,603
18,605
18,612
18,619
18,622
18,684
18,713
18,716
18,748
18,755
18,759
18,763
18,848
18,883
18,885
18,892
18,906
18,911
18,927
18,928
18,951
18,954
18,960
18,963
18,969
19,48
19,67
19,75
19,144
19,292
19,363
19,441
19,462
19,493
19,554
19,556
19,584
19,586
19,598
19,618
19,621
19,678
19,718
19,775
19,839
19,956
19,999
20,75
20,105
20,121
20,125
20,257
20,298
20,307
20,365
20,401
20,486
20,592
20,676
20,775
20,780
20,809
20,833
20,900
20,956
20,999
21,27
21,47
21,103
21,127
21,128
21,161
21,189
21,194
21,228
21,235
21,257
21,304
21,306
21,308
21,375
21,382
21,483
21,487
21,530
21,551
21,594
21,614
21,629
21,630
21,753
21,772
21,802
21,838
21,845
21,849
21,942
21,947
21,972
21,984
21,994
22,27
22,128
22,151
22,162
22,173
22,255
22,257
22,287
22,308
22,317
22,375
22,425
22,506
22,511
22,525
22,530
22,538
22,539
22,546
22,553
22,579
22,604
22,672
22,679
22,712
22,716
22,745
22,753
22,772
22,803
22,830
22,886
22,912
22,965
22,982
22,987
23,54
23,173
23,220
23,372
23,381
23,384
23,396
23,462
23,486
23,635
23,642
23,653
23,678
23,756
23,792
23,802
23,828
23,861
23,873
23,896
23,901
23,925
23,934
23,937
24,38
24,94
24,95
24,124
24,151
24,163
24,178
24,184
24,191
24,208
24,234
24,253
24,265
24,344
24,384
24,400
24,411
24,443
24,446
24,448
24,466
24,478
24,487
24,499
24,507
24,524
24,697
24,700
24,717
24,727
24,775
24,802
24,806
24,816
24,831
24,836
24,908
24,922
24,924
24,952
24,988
25,39
25,57
25,67
25,110
25,161
25,186
25,189
25,214
25,274
25,302
25,361
25,366
25,368
25,464
25,469
25,507
25,517
25,529
25,562
25,585
25,601
25,765
25,774
25,776
25,792
25,816
25,825
25,860
25,872
25,878
25,900
25,908
26,30
26,42
26,57
26,64
26,67
26,149
26,158
26,168
26,173
26,185
26,206
26,214
26,244
26,251
26,314
26,316
26,325
26,386
26,391
26,399
26,401
26,411
26,417
26,420
26,435
26,453
26,483
26,529
26,541
26,616
26,650
26,677
26,714
26,743
26,745
26,764
26,779
26,823
26,838
26,839
26,844
26,858
26,859
26,884
26,911
26,937
26,963
26,993
27,207
27,230
27,255
27,317
27,323
27,387
27,403
27,530
27,617
27,661
27,686
27,741
27,769
27,819
27,820
27,855
27,904
27,950
27,980
27,984
28,31
28,41
28,46
28,49
28,63
28,108
28,150
28,155
28,201
28,219
28,230
28,236
28,257
28,291
28,302
28,317
28,336
28,346
28,379
28,387
28,417
28,445
28,492
28,494
28,546
28,553
28,600
28,617
28,694
28,700
28,729
28,730
28,853
28,950
29,49
29,63
29,103
29,119
29,124
29,131
29,133
29,202
29,207
29,241
29,258
29,281
29,293
29,297
29,317
29,322
29,328
29,330
29,332
29,342
29,352
29,354
29,387
29,398
29,411
29,465
29,467
29,474
29,542
29,564
29,572
29,600
29,611
29,623
29,648
29,655
29,668
29,679
29,681
29,682
29,710
29,739
29,749
29,750
29,790
29,868
29,900
29,961
29,972
29,982
30,44
30,90
30,98
30,101
30,108
30,127
30,128
30,206
30,207
30,278
30,308
30,382
30,389
30,395
30,400
30,424
30,432
30,454
30,483
30,515
30,529
30,530
30,543
30,559
30,562
30,630
30,687
30,745
30,762
30,764
30,793
30,827
30,859
30,869
30,922
30,942
30,965
30,987
30,994
31,34
31,63
31,70
31,72
31,81
31,87
31,122
31,124
31,142
31,155
31,162
31,164
31,166
31,182
31,185
31,207
31,232
31,275
31,280
31,281
31,302
31,303
31,304
31,317
31,339
31,346
31,354
31,358
31,364
31,395
31,417
31,423
31,445
31,464
31,474
31,488
31,492
31,509
31,510
31,541
31,553
31,617
31,682
31,694
31,697
31,739
31,740
31,749
31,753
31,761
31,767
31,793
31,803
31,817
31,820
31,830
31,878
31,965
31,972
31,987
32,58
32,65
32,72
32,110
32,192
32,194
32,237
32,252
32,288
32,299
32,311
32,335
32,362
32,374
32,381
32,405
32,436
32,467
32,615
32,619
32,627
32,646
32,748
32,755
32,771
32,783
32,797
32,800
32,864
32,887
32,903
32,918
32,939
32,949
32,953
32,955
32,957
32,969
32,978
32,983
33,98
33,108
33,122
33,127
33,174
33,175
33,178
33,193
33,236
33,241
33,257
33,308
33,334
33,359
33,364
33,395
33,403
33,417
33,446
33,449
33,529
33,530
33,543
33,553
33,591
33,617
33,630
33,641
33,682
33,689
33,743
33,756
33,766
33,771
33,793
33,818
33,904
33,912
33,942
33,985
33,988
33,990
34,41
34,73
34,74
34,88
34,89
34,119
34,131
34,137
34,152
34,207
34,232
34,236
34,275
34,281
34,291
34,296
34,304
34,317
34,322
34,323
34,339
34,352
34,364
34,403
34,406
34,417
34,425
34,427
34,449
34,483
34,506
34,526
34,543
34,557
34,589
34,599
34,606
34,614
34,705
34,749
34,795
34,836
34,849
34,856
34,877
34,901
34,919
34,924
34,931
34,933
34,961
34,966
34,973
35,58
35,76
35,84
35,113
35,137
35,169
35,170
35,199
35,216
35,235
35,252
35,264
35,268
35,301
35,333
35,335
35,422
35,426
35,436
35,463
35,467
35,519
35,563
35,591
35,614
35,634
35,636
35,639
35,646
35,680
35,688
35,748
35,762
35,771
35,784
35,789
35,794
35,798
35,834
35,846
35,892
35,923
35,939
35,953
35,957
35,960
35,978
35,983
36,74
36,116
36,182
36,186
36,205
36,221
36,290
36,297
36,343
36,349
36,433
36,532
36,555
36,612
36,626
36,632
36,666
36,807
36,866
36,915
36,936
36,979
37,93
37,129
37,156
37,177
37,181
37,189
37,239
37,275
37,306
37,315
37,361
37,365
37,371
37,406
37,425
37,441
37,447
37,452
37,476
37,560
37,562
37,592
37,613
37,618
37,656
37,743
37,787
37,795
37,802
37,833
37,896
37,932
37,937
37,970
38,91
38,94
38,105
38,144
38,163
38,180
38,204
38,226
38,311
38,328
38,384
38,385
38,396
38,430
38,435
38,440
38,448
38,452
38,544
38,591
38,609
38,625
38,632
38,650
38,679
38,685
38,777
38,805
38,816
38,831
38,910
38,916
38,941
38,999
39,66
39,69
39,70
39,122
39,152
39,173
39,189
39,228
39,251
39,337
39,381
39,382
39,391
39,442
39,446
39,454
39,478
39,515
39,529
39,530
39,551
39,600
39,645
39,665
39,721
39,726
39,727
39,766
39,790
39,805
39,822
39,845
39,872
39,988
39,990
40,43
40,76
40,96
40,124
40,145
40,157
40,248
40,262
40,268
40,286
40,398
40,408
40,410
40,440
40,463
40,479
40,564
40,615
40,619
40,680
40,731
40,740
40,789
40,800
40,834
40,846
40,847
40,903
40,933
40,957
41,46
41,49
41,50
41,63
41,71
41,73
41,74
41,81
41,100
41,109
41,119
41,124
41,131
41,155
41,175
41,232
41,236
41,271
41,275
41,291
41,306
41,310
41,317
41,339
41,351
41,356
41,364
41,397
41,404
41,430
41,462
41,562
41,568
41,579
41,589
41,599
41,600
41,602
41,614
41,615
41,620
41,682
41,690
41,696
41,729
41,749
41,774
41,790
41,803
41,822
41,849
41,857
41,865
41,931
41,973
42,66
42,91
42,101
42,148
42,158
42,171
42,179
42,181
42,206
42,251
42,309
42,375
42,391
42,399
42,420
42,428
42,432
42,454
42,503
42,508
42,530
42,552
42,745
42,764
42,859
42,932
43,58
43,75
43,88
43,165
43,418
43,467
43,537
43,607
43,634
43,655
43,688
43,730
43,762
43,789
43,798
43,846
43,847
43,933
43,953
43,996
44,57
44,91
44,130
44,135
44,144
44,151
44,173
44,177
44,189
44,203
44,214
44,229
44,249
44,280
44,315
44,321
44,348
44,366
44,436
44,452
44,454
44,478
44,522
44,523
44,556
44,565
44,584
44,663
44,669
44,721
44,726
44,801
44,818
44,830
44,856
44,865
44,872
44,880
44,884
44,900
44,956
44,970
44,974
44,990
45,51
45,97
45,115
45,169
45,216
45,226
45,252
45,295
45,311
45,374
45,376
45,405
45,414
45,422
45,454
45,463
45,480
45,491
45,615
45,647
45,686
45,747
45,798
45,799
45,810
45,846
45,864
45,877
45,879
45,907
45,914
45,915
45,922
45,923
45,953
45,978
45,983
45,996
46,63
46,81
46,109
46,155
46,190
46,207
46,211
46,228
46,291
46,336
46,346
46,403
46,414
46,445
46,572
46,589
46,710
46,739
46,864
47,66
47,69
47,100
47,107
47,130
47,153
47,154
47,156
47,164
47,173
47,175
47,179
47,189
47,214
47,228
47,251
47,261
47,280
47,283
47,336
47,337
47,354
47,366
47,371
47,382
47,389
47,396
47,406
47,420
47,423
47,429
47,435
47,441
47,454
47,465
47,495
47,530
47,580
47,616
47,630
47,637
47,645
47,662
47,669
47,685
47,702
47,711
47,726
47,727
47,743
47,760
47,764
47,803
47,805
47,816
47,845
47,859
47,864
47,872
47,880
47,898
47,914
47,925
47,937
47,970
47,981
47,985
47,990
47,994
48,101
48,151
48,186
48,204
48,220
48,253
48,298
48,314
48,328
48,354
48,386
48,420
48,493
48,505
48,513
48,532
48,542
48,556
48,559
48,586
48,633
48,656
48,682
48,700
48,713
48,728
48,742
48,796
48,807
48,823
48,873
48,883
48,909
48,951
48,968
48,999
49,74
49,109
49,126
49,131
49,234
49,241
49,254
49,258
49,275
49,281
49,303
49,322
49,326
49,360
49,383
49,393
49,397
49,398
49,400
49,413
49,425
49,437
49,474
49,477
49,483
49,526
49,527
49,528
49,529
49,539
49,562
49,576
49,597
49,600
49,607
49,614
49,682
49,686
49,725
49,749
49,750
49,767
49,774
49,786
49,825
49,830
49,847
49,849
49,853
49,865
49,899
49,914
49,922
49,961
49,972
49,987
49,992
50,58
50,102
50,150
50,166
50,171
50,201
50,250
50,327
50,334
50,335
50,380
50,393
50,416
50,426
50,436
50,535
50,605
50,643
50,646
50,675
50,696
50,744
50,748
50,797
50,804
50,837
50,850
50,885
50,892
50,911
50,927
50,928
50,939
50,955
51,78
51,124
51,126
51,148
51,182
51,211
51,213
51,216
51,237
51,267
51,295
51,362
51,422
51,437
51,463
51,468
51,489
51,523
51,555
51,556
51,598
51,607
51,615
51,619
51,627
51,634
51,646
51,647
51,667
51,686
51,693
51,695
51,705
51,724
51,734
51,744
51,783
51,786
51,797
51,800
51,823
51,848
51,850
51,864
51,868
51,870
51,892
51,914
51,918
51,946
51,963
51,967
51,996
52,67
52,94
52,95
52,105
52,144
52,151
52,153
52,156
52,163
52,164
52,208
52,217
52,234
52,263
52,298
52,328
52,338
52,384
52,410
52,414
52,448
52,466
52,490
52,501
52,512
52,524
52,562
52,602
52,604
52,686
52,700
52,713
52,716
52,717
52,728
52,749
52,752
52,782
52,803
52,807
52,814
52,816
52,826
52,829
52,831
52,835
52,859
52,878
52,908
52,909
52,910
52,913
52,945
52,952
53,56
53,60
53,62
53,67
53,111
53,112
53,116
53,143
53,145
53,152
53,188
53,192
53,227
53,231
53,297
53,308
53,335
53,343
53,402
53,433
53,481
53,505
53,521
53,532
53,555
53,574
53,587
53,657
53,659
53,703
53,722
53,770
53,788
53,821
53,886
53,894
53,895
53,902
53,941
53,979
54,66
54,108
54,149
54,171
54,177
54,253
54,260
54,345
54,347
54,359
54,372
54,381
54,438
54,446
54,541
54,583
54,698
54,712
54,769
54,823
54,839
54,861
54,863
54,882
54,884
54,896
54,902
54,937
54,964
54,981
55,62
55,99
55,120
55,136
55,148
55,198
55,234
55,273
55,294
55,302
55,313
55,367
55,405
55,414
55,418
55,442
55,512
55,517
55,604
55,622
55,644
55,676
55,702
55,705
55,776
55,801
55,808
55,814
55,837
55,897
55,918
55,928
55,937
55,963
55,968
56,78
56,141
56,221
56,222
56,297
56,320
56,321
56,355
56,419
56,433
56,495
56,505
56,558
56,587
56,605
56,674
56,736
56,761
56,770
56,771
56,785
56,811
56,828
56,829
56,843
56,891
56,897
56,909
56,916
56,979
57,63
57,110
57,124
57,130
57,142
57,161
57,213
57,216
57,217
57,234
57,249
57,254
57,257
57,274
57,366
57,410
57,428
57,429
57,464
57,478
57,479
57,490
57,517
57,534
57,556
57,579
57,585
57,641
57,644
57,645
57,656
57,669
57,766
57,813
57,841
57,856
57,883
57,900
57,986
57,994
58,80
58,115
58,152
58,153
58,169
58,216
58,237
58,241
58,246
58,252
58,288
58,300
58,333
58,380
58,394
58,403
58,416
58,422
58,436
58,463
58,465
58,467
58,471
58,490
58,498
58,535
58,611
58,619
58,646
58,693
58,705
58,724
58,747
58,748
58,755
58,770
58,797
58,810
58,834
58,911
58,918
58,927
58,939
58,949
58,954
58,960
58,983
59,85
59,110
59,114
59,131
59,156
59,174
59,214
59,226
59,239
59,253
59,283
59,292
59,298
59,365
59,371
59,381
59,392
59,421
59,431
59,450
59,580
59,583
59,591
59,594
59,621
59,652
59,653
59,689
59,700
59,701
59,737
59,782
59,790
59,791
59,795
59,832
59,839
59,841
59,863
59,884
59,896
59,901
59,913
59,915
59,959
59,981
60,149
60,210
60,220
60,229
60,231
60,243
60,330
60,350
60,402
60,475
60,495
60,521
60,555
60,625
60,659
60,693
60,722
60,746
60,759
60,763
60,781
60,788
60,895
60,905
60,916
60,941
60,979
60,999
61,62
61,107
61,134
61,198
61,199
61,210
61,217
61,245
61,249
61,250
61,273
61,297
61,320
61,326
61,340
61,357
61,361
61,367
61,386
61,412
61,414
61,415
61,442
61,443
61,451
61,463
61,475
61,489
61,512
61,527
61,531
61,593
61,604
61,605
61,611
61,612
61,638
61,644
61,676
61,693
61,723
61,744
61,793
61,814
61,837
61,843
61,883
61,893
61,897
61,902
61,903
61,918
61,937
61,951
61,958
61,962
61,998
62,71
62,79
62,99
62,107
62,117
62,135
62,141
62,148
62,152
62,153
62,167
62,190
62,194
62,197
62,199
62,210
62,225
62,273
62,276
62,294
62,313
62,317
62,350
62,355
62,357
62,367
62,384
62,410
62,414
62,416
62,419
62,424
62,439
62,442
62,451
62,459
62,473
62,489
62,495
62,512
62,526
62,527
62,531
62,538
62,567
62,571
62,574
62,587
62,589
62,602
62,604
62,644
62,646
62,676
62,679
62,683
62,693
62,716
62,720
62,722
62,742
62,748
62,771
62,781
62,791
62,796
62,843
62,864
62,865
62,869
62,877
62,883
62,890
62,892
62,893
62,897
62,918
62,924
62,927
62,946
62,947
62,951
62,954
62,958
62,982
62,991
63,70
63,87
63,100
63,219
63,233
63,236
63,302
63,328
63,339
63,346
63,347
63,354
63,364
63,403
63,409
63,421
63,434
63,457
63,490
63,492
63,512
63,600
63,614
63,617
63,627
63,629
63,694
63,817
63,819
63,820
63,822
63,961
64,106
64,135
64,143
64,156
64,173
64,174
64,178
64,182
64,239
64,249
64,251
64,266
64,282
64,316
64,347
64,371
64,406
64,421
64,482
64,519
64,541
64,552
64,583
64,594
64,606
64,613
64,637
64,689
64,712
64,730
64,743
64,765
64,777
64,779
64,787
64,795
64,838
64,932
64,964
64,985
65,70
65,73
65,97
65,104
65,235
65,256
65,288
65,299
65,311
65,394
65,409
65,415
65,416
65,422
65,436
65,467
65,480
65,497
65,545
65,598
65,603
65,605
65,608
65,619
65,628
65,646
65,659
65,676
65,705
65,709
65,744
65,797
65,840
65,887
65,892
65,911
65,939
65,946
65,949
66,69
66,90
66,92
66,108
66,122
66,127
66,178
66,179
66,189
66,193
66,228
66,233
66,238
66,249
66,251
66,280
66,283
66,350
66,354
66,361
66,382
66,391
66,395
66,399
66,415
66,432
66,435
66,514
66,515
66,529
66,630
66,641
66,662
66,666
66,714
66,721
66,727
66,758
66,764
66,766
66,771
66,803
66,811
66,859
66,942
66,970
66,990
66,994
67,94
67,106
67,125
67,146
67,166
67,178
67,191
67,214
67,240
67,249
67,253
67,261
67,285
67,301
67,314
67,315
67,325
67,354
67,365
67,381
67,396
67,425
67,433
67,441
67,444
67,446
67,448
67,477
67,515
67,559
67,580
67,591
67,592
67,632
67,656
67,666
67,669
67,685
67,711
67,718
67,775
67,787
67,805
67,812
67,816
67,832
67,841
67,852
67,876
67,889
67,909
67,912
67,913
67,915
67,948
67,964
67,986
67,988
67,997
68,126
68,166
68,294
68,299
68,302
68,384
68,442
68,467
68,468
68,526
68,575
68,595
68,601
68,626
68,683
68,692
68,705
68,710
68,721
68,740
68,814
68,838
68,862
68,870
68,871
68,883
68,907
68,914
68,980
69,108
69,173
69,181
69,204
69,251
69,337
69,361
69,396
69,406
69,423
69,454
69,479
69,482
69,515
69,552
69,650
69,665
69,717
69,766
69,768
69,772
69,776
69,823
69,829
69,859
69,865
69,884
69,934
69,937
69,970
70,137
70,207
70,236
70,302
70,346
70,354
70,403
70,470
70,492
70,540
70,553
70,589
70,617
70,687
70,697
70,720
70,739
70,750
70,761
70,776
70,817
70,820
70,825
70,931
70,947
70,973
71,85
71,99
71,101
71,105
71,117
71,124
71,142
71,153
71,193
71,208
71,249
71,253
71,277
71,283
71,297
71,319
71,334
71,368
71,370
71,377
71,433
71,437
71,459
71,508
71,509
71,522
71,526
71,532
71,581
71,582
71,604
71,639
71,644
71,679
71,683
71,684
71,692
71,712
71,716
71,751
71,805
71,816
71,837
71,842
71,866
71,869
71,886
71,893
71,906
71,908
71,911
71,951
71,981
72,126
72,154
72,177
72,207
72,263
72,413
72,550
72,563
72,598
72,710
72,754
72,783
72,834
72,874
72,907
72,950
72,977
72,986
73,74
73,207
73,237
73,258
73,271
73,275
73,281
73,291
73,310
73,322
73,342
73,354
73,404
73,432
73,434
73,485
73,490
73,600
73,675
73,681
73,690
73,730
73,749
73,767
73,774
73,789
73,822
73,849
73,857
73,929
73,931
73,947
74,109
74,119
74,124
74,131
74,155
74,217
74,275
74,285
74,289
74,302
74,339
74,386
74,414
74,432
74,565
74,599
74,600
74,606
74,614
74,690
74,730
74,749
74,774
74,822
74,849
74,857
74,899
74,931
74,953
74,967
74,972
75,85
75,93
75,106
75,118
75,121
75,125
75,148
75,174
75,218
75,223
75,261
75,265
75,275
75,307
75,359
75,363
75,381
75,392
75,431
75,439
75,450
75,453
75,461
75,486
75,559
75,594
75,608
75,642
75,670
75,673
75,718
75,726
75,732
75,738
75,775
75,790
75,809
75,823
75,839
75,889
75,890
75,901
75,947
75,956
75,964
76,82
76,88
76,96
76,127
76,129
76,139
76,145
76,148
76,152
76,155
76,165
76,169
76,173
76,212
76,236
76,248
76,254
76,258
76,262
76,263
76,264
76,267
76,268
76,281
76,289
76,308
76,334
76,342
76,426
76,430
76,440
76,456
76,537
76,563
76,593
76,623
76,624
76,647
76,655
76,671
76,702
76,736
76,740
76,747
76,762
76,767
76,774
76,782
76,798
76,810
76,846
76,847
76,877
76,879
76,907
76,914
76,933
76,952
76,953
76,967
76,975
76,986
76,987
77,123
77,150
77,176
77,197
77,335
77,389
77,484
77,512
77,535
77,602
77,605
77,627
77,814
77,848
77,851
77,918
77,927
77,951
77,958
77,960
78,83
78,116
78,125
78,134
78,141
78,159
78,172
78,192
78,196
78,198
78,218
78,221
78,222
78,231
78,242
78,243
78,255
78,278
78,290
78,343
78,356
78,388
78,419
78,425
78,433
78,443
78,450
78,451
78,462
78,495
78,523
78,532
78,588
78,612
78,622
78,640
78,643
78,651
78,674
78,683
78,703
78,742
78,745
78,746
78,802
78,828
78,843
78,862
78,874
78,891
78,892
78,893
78,902
78,930
78,940
78,941
78,968
78,975
78,977
79,89
79,153
79,166
79,214
79,225
79,251
79,254
79,324
79,331
79,413
79,440
79,508
79,522
79,548
79,575
79,639
79,655
79,664
79,681
79,702
79,709
79,710
79,722
79,789
79,822
79,823
79,846
79,906
79,998
80,110
80,140
80,160
80,167
80,191
80,264
80,265
80,271
80,288
80,327
80,334
80,362
80,374
80,394
80,409
80,473
80,475
80,497
80,601
80,603
80,619
80,695
80,705
80,715
80,739
80,748
80,759
80,771
80,797
80,864
80,870
80,887
80,906
80,907
80,946
80,949
80,951
81,100
81,124
81,155
81,207
81,241
81,258
81,259
81,271
81,318
81,324
81,346
81,351
81,404
81,423
81,470
81,488
81,490
81,536
81,549
81,553
81,557
81,575
81,576
81,597
81,606
81,617
81,650
81,694
81,729
81,758
81,801
81,812
81,815
81,825
81,865
81,944
81,986
81,992
82,96
82,165
82,195
82,212
82,231
82,262
82,267
82,268
82,286
82,301
82,332
82,339
82,340
82,342
82,412
82,440
82,484
82,488
82,572
82,576
82,598
82,607
82,611
82,634
82,656
82,686
82,740
82,784
82,794
82,841
82,845
82,879
82,903
82,913
82,920
82,923
82,933
82,946
82,950
82,951
82,963
83,98
83,110
83,112
83,140
83,144
83,152
83,153
83,190
83,194
83,210
83,217
83,234
83,243
83,250
83,269
83,294
83,310
83,319
83,338
83,343
83,392
83,430
83,461
83,465
83,487
83,508
83,510
83,524
83,527
83,562
83,580
83,582
83,604
83,656
83,657
83,659
83,706
83,713
83,716
83,736
83,745
83,759
83,777
83,778
83,790
83,823
83,826
83,835
83,852
83,869
83,900
83,962
84,113
84,169
84,205
84,235
84,262
84,264
84,287
84,333
84,376
84,422
84,492
84,524
84,526
84,563
84,581
84,601
84,634
84,655
84,658
84,747
84,762
84,784
84,789
84,790
84,801
84,903
84,907
84,923
84,957
84,978
84,983
85,168
85,225
85,239
85,250
85,253
85,261
85,265
85,283
85,298
85,340
85,348
85,353
85,359
85,363
85,372
85,401
85,450
85,453
85,454
85,500
85,501
85,513
85,527
85,545
85,575
85,613
85,635
85,642
85,653
85,658
85,689
85,701
85,702
85,756
85,775
85,809
85,832
85,833
85,839
85,841
85,843
85,876
85,890
85,896
85,909
85,924
85,925
85,948
85,956
85,981
85,985
86,153
86,223
86,226
86,242
86,292
86,329
86,340
86,372
86,455
86,462
86,466
86,474
86,534
86,545
86,547
86,554
86,556
86,559
86,582
86,678
86,719
86,733
86,773
86,873
86,876
86,905
86,909
86,934
87,99
87,100
87,161
87,175
87,189
87,203
87,246
87,248
87,302
87,306
87,336
87,338
87,346
87,354
87,366
87,498
87,543
87,565
87,583
87,589
87,606
87,614
87,617
87,691
87,727
87,768
87,776
87,801
87,825
87,830
87,855
87,856
87,860
87,868
87,912
87,929
87,941
87,947
87,952
87,961
87,970
87,987
88,96
88,137
88,139
88,169
88,177
88,195
88,216
88,235
88,248
88,252
88,267
88,301
88,321
88,355
88,374
88,376
88,380
88,381
88,418
88,422
88,430
88,463
88,468
88,563
88,576
88,577
88,601
88,607
88,615
88,618
88,619
88,627
88,634
88,647
88,648
88,655
88,680
88,699
88,710
88,713
88,734
88,739
88,747
88,784
88,789
88,846
88,847
88,860
88,879
88,887
88,911
88,933
88,953
88,955
88,961
88,978
88,983
88,996
89,91
89,104
89,105
89,112
89,117
89,126
89,152
89,166
89,250
89,299
89,318
89,321
89,326
89,355
89,413
89,416
89,467
89,468
89,498
89,508
89,575
89,601
89,656
89,667
89,715
89,725
89,744
89,748
89,842
89,859
89,871
89,883
89,914
89,963
89,998
90,98
90,382
90,424
90,432
90,606
90,630
90,677
90,745
90,793
90,821
90,826
90,855
90,886
90,942
90,985
90,994
91,93
91,98
91,122
91,130
91,140
91,147
91,315
91,325
91,366
91,421
91,439
91,441
91,452
91,478
91,498
91,505
91,516
91,536
91,604
91,685
91,727
91,743
91,799
91,805
91,873
91,889
91,900
91,970
91,974
91,990
91,994
92,179
92,228
92,316
92,325
92,395
92,399
92,400
92,515
92,543
92,552
92,645
92,690
92,745
92,766
92,779
92,975
92,993
93,106
93,135
93,150
93,156
93,181
93,187
93,213
93,239
93,251
93,272
93,305
93,359
93,365
93,379
93,461
93,476
93,534
93,565
93,592
93,625
93,637
93,709
93,711
93,712
93,717
93,756
93,787
93,799
93,884
93,896
93,908
93,929
93,948
93,977
93,993
93,999
94,95
94,118
94,136
94,144
94,152
94,156
94,180
94,182
94,201
94,249
94,253
94,263
94,299
94,300
94,324
94,328
94,332
94,337
94,338
94,344
94,384
94,386
94,444
94,446
94,452
94,458
94,477
94,504
94,520
94,542
94,548
94,580
94,595
94,609
94,614
94,632
94,633
94,656
94,667
94,676
94,711
94,719
94,780
94,816
94,826
94,835
94,858
94,863
94,869
94,870
94,908
94,910
94,915
94,956
94,999
95,144
95,159
95,182
95,189
95,283
95,316
95,385
95,386
95,410
95,441
95,448
95,545
95,619
95,711
95,717
95,773
95,816
95,826
95,829
95,858
95,937
96,119
96,216
96,248
96,262
96,267
96,268
96,332
96,413
96,418
96,440
96,576
96,664
96,693
96,699
96,700
96,713
96,740
96,783
96,794
96,810
96,834
96,874
96,879
96,903
96,911
96,920
96,933
96,996
97,115
97,118
97,150
97,195
97,211
97,335
97,362
97,376
97,440
97,463
97,467
97,491
97,509
97,563
97,582
97,619
97,647
97,683
97,771
97,784
97,810
97,846
97,864
97,887
97,923
97,953
97,996
98,100
98,108
98,112
98,128
98,145
98,161
98,168
98,181
98,203
98,238
98,239
98,308
98,346
98,354
98,382
98,423
98,424
98,432
98,444
98,482
98,552
98,562
98,579
98,627
98,630
98,658
98,679
98,714
98,745
98,766
98,793
98,865
98,872
98,912
98,919
98,942
98,947
98,990
98,994
99,101
99,111
99,136
99,142
99,166
99,190
99,202
99,217
99,245
99,269
99,272
99,273
99,318
99,377
99,397
99,414
99,442
99,451
99,468
99,508
99,542
99,582
99,593
99,604
99,644
99,674
99,676
99,692
99,710
99,713
99,716
99,722
99,735
99,742
99,778
99,813
99,883
99,893
99,897
99,902
99,918
99,942
99,946
99,966
99,982
99,984
99,998
100,124
100,133
100,154
100,164
100,183
100,199
100,207
100,225
100,233
100,234
100,235
100,241
100,245
100,259
100,281
100,293
100,312
100,322
100,330
100,332
100,335
100,342
100,351
100,358
100,369
100,400
100,526
100,549
100,550
100,561
100,566
100,596
100,620
100,623
100,625
100,655
100,667
100,687
100,696
100,702
100,708
100,750
100,823
100,897
100,899
100,906
100,913
100,969
100,991
101,104
101,105
101,122
101,152
101,154
101,163
101,177
101,201
101,245
101,266
101,299
101,303
101,326
101,330
101,340
101,342
101,373
101,377
101,415
101,436
101,465
101,468
101,471
101,479
101,498
101,509
101,517
101,548
101,560
101,561
101,575
101,582
101,620
101,627
101,667
101,692
101,709
101,717
101,750
101,764
101,781
101,836
101,869
101,914
101,960
102,150
102,267
102,426
102,475
102,521
102,535
102,675
102,709
102,732
102,771
102,848
102,850
102,885
102,891
102,911
102,955
103,154
103,166
103,177
103,178
103,193
103,199
103,207
103,212
103,213
103,228
103,237
103,259
103,271
103,287
103,297
103,361
103,369
103,370
103,389
103,412
103,437
103,454
103,465
103,469
103,471
103,479
103,494
103,498
103,514
103,517
103,524
103,531
103,548
103,571
103,572
103,575
103,576
103,585
103,609
103,620
103,625
103,639
103,640
103,668
103,672
103,692
103,694
103,744
103,745
103,748
103,749
103,753
103,758
103,762
103,780
103,790
103,791
103,906
103,908
103,950
103,956
103,991
103,997
104,117
104,166
104,190
104,249
104,299
104,312
104,321
104,323
104,326
104,332
104,351
104,384
104,428
104,430
104,465
104,473
104,498
104,503
104,524
104,538
104,557
104,575
104,581
104,630
104,693
104,709
104,710
104,742
104,776
104,781
104,794
104,800
104,806
104,810
104,813
104,816
104,842
104,879
104,885
104,906
104,927
104,933
105,110
105,116
105,142
105,144
105,146
105,151
105,169
105,172
105,180
105,212
105,234
105,245
105,253
105,263
105,280
105,309
105,320
105,321
105,325
105,340
105,359
105,396
105,444
105,446
105,452
105,454
105,459
105,472
105,479
105,490
105,499
105,504
105,512
105,521
105,523
105,524
105,526
105,527
105,619
105,627
105,659
105,663
105,674
105,692
105,702
105,706
105,713
105,716
105,717
105,722
105,736
105,769
105,783
105,816
105,826
105,830
105,835
105,868
105,869
105,929
105,966
105,967
105,977
105,997
106,114
106,121
106,124
106,135
106,173
106,179
106,181
106,187
106,189
106,200
106,243
106,260
106,272
106,283
106,305
106,315
106,347
106,348
106,365
106,406
106,408
106,410
106,452
106,467
106,476
106,501
106,516
106,527
106,592
106,621
106,650
106,669
106,689
106,712
106,743
106,765
106,787
106,799
106,833
106,858
106,882
106,896
106,915
106,924
106,981
106,985
106,988
107,112
107,139
107,147
107,148
107,152
107,166
107,182
107,194
107,209
107,280
107,350
107,354
107,355
107,357
107,370
107,414
107,442
107,451
107,475
107,495
107,500
107,508
107,547
107,615
107,638
107,644
107,676
107,683
107,693
107,713
107,714
107,742
107,755
107,759
107,770
107,790
107,811
107,814
107,816
107,843
107,851
107,954
107,955
107,962
107,975
107,977
107,979
108,161
108,163
108,189
108,228
108,267
108,337
108,382
108,424
108,562
108,630
108,645
108,648
108,662
108,745
108,766
108,799
108,818
108,908
108,924
108,937
108,948
108,994
109,155
109,207
109,236
109,258
109,275
109,281
109,287
109,339
109,342
109,384
109,395
109,403
109,427
109,434
109,441
109,445
109,447
109,553
109,557
109,570
109,585
109,597
109,599
109,600
109,601
109,629
109,648
109,672
109,690
109,692
109,710
109,727
109,780
109,803
109,822
109,825
109,853
109,857
109,865
109,883
109,931
109,950
109,963
109,973
110,133
110,146
110,153
110,154
110,166
110,173
110,193
110,207
110,212
110,213
110,225
110,234
110,248
110,249
110,274
110,280
110,315
110,325
110,341
110,342
110,347
110,396
110,398
110,429
110,437
110,443
110,454
110,464
110,465
110,472
110,487
110,503
110,509
110,511
110,520
110,571
110,582
110,606
110,609
110,616
110,619
110,620
110,623
110,663
110,672
110,684
110,717
110,727
110,750
110,758
110,769
110,816
110,823
110,825
110,873
110,893
110,900
110,908
110,909
110,918
110,925
110,928
110,974
110,986
110,987
110,995
111,112
111,116
111,134
111,141
111,186
111,188
111,192
111,221
111,231
111,240
111,433
111,439
111,443
111,475
111,489
111,500
111,505
111,542
111,555
111,560
111,574
111,587
111,612
111,640
111,643
111,673
111,674
111,690
111,718
111,773
111,852
111,917
111,930
111,962
111,979
111,980
112,141
112,143
112,186
112,190
112,192
112,202
112,227
112,229
112,238
112,278
112,290
112,296
112,297
112,320
112,343
112,349
112,373
112,402
112,433
112,446
112,495
112,505
112,520
112,521
112,534
112,552
112,555
112,574
112,589
112,612
112,623
112,638
112,656
112,657
112,659
112,703
112,718
112,770
112,791
112,814
112,843
112,891
112,894
112,916
112,936
112,946
112,979
113,169
113,216
113,233
113,235
113,261
113,264
113,301
113,333
113,341
113,355
113,422
113,436
113,442
113,551
113,563
113,607
113,620
113,647
113,762
113,789
113,798
113,847
113,885
113,907
113,923
113,978
114,135
114,166
114,174
114,206
114,226
114,261
114,266
114,283
114,305
114,331
114,347
114,379
114,381
114,406
114,431
114,435
114,476
114,519
114,613
114,617
114,621
114,632
114,637
114,689
114,712
114,787
114,795
114,799
114,809
114,839
114,876
114,884
114,890
114,896
114,948
114,964
114,981
114,997
115,126
115,133
115,151
115,169
115,211
115,216
115,235
115,237
115,241
115,252
115,268
115,294
115,311
115,333
115,376
115,413
115,422
115,463
115,491
115,563
115,577
115,581
115,596
115,615
115,628
115,634
115,639
115,646
115,647
115,676
115,680
115,686
115,705
115,724
115,744
115,747
115,765
115,783
115,784
115,786
115,789
115,810
115,846
115,860
115,864
115,879
115,888
115,906
115,939
115,949
115,953
115,983
115,996
116,134
116,136
116,139
116,147
116,154
116,199
116,202
116,205
116,217
116,221
116,227
116,315
116,319
116,320
116,334
116,349
116,350
116,378
116,380
116,419
116,443
116,473
116,489
116,532
116,554
116,588
116,622
116,676
116,696
116,742
116,777
116,785
116,791
116,800
116,806
116,842
116,843
116,862
116,908
116,920
116,921
116,927
116,941
116,960
116,970
116,977
117,141
117,146
117,153
117,165
117,177
117,190
117,192
117,199
117,201
117,234
117,237
117,299
117,332
117,340
117,344
117,412
117,426
117,451
117,468
117,475
117,500
117,509
117,525
117,526
117,582
117,601
117,621
117,626
117,639
117,647
117,659
117,690
117,693
117,695
117,709
117,710
117,715
117,718
117,729
117,744
117,748
117,750
117,766
117,797
117,814
117,837
117,841
117,864
117,870
117,879
117,883
117,885
117,900
117,911
117,918
117,935
117,936
117,946
117,951
117,963
118,210
118,243
118,263
118,338
118,357
118,386
118,429
118,444
118,505
118,544
118,547
118,573
118,653
118,723
118,801
118,812
118,813
118,816
118,829
118,858
118,866
118,875
118,892
118,966
119,129
119,131
119,145
119,151
119,154
119,156
119,203
119,219
119,233
119,241
119,254
119,258
119,275
119,281
119,289
119,291
119,304
119,317
119,322
119,336
119,339
119,342
119,351
119,440
119,445
119,459
119,483
119,490
119,500
119,528
119,543
119,563
119,566
119,570
119,572
119,599
119,600
119,606
119,609
119,619
119,643
119,649
119,663
119,682
119,696
119,729
119,739
119,749
119,784
119,803
119,819
119,853
119,865
119,877
119,950
119,952
119,972
119,990
120,250
120,269
120,273
120,294
120,451
120,459
120,504
120,535
120,590
120,606
120,641
120,744
120,778
120,781
120,837
120,867
120,883
120,893
120,897
120,923
120,966
120,986
120,991
120,998
121,125
121,178
121,200
121,218
121,290
121,365
121,421
121,425
121,476
121,477
121,501
121,552
121,591
121,592
121,666
121,707
121,747
121,833
121,981
122,130
122,154
122,238
122,280
122,306
122,361
122,364
122,366
122,454
122,459
122,529
122,536
122,552
122,562
122,579
122,581
122,616
122,653
122,661
122,687
122,697
122,721
122,726
122,727
122,766
122,856
122,872
122,947
122,952
122,990
123,144
123,159
123,167
123,184
123,294
123,316
123,338
123,359
123,361
123,453
123,460
123,565
123,652
123,701
123,757
123,765
123,783
123,806
123,827
123,884
123,901
123,913
123,916
123,943
123,964
124,129
124,166
124,177
124,185
124,203
124,207
124,212
124,214
124,225
124,232
124,233
124,241
124,246
124,258
124,265
124,271
124,281
124,289
124,306
124,312
124,322
124,332
124,339
124,342
124,351
124,354
124,364
124,365
124,396
124,400
124,404
124,412
124,414
124,433
124,435
124,452
124,464
124,471
124,474
124,488
124,490
124,511
124,553
124,554
124,557
124,561
124,563
124,565
124,576
124,585
124,606
124,609
124,615
124,617
124,623
124,627
124,648
124,656
124,672
124,725
124,750
124,768
124,780
124,801
124,825
124,858
124,886
124,908
124,927
124,942
124,965
124,986
124,992
125,151
125,192
125,214
125,231
125,253
125,261
125,305
125,314
125,321
125,347
125,348
125,385
125,425
125,459
125,466
125,477
125,481
125,503
125,534
125,559
125,580
125,591
125,592
125,641
125,666
125,669
125,715
125,718
125,719
125,742
125,744
125,766
125,787
125,815
125,816
125,859
125,890
125,908
125,909
125,913
125,934
125,956
125,968
125,988
125,999
126,157
126,195
126,293
126,331
126,332
126,341
126,342
126,383
126,413
126,510
126,550
126,561
126,581
126,639
126,657
126,680
126,702
126,710
126,742
126,748
126,784
126,800
126,880
126,881
126,963
126,969
127,128
127,166
127,304
127,308
127,382
127,403
127,420
127,424
127,432
127,456
127,483
127,492
127,525
127,543
127,551
127,565
127,630
127,662
127,687
127,697
127,745
127,753
127,766
127,772
127,793
127,803
127,844
127,859
127,897
127,904
127,912
127,959
127,965
127,970
127,990
127,994
128,162
128,203
128,214
128,255
128,257
128,271
128,287
128,308
128,336
128,354
128,369
128,423
128,461
128,483
128,506
128,525
128,530
128,546
128,565
128,629
128,641
128,739
128,745
128,843
128,849
128,880
128,922
128,942
129,133
129,138
129,154
129,155
129,157
129,177
129,207
129,212
129,225
129,233
129,253
129,254
129,257
129,267
129,268
129,280
129,289
129,293
129,312
129,322
129,332
129,342
129,352
129,364
129,383
129,423
129,437
129,510
129,550
129,558
129,561
129,563
129,576
129,639
129,669
129,681
129,682
129,689
129,706
129,708
129,713
129,734
129,767
129,794
129,874
129,884
129,886
129,907
129,909
129,911
129,929
129,949
129,961
129,963
129,972
129,986
129,992
129,995
130,189
130,199
130,238
130,246
130,366
130,406
130,478
130,479
130,487
130,497
130,499
130,632
130,635
130,662
130,769
130,779
130,838
130,845
130,874
130,880
130,990
131,141
131,165
131,212
131,217
131,230
131,236
131,249
131,257
131,287
131,303
131,339
131,342
131,360
131,367
131,398
131,427
131,437
131,474
131,510
131,558
131,576
131,599
131,611
131,648
131,729
131,740
131,749
131,846
131,849
131,854
131,899
131,914
131,969
131,972
131,973
131,990
132,134
132,139
132,147
132,243
132,289
132,335
132,355
132,384
132,416
132,428
132,443
132,473
132,495
132,532
132,538
132,567
132,583
132,593
132,622
132,736
132,742
132,811
132,840
132,902
132,914
132,960
133,138
133,145
133,209
133,243
133,254
133,262
133,330
133,332
133,342
133,352
133,364
133,397
133,440
133,526
133,528
133,534
133,550
133,558
133,561
133,564
133,569
133,570
133,576
133,578
133,585
133,597
133,602
133,606
133,609
133,619
133,621
133,682
133,710
133,734
133,790
133,825
133,854
133,874
133,877
133,961
133,971
133,986
134,136
134,139
134,147
134,190
134,194
134,214
134,229
134,237
134,335
134,350
134,355
134,402
134,414
134,428
134,443
134,475
134,495
134,496
134,505
134,508
134,538
134,588
134,603
134,644
134,695
134,716
134,735
134,742
134,759
134,771
134,811
134,843
134,848
134,852
134,861
134,891
134,903
134,927
134,930
134,942
134,952
134,960
134,975
135,149
135,173
135,212
135,239
135,244
135,261
135,263
135,283
135,305
135,359
135,365
135,379
135,390
135,396
135,406
135,461
135,476
135,501
135,516
135,592
135,613
135,635
135,650
135,701
135,712
135,787
135,833
135,896
135,943
135,948
135,952
135,967
135,981
135,985
136,139
136,147
136,148
136,158
136,166
136,176
136,227
136,267
136,319
136,335
136,350
136,428
136,442
136,473
136,488
136,489
136,523
136,535
136,555
136,595
136,602
136,622
136,624
136,653
136,669
136,672
136,744
136,759
136,771
136,797
136,811
136,848
136,872
136,883
136,892
136,902
136,912
136,927
136,960
136,977
137,232
137,311
137,323
137,341
137,376
137,403
137,426
137,427
137,483
137,540
137,551
137,589
137,614
137,682
137,694
137,739
137,757
137,836
137,854
137,865
137,895
137,950
137,958
138,157
138,164
138,183
138,268
138,299
138,331
138,383
138,397
138,494
138,518
138,576
138,598
138,649
138,686
138,702
138,708
138,710
138,720
138,834
138,879
138,969
138,986
138,989
139,147
139,160
139,198
139,205
139,221
139,247
139,319
139,335
139,350
139,355
139,386
139,414
139,428
139,433
139,443
139,473
139,478
139,489
139,495
139,523
139,532
139,537
139,539
139,587
139,622
139,647
139,735
139,758
139,759
139,821
139,843
139,862
139,892
139,895
139,914
139,916
139,930
139,940
139,941
139,960
139,975
139,977
139,992
140,141
140,147
140,152
140,172
140,176
140,185
140,194
140,217
140,223
140,265
140,282
140,321
140,328
140,338
140,340
140,370
140,373
140,386
140,396
140,422
140,444
140,458
140,477
140,482
140,505
140,507
140,521
140,544
140,545
140,591
140,642
140,643
140,655
140,656
140,657
140,673
140,725
140,728
140,732
140,760
140,785
140,791
140,807
140,812
140,823
140,826
140,852
140,858
140,875
140,910
140,915
140,928
140,935
140,945
140,960
140,962
141,144
141,159
141,176
141,180
141,186
141,194
141,204
141,206
141,218
141,221
141,243
141,249
141,278
141,283
141,290
141,303
141,314
141,320
141,340
141,343
141,355
141,373
141,388
141,396
141,402
141,407
141,420
141,433
141,437
141,439
141,457
141,468
141,481
141,500
141,523
141,545
141,555
141,560
141,587
141,589
141,608
141,612
141,638
141,640
141,643
141,646
141,651
141,657
141,666
141,670
141,683
141,703
141,728
141,736
141,744
141,749
141,791
141,806
141,814
141,843
141,866
141,873
141,902
141,925
141,928
141,930
141,936
141,979
142,206
142,234
142,249
142,261
142,325
142,366
142,413
142,429
142,478
142,507
142,511
142,516
142,520
142,565
142,585
142,593
142,658
142,672
142,700
142,768
142,813
142,867
142,878
142,896
142,897
142,986
143,159
143,216
143,253
143,256
143,335
143,343
143,349
143,433
143,441
143,443
143,521
143,542
143,559
143,676
143,703
143,746
143,763
143,770
143,774
143,821
143,828
143,891
143,893
143,894
143,916
143,973
144,151
144,152
144,164
144,172
144,177
144,180
144,228
144,241
144,243
144,321
144,324
144,328
144,344
144,396
144,425
144,432
144,441
144,454
144,458
144,499
144,501
144,524
144,548
144,580
144,584
144,591
144,656
144,666
144,674
144,698
144,700
144,708
144,711
144,716
144,717
144,728
144,738
144,739
144,744
144,763
144,766
144,773
144,791
144,802
144,823
144,826
144,831
144,835
144,838
144,841
144,907
144,908
144,910
144,932
144,950
144,988
144,993
145,165
145,177
145,201
145,233
145,241
145,289
145,319
145,330
145,342
145,404
145,412
145,423
145,537
145,539
145,558
145,564
145,567
145,576
145,611
145,688
145,730
145,740
145,745
145,847
145,857
145,886
145,899
145,903
145,908
145,922
146,150
146,154
146,178
146,193
146,211
146,213
146,279
146,383
146,389
146,410
146,452
146,469
146,498
146,499
146,516
146,520
146,524
146,526
146,533
146,564
146,566
146,571
146,609
146,620
146,627
146,672
146,722
146,758
146,776
146,780
146,790
146,794
146,813
146,929
146,952
146,988
147,164
147,165
147,182
147,194
147,199
147,221
147,224
147,319
147,335
147,352
147,355
147,403
147,419
147,422
147,433
147,439
147,443
147,459
147,484
147,489
147,495
147,500
147,523
147,532
147,538
147,588
147,593
147,604
147,622
147,644
147,656
147,676
147,693
147,705
147,742
147,756
147,766
147,806
147,811
147,843
147,852
147,862
147,866
147,885
147,921
147,930
147,940
147,960
147,962
147,975
147,977
147,980
148,153
148,159
148,168
148,182
148,183
148,217
148,243
148,309
148,319
148,323
148,328
148,331
148,357
148,388
148,414
148,415
148,416
148,442
148,448
148,489
148,504
148,582
148,610
148,668
148,670
148,684
148,716
148,747
148,795
148,800
148,808
148,810
148,811
148,814
148,826
148,897
148,967
148,977
148,980
149,171
149,174
149,181
149,187
149,226
149,240
149,249
149,260
149,345
149,347
149,353
149,359
149,371
149,381
149,408
149,435
149,438
149,444
149,470
149,493
149,541
149,574
149,584
149,591
149,621
149,630
149,658
149,664
149,689
149,714
149,812
149,816
149,839
149,845
149,863
149,884
149,913
149,932
149,934
149,947
149,951
149,959
149,964
149,981
150,186
150,199
150,216
150,254
150,288
150,311
150,330
150,334
150,335
150,380
150,414
150,436
150,512
150,535
150,538
150,634
150,675
150,728
150,804
150,828
150,848
150,870
150,908
150,954
150,955
150,966
151,163
151,178
151,179
151,191
151,194
151,208
151,214
151,227
151,249
151,263
151,301
151,307
151,312
151,340
151,347
151,353
151,366
151,386
151,396
151,410
151,414
151,434
151,444
151,464
151,470
151,472
151,473
151,478
151,501
151,509
151,517
151,524
151,542
151,560
151,582
151,585
151,618
151,655
151,656
151,666
151,700
151,717
151,764
151,765
151,799
151,811
151,815
151,816
151,823
151,831
151,835
151,869
151,872
151,898
151,908
151,952
151,997
152,153
152,194
152,204
152,217
152,243
152,247
152,249
152,263
152,328
152,357
152,384
152,386
152,414
152,444
152,487
152,505
152,517
152,527
152,547
152,622
152,656
152,668
152,673
152,709
152,713
152,717
152,719
152,735
152,746
152,804
152,806
152,812
152,826
152,858
152,866
152,878
152,898
152,900
152,972
152,979
152,990
152,997
153,182
153,194
153,202
153,217
153,240
153,243
153,253
153,318
153,344
153,370
153,398
153,410
153,415
153,433
153,443
153,444
153,459
153,465
153,487
153,504
153,508
153,513
153,545
153,552
153,567
153,574
153,580
153,612
153,656
153,668
153,673
153,676
153,713
153,716
153,735
153,736
153,749
153,812
153,816
153,847
153,897
153,907
153,968
153,999
154,189
154,193
154,212
154,259
154,263
154,321
154,340
154,389
154,413
154,429
154,452
154,454
154,456
154,465
154,514
154,520
154,548
154,566
154,594
154,609
154,611
154,620
154,647
154,648
154,668
154,713
154,722
154,758
154,786
154,790
154,806
154,813
154,929
154,949
154,967
154,972
155,187
155,219
155,236
155,238
155,258
155,271
155,292
155,364
155,403
155,416
155,445
155,456
155,457
155,483
155,490
155,492
155,503
155,506
155,528
155,553
155,557
155,575
155,599
155,606
155,614
155,617
155,687
155,691
155,729
155,730
155,739
155,747
155,757
155,780
155,825
155,857
155,865
155,912
155,931
155,942
155,947
155,973
156,163
156,178
156,213
156,239
156,251
156,347
156,354
156,361
156,371
156,379
156,386
156,406
156,429
156,435
156,441
156,450
156,452
156,461
156,476
156,482
156,514
156,616
156,633
156,637
156,640
156,677
156,685
156,732
156,743
156,766
156,827
156,838
156,872
156,889
156,913
156,914
156,926
156,937
156,987
157,165
157,170
157,289
157,331
157,332
157,342
157,352
157,358
157,383
157,397
157,398
157,422
157,494
157,510
157,569
157,576
157,587
157,599
157,614
157,624
157,696
157,734
157,738
157,745
157,749
157,776
157,834
157,853
157,874
157,879
157,914
157,955
157,975
157,986
158,168
158,231
158,272
158,282
158,283
158,347
158,390
158,399
158,408
158,420
158,424
158,435
158,461
158,493
158,503
158,552
158,726
158,745
158,764
158,859
158,937
158,994
159,186
159,204
159,285
159,290
159,309
159,320
159,377
159,380
159,402
159,407
159,439
159,443
159,451
159,481
159,500
159,501
159,508
159,555
159,587
159,608
159,612
159,638
159,640
159,657
159,674
159,676
159,703
159,821
159,866
159,902
159,915
159,936
159,952
159,976
160,256
160,320
160,378
160,393
160,409
160,502
160,626
160,632
160,720
160,737
160,744
160,755
160,828
160,852
160,887
160,927
160,949
160,960
161,217
161,238
161,280
161,306
161,308
161,326
161,331
161,336
161,337
161,348
161,452
161,529
161,533
161,552
161,576
161,630
161,641
161,672
161,679
161,721
161,726
161,803
161,820
161,830
161,856
161,865
161,912
161,947
161,982
162,219
162,230
162,232
162,238
162,251
162,255
162,257
162,287
162,321
162,323
162,354
162,375
162,381
162,396
162,466
162,479
162,511
162,525
162,537
162,546
162,551
162,557
162,565
162,617
162,629
162,648
162,687
162,694
162,697
162,744
162,753
162,761
162,772
162,803
162,819
162,843
162,844
162,855
162,919
162,931
162,944
162,965
162,987
162,994
163,164
163,180
163,206
163,384
163,425
163,435
163,441
163,466
163,557
163,632
163,700
163,713
163,717
163,728
163,768
163,792
163,827
163,829
163,910
163,915
163,989
164,173
164,182
164,191
164,208
164,214
164,221
164,245
164,307
164,324
164,325
164,328
164,338
164,344
164,390
164,410
164,422
164,425
164,429
164,431
164,435
164,447
164,462
164,466
164,472
164,508
164,509
164,544
164,557
164,591
164,612
164,620
164,632
164,633
164,656
164,666
164,673
164,717
164,767
164,812
164,816
164,826
164,831
164,835
164,885
164,893
164,908
164,929
164,960
164,990
164,997
164,999
165,209
165,237
165,262
165,264
165,331
165,332
165,389
165,400
165,413
165,444
165,452
165,510
165,518
165,537
165,576
165,578
165,590
165,623
165,624
165,655
165,686
165,708
165,783
165,794
165,834
165,846
165,849
165,874
165,884
165,898
165,920
165,974
165,986
165,992
166,168
166,199
166,203
166,208
166,213
166,237
166,245
166,254
166,259
166,269
166,295
166,299
166,326
166,393
166,429
166,465
166,498
166,512
166,517
166,520
166,575
166,595
166,604
166,609
166,611
166,639
166,668
166,686
166,709
166,713
166,719
166,749
166,755
166,781
166,786
166,794
166,797
166,810
166,842
166,844
166,876
166,883
166,893
166,898
166,902
166,906
166,910
166,963
166,965
166,967
166,988
167,201
167,253
167,296
167,393
167,409
167,426
167,430
167,459
167,497
167,603
167,605
167,628
167,683
167,708
167,742
167,783
167,826
167,887
167,911
167,949
167,963
168,173
168,228
168,235
168,251
168,316
168,354
168,364
168,371
168,391
168,435
168,452
168,517
168,552
168,607
168,644
168,650
168,779
168,859
168,984
168,991
169,231
169,235
169,248
169,251
169,252
169,262
169,301
169,332
169,333
169,335
169,418
169,422
169,434
169,440
169,485
169,538
169,550
169,624
169,634
169,646
169,655
169,680
169,686
169,747
169,762
169,783
169,784
169,789
169,790
169,798
169,810
169,849
169,898
169,907
169,911
169,922
169,923
169,957
169,960
169,978
169,983
170,267
170,268
170,311
170,491
170,563
170,634
170,695
170,699
170,731
170,782
170,784
170,789
170,798
170,828
170,846
170,847
170,903
170,907
170,911
170,914
170,920
170,922
170,933
170,983
171,174
171,283
171,305
171,365
171,381
171,421
171,431
171,482
171,509
171,583
171,594
171,664
171,769
171,775
171,799
171,807
171,839
171,863
172,178
172,204
172,223
172,249
172,338
172,343
172,358
172,386
172,462
172,468
172,481
172,526
172,532
172,534
172,542
172,545
172,548
172,555
172,556
172,574
172,608
172,612
172,686
172,713
172,718
172,730
172,760
172,763
172,774
172,791
172,812
172,842
172,852
172,873
172,875
172,876
172,890
172,905
172,915
172,956
172,976
172,989
173,175
173,181
173,191
173,206
173,213
173,214
173,228
173,240
173,251
173,284
173,314
173,316
173,317
173,325
173,336
173,347
173,353
173,365
173,381
173,390
173,391
173,437
173,441
173,470
173,522
173,541
173,543
173,552
173,616
173,637
173,650
173,660
173,677
173,709
173,741
173,743
173,755
173,779
173,787
173,791
173,795
173,838
173,859
173,863
173,880
173,889
173,897
173,900
173,927
173,932
173,959
173,990
173,993
173,994
174,248
174,283
174,305
174,345
174,348
174,359
174,371
174,381
174,450
174,453
174,519
174,584
174,613
174,631
174,652
174,723
174,732
174,752
174,763
174,832
174,863
174,889
174,896
174,901
174,943
174,948
174,994
175,181
175,193
175,214
175,238
175,251
175,266
175,283
175,303
175,316
175,348
175,361
175,371
175,378
175,379
175,420
175,432
175,470
175,482
175,503
175,543
175,552
175,562
175,616
175,637
175,662
175,683
175,726
175,743
175,745
175,766
175,779
175,832
175,838
175,856
175,884
175,917
175,932
175,937
176,199
176,237
176,269
176,294
176,334
176,335
176,379
176,380
176,393
176,415
176,418
176,443
176,467
176,473
176,475
176,485
176,538
176,595
176,605
176,644
176,646
176,675
176,676
176,828
176,848
176,911
176,927
176,954
176,960
176,962
177,205
177,207
177,212
177,246
177,331
177,332
177,339
177,352
177,362
177,397
177,413
177,414
177,437
177,456
177,469
177,489
177,494
177,510
177,518
177,522
177,550
177,566
177,597
177,598
177,625
177,627
177,636
177,639
177,672
177,686
177,701
177,702
177,725
177,734
177,749
177,783
177,794
177,829
177,836
177,842
177,853
177,874
177,881
177,886
177,887
177,927
178,187
178,191
178,206
178,280
178,287
178,325
178,326
178,389
178,396
178,399
178,406
178,419
178,425
178,441
178,446
178,452
178,454
178,476
178,477
178,483
178,495
178,504
178,532
178,580
178,591
178,609
178,664
178,669
178,717
178,721
178,743
178,750
178,778
178,787
178,795
178,797
178,805
178,809
178,823
178,827
178,831
178,832
178,847
178,896
178,900
178,925
178,934
178,974
179,189
179,207
179,228
179,280
179,300
179,476
179,499
179,515
179,529
179,585
179,645
179,727
179,743
179,745
179,764
179,766
179,779
179,793
179,818
179,845
179,863
179,914
179,947
179,970
179,994
180,191
180,263
180,276
180,324
180,325
180,348
180,386
180,444
180,452
180,455
180,466
180,505
180,544
180,554
180,573
180,582
180,608
180,656
180,796
180,805
180,858
180,873
180,988
181,202
181,206
181,208
181,212
181,218
181,226
181,228
181,251
181,305
181,316
181,328
181,352
181,361
181,371
181,384
181,391
181,399
181,406
181,412
181,431
181,438
181,450
181,454
181,470
181,476
181,552
181,554
181,594
181,616
181,619
181,721
181,745
181,771
181,779
181,793
181,795
181,799
181,823
181,830
181,838
181,839
181,856
181,858
181,859
181,882
181,932
181,937
181,954
181,959
181,972
181,979
181,985
181,993
181,994
182,194
182,202
182,217
182,227
182,231
182,240
182,242
182,243
182,253
182,309
182,321
182,356
182,373
182,396
182,437
182,451
182,468
182,505
182,508
182,531
182,547
182,602
182,604
182,610
182,612
182,659
182,670
182,674
182,723
182,736
182,760
182,781
182,785
182,814
182,818
182,892
182,902
182,941
182,962
182,977
182,980
183,207
183,293
183,339
183,358
183,383
183,437
183,490
183,539
183,564
183,566
183,569
183,578
183,590
183,597
183,598
183,616
183,702
183,710
183,842
183,846
183,847
183,969
184,196
184,226
184,265
184,317
184,372
184,381
184,438
184,465
184,482
184,552
184,598
184,610
184,621
184,638
184,652
184,658
184,664
184,698
184,701
184,765
184,832
184,841
184,855
184,884
184,901
184,938
184,943
184,981
185,230
185,303
185,304
185,330
185,346
185,382
185,395
185,445
185,449
185,506
185,553
185,583
185,589
185,629
185,643
185,697
185,706
185,761
185,793
185,819
185,830
185,987
186,231
186,278
186,290
186,349
186,373
186,433
186,439
186,496
186,500
186,542
186,555
186,587
186,612
186,634
186,638
186,659
186,670
186,712
186,713
186,723
186,814
186,820
186,821
186,866
186,916
186,936
186,948
186,979
186,989
187,214
187,239
187,251
187,272
187,305
187,361
187,386
187,395
187,396
187,406
187,441
187,450
187,462
187,476
187,541
187,552
187,592
187,613
187,618
187,685
187,760
187,827
187,841
187,863
187,882
187,889
187,910
187,915
187,933
187,943
187,985
188,197
188,227
188,373
188,402
188,542
188,703
188,763
188,770
188,819
188,821
188,916
188,930
188,936
189,207
189,228
189,238
189,267
189,300
189,321
189,325
189,328
189,337
189,366
189,399
189,429
189,432
189,446
189,452
189,454
189,529
189,533
189,552
189,562
189,579
189,645
189,665
189,685
189,719
189,721
189,727
189,743
189,752
189,761
189,766
189,805
189,823
189,827
189,845
189,859
189,872
189,880
189,900
189,906
189,910
189,916
189,970
189,997
190,197
190,237
190,256
190,269
190,309
190,327
190,335
190,357
190,358
190,364
190,367
190,378
190,409
190,416
190,419
190,444
190,451
190,473
190,495
190,496
190,501
190,514
190,531
190,582
190,615
190,644
190,663
190,676
190,683
190,693
190,695
190,716
190,723
190,744
190,754
190,784
190,791
190,823
190,877
190,888
190,893
190,917
190,951
190,958
190,969
191,251
191,272
191,276
191,280
191,322
191,325
191,447
191,448
191,499
191,516
191,524
191,643
191,700
191,787
191,799
191,823
191,911
191,993
192,205
192,221
192,222
192,224
192,227
192,231
192,247
192,273
192,359
192,388
192,402
192,442
192,489
192,505
192,523
192,568
192,651
192,674
192,703
192,719
192,746
192,759
192,763
192,788
192,828
192,840
192,843
192,891
192,895
192,916
192,930
192,934
192,975
193,213
193,251
193,259
193,335
193,341
193,354
193,388
193,389
193,400
193,412
193,414
193,429
193,437
193,465
193,471
193,486
193,499
193,507
193,512
193,514
193,522
193,526
193,584
193,589
193,601
193,609
193,620
193,668
193,669
193,750
193,758
193,786
193,790
193,812
193,874
193,893
193,900
193,906
193,991
194,198
194,199
194,202
194,208
194,214
194,243
194,261
194,297
194,309
194,320
194,326
194,355
194,357
194,370
194,396
194,419
194,451
194,487
194,526
194,542
194,544
194,554
194,644
194,670
194,673
194,716
194,723
194,735
194,808
194,814
194,816
194,902
194,909
194,913
194,918
194,925
194,936
194,996
195,237
195,254
195,267
195,270
195,277
195,299
195,395
195,405
195,479
195,526
195,530
195,532
195,539
195,550
195,561
195,578
195,601
195,611
195,615
195,626
195,628
195,643
195,655
195,662
195,674
195,686
195,705
195,710
195,729
195,747
195,783
195,794
195,834
195,907
195,918
195,969
195,986
196,220
196,226
196,321
196,329
196,455
196,462
196,499
196,516
196,556
196,631
196,678
196,732
196,756
196,760
196,773
196,791
196,812
196,833
196,862
196,876
196,882
196,906
196,929
196,955
196,999
197,215
197,222
197,256
197,269
197,286
197,321
197,428
197,442
197,444
197,489
197,508
197,567
197,612
197,644
197,676
197,683
197,736
197,744
197,773
197,778
197,897
197,954
197,980
198,227
198,314
198,356
198,367
198,444
198,466
198,481
198,487
198,489
198,505
198,508
198,516
198,547
198,632
198,723
198,736
198,831
198,883
198,928
198,945
198,962
199,298
199,335
199,380
199,393
199,444
199,473
199,485
199,497
199,512
199,538
199,566
199,588
199,594
199,595
199,602
199,605
199,622
199,628
199,675
199,676
199,724
199,843
199,848
199,885
199,911
199,927
199,946
199,954
199,960
200,226
200,239
200,369
200,378
200,379
200,389
200,411
200,441
200,446
200,447
200,452
200,482
200,556
200,775
200,799
200,823
200,889
200,904
200,926
200,997
201,256
201,360
201,378
201,393
201,468
201,485
201,497
201,502
201,595
201,676
201,771
201,911
201,918
201,963
202,237
202,243
202,253
202,335
202,356
202,439
202,458
202,501
202,508
202,535
202,547
202,556
202,643
202,657
202,670
202,704
202,709
202,736
202,791
202,807
202,808
202,812
202,814
202,837
202,928
202,962
202,983
203,207
203,212
203,225
203,233
203,308
203,315
203,318
203,328
203,330
203,336
203,339
203,341
203,346
203,352
203,389
203,391
203,412
203,429
203,437
203,456
203,471
203,488
203,514
203,526
203,548
203,549
203,557
203,562
203,620
203,623
203,672
203,679
203,691
203,696
203,706
203,740
203,750
203,758
203,780
203,786
203,801
203,802
203,847
203,872
203,898
203,905
203,929
203,982
204,208
204,214
204,231
204,273
204,278
204,320
204,329
204,344
204,367
204,377
204,407
204,439
204,455
204,458
204,462
204,481
204,522
204,534
204,544
204,555
204,560
204,574
204,666
204,669
204,704
204,760
204,777
204,791
204,837
204,840
204,917
204,936
204,945
204,976
205,224
205,231
205,233
205,247
205,319
205,334
205,343
205,350
205,355
205,388
205,401
205,418
205,500
205,514
205,532
205,538
205,545
205,604
205,651
205,759
205,763
205,788
205,798
205,813
205,828
205,840
205,851
205,895
205,897
205,940
205,975
205,978
205,979
206,304
206,316
206,358
206,371
206,390
206,391
206,406
206,421
206,435
206,465
206,470
206,487
206,503
206,519
206,520
206,552
206,576
206,594
206,595
206,637
206,650
206,712
206,743
206,745
206,756
206,764
206,776
206,793
206,795
206,799
206,816
206,835
206,838
206,844
206,859
206,945
206,949
206,959
206,962
206,985
206,993
207,213
207,225
207,233
207,236
207,241
207,246
207,252
207,257
207,258
207,271
207,288
207,293
207,302
207,306
207,311
207,328
207,330
207,332
207,339
207,340
207,342
207,351
207,358
207,403
207,404
207,405
207,412
207,429
207,437
207,456
207,465
207,468
207,473
207,474
207,484
207,494
207,514
207,516
207,520
207,528
207,549
207,551
207,553
207,557
207,561
207,566
207,570
207,572
207,589
207,598
207,600
207,606
207,615
207,623
207,625
207,630
207,667
207,679
207,681
207,696
207,703
207,716
207,717
207,725
207,729
207,739
207,741
207,750
207,758
207,766
207,786
207,794
207,798
207,801
207,803
207,818
207,825
207,837
207,849
207,859
207,865
207,880
207,931
207,967
207,990
207,991
207,992
207,996
208,210
208,217
208,243
208,246
208,316
208,324
208,325
208,328
208,335
208,355
208,384
208,385
208,410
208,421
208,444
208,446
208,455
208,466
208,505
208,530
208,531
208,568
208,573
208,669
208,683
208,692
208,711
208,713
208,716
208,752
208,816
208,826
208,835
208,858
208,893
208,902
208,935
208,953
208,956
209,231
209,271
209,331
209,467
209,468
209,620
209,626
209,628
209,647
209,870
209,887
209,911
209,912
209,914
209,933
209,946
209,949
209,963
210,217
210,230
210,239
210,243
210,278
210,297
210,327
210,328
210,356
210,386
210,410
210,433
210,444
210,500
210,505
210,508
210,547
210,631
210,638
210,640
210,657
210,670
210,673
210,736
210,755
210,785
210,799
210,851
210,873
210,875
210,902
210,915
210,928
210,979
210,980
211,216
211,237
211,252
211,258
211,264
211,291
211,311
211,362
211,364
211,405
211,463
211,497
211,581
211,607
211,615
211,619
211,628
211,647
211,686
211,703
211,742
211,763
211,810
211,834
211,864
211,911
211,914
211,978
211,986
212,225
212,241
212,252
212,255
212,291
212,311
212,321
212,325
212,354
212,358
212,369
212,389
212,404
212,406
212,413
212,418
212,429
212,437
212,450
212,456
212,465
212,474
212,488
212,498
212,499
212,509
212,514
212,517
212,520
212,548
212,549
212,557
212,566
212,598
212,600
212,602
212,609
212,617
212,620
212,649
212,665
212,672
212,696
212,750
212,754
212,757
212,764
212,779
212,780
212,783
212,786
212,790
212,868
212,883
212,911
212,929
212,955
212,962
212,969
212,991
213,214
213,234
213,241
213,249
213,254
213,274
213,279
213,335
213,358
213,378
213,429
213,464
213,469
213,479
213,514
213,517
213,520
213,527
213,549
213,605
213,609
213,620
213,626
213,627
213,668
213,694
213,696
213,713
213,715
213,726
213,729
213,742
213,758
213,766
213,769
213,784
213,790
213,801
213,813
213,830
213,867
213,868
213,871
213,880
213,883
213,900
213,904
213,908
213,929
213,946
213,950
213,962
213,990
214,225
214,234
214,237
214,245
214,249
214,254
214,274
214,275
214,279
214,303
214,325
214,328
214,340
214,361
214,370
214,382
214,406
214,444
214,446
214,452
214,454
214,464
214,466
214,472
214,473
214,499
214,520
214,526
214,530
214,535
214,541
214,551
214,580
214,594
214,630
214,660
214,676
214,685
214,706
214,713
214,717
214,751
214,769
214,790
214,805
214,807
214,812
214,818
214,831
214,838
214,842
214,861
214,869
214,880
214,893
214,900
214,918
214,932
214,941
214,988
214,994
214,997
215,355
215,442
215,444
215,468
215,531
215,536
215,602
215,612
215,622
215,644
215,676
215,683
215,742
215,843
215,954
216,248
216,295
216,301
216,311
216,332
216,340
216,362
216,394
216,416
216,418
216,422
216,426
216,436
216,463
216,467
216,548
216,607
216,634
216,647
216,686
216,693
216,705
216,710
216,737
216,748
216,798
216,810
216,824
216,874
216,879
216,883
216,888
216,897
216,898
216,899
216,903
216,922
216,939
216,953
216,957
216,985
217,233
217,242
217,243
217,245
217,373
217,384
217,415
217,426
217,433
217,442
217,443
217,487
217,504
217,527
217,581
217,585
217,602
217,604
217,613
217,673
217,685
217,702
217,705
217,713
217,716
217,735
217,760
217,781
217,809
217,814
217,816
217,835
217,858
217,908
217,915
217,941
217,951
217,975
217,996
218,251
218,253
218,265
218,324
218,328
218,353
218,365
218,372
218,396
218,421
218,431
218,450
218,452
218,453
218,460
218,462
218,493
218,499
218,501
218,513
218,517
218,556
218,559
218,585
218,586
218,594
218,612
218,618
218,621
218,632
218,635
218,642
218,666
218,678
218,689
218,714
218,719
218,732
218,733
218,756
218,791
218,802
218,809
218,815
218,831
218,832
218,838
218,839
218,890
218,909
218,925
218,934
218,938
218,943
218,956
219,241
219,246
219,255
219,291
219,302
219,312
219,346
219,364
219,437
219,449
219,457
219,467
219,488
219,572
219,599
219,614
219,662
219,729
219,780
219,815
219,820
219,865
219,868
219,950
219,966
219,987
220,314
220,349
220,444
220,455
220,545
220,594
220,733
220,773
220,792
220,806
220,807
220,829
220,852
220,876
220,945
221,222
221,224
221,277
221,294
221,297
221,307
221,319
221,320
221,350
221,355
221,432
221,443
221,475
221,489
221,496
221,509
221,532
221,555
221,582
221,587
221,593
221,595
221,608
221,622
221,643
221,649
221,657
221,674
221,705
221,759
221,814
221,843
221,862
221,891
221,902
221,908
221,915
221,930
221,940
221,960
221,979
222,239
222,355
222,359
222,442
222,484
222,563
222,644
222,759
222,763
222,811
222,821
222,843
222,940
222,941
222,962
222,975
222,980
223,285
223,290
223,292
223,455
223,462
223,467
223,549
223,582
223,610
223,656
223,678
223,718
223,733
223,807
223,815
223,875
223,876
223,933
223,934
224,227
224,236
224,247
224,262
224,267
224,312
224,388
224,489
224,500
224,532
224,568
224,619
224,651
224,657
224,659
224,746
224,759
224,763
224,788
224,802
224,816
224,828
224,840
224,894
224,895
224,914
224,916
224,936
224,941
224,975
225,228
225,233
225,254
225,259
225,281
225,293
225,312
225,332
225,339
225,351
225,358
225,412
225,430
225,437
225,452
225,456
225,465
225,492
225,494
225,514
225,542
225,576
225,598
225,618
225,620
225,623
225,628
225,696
225,725
225,729
225,731
225,750
225,783
225,786
225,797
225,823
225,865
225,874
225,906
225,992
226,240
226,244
226,256
226,260
226,266
226,282
226,283
226,348
226,359
226,361
226,381
226,392
226,401
226,431
226,438
226,441
226,450
226,453
226,460
226,482
226,584
226,594
226,616
226,620
226,621
226,642
226,652
226,658
226,664
226,698
226,701
226,714
226,745
226,765
226,787
226,823
226,884
226,889
226,901
226,924
226,948
226,964
226,972
226,974
226,983
227,278
227,290
227,297
227,302
227,320
227,321
227,343
227,349
227,353
227,373
227,391
227,402
227,406
227,433
227,443
227,451
227,487
227,520
227,521
227,524
227,542
227,545
227,555
227,587
227,612
227,638
227,640
227,643
227,651
227,655
227,659
227,669
227,676
227,703
227,712
227,770
227,777
227,848
227,893
227,913
227,916
227,936
227,940
227,960
227,962
227,979
227,989
228,232
228,251
228,280
228,288
228,303
228,365
228,396
228,399
228,420
228,424
228,453
228,503
228,515
228,516
228,529
228,552
228,562
228,574
228,616
228,630
228,641
228,650
228,721
228,743
228,745
228,764
228,766
228,793
228,818
228,823
228,838
228,844
228,855
228,859
228,869
228,906
228,912
228,913
228,914
228,920
228,925
228,945
228,970
228,990
228,999
229,343
229,402
229,448
229,458
229,496
229,542
229,607
229,651
229,746
229,806
229,826
229,828
229,840
229,843
229,891
229,895
229,902
229,938
229,975
230,232
230,255
230,287
230,303
230,306
230,317
230,323
230,336
230,354
230,357
230,374
230,375
230,427
230,432
230,449
230,467
230,530
230,544
230,546
230,565
230,589
230,617
230,629
230,630
230,687
230,697
230,753
230,771
230,778
230,803
230,819
230,820
230,830
230,855
230,931
230,950
230,987
231,247
231,255
231,297
231,349
231,367
231,388
231,433
231,443
231,489
231,542
231,568
231,612
231,614
231,651
231,718
231,746
231,759
231,763
231,788
231,806
231,813
231,821
231,837
231,840
231,864
231,895
231,941
232,241
232,287
232,302
232,317
232,323
232,336
232,364
232,382
232,423
232,434
232,435
232,488
232,492
232,506
232,530
232,540
232,551
232,553
232,565
232,614
232,627
232,629
232,682
232,694
232,739
232,753
232,757
232,793
232,803
232,817
232,820
232,855
232,919
232,950
232,965
232,984
233,241
233,248
233,254
233,259
233,281
233,312
233,330
233,339
233,360
233,364
233,412
233,430
233,437
233,442
233,474
233,490
233,549
233,557
233,581
233,603
233,609
233,623
233,625
233,668
233,690
233,709
233,725
233,750
233,769
233,786
233,865
233,881
233,893
233,906
233,929
233,963
233,986
233,992
234,238
234,249
234,274
234,306
234,357
234,370
234,429
234,430
234,447
234,465
234,472
234,499
234,504
234,514
234,517
234,520
234,524
234,532
234,552
234,579
234,602
234,627
234,672
234,714
234,726
234,744
234,769
234,805
234,816
234,819
234,906
235,252
235,264
235,296
235,333
235,418
235,422
235,467
235,468
235,497
235,557
235,563
235,596
235,598
235,603
235,634
235,636
235,646
235,676
235,679
235,681
235,688
235,762
235,798
235,810
235,816
235,879
235,907
235,953
235,954
235,978
235,983
235,990
235,996
236,241
236,254
236,271
236,287
236,291
236,302
236,308
236,317
236,342
236,354
236,364
236,401
236,403
236,417
236,427
236,432
236,434
236,457
236,492
236,510
236,553
236,557
236,565
236,576
236,589
236,606
236,629
236,630
236,652
236,687
236,691
236,694
236,730
236,739
236,757
236,774
236,790
236,813
236,817
236,820
236,822
236,825
236,847
236,855
236,865
236,899
236,904
236,931
236,965
236,973
237,268
237,295
237,299
237,331
237,333
237,341
237,358
237,426
237,436
237,443
237,460
237,463
237,468
237,487
237,494
237,497
237,526
237,532
237,576
237,594
237,598
237,601
237,603
237,615
237,676
237,686
237,695
237,705
237,797
237,810
237,811
237,837
237,842
237,865
237,887
237,893
237,898
237,914
237,934
237,944
237,947
237,949
237,966
237,967
237,999
238,272
238,274
238,280
238,312
238,337
238,355
238,361
238,366
238,369
238,372
238,391
238,399
238,454
238,478
238,536
238,562
238,579
238,621
238,623
238,630
238,713
238,721
238,724
238,727
238,745
238,766
238,793
238,818
238,845
238,872
238,878
238,880
238,900
238,914
238,990
239,253
239,265
239,275
239,315
239,347
239,365
239,371
239,379
239,401
239,433
239,441
239,446
239,452
239,461
239,476
239,513
239,519
239,522
239,592
239,595
239,620
239,637
239,669
239,712
239,714
239,717
239,743
239,754
239,816
239,823
239,838
239,882
239,896
239,913
239,925
239,926
239,928
239,937
239,948
240,244
240,252
240,260
240,282
240,345
240,359
240,361
240,381
240,408
240,431
240,553
240,584
240,594
240,652
240,658
240,664
240,693
240,698
240,765
240,815
240,833
240,839
240,861
240,884
240,917
240,943
240,964
240,981
240,992
241,245
241,246
241,258
241,266
241,281
241,287
241,322
241,325
241,332
241,339
241,342
241,351
241,354
241,364
241,369
241,398
241,412
241,437
241,448
241,451
241,457
241,474
241,490
241,510
241,528
241,536
241,537
241,540
241,549
241,557
241,570
241,599
241,600
241,614
241,617
241,647
241,661
241,682
241,696
241,729
241,750
241,757
241,758
241,767
241,780
241,825
241,844
241,849
241,861
241,862
241,865
241,877
241,924
241,944
241,965
241,977
241,987
241,990
241,992
242,278
242,290
242,320
242,373
242,433
242,458
242,477
242,542
242,555
242,560
242,587
242,727
242,752
242,777
242,829
242,936
242,938
242,969
243,245
243,247
243,299
243,317
243,355
243,356
243,371
243,378
243,384
243,401
243,429
243,443
243,468
243,487
243,498
243,504
243,505
243,534
243,560
243,573
243,604
243,614
243,616
243,644
243,656
243,676
243,708
243,716
243,735
243,744
243,750
243,784
243,802
243,811
243,812
243,814
243,851
243,873
243,891
243,908
243,915
243,925
243,989
244,249
244,260
244,261
244,265
244,283
244,348
244,353
244,371
244,372
244,384
244,421
244,450
244,477
244,505
244,559
244,594
244,605
244,615
244,616
244,618
244,621
244,664
244,669
244,712
244,764
244,765
244,809
244,839
244,841
244,861
244,896
244,909
244,913
244,925
244,943
244,945
244,948
244,981
245,263
245,273
245,321
245,340
245,368
245,389
245,459
245,464
245,479
245,498
245,527
245,582
245,611
245,644
245,649
245,663
245,668
245,672
245,692
245,709
245,711
245,712
245,713
245,716
245,721
245,738
245,771
245,786
245,790
245,812
245,842
245,869
245,893
245,906
245,914
245,956
245,967
245,994
246,271
246,300
246,302
246,306
246,336
246,337
246,346
246,354
246,396
246,423
246,457
246,488
246,520
246,536
246,576
246,606
246,609
246,617
246,618
246,675
246,696
246,726
246,801
246,818
246,868
246,877
246,878
246,879
246,952
246,970
247,277
247,319
247,350
247,355
247,433
247,532
247,560
247,588
247,646
247,714
247,737
247,742
247,746
247,759
247,763
247,775
247,778
247,811
247,843
247,862
247,869
247,891
247,909
247,940
247,941
247,975
247,977
247,979
247,981
248,254
248,258
248,262
248,267
248,268
248,301
248,331
248,340
248,383
248,412
248,418
248,422
248,440
248,488
248,490
248,497
248,499
248,510
248,518
248,582
248,647
248,655
248,659
248,671
248,686
248,688
248,690
248,705
248,740
248,794
248,798
248,847
248,874
248,879
248,886
248,903
248,907
248,920
248,933
248,961
248,972
248,978
248,996
249,263
249,271
249,274
249,279
249,300
249,308
249,321
249,328
249,429
249,454
249,464
249,469
249,517
249,565
249,575
249,579
249,609
249,620
249,684
249,696
249,713
249,721
249,750
249,769
249,816
249,823
249,859
249,880
249,908
249,912
249,953
250,294
250,313
250,321
250,326
250,368
250,415
250,450
250,451
250,462
250,604
250,647
250,663
250,670
250,722
250,735
250,738
250,797
250,829
250,867
250,871
250,893
250,897
250,957
250,998
251,261
251,272
251,282
251,369
251,371
251,381
251,390
251,391
251,406
251,431
251,432
251,444
251,459
251,470
251,478
251,503
251,520
251,552
251,562
251,583
251,616
251,650
251,665
251,690
251,701
251,712
251,713
251,779
251,780
251,795
251,825
251,833
251,838
251,845
251,859
251,932
251,937
251,947
251,959
251,985
251,990
251,993
252,258
252,264
252,301
252,333
252,334
252,374
252,378
252,394
252,418
252,422
252,436
252,465
252,467
252,475
252,480
252,544
252,596
252,619
252,646
252,647
252,672
252,740
252,747
252,748
252,780
252,784
252,789
252,798
252,831
252,837
252,883
252,914
252,933
252,939
252,953
252,960
252,966
252,978
252,983
252,996
253,276
253,285
253,307
253,361
253,385
253,386
253,420
253,442
253,446
253,450
253,460
253,462
253,511
253,517
253,556
253,574
253,621
253,633
253,656
253,666
253,670
253,714
253,719
253,760
253,792
253,802
253,821
253,832
253,837
253,842
253,866
253,876
253,904
253,909
253,910
253,915
253,917
253,928
253,953
253,968
253,999
254,268
254,291
254,299
254,312
254,317
254,332
254,342
254,360
254,430
254,557
254,558
254,561
254,566
254,569
254,571
254,611
254,620
254,686
254,702
254,705
254,709
254,734
254,750
254,755
254,776
254,823
254,834
254,857
254,864
254,881
254,888
254,961
254,987
254,991
255,257
255,271
255,287
255,323
255,346
255,370
255,375
255,483
255,488
255,506
255,565
255,661
255,676
255,694
255,712
255,723
255,753
255,790
255,803
255,836
255,844
255,904
255,919
255,947
255,948
255,950
255,965
255,973
255,984
256,327
256,378
256,386
256,393
256,408
256,416
256,419
256,426
256,462
256,473
256,475
256,484
256,512
256,526
256,532
256,535
256,542
256,578
256,581
256,602
256,605
256,683
256,693
256,722
256,737
256,744
256,771
256,867
256,908
256,911
256,955
256,962
257,302
257,308
257,317
257,360
257,375
257,391
257,395
257,404
257,406
257,483
257,492
257,506
257,511
257,525
257,528
257,530
257,543
257,546
257,551
257,553
257,565
257,614
257,690
257,697
257,730
257,741
257,761
257,772
257,789
257,793
257,803
257,830
257,834
257,849
257,912
257,942
257,947
258,275
258,281
258,293
258,310
258,317
258,322
258,339
258,354
258,396
258,398
258,445
258,474
258,478
258,490
258,528
258,553
258,558
258,561
258,570
258,572
258,597
258,599
258,600
258,621
258,623
258,672
258,690
258,739
258,749
258,803
258,849
258,853
258,859
258,865
258,877
258,885
258,896
258,973
258,991
259,312
259,358
259,385
259,412
259,430
259,456
259,459
259,498
259,516
259,548
259,562
259,566
259,569
259,590
259,625
259,706
259,749
259,750
259,786
259,947
260,345
260,359
260,408
260,431
260,438
260,541
260,560
260,583
260,584
260,594
260,617
260,628
260,638
260,663
260,676
260,677
260,689
260,698
260,718
260,809
260,863
260,884
260,905
260,924
260,964
260,981
260,990
261,285
261,298
261,353
261,359
261,363
261,374
261,392
261,431
261,432
261,453
261,454
261,513
261,556
261,594
261,618
261,621
261,642
261,653
261,701
261,714
261,717
261,732
261,756
261,773
261,809
261,812
261,815
261,826
261,861
261,890
261,896
261,925
261,943
261,988
262,264
262,267
262,268
262,271
262,293
262,311
262,336
262,339
262,419
262,440
262,441
262,463
262,488
262,510
262,513
262,548
262,550
262,579
262,600
262,611
262,619
262,624
262,668
262,713
262,731
262,747
262,749
262,789
262,790
262,794
262,798
262,805
262,824
262,834
262,846
262,865
262,874
262,879
262,880
262,885
262,886
262,898
262,903
262,931
262,933
262,963
262,971
262,986
263,265
263,285
263,292
263,320
263,324
263,328
263,338
263,343
263,356
263,386
263,410
263,433
263,444
263,463
263,505
263,544
263,545
263,574
263,609
263,640
263,650
263,656
263,713
263,774
263,777
263,807
263,812
263,816
263,829
263,835
263,852
263,858
263,869
263,875
263,906
263,915
264,301
264,333
264,360
264,376
264,387
264,422
264,475
264,505
264,522
264,595
264,596
264,615
264,636
264,646
264,647
264,680
264,702
264,724
264,748
264,762
264,774
264,784
264,789
264,798
264,879
264,922
264,923
264,953
264,963
264,978
264,983
265,283
265,353
265,363
265,364
265,375
265,399
265,411
265,441
265,493
265,543
265,556
265,635
265,642
265,656
265,672
265,714
265,719
265,732
265,756
265,765
265,833
265,852
265,890
265,925
265,930
265,934
265,938
265,968
266,277
266,293
266,347
266,371
266,382
266,390
266,391
266,406
266,435
266,519
266,532
266,534
266,545
266,583
266,613
266,637
266,666
266,668
266,689
266,693
266,712
266,717
266,730
266,779
266,827
266,878
266,896
266,901
266,903
266,924
266,937
266,949
266,968
266,993
267,268
267,309
267,310
267,311
267,316
267,347
267,376
267,408
267,440
267,449
267,463
267,491
267,497
267,518
267,563
267,581
267,642
267,655
267,693
267,696
267,731
267,740
267,747
267,762
267,770
267,794
267,834
267,846
267,847
267,879
267,899
267,903
267,915
267,920
267,922
267,933
267,953
267,957
267,961
267,969
267,972
267,996
268,286
268,312
268,339
268,376
268,418
268,419
268,440
268,526
268,539
268,563
268,573
268,666
268,681
268,686
268,740
268,747
268,750
268,784
268,794
268,833
268,847
268,879
268,903
268,909
268,920
268,922
268,933
268,971
269,273
269,279
269,294
269,319
269,335
269,358
269,367
269,414
269,442
269,459
269,468
269,475
269,512
269,526
269,545
269,588
269,604
269,644
269,693
269,705
269,706
269,735
269,740
269,744
269,823
269,837
269,871
269,903
269,918
269,951
270,405
270,413
270,443
270,446
270,463
270,468
270,510
270,581
270,615
270,621
270,623
270,695
270,696
270,702
270,705
270,709
270,710
270,776
270,786
270,800
270,886
270,906
270,914
271,285
271,302
271,332
271,336
271,361
271,364
271,371
271,390
271,403
271,404
271,423
271,429
271,434
271,441
271,445
271,457
271,465
271,488
271,492
271,501
271,515
271,533
271,540
271,548
271,605
271,606
271,630
271,672
271,681
271,682
271,687
271,690
271,725
271,729
271,734
271,739
271,749
271,750
271,766
271,772
271,780
271,803
271,823
271,830
271,834
271,865
271,903
271,912
271,926
271,941
271,972
271,992
272,294
272,314
272,328
272,365
272,372
272,384
272,438
272,461
272,499
272,541
272,544
272,600
272,621
272,631
272,637
272,691
272,707
272,799
272,882
272,889
272,896
272,913
272,923
272,926
273,294
273,308
273,318
273,367
273,414
273,415
273,419
273,442
273,443
273,444
273,469
273,512
273,547
273,566
273,604
273,615
273,616
273,640
273,675
273,676
273,713
273,738
273,786
273,807
273,842
273,887
273,893
273,897
273,981
273,985
274,325
274,358
274,389
274,429
274,430
274,469
274,488
274,498
274,520
274,548
274,553
274,585
274,609
274,611
274,627
274,672
274,751
274,768
274,865
274,878
274,896
274,900
274,929
274,946
274,974
274,986
275,317
275,339
275,354
275,360
275,366
275,412
275,553
275,572
275,589
275,599
275,600
275,630
275,690
275,692
275,739
275,750
275,757
275,774
275,794
275,800
275,822
275,849
275,853
275,857
275,931
275,972
276,283
276,307
276,372
276,385
276,454
276,462
276,477
276,505
276,542
276,627
276,666
276,669
276,719
276,732
276,873
276,909
276,916
276,923
276,999
277,328
277,335
277,384
277,444
277,448
277,517
277,522
277,526
277,548
277,582
277,593
277,633
277,676
277,684
277,713
277,796
277,829
277,831
277,998
278,290
278,298
278,308
278,320
278,349
278,373
278,377
278,388
278,407
278,433
278,516
278,521
278,532
278,534
278,542
278,545
278,555
278,560
278,573
278,612
278,638
278,674
278,691
278,716
278,759
278,777
278,791
278,875
278,896
278,901
278,902
278,936
278,960
278,976
278,989
279,336
279,429
279,448
279,472
279,517
279,706
279,758
279,813
280,300
280,301
280,303
280,305
280,306
280,337
280,344
280,366
280,404
280,430
280,454
280,474
280,488
280,524
280,529
280,533
280,562
280,579
280,585
280,609
280,645
280,679
280,687
280,689
280,721
280,726
280,741
280,745
280,758
280,764
280,774
280,780
280,845
280,856
280,859
280,868
280,872
280,893
280,912
280,918
280,931
280,947
280,950
280,952
280,967
280,970
280,990
281,310
281,322
281,339
281,352
281,387
281,393
281,417
281,457
281,474
281,526
281,528
281,558
281,561
281,565
281,570
281,576
281,600
281,690
281,714
281,727
281,729
281,739
281,750
281,774
281,787
281,822
281,849
281,857
281,972
282,305
282,347
282,365
282,371
282,390
282,435
282,448
282,462
282,480
282,495
282,516
282,519
282,584
282,660
282,689
282,776
282,795
282,808
282,839
282,875
282,883
282,896
282,913
282,924
282,926
282,948
282,993
283,305
283,339
283,348
283,356
283,371
283,381
283,411
283,447
283,450
283,488
283,520
283,546
283,579
283,584
283,650
283,666
283,739
283,756
283,787
283,799
283,830
283,839
283,841
283,882
283,884
283,889
283,890
283,913
283,926
283,964
283,981
283,985
284,305
284,316
284,347
284,391
284,470
284,519
284,592
284,616
284,650
284,656
284,677
284,795
284,937
284,993
285,292
285,311
285,324
285,328
285,329
285,371
285,379
285,385
285,388
285,392
285,396
285,406
285,439
285,451
285,466
285,477
285,501
285,534
285,542
285,554
285,556
285,559
285,574
285,604
285,676
285,712
285,713
285,718
285,719
285,760
285,792
285,807
285,815
285,816
285,839
285,852
285,876
285,905
285,917
285,936
285,945
285,956
285,982
285,999
286,418
286,422
286,596
286,686
286,688
286,699
286,740
286,784
286,794
286,847
286,879
286,903
286,920
286,933
287,301
287,304
287,308
287,323
287,375
287,382
287,401
287,453
287,483
287,506
287,511
287,525
287,565
287,614
287,648
287,654
287,697
287,720
287,741
287,743
287,761
287,772
287,803
287,819
287,844
287,855
287,889
287,919
287,942
287,950
287,965
287,987
288,295
288,296
288,327
288,342
288,358
288,374
288,376
288,378
288,436
288,467
288,475
288,480
288,497
288,523
288,561
288,577
288,603
288,607
288,646
288,647
288,686
288,695
288,748
288,755
288,771
288,824
288,850
288,863
288,885
288,911
288,939
288,949
288,954
288,963
288,976
289,293
289,311
289,317
289,342
289,360
289,440
289,474
289,537
289,548
289,561
289,576
289,578
289,598
289,611
289,615
289,624
289,628
289,648
289,681
289,692
289,701
289,739
289,767
289,783
289,834
289,854
289,886
289,936
289,952
289,954
289,961
289,972
290,320
290,373
290,473
290,481
290,500
290,555
290,574
290,608
290,638
290,670
290,674
290,763
290,777
290,778
290,791
290,814
290,821
290,862
290,936
291,303
291,339
291,351
291,375
291,403
291,424
291,427
291,434
291,483
291,530
291,548
291,682
291,690
291,694
291,708
291,725
291,730
291,739
291,741
291,757
291,822
291,826
291,857
291,874
291,919
291,931
291,973
292,314
292,328
292,329
292,372
292,431
292,439
292,450
292,455
292,462
292,493
292,545
292,546
292,554
292,556
292,559
292,586
292,621
292,635
292,656
292,678
292,712
292,733
292,773
292,791
292,792
292,799
292,802
292,809
292,815
292,837
292,905
292,917
292,924
292,925
292,934
292,938
292,945
293,312
293,317
293,322
293,324
293,332
293,342
293,352
293,398
293,437
293,465
293,468
293,471
293,474
293,490
293,529
293,557
293,561
293,564
293,572
293,576
293,589
293,597
293,607
293,611
293,619
293,623
293,667
293,693
293,696
293,710
293,738
293,767
293,774
293,854
293,870
293,877
293,879
293,933
293,944
293,969
293,973
293,992
294,299
294,368
294,377
294,378
294,414
294,437
294,443
294,458
294,459
294,476
294,512
294,517
294,531
294,535
294,545
294,582
294,588
294,604
294,620
294,622
294,709
294,715
294,744
294,768
294,775
294,829
294,837
294,883
294,897
294,907
294,918
294,951
294,958
294,966
295,296
295,309
295,321
295,335
295,384
295,405
295,413
295,418
295,448
295,463
295,491
295,493
295,535
295,601
295,609
295,615
295,628
295,639
295,646
295,667
295,686
295,695
295,705
295,720
295,747
295,781
295,810
295,848
295,870
295,876
295,883
295,895
295,914
295,922
295,963
295,997
296,327
296,355
296,393
296,416
296,502
296,647
296,710
296,720
296,737
296,836
296,867
296,887
296,911
296,918
296,963
296,966
297,320
297,321
297,343
297,349
297,373
297,388
297,402
297,433
297,485
297,487
297,574
297,587
297,595
297,612
297,643
297,674
297,759
297,770
297,771
297,788
297,806
297,894
297,962
297,979
298,348
298,365
298,379
298,421
298,450
298,486
298,501
298,520
298,586
298,632
298,635
298,642
298,658
298,703
298,738
298,773
298,809
298,832
298,841
298,890
298,901
298,997
299,311
299,312
299,326
299,327
299,413
299,498
299,509
299,526
299,539
299,569
299,575
299,581
299,598
299,601
299,609
299,615
299,619
299,638
299,662
299,665
299,709
299,716
299,735
299,796
299,834
299,837
299,842
299,870
299,883
299,885
299,887
299,902
299,906
299,911
299,927
299,934
299,952
299,998
300,306
300,336
300,354
300,384
300,403
300,424
300,488
300,533
300,553
300,562
300,565
300,597
300,697
300,726
300,727
300,793
300,825
300,830
300,845
300,856
300,861
300,868
300,952
300,990
301,315
301,333
301,413
301,418
301,491
301,576
301,605
301,607
301,615
301,634
301,655
301,680
301,686
301,688
301,748
301,762
301,784
301,789
301,846
301,847
301,897
301,907
301,923
301,933
301,953
301,957
301,963
301,983
301,988
301,996
301,997
302,303
302,304
302,339
302,346
302,354
302,360
302,364
302,366
302,404
302,417
302,430
302,437
302,441
302,445
302,488
302,492
302,522
302,530
302,553
302,557
302,615
302,627
302,629
302,654
302,659
302,682
302,697
302,712
302,720
302,730
302,739
302,745
302,750
302,757
302,761
302,772
302,776
302,779
302,780
302,801
302,817
302,825
302,838
302,877
302,884
302,928
302,931
302,947
302,972
302,977
302,987
303,304
303,317
303,336
303,346
303,347
303,354
303,364
303,382
303,389
303,399
303,418
303,424
303,432
303,441
303,445
303,454
303,456
303,457
303,488
303,494
303,506
303,527
303,530
303,546
303,553
303,562
303,584
303,589
303,591
303,614
303,617
303,620
303,623
303,629
303,679
303,682
303,687
303,697
303,750
303,766
303,774
303,820
303,830
303,843
303,855
303,903
303,912
303,947
303,950
303,982
303,986
303,992
303,995
304,317
304,336
304,346
304,423
304,434
304,445
304,449
304,465
304,492
304,519
304,525
304,530
304,543
304,546
304,551
304,553
304,565
304,591
304,617
304,629
304,655
304,679
304,687
304,694
304,697
304,761
304,772
304,774
304,780
304,820
304,822
304,856
304,877
304,896
304,929
304,932
304,947
304,987
305,308
305,320
305,347
305,348
305,359
305,366
305,390
305,406
305,421
305,441
305,450
305,452
305,461
305,486
305,493
305,513
305,516
305,541
305,591
305,592
305,618
305,637
305,679
305,689
305,712
305,787
305,798
305,799
305,889
305,896
305,937
305,948
305,955
305,981
305,987
305,993
306,336
306,337
306,344
306,351
306,364
306,533
306,543
306,552
306,553
306,662
306,694
306,726
306,727
306,748
306,753
306,856
306,912
306,947
306,952
306,990
307,314
307,385
307,401
307,437
307,481
307,486
307,498
307,580
307,591
307,666
307,735
307,775
307,814
307,909
307,956
308,317
308,325
308,328
308,337
308,364
308,382
308,396
308,425
308,432
308,437
308,454
308,464
308,483
308,506
308,511
308,517
308,525
308,530
308,543
308,546
308,562
308,564
308,565
308,616
308,629
308,654
308,672
308,682
308,687
308,694
308,696
308,745
308,776
308,793
308,830
308,844
308,869
308,890
308,893
308,931
308,942
308,947
308,965
308,984
308,990
308,994
309,313
309,355
309,414
309,489
309,523
309,544
309,591
309,594
309,610
309,620
309,627
309,670
309,673
309,713
309,716
309,720
309,723
309,736
309,742
309,745
309,785
309,811
309,828
309,862
309,869
309,876
309,902
309,903
309,927
309,936
309,980
310,317
310,352
310,398
310,441
310,510
310,558
310,569
310,575
310,599
310,606
310,725
310,749
310,774
310,793
310,853
310,861
310,877
310,881
310,929
310,998
311,334
311,335
311,358
311,362
311,370
311,393
311,405
311,413
311,436
311,463
311,467
311,473
311,491
311,498
311,526
311,535
311,566
311,615
311,619
311,628
311,646
311,647
311,680
311,695
311,705
311,744
311,781
311,783
311,794
311,800
311,810
311,834
311,864
311,888
311,942
311,951
311,955
311,973
312,330
312,331
312,342
312,358
312,360
312,369
312,380
312,389
312,400
312,429
312,430
312,444
312,452
312,465
312,467
312,553
312,562
312,564
312,566
312,598
312,625
312,639
312,695
312,717
312,725
312,738
312,750
312,786
312,825
312,830
312,854
312,865
312,872
312,898
312,936
312,952
312,992
313,326
313,368
313,370
313,413
313,428
313,497
313,593
313,663
313,692
313,715
313,722
313,781
313,867
313,869
313,893
313,929
314,340
314,344
314,371
314,385
314,396
314,419
314,448
314,509
314,573
314,576
314,580
314,599
314,607
314,609
314,666
314,756
314,773
314,806
314,816
314,823
314,827
314,831
314,852
314,902
314,909
314,910
314,917
314,956
314,963
314,988
314,997
315,325
315,441
315,447
315,452
315,461
315,479
315,580
315,609
315,610
315,612
315,620
315,625
315,637
315,638
315,685
315,709
315,727
315,743
315,758
315,768
315,799
315,800
315,805
315,819
315,823
315,827
315,896
315,908
315,943
316,325
316,361
316,390
316,391
316,399
316,435
316,438
316,454
316,476
316,486
316,503
316,519
316,520
316,521
316,525
316,534
316,584
316,616
316,641
316,650
316,658
316,669
316,677
316,689
316,691
316,713
316,779
316,787
316,795
316,808
316,838
316,839
316,859
316,924
316,932
316,937
316,959
316,974
316,985
316,993
317,381
317,382
317,387
317,427
317,434
317,440
317,513
317,540
317,553
317,589
317,614
317,641
317,649
317,655
317,661
317,669
317,694
317,696
317,713
317,739
317,740
317,741
317,757
317,774
317,793
317,814
317,815
317,817
317,820
317,874
317,942
317,947
317,950
317,960
317,963
317,984
317,987
318,350
318,414
318,442
318,456
318,504
318,604
318,771
318,778
318,841
318,897
318,918
319,350
319,388
319,394
319,429
319,443
319,473
319,489
319,497
319,512
319,535
319,538
319,622
319,711
319,759
319,766
319,862
319,905
319,910
319,921
319,930
319,933
319,941
319,954
319,960
319,975
320,355
320,356
320,373
320,377
320,380
320,388
320,433
320,439
320,500
320,527
320,532
320,542
320,555
320,560
320,574
320,612
320,622
320,638
320,639
320,640
320,656
320,657
320,658
320,673
320,728
320,748
320,759
320,777
320,811
320,812
320,843
320,866
320,876
320,894
320,915
320,916
320,930
320,936
320,941
320,945
320,960
320,967
320,988
320,989
321,332
321,340
321,368
321,381
321,389
321,392
321,444
321,475
321,479
321,487
321,498
321,503
321,520
321,522
321,524
321,527
321,582
321,620
321,638
321,644
321,676
321,692
321,706
321,715
321,716
321,722
321,743
321,769
321,781
321,786
321,826
321,830
321,869
321,875
321,890
321,910
321,967
321,973
322,332
322,339
322,342
322,351
322,352
322,358
322,360
322,371
322,397
322,398
322,413
322,419
322,474
322,522
322,557
322,572
322,576
322,597
322,623
322,673
322,690
322,716
322,749
322,774
322,822
322,849
322,853
322,886
322,931
322,961
322,973
323,336
323,346
323,354
323,387
323,391
323,400
323,470
323,492
323,511
323,529
323,530
323,551
323,611
323,654
323,687
323,689
323,741
323,803
323,819
323,844
323,846
323,855
323,896
323,904
323,919
323,942
323,950
323,965
324,344
324,356
324,379
324,419
324,428
324,444
324,448
324,451
324,462
324,466
324,474
324,504
324,524
324,527
324,538
324,545
324,559
324,573
324,612
324,627
324,656
324,682
324,711
324,719
324,723
324,736
324,764
324,785
324,790
324,791
324,796
324,826
324,829
324,858
324,907
324,908
324,976
325,333
325,347
325,348
325,354
325,391
325,394
325,396
325,406
325,425
325,429
325,431
325,437
325,438
325,441
325,444
325,446
325,448
325,452
325,468
325,499
325,506
325,516
325,544
325,552
325,556
325,559
325,574
325,591
325,621
325,627
325,650
325,669
325,676
325,681
325,685
325,713
325,743
325,755
325,791
325,805
325,823
325,827
325,841
325,862
325,889
325,902
325,974
325,997
326,368
326,393
326,394
326,442
326,448
326,459
326,509
326,575
326,593
326,639
326,656
326,709
326,781
326,791
326,816
326,823
326,842
326,866
326,871
326,906
327,378
327,393
327,394
327,500
327,537
327,626
327,693
327,710
327,737
327,748
327,808
327,810
327,881
327,887
327,946
327,949
327,963
327,967
328,344
328,365
328,384
328,410
328,466
328,472
328,479
328,509
328,524
328,527
328,547
328,573
328,609
328,656
328,700
328,713
328,716
328,752
328,767
328,792
328,816
328,831
328,835
328,869
328,893
328,897
328,915
328,934
328,935
328,967
328,988
328,997
329,466
329,545
329,573
329,574
329,591
329,631
329,770
329,796
329,873
329,876
330,358
330,369
330,383
330,539
330,552
330,561
330,562
330,564
330,566
330,623
330,625
330,682
330,696
330,717
330,801
330,842
330,854
330,867
330,873
330,969
330,992
331,332
331,333
331,380
331,397
331,400
331,404
331,437
331,480
331,510
331,556
331,563
331,598
331,605
331,624
331,625
331,655
331,734
331,748
331,767
331,794
331,834
331,864
331,874
331,898
331,929
331,964
331,969
331,971
331,986
332,342
332,358
332,383
332,389
332,397
332,400
332,454
332,494
332,498
332,504
332,510
332,530
332,537
332,546
332,561
332,563
332,564
332,566
332,568
332,572
332,576
332,582
332,598
332,624
332,628
332,655
332,671
332,681
332,686
332,696
332,697
332,706
332,708
332,734
332,767
332,781
332,794
332,810
332,842
332,870
332,874
332,886
332,914
332,951
332,961
332,970
332,992
332,993
333,376
333,377
333,418
333,422
333,436
333,463
333,478
333,488
333,501
333,563
333,596
333,619
333,646
333,655
333,724
333,748
333,762
333,784
333,798
333,824
333,879
333,907
333,912
333,923
333,953
333,963
333,978
333,983
334,380
334,394
334,416
334,475
334,485
334,500
334,504
334,538
334,595
334,603
334,605
334,610
334,644
334,675
334,710
334,748
334,763
334,771
334,804
334,806
334,810
334,848
334,850
334,885
334,900
334,911
334,954
334,958
335,374
335,378
335,413
335,419
335,428
335,442
335,443
335,451
335,459
335,467
335,484
335,485
335,505
335,523
335,526
335,527
335,531
335,538
335,575
335,581
335,588
335,595
335,602
335,605
335,614
335,622
335,644
335,647
335,675
335,676
335,736
335,750
335,754
335,759
335,763
335,767
335,804
335,811
335,814
335,843
335,848
335,866
335,892
335,894
335,897
335,906
335,911
335,918
335,927
335,946
335,951
335,954
335,958
335,960
336,354
336,457
336,488
336,530
336,533
336,543
336,549
336,562
336,580
336,606
336,629
336,674
336,691
336,697
336,704
336,766
336,772
336,823
336,825
336,856
336,868
336,900
336,912
336,926
336,945
336,947
336,982
336,990
337,343
337,371
337,408
337,441
337,446
337,452
337,454
337,488
337,506
337,517
337,529
337,553
337,579
337,592
337,616
337,620
337,664
337,685
337,721
337,723
337,727
337,758
337,764
337,766
337,805
337,833
337,852
337,859
337,868
337,872
337,880
337,908
337,937
337,942
337,952
337,965
337,990
338,386
338,392
338,413
338,444
338,505
338,509
338,544
338,547
338,555
338,556
338,574
338,587
338,669
338,670
338,728
338,733
338,735
338,744
338,760
338,762
338,785
338,815
338,829
338,843
338,858
338,875
338,876
338,938
338,943
338,945
338,964
338,989
339,360
339,364
339,398
339,434
339,456
339,474
339,490
339,492
339,528
339,543
339,551
339,570
339,599
339,600
339,606
339,614
339,648
339,663
339,681
339,690
339,694
339,729
339,822
339,835
339,849
339,853
339,865
339,876
339,931
339,962
339,973
340,348
340,358
340,364
340,370
340,401
340,422
340,429
340,456
340,477
340,505
340,522
340,527
340,541
340,584
340,627
340,670
340,684
340,692
340,706
340,722
340,743
340,751
340,793
340,806
340,846
340,869
340,883
340,914
340,954
340,967
340,981
341,456
341,480
341,541
341,581
341,601
341,615
341,644
341,647
341,667
341,715
341,771
341,783
341,797
341,800
341,898
341,914
341,927
341,946
341,969
342,350
342,352
342,353
342,360
342,398
342,400
342,419
342,424
342,429
342,454
342,474
342,488
342,491
342,529
342,537
342,561
342,564
342,566
342,576
342,611
342,613
342,705
342,713
342,734
342,747
342,758
342,771
342,776
342,783
342,786
342,794
342,797
342,825
342,846
342,869
342,883
342,886
342,902
342,912
342,922
342,931
342,953
342,960
342,990
342,992
342,995
343,349
343,402
343,413
343,433
343,542
343,545
343,555
343,609
343,612
343,656
343,657
343,693
343,777
343,806
343,828
343,936
343,962
343,979
344,396
344,444
344,451
344,452
344,455
344,498
344,516
344,580
344,604
344,656
344,666
344,711
344,719
344,791
344,807
344,826
344,831
345,359
345,396
345,408
345,438
345,453
345,476
345,583
345,642
345,689
345,701
345,839
345,841
345,882
345,884
345,901
345,925
345,970
346,351
346,364
346,375
346,413
346,489
346,492
346,518
346,532
346,540
346,551
346,553
346,625
346,629
346,679
346,687
346,694
346,697
346,709
346,739
346,761
346,781
346,800
346,817
346,837
346,919
346,931
346,947
347,359
347,365
347,406
347,452
347,516
347,584
347,613
347,614
347,637
347,650
347,712
347,743
347,764
347,787
347,805
347,819
347,838
347,870
347,912
347,913
347,949
347,993
348,353
348,365
348,372
348,379
348,381
348,401
348,411
348,431
348,444
348,450
348,454
348,462
348,501
348,617
348,618
348,673
348,678
348,696
348,707
348,711
348,712
348,792
348,795
348,802
348,833
348,889
348,890
348,894
348,913
348,924
348,937
348,956
348,981
349,380
349,402
349,406
349,433
349,496
349,500
349,505
349,508
349,560
349,579
349,638
349,759
349,911
349,979
349,995
350,388
350,426
350,443
350,451
350,462
350,466
350,473
350,475
350,489
350,520
350,523
350,532
350,538
350,555
350,568
350,576
350,582
350,587
350,588
350,595
350,602
350,622
350,676
350,742
350,746
350,759
350,771
350,791
350,810
350,837
350,843
350,862
350,891
350,892
350,906
350,911
350,941
350,960
350,975
351,369
351,412
351,448
351,475
351,528
351,572
351,601
351,672
351,730
351,750
351,825
351,853
351,856
351,857
351,877
351,929
351,972
351,992
352,360
352,365
352,397
352,398
352,400
352,403
352,413
352,445
352,459
352,466
352,474
352,510
352,537
352,539
352,558
352,561
352,566
352,570
352,572
352,597
352,611
352,634
352,649
352,681
352,774
352,778
352,853
352,877
352,895
353,363
353,392
353,441
353,453
353,462
353,486
353,501
353,513
353,556
353,602
353,618
353,621
353,642
353,689
353,701
353,714
353,718
353,732
353,756
353,760
353,809
353,816
353,861
353,890
353,925
353,943
353,950
354,364
354,423
354,434
354,441
354,464
354,488
354,492
354,515
354,530
354,533
354,543
354,546
354,548
354,552
354,553
354,561
354,564
354,597
354,608
354,617
354,648
354,679
354,696
354,697
354,730
354,745
354,750
354,766
354,780
354,794
354,817
354,819
354,825
354,830
354,868
354,912
354,919
354,947
354,982
354,990
355,367
355,433
355,439
355,442
355,443
355,500
355,534
355,573
355,588
355,610
355,612
355,644
355,657
355,695
355,737
355,756
355,806
355,808
355,811
355,843
355,866
355,868
355,921
355,928
355,940
355,977
355,979
356,388
356,433
356,475
356,488
356,505
356,508
356,542
356,547
356,568
356,574
356,608
356,640
356,657
356,670
356,673
356,763
356,765
356,785
356,791
356,812
356,852
356,862
356,885
356,918
356,928
356,941
356,962
356,989
357,367
357,434
357,451
357,472
357,495
357,500
357,502
357,512
357,519
357,548
357,560
357,574
357,575
357,603
357,605
357,644
357,657
357,676
357,683
357,693
357,715
357,716
357,723
357,742
357,744
357,755
357,792
357,812
357,826
357,851
357,869
357,902
357,918
357,951
357,960
357,966
358,364
358,369
358,400
358,412
358,415
358,430
358,431
358,437
358,456
358,472
358,475
358,561
358,564
358,566
358,576
358,582
358,591
358,611
358,623
358,625
358,639
358,696
358,725
358,750
358,769
358,780
358,781
358,785
358,786
358,795
358,830
358,857
358,900
358,906
358,937
358,942
358,969
358,992
359,366
359,381
359,402
359,408
359,421
359,424
359,435
359,447
359,450
359,453
359,465
359,486
359,499
359,500
359,503
359,515
359,517
359,530
359,541
359,544
359,556
359,583
359,584
359,613
359,618
359,621
359,637
359,642
359,652
359,658
359,664
359,689
359,698
359,712
359,714
359,763
359,764
359,765
359,771
359,803
359,832
359,833
359,839
359,863
359,882
359,884
359,896
359,913
359,924
359,925
359,964
359,970
359,985
359,994
360,397
360,432
360,474
360,510
360,558
360,611
360,624
360,710
360,740
360,783
360,853
360,886
360,899
360,903
360,942
360,972
361,384
361,406
361,454
361,482
361,494
361,515
361,541
361,552
361,645
361,743
361,768
361,779
361,799
361,866
361,900
361,926
361,937
361,970
361,985
362,378
362,394
362,396
362,409
362,414
362,436
362,446
362,467
362,508
362,512
362,577
362,615
362,619
362,647
362,686
362,723
362,724
362,797
362,810
362,864
362,888
362,898
362,911
362,963
362,978
362,996
363,372
363,385
363,392
363,398
363,401
363,431
363,450
363,481
363,486
363,559
363,587
363,618
363,635
363,653
363,664
363,702
363,705
363,714
363,732
363,756
363,815
363,861
363,863
363,884
363,890
363,925
364,375
364,395
364,398
364,403
364,404
364,412
364,423
364,429
364,445
364,454
364,457
364,488
364,490
364,492
364,498
364,509
364,530
364,533
364,553
364,557
364,566
364,599
364,606
364,617
364,623
364,691
364,694
364,697
364,729
364,730
364,739
364,745
364,748
364,750
364,758
364,780
364,830
364,859
364,865
364,877
364,908
364,912
364,931
364,972
364,986
364,987
365,372
365,401
365,411
365,431
365,450
365,452
365,453
365,482
365,501
365,775
365,799
365,833
365,841
365,882
365,932
365,981
366,393
366,395
366,454
366,464
366,478
366,503
366,562
366,585
366,721
366,758
366,766
366,769
366,779
366,791
366,822
366,845
366,878
366,880
366,900
366,927
366,950
366,952
366,970
366,974
366,990
366,997
367,378
367,414
367,502
367,512
367,591
367,593
367,601
367,602
367,604
367,644
367,670
367,676
367,681
367,683
367,693
367,720
367,744
367,776
367,789
367,870
367,883
367,897
367,918
367,936
367,951
368,370
368,468
368,472
368,502
368,546
368,575
368,581
368,593
368,625
368,738
368,797
368,837
368,869
368,893
368,906
368,908
368,998
369,413
369,437
369,566
369,569
369,598
369,625
369,750
369,799
369,861
369,897
369,986
370,389
370,412
370,415
370,451
370,459
370,479
370,487
370,490
370,522
370,582
370,585
370,604
370,620
370,622
370,648
370,684
370,693
370,695
370,713
370,715
370,716
370,722
370,737
370,738
370,778
370,814
370,835
370,839
370,867
370,869
370,893
370,897
370,913
370,918
370,949
370,978
370,996
371,390
371,391
371,401
371,406
371,413
371,435
371,441
371,446
371,450
371,452
371,453
371,477
371,515
371,519
371,541
371,552
371,554
371,583
371,584
371,592
371,594
371,613
371,616
371,621
371,637
371,649
371,650
371,660
371,664
371,689
371,698
371,712
371,716
371,744
371,764
371,795
371,822
371,823
371,859
371,863
371,887
371,893
371,914
371,924
371,929
371,952
371,972
371,981
371,985
371,993
372,381
372,392
372,401
372,422
372,441
372,453
372,466
372,486
372,501
372,508
372,584
372,618
372,621
372,635
372,664
372,697
372,714
372,718
372,719
372,732
372,745
372,775
372,802
372,839
372,841
373,401
373,407
373,433
373,437
373,489
373,500
373,521
373,542
373,545
373,555
373,574
373,587
373,612
373,760
373,763
373,766
373,806
373,811
373,866
373,916
373,927
373,936
373,956
373,962
373,976
373,989
374,400
374,492
374,497
374,583
374,603
374,705
374,748
374,755
374,771
374,789
374,797
374,798
374,824
374,888
374,898
374,922
374,939
374,949
374,953
374,996
375,387
375,408
375,445
375,506
375,511
375,525
375,531
375,541
375,546
375,565
375,606
375,617
375,687
375,761
375,768
375,772
375,803
375,844
375,950
375,959
375,965
375,987
376,405
376,491
376,563
376,577
376,601
376,762
376,782
376,783
376,797
376,850
376,864
376,881
376,922
376,923
376,996
377,381
377,481
377,493
377,534
377,542
377,560
377,586
377,606
377,612
377,670
377,710
377,808
377,976
378,393
378,416
378,428
378,473
378,475
378,491
378,502
378,532
378,535
378,567
378,573
378,602
378,725
378,748
378,754
378,837
378,845
378,866
378,883
378,885
378,895
378,946
378,955
378,957
378,958
379,401
379,425
379,428
379,441
379,452
379,477
379,488
379,503
379,583
379,591
379,592
379,594
379,613
379,712
379,798
379,799
379,802
379,816
379,827
379,831
379,841
379,873
379,876
379,882
379,886
379,889
379,890
379,913
379,938
380,416
380,418
380,419
380,422
380,429
380,455
380,463
380,473
380,475
380,480
380,523
380,538
380,602
380,614
380,675
380,678
380,694
380,695
380,715
380,737
380,771
380,778
380,811
380,813
380,815
380,827
380,843
380,850
380,870
380,897
380,902
380,918
380,927
380,930
380,954
380,963
381,396
381,401
381,408
381,431
381,450
381,453
381,460
381,477
381,486
381,517
381,519
381,541
381,542
381,574
381,583
381,584
381,594
381,618
381,637
381,641
381,658
381,664
381,698
381,717
381,745
381,765
381,819
381,839
381,841
381,862
381,863
381,884
381,901
381,924
381,934
381,943
381,956
381,964
381,974
381,981
382,424
382,429
382,432
382,442
382,454
382,461
382,465
382,483
382,488
382,538
382,546
382,547
382,562
382,600
382,630
382,641
382,650
382,679
382,745
382,761
382,766
382,793
382,830
382,859
382,866
382,880
382,947
382,990
382,994
383,397
383,495
383,518
383,537
383,575
383,578
383,606
383,710
383,800
383,820
383,834
383,874
383,881
383,986
384,410
384,415
384,421
384,431
384,444
384,448
384,455
384,466
384,467
384,494
384,524
384,547
384,602
384,684
384,713
384,716
384,728
384,735
384,747
384,752
384,782
384,799
384,807
384,815
384,816
384,827
384,835
384,858
384,868
384,875
384,893
384,907
384,956
384,967
384,975
384,976
385,415
385,448
385,477
385,495
385,544
385,580
385,633
385,656
385,666
385,876
385,909
385,948
385,968
385,999
386,388
386,396
386,410
386,413
386,444
386,468
386,483
386,493
386,495
386,505
386,524
386,542
386,544
386,551
386,555
386,573
386,574
386,594
386,612
386,618
386,643
386,656
386,703
386,709
386,713
386,717
386,728
386,756
386,760
386,773
386,785
386,796
386,812
386,816
386,823
386,826
386,829
386,831
386,873
386,875
386,876
386,917
386,937
386,945
386,956
386,962
386,975
386,990
387,403
387,417
387,427
387,482
387,483
387,600
387,641
387,654
387,661
387,694
387,741
387,753
387,766
387,855
387,947
387,950
387,965
387,984
388,402
388,410
388,441
388,456
388,489
388,496
388,521
388,532
388,547
388,568
388,587
388,612
388,621
388,628
388,651
388,670
388,695
388,703
388,746
388,759
388,763
388,788
388,816
388,828
388,840
388,843
388,857
388,883
388,891
388,928
388,930
388,961
388,979
389,391
389,397
389,431
389,437
389,465
389,474
389,520
389,522
389,549
389,571
389,590
389,611
389,620
389,631
389,667
389,668
389,669
389,672
389,694
389,707
389,729
389,750
389,790
389,800
389,835
389,899
389,906
389,929
389,967
389,991
389,994
390,391
390,470
390,519
390,559
390,583
390,614
390,650
390,660
390,738
390,837
390,863
390,947
390,956
390,964
390,985
390,993
391,435
391,470
391,503
391,519
391,552
391,604
391,612
391,613
391,650
391,677
391,721
391,732
391,764
391,768
391,779
391,793
391,942
391,959
392,431
392,486
392,493
392,513
392,556
392,594
392,618
392,621
392,642
392,653
392,658
392,701
392,809
392,832
392,861
392,863
392,925
392,943
392,953
392,962
393,409
393,443
393,461
393,484
393,485
393,498
393,502
393,510
393,542
393,593
393,602
393,619
393,644
393,675
393,676
393,683
393,740
393,754
393,755
393,804
393,810
393,814
393,824
393,837
393,879
393,885
393,918
393,946
393,954
393,958
393,963
394,409
394,416
394,459
394,468
394,473
394,475
394,480
394,497
394,526
394,603
394,628
394,647
394,651
394,724
394,755
394,767
394,771
394,797
394,804
394,871
394,888
394,895
394,907
394,911
394,918
394,949
394,963
394,980
395,424
395,432
395,543
395,565
395,607
395,739
395,750
395,793
395,818
395,942
395,947
395,964
395,965
395,994
396,407
396,433
396,441
396,446
396,448
396,452
396,471
396,481
396,499
396,503
396,517
396,520
396,554
396,556
396,574
396,580
396,591
396,592
396,605
396,618
396,656
396,669
396,726
396,769
396,785
396,787
396,791
396,823
396,887
396,926
396,952
396,986
396,988
396,997
397,423
397,430
397,494
397,521
397,542
397,576
397,597
397,639
397,641
397,681
397,702
397,708
397,734
397,786
397,826
397,848
397,874
397,877
397,886
397,910
397,950
397,987
398,432
398,436
398,468
398,474
398,490
398,528
398,557
398,558
398,561
398,576
398,589
398,611
398,749
398,886
398,900
398,906
398,963
399,420
399,552
399,562
399,577
399,585
399,591
399,662
399,687
399,727
399,790
399,795
399,818
399,926
399,976
400,430
400,441
400,524
400,553
400,561
400,564
400,566
400,569
400,601
400,648
400,710
400,816
400,853
400,854
400,916
400,933
400,953
400,958
401,411
401,450
401,452
401,477
401,486
401,501
401,559
401,602
401,621
401,642
401,689
401,714
401,719
401,756
401,775
401,802
401,841
401,889
401,890
401,909
401,913
401,925
401,932
401,934
401,956
401,981
402,521
402,638
402,685
402,703
402,746
402,770
402,814
402,821
402,889
403,445
403,464
403,465
403,474
403,492
403,576
403,589
403,597
403,606
403,617
403,655
403,682
403,694
403,729
403,739
403,822
403,825
403,835
403,836
403,844
403,857
403,919
403,931
403,947
403,987
404,419
404,456
404,518
404,543
404,557
404,606
404,616
404,696
404,710
404,773
404,774
404,786
405,497
405,598
405,615
405,705
405,720
405,762
405,763
405,783
405,810
405,880
405,907
405,914
406,444
406,450
406,453
406,471
406,503
406,505
406,519
406,527
406,536
406,550
406,664
406,666
406,677
406,682
406,712
406,721
406,743
406,776
406,787
406,795
406,799
406,809
406,859
406,863
406,872
406,899
406,909
406,924
406,932
406,937
406,981
406,985
407,534
407,542
407,555
407,587
407,638
407,670
407,703
407,770
407,777
407,866
407,989
408,446
408,579
408,584
408,660
408,698
408,761
408,770
408,882
408,884
408,890
408,899
408,964
409,467
409,475
409,495
409,523
409,539
409,619
409,628
409,724
409,756
409,772
409,797
409,870
409,883
409,888
409,911
409,955
410,433
410,444
410,454
410,465
410,527
410,554
410,713
410,716
410,723
410,733
410,758
410,775
410,788
410,816
410,835
410,880
410,893
410,910
410,967
411,501
411,676
411,716
411,733
411,833
411,841
411,882
412,423
412,430
412,437
412,456
412,459
412,490
412,516
412,545
412,557
412,562
412,564
412,566
412,572
412,606
412,623
412,647
412,672
412,693
412,696
412,701
412,702
412,725
412,739
412,750
412,782
412,786
412,797
412,822
412,865
412,972
412,991
412,992
413,429
413,441
413,468
413,490
413,494
413,518
413,526
413,566
413,581
413,598
413,634
413,639
413,648
413,659
413,667
413,686
413,710
413,738
413,748
413,751
413,754
413,783
413,790
413,800
413,805
413,848
413,859
413,866
413,874
413,898
413,906
413,912
413,963
413,969
413,978
413,981
414,419
414,442
414,443
414,444
414,451
414,459
414,475
414,489
414,504
414,512
414,523
414,531
414,559
414,604
414,610
414,615
414,627
414,676
414,678
414,693
414,716
414,723
414,731
414,744
414,750
414,754
414,759
414,763
414,812
414,837
414,842
414,851
414,897
414,911
414,918
414,927
414,953
414,974
414,975
415,419
415,451
415,498
415,505
415,524
415,582
415,591
415,623
415,673
415,676
415,700
415,723
415,735
415,736
415,814
415,835
415,837
415,866
415,869
415,893
415,907
415,967
415,997
415,999
416,428
416,485
416,497
416,588
416,599
416,603
416,622
416,651
416,668
416,737
416,754
416,755
416,759
416,771
416,850
416,916
416,946
416,949
416,955
416,963
416,969
417,427
417,449
417,491
417,511
417,540
417,551
417,558
417,600
417,694
417,761
417,772
417,819
417,820
417,855
417,919
417,922
417,931
417,952
417,987
418,422
418,467
418,546
418,563
418,576
418,577
418,607
418,616
418,619
418,634
418,636
418,643
418,646
418,648
418,655
418,680
418,686
418,688
418,747
418,782
418,783
418,784
418,789
418,810
418,842
418,846
418,847
418,879
418,933
418,953
418,969
418,996
419,440
419,475
419,497
419,502
419,512
419,523
419,526
419,531
419,588
419,602
419,603
419,604
419,605
419,609
419,614
419,639
419,644
419,656
419,657
419,675
419,695
419,698
419,717
419,725
419,744
419,754
419,759
419,763
419,787
419,797
419,883
419,902
419,911
419,918
419,940
419,951
419,962
420,483
420,503
420,630
420,641
420,669
420,670
420,745
420,764
420,766
420,838
420,859
420,932
421,431
421,450
421,653
421,658
421,660
421,698
421,799
421,807
421,809
421,841
421,861
421,863
421,884
421,890
421,896
422,463
422,467
422,497
422,502
422,510
422,563
422,596
422,602
422,615
422,619
422,620
422,621
422,646
422,647
422,679
422,686
422,699
422,721
422,724
422,748
422,754
422,762
422,771
422,794
422,797
422,798
422,804
422,810
422,824
422,838
422,847
422,864
422,879
422,886
422,887
422,906
422,907
422,933
422,939
422,943
422,953
422,973
422,978
422,983
422,996
423,429
423,437
423,469
423,477
423,482
423,488
423,498
423,524
423,548
423,607
423,614
423,620
423,623
423,687
423,691
423,696
423,721
423,757
423,776
423,784
423,786
423,811
423,830
423,859
423,868
423,878
423,912
423,974
423,982
423,984
423,987
423,990
423,995
424,432
424,435
424,504
424,530
424,562
424,584
424,630
424,745
424,787
424,886
424,893
424,912
424,990
425,431
425,448
425,461
425,559
425,580
425,591
425,613
425,656
425,661
425,666
425,669
425,700
425,711
425,713
425,745
425,791
425,803
425,812
425,831
425,845
425,913
425,938
425,995
426,475
426,485
426,500
426,502
426,518
426,525
426,569
426,581
426,626
426,628
426,695
426,705
426,724
426,747
426,810
426,870
426,887
426,888
426,893
426,898
426,998
427,434
427,457
427,483
427,530
427,540
427,562
427,589
427,600
427,614
427,639
427,682
427,690
427,694
427,730
427,741
427,753
427,757
427,820
427,830
427,836
427,878
427,919
427,931
428,451
428,489
428,523
428,531
428,538
428,561
428,567
428,605
428,622
428,742
428,754
428,804
428,811
428,850
428,864
428,902
428,907
428,921
428,930
428,940
428,951
428,958
428,960
428,969
429,442
429,456
429,463
429,469
429,472
429,520
429,557
429,589
429,592
429,603
429,609
429,620
429,627
429,632
429,639
429,650
429,672
429,721
429,730
429,743
429,751
429,758
429,790
429,807
429,813
429,835
429,848
429,865
429,884
429,900
429,914
429,917
429,929
429,949
430,437
430,469
430,479
430,526
430,566
430,620
430,625
430,669
430,710
430,741
430,750
430,781
430,786
430,817
430,820
430,830
430,880
430,914
430,969
430,991
431,450
431,453
431,460
431,541
431,584
431,594
431,612
431,621
431,630
431,652
431,698
431,711
431,765
431,799
431,809
431,839
431,861
431,901
431,924
431,925
431,964
432,435
432,451
432,470
432,483
432,503
432,541
432,552
432,562
432,592
432,630
432,632
432,660
432,701
432,725
432,743
432,745
432,764
432,766
432,810
432,818
432,865
432,922
432,942
432,947
432,993
432,994
433,439
433,444
433,451
433,531
433,534
433,542
433,555
433,568
433,574
433,587
433,591
433,612
433,618
433,623
433,643
433,644
433,670
433,674
433,703
433,713
433,716
433,732
433,736
433,766
433,771
433,806
433,812
433,876
433,902
433,936
433,941
433,946
433,962
433,979
433,989
433,996
434,461
434,488
434,492
434,493
434,540
434,553
434,589
434,614
434,682
434,694
434,738
434,753
434,757
434,819
434,820
434,832
434,855
434,857
434,899
434,931
434,987
435,454
435,461
435,470
435,501
435,517
435,519
435,530
435,541
435,583
435,584
435,616
435,650
435,716
435,721
435,745
435,761
435,787
435,868
435,879
435,913
435,948
435,994
436,467
436,468
436,607
436,615
436,617
436,619
436,628
436,646
436,680
436,686
436,720
436,724
436,754
436,755
436,797
436,800
436,821
436,824
436,864
436,888
436,897
436,911
436,949
436,954
436,983
437,446
437,456
437,474
437,514
437,528
437,548
437,549
437,576
437,620
437,625
437,646
437,649
437,681
437,705
437,725
437,747
437,750
437,771
437,776
437,784
437,786
437,790
437,792
437,801
437,810
437,817
437,830
437,874
437,883
437,906
437,929
437,992
438,583
438,584
438,664
438,698
438,712
438,799
438,901
438,964
439,500
439,532
439,542
439,547
439,555
439,559
439,560
439,574
439,575
439,587
439,608
439,640
439,656
439,657
439,703
439,711
439,717
439,728
439,759
439,791
439,823
439,840
439,843
439,866
439,915
439,917
439,928
439,936
439,960
439,976
439,979
439,989
440,516
440,550
440,556
440,563
440,634
440,655
440,663
440,681
440,736
440,740
440,747
440,750
440,782
440,798
440,830
440,834
440,837
440,863
440,886
440,920
440,927
440,933
440,972
440,986
440,990
441,446
441,447
441,450
441,452
441,498
441,499
441,533
441,541
441,556
441,580
441,660
441,666
441,669
441,743
441,765
441,775
441,795
441,799
441,802
441,805
441,823
441,827
441,855
441,858
441,882
441,890
441,926
441,950
441,981
441,997
442,451
442,495
442,512
442,582
442,604
442,613
442,644
442,676
442,693
442,715
442,744
442,799
442,810
442,814
442,883
442,897
442,902
442,928
442,966
443,489
443,502
443,512
443,523
443,532
443,538
443,544
443,579
443,587
443,588
443,595
443,612
443,643
443,644
443,664
443,670
443,676
443,683
443,722
443,729
443,759
443,799
443,808
443,811
443,843
443,875
443,902
443,918
443,927
443,940
443,941
443,954
443,960
443,975
443,977
444,452
444,454
444,466
444,472
444,487
444,505
444,517
444,524
444,526
444,527
444,534
444,544
444,574
444,589
444,595
444,656
444,666
444,668
444,669
444,680
444,700
444,704
444,711
444,714
444,724
444,728
444,732
444,735
444,785
444,796
444,806
444,826
444,829
444,835
444,858
444,884
444,917
444,928
444,988
445,492
445,537
445,543
445,572
445,687
445,697
445,729
445,750
445,780
445,830
445,865
445,904
445,942
445,973
446,450
446,517
446,527
446,591
446,692
446,709
446,717
446,793
446,805
446,827
446,879
446,928
446,979
446,980
446,988
447,452
447,482
447,498
447,501
447,503
447,522
447,529
447,565
447,606
447,616
447,660
447,707
447,743
447,790
447,823
447,832
447,843
447,976
447,986
448,466
448,500
448,504
448,562
448,580
448,588
448,591
448,600
448,604
448,632
448,657
448,669
448,706
448,717
448,816
448,841
448,893
448,902
448,913
448,936
448,952
448,986
448,997
449,617
449,634
449,654
449,686
449,697
449,761
449,842
449,865
449,904
449,919
449,987
450,453
450,460
450,501
450,504
450,513
450,519
450,521
450,534
450,559
450,584
450,594
450,618
450,642
450,652
450,664
450,712
450,714
450,719
450,732
450,756
450,765
450,786
450,802
450,809
450,831
450,832
450,833
450,839
450,859
450,861
450,884
450,890
450,913
450,914
450,915
450,925
450,943
450,948
450,968
450,970
450,981
451,459
451,504
451,505
451,512
451,587
451,601
451,604
451,639
451,644
451,676
451,715
451,716
451,723
451,735
451,738
451,744
451,778
451,780
451,809
451,812
451,823
451,824
451,837
451,848
451,908
451,918
451,975
452,454
452,461
452,462
452,476
452,487
452,488
452,499
452,554
452,559
452,574
452,579
452,594
452,601
452,620
452,632
452,669
452,705
452,713
452,743
452,745
452,750
452,758
452,799
452,816
452,823
452,827
452,838
452,856
452,868
452,909
452,913
452,962
452,988
452,990
452,999
453,460
453,462
453,486
453,513
453,583
453,589
453,594
453,618
453,621
453,631
453,635
453,642
453,653
453,658
453,714
453,732
453,775
453,799
453,809
453,832
453,861
453,890
453,896
453,901
453,909
453,925
453,938
453,943
453,981
454,464
454,472
454,478
454,483
454,509
454,522
454,523
454,534
454,538
454,554
454,575
454,576
454,579
454,606
454,616
454,630
454,642
454,645
454,685
454,691
454,696
454,702
454,721
454,727
454,743
454,762
454,766
454,780
454,786
454,802
454,818
454,830
454,833
454,872
454,880
454,937
454,945
454,956
454,968
454,970
455,462
455,474
455,554
455,559
455,585
455,586
455,608
455,631
455,656
455,733
455,791
455,876
455,899
455,917
455,934
455,976
455,999
456,457
456,471
456,490
456,514
456,518
456,530
456,548
456,549
456,589
456,617
456,620
456,623
456,644
456,657
456,669
456,672
456,696
456,749
456,750
456,783
456,786
456,790
456,822
456,868
456,877
456,906
456,911
456,991
457,477
457,478
457,481
457,553
457,606
457,617
457,726
457,727
457,768
457,773
457,776
457,801
457,870
457,912
457,982
457,986
458,481
458,505
458,542
458,544
458,574
458,683
458,728
458,785
458,852
458,915
458,945
459,512
459,526
459,575
459,602
459,604
459,655
459,676
459,686
459,692
459,693
459,695
459,715
459,738
459,755
459,760
459,778
459,795
459,800
459,837
459,842
459,858
459,867
459,883
459,893
459,897
459,902
459,927
459,946
459,966
459,980
459,991
460,461
460,513
460,541
460,594
460,618
460,621
460,642
460,652
460,653
460,658
460,664
460,666
460,701
460,748
460,765
460,816
460,901
460,929
460,943
461,476
461,482
461,515
461,552
461,562
461,592
461,787
461,890
461,913
461,981
462,469
462,493
462,496
462,544
462,545
462,554
462,556
462,559
462,580
462,630
462,631
462,635
462,698
462,701
462,703
462,719
462,756
462,790
462,791
462,792
462,794
462,800
462,815
462,854
462,876
462,905
462,909
462,914
462,917
462,928
462,934
462,938
462,981
462,988
462,999
463,491
463,563
463,577
463,588
463,602
463,607
463,619
463,625
463,634
463,647
463,648
463,655
463,686
463,690
463,705
463,737
463,747
463,783
463,785
463,810
463,864
463,879
463,903
463,922
463,933
463,953
463,978
463,996
464,520
464,575
464,583
464,585
464,589
464,609
464,725
464,739
464,793
464,826
464,855
464,880
464,900
464,995
465,467
465,468
465,471
465,488
465,498
465,499
465,517
465,522
465,540
465,566
465,575
465,576
465,594
465,620
465,624
465,625
465,627
465,639
465,665
465,668
465,689
465,705
465,709
465,750
465,786
465,790
465,837
465,842
465,859
465,886
465,897
465,906
465,909
465,929
465,949
465,951
465,971
465,995
466,472
466,487
466,583
466,633
466,643
466,656
466,721
466,745
466,752
466,796
466,816
466,829
466,831
466,895
466,910
467,468
467,511
467,518
467,563
467,596
467,615
467,619
467,628
467,634
467,646
467,647
467,658
467,666
467,676
467,695
467,705
467,740
467,748
467,758
467,762
467,766
467,771
467,782
467,789
467,797
467,809
467,810
467,819
467,879
467,888
467,908
467,913
467,923
467,939
467,953
467,963
467,972
467,978
467,983
468,480
468,487
468,502
468,526
468,558
468,566
468,576
468,602
468,605
468,615
468,620
468,621
468,622
468,627
468,646
468,667
468,688
468,692
468,695
468,708
468,710
468,714
468,715
468,778
468,794
468,800
468,810
468,842
468,870
468,871
468,883
468,887
468,898
468,906
468,914
468,918
468,946
468,966
469,498
469,506
469,580
469,615
469,620
469,627
469,750
469,758
469,778
469,897
469,945
469,991
470,552
470,584
470,621
470,650
470,661
470,677
470,694
470,745
470,765
470,779
470,795
470,823
470,838
470,859
470,866
470,908
470,948
471,548
471,557
471,625
471,639
471,668
471,676
471,695
471,696
471,713
471,750
471,788
471,794
471,843
471,929
471,941
471,986
471,991
472,507
472,509
472,517
472,556
472,600
472,614
472,630
472,656
472,672
472,715
472,735
472,749
472,751
472,783
472,790
472,801
472,813
472,816
472,833
472,967
473,489
473,523
473,532
473,603
473,605
473,622
473,656
473,675
473,736
473,788
473,794
473,804
473,816
473,862
473,892
473,914
473,921
473,927
473,928
473,941
473,960
473,963
473,972
473,980
474,480
474,518
474,561
474,576
474,709
474,749
474,758
474,778
474,803
474,834
474,886
474,955
475,484
475,497
475,502
475,532
475,535
475,544
475,545
475,564
475,595
475,602
475,604
475,605
475,622
475,644
475,692
475,737
475,748
475,755
475,760
475,771
475,848
475,870
475,885
475,887
475,892
475,907
475,923
475,927
475,946
475,949
475,951
475,954
475,955
475,960
476,484
476,678
476,698
476,882
476,896
476,926
476,937
477,545
477,552
477,580
477,591
477,635
477,666
477,719
477,769
477,802
477,812
477,822
477,909
477,911
477,926
477,968
477,988
477,997
478,483
478,500
478,503
478,509
478,529
478,585
478,589
478,627
478,637
478,669
478,685
478,727
478,769
478,776
478,790
478,845
478,852
478,872
478,880
478,900
478,974
478,997
479,507
479,691
479,706
479,735
479,742
479,758
479,813
479,867
479,929
479,993
480,481
480,497
480,602
480,628
480,634
480,655
480,659
480,686
480,690
480,737
480,755
480,771
480,797
480,885
480,887
480,949
481,505
481,534
481,544
481,545
481,574
481,588
481,591
481,608
481,612
481,657
481,673
481,724
481,760
481,777
481,787
481,813
481,815
481,852
481,866
481,876
481,895
481,915
481,964
481,976
481,979
482,505
482,506
482,519
482,555
482,591
482,616
482,661
482,743
482,768
482,818
482,823
482,861
482,937
482,963
482,970
482,993
483,506
483,511
483,530
483,546
483,565
483,606
483,613
483,617
483,682
483,687
483,729
483,730
483,745
483,819
483,842
483,889
483,907
483,942
483,950
483,952
483,973
483,987
484,535
484,810
484,848
484,852
484,883
484,927
484,958
484,979
485,628
485,715
485,737
485,755
485,767
485,797
485,804
485,810
485,829
485,843
485,848
485,864
485,871
485,885
485,918
485,955
485,958
486,501
486,527
486,556
486,614
486,652
486,701
486,732
486,756
486,765
486,792
486,806
486,861
486,890
486,909
487,495
487,504
487,573
487,622
487,674
487,676
487,692
487,693
487,700
487,713
487,735
487,763
487,773
487,814
487,826
487,863
487,869
487,875
487,915
488,524
488,530
488,533
488,553
488,606
488,617
488,621
488,679
488,694
488,695
488,709
488,739
488,750
488,761
488,766
488,786
488,825
488,830
488,857
488,865
488,868
488,912
488,952
488,973
489,496
489,526
489,532
489,588
489,595
489,605
489,622
489,676
489,695
489,713
489,720
489,746
489,759
489,771
489,806
489,811
489,843
489,862
489,930
489,934
489,941
489,955
489,960
489,962
489,975
489,985
490,494
490,514
490,548
490,549
490,557
490,564
490,623
490,627
490,696
490,710
490,750
490,780
490,801
490,825
490,872
490,877
490,987
490,992
491,577
491,619
491,626
491,628
491,647
491,686
491,705
491,747
491,754
491,767
491,794
491,798
491,864
491,879
491,903
491,922
491,953
491,957
491,969
491,986
491,996
492,530
492,553
492,562
492,587
492,598
492,606
492,617
492,682
492,697
492,739
492,741
492,758
492,767
492,780
492,793
492,799
492,803
492,817
492,819
492,825
492,830
492,845
492,857
492,912
492,931
492,950
492,987
492,992
493,500
493,542
493,559
493,586
493,593
493,618
493,635
493,653
493,678
493,714
493,718
493,733
493,756
493,791
493,802
493,815
493,827
493,843
493,861
493,934
493,937
493,938
493,956
493,999
494,566
494,591
494,598
494,621
494,639
494,647
494,702
494,709
494,710
494,748
494,750
494,786
494,854
494,902
494,961
494,963
494,969
494,985
494,986
495,502
495,595
495,622
495,644
495,656
495,670
495,693
495,742
495,808
495,811
495,814
495,841
495,851
495,862
495,902
495,927
495,940
495,958
496,498
496,656
496,657
496,674
496,759
496,763
496,806
496,814
496,828
496,891
496,895
496,928
496,930
496,940
496,975
497,535
497,577
497,603
497,605
497,606
497,615
497,628
497,640
497,657
497,675
497,705
497,748
497,755
497,759
497,771
497,810
497,824
497,887
497,911
497,949
497,951
498,509
498,522
498,536
498,549
498,569
498,591
498,620
498,623
498,627
498,630
498,658
498,679
498,684
498,692
498,700
498,702
498,706
498,709
498,781
498,867
498,886
498,893
498,897
498,902
498,946
498,967
498,998
499,507
499,533
499,536
499,619
499,638
499,852
499,873
499,893
499,910
499,921
499,976
500,521
500,522
500,534
500,574
500,587
500,591
500,608
500,612
500,638
500,640
500,657
500,659
500,771
500,773
500,816
500,821
500,829
500,862
500,866
500,875
500,876
500,890
500,936
500,960
500,979
501,580
501,591
501,653
501,669
501,700
501,714
501,756
501,765
501,786
501,787
501,799
501,802
501,823
501,839
501,861
501,882
501,890
501,913
501,948
501,990
502,512
502,535
502,563
502,601
502,602
502,676
502,695
502,709
502,737
502,744
502,754
502,810
502,858
502,866
502,870
502,883
502,911
502,929
502,946
502,955
502,963
502,965
502,966
503,506
503,515
503,519
503,530
503,552
503,616
503,620
503,656
503,669
503,743
503,764
503,779
503,859
503,863
503,872
503,874
503,913
503,932
503,937
503,963
503,970
503,999
504,508
504,509
504,557
504,582
504,631
504,670
504,709
504,716
504,735
504,742
504,814
504,869
504,918
504,966
505,542
505,544
505,545
505,556
505,559
505,574
505,586
505,608
505,612
505,621
505,631
505,643
505,659
505,673
505,676
505,716
505,728
505,736
505,760
505,785
505,812
505,823
505,826
505,848
505,856
505,866
505,902
505,905
505,908
505,912
505,915
505,960
505,962
506,511
506,525
506,530
506,532
506,565
506,602
506,614
506,694
506,697
506,795
506,803
506,830
506,844
506,874
506,965
506,984
506,987
506,994
507,509
507,517
507,522
507,524
507,542
507,573
507,591
507,692
507,698
507,700
507,717
507,769
507,786
507,813
507,840
507,878
507,896
507,908
507,958
507,981
507,998
508,544
508,560
508,587
508,638
508,640
508,723
508,736
508,770
508,773
508,775
508,785
508,928
508,962
508,980
509,517
509,524
509,591
509,609
509,627
509,716
509,744
509,755
509,789
509,805
509,810
509,816
509,830
509,873
509,893
509,908
509,935
510,518
510,558
510,561
510,578
510,598
510,624
510,625
510,655
510,694
510,708
510,731
510,783
510,786
510,794
510,834
510,852
510,864
510,874
510,876
510,879
510,886
510,920
510,933
510,958
510,961
510,969
510,971
510,986
510,996
511,525
511,599
511,614
511,620
511,629
511,654
511,656
511,661
511,687
511,693
511,694
511,736
511,753
511,772
511,793
511,904
511,919
511,950
512,517
512,518
512,526
512,593
512,602
512,604
512,610
512,649
512,676
512,693
512,715
512,736
512,744
512,749
512,771
512,814
512,837
512,842
512,887
512,893
512,897
512,909
512,911
512,918
512,951
512,956
512,975
513,594
513,618
513,627
513,642
513,652
513,653
513,669
513,698
513,714
513,732
513,756
513,809
513,832
513,841
513,861
513,876
513,884
513,890
513,934
513,935
513,943
513,985
514,549
514,566
514,571
514,629
514,688
514,724
514,750
514,792
514,800
514,823
514,906
514,951
514,992
515,591
515,764
515,766
515,793
515,830
515,912
515,937
516,561
516,592
516,601
516,665
516,827
516,833
517,524
517,627
517,653
517,689
517,717
517,751
517,763
517,769
517,787
517,805
517,813
517,816
517,826
517,842
517,925
517,935
517,940
517,943
517,968
517,991
517,997
518,537
518,624
518,681
518,686
518,708
518,734
518,750
518,767
518,783
518,795
518,834
518,846
518,869
518,874
518,879
518,886
518,922
518,969
518,986
519,541
519,552
519,576
519,584
519,658
519,660
519,674
519,712
519,743
519,764
519,787
519,795
519,799
519,814
519,838
519,839
519,845
519,859
519,910
519,924
519,925
519,959
519,964
519,993
520,527
520,551
520,561
520,579
520,609
520,615
520,620
520,627
520,670
520,672
520,690
520,691
520,712
520,713
520,724
520,743
520,751
520,758
520,787
520,789
520,790
520,794
520,813
520,823
520,878
520,884
520,885
520,900
520,929
520,937
520,991
521,638
521,659
521,703
521,739
521,770
521,821
521,894
521,916
521,917
521,928
521,948
521,976
522,538
522,562
522,588
522,615
522,621
522,627
522,630
522,646
522,663
522,676
522,692
522,701
522,706
522,744
522,780
522,790
522,795
522,813
522,823
522,845
522,869
522,893
522,906
522,967
522,981
522,991
523,532
523,538
523,622
523,656
523,658
523,702
523,715
523,723
523,742
523,748
523,788
523,843
523,848
523,885
523,892
523,897
523,906
523,914
523,927
523,930
523,942
523,951
523,955
523,960
524,527
524,542
524,591
524,602
524,621
524,632
524,640
524,646
524,673
524,711
524,714
524,748
524,758
524,760
524,786
524,807
524,809
524,816
524,823
524,826
524,829
524,835
524,876
524,897
524,900
524,908
524,911
524,935
524,938
524,956
525,565
525,766
525,772
525,950
526,564
526,593
526,601
526,604
526,617
526,620
526,626
526,629
526,647
526,663
526,667
526,676
526,695
526,705
526,709
526,720
526,722
526,756
526,758
526,771
526,791
526,794
526,800
526,810
526,825
526,837
526,840
526,842
526,850
526,857
526,865
526,869
526,870
526,874
526,888
526,897
526,898
526,914
526,918
526,920
526,927
526,946
526,953
526,963
526,966
526,986
527,575
527,581
527,582
527,604
527,615
527,627
527,666
527,684
527,700
527,713
527,716
527,751
527,786
527,826
527,842
527,869
527,952
527,962
527,967
527,970
528,553
528,588
528,600
528,648
528,690
528,744
528,774
528,825
528,836
528,853
528,865
528,877
528,973
529,533
529,561
529,562
529,620
529,645
529,662
529,664
529,701
529,726
529,727
529,729
529,735
529,738
529,758
529,766
529,818
529,823
529,845
529,856
529,872
529,880
529,937
529,990
530,546
530,552
530,565
530,576
530,620
530,621
530,630
530,631
530,655
530,679
530,687
530,697
530,730
530,739
530,745
530,766
530,772
530,793
530,801
530,803
530,830
530,856
530,857
530,865
530,868
530,912
530,942
530,947
530,950
530,977
530,987
531,576
531,602
531,644
531,647
531,744
531,754
531,771
531,790
531,837
531,892
531,906
531,918
531,951
531,956
531,963
531,975
532,555
532,561
532,568
532,588
532,628
532,710
532,716
532,722
532,746
532,747
532,755
532,759
532,763
532,806
532,840
532,843
532,862
532,892
532,935
532,940
532,941
532,958
532,960
532,967
532,975
532,977
532,979
533,536
533,662
533,818
533,856
533,912
533,942
533,952
533,982
534,542
534,545
534,556
534,608
534,657
534,791
534,811
534,812
534,828
534,852
534,866
534,916
534,936
534,976
534,997
535,538
535,602
535,605
535,622
535,655
535,675
535,729
535,748
535,848
535,850
535,883
535,885
535,887
535,892
535,955
535,963
536,557
536,585
536,606
536,616
536,629
536,721
536,766
536,778
536,793
536,845
536,860
536,868
536,878
536,937
536,952
536,973
536,982
537,563
537,569
537,576
537,599
537,611
537,648
537,681
537,702
537,767
537,783
537,810
537,864
537,874
537,886
537,899
537,914
537,961
538,595
538,605
538,628
538,675
538,771
538,797
538,804
538,814
538,824
538,843
538,848
538,885
538,902
538,914
538,915
538,954
538,958
538,963
539,550
539,563
539,569
539,598
539,624
539,639
539,702
539,705
539,710
539,731
539,955
539,969
539,971
539,986
540,551
540,563
540,589
540,691
540,694
540,745
540,761
540,820
540,836
540,919
540,982
541,584
541,585
541,598
541,641
541,652
541,658
541,669
541,698
541,712
541,716
541,719
541,743
541,745
541,751
541,764
541,765
541,775
541,787
541,838
541,841
541,859
541,863
541,870
541,896
541,901
541,924
541,948
541,959
541,964
541,985
541,987
542,544
542,545
542,560
542,574
542,575
542,608
542,638
542,656
542,657
542,676
542,714
542,723
542,728
542,760
542,773
542,778
542,791
542,806
542,815
542,816
542,823
542,837
542,876
542,894
542,906
542,916
542,928
542,956
542,963
542,976
542,977
542,979
542,989
543,565
543,600
543,617
543,687
543,726
543,727
543,745
543,793
543,818
543,857
543,859
543,865
543,880
543,965
544,586
544,608
544,631
544,669
544,736
544,751
544,760
544,769
544,785
544,791
544,806
544,812
544,852
544,873
544,875
544,885
544,905
544,909
544,915
544,917
544,945
544,977
544,980
544,981
545,549
545,604
545,618
545,631
545,638
545,657
545,719
545,729
545,760
545,769
545,773
545,787
545,791
545,807
545,852
545,864
545,885
545,893
545,910
545,915
545,928
545,933
545,950
545,976
546,565
546,589
546,687
546,696
546,730
546,747
546,753
546,761
546,772
546,803
546,830
546,844
546,912
546,937
546,942
546,947
546,950
546,987
546,990
546,994
547,651
547,657
547,670
547,673
547,676
547,723
547,736
547,791
547,820
547,829
547,857
547,877
547,895
547,915
547,928
547,945
547,962
547,966
548,549
548,609
548,620
548,635
548,672
548,732
548,735
548,738
548,750
548,758
548,761
548,780
548,783
548,784
548,786
548,789
548,790
548,885
548,906
548,929
548,942
549,609
549,647
549,649
549,750
549,786
549,801
549,830
549,868
549,913
549,914
550,581
550,624
550,681
550,702
550,710
550,747
550,748
550,783
550,794
550,914
550,933
550,961
550,986
551,553
551,559
551,589
551,614
551,617
551,629
551,655
551,694
551,730
551,757
551,817
551,820
551,904
551,912
551,919
551,942
551,977
551,987
552,606
552,616
552,642
552,643
552,650
552,664
552,665
552,721
552,743
552,758
552,772
552,795
552,840
552,856
552,859
552,907
552,948
552,970
552,993
553,606
553,617
553,629
553,656
553,665
553,668
553,679
553,682
553,697
553,741
553,753
553,822
553,830
553,860
553,872
553,877
553,887
553,897
553,942
553,947
553,965
553,987
553,990
553,995
554,556
554,559
554,672
554,719
554,736
554,791
554,792
554,807
554,866
554,905
554,909
554,917
554,934
554,938
555,562
555,587
555,608
555,640
555,657
555,674
555,759
555,770
555,777
555,791
555,811
555,824
555,843
555,898
555,902
555,912
555,916
555,928
555,936
555,972
555,976
555,979
555,989
556,559
556,613
556,631
556,642
556,656
556,666
556,678
556,698
556,718
556,719
556,733
556,749
556,768
556,783
556,792
556,799
556,802
556,806
556,815
556,816
556,823
556,826
556,852
556,876
556,882
556,896
556,905
556,917
556,938
556,941
556,964
556,999
557,583
557,606
557,623
557,691
557,695
557,743
557,750
557,780
557,787
557,801
557,849
557,877
557,900
557,912
557,950
557,982
557,991
558,561
558,569
558,578
558,606
558,708
558,830
558,853
558,874
558,919
558,950
559,574
559,608
559,638
559,718
559,719
559,760
559,773
559,791
559,807
559,816
559,833
559,876
559,890
559,905
559,909
559,913
559,915
559,917
559,960
559,968
559,999
560,608
560,644
560,777
560,796
560,807
560,862
560,901
560,916
561,597
561,611
561,617
561,649
561,696
561,754
561,864
561,869
561,883
561,929
561,992
562,565
562,617
562,629
562,641
562,650
562,662
562,726
562,741
562,764
562,766
562,793
562,817
562,818
562,856
562,859
562,860
562,868
562,880
562,912
562,982
562,990
562,994
563,607
563,634
563,647
563,680
563,686
563,699
563,747
563,781
563,782
563,784
563,789
563,794
563,810
563,834
563,847
563,864
563,879
563,886
563,903
563,920
563,922
563,953
563,957
563,978
563,996
564,569
564,590
564,623
564,729
564,750
564,794
564,842
564,854
565,572
565,589
565,614
565,654
565,679
565,687
565,741
565,761
565,772
565,793
565,803
565,805
565,816
565,820
565,830
565,883
565,890
565,939
565,947
565,970
565,987
565,990
565,993
566,576
566,577
566,598
566,648
566,694
566,696
566,702
566,705
566,730
566,734
566,750
566,780
566,791
566,797
566,805
566,834
566,859
566,952
566,992
567,738
567,742
567,883
568,587
568,622
568,629
568,642
568,668
568,683
568,701
568,746
568,748
568,763
568,828
568,838
568,840
568,891
568,930
568,940
569,590
569,597
569,710
569,854
569,991
570,623
570,676
570,830
570,853
570,857
570,877
570,992
571,627
571,668
571,669
571,754
571,781
571,790
571,877
571,923
572,578
572,589
572,597
572,599
572,686
572,690
572,729
572,819
572,825
572,865
572,868
572,881
572,889
572,947
573,656
573,728
573,736
573,760
573,771
573,796
573,806
573,812
573,852
573,945
573,997
573,999
574,608
574,631
574,638
574,656
574,681
574,695
574,716
574,760
574,763
574,773
574,791
574,807
574,812
574,827
574,852
574,892
574,915
574,917
574,918
574,934
574,945
574,962
574,976
574,985
574,988
575,598
575,602
575,604
575,609
575,639
575,659
575,663
575,692
575,710
575,735
575,738
575,781
575,842
575,852
575,869
575,871
575,885
575,893
575,898
575,911
575,927
575,930
575,949
575,966
576,611
576,614
576,640
576,648
576,671
576,681
576,686
576,715
576,750
576,755
576,767
576,780
576,786
576,794
576,800
576,849
576,857
576,877
576,886
576,887
576,899
576,903
576,906
576,907
576,922
576,961
576,972
576,973
577,607
577,647
577,686
577,695
577,740
577,747
577,748
577,810
577,824
577,864
577,897
577,914
577,996
578,581
578,611
578,624
578,710
578,794
578,834
578,874
578,914
578,982
579,630
579,641
579,672
579,681
579,691
579,721
579,727
579,766
579,795
579,832
579,845
579,860
579,872
579,880
579,900
579,909
579,933
579,939
579,952
579,970
580,583
580,614
580,618
580,658
580,666
580,669
580,697
580,718
580,785
580,805
580,816
580,823
580,826
580,831
580,836
580,861
580,873
580,878
580,900
580,908
580,932
580,956
580,968
580,988
580,997
581,639
581,667
581,710
581,783
581,794
581,800
581,810
581,883
581,887
581,897
581,914
581,967
581,986
581,991
582,604
582,610
582,656
582,673
582,684
582,692
582,711
582,716
582,722
582,735
582,738
582,760
582,778
582,800
582,811
582,869
582,891
582,892
582,914
582,928
582,935
582,967
583,594
583,613
583,689
583,759
583,839
583,863
583,890
583,896
583,901
583,926
583,997
584,613
584,614
584,624
584,628
584,650
584,652
584,658
584,660
584,689
584,698
584,773
584,807
584,859
584,863
584,884
584,889
584,890
584,924
584,925
584,974
584,985
585,751
585,766
585,772
585,776
585,808
585,845
585,851
585,880
585,900
585,929
585,997
586,635
586,666
586,718
586,733
586,735
586,792
586,917
587,603
587,612
587,643
587,657
587,701
587,723
587,759
587,773
587,777
587,795
587,806
587,828
587,843
587,862
587,866
587,936
587,979
587,999
588,612
588,618
588,746
588,755
588,759
588,792
588,811
588,848
588,862
588,864
588,895
588,930
588,941
588,954
588,962
588,963
588,975
589,599
589,600
589,606
589,614
589,658
589,661
589,682
589,694
589,697
589,730
589,753
589,757
589,774
589,803
589,817
589,836
589,849
589,861
589,892
589,908
589,931
589,947
589,961
589,973
589,984
590,598
590,696
590,750
590,776
590,822
590,877
590,912
590,957
591,656
591,669
591,673
591,694
591,711
591,717
591,770
591,780
591,785
591,792
591,799
591,816
591,827
591,831
591,844
591,909
591,924
591,928
591,934
591,937
591,943
591,948
591,988
591,997
592,714
592,728
592,743
592,799
592,863
592,870
592,882
592,909
593,673
593,693
593,711
593,715
593,738
593,778
593,808
593,873
593,884
593,897
593,980
594,621
594,642
594,653
594,658
594,664
594,698
594,718
594,727
594,732
594,765
594,779
594,809
594,816
594,832
594,838
594,841
594,861
594,896
594,901
594,909
594,925
594,943
594,956
594,959
595,622
595,651
595,674
595,746
595,804
595,808
595,814
595,828
595,831
595,848
595,862
595,892
595,918
595,921
595,927
595,941
595,951
595,954
595,960
595,980
596,619
596,620
596,789
596,797
596,843
596,933
596,953
596,978
596,983
597,600
597,672
597,774
597,853
597,886
598,607
598,627
598,639
598,695
598,702
598,705
598,758
598,790
598,800
598,834
598,860
598,867
598,877
598,900
598,906
598,961
598,969
598,979
598,986
599,600
599,617
599,633
599,688
599,690
599,774
599,801
599,822
599,836
599,837
599,849
599,853
599,973
600,614
600,629
600,672
600,681
600,690
600,699
600,730
600,774
600,822
600,849
600,857
600,872
600,877
600,907
600,947
601,604
601,615
601,619
601,667
601,684
601,695
601,705
601,708
601,720
601,722
601,750
601,778
601,797
601,842
601,874
601,881
601,886
601,893
601,914
601,962
601,963
602,603
602,644
602,712
602,724
602,744
602,754
602,755
602,791
602,797
602,897
602,899
602,906
602,918
602,941
602,946
602,949
602,951
602,958
602,963
603,615
603,628
603,675
603,682
603,686
603,736
603,755
603,771
603,782
603,791
603,794
603,824
603,847
603,885
603,887
603,888
603,895
603,949
603,955
603,958
603,963
604,670
604,684
604,693
604,737
604,738
604,754
604,759
604,763
604,810
604,811
604,824
604,830
604,837
604,867
604,883
604,893
604,897
604,918
604,939
604,951
604,975
605,622
605,640
605,742
605,744
605,748
605,763
605,771
605,790
605,797
605,843
605,848
605,862
605,885
605,893
605,927
605,951
605,954
606,609
606,617
606,672
606,729
606,739
606,764
606,786
606,787
606,801
606,822
606,825
606,830
606,844
606,856
606,857
606,868
606,872
606,923
606,931
606,947
606,953
606,984
607,655
607,680
607,688
607,699
607,705
607,740
607,762
607,782
607,789
607,846
607,862
607,879
607,903
607,907
607,920
607,933
607,996
608,631
608,638
608,686
608,728
608,733
608,760
608,763
608,791
608,829
608,915
608,934
608,976
608,981
609,620
609,639
609,656
609,672
609,710
609,716
609,725
609,744
609,758
609,769
609,801
609,827
609,848
609,912
610,814
610,962
610,980
611,648
611,671
611,681
611,708
611,749
611,795
611,803
611,857
611,874
611,886
611,933
611,972
611,978
612,622
612,637
612,643
612,654
612,674
612,746
612,760
612,777
612,921
612,928
612,936
612,977
612,979
613,660
613,664
613,689
613,698
613,712
613,715
613,728
613,787
613,841
613,863
613,868
613,890
613,896
613,898
613,900
613,913
613,924
613,985
614,661
614,679
614,682
614,684
614,690
614,694
614,712
614,729
614,751
614,757
614,774
614,786
614,803
614,819
614,820
614,822
614,830
614,836
614,919
614,931
614,987
614,992
615,619
615,627
615,634
615,639
615,647
615,655
615,686
615,688
615,695
615,705
615,716
615,748
615,750
615,762
615,771
615,783
615,784
615,786
615,794
615,797
615,798
615,810
615,837
615,877
615,887
615,903
615,911
615,914
615,934
615,953
615,963
615,978
616,665
616,685
616,764
616,768
616,784
616,793
616,805
616,826
616,859
616,872
616,879
616,932
616,937
616,970
617,629
617,696
617,729
617,736
617,780
617,822
617,830
617,838
617,857
617,865
617,877
617,912
617,931
617,967
617,982
617,995
618,635
618,642
618,653
618,711
618,714
618,723
618,732
618,737
618,756
618,765
618,791
618,805
618,815
618,841
618,852
618,861
618,884
618,890
618,915
618,925
618,938
618,943
619,628
619,646
619,647
619,655
619,676
619,724
619,748
619,774
619,784
619,797
619,810
619,814
619,833
619,842
619,847
619,870
619,911
619,922
619,931
619,939
619,951
619,953
619,955
619,957
619,961
619,963
619,978
619,996
620,627
620,656
620,668
620,672
620,696
620,703
620,709
620,727
620,739
620,753
620,758
620,769
620,780
620,786
620,790
620,813
620,834
620,881
620,919
620,935
620,965
620,988
620,997
621,635
621,642
621,652
621,653
621,669
621,701
621,714
621,718
621,719
621,732
621,765
621,766
621,787
621,809
621,815
621,832
621,833
621,861
621,889
621,901
621,905
621,915
621,925
621,936
621,943
621,964
621,981
622,656
622,719
622,755
622,848
622,862
622,885
622,892
622,902
622,914
622,921
622,927
622,941
622,951
622,958
622,960
622,963
623,688
623,693
623,696
623,725
623,739
623,750
623,780
623,783
623,789
623,790
623,801
623,844
623,849
623,853
623,859
623,877
623,898
623,900
623,925
623,944
623,992
624,639
624,648
624,659
624,663
624,667
624,681
624,708
624,731
624,734
624,771
624,794
624,834
624,879
624,880
624,922
624,951
624,953
624,961
624,972
624,978
624,986
625,638
625,654
625,786
625,801
625,859
625,929
625,991
626,646
626,693
626,784
626,797
626,800
626,804
626,810
626,870
626,911
626,922
626,963
626,967
627,659
627,686
627,716
627,738
627,751
627,758
627,766
627,790
627,816
627,825
627,902
627,942
627,944
627,982
628,647
628,695
628,696
628,705
628,724
628,748
628,792
628,797
628,810
628,824
628,843
628,870
628,887
628,888
628,911
628,918
628,923
628,949
628,953
628,963
629,677
629,687
629,697
629,714
629,730
629,761
629,834
629,842
629,868
629,912
629,925
629,987
630,641
630,745
630,758
630,764
630,766
630,791
630,793
630,833
630,838
630,859
630,896
630,937
630,951
630,990
630,994
631,638
631,678
631,711
631,732
631,773
631,791
631,851
631,852
631,876
631,910
631,943
631,945
632,669
632,700
632,710
632,717
632,785
632,807
632,823
632,831
632,869
632,910
632,999
633,656
633,666
633,711
633,775
633,785
633,809
633,832
633,896
634,655
634,680
634,686
634,694
634,699
634,747
634,762
634,767
634,782
634,783
634,784
634,789
634,794
634,810
634,847
634,879
634,903
634,920
634,922
634,933
634,946
634,953
634,957
634,972
634,992
634,996
635,644
635,653
635,658
635,707
635,714
635,732
635,756
635,792
635,815
635,832
635,837
635,873
635,890
635,915
635,925
635,934
635,938
635,943
636,705
636,784
636,798
636,810
636,835
636,923
636,953
636,978
636,983
637,654
637,656
637,673
637,677
637,712
637,727
637,743
637,787
637,799
637,839
637,915
637,924
637,932
637,942
637,976
637,981
637,985
637,993
638,653
638,659
638,722
638,759
638,773
638,777
638,784
638,791
638,792
638,815
638,831
638,866
638,928
638,936
638,943
638,979
638,989
639,681
639,708
639,712
639,800
639,849
639,868
639,881
639,886
639,906
640,657
640,673
640,760
640,783
640,850
640,893
640,934
640,936
640,962
641,650
641,727
641,745
641,766
641,868
641,919
641,994
642,653
642,656
642,657
642,713
642,714
642,732
642,756
642,765
642,787
642,798
642,809
642,832
642,839
642,861
642,925
642,943
643,659
643,670
643,673
643,674
643,806
643,828
643,934
643,977
643,979
643,988
644,674
644,676
644,683
644,723
644,738
644,742
644,759
644,787
644,790
644,808
644,828
644,843
644,851
644,869
644,892
644,893
644,902
644,913
644,927
644,941
645,727
645,839
645,854
646,692
646,724
646,748
646,771
646,789
646,798
646,800
646,810
646,816
646,842
646,939
646,960
646,963
646,978
647,655
647,686
647,755
647,771
647,782
647,810
647,814
647,864
647,911
647,953
647,960
647,963
648,671
648,681
648,682
648,731
648,749
648,820
648,848
648,854
648,874
648,886
648,899
648,961
648,972
648,979
648,988
649,672
649,681
649,758
649,786
649,929
649,970
649,991
650,665
650,677
650,685
650,723
650,745
650,764
650,766
650,779
650,787
650,793
650,802
650,833
650,856
650,859
650,863
650,884
650,890
650,896
650,917
650,924
650,959
650,985
650,993
650,999
651,746
651,763
651,788
651,828
651,895
651,911
651,941
652,658
652,664
652,701
652,717
652,765
652,806
652,834
652,839
652,861
652,863
652,901
652,948
652,964
652,970
653,659
653,664
653,732
653,756
653,761
653,765
653,809
653,832
653,861
653,901
653,938
653,943
653,964
653,981
654,730
654,764
654,819
654,820
654,844
654,850
654,895
654,904
654,947
654,963
654,965
654,984
655,680
655,686
655,688
655,696
655,699
655,740
655,750
655,762
655,782
655,783
655,784
655,789
655,794
655,800
655,803
655,824
655,846
655,847
655,903
655,907
655,933
655,939
655,946
655,978
655,983
655,988
655,989
655,996
656,666
656,668
656,673
656,711
656,713
656,714
656,728
656,760
656,769
656,770
656,791
656,796
656,801
656,813
656,826
656,829
656,831
656,832
656,835
656,839
656,858
656,866
656,873
656,875
656,898
656,910
656,915
656,936
656,958
656,988
657,669
657,677
657,717
657,723
657,760
657,773
657,791
657,866
657,875
657,883
657,902
657,925
657,928
657,930
657,951
657,962
657,966
657,979
658,664
658,679
658,698
658,701
658,765
658,884
658,890
658,901
658,964
658,970
659,700
659,703
659,708
659,736
659,751
659,762
659,770
659,771
659,773
659,806
659,820
659,821
659,828
659,858
659,891
659,895
659,906
659,930
659,941
659,960
659,979
659,994
660,689
660,838
660,839
660,841
660,859
660,896
660,932
660,985
661,694
661,741
661,745
661,819
661,820
661,855
661,881
661,950
661,961
661,984
662,727
662,766
662,800
662,896
662,937
663,692
663,727
663,738
663,754
663,840
663,842
663,867
663,869
663,883
663,889
663,893
664,698
664,701
664,718
664,765
664,775
664,792
664,793
664,832
664,861
664,863
664,864
664,884
664,890
664,896
664,903
664,908
664,909
664,964
664,985
665,856
665,974
666,684
666,719
666,752
666,775
666,802
666,835
666,862
666,890
666,909
666,910
666,917
666,940
666,943
666,948
666,988
666,997
666,999
667,686
667,710
667,774
667,786
667,800
667,864
667,893
667,898
667,906
667,907
667,914
667,931
667,969
668,687
668,713
668,725
668,750
668,758
668,790
668,793
668,816
668,823
668,842
668,906
669,694
669,696
669,771
669,816
669,823
669,842
669,861
669,875
669,876
669,970
669,986
669,987
669,997
670,673
670,676
670,683
670,703
670,722
670,723
670,759
670,778
670,785
670,806
670,808
670,811
670,821
670,866
670,916
670,928
670,962
671,749
671,886
671,899
671,972
672,696
672,764
672,768
672,774
672,790
672,815
672,838
672,844
672,900
672,929
672,972
673,728
673,746
673,785
673,786
673,843
673,852
673,866
673,892
673,915
673,962
673,977
674,676
674,681
674,759
674,806
674,811
674,832
674,858
674,885
674,891
674,892
674,916
674,940
674,989
675,744
675,771
675,804
675,850
675,885
675,915
675,954
675,958
675,975
676,683
676,692
676,742
676,744
676,745
676,759
676,803
676,806
676,814
676,838
676,843
676,848
676,869
676,880
676,893
676,902
676,913
676,916
676,917
676,927
676,929
676,960
676,963
676,980
677,764
677,772
677,779
677,790
677,823
677,917
677,937
677,947
677,959
677,985
678,707
678,718
678,719
678,733
678,792
678,807
678,815
678,986
678,999
679,687
679,761
679,793
679,830
679,912
679,947
679,987
679,990
680,686
680,688
680,697
680,747
680,748
680,762
680,784
680,847
680,907
680,923
680,953
680,978
681,686
681,688
681,694
681,748
681,749
681,767
681,794
681,842
681,874
681,882
681,886
681,956
681,971
681,972
681,978
681,986
682,690
682,694
682,709
682,730
682,732
682,739
682,741
682,757
682,769
682,816
682,820
682,836
682,855
682,931
682,947
682,973
682,990
683,738
683,776
683,805
683,811
683,814
683,851
683,870
683,880
683,882
683,933
684,692
684,700
684,710
684,735
684,781
684,839
684,869
684,935
684,967
684,998
685,707
685,743
685,744
685,766
685,787
685,814
685,831
685,833
685,859
685,997
686,702
686,748
686,771
686,783
686,784
686,791
686,794
686,802
686,810
686,813
686,823
686,834
686,864
686,869
686,914
686,922
686,930
686,933
686,935
686,939
686,949
686,953
686,958
686,963
686,969
686,986
686,996
687,694
687,697
687,753
687,761
687,772
687,845
687,855
687,904
687,912
687,987
688,699
688,747
688,782
688,846
688,847
688,879
688,903
688,907
688,914
688,933
688,953
688,957
689,760
689,779
689,787
689,823
689,838
689,839
689,858
689,863
689,905
689,924
689,988
690,739
690,749
690,774
690,775
690,780
690,853
690,857
690,865
690,900
690,912
690,931
691,730
691,775
691,808
691,868
691,878
691,900
691,943
691,952
691,974
691,995
692,705
692,713
692,722
692,741
692,778
692,781
692,823
692,830
692,842
692,848
692,864
692,869
692,883
692,893
692,898
692,902
692,924
693,695
693,715
693,727
693,737
693,748
693,842
693,867
693,871
693,878
693,967
694,729
694,730
694,739
694,750
694,757
694,820
694,872
694,919
694,931
694,947
694,950
694,965
694,973
694,987
694,992
695,705
695,720
695,755
695,780
695,800
695,842
695,896
695,911
695,914
695,949
695,953
695,963
695,991
696,725
696,734
696,738
696,750
696,794
696,855
696,899
696,906
696,931
696,933
696,944
696,973
696,981
696,992
697,856
697,904
697,912
697,947
698,727
698,765
698,841
698,843
698,884
698,890
698,905
698,943
698,964
698,981
699,702
699,747
699,789
699,794
699,847
699,922
699,986
699,988
700,717
700,763
700,775
700,779
700,805
700,816
700,823
700,829
700,913
701,703
701,721
701,732
701,755
701,765
701,869
701,884
701,901
702,731
702,744
702,794
702,797
702,864
702,874
702,923
702,929
702,949
702,986
702,998
703,718
703,759
703,770
703,788
703,821
703,894
703,916
703,936
703,965
704,791
704,797
704,807
704,873
704,893
704,968
704,989
705,747
705,748
705,765
705,766
705,783
705,796
705,810
705,837
705,864
705,870
705,873
705,914
705,922
705,930
705,961
705,996
706,716
706,726
706,750
706,758
706,780
706,816
706,908
706,935
707,719
707,818
707,833
707,873
708,748
708,765
708,767
708,786
708,787
708,789
708,834
708,849
708,874
708,907
708,986
708,996
709,712
709,715
709,725
709,729
709,774
709,781
709,800
709,837
709,842
709,843
709,906
709,913
709,946
709,951
709,958
709,963
709,971
709,983
710,783
710,790
710,794
710,798
710,800
710,879
710,898
710,906
710,914
710,940
710,961
710,966
710,976
710,986
711,714
711,826
711,842
711,858
711,873
711,875
711,909
711,974
711,980
711,993
711,999
712,721
712,785
712,787
712,799
712,803
712,833
712,838
712,839
712,859
712,872
712,893
712,901
712,926
712,932
712,937
712,948
712,952
712,981
712,985
713,716
713,735
713,787
713,803
713,826
713,843
713,887
713,892
713,903
713,908
713,910
713,936
713,962
713,964
713,967
714,732
714,756
714,790
714,802
714,809
714,815
714,832
714,841
714,890
714,896
714,901
714,913
714,925
714,943
714,950
714,956
715,716
715,724
715,738
715,785
715,790
715,837
715,862
715,885
715,893
715,897
715,901
715,951
715,998
716,723
716,735
716,742
716,751
716,762
716,765
716,806
716,814
716,826
716,859
716,865
716,869
716,883
716,893
716,902
716,906
716,908
716,918
716,927
716,967
716,986
717,734
717,751
717,773
717,831
717,835
717,881
717,896
717,935
717,997
718,732
718,792
718,802
718,830
718,832
718,876
718,917
718,925
718,938
718,956
719,728
719,732
719,752
719,765
719,784
719,792
719,799
719,833
719,887
719,889
719,909
719,938
719,952
719,956
719,968
719,981
719,987
719,997
719,999
720,732
720,800
720,857
720,870
720,914
720,946
720,955
720,963
721,727
721,738
721,779
721,818
721,845
721,855
721,882
721,900
721,912
721,990
721,995
722,738
722,778
722,840
722,868
722,869
722,893
722,966
722,998
723,736
723,749
723,751
723,769
723,808
723,827
723,829
723,848
723,851
723,892
723,925
723,962
723,980
724,754
724,760
724,771
724,783
724,885
724,887
724,888
724,911
724,918
724,923
724,939
724,940
724,960
724,986
725,750
725,759
725,786
725,992
726,727
726,794
726,860
726,880
726,900
726,912
726,947
726,990
727,731
727,743
727,751
727,764
727,818
727,819
727,830
727,838
727,845
727,868
727,869
727,872
727,934
727,952
727,970
727,974
727,990
727,994
728,812
728,821
728,873
728,938
728,939
728,945
729,739
729,767
729,780
729,784
729,819
729,825
729,849
729,853
729,856
729,865
729,877
729,886
729,943
729,963
729,979
729,982
730,739
730,741
730,743
730,751
730,757
730,822
730,836
730,857
730,911
730,931
730,972
730,973
731,774
731,794
731,846
731,857
731,911
731,933
731,978
732,743
732,756
732,775
732,781
732,802
732,807
732,809
732,890
732,896
732,905
732,909
732,914
732,925
732,938
732,945
732,985
733,773
733,791
733,812
733,826
733,962
733,999
734,807
734,834
734,874
734,912
734,986
735,752
735,778
735,806
735,812
735,814
735,869
735,989
736,756
736,773
736,785
736,798
736,808
736,841
736,869
736,911
736,928
736,962
736,980
737,755
737,781
737,794
737,848
737,885
737,887
737,911
737,951
737,955
737,963
738,744
738,781
738,851
738,865
738,867
738,967
738,988
738,998
739,741
739,750
739,753
739,755
739,757
739,765
739,830
739,859
739,865
739,890
739,931
739,947
739,950
739,973
739,974
739,987
739,994
740,744
740,784
740,794
740,810
740,846
740,879
740,880
740,903
740,920
740,928
740,933
740,963
740,969
741,757
741,817
741,823
741,855
741,874
741,950
741,984
742,795
742,808
742,811
742,816
742,843
742,883
742,892
742,902
742,916
742,940
742,975
742,977
743,745
743,766
743,768
743,790
743,795
743,810
743,812
743,827
743,838
743,872
743,932
743,937
743,948
743,999
744,745
744,751
744,754
744,783
744,811
744,816
744,837
744,838
744,858
744,882
744,893
744,895
744,898
744,900
744,909
744,911
744,918
744,946
744,951
744,952
745,766
745,779
745,803
745,830
745,835
745,856
745,859
745,924
745,964
745,970
745,980
745,982
745,990
745,994
746,763
746,770
746,788
746,828
746,840
746,891
746,895
746,916
746,930
746,960
746,962
746,966
746,979
747,767
747,783
747,784
747,790
747,794
747,814
747,847
747,864
747,879
747,897
747,903
747,907
747,914
747,922
747,938
747,955
747,969
747,971
747,986
747,996
748,762
748,797
748,810
748,824
748,850
748,859
748,887
748,888
748,901
748,902
748,911
748,927
748,939
748,949
748,951
749,789
749,816
749,857
749,877
749,897
749,899
749,912
749,972
749,991
750,753
750,762
750,774
750,780
750,786
750,822
750,830
750,851
750,874
750,893
750,902
750,918
750,929
750,960
750,969
750,975
750,988
750,991
751,769
751,787
751,790
751,813
751,816
751,908
751,992
752,816
752,835
752,910
753,803
753,904
753,919
753,950
753,987
754,778
754,814
754,916
754,918
754,951
754,958
754,966
755,771
755,810
755,848
755,850
755,865
755,885
755,887
755,903
755,911
755,914
755,949
755,951
755,953
755,975
755,976
756,773
756,808
756,810
756,815
756,832
756,861
756,890
756,925
756,954
756,981
757,820
757,822
757,830
757,849
757,852
757,919
757,931
757,947
757,966
758,779
758,783
758,790
758,844
758,901
758,973
758,982
758,987
759,777
759,828
759,840
759,852
759,862
759,880
759,891
759,892
759,895
759,909
759,930
759,940
759,946
759,960
759,962
759,975
759,976
759,979
760,773
760,806
760,812
760,814
760,816
760,826
760,848
760,852
760,876
760,915
760,928
760,931
760,935
760,945
760,979
761,780
761,800
761,803
761,817
761,820
761,865
761,947
761,987
761,992
762,784
762,789
762,847
762,887
762,892
762,903
762,907
762,923
762,953
762,955
762,957
762,963
762,978
763,770
763,771
763,788
763,821
763,828
763,843
763,862
763,891
763,895
763,914
763,916
763,930
763,941
763,951
763,975
763,986
764,766
764,783
764,794
764,798
764,812
764,834
764,859
764,924
764,937
764,942
764,956
764,994
765,799
765,900
765,901
765,907
765,925
765,930
765,943
765,956
765,962
766,776
766,793
766,815
766,818
766,836
766,856
766,859
766,868
766,899
766,912
766,947
766,970
766,990
766,994
767,782
767,783
767,834
767,877
767,899
767,933
767,961
767,986
768,823
768,830
768,859
768,893
768,937
769,784
769,816
769,818
769,893
769,908
769,912
769,929
769,947
769,974
769,990
770,786
770,811
770,821
770,875
770,894
770,916
770,928
770,936
770,941
770,956
770,975
771,823
771,842
771,848
771,850
771,864
771,879
771,885
771,903
771,911
771,914
771,927
771,949
771,955
771,960
771,963
771,978
771,991
772,813
772,919
772,942
772,943
772,972
772,987
773,791
773,795
773,807
773,812
773,815
773,852
773,862
773,866
773,873
773,876
773,894
773,903
773,917
774,849
774,857
774,899
774,928
774,933
774,963
775,799
775,889
775,913
775,988
776,796
776,801
776,825
776,834
776,845
776,896
776,929
777,826
777,902
777,915
777,928
777,989
778,805
778,816
778,893
778,897
778,908
778,922
779,838
779,845
779,859
779,862
779,990
779,994
779,999
780,793
780,801
780,825
780,857
780,865
780,877
780,886
780,911
780,919
780,937
780,973
780,992
781,816
781,854
781,867
781,906
781,915
781,916
781,929
781,998
782,846
782,920
782,933
783,794
783,810
783,856
783,864
783,874
783,883
783,886
783,898
783,900
783,906
783,922
783,986
784,789
784,794
784,834
784,846
784,847
784,863
784,871
784,879
784,881
784,920
784,923
784,933
784,953
784,954
784,957
784,973
784,978
784,983
784,996
785,788
785,796
785,812
785,829
785,866
785,875
785,895
785,909
785,915
786,790
786,829
786,845
786,862
786,991
787,803
787,832
787,838
787,872
787,896
787,913
787,917
787,948
787,981
787,999
788,828
788,840
788,843
788,858
788,862
788,895
788,941
789,847
789,864
789,879
789,906
789,907
789,923
789,953
789,957
789,978
789,996
790,832
790,842
790,869
790,872
790,880
790,886
790,889
790,893
790,898
790,914
790,929
790,933
790,951
790,963
790,967
790,978
790,991
791,796
791,812
791,815
791,821
791,823
791,852
791,861
791,876
791,896
791,915
791,936
791,976
791,987
791,989
792,802
792,911
792,917
792,951
792,988
792,999
793,803
793,838
793,856
793,859
793,868
793,880
793,890
793,942
793,950
793,953
793,966
793,987
793,994
793,995
794,809
794,810
794,834
794,864
794,865
794,879
794,881
794,911
794,922
794,933
794,953
794,954
794,971
794,986
794,992
795,834
795,875
795,920
795,924
795,932
795,966
795,985
795,993
795,997
796,858
796,873
796,876
796,976
797,850
797,869
797,870
797,887
797,911
797,949
797,960
797,963
798,908
798,953
798,978
798,983
798,996
799,805
799,807
799,816
799,841
799,876
799,882
799,889
799,896
799,913
799,956
799,997
800,810
800,874
800,893
800,898
800,902
800,906
800,914
800,963
800,966
801,822
801,841
801,922
801,963
801,982
802,816
802,909
802,925
802,938
802,956
802,986
802,999
803,835
803,844
803,857
803,860
803,862
803,896
803,901
803,908
803,919
803,931
803,947
803,950
803,965
803,973
803,984
803,987
803,994
804,814
804,840
804,892
804,907
804,922
804,927
804,929
804,954
804,955
804,963
805,823
805,857
805,859
805,882
805,963
805,970
805,990
806,811
806,840
806,902
806,915
806,928
806,936
806,976
806,977
806,989
807,829
807,852
807,873
807,909
807,915
807,917
807,934
807,988
808,811
808,814
808,891
808,901
808,902
808,977
808,979
808,980
808,991
809,832
809,861
809,868
809,876
809,890
809,901
809,943
809,983
809,987
809,990
810,814
810,843
810,847
810,857
810,864
810,879
810,887
810,898
810,907
810,911
810,922
810,951
810,953
810,954
810,955
810,963
810,983
810,986
811,869
811,902
811,910
811,918
811,927
811,940
811,977
812,816
812,852
812,858
812,873
812,915
812,945
813,829
813,842
813,895
813,952
814,816
814,826
814,835
814,883
814,902
814,914
814,933
814,951
814,980
815,826
815,832
815,861
815,890
815,905
815,934
815,938
815,999
816,823
816,834
816,861
816,873
816,908
816,935
816,954
816,974
817,820
817,830
817,887
817,897
817,931
817,973
818,856
818,990
819,825
819,836
819,844
819,855
819,896
819,950
819,965
819,987
820,855
820,891
820,919
821,828
821,866
821,894
821,916
821,928
821,930
821,960
822,857
822,919
822,931
822,973
822,991
823,827
823,866
823,889
823,908
823,909
823,913
823,942
823,984
824,885
824,906
825,830
825,849
825,850
825,865
825,877
825,914
825,988
826,829
826,854
826,858
826,910
826,962
826,988
827,889
827,913
827,926
827,990
828,876
828,891
828,895
828,975
828,977
829,850
829,902
829,910
829,913
830,856
830,865
830,868
830,907
830,912
830,942
830,946
830,947
830,952
830,987
830,990
831,843
831,902
831,910
831,935
831,964
831,974
831,975
831,988
832,861
832,882
832,943
832,964
832,974
833,841
833,884
833,896
833,913
833,945
833,948
833,964
833,981
834,861
834,870
834,874
834,897
834,922
834,986
834,996
835,900
835,910
835,935
835,962
836,873
836,916
836,931
836,973
836,986
837,840
837,847
837,848
837,852
837,867
837,870
837,874
837,883
837,893
837,908
837,918
837,946
837,951
837,958
837,966
838,839
838,859
838,873
838,930
838,932
838,937
838,945
838,970
838,985
839,863
839,896
839,901
839,964
839,985
840,891
840,940
840,958
840,960
840,975
841,863
841,876
841,891
841,964
841,978
841,981
842,883
842,900
842,906
842,914
842,918
842,923
842,963
842,970
842,991
843,850
843,862
843,863
843,891
843,892
843,895
843,902
843,911
843,918
843,930
843,940
843,941
843,975
843,977
844,855
844,884
844,904
844,947
844,950
844,965
845,856
845,868
845,872
845,878
845,900
845,942
845,952
845,990
845,994
846,847
846,903
846,933
846,942
846,957
846,978
847,879
847,920
847,951
847,953
847,996
848,892
848,895
848,906
848,918
848,927
848,937
848,939
848,954
848,958
848,963
848,986
849,854
849,857
849,865
849,931
850,885
850,888
850,955
851,980
852,866
852,873
852,876
852,889
852,902
852,928
852,934
852,943
852,945
852,962
852,976
852,981
853,900
853,914
853,950
854,868
854,958
855,865
855,919
855,931
855,950
855,984
855,987
855,994
856,868
856,870
856,893
856,947
856,990
856,994
857,886
857,900
857,931
857,972
857,987
858,869
858,873
858,875
859,869
859,927
859,981
859,985
859,995
860,952
861,882
861,889
861,890
861,896
861,917
861,943
861,946
861,956
861,964
861,981
862,928
862,930
862,941
862,962
862,975
863,890
863,896
863,924
863,932
863,948
864,878
864,897
864,914
864,922
864,925
864,996
865,912
865,913
865,931
865,973
865,992
866,918
866,936
866,979
867,871
867,883
867,966
867,998
868,880
868,912
868,919
868,949
868,982
868,990
868,995
869,876
869,902
869,905
869,928
869,952
869,967
869,972
870,871
870,911
870,946
870,949
870,955
870,957
870,963
870,971
870,978
871,883
871,894
871,903
871,911
871,966
871,980
872,880
872,892
872,947
872,952
872,995
873,889
873,913
873,917
873,955
873,956
873,968
874,903
874,906
874,961
874,986
874,988
874,992
876,905
876,915
876,917
876,925
876,934
876,945
876,979
876,999
877,962
877,992
878,900
878,952
878,995
879,903
879,920
879,922
879,957
879,960
879,996
880,896
880,900
880,912
880,950
880,952
880,974
880,995
881,932
881,969
882,883
882,905
882,926
883,893
883,918
883,922
883,945
883,946
883,948
883,951
883,966
883,967
883,998
884,905
884,913
884,945
884,956
884,964
884,984
885,888
885,892
885,915
885,923
885,949
885,954
885,955
886,899
886,903
886,912
886,914
886,920
886,931
886,933
886,972
886,978
886,986
887,898
887,906
887,911
887,949
887,951
887,963
887,964
887,992
888,911
888,914
888,949
888,953
889,913
889,977
889,981
889,999
890,925
890,956
890,960
890,964
891,930
891,975
892,911
892,914
892,921
892,927
892,930
892,932
892,937
892,940
892,960
892,992
893,897
893,900
893,941
893,962
893,967
893,975
894,911
894,916
894,917
894,962
895,941
895,975
895,976
895,979
895,986
896,901
896,908
896,924
896,937
896,964
896,970
896,981
896,988
896,997
897,898
897,923
897,951
897,952
897,966
897,998
898,906
898,914
898,928
898,954
898,955
898,963
898,975
899,972
900,950
900,982
900,990
901,925
901,964
902,911
902,940
902,951
902,977
903,953
903,963
903,986
903,996
904,950
904,965
904,984
904,996
905,917
905,925
905,934
905,990
906,914
906,969
907,923
907,933
907,957
907,978
908,931
908,937
908,967
908,988
909,913
909,921
909,926
909,956
909,981
909,988
909,999
910,958
910,988
911,914
911,946
911,949
911,955
911,958
911,963
911,983
912,942
912,947
912,950
912,952
912,982
912,987
912,990
913,924
913,937
914,922
914,927
914,929
914,997
915,917
915,926
915,936
915,945
916,927
916,938
916,941
916,951
916,971
917,943
918,927
918,940
918,951
918,953
918,955
918,962
918,963
918,987
919,965
919,984
920,933
920,972
920,978
920,983
922,955
922,971
922,996
923,953
923,957
923,978
924,932
924,949
924,959
924,981
924,985
925,956
925,985
926,937
926,988
927,946
927,951
927,958
927,960
927,962
927,963
927,986
928,941
928,951
928,962
928,979
929,964
930,940
930,943
930,951
930,954
930,975
931,937
931,951
931,973
931,987
932,937
932,970
932,999
933,961
933,978
933,982
933,987
933,991
933,998
934,938
934,964
934,968
935,981
936,940
936,989
937,970
937,983
938,979
939,962
940,975
941,961
941,975
942,947
942,987
943,981
944,992
945,954
946,949
946,951
946,952
946,963
947,987
947,994
948,981
949,963
949,996
950,965
950,984
950,987
950,992
950,994
951,953
951,961
951,963
951,990
951,996
952,982
952,990
953,966
953,978
953,983
953,996
955,958
955,963
955,966
956,994
956,999
957,978
957,983
957,996
957,998
958,960
959,993
960,961
960,962
960,975
961,986
962,977
962,980
963,988
964,993
968,999
969,972
969,986
969,992
970,974
970,990
970,994
972,986
973,986
974,996
978,983
983,996
985,993
986,990
986,992
988,994
990,994
