source,target
0,40
0,53
0,75
0,94
0,97
0,131
0,185
0,186
0,208
0,215
0,216
0,243
0,254
0,277
0,309
0,325
0,331
0,393
0,397
0,412
0,421
0,423
0,436
0,439
0,454
0,472
0,496
0,553
0,554
0,555
0,590
0,591
0,594
0,601
0,603
0,609
0,656
0,661
0,704
0,725
0,746
0,789
0,793
0,824
0,837
0,851
0,870
0,910
0,912
0,965
0,973
0,975
1,47
1,148
1,206
1,215
1,222
1,243
1,247
1,279
1,299
1,302
1,331
1,354
1,378
1,408
1,418
1,431
1,444
1,467
1,516
1,543
1,610
1,631
1,636
1,653
1,668
1,680
1,681
1,684
1,694
1,706
1,741
1,757
1,791
1,792
1,806
1,832
1,848
2,3
2,13
2,45
2,59
2,67
2,97
2,114
2,126
2,130
2,149
2,161
2,171
2,184
2,191
2,230
2,280
2,292
2,315
2,324
2,329
2,353
2,355
2,388
2,408
2,427
2,432
2,465
2,568
2,589
2,599
2,610
2,615
2,623
2,643
2,648
2,694
2,705
2,713
2,732
2,739
2,824
2,920
3,19
3,21
3,49
3,52
3,78
3,188
3,268
3,360
3,502
3,517
3,526
3,548
3,621
3,682
3,799
3,801
3,860
3,927
3,939
3,975
4,35
4,118
4,144
4,180
4,409
4,419
4,450
4,476
4,498
4,506
4,555
4,656
4,658
4,678
4,766
4,787
4,852
4,873
5,16
5,27
5,78
5,132
5,179
5,198
5,310
5,324
5,399
5,453
5,486
5,556
5,564
5,661
5,666
5,668
5,669
5,704
5,715
5,720
5,865
5,872
5,911
5,934
5,950
5,959
6,89
6,106
6,110
6,131
6,155
6,235
6,257
6,290
6,296
6,332
6,374
6,386
6,426
6,481
6,498
6,648
6,661
6,663
6,704
6,731
6,812
6,892
6,911
6,912
6,929
6,946
6,958
6,966
7,19
7,36
7,55
7,91
7,96
7,125
7,128
7,155
7,165
7,262
7,263
7,280
7,284
7,306
7,317
7,319
7,325
7,330
7,369
7,419
7,436
7,451
7,464
7,474
7,493
7,495
7,529
7,550
7,558
7,573
7,590
7,601
7,609
7,633
7,665
7,693
7,699
7,710
7,722
7,727
7,729
7,745
7,747
7,766
7,775
7,780
7,817
7,832
7,886
7,890
7,898
7,927
7,930
7,959
7,988
8,18
8,122
8,155
8,187
8,208
8,299
8,308
8,333
8,390
8,398
8,420
8,421
8,461
8,541
8,553
8,566
8,602
8,606
8,610
8,626
8,634
8,673
8,677
8,682
8,706
8,711
8,713
8,716
8,724
8,748
8,760
8,763
8,851
8,882
8,936
8,939
8,945
8,978
8,999
9,44
9,51
9,59
9,109
9,127
9,258
9,326
9,408
9,421
9,460
9,472
9,514
9,772
9,775
9,810
9,846
9,865
9,877
9,931
10,82
10,84
10,146
10,280
10,339
10,340
10,369
10,398
10,457
10,466
10,500
10,614
10,623
10,636
10,731
10,748
10,815
10,855
10,887
10,974
10,984
11,77
11,92
11,94
11,103
11,134
11,176
11,183
11,224
11,227
11,233
11,237
11,261
11,285
11,323
11,341
11,348
11,365
11,440
11,444
11,459
11,491
11,492
11,496
11,502
11,521
11,524
11,548
11,554
11,562
11,580
11,606
11,624
11,628
11,637
11,650
11,657
11,668
11,689
11,711
11,736
11,761
11,765
11,774
11,777
11,800
11,807
11,842
11,856
11,885
11,894
11,898
11,902
11,919
11,952
11,960
11,981
12,21
12,23
12,28
12,37
12,39
12,41
12,56
12,80
12,96
12,97
12,103
12,106
12,111
12,128
12,130
12,142
12,146
12,154
12,161
12,163
12,169
12,181
12,202
12,240
12,244
12,245
12,253
12,273
12,276
12,277
12,283
12,319
12,331
12,347
12,359
12,365
12,368
12,383
12,398
12,403
12,410
12,414
12,417
12,429
12,437
12,439
12,441
12,449
12,451
12,459
12,477
12,478
12,492
12,501
12,510
12,519
12,523
12,543
12,566
12,580
12,600
12,601
12,604
12,607
12,608
12,617
12,619
12,623
12,624
12,643
12,646
12,652
12,656
12,677
12,678
12,694
12,699
12,701
12,705
12,735
12,748
12,756
12,778
12,789
12,805
12,809
12,816
12,842
12,851
12,857
12,862
12,876
12,883
12,885
12,889
12,918
12,931
12,948
12,955
12,974
12,977
13,14
13,35
13,133
13,142
13,199
13,210
13,242
13,326
13,393
13,402
13,421
13,439
13,491
13,524
13,562
13,569
13,603
13,626
13,641
13,662
13,791
13,834
13,861
13,900
13,926
13,974
13,993
14,33
14,62
14,67
14,71
14,84
14,93
14,94
14,96
14,105
14,149
14,158
14,160
14,169
14,172
14,180
14,210
14,217
14,223
14,227
14,235
14,236
14,241
14,260
14,266
14,283
14,293
14,295
14,309
14,317
14,329
14,330
14,337
14,359
14,366
14,382
14,402
14,415
14,430
14,433
14,436
14,440
14,452
14,461
14,471
14,474
14,476
14,509
14,520
14,558
14,579
14,586
14,590
14,601
14,647
14,650
14,654
14,678
14,692
14,693
14,694
14,704
14,727
14,758
14,765
14,774
14,816
14,835
14,836
14,850
14,851
14,877
14,889
14,892
14,893
14,923
14,924
14,925
14,988
14,993
15,32
15,40
15,71
15,74
15,91
15,94
15,106
15,124
15,155
15,161
15,165
15,190
15,200
15,267
15,268
15,292
15,354
15,388
15,397
15,401
15,407
15,410
15,414
15,426
15,486
15,488
15,497
15,520
15,536
15,537
15,566
15,574
15,593
15,655
15,665
15,683
15,684
15,692
15,704
15,713
15,747
15,789
15,796
15,812
15,856
15,904
15,905
15,914
15,921
15,928
15,963
15,968
15,993
16,34
16,84
16,86
16,87
16,91
16,97
16,109
16,132
16,167
16,199
16,210
16,216
16,233
16,237
16,259
16,264
16,274
16,276
16,288
16,311
16,313
16,317
16,323
16,337
16,350
16,351
16,382
16,431
16,450
16,462
16,467
16,471
16,491
16,493
16,494
16,502
16,545
16,547
16,593
16,596
16,599
16,606
16,618
16,625
16,652
16,667
16,677
16,682
16,688
16,693
16,699
16,701
16,702
16,719
16,729
16,735
16,754
16,761
16,763
16,767
16,772
16,783
16,789
16,827
16,831
16,832
16,844
16,853
16,866
16,883
16,889
16,897
16,899
16,903
16,907
16,911
16,931
16,969
16,978
16,987
17,81
17,206
17,259
17,308
17,320
17,371
17,465
17,478
17,499
17,500
17,531
17,541
17,551
17,562
17,621
17,692
17,714
17,780
17,855
17,881
17,973
18,29
18,48
18,52
18,70
18,190
18,260
18,263
18,287
18,308
18,313
18,323
18,373
18,393
18,402
18,426
18,445
18,478
18,479
18,495
18,543
18,598
18,616
18,681
18,685
18,690
18,758
18,764
18,765
18,966
19,38
19,48
19,68
19,83
19,96
19,113
19,193
19,202
19,270
19,285
19,289
19,291
19,293
19,311
19,318
19,329
19,348
19,402
19,407
19,411
19,426
19,431
19,437
19,459
19,473
19,474
19,500
19,510
19,528
19,535
19,579
19,602
19,627
19,641
19,656
19,667
19,677
19,686
19,693
19,726
19,730
19,734
19,752
19,791
19,802
19,815
19,816
19,832
19,886
19,888
19,893
19,896
19,897
19,930
19,966
20,63
20,84
20,96
20,107
20,203
20,235
20,283
20,305
20,317
20,357
20,371
20,374
20,390
20,399
20,444
20,459
20,554
20,561
20,647
20,673
20,677
20,704
20,723
20,781
20,782
20,791
20,809
20,867
20,940
20,944
20,946
20,985
21,25
21,35
21,58
21,68
21,86
21,108
21,156
21,183
21,194
21,201
21,204
21,211
21,214
21,221
21,229
21,240
21,292
21,313
21,356
21,366
21,381
21,401
21,425
21,440
21,441
21,450
21,478
21,511
21,570
21,620
21,656
21,663
21,666
21,672
21,696
21,697
21,716
21,727
21,737
21,756
21,771
21,777
21,790
21,802
21,817
21,838
21,839
21,844
21,878
21,886
21,889
21,914
21,921
21,925
21,941
21,987
22,34
22,41
22,69
22,74
22,94
22,96
22,145
22,149
22,156
22,233
22,237
22,257
22,301
22,317
22,340
22,395
22,411
22,433
22,444
22,473
22,477
22,534
22,551
22,581
22,637
22,697
22,704
22,771
22,779
22,859
22,900
22,902
22,903
22,907
22,916
23,40
23,89
23,102
23,128
23,149
23,161
23,162
23,163
23,174
23,189
23,248
23,271
23,282
23,312
23,315
23,325
23,337
23,338
23,339
23,435
23,457
23,463
23,499
23,548
23,550
23,565
23,584
23,624
23,682
23,691
23,693
23,698
23,726
23,841
23,861
23,876
23,932
23,945
23,957
24,35
24,54
24,69
24,111
24,130
24,141
24,154
24,204
24,233
24,240
24,301
24,313
24,351
24,354
24,364
24,398
24,438
24,471
24,474
24,500
24,508
24,541
24,575
24,594
24,638
24,697
24,734
24,775
24,781
24,793
24,799
24,810
24,845
24,851
24,867
24,871
24,885
24,909
24,916
24,981
24,999
25,42
25,93
25,94
25,142
25,172
25,176
25,185
25,251
25,268
25,289
25,369
25,370
25,377
25,386
25,410
25,413
25,489
25,523
25,551
25,572
25,651
25,673
25,734
25,756
25,770
25,788
25,808
25,812
25,822
25,831
25,853
25,883
25,892
26,52
26,126
26,130
26,154
26,172
26,212
26,283
26,340
26,347
26,352
26,354
26,426
26,499
26,522
26,605
26,612
26,615
26,640
26,651
26,680
26,741
26,846
26,885
26,902
26,922
26,925
26,944
27,34
27,38
27,43
27,62
27,82
27,99
27,103
27,113
27,141
27,146
27,148
27,169
27,183
27,215
27,220
27,224
27,229
27,245
27,303
27,329
27,348
27,381
27,393
27,401
27,412
27,421
27,426
27,433
27,437
27,498
27,500
27,502
27,508
27,532
27,535
27,543
27,544
27,547
27,551
27,562
27,569
27,596
27,597
27,606
27,607
27,646
27,652
27,669
27,683
27,691
27,699
27,704
27,753
27,805
27,823
27,847
27,852
27,857
27,862
27,890
27,893
27,894
27,907
27,922
27,947
27,959
27,966
27,968
27,978
27,986
28,30
28,32
28,52
28,93
28,98
28,105
28,110
28,133
28,142
28,149
28,173
28,240
28,241
28,252
28,272
28,295
28,324
28,328
28,344
28,377
28,398
28,411
28,412
28,450
28,476
28,520
28,521
28,532
28,572
28,573
28,590
28,618
28,655
28,662
28,677
28,686
28,736
28,753
28,756
28,759
28,780
28,801
28,802
28,838
28,869
28,871
28,890
28,897
28,903
28,925
28,932
28,941
28,946
28,975
28,978
29,79
29,80
29,81
29,111
29,138
29,141
29,144
29,167
29,172
29,191
29,195
29,217
29,240
29,276
29,279
29,285
29,294
29,309
29,312
29,316
29,353
29,398
29,420
29,421
29,422
29,434
29,444
29,445
29,450
29,459
29,483
29,484
29,488
29,497
29,521
29,527
29,529
29,543
29,558
29,573
29,581
29,584
29,588
29,590
29,596
29,648
29,652
29,654
29,670
29,680
29,697
29,730
29,732
29,735
29,755
29,766
29,792
29,827
29,832
29,853
29,857
29,876
29,883
29,903
29,950
30,93
30,138
30,155
30,187
30,221
30,227
30,270
30,272
30,333
30,370
30,385
30,420
30,465
30,478
30,517
30,556
30,613
30,650
30,747
30,774
30,779
30,824
30,834
30,867
30,989
31,66
31,76
31,82
31,105
31,131
31,136
31,153
31,155
31,168
31,175
31,269
31,341
31,371
31,387
31,392
31,394
31,431
31,523
31,548
31,574
31,597
31,618
31,672
31,674
31,695
31,700
31,702
31,752
31,761
31,877
31,910
31,920
31,932
31,948
31,958
31,961
31,962
32,45
32,80
32,107
32,118
32,132
32,149
32,155
32,193
32,201
32,220
32,269
32,307
32,364
32,391
32,412
32,413
32,470
32,479
32,558
32,589
32,590
32,667
32,693
32,701
32,702
32,703
32,730
32,736
32,762
32,763
32,764
32,802
32,826
32,831
32,835
32,837
32,863
32,898
32,955
32,968
32,975
32,993
32,994
33,56
33,96
33,113
33,155
33,165
33,197
33,223
33,240
33,298
33,305
33,319
33,330
33,331
33,334
33,343
33,354
33,369
33,416
33,436
33,451
33,460
33,516
33,607
33,680
33,700
33,767
33,782
33,826
33,829
33,843
33,853
33,881
33,893
33,916
33,945
33,959
33,991
34,35
34,105
34,111
34,142
34,149
34,210
34,224
34,276
34,294
34,299
34,303
34,318
34,351
34,395
34,452
34,457
34,467
34,477
34,485
34,491
34,504
34,523
34,534
34,536
34,543
34,551
34,562
34,569
34,652
34,654
34,746
34,757
34,800
34,818
34,845
34,863
34,872
34,897
34,902
34,971
35,86
35,93
35,97
35,104
35,138
35,171
35,201
35,234
35,237
35,285
35,292
35,301
35,303
35,324
35,340
35,376
35,385
35,416
35,418
35,455
35,512
35,515
35,559
35,586
35,637
35,643
35,655
35,754
35,808
35,839
35,859
35,896
35,937
35,940
35,963
35,971
35,998
36,55
36,68
36,73
36,99
36,103
36,125
36,168
36,196
36,240
36,263
36,266
36,275
36,337
36,350
36,384
36,388
36,400
36,479
36,500
36,556
36,576
36,605
36,609
36,630
36,765
36,769
36,782
36,788
36,824
36,883
36,891
36,904
36,916
37,43
37,56
37,97
37,168
37,173
37,208
37,230
37,243
37,337
37,372
37,417
37,424
37,482
37,500
37,518
37,610
37,647
37,667
37,687
37,694
37,728
37,748
37,758
37,759
37,797
37,809
37,824
37,848
37,862
37,914
37,919
37,920
37,927
37,951
37,959
37,970
37,989
38,40
38,44
38,55
38,81
38,91
38,97
38,107
38,113
38,130
38,167
38,190
38,194
38,271
38,273
38,282
38,289
38,311
38,319
38,329
38,344
38,358
38,369
38,373
38,398
38,416
38,431
38,446
38,469
38,481
38,501
38,505
38,523
38,539
38,555
38,574
38,578
38,584
38,587
38,609
38,626
38,641
38,671
38,684
38,739
38,771
38,838
38,879
38,883
38,886
38,897
38,900
38,923
38,930
38,953
38,992
39,62
39,72
39,135
39,150
39,154
39,312
39,319
39,383
39,393
39,401
39,426
39,498
39,550
39,583
39,604
39,609
39,613
39,616
39,626
39,639
39,641
39,666
39,681
39,684
39,693
39,727
39,741
39,742
39,745
39,748
39,772
39,781
39,811
39,843
39,848
39,855
39,872
39,933
39,973
39,977
39,992
40,47
40,62
40,67
40,73
40,77
40,79
40,100
40,105
40,138
40,164
40,170
40,179
40,193
40,205
40,225
40,237
40,245
40,251
40,260
40,261
40,262
40,278
40,280
40,295
40,309
40,329
40,338
40,347
40,375
40,378
40,417
40,421
40,428
40,431
40,449
40,463
40,486
40,494
40,500
40,502
40,520
40,532
40,535
40,539
40,545
40,550
40,566
40,573
40,579
40,584
40,601
40,610
40,617
40,646
40,652
40,656
40,659
40,673
40,680
40,687
40,691
40,694
40,697
40,700
40,704
40,705
40,715
40,718
40,747
40,754
40,791
40,802
40,805
40,815
40,823
40,824
40,851
40,857
40,887
40,889
40,890
40,892
40,903
40,917
40,923
40,925
40,931
40,934
40,935
40,937
40,959
40,962
41,51
41,75
41,107
41,114
41,128
41,146
41,148
41,150
41,224
41,247
41,276
41,284
41,308
41,348
41,349
41,351
41,353
41,372
41,385
41,395
41,422
41,491
41,545
41,570
41,576
41,608
41,672
41,700
41,707
41,735
41,753
41,777
41,855
41,860
41,877
41,895
41,902
41,907
41,931
41,949
41,972
41,988
42,47
42,146
42,164
42,253
42,319
42,322
42,350
42,400
42,464
42,505
42,513
42,520
42,528
42,565
42,576
42,626
42,627
42,692
42,750
42,753
42,805
42,821
42,825
42,883
42,907
42,951
42,952
43,58
43,94
43,120
43,191
43,276
43,319
43,343
43,364
43,453
43,491
43,518
43,528
43,573
43,580
43,603
43,643
43,646
43,665
43,692
43,736
43,756
43,848
43,942
43,953
43,978
44,65
44,66
44,71
44,83
44,113
44,130
44,133
44,161
44,167
44,192
44,281
44,307
44,316
44,337
44,373
44,426
44,451
44,473
44,474
44,481
44,528
44,533
44,540
44,545
44,551
44,572
44,573
44,582
44,607
44,609
44,610
44,618
44,627
44,655
44,664
44,670
44,676
44,698
44,705
44,733
44,756
44,764
44,792
44,811
44,840
44,851
44,862
44,880
44,881
44,891
44,895
44,909
44,916
44,953
44,959
44,964
44,965
45,79
45,118
45,130
45,154
45,158
45,170
45,172
45,183
45,191
45,192
45,200
45,212
45,213
45,229
45,262
45,299
45,329
45,345
45,348
45,358
45,370
45,384
45,419
45,421
45,443
45,471
45,491
45,509
45,520
45,543
45,562
45,567
45,610
45,629
45,647
45,656
45,664
45,684
45,691
45,693
45,706
45,725
45,728
45,735
45,736
45,742
45,763
45,796
45,814
45,827
45,859
45,899
45,912
45,927
45,971
46,82
46,109
46,121
46,168
46,181
46,186
46,199
46,210
46,270
46,301
46,366
46,394
46,395
46,428
46,486
46,487
46,514
46,546
46,547
46,558
46,562
46,583
46,607
46,608
46,665
46,672
46,763
46,824
46,832
46,847
46,883
46,893
46,895
46,901
46,907
46,911
46,928
46,980
46,998
47,55
47,59
47,131
47,133
47,138
47,195
47,196
47,279
47,307
47,308
47,314
47,369
47,379
47,403
47,404
47,406
47,416
47,426
47,429
47,447
47,565
47,572
47,577
47,615
47,672
47,691
47,722
47,744
47,764
47,816
47,917
47,945
47,981
47,999
48,118
48,119
48,121
48,123
48,136
48,149
48,153
48,166
48,191
48,197
48,233
48,234
48,313
48,340
48,345
48,346
48,375
48,377
48,394
48,422
48,424
48,431
48,440
48,452
48,468
48,474
48,484
48,489
48,497
48,499
48,538
48,586
48,592
48,611
48,612
48,621
48,639
48,662
48,673
48,721
48,744
48,756
48,761
48,766
48,770
48,801
48,802
48,821
48,836
48,859
48,871
48,892
48,896
48,898
48,905
48,927
48,941
48,956
48,963
48,968
48,994
49,52
49,96
49,155
49,209
49,251
49,289
49,308
49,313
49,338
49,370
49,446
49,457
49,490
49,523
49,572
49,592
49,611
49,629
49,733
49,749
49,776
49,791
49,881
49,891
49,901
49,907
49,908
49,914
49,921
49,931
49,948
49,951
49,966
50,51
50,84
50,105
50,109
50,149
50,158
50,165
50,167
50,172
50,185
50,224
50,227
50,263
50,270
50,278
50,306
50,330
50,343
50,350
50,353
50,370
50,374
50,398
50,399
50,400
50,412
50,417
50,427
50,431
50,433
50,443
50,484
50,491
50,512
50,550
50,579
50,589
50,592
50,600
50,607
50,614
50,629
50,664
50,685
50,687
50,704
50,711
50,763
50,764
50,772
50,791
50,863
50,879
50,886
50,889
50,992
51,54
51,106
51,114
51,121
51,169
51,186
51,237
51,258
51,266
51,272
51,322
51,340
51,351
51,448
51,453
51,463
51,466
51,507
51,577
51,581
51,599
51,612
51,620
51,628
51,657
51,668
51,724
51,744
51,757
51,810
51,857
51,963
51,980
51,985
52,56
52,81
52,99
52,104
52,130
52,142
52,154
52,156
52,262
52,268
52,273
52,281
52,297
52,318
52,346
52,369
52,409
52,421
52,454
52,458
52,474
52,477
52,494
52,506
52,607
52,616
52,655
52,664
52,667
52,690
52,693
52,703
52,718
52,736
52,748
52,766
52,772
52,792
52,841
52,892
52,950
52,959
52,966
53,97
53,180
53,202
53,208
53,244
53,302
53,322
53,349
53,379
53,383
53,416
53,428
53,449
53,457
53,478
53,482
53,532
53,535
53,553
53,642
53,700
53,707
53,717
53,723
53,766
53,797
53,799
53,802
53,876
53,917
53,919
53,938
53,958
53,982
54,128
54,146
54,158
54,181
54,182
54,266
54,273
54,313
54,322
54,350
54,356
54,416
54,461
54,462
54,512
54,531
54,553
54,581
54,607
54,626
54,650
54,681
54,684
54,693
54,723
54,761
54,793
54,836
54,844
54,885
54,917
54,931
54,982
55,77
55,80
55,105
55,109
55,145
55,179
55,226
55,239
55,281
55,302
55,307
55,312
55,324
55,328
55,331
55,339
55,351
55,361
55,371
55,375
55,378
55,417
55,428
55,450
55,454
55,461
55,468
55,491
55,498
55,503
55,509
55,527
55,535
55,564
55,565
55,578
55,579
55,585
55,595
55,599
55,601
55,616
55,627
55,646
55,691
55,744
55,759
55,796
55,799
55,810
55,814
55,851
55,852
55,865
55,903
55,924
55,931
55,964
55,973
55,994
56,75
56,76
56,79
56,92
56,114
56,132
56,138
56,150
56,160
56,169
56,172
56,206
56,227
56,237
56,240
56,245
56,248
56,249
56,303
56,321
56,351
56,355
56,370
56,396
56,406
56,407
56,411
56,462
56,481
56,498
56,518
56,529
56,538
56,575
56,578
56,590
56,652
56,672
56,697
56,715
56,728
56,749
56,759
56,763
56,775
56,786
56,792
56,797
56,799
56,824
56,830
56,857
56,878
56,921
56,929
56,933
56,945
56,962
56,980
57,64
57,65
57,73
57,86
57,104
57,123
57,126
57,129
57,130
57,141
57,149
57,166
57,176
57,193
57,197
57,207
57,244
57,289
57,317
57,321
57,328
57,404
57,431
57,449
57,459
57,474
57,504
57,512
57,523
57,527
57,537
57,564
57,598
57,609
57,622
57,623
57,662
57,669
57,687
57,696
57,736
57,744
57,758
57,782
57,785
57,802
57,812
57,819
57,856
57,869
57,881
57,900
57,926
57,944
57,948
57,973
58,78
58,142
58,153
58,171
58,187
58,215
58,220
58,232
58,264
58,329
58,348
58,365
58,374
58,394
58,397
58,422
58,431
58,434
58,444
58,462
58,467
58,534
58,547
58,566
58,568
58,573
58,645
58,647
58,648
58,661
58,705
58,722
58,728
58,749
58,752
58,754
58,762
58,775
58,791
58,805
58,808
58,915
58,931
58,981
58,984
59,62
59,128
59,130
59,137
59,188
59,201
59,208
59,215
59,230
59,247
59,259
59,266
59,283
59,302
59,307
59,322
59,325
59,379
59,417
59,419
59,471
59,479
59,518
59,576
59,581
59,593
59,597
59,599
59,603
59,607
59,610
59,616
59,642
59,648
59,682
59,725
59,801
59,823
59,853
59,877
59,890
59,897
59,913
59,977
59,995
60,72
60,96
60,150
60,194
60,289
60,318
60,323
60,339
60,400
60,416
60,482
60,513
60,540
60,636
60,669
60,673
60,684
60,692
60,703
60,710
60,729
60,742
60,753
60,755
60,772
60,804
60,827
60,843
60,868
60,919
60,936
60,942
60,961
60,973
60,989
61,122
61,163
61,215
61,240
61,242
61,252
61,267
61,299
61,356
61,420
61,455
61,498
61,512
61,584
61,596
61,696
61,721
61,743
61,790
61,844
61,959
62,65
62,105
62,109
62,122
62,132
62,144
62,155
62,159
62,185
62,190
62,196
62,199
62,216
62,227
62,233
62,237
62,252
62,260
62,276
62,278
62,313
62,327
62,329
62,335
62,348
62,358
62,374
62,382
62,385
62,387
62,395
62,409
62,421
62,434
62,441
62,504
62,509
62,521
62,529
62,548
62,551
62,562
62,575
62,593
62,657
62,699
62,703
62,712
62,727
62,738
62,744
62,747
62,755
62,785
62,803
62,816
62,852
62,873
62,889
62,896
62,912
62,949
62,966
62,974
62,978
62,991
63,68
63,150
63,260
63,266
63,289
63,306
63,358
63,402
63,405
63,407
63,456
63,494
63,542
63,586
63,631
63,663
63,861
63,923
63,927
63,952
63,968
63,974
63,990
64,74
64,87
64,93
64,94
64,118
64,136
64,147
64,149
64,155
64,158
64,161
64,175
64,176
64,185
64,222
64,239
64,266
64,270
64,272
64,285
64,304
64,317
64,322
64,336
64,342
64,483
64,504
64,508
64,527
64,536
64,564
64,671
64,709
64,785
64,789
64,794
64,795
64,800
64,823
64,854
64,860
64,869
64,889
64,892
64,898
64,944
64,959
64,973
65,87
65,99
65,124
65,165
65,185
65,190
65,196
65,259
65,281
65,291
65,295
65,328
65,329
65,336
65,373
65,378
65,426
65,431
65,436
65,505
65,530
65,562
65,577
65,593
65,629
65,655
65,677
65,695
65,729
65,747
65,780
65,832
65,838
65,868
65,880
65,907
65,945
65,949
65,992
66,69
66,95
66,96
66,115
66,133
66,184
66,260
66,297
66,319
66,365
66,458
66,520
66,526
66,530
66,546
66,583
66,627
66,789
66,802
66,854
66,891
66,931
66,944
66,979
67,75
67,79
67,112
67,113
67,128
67,154
67,203
67,208
67,216
67,240
67,243
67,245
67,255
67,297
67,313
67,318
67,324
67,326
67,338
67,350
67,353
67,355
67,368
67,379
67,408
67,449
67,459
67,493
67,500
67,502
67,505
67,553
67,555
67,603
67,612
67,613
67,623
67,627
67,633
67,670
67,677
67,691
67,705
67,716
67,761
67,788
67,809
67,811
67,826
67,832
67,876
67,877
67,897
67,931
67,943
67,962
68,82
68,99
68,197
68,226
68,237
68,290
68,447
68,456
68,461
68,474
68,476
68,484
68,540
68,586
68,628
68,631
68,679
68,713
68,740
68,768
68,795
68,855
68,879
68,923
68,932
68,975
68,980
69,120
69,130
69,132
69,139
69,147
69,157
69,173
69,187
69,201
69,233
69,343
69,393
69,500
69,512
69,515
69,557
69,590
69,593
69,605
69,626
69,744
69,748
69,772
69,865
69,910
69,919
69,925
69,939
69,951
69,962
69,986
70,91
70,106
70,118
70,148
70,160
70,172
70,207
70,255
70,300
70,308
70,333
70,358
70,394
70,412
70,444
70,488
70,508
70,544
70,569
70,587
70,633
70,666
70,695
70,736
70,737
70,742
70,750
70,765
70,792
70,797
70,798
70,824
70,853
70,857
70,880
70,892
70,910
70,959
70,969
70,986
70,997
71,87
71,93
71,96
71,98
71,149
71,165
71,167
71,227
71,247
71,249
71,285
71,288
71,330
71,369
71,370
71,416
71,419
71,484
71,498
71,510
71,520
71,574
71,607
71,627
71,631
71,641
71,646
71,655
71,691
71,730
71,742
71,768
71,805
71,843
71,851
71,858
71,863
71,900
71,911
71,967
71,974
71,999
72,82
72,84
72,91
72,113
72,116
72,145
72,169
72,203
72,262
72,289
72,291
72,293
72,295
72,326
72,344
72,375
72,398
72,415
72,435
72,459
72,462
72,474
72,496
72,550
72,558
72,585
72,592
72,636
72,663
72,679
72,730
72,744
72,757
72,804
72,812
72,814
72,859
72,868
72,874
72,892
72,937
72,941
72,962
72,981
73,196
73,259
73,271
73,297
73,318
73,319
73,328
73,371
73,416
73,430
73,457
73,484
73,485
73,515
73,594
73,615
73,656
73,697
73,739
73,745
73,769
73,812
73,874
73,910
73,918
73,937
73,975
73,992
74,93
74,109
74,117
74,165
74,177
74,244
74,296
74,306
74,361
74,427
74,456
74,484
74,486
74,536
74,609
74,617
74,632
74,638
74,656
74,658
74,665
74,677
74,679
74,712
74,721
74,728
74,777
74,787
74,847
74,882
74,902
74,914
74,976
75,102
75,117
75,173
75,190
75,225
75,243
75,263
75,265
75,279
75,299
75,307
75,309
75,316
75,318
75,319
75,320
75,321
75,335
75,336
75,350
75,353
75,393
75,398
75,408
75,414
75,417
75,421
75,449
75,459
75,460
75,461
75,491
75,496
75,508
75,534
75,535
75,572
75,573
75,581
75,582
75,584
75,599
75,606
75,610
75,624
75,643
75,648
75,694
75,695
75,698
75,699
75,715
75,728
75,755
75,771
75,780
75,788
75,791
75,796
75,805
75,818
75,824
75,835
75,842
75,871
75,877
75,880
75,883
75,886
75,890
75,903
75,908
76,98
76,133
76,164
76,207
76,214
76,221
76,228
76,284
76,327
76,332
76,369
76,386
76,400
76,416
76,607
76,618
76,671
76,742
76,782
76,909
76,920
76,973
76,974
77,81
77,96
77,106
77,142
77,161
77,169
77,176
77,180
77,190
77,192
77,199
77,220
77,228
77,236
77,276
77,279
77,299
77,318
77,319
77,335
77,351
77,353
77,354
77,357
77,429
77,441
77,444
77,451
77,459
77,461
77,478
77,488
77,525
77,543
77,545
77,616
77,628
77,662
77,670
77,674
77,675
77,693
77,703
77,711
77,729
77,755
77,764
77,785
77,791
77,818
77,838
77,852
77,853
77,865
77,886
77,897
77,900
77,907
77,931
77,937
77,938
77,942
77,946
77,959
77,962
77,966
77,981
77,988
78,84
78,113
78,130
78,136
78,164
78,189
78,196
78,253
78,254
78,279
78,291
78,301
78,316
78,319
78,321
78,380
78,414
78,464
78,485
78,494
78,519
78,550
78,568
78,587
78,602
78,677
78,745
78,789
78,812
78,829
78,833
78,871
78,942
79,108
79,116
79,128
79,134
79,142
79,212
79,217
79,226
79,229
79,241
79,246
79,253
79,277
79,278
79,281
79,285
79,291
79,293
79,302
79,316
79,317
79,321
79,326
79,329
79,368
79,369
79,402
79,411
79,417
79,425
79,426
79,431
79,441
79,462
79,466
79,471
79,491
79,492
79,533
79,534
79,544
79,558
79,568
79,572
79,573
79,579
79,587
79,596
79,615
79,627
79,655
79,657
79,696
79,699
79,701
79,715
79,717
79,724
79,726
79,735
79,765
79,775
79,778
79,786
79,799
79,805
79,811
79,823
79,838
79,852
79,856
79,857
79,862
79,879
79,885
79,893
79,894
79,900
79,903
79,904
79,911
79,962
80,84
80,93
80,96
80,99
80,117
80,127
80,135
80,142
80,177
80,186
80,222
80,243
80,254
80,257
80,263
80,316
80,326
80,335
80,341
80,344
80,346
80,369
80,370
80,413
80,416
80,417
80,426
80,432
80,437
80,481
80,484
80,497
80,506
80,508
80,509
80,576
80,607
80,614
80,629
80,655
80,669
80,690
80,691
80,715
80,746
80,766
80,770
80,781
80,791
80,805
80,818
80,845
80,851
80,862
80,881
80,945
80,948
80,992
81,109
81,133
81,181
81,238
81,239
81,240
81,259
81,276
81,282
81,295
81,322
81,328
81,373
81,375
81,436
81,438
81,439
81,445
81,459
81,481
81,493
81,503
81,518
81,519
81,528
81,550
81,553
81,555
81,557
81,588
81,609
81,614
81,626
81,656
81,660
81,677
81,684
81,687
81,692
81,695
81,711
81,712
81,714
81,715
81,716
81,717
81,722
81,726
81,749
81,788
81,815
81,818
81,846
81,909
81,926
81,927
81,929
81,943
81,947
81,949
81,979
81,989
82,83
82,85
82,161
82,188
82,196
82,197
82,285
82,309
82,354
82,360
82,374
82,441
82,457
82,500
82,546
82,555
82,597
82,599
82,610
82,642
82,643
82,666
82,673
82,680
82,688
82,709
82,717
82,723
82,739
82,745
82,790
82,794
82,815
82,823
82,845
82,864
82,870
82,882
82,921
82,979
82,995
83,114
83,117
83,135
83,149
83,188
83,210
83,224
83,304
83,330
83,338
83,346
83,427
83,459
83,475
83,616
83,633
83,688
83,710
83,713
83,718
83,726
83,733
83,745
83,751
83,778
83,815
83,938
83,943
84,90
84,93
84,96
84,103
84,137
84,148
84,216
84,218
84,225
84,237
84,254
84,263
84,290
84,298
84,349
84,357
84,359
84,366
84,370
84,373
84,396
84,413
84,431
84,449
84,476
84,489
84,490
84,618
84,620
84,624
84,647
84,649
84,656
84,659
84,693
84,715
84,716
84,729
84,731
84,783
84,813
84,815
84,832
84,834
84,843
84,856
84,869
84,879
84,886
84,898
84,937
84,981
84,994
84,997
85,107
85,129
85,138
85,141
85,156
85,158
85,173
85,177
85,181
85,182
85,224
85,239
85,312
85,317
85,353
85,372
85,376
85,402
85,407
85,443
85,464
85,547
85,613
85,665
85,674
85,675
85,689
85,756
85,772
85,801
85,806
85,808
85,833
85,872
85,888
85,919
85,940
85,952
85,981
86,142
86,156
86,157
86,169
86,220
86,276
86,385
86,389
86,395
86,397
86,423
86,438
86,447
86,465
86,498
86,549
86,708
86,711
86,728
86,754
86,760
86,762
86,805
86,826
86,847
86,910
86,925
86,927
86,956
87,92
87,94
87,97
87,120
87,132
87,136
87,149
87,191
87,219
87,297
87,315
87,356
87,411
87,470
87,492
87,534
87,535
87,581
87,596
87,599
87,601
87,625
87,656
87,664
87,678
87,753
87,791
87,815
87,831
87,857
87,865
87,876
87,885
87,917
88,115
88,147
88,203
88,207
88,214
88,226
88,269
88,273
88,308
88,328
88,362
88,416
88,470
88,492
88,550
88,618
88,627
88,640
88,655
88,666
88,667
88,706
88,715
88,717
88,752
88,826
88,827
88,851
88,852
88,888
88,898
88,901
88,929
88,937
88,942
88,988
89,141
89,147
89,161
89,164
89,178
89,189
89,192
89,201
89,207
89,272
89,290
89,305
89,311
89,340
89,376
89,390
89,444
89,521
89,539
89,574
89,582
89,585
89,599
89,626
89,627
89,648
89,694
89,700
89,744
89,838
89,862
89,898
89,925
89,938
89,993
90,96
90,102
90,135
90,161
90,178
90,197
90,256
90,297
90,318
90,390
90,393
90,396
90,453
90,482
90,520
90,528
90,615
90,621
90,623
90,656
90,688
90,712
90,716
90,741
90,750
90,763
90,765
90,781
90,799
90,820
90,821
90,841
90,851
90,864
90,871
90,891
90,906
90,939
90,948
90,961
90,976
90,999
91,112
91,237
91,254
91,260
91,308
91,310
91,331
91,335
91,339
91,341
91,363
91,366
91,378
91,390
91,442
91,457
91,481
91,492
91,505
91,523
91,532
91,534
91,551
91,568
91,589
91,594
91,624
91,638
91,647
91,653
91,655
91,714
91,716
91,722
91,728
91,746
91,752
91,758
91,760
91,771
91,776
91,831
91,865
91,908
91,909
91,918
91,936
91,940
91,943
91,945
91,962
91,977
92,97
92,103
92,132
92,143
92,146
92,157
92,166
92,192
92,211
92,227
92,232
92,270
92,278
92,332
92,413
92,547
92,557
92,562
92,589
92,654
92,660
92,666
92,729
92,759
92,820
92,827
92,840
92,843
92,899
92,934
92,975
93,98
93,113
93,122
93,146
93,159
93,166
93,172
93,175
93,179
93,193
93,204
93,235
93,253
93,285
93,317
93,335
93,366
93,367
93,391
93,406
93,413
93,424
93,440
93,474
93,491
93,500
93,536
93,548
93,604
93,607
93,631
93,638
93,641
93,658
93,666
93,667
93,689
93,699
93,708
93,736
93,742
93,747
93,770
93,774
93,782
93,802
93,807
93,812
93,825
93,836
93,838
93,857
93,901
93,924
93,926
93,927
94,139
94,144
94,173
94,190
94,213
94,220
94,224
94,227
94,238
94,242
94,251
94,252
94,260
94,282
94,283
94,285
94,293
94,299
94,301
94,313
94,315
94,336
94,340
94,343
94,345
94,387
94,388
94,409
94,413
94,437
94,443
94,459
94,461
94,466
94,475
94,478
94,485
94,492
94,495
94,497
94,510
94,532
94,548
94,552
94,558
94,644
94,646
94,649
94,650
94,673
94,674
94,729
94,738
94,751
94,793
94,800
94,804
94,827
94,869
94,904
94,912
94,937
94,954
94,956
94,961
94,976
95,124
95,266
95,369
95,427
95,500
95,552
95,620
95,623
95,692
95,723
95,781
95,884
95,963
95,987
96,104
96,105
96,109
96,110
96,117
96,122
96,132
96,135
96,142
96,149
96,185
96,193
96,223
96,224
96,230
96,235
96,237
96,241
96,268
96,273
96,280
96,306
96,319
96,323
96,328
96,344
96,353
96,358
96,369
96,370
96,373
96,384
96,388
96,398
96,410
96,412
96,413
96,431
96,443
96,449
96,451
96,457
96,459
96,471
96,481
96,487
96,490
96,525
96,528
96,530
96,531
96,532
96,555
96,559
96,602
96,644
96,647
96,659
96,661
96,669
96,685
96,693
96,712
96,713
96,718
96,720
96,721
96,748
96,749
96,750
96,764
96,769
96,780
96,782
96,787
96,789
96,796
96,811
96,819
96,832
96,835
96,856
96,864
96,873
96,876
96,883
96,892
96,908
96,927
96,933
96,940
96,955
96,966
97,136
97,185
97,191
97,192
97,197
97,198
97,212
97,215
97,221
97,236
97,237
97,242
97,265
97,268
97,301
97,307
97,324
97,329
97,351
97,358
97,362
97,368
97,382
97,398
97,417
97,420
97,424
97,451
97,452
97,462
97,463
97,479
97,488
97,496
97,512
97,521
97,528
97,534
97,535
97,540
97,558
97,563
97,575
97,576
97,578
97,615
97,631
97,640
97,643
97,645
97,656
97,659
97,694
97,702
97,704
97,727
97,731
97,745
97,761
97,763
97,765
97,767
97,799
97,814
97,839
97,901
97,915
97,918
97,922
97,925
97,947
97,974
97,986
97,996
97,997
98,105
98,109
98,118
98,149
98,153
98,172
98,185
98,238
98,257
98,298
98,342
98,347
98,359
98,381
98,403
98,406
98,434
98,445
98,459
98,484
98,485
98,492
98,531
98,561
98,576
98,602
98,608
98,613
98,667
98,669
98,677
98,685
98,700
98,704
98,736
98,740
98,749
98,756
98,758
98,760
98,787
98,791
98,802
98,803
98,816
98,832
98,839
98,841
98,858
98,901
98,921
98,922
98,953
98,965
98,968
99,104
99,105
99,125
99,129
99,130
99,136
99,155
99,161
99,179
99,195
99,199
99,205
99,207
99,233
99,234
99,237
99,253
99,294
99,343
99,361
99,362
99,369
99,391
99,411
99,417
99,440
99,441
99,460
99,475
99,487
99,488
99,531
99,533
99,548
99,550
99,574
99,578
99,596
99,601
99,607
99,615
99,627
99,632
99,636
99,654
99,665
99,686
99,690
99,711
99,715
99,718
99,756
99,764
99,769
99,777
99,789
99,793
99,798
99,807
99,825
99,835
99,841
99,859
99,862
99,877
99,891
99,908
99,913
99,916
99,919
99,923
99,925
99,940
99,943
99,944
99,945
99,950
99,968
99,990
100,130
100,147
100,152
100,205
100,210
100,240
100,252
100,275
100,276
100,283
100,298
100,311
100,312
100,407
100,409
100,432
100,442
100,492
100,535
100,544
100,568
100,583
100,616
100,695
100,844
100,865
100,955
101,149
101,208
101,248
101,265
101,276
101,310
101,484
101,496
101,497
101,594
101,665
101,677
101,696
101,738
101,754
101,776
101,794
101,817
101,877
101,931
102,105
102,113
102,146
102,159
102,161
102,177
102,189
102,190
102,270
102,287
102,292
102,315
102,316
102,363
102,377
102,378
102,461
102,493
102,528
102,565
102,574
102,596
102,602
102,605
102,624
102,655
102,684
102,687
102,699
102,706
102,736
102,750
102,755
102,799
102,811
102,832
102,840
102,842
102,857
102,862
102,903
102,913
102,930
102,949
102,964
102,992
103,107
103,177
103,183
103,191
103,208
103,244
103,251
103,281
103,283
103,299
103,356
103,374
103,385
103,427
103,472
103,493
103,500
103,510
103,514
103,566
103,572
103,576
103,591
103,595
103,627
103,634
103,687
103,711
103,752
103,763
103,771
103,827
103,862
103,885
103,893
103,939
103,989
104,109
104,116
104,142
104,155
104,166
104,173
104,185
104,194
104,204
104,226
104,227
104,230
104,253
104,263
104,276
104,370
104,385
104,437
104,449
104,455
104,459
104,467
104,485
104,520
104,527
104,558
104,584
104,592
104,593
104,604
104,613
104,615
104,629
104,632
104,669
104,674
104,679
104,685
104,687
104,695
104,700
104,736
104,742
104,750
104,751
104,787
104,793
104,816
104,831
104,892
104,893
104,904
104,905
104,919
104,927
104,940
104,962
104,973
104,989
104,998
105,109
105,111
105,117
105,119
105,142
105,148
105,159
105,167
105,185
105,241
105,265
105,269
105,276
105,285
105,293
105,330
105,359
105,369
105,379
105,402
105,428
105,441
105,445
105,446
105,453
105,457
105,476
105,502
105,505
105,548
105,558
105,559
105,591
105,592
105,599
105,604
105,607
105,626
105,686
105,712
105,726
105,727
105,747
105,764
105,780
105,791
105,816
105,831
105,904
105,908
105,910
105,939
105,950
106,170
106,225
106,243
106,265
106,269
106,332
106,378
106,416
106,479
106,496
106,516
106,624
106,672
106,681
106,692
106,738
106,744
106,798
106,821
106,830
106,884
106,893
106,898
106,913
106,922
106,928
106,936
106,989
107,130
107,165
107,181
107,192
107,193
107,196
107,245
107,252
107,254
107,259
107,268
107,269
107,318
107,319
107,324
107,328
107,331
107,337
107,345
107,362
107,413
107,421
107,446
107,467
107,470
107,476
107,492
107,494
107,505
107,506
107,509
107,512
107,547
107,548
107,563
107,589
107,596
107,598
107,603
107,646
107,662
107,671
107,690
107,712
107,726
107,751
107,772
107,781
107,789
107,807
107,808
107,818
107,830
107,831
107,832
107,851
107,856
107,861
107,862
107,874
107,879
107,883
107,901
107,912
107,934
107,979
107,997
108,116
108,178
108,238
108,276
108,297
108,416
108,422
108,496
108,519
108,520
108,560
108,692
108,710
108,754
108,784
108,786
108,816
108,841
108,864
108,954
108,956
108,992
109,114
109,116
109,117
109,142
109,148
109,165
109,218
109,230
109,239
109,241
109,245
109,279
109,285
109,317
109,325
109,328
109,342
109,369
109,405
109,429
109,445
109,476
109,478
109,519
109,520
109,527
109,558
109,566
109,568
109,574
109,576
109,590
109,629
109,647
109,671
109,673
109,685
109,686
109,696
109,712
109,728
109,747
109,758
109,791
109,847
109,854
109,862
109,869
109,873
109,880
109,904
109,912
109,923
109,948
109,955
109,976
109,985
109,993
110,189
110,194
110,197
110,221
110,244
110,271
110,304
110,316
110,318
110,335
110,383
110,472
110,481
110,508
110,519
110,613
110,616
110,620
110,704
110,709
110,752
110,772
110,856
110,893
110,950
110,951
110,967
111,116
111,122
111,156
111,165
111,167
111,180
111,205
111,210
111,244
111,276
111,277
111,296
111,324
111,325
111,348
111,358
111,359
111,368
111,411
111,450
111,478
111,498
111,520
111,530
111,590
111,591
111,641
111,643
111,674
111,680
111,700
111,727
111,782
111,791
111,813
111,824
111,845
111,903
111,912
111,918
111,920
111,928
111,940
111,959
112,128
112,134
112,138
112,199
112,201
112,207
112,211
112,221
112,224
112,242
112,253
112,299
112,318
112,324
112,332
112,372
112,373
112,390
112,408
112,414
112,422
112,431
112,439
112,450
112,461
112,469
112,474
112,496
112,503
112,516
112,541
112,553
112,558
112,559
112,562
112,571
112,585
112,589
112,608
112,609
112,643
112,665
112,694
112,705
112,742
112,767
112,770
112,796
112,835
112,844
112,851
112,878
112,899
112,907
112,931
112,977
112,986
112,988
113,123
113,135
113,142
113,147
113,165
113,177
113,189
113,190
113,199
113,226
113,230
113,316
113,319
113,373
113,376
113,426
113,431
113,444
113,445
113,446
113,451
113,452
113,457
113,481
113,485
113,519
113,531
113,558
113,587
113,609
113,617
113,619
113,627
113,630
113,667
113,673
113,674
113,676
113,677
113,686
113,688
113,695
113,705
113,716
113,772
113,782
113,811
113,837
113,838
113,851
113,864
113,895
113,904
113,925
113,928
113,930
113,940
113,962
113,980
114,133
114,138
114,168
114,176
114,188
114,272
114,280
114,293
114,311
114,327
114,335
114,344
114,351
114,356
114,372
114,377
114,398
114,410
114,415
114,455
114,491
114,510
114,517
114,532
114,535
114,564
114,570
114,580
114,583
114,629
114,658
114,674
114,719
114,728
114,752
114,782
114,786
114,831
114,865
114,935
114,939
114,971
115,133
115,155
115,208
115,250
115,373
115,376
115,380
115,392
115,446
115,484
115,490
115,510
115,565
115,572
115,577
115,587
115,613
115,617
115,691
115,736
115,746
115,756
115,802
115,815
115,918
115,961
116,183
116,185
116,190
116,212
116,221
116,245
116,246
116,263
116,280
116,289
116,308
116,317
116,412
116,431
116,437
116,439
116,443
116,513
116,519
116,594
116,602
116,614
116,624
116,636
116,652
116,673
116,690
116,708
116,712
116,718
116,722
116,736
116,750
116,754
116,770
116,780
116,791
116,851
116,881
116,892
116,927
116,940
116,959
116,976
116,978
117,120
117,148
117,155
117,167
117,189
117,233
117,237
117,259
117,288
117,300
117,308
117,330
117,350
117,358
117,363
117,369
117,385
117,403
117,422
117,429
117,445
117,471
117,474
117,476
117,484
117,487
117,493
117,495
117,515
117,520
117,539
117,543
117,565
117,591
117,606
117,647
117,664
117,685
117,700
117,711
117,741
117,747
117,758
117,770
117,774
117,787
117,789
117,792
117,805
117,813
117,831
117,838
117,849
117,851
117,861
117,869
117,896
117,904
117,907
117,923
117,925
117,928
117,974
117,976
118,136
118,156
118,184
118,231
118,239
118,243
118,263
118,266
118,272
118,279
118,289
118,293
118,319
118,331
118,349
118,366
118,370
118,374
118,405
118,409
118,448
118,477
118,505
118,513
118,524
118,531
118,578
118,588
118,674
118,708
118,721
118,727
118,747
118,758
118,779
118,791
118,802
118,812
118,826
118,858
118,883
118,906
118,930
118,938
118,957
118,971
118,976
118,993
118,998
119,161
119,194
119,216
119,219
119,225
119,234
119,244
119,269
119,367
119,416
119,493
119,560
119,580
119,633
119,686
119,692
119,712
119,713
119,714
119,726
119,729
119,805
119,811
119,830
119,838
119,873
119,897
119,909
119,942
119,966
119,986
119,994
120,142
120,171
120,261
120,299
120,308
120,321
120,355
120,360
120,420
120,453
120,455
120,461
120,483
120,495
120,498
120,544
120,556
120,605
120,653
120,656
120,690
120,700
120,879
120,925
120,935
120,937
120,941
120,995
121,130
121,146
121,185
121,242
121,293
121,311
121,319
121,324
121,350
121,364
121,370
121,410
121,418
121,464
121,511
121,515
121,529
121,612
121,698
121,725
121,728
121,737
121,802
121,817
121,826
121,899
121,917
121,952
121,974
121,975
122,163
122,204
122,257
122,267
122,279
122,329
122,335
122,358
122,368
122,382
122,409
122,419
122,424
122,440
122,448
122,486
122,502
122,515
122,558
122,608
122,657
122,734
122,796
122,834
122,853
122,885
122,916
122,969
123,126
123,138
123,142
123,201
123,208
123,216
123,230
123,231
123,281
123,305
123,355
123,398
123,413
123,418
123,432
123,459
123,495
123,503
123,513
123,527
123,544
123,551
123,567
123,599
123,601
123,614
123,617
123,648
123,684
123,694
123,713
123,726
123,741
123,766
123,786
123,824
123,838
123,876
123,908
123,949
123,964
124,157
124,172
124,206
124,263
124,323
124,326
124,390
124,446
124,547
124,574
124,599
124,648
124,675
124,745
124,798
124,805
124,887
124,962
124,967
124,977
124,989
124,998
125,157
125,219
125,226
125,248
125,314
125,350
125,454
125,489
125,500
125,535
125,539
125,641
125,695
125,746
125,776
125,812
125,952
125,965
125,977
126,150
126,254
126,316
126,343
126,365
126,386
126,406
126,425
126,447
126,473
126,532
126,585
126,753
126,805
126,809
126,870
126,917
126,940
126,972
126,988
127,132
127,137
127,177
127,195
127,224
127,226
127,240
127,243
127,245
127,259
127,313
127,314
127,326
127,354
127,384
127,403
127,406
127,407
127,432
127,433
127,452
127,454
127,486
127,492
127,493
127,497
127,534
127,538
127,548
127,580
127,583
127,592
127,600
127,601
127,690
127,725
127,777
127,782
127,786
127,792
127,817
127,820
127,822
127,824
127,856
127,873
127,938
127,939
127,943
127,947
127,951
127,967
127,988
127,997
128,142
128,161
128,204
128,229
128,230
128,240
128,283
128,296
128,319
128,326
128,346
128,366
128,373
128,398
128,401
128,426
128,502
128,514
128,535
128,578
128,581
128,596
128,610
128,618
128,623
128,627
128,677
128,747
128,755
128,784
128,788
128,813
128,833
128,852
128,861
128,864
128,879
128,925
128,936
128,953
128,966
128,988
128,992
129,137
129,155
129,161
129,165
129,169
129,180
129,206
129,210
129,216
129,240
129,252
129,256
129,279
129,283
129,290
129,339
129,343
129,356
129,363
129,421
129,423
129,492
129,559
129,595
129,619
129,636
129,730
129,743
129,791
129,808
129,812
129,842
129,851
129,857
129,861
129,868
129,961
129,982
130,135
130,150
130,151
130,198
130,209
130,215
130,216
130,249
130,257
130,277
130,283
130,300
130,302
130,307
130,331
130,337
130,356
130,398
130,419
130,427
130,429
130,441
130,443
130,448
130,461
130,466
130,476
130,501
130,513
130,524
130,532
130,539
130,548
130,549
130,580
130,591
130,596
130,598
130,607
130,623
130,632
130,636
130,640
130,648
130,650
130,651
130,652
130,655
130,663
130,674
130,681
130,688
130,690
130,691
130,714
130,715
130,717
130,723
130,740
130,751
130,755
130,764
130,776
130,784
130,785
130,802
130,809
130,851
130,862
130,864
130,876
130,890
130,901
130,924
130,990
130,998
130,999
131,161
131,203
131,267
131,282
131,315
131,398
131,438
131,461
131,482
131,516
131,517
131,527
131,548
131,555
131,582
131,618
131,638
131,671
131,682
131,692
131,717
131,744
131,753
131,800
131,834
131,861
131,865
131,879
131,925
131,933
131,946
132,146
132,161
132,179
132,198
132,201
132,273
132,279
132,280
132,285
132,297
132,311
132,316
132,318
132,323
132,354
132,373
132,398
132,412
132,417
132,426
132,496
132,499
132,500
132,529
132,533
132,545
132,562
132,576
132,580
132,581
132,598
132,624
132,635
132,643
132,680
132,692
132,693
132,700
132,743
132,761
132,770
132,775
132,792
132,794
132,824
132,857
132,861
132,864
132,886
132,903
132,919
132,964
132,971
132,984
132,988
133,135
133,149
133,161
133,165
133,167
133,169
133,170
133,182
133,190
133,191
133,221
133,246
133,253
133,268
133,277
133,299
133,308
133,319
133,321
133,349
133,350
133,354
133,380
133,436
133,441
133,443
133,444
133,462
133,475
133,484
133,505
133,519
133,520
133,526
133,528
133,530
133,533
133,548
133,602
133,631
133,658
133,670
133,675
133,697
133,745
133,747
133,750
133,752
133,765
133,774
133,817
133,822
133,823
133,824
133,832
133,868
133,881
133,908
133,923
133,931
133,949
133,976
133,978
133,989
133,993
134,156
134,180
134,205
134,209
134,252
134,340
134,351
134,374
134,382
134,397
134,406
134,409
134,444
134,453
134,475
134,504
134,515
134,654
134,659
134,669
134,754
134,764
134,845
134,872
134,894
134,940
135,136
135,178
135,180
135,216
135,243
135,253
135,271
135,297
135,317
135,325
135,346
135,351
135,357
135,361
135,367
135,398
135,405
135,446
135,474
135,478
135,523
135,539
135,577
135,593
135,641
135,667
135,677
135,681
135,686
135,709
135,726
135,825
135,838
135,880
135,885
135,904
135,906
135,911
135,915
135,930
135,935
135,957
135,964
135,992
136,186
136,215
136,238
136,270
136,292
136,320
136,332
136,337
136,365
136,402
136,419
136,440
136,458
136,459
136,540
136,558
136,561
136,606
136,746
136,750
136,780
136,789
136,796
136,797
136,802
136,828
136,832
136,856
136,862
136,882
136,918
136,925
136,931
136,952
136,987
137,225
137,244
137,269
137,272
137,276
137,307
137,340
137,377
137,417
137,527
137,539
137,553
137,567
137,606
137,610
137,614
137,624
137,660
137,665
137,678
137,683
137,716
137,822
137,869
137,964
138,174
138,198
138,288
138,324
138,356
138,364
138,432
138,443
138,462
138,464
138,479
138,576
138,580
138,614
138,643
138,692
138,714
138,717
138,786
138,796
138,797
138,799
138,805
138,819
138,828
138,857
138,879
138,891
138,923
138,925
138,934
138,936
138,949
138,979
139,205
139,209
139,212
139,237
139,278
139,281
139,318
139,322
139,361
139,365
139,410
139,445
139,456
139,485
139,490
139,527
139,535
139,711
139,712
139,746
139,747
139,887
139,896
139,908
139,976
139,979
140,173
140,280
140,340
140,349
140,373
140,419
140,504
140,518
140,568
140,570
140,584
140,590
140,630
140,632
140,775
140,835
140,868
140,928
141,150
141,152
141,170
141,177
141,190
141,194
141,223
141,258
141,277
141,282
141,285
141,295
141,302
141,336
141,352
141,415
141,416
141,440
141,454
141,513
141,522
141,548
141,565
141,578
141,589
141,606
141,608
141,617
141,624
141,646
141,648
141,677
141,684
141,686
141,689
141,691
141,704
141,718
141,726
141,732
141,735
141,750
141,755
141,757
141,824
141,828
141,841
141,843
141,857
141,858
141,862
141,865
141,866
141,879
141,893
141,920
141,947
141,950
141,961
141,989
142,168
142,172
142,202
142,216
142,217
142,231
142,241
142,272
142,289
142,297
142,326
142,327
142,366
142,369
142,375
142,397
142,409
142,414
142,419
142,429
142,433
142,437
142,448
142,451
142,462
142,468
142,471
142,473
142,493
142,502
142,508
142,510
142,520
142,530
142,588
142,590
142,593
142,606
142,619
142,627
142,704
142,705
142,736
142,766
142,783
142,791
142,851
142,868
142,869
142,873
142,892
142,893
142,900
142,908
142,910
142,911
142,930
142,937
142,966
142,983
142,992
143,149
143,205
143,208
143,307
143,311
143,362
143,410
143,432
143,497
143,509
143,549
143,564
143,653
143,787
143,822
143,892
143,900
143,907
143,922
143,939
144,150
144,157
144,171
144,177
144,195
144,206
144,217
144,242
144,285
144,303
144,311
144,317
144,326
144,327
144,340
144,348
144,351
144,359
144,365
144,382
144,394
144,398
144,403
144,444
144,450
144,452
144,458
144,491
144,506
144,512
144,529
144,569
144,597
144,603
144,605
144,606
144,646
144,704
144,727
144,763
144,771
144,773
144,804
144,844
144,845
144,862
144,878
144,899
144,907
144,976
144,980
144,983
144,995
145,147
145,211
145,225
145,227
145,240
145,260
145,322
145,347
145,364
145,408
145,424
145,546
145,568
145,575
145,576
145,629
145,636
145,705
145,772
145,809
145,897
145,904
145,928
145,954
145,982
146,151
146,154
146,168
146,179
146,194
146,200
146,201
146,207
146,236
146,238
146,240
146,261
146,273
146,279
146,283
146,326
146,343
146,368
146,390
146,398
146,420
146,428
146,432
146,442
146,455
146,460
146,466
146,508
146,527
146,552
146,559
146,578
146,593
146,595
146,609
146,643
146,644
146,648
146,666
146,707
146,715
146,718
146,723
146,737
146,792
146,814
146,835
146,853
146,870
146,922
146,925
146,938
146,970
146,977
147,293
147,319
147,338
147,339
147,343
147,354
147,356
147,389
147,455
147,464
147,505
147,516
147,539
147,545
147,546
147,558
147,583
147,601
147,622
147,623
147,630
147,684
147,691
147,726
147,739
147,812
147,819
147,824
147,862
147,865
147,870
147,889
147,947
147,949
147,978
148,149
148,158
148,177
148,180
148,200
148,212
148,220
148,242
148,243
148,311
148,316
148,384
148,434
148,440
148,452
148,492
148,494
148,536
148,559
148,589
148,605
148,650
148,685
148,695
148,697
148,822
148,863
148,877
148,907
148,962
148,971
149,158
149,160
149,172
149,203
149,234
149,243
149,246
149,255
149,270
149,293
149,298
149,300
149,315
149,327
149,330
149,338
149,342
149,345
149,347
149,370
149,381
149,397
149,402
149,412
149,414
149,440
149,446
149,456
149,458
149,520
149,527
149,551
149,568
149,574
149,628
149,662
149,664
149,683
149,685
149,688
149,690
149,712
149,727
149,787
149,789
149,793
149,799
149,802
149,814
149,831
149,851
149,853
149,855
149,865
149,891
149,905
149,908
149,938
149,947
149,959
149,976
149,978
149,980
149,981
150,162
150,165
150,178
150,194
150,196
150,249
150,254
150,256
150,316
150,378
150,427
150,446
150,454
150,535
150,539
150,569
150,599
150,607
150,612
150,622
150,628
150,630
150,654
150,676
150,681
150,688
150,704
150,739
150,806
150,870
150,875
150,890
150,904
150,905
150,916
150,932
150,986
151,253
151,258
151,259
151,262
151,289
151,305
151,314
151,435
151,494
151,497
151,547
151,569
151,578
151,579
151,593
151,618
151,628
151,677
151,688
151,708
151,729
151,731
151,820
151,828
151,873
151,882
151,920
152,157
152,161
152,175
152,216
152,230
152,276
152,318
152,319
152,376
152,396
152,443
152,468
152,483
152,523
152,557
152,595
152,616
152,617
152,731
152,741
152,789
152,829
152,885
152,919
152,922
152,936
152,942
152,977
153,219
153,336
153,384
153,388
153,423
153,459
153,563
153,616
153,688
153,748
153,781
153,832
153,905
153,984
154,161
154,163
154,167
154,170
154,176
154,198
154,201
154,255
154,276
154,287
154,291
154,292
154,312
154,314
154,319
154,324
154,327
154,331
154,351
154,353
154,379
154,402
154,423
154,462
154,491
154,497
154,518
154,521
154,529
154,551
154,573
154,579
154,581
154,582
154,607
154,636
154,672
154,677
154,694
154,697
154,715
154,722
154,752
154,759
154,777
154,824
154,862
154,865
154,870
154,878
154,881
154,894
154,897
154,911
154,916
154,925
154,937
154,969
154,982
154,988
154,996
155,165
155,172
155,188
155,205
155,227
155,252
155,273
155,274
155,299
155,300
155,305
155,330
155,338
155,356
155,367
155,370
155,377
155,386
155,388
155,403
155,406
155,411
155,414
155,451
155,459
155,471
155,474
155,478
155,485
155,523
155,527
155,553
155,559
155,560
155,579
155,598
155,604
155,624
155,650
155,655
155,679
155,704
155,706
155,712
155,714
155,746
155,751
155,774
155,775
155,787
155,789
155,791
155,818
155,837
155,863
155,905
155,908
155,916
155,948
155,950
155,958
155,966
155,979
155,985
155,992
155,993
156,199
156,248
156,292
156,301
156,394
156,444
156,464
156,478
156,491
156,535
156,553
156,573
156,575
156,583
156,593
156,618
156,657
156,756
156,776
156,803
156,826
156,859
156,969
156,995
156,998
157,207
157,240
157,246
157,266
157,364
157,416
157,513
157,543
157,550
157,726
157,753
157,778
157,860
157,866
157,914
157,927
157,929
157,951
157,960
157,992
158,165
158,185
158,191
158,192
158,193
158,198
158,227
158,240
158,265
158,277
158,289
158,298
158,311
158,313
158,319
158,329
158,358
158,393
158,415
158,416
158,425
158,450
158,466
158,470
158,484
158,520
158,529
158,530
158,551
158,558
158,559
158,574
158,631
158,690
158,693
158,699
158,702
158,728
158,767
158,771
158,834
158,840
158,868
158,893
158,909
158,919
158,921
158,927
158,962
159,161
159,188
159,206
159,217
159,230
159,239
159,244
159,280
159,281
159,287
159,307
159,314
159,338
159,339
159,351
159,356
159,369
159,371
159,396
159,398
159,416
159,421
159,431
159,460
159,486
159,513
159,526
159,535
159,543
159,566
159,594
159,639
159,654
159,663
159,704
159,709
159,715
159,722
159,771
159,778
159,780
159,789
159,792
159,799
159,803
159,805
159,818
159,822
159,828
159,844
159,893
159,937
159,945
159,992
160,183
160,216
160,218
160,235
160,242
160,254
160,313
160,349
160,378
160,426
160,444
160,451
160,453
160,464
160,472
160,492
160,497
160,512
160,519
160,525
160,567
160,578
160,585
160,587
160,592
160,599
160,606
160,614
160,623
160,659
160,671
160,767
160,799
160,824
160,861
160,885
160,909
160,911
160,915
160,930
160,935
160,936
160,964
160,980
160,986
161,188
161,197
161,202
161,208
161,220
161,225
161,226
161,243
161,253
161,270
161,305
161,307
161,308
161,322
161,327
161,338
161,354
161,373
161,391
161,423
161,435
161,441
161,463
161,465
161,483
161,486
161,489
161,492
161,519
161,524
161,539
161,544
161,545
161,548
161,579
161,585
161,597
161,607
161,616
161,618
161,624
161,633
161,640
161,656
161,658
161,667
161,682
161,692
161,698
161,716
161,723
161,729
161,730
161,733
161,739
161,741
161,744
161,748
161,755
161,771
161,773
161,799
161,803
161,812
161,815
161,826
161,827
161,829
161,851
161,854
161,860
161,861
161,868
161,870
161,882
161,889
161,895
161,898
161,931
161,932
161,943
161,958
161,959
161,965
161,976
161,979
161,997
162,190
162,206
162,244
162,276
162,287
162,343
162,344
162,353
162,356
162,370
162,404
162,416
162,427
162,435
162,490
162,503
162,544
162,548
162,555
162,568
162,574
162,585
162,616
162,629
162,673
162,685
162,729
162,856
162,868
162,870
162,880
162,886
162,898
162,916
162,917
162,936
163,171
163,195
163,260
163,266
163,299
163,356
163,359
163,362
163,368
163,407
163,432
163,496
163,547
163,572
163,643
163,652
163,657
163,662
163,691
163,697
163,738
163,773
163,839
163,845
163,866
163,891
163,941
163,969
163,989
163,995
164,194
164,200
164,203
164,289
164,345
164,346
164,373
164,446
164,549
164,611
164,631
164,719
164,720
164,776
164,821
164,828
164,838
164,842
164,856
164,910
164,925
164,932
165,173
165,185
165,199
165,201
165,203
165,238
165,248
165,251
165,280
165,283
165,289
165,294
165,296
165,308
165,319
165,320
165,357
165,358
165,369
165,375
165,415
165,416
165,420
165,421
165,429
165,437
165,459
165,474
165,475
165,493
165,496
165,511
165,519
165,526
165,527
165,545
165,574
165,577
165,581
165,590
165,602
165,623
165,624
165,641
165,643
165,644
165,655
165,671
165,694
165,699
165,710
165,716
165,726
165,735
165,747
165,772
165,789
165,819
165,842
165,857
165,876
165,894
165,905
165,908
165,948
165,950
165,973
166,177
166,274
166,319
166,334
166,335
166,347
166,377
166,402
166,446
166,449
166,451
166,460
166,467
166,495
166,500
166,512
166,555
166,564
166,691
166,703
166,759
166,769
166,775
166,781
166,837
166,869
166,880
166,899
166,959
166,967
167,199
167,226
167,242
167,252
167,265
167,272
167,299
167,305
167,327
167,378
167,397
167,403
167,416
167,450
167,473
167,491
167,496
167,498
167,529
167,552
167,573
167,595
167,622
167,650
167,652
167,657
167,689
167,715
167,726
167,732
167,796
167,853
167,857
167,923
167,949
167,956
167,978
167,991
167,998
168,176
168,183
168,217
168,221
168,234
168,292
168,332
168,386
168,393
168,408
168,418
168,442
168,504
168,531
168,544
168,562
168,590
168,603
168,625
168,674
168,682
168,756
168,771
168,779
168,781
168,878
168,886
168,912
168,944
169,178
169,204
169,226
169,237
169,250
169,263
169,272
169,289
169,307
169,320
169,323
169,343
169,360
169,363
169,410
169,433
169,436
169,445
169,449
169,450
169,462
169,466
169,485
169,493
169,498
169,507
169,512
169,523
169,533
169,534
169,539
169,548
169,574
169,579
169,611
169,641
169,675
169,698
169,699
169,701
169,712
169,727
169,740
169,766
169,786
169,795
169,799
169,828
169,844
169,845
169,853
169,858
169,907
169,942
169,951
169,965
169,983
170,208
170,216
170,217
170,230
170,247
170,275
170,309
170,312
170,343
170,375
170,435
170,453
170,460
170,481
170,496
170,544
170,545
170,565
170,577
170,614
170,624
170,648
170,651
170,662
170,676
170,694
170,695
170,745
170,761
170,778
170,820
170,845
170,865
170,868
170,890
170,923
170,927
170,931
171,210
171,260
171,283
171,294
171,363
171,409
171,424
171,433
171,446
171,520
171,573
171,583
171,717
171,736
171,775
171,846
171,847
171,903
171,908
172,177
172,183
172,233
172,238
172,260
172,263
172,293
172,330
172,338
172,369
172,437
172,445
172,459
172,467
172,471
172,474
172,494
172,495
172,502
172,524
172,531
172,568
172,604
172,606
172,607
172,662
172,677
172,678
172,685
172,686
172,698
172,711
172,734
172,736
172,764
172,783
172,787
172,791
172,811
172,813
172,831
172,845
172,908
172,948
172,949
172,962
172,964
172,967
172,992
173,209
173,222
173,267
173,275
173,291
173,342
173,365
173,369
173,389
173,398
173,459
173,467
173,508
173,524
173,555
173,619
173,637
173,679
173,761
173,836
173,846
173,975
174,288
174,413
174,532
174,589
174,613
174,671
174,679
174,778
174,814
174,890
174,925
174,942
175,194
175,196
175,197
175,235
175,268
175,269
175,289
175,312
175,348
175,505
175,513
175,548
175,555
175,556
175,585
175,656
175,674
175,710
175,794
175,820
175,917
175,948
175,967
175,991
175,999
176,177
176,178
176,203
176,220
176,246
176,257
176,311
176,358
176,378
176,382
176,384
176,401
176,429
176,459
176,476
176,490
176,501
176,502
176,529
176,562
176,571
176,573
176,583
176,584
176,596
176,599
176,609
176,623
176,624
176,641
176,676
176,677
176,699
176,720
176,727
176,750
176,754
176,807
176,814
176,844
176,862
176,873
176,889
176,897
176,903
176,931
176,940
176,941
176,958
176,964
177,203
177,266
177,272
177,275
177,325
177,367
177,384
177,401
177,469
177,481
177,487
177,489
177,501
177,510
177,527
177,554
177,615
177,617
177,655
177,661
177,669
177,693
177,697
177,711
177,770
177,782
177,785
177,788
177,798
177,802
177,834
177,837
177,896
177,908
177,948
177,949
177,997
177,999
178,225
178,266
178,282
178,326
178,333
178,348
178,380
178,419
178,444
178,454
178,461
178,469
178,482
178,512
178,532
178,550
178,589
178,606
178,626
178,646
178,652
178,700
178,720
178,724
178,776
178,777
178,826
178,868
178,904
178,908
178,916
178,922
178,927
178,977
178,981
179,180
179,188
179,190
179,236
179,240
179,244
179,267
179,276
179,280
179,314
179,319
179,335
179,343
179,344
179,350
179,353
179,361
179,366
179,375
179,378
179,425
179,457
179,459
179,461
179,481
179,483
179,487
179,494
179,519
179,524
179,529
179,534
179,589
179,590
179,596
179,603
179,623
179,627
179,640
179,641
179,655
179,682
179,705
179,712
179,715
179,722
179,746
179,777
179,782
179,790
179,793
179,817
179,830
179,832
179,857
179,861
179,886
179,895
179,897
179,907
179,908
179,927
179,930
179,931
179,940
179,947
179,953
179,962
179,975
180,183
180,187
180,221
180,227
180,237
180,247
180,358
180,362
180,365
180,368
180,403
180,421
180,462
180,492
180,494
180,505
180,569
180,590
180,593
180,606
180,608
180,641
180,646
180,650
180,654
180,710
180,711
180,763
180,789
180,793
180,833
180,844
180,885
180,902
180,918
180,938
180,940
180,956
180,963
181,186
181,215
181,216
181,233
181,240
181,337
181,369
181,403
181,427
181,460
181,481
181,497
181,523
181,525
181,555
181,568
181,571
181,574
181,599
181,700
181,711
181,753
181,764
181,791
181,812
181,834
181,842
181,845
181,938
181,946
181,997
182,226
182,234
182,244
182,280
182,287
182,314
182,316
182,334
182,341
182,357
182,382
182,429
182,431
182,489
182,536
182,560
182,578
182,586
182,616
182,618
182,633
182,635
182,698
182,721
182,722
182,736
182,739
182,764
182,768
182,785
182,791
182,813
182,868
182,874
182,886
182,887
182,893
182,904
182,927
182,968
183,186
183,193
183,199
183,203
183,205
183,210
183,220
183,227
183,229
183,252
183,266
183,269
183,319
183,325
183,335
183,363
183,420
183,424
183,433
183,434
183,466
183,477
183,481
183,498
183,535
183,541
183,574
183,616
183,624
183,650
183,651
183,657
183,675
183,711
183,726
183,735
183,746
183,749
183,785
183,787
183,814
183,830
183,866
183,873
183,897
183,900
183,902
183,904
183,916
183,918
183,936
183,941
183,959
183,964
183,978
183,982
184,213
184,222
184,239
184,293
184,377
184,401
184,489
184,531
184,538
184,560
184,582
184,647
184,663
184,667
184,703
184,709
184,758
184,779
184,870
184,910
185,190
185,251
185,255
185,278
185,280
185,319
185,326
185,390
185,431
185,449
185,459
185,476
185,484
185,486
185,493
185,508
185,573
185,593
185,606
185,644
185,662
185,667
185,693
185,704
185,711
185,774
185,780
185,783
185,787
185,789
185,791
185,802
185,822
185,837
185,842
185,888
185,890
185,893
185,918
185,964
185,973
185,989
186,213
186,249
186,254
186,302
186,322
186,403
186,434
186,480
186,482
186,491
186,507
186,512
186,526
186,527
186,554
186,608
186,635
186,647
186,691
186,800
186,895
186,904
186,974
187,219
187,247
187,296
187,343
187,349
187,357
187,400
187,423
187,438
187,573
187,605
187,756
187,865
187,894
187,897
187,918
187,948
188,259
188,271
188,309
188,341
188,377
188,458
188,512
188,520
188,619
188,673
188,677
188,750
188,772
188,813
188,818
188,830
188,859
188,947
188,982
189,194
189,227
189,239
189,246
189,312
189,326
189,357
189,390
189,408
189,420
189,449
189,461
189,527
189,590
189,595
189,627
189,675
189,684
189,687
189,692
189,695
189,726
189,746
189,750
189,756
189,818
189,883
189,888
189,940
189,979
190,200
190,233
190,236
190,276
190,286
190,291
190,316
190,317
190,319
190,386
190,417
190,431
190,438
190,446
190,449
190,451
190,530
190,532
190,534
190,535
190,545
190,559
190,573
190,574
190,581
190,587
190,603
190,608
190,609
190,614
190,625
190,627
190,633
190,652
190,673
190,677
190,688
190,693
190,721
190,726
190,759
190,765
190,795
190,815
190,829
190,832
190,838
190,845
190,864
190,866
190,879
190,886
190,913
190,930
190,947
190,948
190,949
191,204
191,226
191,229
191,240
191,276
191,283
191,290
191,299
191,309
191,311
191,324
191,328
191,341
191,370
191,382
191,384
191,406
191,484
191,491
191,492
191,515
191,516
191,549
191,572
191,589
191,601
191,603
191,643
191,646
191,651
191,654
191,657
191,677
191,723
191,728
191,735
191,763
191,768
191,770
191,793
191,794
191,802
191,809
191,862
191,931
191,959
191,974
192,193
192,194
192,219
192,224
192,246
192,254
192,260
192,271
192,283
192,302
192,306
192,308
192,318
192,421
192,453
192,473
192,486
192,488
192,496
192,497
192,499
192,501
192,510
192,541
192,556
192,593
192,636
192,642
192,655
192,694
192,757
192,796
192,813
192,816
192,822
192,833
192,851
192,861
192,883
192,929
192,937
192,952
192,962
192,968
193,217
193,226
193,244
193,285
193,318
193,333
193,335
193,359
193,366
193,370
193,394
193,416
193,437
193,441
193,472
193,478
193,479
193,511
193,661
193,666
193,747
193,768
193,886
193,892
193,896
193,904
193,908
193,953
193,959
193,992
193,997
194,322
194,371
194,381
194,413
194,435
194,452
194,456
194,457
194,568
194,575
194,580
194,619
194,816
194,919
194,938
195,216
195,263
195,279
195,290
195,291
195,312
195,356
195,413
195,441
195,466
195,473
195,476
195,576
195,636
195,643
195,646
195,715
195,777
195,786
195,792
195,805
195,811
195,848
195,850
195,857
195,885
195,895
195,913
195,961
196,218
196,254
196,343
196,346
196,380
196,396
196,439
196,446
196,480
196,503
196,555
196,562
196,605
196,617
196,652
196,667
196,726
196,742
196,813
196,815
196,825
196,856
196,949
196,965
197,242
197,289
197,308
197,316
197,317
197,352
197,354
197,431
197,434
197,461
197,473
197,482
197,483
197,492
197,515
197,519
197,528
197,548
197,555
197,587
197,622
197,626
197,627
197,644
197,695
197,712
197,828
197,848
197,891
197,898
197,921
197,922
197,930
197,942
197,949
197,957
197,960
197,961
197,972
197,992
198,210
198,217
198,226
198,247
198,265
198,266
198,282
198,310
198,329
198,374
198,406
198,433
198,442
198,464
198,501
198,503
198,557
198,585
198,597
198,634
198,642
198,668
198,761
198,782
198,794
198,810
198,853
198,855
198,858
198,886
198,913
198,930
199,205
199,210
199,220
199,224
199,230
199,237
199,240
199,246
199,262
199,285
199,319
199,323
199,327
199,384
199,397
199,411
199,441
199,443
199,491
199,501
199,521
199,562
199,577
199,593
199,606
199,650
199,654
199,678
199,686
199,697
199,727
199,730
199,750
199,766
199,791
199,792
199,803
199,845
199,857
199,889
199,923
199,927
199,964
199,967
199,977
199,980
199,998
200,232
200,276
200,362
200,392
200,393
200,426
200,428
200,473
200,497
200,527
200,555
200,577
200,857
200,872
200,893
200,928
200,961
200,996
201,242
201,249
201,255
201,268
201,277
201,280
201,285
201,309
201,323
201,326
201,348
201,382
201,397
201,449
201,452
201,460
201,462
201,498
201,514
201,516
201,547
201,593
201,600
201,603
201,620
201,638
201,646
201,650
201,654
201,655
201,705
201,716
201,762
201,767
201,782
201,786
201,794
201,805
201,808
201,865
201,883
201,885
201,893
201,924
201,974
201,982
201,995
202,255
202,256
202,269
202,277
202,280
202,281
202,282
202,318
202,351
202,364
202,369
202,391
202,398
202,426
202,441
202,445
202,493
202,505
202,534
202,544
202,577
202,627
202,634
202,677
202,746
202,767
202,786
202,811
202,817
202,830
202,832
202,862
202,864
202,886
202,891
202,927
202,928
203,207
203,228
203,241
203,244
203,276
203,289
203,310
203,351
203,373
203,402
203,413
203,415
203,435
203,438
203,470
203,493
203,563
203,582
203,587
203,629
203,655
203,656
203,695
203,733
203,758
203,776
203,778
203,812
203,838
203,906
203,939
203,948
203,958
203,964
203,994
203,998
204,213
204,308
204,397
204,405
204,410
204,411
204,448
204,449
204,456
204,473
204,566
204,642
204,798
204,844
204,900
204,912
204,946
204,950
204,969
205,210
205,236
205,276
205,299
205,303
205,319
205,335
205,351
205,389
205,413
205,432
205,433
205,434
205,448
205,462
205,471
205,478
205,496
205,572
205,654
205,666
205,693
205,754
205,761
205,767
205,771
205,803
205,852
205,865
205,878
205,883
205,889
205,892
205,983
205,986
206,224
206,228
206,256
206,269
206,290
206,300
206,332
206,338
206,380
206,451
206,508
206,577
206,654
206,692
206,733
206,748
206,776
206,789
206,814
206,829
206,840
206,863
206,869
206,881
206,896
206,920
206,959
206,976
206,989
207,214
207,235
207,306
207,365
207,367
207,380
207,390
207,424
207,476
207,541
207,544
207,559
207,607
207,618
207,627
207,636
207,752
207,802
207,812
207,828
207,830
207,860
207,880
207,925
207,950
207,960
208,237
208,293
208,297
208,322
208,375
208,382
208,396
208,398
208,425
208,454
208,461
208,486
208,531
208,555
208,565
208,615
208,626
208,649
208,664
208,673
208,684
208,687
208,755
208,797
208,804
208,806
208,816
208,817
208,822
208,861
208,882
208,895
208,919
208,923
208,927
208,949
208,970
209,213
209,220
209,250
209,279
209,296
209,359
209,380
209,459
209,471
209,614
209,631
209,690
209,774
209,790
209,800
209,883
209,925
209,992
210,212
210,220
210,245
210,265
210,266
210,270
210,311
210,329
210,334
210,343
210,350
210,351
210,359
210,418
210,426
210,433
210,453
210,462
210,488
210,498
210,543
210,551
210,555
210,556
210,577
210,593
210,608
210,625
210,643
210,650
210,666
210,671
210,677
210,686
210,691
210,727
210,735
210,737
210,742
210,785
210,796
210,809
210,814
210,825
210,826
210,827
210,844
210,851
210,857
210,863
210,883
210,903
210,911
210,916
210,940
210,953
210,978
211,250
211,264
211,399
211,448
211,779
211,887
211,996
212,232
212,295
212,299
212,338
212,356
212,382
212,394
212,400
212,432
212,433
212,447
212,453
212,469
212,486
212,491
212,496
212,501
212,506
212,535
212,561
212,622
212,739
212,762
212,826
212,830
212,917
212,954
213,289
213,340
213,394
213,501
213,506
213,641
213,895
213,898
213,924
213,925
213,928
213,989
214,219
214,240
214,454
214,643
214,692
214,776
214,784
214,802
214,885
214,911
214,951
214,967
214,992
215,220
215,223
215,225
215,255
215,278
215,302
215,307
215,353
215,356
215,381
215,395
215,409
215,424
215,454
215,502
215,538
215,571
215,584
215,599
215,624
215,629
215,643
215,648
215,649
215,655
215,656
215,673
215,682
215,696
215,708
215,717
215,724
215,728
215,785
215,792
215,799
215,807
215,809
215,817
215,822
215,824
215,842
215,856
215,867
215,898
215,915
215,916
215,939
215,945
215,964
215,965
215,983
215,994
216,219
216,230
216,250
216,273
216,280
216,287
216,304
216,307
216,331
216,337
216,383
216,393
216,423
216,433
216,451
216,457
216,465
216,486
216,488
216,494
216,501
216,503
216,528
216,530
216,541
216,553
216,562
216,564
216,572
216,579
216,581
216,585
216,587
216,610
216,623
216,627
216,663
216,677
216,684
216,688
216,691
216,715
216,734
216,755
216,759
216,782
216,805
216,812
216,846
216,864
216,890
216,897
216,907
216,940
216,943
217,229
217,245
217,249
217,253
217,276
217,326
217,335
217,376
217,386
217,394
217,401
217,402
217,403
217,406
217,436
217,445
217,474
217,481
217,482
217,485
217,488
217,505
217,529
217,554
217,572
217,577
217,584
217,593
217,596
217,599
217,606
217,609
217,623
217,641
217,651
217,652
217,681
217,699
217,715
217,733
217,734
217,784
217,786
217,791
217,792
217,844
217,851
217,881
217,889
217,897
217,930
217,948
217,962
217,974
217,987
218,337
218,354
218,367
218,400
218,407
218,457
218,510
218,575
218,579
218,605
218,751
218,752
218,828
218,836
218,868
219,228
219,235
219,239
219,244
219,253
219,319
219,363
219,367
219,371
219,376
219,401
219,522
219,546
219,629
219,749
219,751
219,752
219,849
219,910
219,966
219,980
220,221
220,223
220,227
220,246
220,281
220,293
220,302
220,303
220,311
220,323
220,324
220,329
220,356
220,358
220,376
220,382
220,385
220,390
220,394
220,403
220,412
220,415
220,420
220,451
220,461
220,471
220,474
220,477
220,498
220,504
220,505
220,524
220,534
220,538
220,551
220,562
220,571
220,573
220,576
220,601
220,607
220,619
220,650
220,657
220,679
220,682
220,697
220,699
220,715
220,727
220,728
220,732
220,735
220,736
220,766
220,796
220,845
220,862
220,892
220,897
220,899
220,902
220,925
220,940
220,971
220,978
220,990
220,999
221,266
221,267
221,279
221,300
221,317
221,333
221,351
221,377
221,405
221,409
221,412
221,484
221,496
221,506
221,548
221,558
221,566
221,571
221,609
221,626
221,649
221,650
221,657
221,662
221,665
221,679
221,704
221,736
221,737
221,758
221,835
221,836
221,837
221,853
221,862
221,895
221,896
221,906
221,961
221,968
221,985
222,251
222,259
222,260
222,269
222,289
222,370
222,384
222,621
222,702
222,718
222,749
222,753
222,779
222,796
222,798
222,801
222,834
222,859
222,860
222,873
222,875
222,879
222,906
222,909
222,924
222,927
222,988
223,224
223,228
223,231
223,248
223,251
223,260
223,263
223,269
223,287
223,290
223,294
223,302
223,303
223,350
223,388
223,395
223,470
223,499
223,508
223,513
223,528
223,552
223,570
223,573
223,603
223,613
223,617
223,618
223,629
223,636
223,647
223,661
223,704
223,725
223,729
223,789
223,801
223,802
223,813
223,833
223,836
223,837
223,888
223,897
223,927
223,944
223,957
223,973
224,231
224,266
224,289
224,291
224,326
224,366
224,429
224,436
224,468
224,471
224,490
224,491
224,504
224,517
224,545
224,554
224,569
224,591
224,608
224,641
224,685
224,704
224,720
224,725
224,758
224,770
224,774
224,802
224,814
224,831
224,837
224,849
224,859
224,892
224,919
224,926
224,989
224,992
225,229
225,240
225,243
225,261
225,265
225,275
225,335
225,350
225,369
225,382
225,396
225,397
225,398
225,404
225,440
225,449
225,461
225,464
225,473
225,498
225,596
225,603
225,609
225,622
225,629
225,656
225,680
225,683
225,749
225,792
225,796
225,824
225,833
225,835
225,840
225,862
225,877
225,891
225,939
225,946
225,951
225,964
225,972
226,235
226,245
226,251
226,265
226,271
226,273
226,279
226,289
226,307
226,313
226,317
226,332
226,338
226,340
226,344
226,378
226,379
226,383
226,402
226,444
226,460
226,481
226,494
226,498
226,501
226,503
226,509
226,515
226,520
226,532
226,544
226,577
226,581
226,584
226,590
226,593
226,599
226,605
226,614
226,615
226,644
226,650
226,654
226,680
226,687
226,689
226,709
226,718
226,723
226,742
226,743
226,750
226,781
226,792
226,823
226,842
226,849
226,870
226,890
226,898
226,907
226,935
226,979
227,229
227,273
227,288
227,289
227,300
227,327
227,329
227,366
227,368
227,375
227,395
227,415
227,452
227,502
227,521
227,535
227,538
227,562
227,578
227,584
227,590
227,603
227,607
227,667
227,674
227,714
227,727
227,754
227,758
227,761
227,767
227,773
227,811
227,819
227,845
227,869
227,874
227,883
227,892
227,900
227,911
227,916
227,965
227,969
227,978
227,987
228,245
228,251
228,254
228,292
228,328
228,330
228,359
228,380
228,387
228,413
228,459
228,471
228,486
228,577
228,587
228,618
228,671
228,711
228,735
228,821
228,829
228,851
228,862
228,909
228,944
228,966
228,998
229,240
229,253
229,255
229,297
229,301
229,302
229,327
229,348
229,351
229,353
229,358
229,369
229,374
229,379
229,398
229,399
229,464
229,484
229,487
229,490
229,494
229,502
229,504
229,512
229,529
229,551
229,553
229,579
229,581
229,607
229,608
229,625
229,635
229,728
229,735
229,755
229,781
229,801
229,862
229,865
229,879
229,894
229,897
229,949
229,967
229,974
229,978
229,983
230,236
230,240
230,253
230,270
230,277
230,285
230,314
230,317
230,320
230,326
230,327
230,343
230,357
230,378
230,398
230,417
230,421
230,423
230,426
230,435
230,439
230,443
230,447
230,450
230,458
230,459
230,461
230,471
230,501
230,509
230,519
230,521
230,523
230,533
230,543
230,565
230,599
230,601
230,605
230,648
230,669
230,715
230,723
230,730
230,732
230,743
230,748
230,755
230,757
230,763
230,764
230,791
230,792
230,821
230,828
230,842
230,867
230,878
230,881
230,883
230,885
230,886
230,903
230,927
230,944
230,986
230,988
231,249
231,268
231,273
231,337
231,409
231,445
231,460
231,484
231,505
231,523
231,524
231,561
231,578
231,589
231,592
231,607
231,641
231,643
231,662
231,671
231,690
231,709
231,768
231,774
231,787
231,802
231,896
231,905
231,910
231,962
231,994
232,267
232,310
232,352
232,408
232,499
232,573
232,608
232,635
232,642
232,657
232,784
232,806
232,847
232,911
232,917
232,936
233,237
233,270
233,275
233,344
233,351
233,366
233,387
233,395
233,403
233,406
233,410
233,411
233,444
233,461
233,467
233,478
233,485
233,490
233,498
233,504
233,507
233,519
233,524
233,535
233,537
233,558
233,588
233,590
233,593
233,620
233,625
233,627
233,654
233,666
233,671
233,706
233,710
233,725
233,757
233,765
233,773
233,782
233,789
233,795
233,800
233,840
233,881
233,886
233,907
233,911
233,968
233,971
233,998
234,248
234,262
234,281
234,321
234,346
234,432
234,476
234,494
234,547
234,577
234,602
234,638
234,689
234,713
234,742
234,752
234,818
234,837
234,855
234,894
234,957
235,251
235,297
235,322
235,328
235,333
235,344
235,366
235,371
235,416
235,464
235,530
235,558
235,587
235,606
235,614
235,621
235,639
235,644
235,656
235,670
235,672
235,673
235,697
235,700
235,702
235,713
235,715
235,759
235,777
235,797
235,819
235,838
235,843
235,891
235,895
235,919
235,937
235,959
235,979
235,985
235,994
236,252
236,257
236,265
236,268
236,280
236,291
236,308
236,335
236,344
236,350
236,352
236,377
236,383
236,411
236,436
236,484
236,515
236,519
236,552
236,605
236,615
236,616
236,622
236,625
236,663
236,666
236,695
236,719
236,747
236,756
236,757
236,794
236,806
236,862
236,866
236,871
236,895
236,936
236,993
237,242
237,263
237,265
237,266
237,321
237,330
237,440
237,441
237,443
237,478
237,481
237,484
237,487
237,502
237,529
237,534
237,551
237,553
237,554
237,568
237,606
237,644
237,676
237,689
237,704
237,711
237,716
237,766
237,787
237,789
237,802
237,803
237,821
237,860
237,861
237,879
237,889
237,900
237,905
237,927
237,976
238,260
238,266
238,289
238,340
238,345
238,390
238,431
238,466
238,490
238,494
238,501
238,508
238,517
238,520
238,527
238,535
238,550
238,552
238,604
238,607
238,671
238,690
238,715
238,739
238,742
238,753
238,761
238,808
238,827
238,845
238,858
238,862
238,867
238,873
238,905
239,248
239,251
239,262
239,275
239,279
239,324
239,336
239,351
239,376
239,412
239,458
239,472
239,492
239,545
239,575
239,607
239,627
239,651
239,667
239,719
239,726
239,756
239,831
239,853
239,856
239,869
239,896
239,897
239,912
239,919
239,921
239,948
239,975
239,989
240,245
240,261
240,276
240,284
240,295
240,329
240,351
240,364
240,378
240,379
240,390
240,401
240,423
240,426
240,433
240,436
240,462
240,464
240,488
240,501
240,502
240,515
240,518
240,520
240,523
240,524
240,529
240,530
240,532
240,542
240,545
240,578
240,579
240,581
240,614
240,625
240,633
240,643
240,645
240,662
240,666
240,677
240,684
240,692
240,693
240,699
240,705
240,708
240,714
240,715
240,727
240,737
240,758
240,761
240,785
240,786
240,787
240,823
240,841
240,842
240,852
240,864
240,878
240,879
240,905
240,907
240,911
240,912
240,922
240,931
240,936
240,959
240,965
240,977
240,982
240,983
241,253
241,268
241,272
241,330
241,353
241,359
241,366
241,377
241,388
241,398
241,402
241,412
241,421
241,459
241,476
241,478
241,493
241,497
241,530
241,531
241,576
241,580
241,591
241,592
241,602
241,604
241,609
241,610
241,623
241,641
241,712
241,715
241,726
241,764
241,767
241,791
241,792
241,811
241,824
241,831
241,840
241,864
241,871
241,886
241,887
241,904
241,937
241,957
241,964
242,243
242,260
242,265
242,292
242,329
242,338
242,358
242,377
242,389
242,407
242,424
242,425
242,434
242,452
242,478
242,492
242,493
242,501
242,502
242,550
242,551
242,581
242,597
242,624
242,640
242,657
242,699
242,703
242,705
242,708
242,723
242,730
242,742
242,763
242,767
242,768
242,769
242,781
242,859
242,873
242,874
242,880
242,886
242,892
242,896
242,897
242,901
242,911
242,916
242,918
242,967
242,969
242,978
242,988
243,283
243,314
243,331
243,333
243,353
243,366
243,379
243,416
243,432
243,436
243,477
243,478
243,503
243,505
243,541
243,572
243,616
243,622
243,680
243,718
243,740
243,749
243,809
243,838
243,859
243,876
243,931
243,951
243,969
243,974
244,259
244,301
244,307
244,317
244,319
244,321
244,370
244,386
244,408
244,431
244,458
244,546
244,548
244,582
244,590
244,601
244,614
244,615
244,624
244,628
244,644
244,663
244,689
244,880
244,922
244,930
244,972
245,249
245,252
245,261
245,287
245,308
245,318
245,377
245,406
245,425
245,430
245,434
245,450
245,511
245,531
245,539
245,565
245,571
245,573
245,577
245,625
245,651
245,697
245,698
245,715
245,754
245,780
245,795
245,808
245,857
245,861
245,885
245,907
245,918
245,971
245,974
245,992
245,998
246,251
246,268
246,308
246,357
246,358
246,376
246,392
246,420
246,427
246,451
246,454
246,459
246,474
246,487
246,531
246,594
246,625
246,683
246,700
246,709
246,719
246,726
246,739
246,873
246,880
246,886
246,925
246,968
247,253
247,278
247,307
247,379
247,384
247,470
247,480
247,549
247,559
247,595
247,651
247,659
247,692
247,746
247,773
247,785
247,797
247,801
247,820
247,826
247,849
247,863
247,906
247,922
248,251
248,306
248,314
248,354
248,378
248,380
248,382
248,401
248,415
248,427
248,448
248,491
248,492
248,505
248,526
248,548
248,555
248,579
248,587
248,606
248,609
248,626
248,639
248,642
248,646
248,666
248,683
248,700
248,703
248,751
248,812
248,815
248,834
248,838
248,855
248,859
248,868
248,869
248,936
248,946
248,992
249,280
249,289
249,319
249,336
249,348
249,354
249,356
249,366
249,376
249,377
249,381
249,385
249,398
249,406
249,410
249,459
249,473
249,496
249,498
249,504
249,506
249,510
249,511
249,544
249,565
249,640
249,684
249,764
249,774
249,781
249,782
249,786
249,885
249,911
249,918
249,934
249,940
249,941
249,967
249,986
250,268
250,293
250,312
250,350
250,395
250,452
250,485
250,516
250,574
250,685
250,706
250,765
250,783
250,798
250,831
250,883
250,904
250,919
251,254
251,259
251,268
251,281
251,310
251,313
251,325
251,357
251,416
251,417
251,427
251,500
251,526
251,527
251,528
251,550
251,552
251,582
251,613
251,638
251,648
251,700
251,714
251,733
251,747
251,761
251,785
251,800
251,833
251,855
251,860
251,865
251,873
251,898
251,906
251,911
251,916
251,926
251,942
251,944
251,945
251,948
252,310
252,311
252,349
252,351
252,356
252,391
252,409
252,449
252,472
252,535
252,558
252,576
252,578
252,597
252,608
252,619
252,645
252,652
252,727
252,774
252,806
252,844
252,847
252,854
252,911
252,912
252,949
252,963
252,965
252,969
252,971
252,983
253,255
253,265
253,291
253,297
253,307
253,327
253,378
253,426
253,431
253,433
253,439
253,451
253,457
253,462
253,482
253,485
253,491
253,498
253,523
253,532
253,562
253,577
253,582
253,617
253,622
253,654
253,655
253,664
253,667
253,670
253,688
253,689
253,695
253,705
253,751
253,777
253,781
253,789
253,812
253,833
253,838
253,842
253,864
253,870
253,889
253,895
253,897
253,925
253,927
253,949
253,992
253,997
254,269
254,325
254,400
254,406
254,413
254,418
254,466
254,503
254,508
254,520
254,526
254,529
254,541
254,543
254,556
254,560
254,562
254,563
254,565
254,607
254,620
254,644
254,684
254,693
254,695
254,710
254,729
254,734
254,744
254,748
254,755
254,760
254,781
254,791
254,806
254,838
254,847
254,911
254,949
254,964
255,261
255,276
255,309
255,312
255,321
255,337
255,347
255,368
255,371
255,375
255,378
255,393
255,421
255,426
255,431
255,441
255,444
255,464
255,476
255,492
255,505
255,534
255,547
255,551
255,578
255,579
255,583
255,584
255,585
255,603
255,617
255,623
255,659
255,677
255,691
255,694
255,723
255,764
255,792
255,793
255,802
255,806
255,811
255,823
255,833
255,840
255,867
255,890
255,903
255,907
255,927
255,936
255,951
255,988
256,280
256,338
256,355
256,461
256,516
256,556
256,608
256,743
256,752
257,287
257,317
257,325
257,340
257,352
257,357
257,362
257,390
257,424
257,433
257,446
257,508
257,524
257,530
257,545
257,575
257,586
257,587
257,601
257,638
257,669
257,673
257,674
257,683
257,686
257,693
257,695
257,700
257,715
257,723
257,756
257,769
257,771
257,774
257,791
257,908
257,928
257,950
257,951
257,955
257,966
257,975
258,283
258,294
258,318
258,372
258,382
258,408
258,423
258,463
258,471
258,630
258,672
258,690
258,728
258,822
258,856
258,925
258,936
258,951
259,268
259,295
259,298
259,363
259,385
259,428
259,466
259,468
259,473
259,483
259,488
259,490
259,493
259,526
259,532
259,537
259,539
259,554
259,579
259,609
259,613
259,615
259,655
259,677
259,680
259,697
259,708
259,746
259,756
259,792
259,815
259,825
259,840
259,858
259,881
259,886
259,908
259,923
259,926
259,946
259,951
260,276
260,297
260,301
260,306
260,313
260,315
260,347
260,382
260,409
260,411
260,432
260,434
260,450
260,452
260,454
260,462
260,486
260,504
260,529
260,550
260,606
260,607
260,628
260,657
260,680
260,686
260,700
260,707
260,729
260,764
260,765
260,793
260,807
260,809
260,814
260,820
260,850
260,923
260,953
260,968
260,984
260,996
261,280
261,324
261,332
261,356
261,427
261,448
261,449
261,450
261,484
261,494
261,498
261,513
261,514
261,530
261,551
261,573
261,578
261,589
261,596
261,618
261,643
261,662
261,705
261,718
261,720
261,737
261,742
261,752
261,754
261,777
261,799
261,805
261,824
261,831
261,912
261,927
262,306
262,344
262,348
262,401
262,404
262,421
262,451
262,475
262,478
262,481
262,515
262,530
262,577
262,626
262,627
262,638
262,651
262,658
262,681
262,711
262,713
262,745
262,764
262,766
262,801
262,812
262,832
262,842
262,855
262,862
262,928
262,946
262,959
262,966
262,992
263,301
263,313
263,317
263,324
263,369
263,372
263,373
263,412
263,421
263,436
263,481
263,485
263,491
263,503
263,527
263,568
263,591
263,598
263,618
263,638
263,712
263,721
263,742
263,749
263,853
263,890
263,900
263,912
263,916
263,966
263,981
263,988
264,363
264,418
264,433
264,482
264,535
264,630
264,637
264,727
264,845
264,940
264,967
265,288
265,301
265,302
265,326
265,340
265,349
265,351
265,358
265,368
265,375
265,382
265,393
265,395
265,402
265,410
265,431
265,436
265,444
265,447
265,453
265,477
265,484
265,492
265,534
265,547
265,553
265,554
265,565
265,589
265,595
265,598
265,622
265,656
265,677
265,699
265,746
265,754
265,763
265,785
265,814
265,816
265,837
265,844
265,851
265,918
265,940
266,282
266,289
266,318
266,337
266,342
266,384
266,387
266,390
266,418
266,433
266,469
266,474
266,531
266,560
266,622
266,632
266,642
266,649
266,661
266,726
266,805
266,820
266,859
266,955
266,963
267,370
267,437
267,531
267,536
267,565
267,629
267,685
267,709
267,720
267,723
267,858
267,862
267,907
267,910
268,323
268,328
268,363
268,366
268,371
268,373
268,386
268,402
268,449
268,458
268,481
268,532
268,555
268,569
268,602
268,624
268,639
268,644
268,655
268,667
268,693
268,721
268,739
268,777
268,781
268,799
268,815
268,829
268,853
268,859
268,860
268,888
268,892
268,893
268,914
268,917
268,980
268,997
269,306
269,376
269,389
269,390
269,413
269,459
269,468
269,499
269,508
269,574
269,655
269,698
269,741
269,743
269,752
269,764
269,788
269,828
269,875
269,908
269,972
269,989
270,304
270,308
270,313
270,319
270,359
270,360
270,373
270,377
270,398
270,416
270,427
270,431
270,446
270,481
270,550
270,602
270,604
270,627
270,644
270,658
270,662
270,664
270,675
270,676
270,679
270,684
270,705
270,711
270,722
270,755
270,811
270,825
270,830
270,833
270,862
270,864
270,898
270,912
271,284
271,338
271,380
271,427
271,438
271,444
271,451
271,466
271,525
271,542
271,562
271,621
271,633
271,636
271,648
271,658
271,664
271,669
271,711
271,732
271,739
271,742
271,776
271,781
271,788
271,829
271,884
271,893
271,904
271,908
272,285
272,342
272,377
272,382
272,402
272,403
272,435
272,487
272,495
272,523
272,529
272,544
272,569
272,582
272,590
272,632
272,655
272,658
272,676
272,720
272,736
272,752
272,766
272,767
272,775
272,791
272,825
272,826
272,835
272,849
272,889
272,892
272,904
272,913
272,918
272,948
273,295
273,332
273,337
273,344
273,366
273,369
273,417
273,438
273,488
273,528
273,532
273,550
273,557
273,576
273,579
273,584
273,585
273,599
273,603
273,614
273,622
273,624
273,627
273,636
273,654
273,689
273,692
273,693
273,694
273,727
273,728
273,755
273,811
273,814
273,825
273,834
273,842
273,844
273,860
273,862
273,871
273,893
273,922
273,931
273,949
273,972
274,313
274,333
274,359
274,360
274,386
274,406
274,443
274,445
274,448
274,470
274,510
274,531
274,575
274,582
274,632
274,737
274,789
274,807
274,821
274,835
274,853
274,925
274,991
275,300
275,333
275,341
275,361
275,365
275,369
275,410
275,413
275,415
275,418
275,427
275,508
275,510
275,523
275,547
275,579
275,628
275,668
275,683
275,700
275,712
275,749
275,760
275,789
275,802
275,804
275,821
275,829
275,832
275,833
275,849
275,860
275,880
275,888
275,890
275,966
275,967
276,277
276,281
276,309
276,311
276,319
276,344
276,347
276,349
276,355
276,359
276,368
276,370
276,374
276,378
276,415
276,444
276,478
276,494
276,521
276,530
276,559
276,598
276,601
276,604
276,606
276,607
276,608
276,609
276,625
276,640
276,648
276,652
276,655
276,663
276,676
276,695
276,701
276,703
276,728
276,765
276,767
276,775
276,781
276,784
276,786
276,791
276,796
276,806
276,821
276,824
276,836
276,851
276,861
276,890
276,891
276,893
276,899
276,900
276,903
276,930
276,978
276,981
276,982
277,347
277,350
277,375
277,376
277,398
277,426
277,461
277,466
277,521
277,532
277,573
277,581
277,585
277,596
277,623
277,630
277,648
277,654
277,674
277,682
277,684
277,688
277,694
277,695
277,700
277,726
277,745
277,751
277,777
277,792
277,793
277,799
277,825
277,841
277,843
277,861
277,866
277,876
277,909
277,920
277,930
277,931
277,976
278,299
278,337
278,351
278,363
278,390
278,417
278,444
278,461
278,471
278,510
278,512
278,521
278,560
278,580
278,616
278,645
278,716
278,789
278,794
278,812
278,869
278,889
278,916
278,936
278,952
278,971
278,997
279,310
279,315
279,323
279,327
279,329
279,350
279,364
279,437
279,443
279,450
279,488
279,502
279,510
279,526
279,569
279,576
279,582
279,592
279,593
279,640
279,657
279,691
279,737
279,749
279,770
279,783
279,836
279,842
279,862
279,863
279,918
279,923
279,949
279,952
279,955
279,990
280,293
280,328
280,335
280,344
280,398
280,425
280,426
280,439
280,461
280,492
280,500
280,509
280,532
280,540
280,558
280,559
280,579
280,587
280,608
280,609
280,628
280,633
280,656
280,664
280,675
280,688
280,697
280,699
280,706
280,711
280,747
280,753
280,778
280,785
280,788
280,796
280,799
280,806
280,856
280,872
280,893
280,909
280,930
280,945
280,963
280,972
280,978
281,283
281,289
281,308
281,319
281,337
281,371
281,373
281,416
281,417
281,421
281,426
281,451
281,562
281,565
281,579
281,582
281,585
281,601
281,616
281,671
281,682
281,687
281,693
281,695
281,707
281,745
281,758
281,765
281,768
281,781
281,825
281,840
281,886
281,889
281,900
281,931
281,936
281,966
281,968
282,456
282,486
282,493
282,504
282,532
282,540
282,582
282,586
282,674
282,677
282,678
282,684
282,712
282,904
282,957
282,966
282,968
282,995
283,295
283,307
283,371
283,379
283,380
283,392
283,428
283,439
283,464
283,465
283,467
283,496
283,550
283,581
283,600
283,607
283,622
283,646
283,692
283,722
283,748
283,777
283,840
283,852
283,854
283,870
283,882
283,888
283,951
283,983
283,992
283,997
284,373
284,430
284,450
284,486
284,492
284,497
284,618
284,629
284,719
284,804
284,815
284,838
284,840
284,849
284,921
284,946
284,957
284,968
285,291
285,313
285,321
285,325
285,351
285,352
285,398
285,415
285,434
285,443
285,452
285,473
285,477
285,484
285,515
285,517
285,524
285,529
285,543
285,580
285,640
285,645
285,651
285,654
285,655
285,712
285,727
285,753
285,756
285,785
285,835
285,859
285,873
285,904
285,918
285,921
285,941
285,961
285,969
285,974
286,342
286,612
286,631
286,635
286,678
286,802
286,818
286,947
286,986
287,314
287,316
287,318
287,393
287,402
287,415
287,442
287,460
287,468
287,495
287,520
287,533
287,544
287,552
287,565
287,572
287,579
287,626
287,664
287,710
287,772
287,800
287,828
287,831
287,843
287,849
287,870
287,880
287,882
287,891
287,908
287,925
287,936
287,994
288,290
288,303
288,306
288,346
288,374
288,405
288,412
288,444
288,451
288,478
288,510
288,539
288,565
288,588
288,592
288,601
288,607
288,643
288,647
288,704
288,712
288,747
288,759
288,789
288,824
288,855
288,869
288,900
288,904
288,948
289,293
289,307
289,319
289,332
289,369
289,383
289,384
289,389
289,391
289,398
289,403
289,415
289,439
289,446
289,458
289,480
289,498
289,530
289,544
289,546
289,588
289,606
289,607
289,611
289,626
289,628
289,669
289,674
289,677
289,693
289,705
289,721
289,729
289,747
289,758
289,769
289,789
289,818
289,823
289,853
289,876
289,892
289,908
289,930
289,937
289,944
289,965
289,966
289,974
289,976
289,999
290,303
290,312
290,314
290,320
290,336
290,384
290,421
290,446
290,467
290,479
290,539
290,557
290,683
290,761
290,907
290,928
290,977
290,990
291,304
291,308
291,312
291,338
291,357
291,375
291,383
291,402
291,437
291,485
291,522
291,523
291,526
291,530
291,587
291,593
291,599
291,633
291,644
291,655
291,664
291,683
291,685
291,698
291,708
291,717
291,720
291,749
291,783
291,788
291,802
291,811
291,825
291,830
291,869
291,871
291,873
291,900
291,939
291,949
291,957
292,313
292,329
292,349
292,372
292,389
292,453
292,534
292,648
292,661
292,699
292,858
292,874
292,889
292,897
292,956
292,967
292,990
292,995
293,325
293,402
293,415
293,431
293,453
293,459
293,468
293,476
293,490
293,491
293,496
293,508
293,523
293,524
293,540
293,543
293,554
293,573
293,577
293,581
293,582
293,584
293,588
293,593
293,602
293,604
293,607
293,619
293,633
293,641
293,647
293,670
293,686
293,699
293,704
293,726
293,736
293,742
293,750
293,758
293,765
293,789
293,800
293,801
293,824
293,849
293,881
293,898
293,965
293,966
294,328
294,334
294,335
294,365
294,370
294,371
294,393
294,419
294,459
294,473
294,481
294,490
294,523
294,565
294,584
294,641
294,662
294,666
294,671
294,789
294,801
294,838
294,847
294,863
294,873
294,886
294,923
294,937
294,968
294,973
295,316
295,321
295,335
295,357
295,367
295,368
295,369
295,373
295,429
295,431
295,449
295,459
295,473
295,520
295,523
295,527
295,544
295,576
295,581
295,582
295,584
295,587
295,594
295,596
295,609
295,610
295,629
295,633
295,655
295,667
295,670
295,689
295,692
295,709
295,718
295,730
295,733
295,749
295,756
295,776
295,797
295,811
295,815
295,817
295,833
295,838
295,850
295,864
295,880
295,881
295,884
295,901
295,903
295,908
295,927
295,934
295,937
295,945
296,342
296,384
296,399
296,448
296,486
296,691
296,810
296,840
296,904
296,999
297,308
297,323
297,327
297,356
297,373
297,435
297,462
297,504
297,513
297,534
297,548
297,555
297,580
297,609
297,623
297,627
297,632
297,667
297,671
297,672
297,674
297,693
297,695
297,718
297,739
297,751
297,760
297,794
297,815
297,824
297,849
297,880
297,881
297,890
297,938
297,970
297,972
297,994
298,308
298,318
298,339
298,349
298,360
298,363
298,376
298,426
298,467
298,500
298,540
298,580
298,626
298,693
298,696
298,701
298,710
298,729
298,730
298,749
298,835
298,860
298,874
298,888
298,908
298,917
298,935
298,958
298,970
298,973
299,301
299,356
299,358
299,359
299,398
299,410
299,414
299,417
299,459
299,494
299,496
299,498
299,516
299,570
299,593
299,606
299,615
299,620
299,642
299,672
299,705
299,728
299,729
299,735
299,737
299,748
299,766
299,787
299,833
299,853
299,857
299,865
299,876
299,885
299,904
299,908
299,913
299,918
299,925
300,342
300,397
300,402
300,403
300,413
300,429
300,474
300,669
300,677
300,711
300,837
300,908
300,968
300,976
301,335
301,359
301,372
301,382
301,388
301,411
301,425
301,426
301,444
301,552
301,572
301,593
301,625
301,637
301,656
301,702
301,727
301,734
301,737
301,767
301,856
301,862
301,873
301,877
301,879
301,885
301,912
301,918
301,921
301,928
301,978
301,983
302,308
302,309
302,310
302,311
302,347
302,374
302,423
302,452
302,458
302,479
302,556
302,564
302,571
302,582
302,626
302,643
302,660
302,705
302,754
302,759
302,769
302,812
302,843
302,885
302,898
302,899
302,917
302,925
302,929
302,931
302,941
302,998
303,337
303,368
303,382
303,399
303,486
303,504
303,515
303,558
303,582
303,596
303,619
303,658
303,690
303,711
303,762
303,767
303,803
303,857
303,909
303,911
303,915
303,920
303,925
303,928
303,971
304,336
304,421
304,427
304,436
304,468
304,489
304,552
304,555
304,574
304,626
304,638
304,639
304,655
304,774
304,858
304,884
304,902
304,925
305,313
305,328
305,335
305,339
305,357
305,404
305,431
305,446
305,477
305,510
305,525
305,526
305,528
305,532
305,538
305,555
305,621
305,624
305,626
305,636
305,640
305,646
305,654
305,690
305,746
305,771
305,791
305,797
305,813
305,840
305,875
305,906
305,950
305,964
305,973
306,330
306,381
306,386
306,392
306,425
306,435
306,444
306,464
306,468
306,499
306,508
306,531
306,535
306,574
306,594
306,625
306,646
306,674
306,734
306,746
306,774
306,796
306,803
306,836
306,855
306,860
306,896
306,913
306,914
306,930
306,940
306,945
306,994
307,317
307,331
307,376
307,417
307,451
307,491
307,500
307,593
307,648
307,713
307,725
307,740
307,750
307,799
307,817
307,824
307,832
307,834
307,842
307,915
307,925
307,940
307,947
307,964
307,979
307,991
307,992
307,999
308,319
308,344
308,407
308,414
308,425
308,440
308,442
308,450
308,468
308,472
308,473
308,479
308,481
308,490
308,498
308,530
308,571
308,573
308,606
308,608
308,625
308,643
308,653
308,666
308,667
308,669
308,670
308,671
308,673
308,691
308,702
308,704
308,714
308,715
308,739
308,748
308,776
308,786
308,793
308,802
308,851
308,885
308,892
308,906
308,927
308,933
308,935
308,936
308,955
308,962
308,973
308,993
309,363
309,364
309,378
309,398
309,417
309,426
309,450
309,464
309,481
309,520
309,532
309,534
309,539
309,540
309,543
309,556
309,577
309,584
309,599
309,604
309,614
309,648
309,672
309,674
309,676
309,695
309,717
309,727
309,755
309,812
309,861
309,862
309,865
309,870
309,876
309,880
309,886
309,915
309,964
309,973
310,318
310,379
310,391
310,444
310,496
310,509
310,514
310,535
310,578
310,583
310,615
310,630
310,850
310,931
310,933
310,964
310,999
311,367
311,407
311,422
311,509
311,530
311,532
311,540
311,545
311,548
311,562
311,568
311,573
311,576
311,581
311,601
311,631
311,637
311,643
311,652
311,657
311,669
311,676
311,680
311,702
311,710
311,715
311,747
311,748
311,777
311,794
311,797
311,817
311,840
311,844
311,851
311,861
311,862
311,865
311,867
311,877
311,890
311,912
311,962
311,969
312,332
312,357
312,374
312,380
312,396
312,401
312,404
312,442
312,451
312,473
312,477
312,492
312,574
312,589
312,617
312,633
312,648
312,662
312,721
312,745
312,781
312,786
312,807
312,814
312,834
312,849
312,879
312,895
312,961
312,969
313,315
313,343
313,350
313,377
313,407
313,419
313,448
313,450
313,478
313,485
313,500
313,521
313,536
313,539
313,609
313,650
313,656
313,678
313,679
313,690
313,708
313,729
313,737
313,753
313,766
313,802
313,818
313,835
313,841
313,859
313,863
313,902
313,903
313,917
313,968
313,980
314,380
314,404
314,429
314,439
314,502
314,503
314,505
314,622
314,623
314,625
314,635
314,645
314,647
314,651
314,658
314,662
314,688
314,691
314,797
314,811
314,815
314,844
314,923
314,943
314,977
314,982
315,318
315,340
315,402
315,432
315,433
315,439
315,443
315,521
315,522
315,558
315,560
315,593
315,609
315,768
315,845
315,883
315,886
315,917
315,933
315,943
315,956
316,319
316,335
316,357
316,369
316,373
316,378
316,383
316,384
316,388
316,412
316,421
316,435
316,441
316,446
316,461
316,479
316,482
316,494
316,530
316,545
316,579
316,598
316,614
316,616
316,627
316,629
316,638
316,688
316,693
316,695
316,746
316,751
316,761
316,764
316,879
316,946
316,964
317,320
317,371
317,375
317,382
317,383
317,398
317,416
317,431
317,468
317,485
317,499
317,502
317,506
317,519
317,540
317,563
317,577
317,586
317,622
317,626
317,627
317,647
317,667
317,668
317,673
317,729
317,736
317,742
317,747
317,756
317,770
317,772
317,776
317,798
317,840
317,880
317,883
317,885
317,922
317,938
317,940
317,973
317,978
317,979
317,980
317,983
318,332
318,343
318,344
318,355
318,357
318,369
318,375
318,385
318,388
318,400
318,416
318,420
318,441
318,458
318,483
318,487
318,502
318,515
318,532
318,534
318,541
318,549
318,565
318,597
318,603
318,614
318,667
318,708
318,718
318,734
318,740
318,743
318,761
318,766
318,802
318,827
318,828
318,830
318,833
318,834
318,835
318,855
318,882
318,907
318,936
318,966
318,967
318,970
318,973
318,984
318,999
319,325
319,344
319,348
319,350
319,366
319,371
319,384
319,393
319,412
319,416
319,426
319,454
319,467
319,468
319,476
319,478
319,481
319,491
319,493
319,496
319,497
319,505
319,519
319,522
319,533
319,535
319,545
319,548
319,550
319,559
319,560
319,577
319,590
319,594
319,602
319,610
319,614
319,621
319,624
319,627
319,628
319,636
319,639
319,652
319,654
319,655
319,683
319,693
319,720
319,726
319,729
319,730
319,732
319,735
319,748
319,754
319,756
319,781
319,787
319,797
319,804
319,811
319,815
319,820
319,828
319,832
319,841
319,843
319,862
319,864
319,865
319,872
319,885
319,886
319,889
319,893
319,904
319,905
319,923
319,924
319,927
319,939
319,949
319,959
319,979
319,997
320,346
320,399
320,458
320,517
320,550
320,629
320,666
320,674
320,732
320,756
320,878
320,946
321,326
321,344
321,346
321,353
321,358
321,367
321,375
321,378
321,398
321,402
321,429
321,451
321,481
321,504
321,523
321,574
321,587
321,619
321,627
321,648
321,655
321,677
321,702
321,706
321,714
321,735
321,743
321,751
321,776
321,812
321,835
321,838
321,842
321,849
321,909
321,962
321,989
321,992
322,331
322,343
322,364
322,374
322,391
322,408
322,423
322,442
322,470
322,491
322,492
322,500
322,515
322,525
322,538
322,574
322,585
322,595
322,599
322,612
322,637
322,648
322,688
322,691
322,694
322,741
322,744
322,802
322,809
322,813
322,829
322,865
322,873
322,887
322,925
322,943
322,958
322,984
323,336
323,363
323,370
323,386
323,394
323,513
323,535
323,552
323,558
323,566
323,589
323,593
323,608
323,628
323,649
323,659
323,673
323,686
323,698
323,753
323,757
323,758
323,761
323,802
323,850
323,859
323,879
323,907
323,928
323,954
323,981
323,994
324,358
324,391
324,399
324,417
324,544
324,558
324,566
324,570
324,571
324,580
324,606
324,615
324,657
324,722
324,746
324,761
324,808
324,861
324,897
324,936
324,954
324,966
325,341
325,370
325,497
325,504
325,552
325,560
325,602
325,641
325,655
325,658
325,693
325,747
325,749
325,782
325,789
325,828
325,849
325,873
325,880
325,881
325,919
325,925
325,935
325,946
325,966
325,992
326,335
326,344
326,378
326,416
326,441
326,451
326,463
326,469
326,476
326,494
326,498
326,520
326,528
326,532
326,538
326,539
326,590
326,599
326,651
326,666
326,669
326,675
326,684
326,698
326,713
326,715
326,722
326,726
326,751
326,757
326,781
326,783
326,789
326,793
326,805
326,807
326,841
326,845
326,862
326,864
326,867
326,890
326,893
326,900
326,907
326,931
326,953
326,959
326,961
327,335
327,349
327,360
327,379
327,385
327,411
327,412
327,434
327,440
327,451
327,471
327,479
327,484
327,498
327,500
327,515
327,524
327,532
327,558
327,573
327,594
327,619
327,631
327,651
327,677
327,697
327,761
327,763
327,766
327,803
327,805
327,817
327,837
327,899
327,903
327,911
327,925
328,377
328,401
328,437
328,439
328,459
328,519
328,528
328,532
328,533
328,544
328,550
328,633
328,667
328,677
328,683
328,770
328,782
328,801
328,827
328,838
328,903
328,945
328,962
328,989
329,349
329,385
329,417
329,420
329,433
329,446
329,448
329,450
329,474
329,482
329,484
329,512
329,514
329,521
329,522
329,566
329,580
329,599
329,606
329,644
329,649
329,697
329,699
329,714
329,744
329,758
329,761
329,765
329,814
329,844
329,864
329,877
329,889
329,897
329,903
329,904
329,912
329,957
329,962
329,971
330,346
330,395
330,429
330,490
330,504
330,536
330,560
330,592
330,654
330,662
330,690
330,709
330,729
330,733
330,749
330,759
330,794
330,812
330,819
330,822
330,930
330,976
330,989
330,993
331,354
331,426
331,450
331,466
331,474
331,475
331,508
331,522
331,535
331,567
331,572
331,594
331,623
331,630
331,721
331,722
331,732
331,797
331,846
331,858
331,926
331,935
331,948
332,351
332,432
332,443
332,482
332,538
332,551
332,565
332,581
332,616
332,617
332,630
332,663
332,691
332,711
332,716
332,821
332,833
332,840
332,864
332,917
332,947
333,335
333,359
333,370
333,371
333,377
333,485
333,498
333,504
333,531
333,550
333,566
333,582
333,764
333,766
333,804
333,812
333,855
333,863
333,920
333,922
334,335
334,414
334,421
334,453
334,697
334,855
334,866
334,932
335,350
335,369
335,370
335,413
335,429
335,437
335,440
335,445
335,446
335,458
335,484
335,490
335,513
335,535
335,540
335,552
335,558
335,578
335,596
335,602
335,604
335,625
335,639
335,669
335,675
335,677
335,690
335,717
335,727
335,734
335,736
335,742
335,753
335,758
335,770
335,771
335,772
335,781
335,782
335,787
335,792
335,819
335,826
335,860
335,881
335,909
335,923
335,961
335,995
336,348
336,374
336,517
336,537
336,653
336,656
336,661
336,698
336,729
336,758
336,779
336,788
336,808
336,874
336,887
336,950
336,961
336,968
337,375
337,383
337,411
337,415
337,439
337,547
337,553
337,579
337,617
337,647
337,659
337,660
337,688
337,722
337,724
337,729
337,732
337,747
337,748
337,765
337,770
337,774
337,778
337,792
337,799
337,842
337,848
337,855
337,889
337,916
337,931
337,943
337,946
337,953
338,367
338,376
338,411
338,414
338,451
338,454
338,461
338,464
338,481
338,494
338,512
338,514
338,527
338,544
338,565
338,618
338,619
338,674
338,689
338,710
338,719
338,768
338,781
338,784
338,791
338,838
338,895
338,898
338,908
338,925
338,940
338,959
339,343
339,350
339,373
339,395
339,438
339,447
339,451
339,453
339,573
339,600
339,613
339,681
339,693
339,700
339,709
339,726
339,751
339,787
339,788
339,804
339,829
339,847
339,851
339,889
339,953
339,993
340,341
340,351
340,360
340,364
340,420
340,443
340,454
340,474
340,478
340,480
340,529
340,531
340,535
340,539
340,572
340,590
340,596
340,635
340,773
340,831
340,857
340,858
340,859
340,860
340,863
340,931
340,955
340,964
340,967
340,989
341,349
341,359
341,363
341,394
341,400
341,419
341,450
341,465
341,487
341,493
341,510
341,520
341,537
341,574
341,596
341,607
341,636
341,655
341,656
341,661
341,685
341,690
341,693
341,700
341,742
341,763
341,769
341,783
341,802
341,895
341,896
341,962
341,992
342,390
342,405
342,418
342,454
342,547
342,702
342,760
342,772
342,788
342,798
342,835
342,849
342,850
342,946
342,955
343,356
343,386
343,416
343,433
343,461
343,504
343,512
343,596
343,633
343,647
343,692
343,706
343,740
343,754
343,762
343,834
343,840
343,862
343,871
343,891
343,922
343,944
343,971
343,973
343,984
343,991
343,994
344,350
344,360
344,373
344,375
344,380
344,421
344,429
344,436
344,437
344,451
344,459
344,474
344,491
344,501
344,519
344,520
344,521
344,528
344,543
344,547
344,552
344,571
344,573
344,577
344,580
344,581
344,585
344,589
344,594
344,603
344,617
344,632
344,670
344,676
344,693
344,718
344,734
344,766
344,781
344,830
344,840
344,844
344,900
344,910
344,911
344,919
344,925
344,927
344,936
344,959
345,359
345,369
345,396
345,441
345,456
345,470
345,484
345,529
345,551
345,611
345,741
345,781
345,798
345,848
345,859
345,863
345,873
345,903
345,907
345,910
345,911
345,934
345,960
346,351
346,366
346,373
346,378
346,398
346,410
346,412
346,432
346,441
346,461
346,493
346,494
346,503
346,516
346,576
346,594
346,602
346,614
346,654
346,702
346,716
346,719
346,755
346,759
346,768
346,789
346,791
346,825
346,831
346,840
346,842
346,889
346,892
346,958
346,965
347,448
347,453
347,583
347,614
347,630
347,658
347,662
347,840
347,955
347,992
348,352
348,358
348,364
348,368
348,378
348,431
348,432
348,444
348,445
348,466
348,498
348,502
348,506
348,528
348,529
348,543
348,544
348,555
348,572
348,573
348,601
348,604
348,606
348,608
348,641
348,651
348,657
348,672
348,674
348,711
348,736
348,791
348,805
348,808
348,839
348,876
348,883
348,895
348,899
348,900
348,903
348,913
348,923
348,945
348,955
348,974
348,978
348,988
349,358
349,362
349,409
349,415
349,547
349,561
349,634
349,720
349,727
349,735
349,763
349,766
349,769
349,800
349,801
349,803
349,819
349,824
349,827
349,903
349,918
349,931
349,962
349,969
349,970
349,971
349,974
349,984
349,986
349,996
350,360
350,368
350,371
350,390
350,403
350,440
350,445
350,451
350,485
350,499
350,548
350,568
350,584
350,588
350,622
350,659
350,719
350,768
350,783
350,816
350,845
350,852
350,867
350,886
350,925
350,938
350,941
350,953
350,973
350,989
351,353
351,356
351,362
351,385
351,394
351,410
351,418
351,419
351,423
351,431
351,434
351,444
351,448
351,459
351,461
351,487
351,488
351,490
351,505
351,528
351,529
351,566
351,572
351,573
351,581
351,591
351,612
351,645
351,649
351,656
351,704
351,722
351,727
351,750
351,784
351,859
351,879
351,889
351,891
351,899
351,907
351,911
351,912
351,913
351,916
351,923
351,970
352,388
352,422
352,442
352,458
352,566
352,583
352,612
352,617
352,625
352,626
352,707
352,718
352,746
352,852
352,889
352,941
352,949
352,953
352,996
353,354
353,431
353,483
353,492
353,501
353,509
353,525
353,532
353,544
353,584
353,585
353,589
353,590
353,599
353,606
353,608
353,623
353,643
353,651
353,676
353,691
353,706
353,755
353,792
353,807
353,811
353,832
353,842
353,851
353,875
353,876
353,882
353,890
353,927
353,948
353,962
353,963
353,971
353,978
354,356
354,369
354,401
354,427
354,460
354,480
354,505
354,528
354,555
354,556
354,605
354,610
354,634
354,674
354,676
354,691
354,715
354,716
354,820
354,885
354,892
354,925
354,938
354,943
354,965
354,972
354,998
355,376
355,413
355,429
355,450
355,499
355,543
355,545
355,579
355,606
355,614
355,630
355,659
355,705
355,759
355,793
355,797
355,807
355,822
355,824
355,920
355,933
355,942
355,973
356,385
356,386
356,393
356,398
356,406
356,424
356,428
356,444
356,450
356,461
356,476
356,502
356,513
356,575
356,589
356,602
356,610
356,638
356,639
356,657
356,680
356,704
356,734
356,775
356,808
356,812
356,822
356,848
356,872
356,883
356,930
356,931
357,378
357,404
357,413
357,431
357,565
357,577
357,580
357,595
357,610
357,617
357,662
357,667
357,675
357,677
357,716
357,811
357,919
357,932
357,957
358,362
358,391
358,397
358,422
358,426
358,429
358,434
358,436
358,476
358,498
358,500
358,502
358,543
358,549
358,558
358,562
358,566
358,575
358,589
358,597
358,600
358,606
358,652
358,654
358,676
358,690
358,699
358,728
358,786
358,803
358,805
358,816
358,835
358,840
358,857
358,861
358,902
358,907
358,940
358,995
359,369
359,398
359,417
359,445
359,478
359,484
359,527
359,532
359,624
359,643
359,664
359,686
359,695
359,711
359,728
359,747
359,765
359,770
359,786
359,831
359,851
359,863
359,879
359,896
359,900
359,953
359,962
359,964
359,978
360,398
360,404
360,438
360,455
360,470
360,472
360,479
360,480
360,558
360,646
360,660
360,727
360,741
360,773
360,869
360,878
360,925
360,964
360,974
361,388
361,618
361,692
361,697
361,760
361,804
361,989
362,367
362,397
362,420
362,452
362,461
362,498
362,513
362,516
362,519
362,541
362,543
362,621
362,668
362,812
362,814
362,847
362,857
362,881
362,897
362,909
362,920
362,934
362,935
362,937
362,993
362,998
363,374
363,380
363,476
363,497
363,504
363,507
363,588
363,604
363,633
363,636
363,677
363,708
363,775
363,847
363,866
363,894
363,895
363,950
363,978
364,423
364,424
364,453
364,464
364,483
364,570
364,606
364,625
364,646
364,650
364,653
364,659
364,660
364,723
364,731
364,738
364,844
364,861
364,867
364,970
365,440
365,450
365,468
365,471
365,474
365,476
365,485
365,527
365,536
365,559
365,594
365,602
365,604
365,621
365,678
365,690
365,696
365,710
365,787
365,798
365,878
365,913
365,989
366,369
366,377
366,421
366,441
366,450
366,456
366,484
366,487
366,524
366,529
366,532
366,534
366,548
366,559
366,572
366,574
366,579
366,584
366,590
366,591
366,607
366,641
366,654
366,694
366,704
366,708
366,713
366,722
366,727
366,737
366,738
366,749
366,770
366,791
366,800
366,802
366,864
366,886
366,923
366,926
366,937
366,940
366,953
366,959
366,963
366,989
366,995
367,383
367,413
367,435
367,439
367,454
367,470
367,523
367,561
367,621
367,635
367,641
367,649
367,658
367,688
367,691
367,787
367,840
367,848
367,860
367,902
367,936
367,937
367,973
367,982
367,992
367,993
368,409
368,413
368,426
368,543
368,596
368,598
368,608
368,617
368,632
368,651
368,707
368,714
368,723
368,751
368,754
368,765
368,774
368,802
368,814
368,817
368,820
368,845
368,852
368,857
368,865
368,889
368,894
368,901
368,905
368,928
368,947
368,996
369,373
369,375
369,377
369,389
369,404
369,411
369,420
369,429
369,431
369,435
369,437
369,440
369,458
369,481
369,484
369,511
369,523
369,540
369,548
369,558
369,572
369,574
369,586
369,602
369,607
369,619
369,627
369,629
369,641
369,650
369,652
369,655
369,662
369,671
369,700
369,705
369,727
369,735
369,742
369,753
369,770
369,780
369,787
369,789
369,831
369,838
369,849
369,853
369,862
369,864
369,886
369,904
369,905
369,923
369,944
369,959
369,966
369,974
369,982
369,988
369,992
370,377
370,394
370,429
370,444
370,450
370,452
370,459
370,471
370,476
370,498
370,508
370,520
370,546
370,556
370,558
370,559
370,586
370,587
370,599
370,604
370,636
370,637
370,644
370,670
370,671
370,703
370,710
370,712
370,730
370,736
370,749
370,750
370,765
370,772
370,781
370,791
370,813
370,837
370,838
370,869
370,899
370,905
370,908
370,910
370,936
370,962
370,975
370,989
371,376
371,400
371,416
371,451
371,476
371,479
371,486
371,489
371,492
371,508
371,513
371,541
371,552
371,577
371,582
371,624
371,668
371,674
371,695
371,719
371,729
371,801
371,804
371,837
371,843
371,871
371,886
371,906
371,919
371,937
371,979
371,980
371,984
371,985
371,989
371,992
371,997
372,385
372,386
372,393
372,401
372,404
372,440
372,450
372,522
372,671
372,684
372,734
372,741
372,923
372,966
372,968
373,400
373,417
373,426
373,427
373,481
373,495
373,537
373,542
373,565
373,594
373,610
373,621
373,625
373,629
373,650
373,655
373,677
373,688
373,710
373,713
373,722
373,745
373,750
373,770
373,771
373,776
373,801
373,806
373,832
373,838
373,845
373,858
373,865
373,879
373,886
373,890
373,893
373,906
373,946
373,959
373,975
373,992
374,383
374,402
374,419
374,448
374,485
374,647
374,663
374,674
374,696
374,737
374,757
374,802
374,844
374,889
374,916
374,969
374,978
374,981
375,412
375,421
375,429
375,439
375,457
375,478
375,483
375,485
375,489
375,501
375,513
375,519
375,545
375,553
375,564
375,599
375,600
375,601
375,607
375,614
375,652
375,681
375,684
375,702
375,705
375,710
375,734
375,753
375,825
375,861
375,876
375,900
375,907
375,911
375,927
375,964
375,989
376,413
376,421
376,423
376,441
376,487
376,499
376,519
376,562
376,573
376,609
376,636
376,641
376,662
376,677
376,681
376,695
376,703
376,803
376,812
376,813
376,837
376,861
376,880
376,887
376,925
376,944
376,949
376,952
376,960
376,991
376,992
377,411
377,412
377,431
377,433
377,450
377,459
377,471
377,474
377,476
377,489
377,493
377,498
377,500
377,513
377,558
377,596
377,604
377,606
377,607
377,609
377,627
377,628
377,666
377,685
377,686
377,687
377,689
377,693
377,712
377,729
377,736
377,747
377,765
377,774
377,776
377,780
377,786
377,793
377,802
377,873
377,883
377,900
377,905
377,908
377,927
377,931
377,952
378,384
378,398
378,412
378,413
378,421
378,445
378,456
378,459
378,461
378,468
378,493
378,500
378,520
378,562
378,585
378,599
378,614
378,627
378,641
378,643
378,669
378,722
378,723
378,753
378,788
378,793
378,864
378,876
378,900
378,908
378,917
378,930
378,931
378,936
378,947
378,965
378,968
378,981
378,992
379,447
379,449
379,494
379,519
379,535
379,544
379,558
379,562
379,599
379,601
379,605
379,610
379,640
379,656
379,659
379,672
379,705
379,722
379,741
379,817
379,824
379,845
379,867
379,917
379,992
380,426
380,451
380,458
380,488
380,501
380,546
380,548
380,563
380,574
380,627
380,634
380,673
380,675
380,709
380,713
380,715
380,729
380,832
380,867
380,887
380,907
380,938
380,967
380,973
381,389
381,390
381,391
381,442
381,491
381,508
381,547
381,595
381,615
381,678
381,739
381,814
381,858
381,859
381,916
382,383
382,397
382,423
382,450
382,453
382,486
382,487
382,518
382,524
382,539
382,549
382,554
382,564
382,571
382,593
382,595
382,596
382,603
382,604
382,606
382,613
382,619
382,620
382,624
382,642
382,645
382,660
382,662
382,710
382,735
382,814
382,852
382,879
382,886
382,912
382,938
382,948
382,954
382,958
382,965
382,971
383,423
383,449
383,465
383,497
383,535
383,553
383,573
383,579
383,585
383,601
383,614
383,631
383,644
383,732
383,792
383,810
383,817
383,887
383,982
383,987
383,993
384,386
384,390
384,403
384,427
384,448
384,449
384,488
384,543
384,601
384,621
384,658
384,664
384,669
384,674
384,675
384,693
384,697
384,698
384,712
384,734
384,752
384,756
384,766
384,881
384,908
384,975
385,394
385,419
385,433
385,452
385,502
385,504
385,551
385,554
385,572
385,594
385,612
385,619
385,641
385,647
385,707
385,727
385,734
385,735
385,749
385,789
385,800
385,814
385,817
385,821
385,831
385,885
385,895
385,897
385,911
385,933
385,936
385,968
386,393
386,439
386,461
386,483
386,539
386,548
386,553
386,568
386,572
386,605
386,618
386,798
386,813
386,822
386,986
387,416
387,693
387,763
387,788
387,825
387,855
387,898
387,901
387,910
387,953
387,983
388,410
388,441
388,471
388,475
388,498
388,503
388,521
388,526
388,531
388,593
388,595
388,638
388,665
388,674
388,686
388,690
388,712
388,719
388,726
388,731
388,745
388,768
388,775
388,787
388,810
388,811
388,849
388,886
388,892
388,908
389,439
389,505
389,512
389,520
389,521
389,561
389,593
389,631
389,671
389,685
389,711
389,729
389,747
389,766
389,770
389,774
389,800
389,831
389,837
389,865
389,879
389,900
389,957
390,393
390,402
390,436
390,451
390,474
390,484
390,502
390,506
390,510
390,512
390,523
390,598
390,600
390,601
390,613
390,622
390,623
390,633
390,638
390,669
390,681
390,695
390,713
390,726
390,756
390,758
390,781
390,813
390,814
390,840
390,872
390,895
390,902
390,927
390,930
390,936
390,943
390,947
390,959
390,963
391,396
391,398
391,463
391,486
391,603
391,616
391,681
391,710
391,718
391,870
391,916
391,936
391,959
391,991
392,458
392,489
392,500
392,508
392,561
392,565
392,574
392,699
392,751
392,850
392,877
392,951
392,973
392,979
392,989
393,397
393,414
393,489
393,497
393,501
393,503
393,509
393,519
393,535
393,551
393,552
393,624
393,641
393,672
393,677
393,687
393,722
393,743
393,781
393,804
393,820
393,832
393,837
393,882
393,885
393,886
393,887
393,899
393,908
393,922
393,927
393,930
393,933
393,936
393,964
393,973
393,980
393,982
394,399
394,409
394,411
394,512
394,525
394,619
394,655
394,704
394,707
394,708
394,745
394,754
394,898
394,902
394,916
394,918
394,969
394,986
395,397
395,470
395,475
395,490
395,509
395,512
395,556
395,565
395,571
395,608
395,633
395,654
395,698
395,737
395,763
395,767
395,830
395,883
395,898
395,902
395,940
395,981
396,435
396,444
396,447
396,454
396,482
396,499
396,577
396,598
396,600
396,616
396,626
396,694
396,838
396,982
397,401
397,410
397,444
397,453
397,502
397,530
397,535
397,543
397,549
397,582
397,587
397,597
397,608
397,637
397,744
397,759
397,775
397,793
397,840
397,886
397,979
397,985
397,986
398,406
398,421
398,424
398,426
398,431
398,437
398,439
398,442
398,449
398,450
398,462
398,469
398,481
398,487
398,489
398,503
398,525
398,528
398,532
398,533
398,534
398,591
398,593
398,598
398,607
398,608
398,609
398,610
398,614
398,630
398,634
398,684
398,698
398,723
398,736
398,739
398,755
398,787
398,789
398,816
398,822
398,833
398,842
398,844
398,852
398,870
398,913
398,916
398,933
398,936
398,958
398,964
398,982
398,984
398,992
398,999
399,472
399,491
399,520
399,527
399,529
399,535
399,556
399,653
399,662
399,682
399,690
399,726
399,728
399,735
399,793
399,797
399,844
399,847
399,880
399,894
399,916
399,918
399,931
399,966
399,967
399,971
399,973
399,984
400,437
400,467
400,540
400,554
400,565
400,572
400,608
400,621
400,628
400,709
400,739
400,750
400,782
400,787
400,810
400,851
400,853
400,855
400,928
401,418
401,441
401,446
401,458
401,479
401,490
401,557
401,747
401,752
401,811
401,834
401,938
401,964
401,980
402,412
402,445
402,456
402,474
402,476
402,478
402,495
402,536
402,590
402,602
402,606
402,608
402,631
402,644
402,679
402,704
402,716
402,734
402,749
402,765
402,787
402,800
402,835
402,845
402,855
402,858
402,863
402,892
402,897
402,900
402,904
402,911
402,931
402,950
402,959
402,975
402,995
403,431
403,444
403,451
403,452
403,462
403,485
403,487
403,504
403,513
403,521
403,537
403,558
403,586
403,627
403,641
403,649
403,660
403,662
403,673
403,704
403,709
403,726
403,737
403,754
403,780
403,783
403,788
403,793
403,794
403,800
403,803
403,814
403,835
403,847
403,848
403,862
403,879
403,882
403,911
403,916
403,918
403,926
403,943
403,965
403,975
403,992
404,432
404,476
404,605
404,616
404,653
404,664
404,681
404,692
404,740
404,851
404,858
404,862
404,865
404,870
404,894
404,935
405,467
405,488
405,520
405,558
405,585
405,650
405,683
405,774
405,779
405,801
405,802
405,921
405,986
406,411
406,426
406,439
406,454
406,488
406,492
406,493
406,496
406,509
406,515
406,518
406,520
406,543
406,546
406,596
406,603
406,606
406,608
406,625
406,641
406,651
406,676
406,714
406,728
406,760
406,761
406,788
406,802
406,806
406,822
406,841
406,867
406,876
406,889
406,893
406,907
406,941
406,953
406,994
406,999
407,430
407,467
407,475
407,498
407,507
407,539
407,543
407,558
407,575
407,620
407,674
407,729
407,858
407,877
407,879
407,889
407,918
407,971
407,979
407,980
408,460
408,505
408,516
408,563
408,636
408,643
408,651
408,709
408,715
408,717
408,729
408,775
408,781
408,799
408,817
408,876
408,917
408,965
409,485
409,491
409,564
409,570
409,576
409,606
409,632
409,635
409,641
409,662
409,672
409,674
409,723
409,803
409,808
409,819
409,826
409,827
409,895
409,918
409,938
409,950
409,969
409,985
409,987
409,991
410,419
410,421
410,423
410,456
410,467
410,477
410,492
410,515
410,519
410,535
410,549
410,558
410,580
410,615
410,619
410,675
410,719
410,735
410,754
410,786
410,805
410,827
410,847
410,850
410,861
410,889
410,904
410,930
410,966
410,980
410,998
411,412
411,426
411,461
411,468
411,487
411,537
411,554
411,558
411,562
411,577
411,592
411,602
411,603
411,629
411,642
411,662
411,679
411,718
411,727
411,762
411,785
411,791
411,800
411,815
411,824
411,833
411,847
411,860
411,865
411,873
411,967
412,420
412,431
412,445
412,474
412,482
412,498
412,503
412,519
412,520
412,530
412,543
412,558
412,572
412,588
412,604
412,643
412,659
412,665
412,690
412,694
412,711
412,734
412,736
412,765
412,824
412,831
412,834
412,835
412,844
412,858
412,863
412,892
412,893
412,904
412,905
412,907
412,918
412,921
412,923
412,959
412,975
412,976
412,989
413,424
413,427
413,428
413,431
413,432
413,437
413,446
413,485
413,512
413,520
413,528
413,548
413,553
413,558
413,560
413,577
413,594
413,614
413,623
413,626
413,636
413,641
413,658
413,662
413,700
413,713
413,719
413,723
413,733
413,750
413,754
413,763
413,819
413,824
413,832
413,833
413,851
413,895
413,921
413,936
413,959
413,964
413,976
413,981
414,444
414,472
414,477
414,484
414,490
414,494
414,548
414,560
414,606
414,614
414,650
414,654
414,668
414,688
414,749
414,788
414,822
414,855
414,886
414,922
414,932
415,418
415,488
415,502
415,520
415,532
415,558
415,580
415,585
415,586
415,607
415,621
415,650
415,662
415,710
415,725
415,737
415,758
415,770
415,812
415,829
415,900
415,902
415,909
415,934
415,935
415,954
415,978
415,985
416,440
416,525
416,581
416,584
416,620
416,626
416,639
416,655
416,692
416,729
416,739
416,782
416,786
416,789
416,824
416,862
416,864
416,880
416,898
416,945
416,955
416,980
416,989
417,449
417,450
417,460
417,471
417,503
417,509
417,532
417,534
417,551
417,562
417,567
417,574
417,580
417,581
417,584
417,585
417,598
417,601
417,610
417,623
417,625
417,631
417,634
417,648
417,668
417,676
417,680
417,706
417,722
417,744
417,745
417,755
417,778
417,781
417,786
417,792
417,822
417,862
417,899
417,900
417,917
417,923
417,926
417,935
417,959
417,988
418,452
418,478
418,498
418,534
418,689
418,734
418,735
418,781
418,827
418,853
418,903
418,915
418,934
418,968
419,441
419,467
419,486
419,541
419,614
419,673
419,696
419,711
419,763
419,769
419,881
419,901
419,921
419,952
419,955
419,980
420,462
420,469
420,477
420,478
420,480
420,491
420,501
420,529
420,561
420,562
420,571
420,578
420,604
420,615
420,617
420,640
420,667
420,692
420,696
420,711
420,715
420,726
420,729
420,753
420,761
420,765
420,789
420,793
420,794
420,821
420,828
420,858
420,859
420,873
420,899
420,921
420,988
421,429
421,442
421,452
421,459
421,460
421,469
421,483
421,529
421,530
421,532
421,545
421,568
421,579
421,582
421,599
421,601
421,607
421,610
421,614
421,622
421,626
421,636
421,641
421,643
421,648
421,651
421,670
421,672
421,688
421,694
421,695
421,740
421,741
421,751
421,755
421,766
421,767
421,771
421,784
421,797
421,802
421,811
421,822
421,838
421,844
421,880
421,890
421,958
421,977
421,978
421,984
422,446
422,452
422,462
422,498
422,571
422,593
422,608
422,618
422,623
422,675
422,702
422,735
422,799
422,800
422,826
422,837
422,862
422,898
422,940
423,426
423,461
423,464
423,483
423,564
423,567
423,581
423,645
423,646
423,656
423,658
423,666
423,672
423,688
423,718
423,741
423,765
423,771
423,814
423,820
423,824
423,845
423,880
423,886
423,899
423,910
423,917
423,918
423,938
423,953
423,964
423,967
423,972
423,977
423,984
424,453
424,481
424,506
424,507
424,510
424,536
424,538
424,562
424,571
424,608
424,615
424,633
424,647
424,651
424,704
424,715
424,724
424,738
424,767
424,810
424,816
424,824
424,906
424,974
424,977
424,980
425,462
425,471
425,509
425,589
425,614
425,638
425,652
425,754
425,784
425,835
425,843
425,852
425,862
425,912
425,998
426,457
426,462
426,484
426,488
426,489
426,528
426,530
426,544
426,573
426,585
426,593
426,614
426,617
426,660
426,687
426,688
426,722
426,723
426,730
426,746
426,816
426,823
426,830
426,846
426,857
426,864
426,876
426,890
426,891
426,893
426,905
426,930
426,931
426,935
426,949
426,953
426,959
426,964
426,977
426,981
426,982
427,446
427,570
427,590
427,602
427,635
427,641
427,708
427,713
427,746
427,813
427,880
427,893
427,945
427,950
427,972
428,450
428,464
428,508
428,525
428,529
428,534
428,538
428,548
428,584
428,593
428,597
428,598
428,645
428,657
428,684
428,723
428,724
428,809
428,811
428,840
428,848
428,865
428,977
428,982
428,998
429,431
429,451
429,453
429,458
429,459
429,486
429,502
429,523
429,524
429,528
429,532
429,540
429,558
429,603
429,604
429,609
429,614
429,627
429,629
429,666
429,669
429,673
429,693
429,757
429,767
429,789
429,798
429,801
429,834
429,851
429,864
429,890
429,893
429,907
429,919
429,921
429,927
429,930
429,936
429,940
429,948
429,962
429,966
430,438
430,477
430,518
430,575
430,628
430,665
430,696
430,738
430,766
430,803
430,817
430,897
430,900
430,912
430,967
430,980
431,437
431,452
431,459
431,474
431,491
431,501
431,520
431,521
431,523
431,526
431,529
431,556
431,558
431,582
431,584
431,591
431,594
431,602
431,603
431,621
431,639
431,641
431,667
431,676
431,677
431,687
431,730
431,746
431,752
431,780
431,787
431,812
431,823
431,832
431,840
431,855
431,862
431,869
431,883
431,893
431,919
431,927
431,946
431,948
431,955
431,966
431,992
432,444
432,510
432,525
432,560
432,597
432,603
432,615
432,642
432,643
432,677
432,743
432,771
432,773
432,812
432,816
432,823
432,824
432,856
432,876
432,931
432,943
432,991
432,992
432,998
433,452
433,461
433,484
433,506
433,523
433,541
433,602
433,626
433,693
433,699
433,701
433,715
433,727
433,729
433,735
433,762
433,808
433,823
433,835
433,861
433,872
433,890
433,899
433,904
433,906
433,918
433,928
433,940
433,977
433,981
434,452
434,475
434,479
434,541
434,617
434,682
434,714
434,844
434,895
434,916
434,936
434,972
435,451
435,494
435,503
435,539
435,548
435,584
435,625
435,732
435,743
435,781
435,782
435,821
435,861
435,925
435,938
435,959
436,438
436,458
436,467
436,469
436,484
436,504
436,550
436,619
436,640
436,655
436,674
436,679
436,739
436,781
436,785
436,789
436,834
436,918
436,937
436,970
436,991
436,993
437,458
437,493
437,496
437,505
437,520
437,530
437,573
437,609
437,627
437,636
437,640
437,670
437,674
437,745
437,747
437,749
437,755
437,780
437,787
437,789
437,791
437,811
437,833
437,838
437,842
437,843
437,868
437,905
437,907
437,930
437,959
437,968
437,983
437,992
438,452
438,465
438,486
438,519
438,548
438,557
438,580
438,627
438,630
438,639
438,644
438,746
438,789
438,832
438,858
438,961
439,476
439,490
439,516
439,535
439,548
439,579
439,589
439,610
439,625
439,644
439,684
439,694
439,722
439,730
439,758
439,791
439,793
439,799
439,817
439,820
439,825
439,840
439,877
439,929
440,445
440,453
440,485
440,488
440,571
440,572
440,607
440,615
440,654
440,661
440,662
440,665
440,666
440,683
440,708
440,712
440,726
440,734
440,735
440,758
440,769
440,812
440,835
440,869
440,893
440,905
440,910
440,937
440,941
440,975
440,994
441,446
441,451
441,491
441,519
441,522
441,523
441,528
441,544
441,546
441,552
441,569
441,572
441,585
441,594
441,607
441,633
441,644
441,652
441,656
441,658
441,676
441,677
441,680
441,684
441,693
441,702
441,706
441,715
441,726
441,730
441,749
441,763
441,774
441,782
441,799
441,808
441,826
441,833
441,862
441,872
441,876
441,930
441,949
441,962
441,981
441,986
442,549
442,621
442,648
442,675
442,681
442,688
442,703
442,729
442,730
442,744
442,750
442,754
442,793
442,809
442,816
442,861
442,862
442,866
442,867
442,870
442,891
442,919
442,936
442,938
442,954
443,444
443,472
443,473
443,476
443,494
443,506
443,530
443,540
443,558
443,584
443,590
443,607
443,614
443,658
443,691
443,701
443,736
443,754
443,765
443,780
443,789
443,802
443,859
443,890
443,904
443,908
443,927
443,999
444,450
444,478
444,486
444,487
444,502
444,506
444,509
444,529
444,535
444,538
444,541
444,615
444,638
444,643
444,651
444,699
444,728
444,735
444,756
444,763
444,767
444,773
444,800
444,803
444,820
444,838
444,858
444,863
444,899
444,903
444,911
444,925
444,968
444,980
445,461
445,471
445,474
445,478
445,492
445,508
445,517
445,531
445,543
445,552
445,559
445,561
445,578
445,591
445,593
445,604
445,619
445,627
445,667
445,678
445,686
445,693
445,704
445,709
445,711
445,757
445,764
445,771
445,772
445,787
445,812
445,837
445,861
445,908
445,948
445,953
445,959
445,976
446,463
446,474
446,485
446,489
446,506
446,513
446,525
446,538
446,542
446,548
446,563
446,581
446,639
446,685
446,700
446,725
446,739
446,743
446,755
446,769
446,776
446,830
446,842
446,851
446,882
446,883
446,908
446,923
446,930
446,949
446,978
446,985
446,986
446,994
447,539
447,585
447,626
447,648
447,822
447,863
447,867
447,890
447,925
447,991
448,452
448,472
448,514
448,542
448,577
448,640
448,673
448,692
448,701
448,727
448,763
448,769
448,832
448,837
448,839
448,883
448,916
449,500
449,503
449,528
449,550
449,552
449,556
449,572
449,585
449,599
449,633
449,669
449,687
449,741
449,752
449,771
449,792
449,822
449,840
449,862
449,876
449,920
449,937
449,945
449,947
449,977
449,984
449,991
450,453
450,478
450,484
450,490
450,492
450,502
450,512
450,523
450,532
450,535
450,536
450,565
450,573
450,584
450,595
450,606
450,611
450,615
450,627
450,630
450,637
450,651
450,664
450,682
450,735
450,744
450,762
450,776
450,785
450,789
450,799
450,826
450,844
450,859
450,865
450,868
450,889
450,908
450,911
450,915
450,933
450,935
450,936
450,978
451,458
451,460
451,479
451,493
451,496
451,502
451,523
451,532
451,548
451,558
451,565
451,574
451,610
451,627
451,629
451,643
451,644
451,670
451,673
451,677
451,680
451,705
451,707
451,710
451,712
451,730
451,747
451,755
451,789
451,799
451,805
451,832
451,833
451,838
451,840
451,864
451,891
451,895
451,938
451,942
451,945
451,948
451,953
451,979
451,990
452,453
452,479
452,498
452,562
452,572
452,626
452,640
452,641
452,727
452,736
452,779
452,781
452,785
452,790
452,822
452,833
452,847
452,857
452,865
452,876
452,883
452,894
452,903
452,918
452,940
452,974
452,978
452,993
453,458
453,491
453,516
453,536
453,569
453,608
453,625
453,630
453,637
453,640
453,668
453,685
453,734
453,738
453,792
453,813
453,820
453,827
453,847
453,849
453,850
453,890
453,894
453,899
453,907
453,916
453,926
453,954
454,468
454,470
454,488
454,513
454,518
454,528
454,548
454,581
454,600
454,624
454,657
454,667
454,684
454,687
454,702
454,743
454,759
454,781
454,787
454,789
454,797
454,823
454,833
454,841
454,893
454,936
454,953
454,980
455,575
455,651
455,657
455,786
455,856
455,942
455,987
456,553
456,578
456,595
456,665
456,826
456,868
456,883
456,921
456,930
456,973
457,460
457,482
457,513
457,564
457,578
457,619
457,646
457,648
457,658
457,675
457,677
457,688
457,695
457,722
457,726
457,784
457,813
457,853
457,872
457,926
457,930
457,932
457,935
457,951
457,996
458,523
458,528
458,535
458,577
458,598
458,600
458,613
458,619
458,628
458,659
458,667
458,683
458,686
458,692
458,693
458,705
458,746
458,749
458,781
458,799
458,829
458,853
458,859
458,864
458,868
458,884
458,948
458,949
458,952
458,973
458,980
459,499
459,520
459,578
459,579
459,587
459,603
459,606
459,636
459,658
459,664
459,671
459,677
459,688
459,693
459,703
459,706
459,735
459,749
459,752
459,783
459,789
459,808
459,831
459,842
459,849
459,872
459,873
459,880
459,908
459,914
459,930
459,959
459,961
459,966
459,980
460,462
460,501
460,503
460,504
460,516
460,534
460,562
460,610
460,616
460,648
460,691
460,693
460,717
460,796
460,973
461,494
461,500
461,501
461,509
461,533
461,534
461,545
461,550
461,554
461,559
461,563
461,589
461,593
461,597
461,610
461,623
461,624
461,627
461,630
461,684
461,685
461,723
461,743
461,753
461,802
461,810
461,817
461,840
461,841
461,864
461,865
461,877
461,881
461,882
461,884
461,912
461,930
461,936
461,953
461,964
461,970
461,975
461,982
461,986
461,997
462,517
462,524
462,529
462,532
462,534
462,578
462,606
462,615
462,627
462,712
462,715
462,718
462,722
462,765
462,766
462,777
462,792
462,832
462,838
462,840
462,862
462,876
462,880
462,881
462,885
462,898
462,917
462,937
462,941
462,949
462,953
462,964
462,991
463,496
463,501
463,509
463,516
463,533
463,564
463,592
463,629
463,630
463,632
463,648
463,681
463,690
463,717
463,738
463,848
463,856
463,917
463,970
464,485
464,488
464,498
464,557
464,628
464,691
464,698
464,704
464,707
464,725
464,775
464,793
464,797
464,844
464,877
464,890
464,892
464,897
464,917
464,939
464,957
465,516
465,525
465,560
465,565
465,567
465,622
465,630
465,668
465,706
465,741
465,824
465,832
465,879
465,982
466,496
466,510
466,554
466,562
466,564
466,571
466,573
466,576
466,597
466,608
466,622
466,766
466,778
466,797
466,802
466,811
466,813
466,823
466,861
466,950
466,954
466,986
467,611
467,647
467,677
467,734
467,800
467,814
467,910
467,985
468,471
468,478
468,485
468,495
468,531
468,537
468,558
468,581
468,591
468,654
468,734
468,736
468,751
468,765
468,783
468,804
468,842
468,886
468,904
468,908
469,479
469,515
469,663
469,744
469,825
469,841
469,856
469,927
470,489
470,493
470,496
470,520
470,530
470,536
470,540
470,558
470,622
470,699
470,704
470,739
470,802
470,809
470,836
470,893
470,916
470,984
471,476
471,478
471,493
471,523
471,533
471,559
471,590
471,641
471,647
471,676
471,711
471,715
471,723
471,728
471,742
471,765
471,780
471,792
471,802
471,879
471,883
471,900
471,908
471,948
471,973
472,478
472,487
472,489
472,510
472,556
472,561
472,572
472,578
472,600
472,607
472,659
472,696
472,704
472,729
472,881
472,892
472,956
472,982
472,992
473,501
473,506
473,522
473,552
473,553
473,574
473,654
473,664
473,665
473,668
473,672
473,789
473,801
473,824
473,849
473,865
473,898
473,905
473,926
473,927
473,930
473,961
473,970
473,971
473,980
473,981
473,982
474,505
474,508
474,558
474,559
474,584
474,591
474,623
474,630
474,641
474,647
474,664
474,669
474,678
474,686
474,687
474,715
474,749
474,758
474,761
474,764
474,765
474,795
474,820
474,825
474,837
474,844
474,868
474,884
474,886
474,891
474,904
474,913
474,927
474,942
474,965
474,968
474,972
474,992
475,500
475,505
475,512
475,638
475,654
475,750
475,764
475,772
475,837
475,838
475,882
475,945
476,478
476,486
476,491
476,558
476,574
476,618
476,654
476,686
476,712
476,715
476,742
476,757
476,767
476,862
476,883
476,903
476,904
476,918
476,948
477,562
477,671
477,728
477,767
477,768
477,842
477,857
477,870
477,903
477,916
477,932
477,940
477,968
477,982
478,485
478,498
478,502
478,504
478,513
478,529
478,548
478,559
478,573
478,584
478,590
478,626
478,632
478,641
478,667
478,678
478,686
478,690
478,693
478,695
478,698
478,703
478,722
478,736
478,761
478,765
478,780
478,791
478,802
478,824
478,858
478,904
478,921
478,944
478,955
478,962
478,968
478,985
479,495
479,504
479,517
479,602
479,634
479,641
479,683
479,756
479,809
479,814
479,829
479,845
479,863
479,871
479,881
479,893
479,906
479,928
480,488
480,496
480,498
480,525
480,595
480,599
480,622
480,707
480,845
480,848
480,862
480,905
480,916
480,967
480,998
481,484
481,524
481,530
481,639
481,644
481,652
481,693
481,700
481,712
481,713
481,756
481,787
481,835
481,837
481,840
481,851
481,859
481,868
481,881
481,883
481,908
481,924
481,930
481,939
481,947
481,959
481,976
481,977
481,979
482,492
482,557
482,567
482,597
482,600
482,620
482,660
482,671
482,715
482,716
482,747
482,774
482,786
482,799
482,824
482,843
482,947
482,950
482,968
483,509
483,519
483,525
483,533
483,579
483,599
483,605
483,623
483,718
483,728
483,750
483,761
483,763
483,789
483,806
483,816
483,819
483,890
483,921
483,922
483,930
483,959
484,490
484,503
484,506
484,508
484,513
484,520
484,527
484,534
484,589
484,596
484,600
484,602
484,604
484,607
484,623
484,638
484,644
484,654
484,664
484,696
484,703
484,734
484,742
484,750
484,757
484,763
484,764
484,766
484,780
484,791
484,802
484,805
484,822
484,835
484,851
484,859
484,866
484,873
484,881
484,893
484,896
484,901
484,907
484,923
484,953
484,972
484,980
484,989
484,992
484,994
485,488
485,500
485,520
485,528
485,531
485,550
485,606
485,654
485,673
485,737
485,765
485,767
485,801
485,812
485,824
485,840
485,864
485,873
485,914
485,918
485,927
485,934
485,952
485,962
485,989
486,530
486,535
486,556
486,587
486,615
486,616
486,622
486,640
486,658
486,666
486,696
486,708
486,729
486,737
486,742
486,774
486,776
486,783
486,808
486,812
486,813
486,823
486,835
486,862
486,903
486,907
486,924
486,925
486,928
486,976
486,979
487,497
487,498
487,502
487,510
487,554
487,573
487,628
487,657
487,708
487,723
487,737
487,766
487,771
487,818
487,829
487,847
487,919
487,955
487,959
487,998
488,520
488,521
488,523
488,528
488,537
488,542
488,561
488,572
488,585
488,593
488,607
488,625
488,642
488,649
488,662
488,701
488,704
488,715
488,743
488,761
488,763
488,792
488,801
488,808
488,872
488,879
488,886
488,926
488,941
488,952
489,496
489,504
489,514
489,526
489,528
489,549
489,566
489,584
489,614
489,628
489,632
489,634
489,636
489,639
489,721
489,743
489,754
489,757
489,772
489,782
489,787
489,804
489,810
489,842
489,845
489,862
489,871
489,936
489,950
489,966
489,992
490,508
490,520
490,523
490,530
490,561
490,566
490,650
490,664
490,702
490,706
490,713
490,720
490,726
490,772
490,805
490,881
490,883
490,888
490,894
490,898
490,912
490,926
490,927
491,501
491,535
491,595
491,604
491,610
491,676
491,681
491,688
491,694
491,699
491,722
491,730
491,731
491,749
491,761
491,786
491,792
491,802
491,805
491,852
491,866
491,883
491,887
491,889
491,916
491,939
491,988
491,993
492,499
492,539
492,571
492,617
492,625
492,672
492,680
492,706
492,716
492,738
492,745
492,773
492,795
492,799
492,806
492,810
492,885
492,895
492,930
492,947
492,951
492,988
493,506
493,507
493,513
493,533
493,573
493,578
493,627
493,647
493,667
493,669
493,680
493,734
493,735
493,749
493,770
493,774
493,781
493,782
493,796
493,807
493,813
493,828
493,832
493,849
493,879
493,883
493,891
493,915
493,923
493,927
493,940
493,959
493,962
493,966
493,972
494,501
494,502
494,505
494,532
494,558
494,594
494,609
494,623
494,655
494,684
494,700
494,729
494,746
494,750
494,767
494,789
494,803
494,811
494,824
494,828
494,851
494,862
494,879
494,916
494,949
495,508
495,543
495,550
495,604
495,617
495,631
495,632
495,637
495,664
495,665
495,729
495,749
495,757
495,795
495,802
495,867
495,873
495,920
495,928
495,955
496,515
496,535
496,547
496,551
496,581
496,592
496,595
496,610
496,648
496,653
496,673
496,700
496,706
496,733
496,784
496,785
496,816
496,890
496,917
496,922
496,930
496,964
496,969
496,985
497,513
497,554
497,585
497,594
497,607
497,616
497,623
497,626
497,643
497,652
497,694
497,728
497,753
497,769
497,791
497,810
497,814
497,818
497,821
497,833
497,854
497,856
497,865
497,914
497,936
497,949
497,950
497,953
497,964
497,978
497,992
497,997
498,515
498,543
498,556
498,572
498,581
498,591
498,606
498,619
498,653
498,715
498,734
498,750
498,754
498,769
498,776
498,814
498,826
498,863
498,889
498,897
498,918
498,927
498,966
498,983
499,512
499,539
499,557
499,586
499,595
499,681
499,759
499,769
499,786
499,819
499,895
499,928
499,933
499,941
499,982
499,988
499,998
500,516
500,523
500,525
500,535
500,538
500,543
500,581
500,583
500,584
500,596
500,600
500,606
500,609
500,633
500,642
500,649
500,691
500,695
500,699
500,722
500,731
500,740
500,743
500,770
500,771
500,772
500,789
500,807
500,808
500,811
500,813
500,826
500,840
500,916
500,920
500,927
500,929
500,946
500,959
500,977
500,986
500,993
501,520
501,527
501,558
501,560
501,562
501,579
501,585
501,599
501,606
501,608
501,688
501,691
501,699
501,712
501,715
501,725
501,759
501,765
501,786
501,861
501,862
501,916
501,931
501,932
501,948
501,962
501,980
501,982
501,988
502,510
502,532
502,543
502,547
502,562
502,573
502,593
502,608
502,624
502,628
502,662
502,672
502,727
502,750
502,780
502,785
502,792
502,814
502,833
502,835
502,842
502,853
502,881
502,883
502,897
502,900
502,903
502,907
502,912
502,934
502,954
502,958
502,959
502,963
502,974
502,978
503,509
503,532
503,546
503,579
503,614
503,616
503,623
503,628
503,633
503,649
503,743
503,777
503,822
503,865
503,881
503,958
503,981
504,536
504,547
504,552
504,573
504,584
504,590
504,606
504,624
504,629
504,631
504,643
504,649
504,685
504,686
504,707
504,783
504,786
504,834
504,872
504,915
504,962
504,968
504,983
505,514
505,519
505,566
505,587
505,626
505,636
505,664
505,689
505,693
505,695
505,710
505,750
505,783
505,800
505,840
505,852
505,864
505,888
505,895
505,907
505,932
505,936
505,938
505,942
505,961
505,979
506,534
506,537
506,547
506,554
506,576
506,591
506,593
506,599
506,605
506,637
506,704
506,715
506,754
506,765
506,796
506,803
506,827
506,860
506,883
506,904
506,926
506,940
506,968
507,529
507,596
507,698
507,775
507,816
507,843
507,858
507,877
507,887
507,895
507,925
507,927
508,530
508,568
508,631
508,647
508,662
508,667
508,669
508,692
508,702
508,723
508,780
508,791
508,800
508,819
508,835
508,840
508,925
508,950
509,512
509,534
509,538
509,562
509,578
509,583
509,615
509,625
509,643
509,644
509,652
509,676
509,705
509,722
509,751
509,765
509,775
509,783
509,786
509,791
509,805
509,814
509,899
509,913
509,917
509,944
509,953
510,513
510,563
510,574
510,578
510,580
510,596
510,611
510,621
510,636
510,815
510,853
510,901
510,940
510,964
510,968
511,650
511,914
511,925
511,987
512,538
512,549
512,595
512,615
512,616
512,643
512,700
512,753
512,794
512,808
512,819
512,822
512,830
512,839
512,859
512,947
512,968
512,988
513,534
513,548
513,552
513,574
513,580
513,602
513,654
513,674
513,698
513,711
513,715
513,736
513,747
513,799
513,801
513,805
513,808
513,813
513,844
513,859
513,873
513,901
513,907
513,959
514,553
514,556
514,557
514,572
514,606
514,680
514,692
514,731
514,739
514,844
514,852
514,857
514,873
514,880
514,918
514,925
514,936
514,955
514,975
514,978
514,998
515,529
515,535
515,551
515,558
515,559
515,572
515,596
515,606
515,619
515,625
515,648
515,672
515,708
515,727
515,750
515,754
515,758
515,769
515,807
515,827
515,830
515,883
515,889
515,897
515,901
515,912
515,934
515,953
515,989
516,520
516,553
516,556
516,622
516,750
516,824
516,882
516,902
516,934
517,564
517,589
517,607
517,664
517,666
517,720
517,729
517,766
517,772
517,817
517,831
517,897
517,919
517,943
518,731
518,734
518,754
518,759
518,761
518,772
518,792
518,835
518,859
518,912
519,523
519,551
519,557
519,562
519,584
519,593
519,599
519,617
519,656
519,670
519,686
519,693
519,711
519,716
519,729
519,742
519,765
519,774
519,785
519,789
519,811
519,849
519,851
519,862
519,863
519,886
519,923
519,939
519,966
519,969
519,979
519,984
519,985
520,529
520,531
520,533
520,573
520,603
520,604
520,607
520,610
520,629
520,636
520,641
520,646
520,655
520,667
520,674
520,693
520,699
520,727
520,736
520,749
520,765
520,787
520,791
520,819
520,823
520,831
520,852
520,861
520,866
520,868
520,876
520,879
520,881
520,903
520,907
520,923
520,927
520,930
520,953
520,965
520,974
520,989
521,562
521,576
521,589
521,590
521,599
521,619
521,638
521,648
521,691
521,702
521,706
521,715
521,735
521,738
521,766
521,805
521,857
521,858
521,859
521,863
521,876
521,883
521,889
521,893
521,897
521,903
521,907
521,912
521,916
521,928
521,931
521,955
521,958
521,977
521,979
522,536
522,636
522,729
522,771
522,778
522,798
522,803
522,851
522,862
522,930
522,934
522,957
523,552
523,565
523,578
523,584
523,594
523,602
523,629
523,633
523,644
523,652
523,688
523,693
523,694
523,705
523,710
523,736
523,776
523,777
523,801
523,825
523,833
523,836
523,843
523,880
523,889
523,890
523,936
523,946
523,962
523,985
523,992
523,993
524,543
524,550
524,564
524,573
524,604
524,623
524,641
524,647
524,659
524,704
524,715
524,765
524,766
524,774
524,795
524,873
524,876
524,881
524,988
525,566
525,593
525,598
525,600
525,616
525,643
525,663
525,669
525,694
525,718
525,755
525,886
525,922
525,931
525,950
526,541
526,548
526,553
526,572
526,582
526,586
526,596
526,618
526,639
526,650
526,714
526,769
526,785
526,795
526,829
526,834
526,841
526,856
526,895
526,908
526,945
526,979
526,992
527,540
527,595
527,599
527,647
527,652
527,662
527,667
527,678
527,711
527,714
527,730
527,758
527,765
527,766
527,769
527,770
527,798
527,817
527,868
527,896
527,904
527,910
527,916
527,959
527,973
527,975
527,976
527,989
527,994
528,533
528,589
528,598
528,602
528,608
528,626
528,627
528,629
528,641
528,660
528,662
528,675
528,690
528,691
528,693
528,704
528,711
528,746
528,750
528,755
528,756
528,792
528,811
528,832
528,842
528,857
528,864
528,872
528,876
528,880
528,889
528,890
528,892
528,893
528,895
528,899
528,904
528,908
528,915
528,930
528,936
528,955
528,959
528,961
528,978
529,565
529,572
529,575
529,583
529,584
529,589
529,593
529,606
529,623
529,625
529,629
529,641
529,657
529,674
529,789
529,792
529,838
529,851
529,853
529,857
529,881
529,899
529,903
529,911
529,967
529,998
530,548
530,552
530,573
530,575
530,580
530,614
530,626
530,631
530,646
530,667
530,679
530,683
530,695
530,712
530,720
530,734
530,742
530,747
530,750
530,789
530,791
530,799
530,844
530,861
530,898
530,907
530,930
530,944
530,945
530,948
530,964
530,992
531,550
531,595
531,604
531,611
531,649
531,665
531,685
531,711
531,727
531,781
531,812
531,821
531,825
531,832
531,835
531,836
531,873
531,874
531,904
531,921
531,940
531,942
531,971
531,973
531,982
531,993
532,552
532,567
532,585
532,601
532,603
532,672
532,676
532,679
532,686
532,688
532,708
532,714
532,715
532,727
532,729
532,730
532,733
532,753
532,759
532,799
532,853
532,861
532,862
532,867
532,868
532,875
532,880
532,890
532,891
532,922
532,940
532,951
532,982
533,539
533,578
533,585
533,587
533,591
533,602
533,603
533,625
533,667
533,688
533,694
533,714
533,728
533,735
533,755
533,789
533,811
533,840
533,857
533,886
533,930
533,933
533,964
534,548
534,567
534,576
534,579
534,580
534,584
534,585
534,601
534,609
534,610
534,614
534,641
534,643
534,645
534,648
534,652
534,655
534,676
534,680
534,682
534,693
534,699
534,705
534,715
534,722
534,725
534,757
534,799
534,816
534,817
534,859
534,889
534,897
534,906
534,922
534,926
534,953
534,974
534,978
534,982
534,992
535,589
535,593
535,595
535,596
535,606
535,607
535,612
535,625
535,641
535,642
535,644
535,649
535,652
535,673
535,679
535,680
535,688
535,722
535,754
535,757
535,765
535,793
535,803
535,813
535,817
535,861
535,877
535,893
535,901
535,907
535,910
535,931
535,956
535,973
535,978
536,616
536,690
536,749
536,766
536,783
536,791
536,813
536,837
536,873
536,980
536,982
536,993
536,998
537,539
537,647
537,853
537,929
537,944
538,556
538,562
538,569
538,573
538,608
538,625
538,650
538,792
538,794
538,814
538,852
538,857
538,877
538,899
538,927
538,928
539,585
539,609
539,630
539,633
539,646
539,659
539,662
539,692
539,715
539,778
539,830
539,862
539,865
539,922
540,544
540,552
540,590
540,593
540,600
540,638
540,641
540,649
540,665
540,674
540,685
540,714
540,751
540,770
540,809
540,815
540,835
540,845
540,860
540,870
540,944
540,957
541,569
541,672
541,758
541,804
541,853
541,877
541,893
541,901
541,922
541,959
541,985
541,989
542,543
542,548
542,594
542,636
542,650
542,656
542,715
542,815
542,816
542,855
542,888
542,967
542,992
543,557
543,559
543,583
543,590
543,593
543,617
543,633
543,635
543,676
543,697
543,727
543,754
543,765
543,772
543,789
543,879
543,883
543,886
543,899
543,903
543,908
543,916
543,930
543,936
543,942
543,968
543,971
543,979
544,627
544,656
544,665
544,677
544,695
544,702
544,710
544,737
544,744
544,747
544,756
544,761
544,776
544,784
544,804
544,838
544,851
544,891
544,899
544,900
544,945
544,977
544,983
544,989
545,557
545,581
545,601
545,610
545,624
545,626
545,627
545,706
545,707
545,732
545,743
545,746
545,787
545,789
545,799
545,814
545,820
545,824
545,828
545,842
545,862
545,876
545,890
545,891
545,903
545,904
545,909
545,919
545,931
545,961
545,999
546,565
546,589
546,617
546,629
546,639
546,658
546,674
546,726
546,728
546,746
546,821
546,880
546,921
546,972
547,551
547,590
547,604
547,628
547,635
547,649
547,657
547,665
547,727
547,731
547,742
547,754
547,767
547,770
547,826
547,857
547,895
547,903
547,911
547,941
547,996
548,566
548,578
548,584
548,585
548,594
548,599
548,605
548,626
548,627
548,644
548,655
548,656
548,677
548,690
548,746
548,750
548,756
548,771
548,788
548,828
548,832
548,874
548,888
548,895
548,901
548,926
548,936
548,946
548,965
548,985
548,989
548,999
549,566
549,637
549,708
549,821
549,833
549,847
549,899
549,902
549,922
549,928
549,940
549,963
549,973
549,987
550,553
550,564
550,609
550,629
550,636
550,666
550,689
550,695
550,713
550,714
550,730
550,739
550,740
550,761
550,776
550,778
550,815
550,833
550,870
550,872
550,895
550,897
550,898
550,921
550,936
550,958
550,987
551,604
551,617
551,631
551,684
551,729
551,754
551,761
551,814
551,847
551,857
551,869
551,903
551,954
551,978
552,565
552,610
552,641
552,654
552,677
552,678
552,679
552,682
552,728
552,756
552,764
552,777
552,837
552,910
552,978
553,574
553,585
553,601
553,615
553,673
553,676
553,684
553,687
553,706
553,724
553,756
553,771
553,784
553,798
553,799
553,809
553,811
553,842
553,875
553,876
553,935
553,945
553,949
553,957
553,958
553,964
553,966
553,980
553,982
553,984
554,558
554,571
554,582
554,606
554,646
554,675
554,732
554,737
554,741
554,766
554,772
554,806
554,822
554,835
554,876
554,881
554,889
554,893
554,898
554,905
554,924
554,947
554,948
554,954
555,563
555,577
555,587
555,596
555,616
555,628
555,648
555,677
555,688
555,692
555,713
555,717
555,721
555,724
555,726
555,729
555,731
555,733
555,771
555,778
555,805
555,808
555,822
555,831
555,840
555,865
555,913
555,918
555,943
555,977
556,568
556,577
556,606
556,633
556,637
556,654
556,666
556,696
556,700
556,738
556,762
556,766
556,784
556,791
556,807
556,812
556,828
556,845
556,899
556,915
556,926
556,941
556,944
556,955
556,980
556,989
557,562
557,565
557,566
557,608
557,614
557,624
557,660
557,663
557,702
557,718
557,723
557,730
557,743
557,745
557,766
557,781
557,789
557,791
557,851
557,862
557,873
557,879
557,900
557,904
557,913
557,943
558,564
558,574
558,592
558,593
558,594
558,603
558,619
558,648
558,657
558,674
558,678
558,699
558,705
558,715
558,716
558,723
558,735
558,744
558,747
558,749
558,765
558,776
558,786
558,791
558,802
558,823
558,832
558,833
558,877
558,883
558,889
558,897
558,901
558,903
558,907
558,917
558,918
558,923
558,952
558,961
558,978
559,584
559,629
559,641
559,650
559,661
559,678
559,693
559,715
559,727
559,732
559,766
559,777
559,787
559,791
559,805
559,815
559,832
559,861
559,862
559,879
559,882
559,883
559,889
559,894
559,904
559,907
559,911
559,923
559,936
559,948
559,961
559,968
559,972
559,978
560,568
560,574
560,759
560,781
560,840
560,850
560,874
560,933
560,935
560,950
561,624
561,666
561,687
561,801
561,814
561,817
561,836
561,844
561,853
561,868
561,886
561,889
561,904
561,961
561,997
562,570
562,593
562,603
562,620
562,625
562,641
562,652
562,679
562,761
562,767
562,792
562,817
562,831
562,845
562,864
562,879
562,883
562,889
562,897
562,907
562,911
562,927
562,948
562,972
562,978
563,567
563,595
563,660
563,704
563,772
563,801
563,846
563,886
563,908
563,951
563,970
563,977
564,569
564,599
564,691
564,775
564,827
564,857
564,890
564,925
564,940
564,945
564,996
565,598
565,602
565,617
565,648
565,687
565,688
565,691
565,730
565,747
565,750
565,751
565,753
565,778
565,781
565,791
565,817
565,818
565,840
565,843
565,870
565,893
565,908
565,951
565,972
565,976
565,977
565,997
566,571
566,574
566,608
566,615
566,659
566,704
566,728
566,738
566,766
566,771
566,785
566,798
566,803
566,878
566,898
566,912
566,973
567,578
567,622
567,674
567,681
567,729
567,740
567,876
567,917
567,971
567,991
568,581
568,619
568,681
568,762
568,816
568,838
568,843
568,866
568,873
568,924
568,950
568,961
568,962
569,573
569,622
569,637
569,645
569,709
569,836
569,866
569,879
569,885
569,913
569,916
569,917
569,931
570,621
570,657
570,707
570,819
570,823
570,877
570,910
570,916
570,999
571,576
571,596
571,600
571,601
571,623
571,735
571,774
571,781
571,789
571,808
571,852
571,857
571,865
571,885
572,581
572,587
572,598
572,599
572,625
572,628
572,648
572,652
572,689
572,710
572,761
572,775
572,777
572,786
572,790
572,794
572,807
572,814
572,851
572,886
572,916
572,947
572,956
572,959
572,967
572,969
572,971
572,973
573,578
573,581
573,593
573,615
573,623
573,627
573,651
573,673
573,698
573,705
573,727
573,728
573,753
573,754
573,763
573,786
573,792
573,799
573,805
573,824
573,838
573,852
573,862
573,865
573,876
573,891
573,897
573,903
573,918
573,923
573,926
573,969
573,975
573,988
573,993
574,587
574,607
574,616
574,644
574,666
574,672
574,711
574,727
574,733
574,763
574,795
574,818
574,834
574,835
574,851
574,856
574,886
574,893
574,908
574,912
574,944
574,945
574,959
574,976
574,979
574,994
575,586
575,649
575,671
575,673
575,714
575,723
575,727
575,729
575,739
575,790
575,836
575,843
575,850
575,858
575,902
575,911
575,946
575,970
576,583
576,589
576,623
576,668
576,690
576,715
576,725
576,754
576,761
576,777
576,844
576,847
576,849
576,877
576,889
576,916
576,931
576,941
576,969
576,974
576,999
577,602
577,615
577,625
577,627
577,706
577,712
577,789
577,815
577,828
577,833
577,864
577,884
577,886
577,891
577,907
577,909
577,929
577,930
577,932
577,933
577,944
577,950
577,973
577,992
578,584
578,589
578,595
578,608
578,610
578,614
578,616
578,627
578,629
578,643
578,658
578,668
578,676
578,680
578,691
578,697
578,715
578,718
578,723
578,744
578,775
578,834
578,881
578,883
578,886
578,891
578,912
578,923
578,930
578,974
579,581
579,585
579,614
579,626
579,643
579,644
579,677
579,743
579,776
579,787
579,793
579,815
579,816
579,824
579,864
579,867
579,879
579,880
579,884
579,892
579,908
579,912
579,927
579,981
580,625
580,646
580,653
580,677
580,694
580,695
580,732
580,775
580,794
580,810
580,867
580,904
580,925
580,930
580,948
581,594
581,597
581,606
581,627
581,630
581,638
581,651
581,652
581,667
581,674
581,676
581,688
581,698
581,699
581,701
581,705
581,722
581,749
581,801
581,811
581,842
581,844
581,857
581,858
581,861
581,862
581,876
581,881
581,906
581,930
581,931
581,941
581,950
581,985
581,994
582,671
582,677
582,713
582,714
582,784
582,787
582,806
582,831
582,838
582,895
582,931
582,959
582,997
583,613
583,615
583,645
583,715
583,794
583,808
583,818
583,858
583,860
583,916
583,963
584,606
584,614
584,648
584,704
584,725
584,729
584,764
584,792
584,801
584,811
584,840
584,865
584,866
584,879
584,897
584,900
584,903
584,912
584,930
584,931
584,947
584,978
585,610
585,614
585,616
585,643
585,649
585,654
585,688
585,692
585,717
585,732
585,741
585,745
585,756
585,771
585,793
585,796
585,799
585,806
585,811
585,817
585,822
585,824
585,831
585,842
585,845
585,851
585,861
585,862
585,868
585,871
585,879
585,917
585,930
585,951
585,982
586,600
586,643
586,693
586,704
586,726
586,737
586,766
586,769
586,802
586,839
586,940
586,972
587,627
587,633
587,648
587,652
587,666
587,667
587,673
587,690
587,709
587,710
587,732
587,821
587,838
587,840
587,842
587,861
587,864
587,876
587,886
587,891
587,898
587,935
587,961
588,704
588,727
588,769
588,801
588,912
588,918
588,969
588,980
589,601
589,607
589,615
589,623
589,630
589,636
589,648
589,650
589,651
589,660
589,681
589,718
589,753
589,791
589,816
589,823
589,845
589,859
589,865
589,870
589,877
589,895
589,897
589,899
589,915
589,941
589,961
589,979
590,591
590,621
590,627
590,641
590,651
590,686
590,736
590,764
590,765
590,773
590,791
590,879
590,904
590,918
590,921
590,937
590,966
590,985
590,992
591,604
591,625
591,679
591,690
591,702
591,722
591,727
591,765
591,787
591,791
591,842
591,860
591,861
591,904
591,997
592,652
592,661
592,679
592,765
592,771
592,774
592,801
592,823
592,825
592,849
592,897
592,904
592,959
592,973
592,980
592,994
593,619
593,641
593,645
593,649
593,650
593,652
593,660
593,695
593,697
593,699
593,708
593,727
593,728
593,729
593,735
593,737
593,752
593,754
593,773
593,775
593,787
593,791
593,808
593,814
593,817
593,825
593,830
593,831
593,839
593,858
593,864
593,893
593,903
593,905
593,911
593,912
593,913
593,916
593,918
593,935
593,940
593,961
593,963
593,973
593,978
593,987
593,988
593,998
594,609
594,667
594,678
594,688
594,700
594,702
594,733
594,811
594,836
594,840
594,842
594,851
594,879
594,944
594,993
595,617
595,638
595,676
595,685
595,773
595,786
595,835
595,840
595,925
595,967
595,981
596,636
596,664
596,672
596,716
596,747
596,751
596,761
596,763
596,792
596,811
596,816
596,830
596,868
596,911
596,916
596,925
596,952
596,953
596,998
597,600
597,705
597,728
597,757
597,775
597,820
597,835
597,915
597,925
597,971
597,973
598,628
598,633
598,683
598,687
598,691
598,716
598,771
598,777
598,798
598,805
598,811
598,861
598,869
598,888
598,897
598,908
598,922
598,929
598,945
598,948
599,602
599,610
599,623
599,624
599,629
599,643
599,648
599,651
599,656
599,660
599,693
599,694
599,705
599,722
599,736
599,767
599,786
599,792
599,808
599,823
599,824
599,840
599,854
599,857
599,876
599,893
599,915
599,931
599,940
599,957
599,968
599,985
599,989
600,610
600,612
600,684
600,691
600,852
600,861
600,864
600,957
601,614
601,623
601,643
601,651
601,667
601,739
601,792
601,805
601,811
601,830
601,861
601,863
601,867
601,871
601,876
601,890
601,903
601,907
601,959
601,992
602,607
602,613
602,624
602,655
602,656
602,667
602,677
602,683
602,713
602,714
602,752
602,787
602,789
602,812
602,861
602,871
602,898
602,933
602,937
602,973
602,992
602,998
603,643
603,652
603,694
603,695
603,722
603,824
603,842
603,863
603,903
603,939
603,955
604,655
604,664
604,667
604,677
604,686
604,692
604,699
604,711
604,713
604,734
604,747
604,751
604,787
604,791
604,814
604,856
604,862
604,870
604,883
604,892
604,899
604,903
604,908
604,923
604,959
604,966
604,989
605,633
605,653
605,737
605,754
605,775
605,827
605,871
605,939
605,971
606,607
606,624
606,642
606,651
606,653
606,664
606,712
606,715
606,722
606,735
606,750
606,763
606,780
606,785
606,791
606,796
606,829
606,831
606,840
606,877
606,889
606,896
606,897
606,903
606,907
606,911
606,912
606,913
606,916
606,923
606,931
606,940
606,952
606,953
606,961
606,962
606,986
606,998
607,664
607,674
607,680
607,690
607,693
607,697
607,716
607,734
607,736
607,744
607,757
607,765
607,768
607,771
607,785
607,791
607,817
607,832
607,849
607,879
607,883
607,886
607,893
607,900
607,905
607,911
607,918
607,923
607,927
607,952
607,953
607,962
607,966
607,992
607,994
608,727
608,766
608,768
608,777
608,781
608,796
608,800
608,814
608,817
608,835
608,857
608,876
608,879
608,889
608,905
608,939
608,940
608,959
608,972
609,617
609,624
609,632
609,664
609,677
609,685
609,693
609,700
609,703
609,722
609,736
609,749
609,751
609,752
609,776
609,805
609,810
609,873
609,890
609,906
609,911
609,929
609,940
609,948
609,949
609,966
609,974
610,622
610,651
610,655
610,705
610,742
610,750
610,845
610,864
610,876
610,883
610,887
610,890
610,974
610,978
610,988
610,993
611,668
611,717
611,722
611,734
611,764
611,788
611,841
611,898
611,900
611,959
611,994
612,625
612,634
612,654
612,805
612,879
612,940
613,626
613,629
613,636
613,670
613,673
613,706
613,713
613,733
613,749
613,798
613,849
613,870
613,932
613,946
613,961
614,617
614,667
614,676
614,688
614,705
614,722
614,730
614,754
614,771
614,773
614,786
614,793
614,797
614,817
614,841
614,846
614,853
614,887
614,900
614,913
614,953
614,964
614,986
615,619
615,625
615,638
615,647
615,652
615,773
615,782
615,792
615,800
615,805
615,825
615,868
615,873
615,898
615,940
615,978
616,639
616,663
616,681
616,684
616,692
616,705
616,716
616,738
616,739
616,804
616,813
616,816
616,822
616,862
616,867
616,891
616,906
616,914
616,938
616,958
616,968
616,999
617,622
617,635
617,660
617,673
617,680
617,714
617,739
617,744
617,757
617,806
617,821
617,840
617,895
617,980
618,666
618,671
618,698
618,701
618,711
618,764
618,773
618,782
618,810
618,816
618,827
618,837
618,849
618,858
618,903
619,661
619,670
619,707
619,765
619,775
619,781
619,785
619,821
619,862
619,863
619,877
619,893
619,899
619,903
619,904
619,916
619,926
619,940
619,941
619,942
619,947
620,624
620,645
620,711
620,734
620,786
620,795
620,860
620,897
620,946
620,955
621,639
621,671
621,687
621,723
621,774
621,788
621,789
621,938
621,944
621,998
622,624
622,630
622,643
622,675
622,688
622,695
622,717
622,724
622,748
622,750
622,751
622,754
622,761
622,792
622,816
622,862
622,885
622,915
622,917
622,920
622,976
622,989
623,626
623,640
623,644
623,648
623,651
623,659
623,694
623,699
623,711
623,722
623,726
623,755
623,811
623,817
623,846
623,861
623,867
623,870
623,886
623,890
623,957
623,988
624,626
624,629
624,654
624,670
624,694
624,699
624,717
624,723
624,729
624,736
624,746
624,763
624,765
624,785
624,811
624,824
624,830
624,877
624,893
624,904
624,927
624,930
624,948
624,953
624,961
624,988
625,657
625,668
625,693
625,699
625,711
625,715
625,746
625,768
625,826
625,862
625,878
625,879
625,889
625,891
625,900
625,905
625,927
625,933
625,959
625,985
625,988
625,992
626,652
626,672
626,740
626,752
626,789
626,851
626,855
626,868
626,883
626,884
626,905
626,919
626,932
626,944
626,948
626,959
626,962
626,980
626,989
627,633
627,644
627,649
627,656
627,670
627,671
627,677
627,699
627,712
627,713
627,750
627,787
627,789
627,811
627,828
627,835
627,838
627,840
627,851
627,862
627,864
627,876
627,884
627,886
627,893
627,895
627,930
627,931
627,935
627,957
627,982
627,988
627,994
627,997
628,654
628,673
628,725
628,738
628,754
628,765
628,798
628,800
628,826
628,855
628,861
628,862
628,872
628,880
628,887
628,913
628,926
628,931
628,954
628,957
629,655
629,664
629,689
629,702
629,725
629,730
629,747
629,793
629,819
629,838
629,844
629,851
629,868
629,876
629,895
629,927
629,948
630,645
630,738
630,775
630,779
630,792
630,816
630,904
630,986
631,696
631,704
631,824
631,829
631,856
631,858
631,904
631,908
631,945
631,963
631,992
632,770
632,882
632,892
632,968
632,989
633,637
633,660
633,695
633,710
633,716
633,746
633,770
633,791
633,792
633,811
633,834
633,838
633,839
633,857
633,876
633,930
633,944
633,960
634,658
634,671
634,725
634,729
634,753
634,870
634,885
634,916
634,917
635,662
635,808
635,855
635,916
635,971
636,666
636,668
636,675
636,704
636,729
636,744
636,752
636,787
636,799
636,806
636,825
636,841
636,867
636,881
636,888
636,921
636,930
636,972
636,988
636,999
637,642
637,709
637,782
637,785
637,814
637,844
637,852
637,857
637,889
637,940
637,954
637,973
638,655
638,661
638,662
638,675
638,699
638,736
638,739
638,751
638,789
638,808
638,819
638,828
638,873
638,904
638,932
638,944
638,948
638,953
638,955
638,980
638,986
639,782
639,814
639,816
639,844
639,867
639,868
639,876
639,905
639,906
639,945
640,711
640,729
640,821
640,823
640,873
640,911
640,924
641,646
641,647
641,669
641,701
641,712
641,715
641,728
641,742
641,751
641,764
641,765
641,793
641,814
641,826
641,830
641,879
641,883
641,900
641,901
641,918
641,927
641,930
641,937
641,948
641,949
641,959
641,961
641,962
641,976
641,978
641,988
642,647
642,653
642,657
642,674
642,697
642,724
642,740
642,757
642,773
642,805
642,834
642,852
642,865
642,903
642,917
642,930
642,955
642,969
642,972
642,979
642,991
643,646
643,648
643,653
643,659
643,663
643,678
643,686
643,687
643,701
643,705
643,735
643,750
643,767
643,793
643,794
643,795
643,805
643,809
643,815
643,820
643,844
643,845
643,846
643,853
643,861
643,872
643,883
643,897
643,905
643,917
643,922
643,931
643,947
643,997
644,709
644,758
644,762
644,793
644,851
644,861
644,879
644,904
644,959
644,985
644,994
645,761
645,831
645,889
645,970
645,998
646,665
646,672
646,677
646,714
646,717
646,725
646,741
646,747
646,805
646,817
646,824
646,870
646,895
646,917
646,918
646,939
646,954
646,971
647,662
647,666
647,697
647,711
647,715
647,746
647,765
647,831
647,837
647,855
647,873
647,890
647,928
647,969
647,975
647,987
648,672
648,675
648,676
648,691
648,707
648,749
648,750
648,759
648,788
648,793
648,817
648,835
648,841
648,885
648,907
648,922
648,961
649,654
649,708
649,732
649,808
649,840
649,845
649,897
649,902
649,919
650,654
650,655
650,673
650,715
650,751
650,759
650,761
650,766
650,817
650,853
650,860
650,883
650,892
650,898
650,900
650,904
650,927
650,929
650,944
650,984
650,999
651,707
651,725
651,791
651,792
651,797
651,805
651,806
651,820
651,822
651,823
651,879
651,883
651,911
651,929
651,931
651,974
652,677
652,701
652,714
652,727
652,754
652,755
652,844
652,862
652,865
652,893
652,930
652,939
652,988
652,999
653,729
653,797
653,852
653,925
654,685
654,689
654,690
654,693
654,697
654,727
654,747
654,755
654,767
654,773
654,791
654,796
654,855
654,864
654,893
654,911
654,912
654,918
654,925
654,940
654,963
654,978
654,987
655,664
655,667
655,677
655,683
655,686
655,690
655,713
655,789
655,807
655,812
655,838
655,841
655,851
655,879
655,880
655,888
655,892
655,893
655,895
655,909
655,923
655,944
655,953
655,959
655,961
655,978
655,992
656,684
656,685
656,750
656,756
656,783
656,791
656,826
656,840
656,879
656,925
656,930
656,943
657,736
657,754
657,777
657,808
657,861
657,892
657,974
657,976
657,977
657,983
657,999
658,661
658,702
658,780
658,792
658,797
658,802
658,833
658,846
658,860
658,863
658,881
658,919
658,943
659,674
659,705
659,724
659,732
659,749
659,782
659,793
659,813
659,817
659,846
659,848
659,876
659,879
660,680
660,778
660,792
660,816
660,822
660,830
660,843
660,852
660,875
660,925
660,941
661,711
661,781
661,814
661,815
661,940
661,986
662,666
662,667
662,712
662,731
662,737
662,755
662,764
662,770
662,771
662,787
662,819
662,832
662,860
662,869
662,881
662,892
662,904
662,945
662,955
662,976
662,994
663,671
663,695
663,706
663,740
663,745
663,758
663,816
664,667
664,684
664,693
664,712
664,713
664,716
664,722
664,726
664,736
664,746
664,758
664,780
664,787
664,801
664,812
664,832
664,846
664,847
664,865
664,876
664,880
664,893
664,912
664,927
664,936
664,937
664,965
664,968
664,989
664,997
665,695
665,736
665,790
665,798
665,800
665,804
665,883
665,916
665,923
665,985
665,989
666,679
666,690
666,712
666,716
666,734
666,854
666,874
666,896
666,919
666,946
666,968
667,726
667,730
667,735
667,747
667,757
667,760
667,763
667,782
667,786
667,812
667,816
667,820
667,829
667,840
667,849
667,855
667,860
667,864
667,868
667,876
667,880
667,886
667,895
667,900
667,913
667,927
667,930
667,948
667,972
667,978
667,992
668,804
668,941
668,949
668,952
668,969
668,992
669,691
669,693
669,695
669,753
669,793
669,818
669,831
669,879
669,900
669,901
669,905
669,908
669,930
669,965
670,712
670,726
670,745
670,766
670,781
670,802
670,831
670,838
670,877
670,891
670,907
670,910
670,959
670,977
671,698
671,704
671,714
671,729
671,739
671,760
671,777
671,780
671,789
671,793
671,804
671,807
671,829
671,834
671,860
671,868
671,875
671,894
671,906
671,946
671,967
671,973
672,681
672,706
672,712
672,740
672,743
672,797
672,817
672,919
672,932
672,973
673,688
673,714
673,774
673,813
673,840
673,850
673,860
673,866
673,893
673,901
673,906
673,908
673,913
673,916
673,965
673,992
673,994
674,747
674,863
674,905
674,921
674,939
675,694
675,722
675,723
675,728
675,736
675,743
675,759
675,852
675,930
675,938
675,944
675,951
675,959
676,680
676,715
676,721
676,735
676,746
676,786
676,805
676,835
676,842
676,862
676,908
676,930
676,931
677,697
677,698
677,714
677,735
677,746
677,750
677,751
677,766
677,768
677,780
677,804
677,811
677,815
677,818
677,852
677,864
677,879
677,883
677,895
677,931
677,966
677,985
677,986
677,989
677,992
677,997
677,998
678,685
678,686
678,690
678,738
678,764
678,787
678,802
678,816
678,858
678,894
678,896
678,966
678,982
678,992
678,994
679,716
679,746
679,748
679,749
679,783
679,787
679,789
679,802
679,834
679,835
679,837
679,863
679,894
679,976
679,992
679,994
679,998
680,690
680,699
680,703
680,714
680,715
680,754
680,791
680,811
680,852
680,923
680,951
681,705
681,711
681,718
681,722
681,725
681,729
681,749
681,753
681,806
681,817
681,841
681,862
681,925
681,942
681,979
681,999
682,710
682,714
682,724
682,731
682,732
682,735
682,749
682,758
682,785
682,799
682,810
682,825
682,841
682,881
682,889
682,914
682,919
682,971
682,985
682,988
682,999
683,721
683,777
683,815
683,886
683,935
684,699
684,706
684,710
684,740
684,755
684,766
684,771
684,811
684,822
684,851
684,862
684,864
684,876
684,908
684,911
684,992
685,709
685,712
685,729
685,789
685,791
685,880
685,897
685,903
685,938
685,948
685,964
686,687
686,711
686,722
686,734
686,758
686,769
686,787
686,788
686,789
686,801
686,818
686,830
686,831
686,838
686,861
686,873
686,897
686,905
686,908
686,918
686,930
686,962
686,978
686,992
687,756
687,770
687,771
687,782
687,795
687,804
687,811
687,819
687,865
687,911
687,942
687,962
687,984
688,764
688,792
688,799
688,809
688,833
688,857
688,862
688,871
688,879
688,884
688,886
688,930
688,944
688,957
688,959
688,964
689,694
689,702
689,726
689,745
689,768
689,807
689,824
689,880
689,888
689,909
689,931
689,953
690,749
690,758
690,791
690,818
690,837
690,869
690,900
690,907
690,988
691,694
691,717
691,723
691,750
691,753
691,756
691,799
691,811
691,908
691,917
691,932
691,974
691,982
691,992
691,999
692,693
692,706
692,715
692,718
692,729
692,744
692,776
692,786
692,799
692,810
692,839
692,840
692,844
692,849
692,854
692,871
692,879
692,901
692,927
692,947
692,950
692,957
692,973
692,998
693,699
693,701
693,716
693,746
693,747
693,749
693,756
693,765
693,780
693,792
693,824
693,849
693,860
693,861
693,862
693,872
693,886
693,905
693,914
693,916
693,930
693,945
693,948
693,962
693,965
693,967
693,972
693,979
694,718
694,723
694,736
694,746
694,752
694,755
694,785
694,793
694,811
694,820
694,822
694,857
694,871
694,895
694,940
694,979
695,700
695,702
695,714
695,723
695,726
695,727
695,751
695,758
695,761
695,811
695,816
695,864
695,874
695,892
695,942
695,943
695,951
695,959
696,861
696,928
697,704
697,715
697,733
697,808
697,840
697,883
697,892
697,899
697,907
697,914
697,921
697,929
697,940
697,941
697,966
697,988
698,723
698,810
698,925
698,927
698,950
699,701
699,727
699,747
699,762
699,818
699,835
699,840
699,844
699,857
699,858
699,861
699,886
699,893
699,899
699,903
699,918
699,923
699,927
699,931
699,937
699,946
699,953
699,975
699,981
699,998
700,702
700,782
700,787
700,788
700,791
700,795
700,834
700,838
700,853
700,864
700,872
700,885
700,903
700,950
700,992
701,726
701,786
701,853
701,881
701,889
701,893
701,907
701,930
701,953
702,708
702,791
702,840
702,869
702,891
702,923
703,711
703,911
703,923
703,928
703,951
703,985
704,711
704,735
704,749
704,753
704,755
704,779
704,787
704,814
704,837
704,860
704,873
704,881
704,904
704,929
704,968
704,988
704,990
704,993
704,998
705,715
705,723
705,727
705,732
705,754
705,755
705,784
705,793
705,811
705,816
705,828
705,861
705,865
705,882
705,890
705,897
705,901
705,913
705,931
705,945
705,969
705,988
706,732
706,742
706,749
706,755
706,773
706,776
706,788
706,793
706,801
706,840
706,917
706,922
706,950
706,999
707,747
707,777
707,828
707,844
707,913
707,940
707,971
707,991
707,992
708,805
708,807
708,816
708,826
708,846
708,863
708,890
708,926
708,990
709,760
709,772
709,791
709,863
709,925
709,940
709,947
709,949
709,957
710,718
710,723
710,781
710,782
710,789
710,793
710,834
710,838
710,849
710,858
710,861
710,875
710,880
710,887
710,900
710,932
710,957
710,981
711,763
711,765
711,770
711,780
711,816
711,835
711,850
711,860
711,863
711,868
711,905
711,908
711,912
711,925
711,978
711,985
711,989
711,993
712,734
712,736
712,747
712,750
712,767
712,787
712,788
712,789
712,835
712,838
712,853
712,860
712,873
712,883
712,904
712,908
712,927
712,964
712,966
712,976
712,985
713,758
713,789
713,821
713,829
713,845
713,849
713,942
713,967
713,992
714,723
714,726
714,749
714,771
714,776
714,818
714,838
714,851
714,862
714,868
714,893
714,913
714,959
714,968
715,716
715,722
715,726
715,739
715,754
715,765
715,784
715,806
715,809
715,814
715,817
715,823
715,833
715,844
715,861
715,864
715,879
715,885
715,892
715,897
715,903
715,907
715,916
715,918
715,931
715,967
715,974
715,978
715,986
715,988
715,992
715,997
715,998
716,723
716,726
716,759
716,788
716,806
716,834
716,882
716,890
716,895
716,930
716,964
716,972
716,975
717,723
717,820
717,920
717,922
717,968
717,970
717,980
717,984
717,991
718,741
718,743
718,746
718,773
718,782
718,799
718,811
718,861
718,867
718,870
718,875
718,925
718,947
718,975
719,754
719,773
719,881
719,931
719,958
719,980
720,729
720,880
720,908
720,941
721,729
721,815
721,890
721,910
721,912
721,936
721,941
721,979
722,727
722,743
722,755
722,764
722,771
722,797
722,840
722,843
722,861
722,865
722,890
722,913
722,928
722,935
722,937
722,942
722,943
722,948
722,953
722,959
722,981
722,992
722,997
723,727
723,729
723,778
723,786
723,811
723,838
723,870
723,915
723,980
724,761
724,792
724,870
724,929
724,937
725,802
725,811
725,939
725,973
726,749
726,770
726,781
726,789
726,795
726,811
726,815
726,825
726,840
726,860
726,861
726,862
726,875
726,881
726,886
726,894
726,961
726,993
727,728
727,745
727,756
727,763
727,764
727,765
727,766
727,768
727,782
727,784
727,785
727,787
727,810
727,814
727,825
727,833
727,852
727,864
727,879
727,883
727,886
727,897
727,902
727,904
727,913
727,918
727,955
727,968
727,978
727,980
727,983
727,989
728,761
728,769
728,776
728,805
728,814
728,839
728,860
728,877
728,878
728,885
728,889
728,897
728,899
728,908
728,911
728,936
728,978
728,987
729,732
729,780
729,785
729,811
729,818
729,823
729,829
729,838
729,843
729,849
729,850
729,864
729,869
729,908
729,914
729,917
729,923
729,927
729,933
729,939
729,945
729,958
729,959
729,973
730,756
730,771
730,787
730,821
730,840
730,864
730,891
730,892
730,895
730,946
730,949
730,953
730,977
730,980
730,992
731,769
731,773
731,782
731,873
731,884
731,889
731,897
731,906
731,958
731,982
731,999
732,737
732,741
732,755
732,771
732,809
732,817
732,870
732,915
732,946
732,965
732,973
733,748
733,751
733,765
733,806
733,816
733,913
733,914
733,923
733,946
733,960
733,972
734,796
734,835
734,873
734,900
734,907
734,913
734,938
734,989
735,751
735,766
735,814
735,847
735,857
735,859
735,897
735,908
735,916
735,917
735,927
735,931
735,961
736,765
736,798
736,831
736,835
736,848
736,873
736,905
736,937
737,757
737,758
737,769
737,808
737,826
737,853
737,863
737,866
737,900
737,916
737,928
737,949
737,974
737,978
738,779
738,805
738,827
738,850
739,746
739,752
739,816
739,821
739,833
739,834
739,838
739,864
739,880
739,893
740,898
740,915
740,921
740,965
740,991
740,999
741,753
741,761
741,774
741,807
741,813
741,841
741,857
741,931
741,946
741,947
742,770
742,774
742,782
742,802
742,837
742,881
742,897
742,919
742,931
742,936
742,989
743,787
743,793
743,897
743,931
743,984
744,822
744,828
744,917
744,975
745,764
745,776
745,827
745,828
745,838
745,840
745,862
745,949
745,997
746,750
746,771
746,786
746,825
746,862
746,891
746,927
746,930
746,931
746,964
747,755
747,758
747,763
747,765
747,787
747,789
747,791
747,825
747,832
747,841
747,845
747,860
747,861
747,864
747,886
747,903
747,921
747,927
747,948
747,949
747,953
747,966
747,978
748,761
748,821
748,831
748,840
748,871
748,951
748,987
748,996
749,764
749,781
749,787
749,800
749,825
749,857
749,883
749,891
749,910
749,911
749,923
749,948
749,953
749,966
749,971
749,992
750,766
750,771
750,815
750,822
750,876
750,927
750,943
750,982
751,763
751,811
751,812
751,836
751,864
751,876
751,879
751,931
751,952
752,788
752,789
752,824
752,860
752,895
752,910
752,919
752,921
752,941
752,981
753,768
753,782
753,786
753,808
753,840
753,854
753,862
753,865
753,867
753,871
753,882
753,898
753,926
753,967
753,975
753,978
753,981
754,763
754,791
754,808
754,835
754,851
754,883
754,900
754,907
754,916
754,931
755,789
755,791
755,793
755,812
755,866
755,876
755,935
755,966
755,984
755,992
756,768
756,773
756,783
756,785
756,805
756,819
756,830
756,856
756,872
756,975
756,980
757,777
757,790
757,927
757,937
757,953
758,764
758,782
758,793
758,801
758,831
758,837
758,854
758,868
758,877
758,883
758,892
758,910
758,913
758,930
758,992
759,786
759,791
759,797
759,862
759,897
759,917
759,925
759,963
760,804
760,867
760,870
760,947
761,792
761,805
761,808
761,857
761,889
761,907
761,912
761,916
761,967
761,971
761,980
761,995
761,996
761,998
762,779
762,796
762,854
762,871
762,881
762,951
763,766
763,796
763,803
763,807
763,831
763,890
763,893
763,897
763,903
763,925
763,935
763,971
763,992
764,770
764,774
764,798
764,799
764,837
764,842
764,845
764,849
765,766
765,787
765,791
765,793
765,861
765,897
765,904
765,908
765,915
765,929
765,930
765,953
765,992
765,993
766,826
766,863
766,892
766,895
766,900
766,910
766,968
766,983
767,785
767,840
767,883
767,988
767,989
768,774
768,781
768,820
768,837
768,873
768,881
768,900
768,989
769,774
769,784
769,788
769,819
769,832
769,869
769,880
769,987
769,993
770,812
770,837
770,845
770,853
770,892
770,905
770,910
770,912
770,978
770,993
771,781
771,786
771,799
771,825
771,829
771,840
771,862
771,891
771,895
771,917
771,949
771,958
771,966
771,967
772,788
772,803
772,812
772,830
772,853
772,858
772,914
772,960
772,968
773,820
773,828
773,878
773,890
773,917
773,928
773,930
773,984
774,832
774,908
774,952
774,982
774,993
774,995
775,784
775,810
775,811
775,894
775,899
775,920
775,938
775,973
775,999
776,782
776,815
776,823
776,832
776,856
776,860
776,877
776,912
776,943
776,944
776,966
777,811
777,815
777,826
777,840
777,872
777,877
777,922
777,932
777,935
777,973
777,986
778,789
778,822
778,876
779,800
779,831
779,837
779,873
779,963
780,789
780,792
780,823
780,832
780,840
780,873
780,876
780,883
780,884
780,893
780,903
780,923
780,930
780,932
780,937
781,791
781,818
781,821
781,822
781,830
781,843
781,860
781,864
781,865
781,907
781,915
781,920
781,924
781,925
781,930
781,946
781,950
781,955
782,818
782,819
782,890
782,895
782,899
782,933
782,948
782,962
782,967
782,975
782,979
783,789
783,801
783,814
783,848
783,849
783,851
783,863
783,994
784,818
784,830
784,844
784,846
784,852
784,981
784,984
784,991
785,799
785,814
785,844
785,874
785,915
785,916
785,933
785,983
785,986
785,998
786,791
786,792
786,805
786,830
786,862
786,877
786,878
786,881
786,892
786,961
786,974
787,789
787,811
787,821
787,837
787,857
787,879
787,889
787,908
787,945
787,948
787,959
787,964
787,965
787,976
787,994
788,789
788,797
788,815
788,859
788,893
788,914
788,980
789,818
789,831
789,834
789,836
789,849
789,855
789,861
789,862
789,864
789,868
789,871
789,872
789,881
789,891
789,900
789,905
789,918
789,927
789,943
789,959
789,966
789,973
789,988
790,816
790,903
790,941
791,796
791,831
791,835
791,837
791,855
791,889
791,900
791,908
791,917
791,919
791,923
791,928
791,935
791,962
791,965
791,974
791,978
791,992
792,817
792,841
792,858
792,865
792,872
792,876
792,882
792,890
792,898
792,916
792,931
792,947
792,963
792,974
792,977
792,980
792,988
792,999
793,799
793,818
793,821
793,828
793,843
793,881
793,893
793,917
794,844
794,868
794,902
794,925
794,996
795,873
795,888
795,890
795,895
795,900
796,832
796,862
796,916
796,917
796,941
796,985
797,817
797,823
797,830
797,831
797,894
797,895
797,903
797,943
797,964
797,980
798,835
798,860
798,933
798,980
799,801
799,810
799,811
799,813
799,817
799,880
799,922
799,945
799,959
800,811
800,835
800,846
800,852
800,860
800,869
800,879
801,831
801,849
801,858
801,895
801,904
801,908
801,920
801,926
801,986
802,834
802,840
802,857
802,863
802,873
802,904
802,905
802,967
802,977
802,992
802,993
802,994
803,814
803,821
803,838
803,859
803,894
803,911
803,912
803,924
803,990
803,996
804,810
804,832
804,845
804,960
804,983
804,991
805,824
805,851
805,868
805,876
805,885
805,911
805,916
805,931
805,940
805,943
805,945
805,954
805,988
806,848
806,873
806,907
806,938
807,839
807,886
807,955
807,987
807,990
808,811
808,826
808,868
808,879
808,953
808,955
808,980
809,876
810,839
810,861
810,931
810,948
810,979
811,827
811,838
811,842
811,879
811,886
811,891
811,899
811,904
811,931
811,961
811,965
812,889
812,894
812,906
812,930
812,944
812,960
812,964
812,968
812,975
812,982
812,984
812,995
813,830
813,869
813,876
813,938
813,943
813,953
814,824
814,851
814,852
814,857
814,863
814,871
814,882
814,885
814,889
814,903
814,912
814,913
814,917
814,940
814,971
814,974
815,821
815,838
815,851
815,890
815,895
815,898
815,955
816,855
816,856
816,878
816,880
816,884
816,916
816,941
816,974
817,844
817,861
817,871
817,877
817,925
817,977
818,821
818,829
818,830
818,833
818,834
818,868
818,973
818,989
819,837
819,845
819,858
819,874
819,879
819,905
819,927
819,948
819,972
819,976
820,841
820,919
820,941
820,948
820,957
820,981
821,840
821,862
821,866
821,869
821,876
821,922
821,936
821,947
821,949
821,959
821,961
821,977
821,986
822,857
822,920
822,927
822,938
822,943
822,961
822,973
822,975
822,999
823,851
823,862
823,883
823,890
823,912
823,918
823,953
823,982
824,876
824,915
824,961
825,862
825,864
825,891
825,895
825,897
825,938
825,951
825,961
826,855
826,907
826,931
826,975
826,998
827,884
827,932
828,907
828,941
828,963
828,992
829,852
829,856
829,884
829,906
829,944
829,967
830,842
830,845
830,851
830,860
830,874
830,886
830,909
830,913
830,925
830,954
830,997
831,833
831,885
831,900
831,905
831,942
832,876
832,886
832,893
832,903
832,908
832,959
832,976
833,834
833,851
833,860
833,941
833,957
833,961
833,973
833,980
833,992
834,840
834,853
834,865
834,866
834,874
834,879
834,944
834,948
834,996
835,883
835,926
835,965
835,974
835,978
835,998
836,850
836,858
836,859
836,863
836,956
836,989
837,839
837,869
837,886
837,895
837,910
837,936
837,939
837,956
837,992
838,841
838,864
838,881
838,889
838,907
838,918
838,942
838,948
838,981
838,992
839,847
839,876
839,897
839,952
839,959
840,848
840,851
840,861
840,870
840,871
840,879
840,884
840,885
840,893
840,897
840,907
840,908
840,935
840,936
840,955
840,960
841,848
841,858
841,862
841,875
841,911
841,912
841,925
841,931
841,936
841,959
841,964
841,986
841,997
842,876
842,879
842,880
842,904
842,907
842,930
842,932
842,965
842,989
843,857
843,888
843,895
843,937
843,938
844,857
844,863
844,885
844,903
844,915
844,925
844,936
844,977
844,978
844,985
845,905
845,925
845,928
845,937
845,968
845,973
846,847
846,951
846,974
847,849
847,922
847,930
848,850
848,873
848,929
848,981
849,860
849,906
849,952
850,983
851,862
851,864
851,865
851,867
851,876
851,884
851,886
851,890
851,903
851,907
851,922
851,926
851,930
851,936
851,946
851,959
851,965
851,985
851,992
851,994
852,898
852,900
852,907
852,969
853,883
853,889
854,917
854,961
855,966
855,975
856,895
856,930
856,942
856,944
856,979
856,991
857,866
857,899
857,936
857,940
857,974
858,876
858,923
859,863
859,881
859,968
860,886
860,929
860,975
860,980
861,870
861,877
861,885
861,891
861,936
861,953
861,966
861,974
862,864
862,872
862,876
862,879
862,890
862,907
862,908
862,922
862,927
862,931
862,947
862,957
862,988
863,883
863,912
863,973
863,975
863,992
864,880
864,901
864,931
864,937
864,940
864,946
864,947
864,966
864,988
865,939
865,974
866,896
866,976
867,871
867,915
867,941
867,951
867,978
867,988
867,998
868,887
868,889
868,902
868,912
868,944
868,973
868,975
868,989
869,908
869,927
869,973
869,976
869,989
870,885
870,925
871,895
871,938
871,958
871,994
872,884
872,885
872,911
872,940
872,942
872,943
872,955
872,980
873,899
873,905
873,959
873,981
873,993
874,926
874,930
874,932
874,941
874,942
874,946
874,949
874,957
875,946
875,957
876,885
876,890
876,894
876,971
876,981
876,982
877,878
877,909
877,913
877,915
877,926
877,999
878,963
878,982
879,881
879,883
879,889
879,890
879,893
879,902
879,930
879,933
879,944
879,962
879,977
879,981
879,992
879,993
880,923
880,928
880,946
881,892
881,893
881,898
881,923
881,930
881,948
881,953
881,979
881,985
882,930
882,980
883,900
883,904
883,918
883,936
883,973
883,984
884,903
884,915
884,953
884,957
884,967
885,892
885,904
885,907
885,930
886,890
886,893
886,903
886,908
886,930
886,931
886,942
886,959
886,965
886,985
886,988
886,992
887,949
887,954
888,910
888,930
888,951
888,972
888,992
889,903
889,904
889,907
889,927
889,930
889,931
889,948
889,953
889,988
889,998
890,908
890,923
890,927
890,956
891,913
891,949
891,965
892,923
892,940
892,971
892,978
893,905
893,907
893,927
893,930
893,953
893,959
893,961
893,962
893,966
893,979
893,992
894,940
894,962
894,982
895,917
895,922
895,930
895,938
895,945
895,949
896,904
896,908
896,937
896,963
897,900
897,907
897,916
897,918
897,931
897,937
897,952
897,953
897,963
897,974
897,986
897,996
897,997
898,959
898,966
899,901
899,916
899,929
899,953
899,954
899,963
899,967
899,974
899,995
900,903
900,904
900,907
900,923
900,941
900,948
900,959
900,968
900,978
900,981
901,915
901,922
901,931
901,964
901,970
901,994
902,911
902,912
902,918
902,925
902,940
902,961
902,983
902,994
903,911
903,926
903,945
903,980
903,998
904,907
904,908
904,936
904,978
904,989
904,994
905,919
905,922
905,928
905,959
905,992
906,910
906,919
906,966
907,908
907,918
907,923
907,925
907,962
908,909
908,914
908,916
908,923
908,930
908,962
908,964
908,971
908,980
908,993
908,994
909,937
909,940
910,938
910,973
910,992
911,916
911,925
911,983
912,925
912,953
912,971
912,981
912,983
913,920
913,925
913,981
913,998
914,946
914,987
915,939
915,945
916,928
916,930
916,969
916,971
916,978
916,983
916,998
917,982
917,986
918,928
918,948
918,998
919,922
919,930
919,961
919,973
919,979
919,980
920,924
921,932
921,973
921,976
921,989
921,995
922,929
922,999
923,959
923,997
924,925
924,968
924,989
925,938
925,941
926,949
926,950
927,935
927,955
927,959
927,962
927,969
927,973
927,978
927,979
927,996
928,997
929,943
929,947
930,948
930,949
930,953
930,965
930,982
930,988
931,941
931,953
931,955
931,962
931,974
932,970
933,963
934,986
934,993
935,959
935,965
935,983
936,945
936,955
936,965
936,989
936,997
937,940
937,941
937,949
937,965
937,972
937,984
937,987
938,946
938,947
938,984
939,991
939,998
940,979
941,986
942,946
943,949
943,972
943,975
943,980
943,984
945,988
946,966
946,989
947,962
948,962
948,968
948,992
949,955
949,961
949,985
949,988
949,994
950,960
950,986
950,989
951,967
951,982
952,991
953,962
953,968
953,988
953,992
955,968
956,968
956,972
956,980
958,983
958,988
958,996
959,992
959,994
960,970
960,986
961,975
961,979
961,984
962,990
963,971
963,978
964,977
965,966
965,992
966,968
966,972
966,982
966,992
967,968
967,998
970,984
971,995
972,973
973,989
974,978
975,992
976,997
981,993
981,994
985,994
989,992
994,996
