source,target
0,16
0,26
0,68
0,71
0,80
0,84
0,115
0,136
0,155
0,158
0,181
0,188
0,196
0,199
0,233
0,255
0,263
0,290
0,294
0,295
0,300
0,370
0,380
0,397
0,404
0,426
0,437
0,444
0,449
0,460
0,469
0,470
0,473
0,499
0,534
0,556
0,561
0,572
0,581
0,696
0,710
0,782
0,790
0,857
0,859
0,862
0,874
0,880
0,922
0,925
0,985
1,15
1,57
1,105
1,139
1,148
1,162
1,166
1,200
1,251
1,260
1,290
1,378
1,408
1,420
1,428
1,501
1,515
1,532
1,533
1,543
1,569
1,577
1,591
1,615
1,626
1,632
1,654
1,658
1,660
1,688
1,689
1,691
1,692
1,712
1,757
1,762
1,810
1,818
1,837
1,857
1,860
1,873
1,919
1,924
1,932
1,934
1,937
1,941
2,46
2,67
2,102
2,125
2,152
2,168
2,186
2,187
2,198
2,266
2,384
2,385
2,399
2,422
2,606
2,652
2,668
2,699
2,730
2,735
2,781
2,797
2,834
2,872
2,994
3,9
3,35
3,64
3,70
3,122
3,144
3,153
3,159
3,169
3,214
3,219
3,232
3,235
3,244
3,290
3,389
3,411
3,477
3,497
3,529
3,547
3,579
3,639
3,820
3,839
3,843
3,878
3,886
3,915
3,935
3,965
3,970
3,996
4,18
4,20
4,21
4,28
4,29
4,48
4,143
4,156
4,175
4,216
4,247
4,256
4,259
4,304
4,310
4,340
4,348
4,399
4,425
4,466
4,467
4,504
4,591
4,605
4,684
4,711
4,744
4,747
4,751
4,774
4,818
4,820
4,826
4,863
4,918
4,919
4,937
4,955
4,964
5,12
5,30
5,46
5,95
5,123
5,149
5,160
5,185
5,192
5,193
5,195
5,239
5,285
5,294
5,305
5,336
5,345
5,356
5,451
5,550
5,571
5,606
5,614
5,637
5,668
5,677
5,680
5,684
5,745
5,797
5,808
5,828
5,835
5,864
5,872
5,873
5,963
6,72
6,81
6,84
6,88
6,119
6,177
6,198
6,232
6,248
6,258
6,292
6,302
6,314
6,323
6,326
6,328
6,350
6,379
6,429
6,436
6,595
6,619
6,703
6,715
6,732
6,758
6,764
6,772
6,785
6,828
6,855
6,882
6,883
6,898
6,912
6,948
6,977
6,999
7,22
7,53
7,120
7,122
7,166
7,256
7,271
7,278
7,298
7,312
7,320
7,335
7,394
7,408
7,434
7,452
7,516
7,614
7,651
7,655
7,739
7,767
7,772
7,789
7,826
7,856
7,861
7,875
7,908
7,919
7,946
7,992
8,64
8,65
8,96
8,108
8,117
8,135
8,137
8,144
8,167
8,201
8,203
8,234
8,253
8,269
8,270
8,298
8,324
8,386
8,391
8,447
8,460
8,484
8,494
8,537
8,551
8,603
8,616
8,634
8,647
8,674
8,710
8,753
8,782
8,793
8,820
8,851
8,854
8,857
8,863
8,889
8,956
8,958
8,959
8,981
9,13
9,19
9,38
9,64
9,96
9,132
9,144
9,214
9,239
9,263
9,276
9,290
9,316
9,318
9,357
9,372
9,386
9,394
9,411
9,430
9,459
9,505
9,553
9,578
9,587
9,623
9,625
9,642
9,651
9,713
9,743
9,753
9,767
9,793
9,820
9,886
9,901
9,945
9,950
9,970
9,978
9,990
9,996
10,65
10,66
10,79
10,108
10,115
10,118
10,131
10,134
10,154
10,218
10,258
10,260
10,280
10,317
10,327
10,331
10,364
10,374
10,379
10,393
10,412
10,423
10,425
10,429
10,432
10,436
10,462
10,468
10,478
10,492
10,493
10,505
10,509
10,527
10,533
10,538
10,549
10,557
10,639
10,682
10,689
10,707
10,730
10,734
10,768
10,790
10,805
10,808
10,835
10,842
10,911
10,913
10,920
10,922
10,966
10,968
10,979
11,24
11,34
11,98
11,134
11,139
11,176
11,208
11,339
11,387
11,429
11,437
11,438
11,470
11,480
11,489
11,502
11,505
11,511
11,530
11,534
11,573
11,592
11,603
11,617
11,635
11,644
11,725
11,740
11,814
11,832
11,902
11,913
11,966
11,983
12,13
12,45
12,67
12,78
12,80
12,126
12,150
12,164
12,165
12,179
12,180
12,219
12,225
12,227
12,234
12,237
12,270
12,281
12,283
12,286
12,340
12,360
12,372
12,442
12,456
12,508
12,513
12,514
12,532
12,536
12,542
12,553
12,580
12,597
12,605
12,621
12,650
12,653
12,660
12,661
12,666
12,683
12,689
12,719
12,738
12,778
12,780
12,786
12,794
12,813
12,815
12,827
12,830
12,842
12,843
12,853
12,862
12,874
12,876
12,894
12,897
12,907
12,917
12,925
12,934
12,950
12,952
13,27
13,60
13,65
13,73
13,100
13,144
13,157
13,193
13,390
13,411
13,476
13,481
13,492
13,494
13,547
13,576
13,603
13,616
13,623
13,642
13,724
13,727
13,743
13,756
13,776
13,782
13,783
13,820
13,878
13,952
13,991
13,996
14,27
14,34
14,44
14,60
14,80
14,82
14,87
14,114
14,156
14,167
14,215
14,218
14,235
14,286
14,289
14,302
14,317
14,318
14,360
14,363
14,376
14,420
14,435
14,447
14,460
14,463
14,465
14,471
14,501
14,511
14,523
14,562
14,574
14,587
14,604
14,621
14,643
14,650
14,689
14,698
14,700
14,740
14,752
14,795
14,827
14,830
14,833
14,837
14,841
14,849
14,851
14,865
14,876
14,890
14,929
14,935
14,956
14,964
14,980
15,75
15,76
15,89
15,122
15,141
15,165
15,235
15,278
15,288
15,378
15,406
15,428
15,453
15,467
15,472
15,515
15,520
15,543
15,557
15,572
15,591
15,597
15,599
15,616
15,617
15,625
15,632
15,634
15,653
15,655
15,662
15,689
15,691
15,693
15,716
15,726
15,738
15,748
15,754
15,757
15,792
15,826
15,850
15,857
15,860
15,889
15,894
15,941
15,943
15,992
16,28
16,35
16,83
16,195
16,197
16,226
16,247
16,282
16,338
16,344
16,348
16,367
16,396
16,428
16,436
16,464
16,478
16,504
16,512
16,518
16,602
16,605
16,607
16,655
16,683
16,684
16,694
16,695
16,699
16,727
16,744
16,745
16,749
16,767
16,774
16,798
16,813
16,831
16,881
16,898
16,906
16,954
16,964
16,994
17,176
17,224
17,294
17,376
17,387
17,397
17,433
17,438
17,502
17,572
17,594
17,644
17,698
17,725
17,769
17,880
17,888
18,40
18,56
18,70
18,82
18,129
18,149
18,150
18,180
18,185
18,264
18,266
18,279
18,285
18,291
18,327
18,329
18,337
18,351
18,373
18,390
18,396
18,415
18,416
18,431
18,434
18,437
18,452
18,454
18,456
18,457
18,476
18,485
18,487
18,488
18,499
18,509
18,530
18,536
18,552
18,588
18,595
18,628
18,635
18,638
18,641
18,660
18,697
18,706
18,707
18,751
18,756
18,758
18,766
18,773
18,800
18,805
18,808
18,817
18,825
18,830
18,840
18,859
18,874
18,886
18,906
18,927
18,946
18,947
18,960
18,967
18,971
18,972
18,975
18,995
19,70
19,96
19,148
19,217
19,244
19,251
19,284
19,290
19,316
19,342
19,347
19,386
19,395
19,498
19,597
19,664
19,743
19,756
19,767
19,921
19,976
19,996
20,21
20,30
20,32
20,39
20,57
20,128
20,143
20,165
20,178
20,216
20,247
20,259
20,263
20,267
20,306
20,314
20,348
20,368
20,399
20,450
20,482
20,535
20,570
20,571
20,591
20,599
20,605
20,622
20,629
20,636
20,686
20,688
20,689
20,711
20,741
20,747
20,767
20,772
20,773
20,787
20,806
20,819
20,906
20,907
20,919
20,964
20,972
21,28
21,32
21,83
21,99
21,128
21,143
21,163
21,183
21,185
21,216
21,240
21,256
21,309
21,348
21,390
21,403
21,467
21,636
21,654
21,663
21,717
21,744
21,767
21,770
21,771
21,778
21,828
21,860
21,918
21,919
21,947
21,960
22,56
22,69
22,110
22,256
22,282
22,288
22,306
22,312
22,313
22,320
22,345
22,394
22,395
22,405
22,408
22,420
22,434
22,493
22,516
22,569
22,596
22,622
22,632
22,655
22,662
22,861
22,907
22,921
22,946
22,953
22,987
23,42
23,55
23,69
23,93
23,115
23,207
23,277
23,418
23,445
23,495
23,506
23,527
23,552
23,584
23,619
23,665
23,731
23,785
23,814
23,883
23,904
23,927
23,967
24,33
24,51
24,77
24,142
24,170
24,212
24,264
24,294
24,297
24,305
24,325
24,339
24,406
24,420
24,436
24,462
24,489
24,494
24,555
24,557
24,560
24,581
24,589
24,594
24,608
24,631
24,639
24,658
24,663
24,674
24,690
24,709
24,718
24,729
24,733
24,750
24,795
24,796
24,801
24,802
24,812
24,832
24,836
24,862
24,880
24,885
24,916
24,923
24,974
24,975
25,56
25,114
25,152
25,190
25,260
25,307
25,335
25,364
25,366
25,412
25,433
25,446
25,451
25,479
25,541
25,560
25,588
25,648
25,679
25,777
25,788
25,805
25,873
25,884
25,927
25,938
25,967
26,29
26,33
26,34
26,53
26,77
26,86
26,99
26,115
26,120
26,133
26,204
26,206
26,211
26,218
26,242
26,295
26,300
26,340
26,417
26,435
26,437
26,463
26,471
26,486
26,487
26,499
26,511
26,542
26,550
26,551
26,561
26,670
26,681
26,696
26,699
26,705
26,724
26,726
26,761
26,769
26,790
26,794
26,824
26,839
26,859
26,866
26,914
26,934
26,938
26,942
26,945
26,962
26,970
26,973
27,58
27,80
27,87
27,94
27,126
27,144
27,167
27,193
27,201
27,218
27,220
27,221
27,224
27,252
27,253
27,276
27,287
27,298
27,302
27,310
27,318
27,321
27,324
27,334
27,363
27,435
27,494
27,542
27,551
27,554
27,562
27,579
27,604
27,621
27,623
27,650
27,667
27,669
27,683
27,696
27,726
27,753
27,782
27,793
27,807
27,816
27,823
27,833
27,837
27,847
27,867
27,870
27,876
27,884
27,925
27,929
27,952
27,956
27,958
27,981
27,990
27,991
28,30
28,35
28,128
28,143
28,165
28,217
28,226
28,229
28,247
28,263
28,266
28,268
28,309
28,348
28,373
28,385
28,434
28,452
28,467
28,479
28,511
28,521
28,543
28,570
28,605
28,606
28,622
28,629
28,636
28,695
28,720
28,744
28,755
28,813
28,880
28,881
28,906
28,918
28,960
28,964
29,56
29,64
29,71
29,79
29,136
29,196
29,206
29,245
29,252
29,294
29,295
29,296
29,300
29,341
29,380
29,417
29,437
29,463
29,468
29,486
29,499
29,526
29,556
29,572
29,575
29,613
29,685
29,696
29,765
29,766
29,792
29,869
29,912
29,914
29,942
30,83
30,94
30,135
30,138
30,165
30,175
30,207
30,210
30,216
30,226
30,228
30,229
30,232
30,236
30,247
30,259
30,266
30,278
30,295
30,299
30,309
30,330
30,338
30,368
30,373
30,450
30,482
30,489
30,509
30,566
30,567
30,570
30,573
30,574
30,605
30,622
30,629
30,654
30,693
30,695
30,697
30,726
30,741
30,748
30,754
30,764
30,787
30,828
30,849
30,880
30,885
30,906
30,907
30,914
30,919
30,927
30,929
30,951
30,955
31,60
31,111
31,144
31,179
31,276
31,281
31,456
31,489
31,498
31,505
31,553
31,631
31,701
31,786
31,848
31,861
31,876
31,915
32,36
32,73
32,90
32,99
32,103
32,113
32,135
32,138
32,143
32,174
32,175
32,199
32,216
32,236
32,251
32,263
32,283
32,342
32,355
32,368
32,385
32,397
32,419
32,467
32,521
32,570
32,571
32,622
32,636
32,650
32,684
32,692
32,695
32,711
32,717
32,741
32,747
32,766
32,789
32,794
32,806
32,821
32,826
32,879
32,907
32,918
32,953
32,955
32,987
33,44
33,47
33,54
33,66
33,84
33,115
33,118
33,150
33,154
33,181
33,185
33,196
33,199
33,274
33,275
33,280
33,294
33,296
33,300
33,336
33,353
33,391
33,400
33,426
33,438
33,441
33,449
33,460
33,463
33,468
33,476
33,477
33,486
33,499
33,515
33,517
33,524
33,534
33,538
33,555
33,556
33,557
33,561
33,572
33,584
33,617
33,621
33,628
33,638
33,644
33,723
33,733
33,746
33,760
33,764
33,769
33,788
33,799
33,821
33,836
33,859
33,860
33,866
33,880
33,881
33,900
33,905
33,913
33,934
33,938
33,944
33,958
33,974
34,47
34,77
34,100
34,122
34,165
34,167
34,224
34,236
34,252
34,258
34,279
34,308
34,318
34,376
34,380
34,410
34,413
34,460
34,469
34,473
34,475
34,476
34,487
34,504
34,505
34,523
34,531
34,560
34,586
34,636
34,649
34,669
34,670
34,681
34,695
34,700
34,719
34,720
34,737
34,761
34,765
34,797
34,799
34,824
34,825
34,923
34,925
34,933
34,935
34,936
34,959
34,980
35,36
35,49
35,53
35,62
35,72
35,74
35,83
35,115
35,123
35,165
35,183
35,185
35,195
35,226
35,231
35,259
35,264
35,266
35,268
35,270
35,285
35,299
35,336
35,338
35,345
35,367
35,385
35,387
35,406
35,416
35,474
35,478
35,490
35,506
35,512
35,574
35,654
35,658
35,708
35,709
35,754
35,789
35,813
35,828
35,838
35,870
35,882
35,887
35,896
35,898
35,906
35,908
35,922
35,947
35,951
35,958
35,961
35,972
35,984
36,62
36,99
36,148
36,175
36,229
36,236
36,256
36,263
36,267
36,271
36,288
36,320
36,338
36,368
36,521
36,598
36,632
36,655
36,660
36,711
36,748
36,767
36,772
36,774
36,789
36,857
36,895
36,901
36,918
36,919
36,953
36,955
36,960
36,987
37,62
37,108
37,366
37,374
37,479
37,533
37,538
37,560
37,561
37,639
37,746
37,839
37,968
38,39
38,43
38,207
38,248
38,269
38,294
38,389
38,395
38,416
38,423
38,431
38,434
38,478
38,486
38,508
38,547
38,549
38,621
38,693
38,694
38,746
38,762
38,773
38,823
38,878
38,915
38,921
38,932
38,935
38,961
38,970
38,999
39,60
39,63
39,203
39,219
39,228
39,234
39,291
39,342
39,389
39,399
39,456
39,483
39,493
39,536
39,549
39,575
39,614
39,631
39,659
39,741
39,756
39,762
39,777
39,827
39,921
39,950
39,999
40,44
40,63
40,74
40,81
40,83
40,107
40,112
40,137
40,154
40,217
40,260
40,263
40,270
40,337
40,340
40,342
40,363
40,395
40,401
40,405
40,415
40,419
40,420
40,425
40,456
40,466
40,483
40,488
40,493
40,496
40,501
40,526
40,569
40,620
40,621
40,631
40,633
40,676
40,713
40,721
40,726
40,734
40,736
40,739
40,766
40,782
40,840
40,928
40,934
40,947
41,86
41,113
41,169
41,194
41,200
41,313
41,320
41,332
41,342
41,378
41,392
41,467
41,472
41,505
41,558
41,688
41,689
41,710
41,748
41,804
41,850
41,863
41,961
41,991
42,79
42,119
42,126
42,134
42,142
42,150
42,151
42,180
42,186
42,212
42,241
42,297
42,301
42,358
42,374
42,441
42,443
42,489
42,492
42,500
42,539
42,540
42,541
42,555
42,557
42,564
42,581
42,583
42,589
42,592
42,608
42,667
42,675
42,690
42,728
42,732
42,750
42,760
42,788
42,796
42,801
42,802
42,814
42,836
42,862
42,865
42,885
42,913
42,923
42,925
42,949
43,44
43,45
43,54
43,78
43,87
43,115
43,126
43,132
43,136
43,144
43,148
43,159
43,164
43,203
43,211
43,212
43,224
43,272
43,276
43,279
43,316
43,324
43,330
43,346
43,349
43,359
43,363
43,380
43,420
43,449
43,453
43,460
43,493
43,498
43,501
43,508
43,509
43,522
43,523
43,532
43,551
43,576
43,580
43,586
43,613
43,614
43,621
43,631
43,643
43,644
43,647
43,650
43,657
43,661
43,674
43,675
43,683
43,689
43,690
43,701
43,724
43,738
43,742
43,752
43,761
43,763
43,779
43,784
43,786
43,794
43,799
43,807
43,815
43,824
43,830
43,833
43,835
43,847
43,851
43,853
43,856
43,867
43,888
43,889
43,925
43,942
43,962
43,971
43,990
44,96
44,117
44,181
44,182
44,235
44,270
44,298
44,307
44,324
44,363
44,416
44,465
44,498
44,551
44,679
44,683
44,752
44,778
44,793
44,851
44,908
44,965
45,47
45,58
45,93
45,105
45,109
45,218
45,224
45,225
45,235
45,252
45,283
45,287
45,291
45,317
45,349
45,382
45,394
45,402
45,460
45,473
45,476
45,580
45,597
45,604
45,618
45,643
45,647
45,669
45,683
45,700
45,716
45,719
45,752
45,760
45,791
45,794
45,858
45,859
45,872
45,926
45,935
45,956
45,959
46,49
46,73
46,95
46,102
46,107
46,147
46,186
46,329
46,440
46,457
46,495
46,506
46,639
46,680
46,702
46,712
46,730
46,781
46,829
46,834
46,849
46,931
46,950
47,109
47,261
47,284
47,299
47,302
47,308
47,321
47,341
47,349
47,382
47,393
47,402
47,413
47,439
47,464
47,469
47,473
47,475
47,487
47,510
47,531
47,542
47,609
47,662
47,669
47,670
47,690
47,700
47,715
47,719
47,738
47,761
47,795
47,837
47,854
47,876
47,952
47,959
47,980
47,981
47,999
48,143
48,159
48,160
48,165
48,186
48,192
48,195
48,212
48,245
48,257
48,258
48,278
48,285
48,327
48,335
48,340
48,356
48,369
48,383
48,396
48,403
48,407
48,457
48,461
48,464
48,465
48,495
48,507
48,509
48,524
48,548
48,554
48,571
48,606
48,617
48,629
48,686
48,706
48,734
48,735
48,745
48,754
48,785
48,797
48,809
48,828
48,834
48,838
48,864
48,922
48,927
48,947
48,949
48,955
49,72
49,104
49,110
49,156
49,160
49,163
49,187
49,197
49,210
49,222
49,231
49,274
49,299
49,327
49,367
49,399
49,457
49,474
49,504
49,512
49,518
49,567
49,622
49,629
49,697
49,704
49,708
49,711
49,751
49,770
49,806
49,848
49,868
49,908
49,909
49,931
49,951
49,994
50,58
50,61
50,71
50,77
50,161
50,164
50,170
50,176
50,190
50,208
50,266
50,294
50,295
50,325
50,364
50,377
50,380
50,404
50,438
50,455
50,463
50,470
50,499
50,508
50,511
50,514
50,561
50,644
50,661
50,667
50,690
50,742
50,765
50,854
50,865
50,883
50,914
50,972
50,979
51,147
51,155
51,158
51,198
51,205
51,212
51,222
51,309
51,327
51,358
51,384
51,424
51,436
51,441
51,500
51,573
51,583
51,590
51,592
51,610
51,611
51,624
51,648
51,682
51,729
51,732
51,741
51,750
51,768
51,804
51,844
51,869
51,883
51,904
51,949
51,956
51,963
52,56
52,92
52,118
52,119
52,225
52,256
52,294
52,304
52,314
52,335
52,360
52,364
52,396
52,407
52,421
52,431
52,451
52,461
52,478
52,482
52,488
52,504
52,513
52,588
52,598
52,625
52,641
52,675
52,684
52,712
52,753
52,773
52,780
52,787
52,817
52,898
52,925
52,927
52,951
53,89
53,91
53,94
53,139
53,184
53,194
53,225
53,243
53,371
53,406
53,428
53,434
53,520
53,526
53,597
53,607
53,643
53,651
53,653
53,689
53,691
53,697
53,710
53,757
53,766
53,777
53,850
53,877
53,879
53,921
53,932
53,938
53,941
53,947
53,991
54,55
54,84
54,87
54,94
54,108
54,120
54,126
54,141
54,164
54,181
54,183
54,201
54,208
54,248
54,280
54,284
54,311
54,349
54,372
54,405
54,416
54,437
54,446
54,475
54,498
54,532
54,542
54,550
54,575
54,592
54,622
54,628
54,637
54,645
54,674
54,683
54,696
54,701
54,716
54,759
54,778
54,780
54,815
54,828
54,842
54,845
54,855
54,859
54,874
54,876
54,906
54,912
54,925
54,942
54,966
54,968
54,971
54,988
55,81
55,95
55,139
55,185
55,238
55,257
55,366
55,399
55,406
55,418
55,434
55,445
55,495
55,501
55,507
55,512
55,514
55,602
55,619
55,644
55,652
55,689
55,698
55,705
55,710
55,712
55,731
55,754
55,766
55,794
55,800
55,877
55,899
55,908
55,909
55,944
55,967
56,108
56,119
56,185
56,190
56,205
56,234
56,240
56,263
56,266
56,285
56,291
56,304
56,326
56,327
56,330
56,335
56,337
56,364
56,367
56,369
56,375
56,426
56,427
56,431
56,433
56,451
56,479
56,531
56,541
56,588
56,613
56,620
56,628
56,639
56,662
56,675
56,687
56,707
56,720
56,730
56,735
56,754
56,781
56,787
56,800
56,809
56,827
56,835
56,838
56,844
56,881
56,898
56,903
56,913
56,927
56,943
56,949
56,950
56,975
57,76
57,88
57,92
57,130
57,143
57,189
57,200
57,243
57,288
57,328
57,392
57,428
57,472
57,490
57,516
57,520
57,536
57,543
57,567
57,574
57,577
57,579
57,600
57,612
57,615
57,658
57,688
57,691
57,693
57,710
57,748
57,774
57,818
57,819
57,845
57,860
57,863
57,877
57,927
57,961
58,96
58,146
58,181
58,217
58,220
58,224
58,235
58,289
58,307
58,317
58,349
58,373
58,435
58,437
58,490
58,494
58,551
58,563
58,604
58,621
58,623
58,647
58,661
58,683
58,700
58,719
58,752
58,753
58,761
58,784
58,815
58,837
58,847
58,851
58,886
58,890
58,929
58,986
59,106
59,149
59,223
59,381
59,436
59,573
59,611
59,654
59,657
59,732
59,788
59,802
59,844
59,865
59,869
59,891
59,904
59,949
59,970
60,64
60,76
60,78
60,151
60,154
60,156
60,167
60,169
60,189
60,234
60,313
60,333
60,340
60,344
60,376
60,389
60,410
60,414
60,428
60,435
60,456
60,459
60,468
60,483
60,493
60,508
60,526
60,536
60,547
60,549
60,551
60,613
60,620
60,621
60,626
60,631
60,642
60,644
60,653
60,660
60,683
60,727
60,753
60,757
60,762
60,772
60,786
60,820
60,828
60,889
60,903
60,918
60,934
60,938
60,942
60,965
60,982
60,999
61,64
61,94
61,182
61,202
61,270
61,290
61,316
61,412
61,447
61,459
61,547
61,579
61,613
61,623
61,664
61,736
61,776
61,886
61,976
61,996
62,99
62,110
62,150
62,175
62,226
62,256
62,267
62,312
62,332
62,408
62,434
62,467
62,481
62,505
62,516
62,521
62,566
62,596
62,598
62,605
62,628
62,629
62,631
62,640
62,651
62,671
62,739
62,748
62,755
62,756
62,767
62,772
62,821
62,850
62,908
62,918
62,927
62,945
62,955
62,982
62,987
62,992
63,219
63,257
63,263
63,345
63,371
63,403
63,405
63,425
63,463
63,721
63,723
63,736
63,737
63,766
63,777
63,780
63,840
63,934
64,83
64,122
64,130
64,144
64,151
64,203
64,244
64,269
64,290
64,294
64,301
64,316
64,371
64,375
64,438
64,529
64,542
64,547
64,597
64,613
64,626
64,651
64,664
64,678
64,710
64,715
64,722
64,743
64,762
64,820
64,821
64,876
64,878
64,886
64,897
64,932
64,960
64,965
64,972
64,982
64,993
64,996
65,96
65,117
65,214
65,272
65,376
65,386
65,408
65,494
65,525
65,562
65,584
65,634
65,647
65,659
65,716
65,734
65,753
65,793
65,811
65,853
65,958
65,965
66,84
66,92
66,145
66,223
66,245
66,248
66,275
66,350
66,374
66,393
66,397
66,429
66,462
66,509
66,517
66,538
66,575
66,609
66,734
66,811
66,864
66,865
66,891
66,897
66,966
66,997
67,103
67,123
67,156
67,163
67,186
67,188
67,195
67,197
67,209
67,210
67,231
67,238
67,274
67,275
67,299
67,314
67,379
67,399
67,411
67,440
67,452
67,471
67,474
67,478
67,495
67,500
67,504
67,518
67,562
67,571
67,604
67,635
67,707
67,735
67,754
67,763
67,807
67,808
67,828
67,834
67,848
67,864
67,868
67,870
67,872
67,879
67,899
67,931
67,961
67,966
67,973
67,974
67,984
68,133
68,170
68,216
68,224
68,248
68,255
68,294
68,295
68,298
68,339
68,343
68,363
68,380
68,387
68,397
68,438
68,483
68,499
68,511
68,537
68,555
68,556
68,561
68,667
68,673
68,685
68,780
68,905
68,912
68,923
68,936
69,113
69,135
69,137
69,228
69,251
69,288
69,345
69,395
69,470
69,501
69,516
69,529
69,615
69,656
69,693
69,763
69,766
69,821
69,901
69,903
69,921
69,991
69,993
70,81
70,82
70,122
70,128
70,137
70,139
70,144
70,187
70,191
70,193
70,228
70,233
70,239
70,244
70,290
70,315
70,329
70,362
70,364
70,371
70,388
70,389
70,447
70,520
70,529
70,569
70,597
70,603
70,605
70,608
70,612
70,664
70,689
70,691
70,711
70,717
70,726
70,777
70,817
70,820
70,836
70,837
70,873
70,897
70,945
70,993
70,996
71,107
71,116
71,118
71,157
71,171
71,196
71,199
71,208
71,236
71,262
71,294
71,298
71,300
71,374
71,389
71,393
71,397
71,425
71,431
71,437
71,456
71,460
71,489
71,492
71,504
71,528
71,540
71,546
71,557
71,560
71,581
71,583
71,593
71,594
71,620
71,627
71,657
71,660
71,714
71,719
71,785
71,796
71,832
71,836
71,862
71,865
71,874
71,882
71,891
71,899
71,902
71,905
71,916
71,927
71,940
71,942
71,963
71,971
72,75
72,112
72,125
72,148
72,183
72,188
72,229
72,290
72,312
72,314
72,352
72,440
72,452
72,506
72,507
72,518
72,533
72,541
72,549
72,567
72,671
72,706
72,770
72,798
72,806
72,848
72,868
72,871
72,898
72,947
72,974
73,93
73,160
73,186
73,349
73,399
73,495
73,668
73,680
73,720
73,834
73,874
73,882
73,950
73,954
73,987
74,98
74,134
74,188
74,257
74,263
74,276
74,333
74,340
74,405
74,468
74,493
74,496
74,498
74,701
74,721
74,733
74,766
74,840
74,878
74,879
74,975
75,163
75,175
75,183
75,229
75,238
75,247
75,282
75,327
75,351
75,419
75,485
75,512
75,567
75,607
75,640
75,659
75,675
75,684
75,695
75,707
75,770
75,798
75,848
75,885
75,907
75,937
75,951
75,954
75,960
75,964
75,968
76,89
76,90
76,118
76,130
76,169
76,244
76,256
76,276
76,282
76,286
76,327
76,344
76,345
76,378
76,394
76,428
76,434
76,456
76,543
76,566
76,615
76,632
76,658
76,660
76,661
76,688
76,689
76,691
76,693
76,748
76,774
76,784
76,789
76,857
76,860
76,887
76,932
77,169
77,206
77,255
77,279
77,330
77,377
77,382
77,384
77,417
77,453
77,469
77,470
77,505
77,511
77,531
77,580
77,635
77,641
77,670
77,724
77,825
77,851
77,854
77,957
78,141
78,150
78,156
78,179
78,180
78,208
78,219
78,227
78,252
78,270
78,276
78,281
78,286
78,287
78,300
78,317
78,346
78,362
78,455
78,456
78,473
78,498
78,532
78,536
78,553
78,613
78,616
78,623
78,650
78,652
78,657
78,661
78,715
78,759
78,773
78,842
78,843
78,853
78,867
78,874
78,917
78,925
78,934
78,964
78,980
78,983
79,84
79,118
79,124
79,140
79,147
79,154
79,174
79,195
79,199
79,213
79,264
79,279
79,289
79,323
79,374
79,384
79,414
79,423
79,426
79,429
79,432
79,445
79,451
79,462
79,468
79,491
79,495
79,517
79,522
79,534
79,563
79,571
79,608
79,632
79,636
79,639
79,652
79,683
79,716
79,719
79,734
79,778
79,809
79,844
79,920
79,923
79,925
79,963
80,109
80,120
80,218
80,220
80,248
80,252
80,261
80,275
80,298
80,317
80,349
80,382
80,387
80,402
80,413
80,435
80,455
80,461
80,469
80,473
80,476
80,487
80,515
80,530
80,542
80,546
80,573
80,575
80,576
80,614
80,616
80,621
80,623
80,643
80,649
80,661
80,670
80,690
80,750
80,777
80,784
80,794
80,807
80,824
80,837
80,841
80,896
80,933
80,956
80,971
81,88
81,94
81,106
81,107
81,116
81,142
81,155
81,157
81,158
81,169
81,173
81,176
81,198
81,207
81,230
81,234
81,274
81,277
81,305
81,322
81,323
81,331
81,334
81,357
81,369
81,379
81,384
81,418
81,423
81,424
81,432
81,442
81,451
81,461
81,462
81,472
81,474
81,527
81,538
81,539
81,540
81,541
81,556
81,564
81,583
81,584
81,608
81,620
81,627
81,630
81,644
81,665
81,705
81,720
81,724
81,730
81,731
81,758
81,760
81,764
81,770
81,788
81,796
81,803
81,804
81,805
81,807
81,811
81,812
81,813
81,814
81,822
81,844
81,865
81,870
81,883
81,893
81,923
81,939
81,948
81,963
81,966
81,977
81,995
81,997
82,107
82,118
82,140
82,154
82,177
82,205
82,210
82,244
82,254
82,258
82,326
82,327
82,374
82,395
82,423
82,426
82,429
82,492
82,554
82,581
82,592
82,630
82,656
82,679
82,685
82,734
82,760
82,778
82,834
82,866
83,104
83,128
83,165
83,183
83,188
83,216
83,226
83,264
83,268
83,299
83,301
83,348
83,351
83,362
83,367
83,385
83,422
83,464
83,512
83,513
83,554
83,567
83,607
83,636
83,684
83,695
83,697
83,710
83,746
83,787
83,798
83,829
83,870
83,880
83,896
83,906
83,954
83,955
83,982
83,997
84,124
84,136
84,142
84,154
84,164
84,195
84,196
84,199
84,223
84,260
84,304
84,343
84,353
84,380
84,411
84,462
84,509
84,512
84,517
84,528
84,534
84,538
84,555
84,560
84,608
84,617
84,623
84,639
84,663
84,682
84,690
84,693
84,694
84,696
84,709
84,718
84,766
84,767
84,790
84,796
84,808
84,815
84,862
84,902
84,924
84,959
84,972
84,995
84,997
85,98
85,122
85,129
85,130
85,228
85,274
85,278
85,306
85,320
85,425
85,427
85,430
85,451
85,482
85,496
85,598
85,625
85,652
85,655
85,727
85,763
85,772
85,789
85,857
85,870
85,881
85,918
85,919
85,947
85,972
86,127
86,144
86,148
86,162
86,169
86,202
86,210
86,215
86,243
86,332
86,344
86,362
86,472
86,503
86,510
86,520
86,578
86,582
86,599
86,615
86,664
86,666
86,710
86,756
86,761
86,771
86,863
86,925
86,996
87,201
87,225
87,235
87,287
87,310
87,321
87,349
87,360
87,363
87,369
87,420
87,442
87,460
87,471
87,484
87,494
87,503
87,562
87,565
87,567
87,569
87,580
87,649
87,670
87,673
87,674
87,683
87,752
87,761
87,762
87,766
87,782
87,784
87,791
87,807
87,837
87,847
87,854
87,859
87,876
87,890
87,910
87,925
87,952
87,958
87,981
88,93
88,101
88,111
88,115
88,116
88,118
88,119
88,149
88,198
88,258
88,274
88,280
88,292
88,303
88,323
88,326
88,350
88,377
88,423
88,457
88,461
88,527
88,533
88,539
88,593
88,594
88,595
88,630
88,699
88,758
88,760
88,764
88,797
88,808
88,812
88,852
88,855
88,874
88,887
88,939
88,995
89,90
89,106
89,130
89,139
89,162
89,169
89,184
89,200
89,210
89,215
89,237
89,243
89,263
89,295
89,332
89,378
89,392
89,408
89,472
89,495
89,515
89,518
89,543
89,591
89,606
89,632
89,678
89,688
89,730
89,757
89,789
89,818
89,841
89,845
89,855
89,860
89,927
89,931
89,937
89,941
89,961
89,969
89,988
89,996
90,139
90,148
90,172
90,175
90,179
90,184
90,200
90,243
90,251
90,273
90,301
90,347
90,378
90,388
90,414
90,438
90,472
90,515
90,548
90,591
90,597
90,654
90,662
90,688
90,691
90,707
90,756
90,771
90,772
90,850
90,854
90,863
90,873
90,961
91,106
91,111
91,116
91,119
91,148
91,149
91,158
91,254
91,257
91,357
91,390
91,422
91,491
91,584
91,589
91,619
91,651
91,657
91,698
91,706
91,736
91,750
91,768
91,785
91,812
91,902
91,944
91,948
91,995
92,119
92,175
92,185
92,192
92,236
92,240
92,256
92,266
92,285
92,286
92,304
92,356
92,369
92,383
92,396
92,399
92,403
92,407
92,415
92,431
92,433
92,442
92,451
92,462
92,464
92,473
92,474
92,478
92,512
92,521
92,524
92,554
92,569
92,588
92,602
92,606
92,613
92,625
92,632
92,633
92,646
92,648
92,654
92,677
92,693
92,697
92,705
92,712
92,722
92,723
92,739
92,745
92,749
92,754
92,800
92,818
92,825
92,836
92,848
92,893
92,898
92,899
92,904
92,908
92,914
92,960
92,967
92,975
92,983
92,998
93,108
93,111
93,119
93,127
93,164
93,183
93,197
93,207
93,274
93,277
93,318
93,323
93,327
93,330
93,350
93,369
93,404
93,406
93,418
93,461
93,472
93,491
93,500
93,506
93,507
93,509
93,545
93,552
93,652
93,654
93,682
93,703
93,707
93,709
93,731
93,732
93,758
93,785
93,797
93,805
93,809
93,812
93,838
93,855
93,864
93,911
93,920
93,939
93,946
93,975
93,977
94,113
94,117
94,122
94,148
94,159
94,182
94,200
94,225
94,226
94,251
94,270
94,272
94,273
94,281
94,290
94,315
94,325
94,371
94,373
94,404
94,411
94,464
94,484
94,503
94,515
94,525
94,543
94,562
94,579
94,582
94,585
94,597
94,603
94,634
94,641
94,675
94,689
94,756
94,771
94,776
94,783
94,807
94,811
94,820
94,821
94,823
94,849
94,851
94,856
94,857
94,866
94,868
94,877
94,886
94,894
94,903
94,943
94,971
95,102
95,155
95,168
95,192
95,268
95,329
95,336
95,356
95,381
95,398
95,399
95,403
95,432
95,440
95,640
95,652
95,668
95,680
95,698
95,699
95,707
95,731
95,745
95,775
95,797
95,812
95,879
95,897
95,994
96,117
96,121
96,144
96,145
96,153
96,201
96,276
96,280
96,284
96,293
96,342
96,362
96,377
96,386
96,447
96,453
96,459
96,460
96,494
96,498
96,517
96,549
96,562
96,575
96,585
96,600
96,603
96,623
96,634
96,642
96,644
96,674
96,716
96,753
96,793
96,804
96,820
96,823
96,856
96,879
96,959
96,963
96,996
97,100
97,109
97,175
97,218
97,224
97,235
97,302
97,317
97,402
97,413
97,439
97,448
97,460
97,469
97,473
97,475
97,510
97,522
97,559
97,604
97,609
97,618
97,649
97,669
97,700
97,719
97,795
97,799
97,816
97,833
97,837
97,901
97,913
97,926
97,936
97,952
97,957
97,959
97,980
97,982
97,985
98,165
98,226
98,228
98,233
98,256
98,320
98,335
98,442
98,485
98,535
98,543
98,563
98,568
98,574
98,628
98,675
98,689
98,690
98,749
98,751
98,772
98,809
98,892
98,946
98,947
99,156
99,160
99,175
99,184
99,256
99,312
99,368
99,390
99,406
99,446
99,467
99,468
99,521
99,566
99,574
99,578
99,655
99,658
99,660
99,673
99,711
99,748
99,767
99,821
99,826
99,875
99,919
99,947
99,953
99,955
99,992
100,109
100,155
100,164
100,167
100,224
100,225
100,276
100,302
100,308
100,317
100,380
100,382
100,413
100,439
100,460
100,469
100,473
100,475
100,505
100,530
100,559
100,563
100,586
100,604
100,618
100,643
100,669
100,670
100,683
100,715
100,719
100,724
100,761
100,791
100,795
100,833
100,846
100,854
100,867
100,891
100,925
100,926
100,929
100,952
100,980
101,119
101,127
101,257
101,292
101,322
101,326
101,336
101,406
101,433
101,458
101,507
101,554
101,599
101,619
101,652
101,703
101,709
101,714
101,731
101,785
101,809
101,812
101,868
101,882
101,909
101,922
101,924
101,966
101,983
102,116
102,160
102,186
102,192
102,197
102,328
102,403
102,427
102,457
102,668
102,680
102,697
102,699
102,730
102,781
102,834
102,837
102,872
102,906
102,977
103,125
103,186
103,188
103,210
103,314
103,367
103,396
103,440
103,452
103,474
103,475
103,476
103,506
103,507
103,512
103,518
103,522
103,665
103,735
103,758
103,770
103,836
103,868
103,871
103,899
103,974
103,984
103,995
104,110
104,135
104,147
104,156
104,163
104,183
104,197
104,229
104,236
104,342
104,351
104,367
104,373
104,506
104,512
104,567
104,607
104,694
104,704
104,708
104,781
104,787
104,798
104,806
104,881
104,954
104,964
104,979
105,109
105,167
105,218
105,287
105,302
105,303
105,317
105,376
105,410
105,448
105,460
105,475
105,490
105,510
105,559
105,563
105,568
105,580
105,604
105,669
105,719
105,724
105,734
105,761
105,795
105,815
105,820
105,858
105,867
105,890
105,919
105,952
105,956
105,985
106,134
106,147
106,155
106,177
106,205
106,212
106,223
106,242
106,245
106,294
106,297
106,327
106,334
106,379
106,381
106,384
106,413
106,421
106,424
106,436
106,487
106,539
106,560
106,590
106,594
106,611
106,657
106,682
106,690
106,718
106,719
106,729
106,732
106,750
106,760
106,796
106,804
106,808
106,836
106,844
106,883
106,904
106,933
106,949
106,963
106,966
107,115
107,118
107,172
107,174
107,177
107,257
107,258
107,274
107,327
107,357
107,423
107,426
107,429
107,461
107,540
107,584
107,639
107,660
107,690
107,720
107,734
107,754
107,764
107,785
107,834
107,902
107,966
107,968
107,995
108,114
108,115
108,120
108,150
108,170
108,213
108,260
108,317
108,326
108,335
108,337
108,339
108,341
108,347
108,359
108,366
108,373
108,386
108,400
108,402
108,421
108,431
108,433
108,437
108,451
108,460
108,470
108,476
108,499
108,506
108,512
108,565
108,588
108,602
108,614
108,617
108,628
108,631
108,633
108,645
108,680
108,746
108,759
108,788
108,789
108,790
108,794
108,808
108,862
108,865
108,902
108,905
108,920
108,955
108,968
108,971
108,979
108,983
108,995
109,167
109,172
109,213
109,279
109,281
109,287
109,317
109,325
109,337
109,343
109,382
109,402
109,410
109,413
109,448
109,460
109,469
109,484
109,505
109,510
109,559
109,563
109,564
109,580
109,669
109,719
109,785
109,791
109,795
109,808
109,816
109,824
109,833
109,836
109,837
109,851
109,867
109,926
109,929
109,952
109,956
109,959
109,980
109,985
110,123
110,135
110,150
110,181
110,183
110,188
110,227
110,266
110,338
110,367
110,407
110,408
110,412
110,440
110,457
110,488
110,506
110,512
110,535
110,554
110,567
110,640
110,671
110,697
110,699
110,704
110,708
110,714
110,770
110,797
110,800
110,804
110,848
110,896
110,954
111,118
111,149
111,154
111,155
111,173
111,188
111,198
111,207
111,226
111,254
111,274
111,292
111,323
111,423
111,458
111,462
111,507
111,524
111,537
111,545
111,571
111,584
111,625
111,630
111,646
111,652
111,679
111,709
111,735
111,758
111,764
111,781
111,785
111,788
111,812
111,814
111,822
111,852
111,853
111,855
111,883
111,972
112,123
112,165
112,192
112,197
112,209
112,226
112,229
112,285
112,304
112,329
112,356
112,369
112,398
112,399
112,474
112,504
112,508
112,571
112,584
112,668
112,706
112,730
112,735
112,806
112,809
112,834
112,848
112,868
112,879
112,893
112,895
112,936
112,973
112,989
113,130
113,137
113,142
113,182
113,184
113,187
113,189
113,251
113,271
113,282
113,286
113,288
113,320
113,342
113,345
113,361
113,378
113,394
113,395
113,428
113,520
113,543
113,548
113,577
113,596
113,598
113,643
113,650
113,656
113,665
113,691
113,693
113,739
113,741
113,789
113,807
113,840
113,860
113,873
113,903
113,953
113,969
114,115
114,126
114,190
114,222
114,270
114,327
114,337
114,366
114,412
114,432
114,433
114,458
114,499
114,554
114,560
114,635
114,651
114,665
114,687
114,758
114,768
114,779
114,802
114,804
114,808
114,820
114,878
114,884
114,925
114,962
114,971
114,979
115,120
115,213
115,223
115,233
115,269
115,270
115,277
115,308
115,327
115,345
115,366
115,370
115,400
115,405
115,412
115,425
115,430
115,442
115,446
115,450
115,499
115,513
115,533
115,561
115,572
115,573
115,579
115,584
115,617
115,625
115,633
115,637
115,639
115,650
115,709
115,710
115,723
115,745
115,754
115,758
115,772
115,808
115,825
115,840
115,898
115,904
115,914
115,920
115,942
115,946
115,959
115,968
115,973
115,977
115,979
115,997
116,149
116,155
116,158
116,175
116,188
116,241
116,249
116,274
116,291
116,294
116,327
116,357
116,411
116,464
116,542
116,544
116,554
116,562
116,630
116,650
116,753
116,758
116,764
116,785
116,788
116,796
116,804
116,812
116,822
116,844
116,883
116,885
116,910
116,923
116,948
116,966
116,995
117,153
117,182
117,185
117,186
117,214
117,217
117,218
117,219
117,221
117,232
117,235
117,248
117,260
117,269
117,301
117,310
117,321
117,326
117,362
117,371
117,386
117,389
117,391
117,428
117,437
117,456
117,459
117,460
117,484
117,487
117,490
117,494
117,523
117,532
117,536
117,547
117,551
117,585
117,587
117,599
117,603
117,604
117,616
117,621
117,623
117,626
117,634
117,672
117,710
117,713
117,720
117,726
117,731
117,753
117,755
117,762
117,776
117,782
117,784
117,793
117,795
117,807
117,808
117,820
117,823
117,853
117,889
117,915
117,926
117,958
117,962
117,978
117,980
117,981
118,127
118,129
118,140
118,141
118,149
118,154
118,172
118,174
118,177
118,195
118,200
118,254
118,258
118,263
118,277
118,297
118,305
118,322
118,326
118,327
118,331
118,370
118,379
118,384
118,406
118,423
118,429
118,432
118,437
118,488
118,509
118,522
118,540
118,594
118,595
118,646
118,671
118,690
118,719
118,734
118,737
118,758
118,760
118,764
118,785
118,788
118,803
118,805
118,808
118,814
118,836
118,846
118,855
118,860
118,923
118,946
119,127
119,170
119,177
119,207
119,246
119,257
119,277
119,285
119,295
119,303
119,323
119,328
119,350
119,385
119,422
119,429
119,445
119,461
119,474
119,491
119,495
119,535
119,545
119,552
119,571
119,595
119,617
119,627
119,669
119,671
119,703
119,706
119,709
119,731
119,736
119,741
119,754
119,758
119,768
119,785
119,796
119,805
119,809
119,812
119,822
119,827
119,855
119,884
119,911
119,949
120,164
120,170
120,181
120,196
120,206
120,211
120,218
120,296
120,308
120,341
120,359
120,395
120,437
120,469
120,477
120,496
120,499
120,510
120,530
120,538
120,542
120,551
120,572
120,621
120,641
120,696
120,734
120,780
120,784
120,811
120,859
120,866
120,891
120,936
120,938
120,942
120,956
120,968
120,971
121,141
121,253
121,284
121,375
121,498
121,547
121,613
121,616
121,628
121,647
121,716
121,753
121,961
121,965
121,975
122,187
122,189
122,218
122,234
122,244
122,266
122,269
122,271
122,290
122,315
122,320
122,338
122,344
122,345
122,360
122,388
122,433
122,451
122,459
122,464
122,490
122,497
122,503
122,520
122,543
122,574
122,597
122,599
122,651
122,653
122,664
122,693
122,748
122,756
122,811
122,820
122,877
122,895
122,932
122,941
122,943
122,961
122,986
122,991
122,996
123,143
123,156
123,163
123,209
123,210
123,231
123,278
123,314
123,329
123,398
123,399
123,403
123,424
123,474
123,504
123,506
123,518
123,524
123,567
123,584
123,605
123,640
123,699
123,707
123,730
123,770
123,868
123,872
123,895
123,899
123,913
123,931
123,951
123,960
123,974
123,992
124,152
124,176
124,196
124,223
124,261
124,370
124,374
124,426
124,441
124,462
124,528
124,533
124,538
124,540
124,734
124,862
124,888
124,902
124,940
125,150
125,156
125,163
125,188
125,192
125,209
125,210
125,273
125,314
125,418
125,440
125,474
125,533
125,567
125,571
125,600
125,665
125,682
125,691
125,707
125,753
125,806
125,864
125,868
125,871
125,899
125,937
125,954
125,956
125,964
125,974
125,984
126,133
126,141
126,142
126,150
126,181
126,191
126,196
126,209
126,245
126,247
126,260
126,265
126,270
126,280
126,293
126,296
126,299
126,302
126,330
126,400
126,401
126,405
126,435
126,456
126,462
126,499
126,509
126,574
126,605
126,614
126,617
126,628
126,637
126,638
126,641
126,645
126,669
126,682
126,721
126,723
126,739
126,740
126,746
126,759
126,777
126,778
126,780
126,785
126,842
126,859
126,866
126,874
126,908
126,914
126,925
126,929
126,938
126,971
126,979
127,174
127,198
127,257
127,322
127,350
127,354
127,374
127,422
127,445
127,507
127,527
127,552
127,584
127,588
127,593
127,619
127,641
127,698
127,703
127,709
127,714
127,731
127,736
127,775
127,860
127,887
127,909
127,939
127,968
128,361
128,450
128,461
128,469
128,535
128,570
128,622
128,629
128,635
128,636
128,741
128,747
128,756
128,772
128,792
128,849
128,903
128,907
129,135
129,138
129,175
129,217
129,251
129,259
129,278
129,299
129,306
129,352
129,385
129,409
129,504
129,535
129,655
129,695
129,705
129,726
129,763
129,830
129,857
129,875
129,896
129,907
129,961
129,997
130,143
130,166
130,175
130,243
130,267
130,288
130,291
130,315
130,320
130,360
130,394
130,428
130,452
130,490
130,548
130,558
130,596
130,615
130,632
130,651
130,655
130,658
130,678
130,684
130,689
130,693
130,703
130,726
130,748
130,756
130,774
130,789
130,821
130,824
130,857
130,860
130,892
130,894
130,924
130,929
130,943
130,954
130,971
131,147
131,155
131,165
131,176
131,205
131,212
131,230
131,241
131,254
131,305
131,319
131,331
131,431
131,495
131,500
131,583
131,608
131,624
131,631
131,728
131,732
131,733
131,750
131,801
131,804
131,814
131,832
131,836
131,844
131,855
131,865
131,869
131,873
131,891
131,910
131,913
131,922
131,945
131,949
131,952
131,963
132,151
132,159
132,169
132,182
132,193
132,216
132,301
132,344
132,360
132,362
132,375
132,389
132,411
132,459
132,463
132,481
132,483
132,490
132,505
132,525
132,529
132,553
132,603
132,616
132,639
132,664
132,689
132,713
132,759
132,776
132,783
132,807
132,808
132,817
132,820
132,828
132,847
132,871
132,886
132,969
132,978
132,992
133,245
133,255
133,294
133,300
133,325
133,370
133,380
133,438
133,455
133,463
133,499
133,505
133,511
133,670
133,696
133,871
133,880
133,959
134,142
134,170
134,241
134,246
134,300
134,353
134,387
134,444
134,478
134,511
134,533
134,539
134,542
134,549
134,557
134,584
134,592
134,594
134,608
134,673
134,718
134,719
134,721
134,725
134,733
134,760
134,796
134,801
134,808
134,832
134,864
134,891
134,940
135,138
135,191
135,257
135,264
135,278
135,282
135,288
135,345
135,352
135,353
135,385
135,430
135,450
135,482
135,513
135,516
135,566
135,598
135,605
135,612
135,618
135,622
135,629
135,636
135,637
135,648
135,654
135,658
135,689
135,697
135,711
135,741
135,763
135,772
135,789
135,849
135,851
135,870
135,898
135,906
135,955
135,972
135,999
136,171
136,181
136,196
136,206
136,211
136,230
136,233
136,234
136,253
136,294
136,295
136,325
136,343
136,431
136,538
136,550
136,685
136,701
136,736
136,790
136,847
136,854
136,916
137,139
137,146
137,167
137,185
137,187
137,189
137,239
137,244
137,290
137,298
137,299
137,306
137,313
137,344
137,373
137,378
137,385
137,387
137,388
137,395
137,401
137,411
137,414
137,428
137,431
137,471
137,497
137,506
137,518
137,543
137,547
137,549
137,569
137,574
137,597
137,612
137,655
137,658
137,684
137,693
137,716
137,726
137,751
137,757
137,792
137,798
137,811
137,824
137,838
137,873
137,874
137,877
137,921
137,941
137,943
137,947
137,982
137,988
137,991
137,993
138,165
138,236
138,266
138,273
138,278
138,338
138,376
138,396
138,415
138,450
138,454
138,485
138,519
138,568
138,640
138,654
138,675
138,686
138,727
138,741
138,770
138,832
138,849
138,896
138,926
138,995
139,175
139,184
139,194
139,200
139,243
139,251
139,288
139,378
139,515
139,578
139,591
139,615
139,666
139,688
139,691
139,692
139,818
139,850
139,894
139,932
139,961
139,969
140,149
140,154
140,170
140,174
140,196
140,255
140,258
140,326
140,328
140,369
140,374
140,377
140,379
140,426
140,429
140,462
140,509
140,545
140,581
140,707
140,734
140,741
140,788
140,816
140,820
140,824
140,836
140,930
140,966
141,175
141,181
141,219
141,270
141,281
141,283
141,293
141,337
141,488
141,553
141,560
141,575
141,577
141,588
141,602
141,613
141,614
141,621
141,631
141,637
141,639
141,753
141,778
141,780
141,799
141,874
141,905
141,925
141,929
141,956
141,968
142,144
142,157
142,170
142,171
142,176
142,205
142,230
142,275
142,294
142,300
142,330
142,370
142,387
142,406
142,492
142,502
142,511
142,555
142,557
142,560
142,573
142,582
142,583
142,589
142,594
142,608
142,660
142,665
142,669
142,690
142,718
142,720
142,729
142,733
142,760
142,801
142,832
142,836
142,844
142,853
142,880
142,891
142,905
142,916
142,923
142,940
142,942
142,971
143,154
143,188
143,200
143,216
143,226
143,233
143,247
143,278
143,288
143,338
143,348
143,368
143,373
143,419
143,440
143,501
143,577
143,605
143,629
143,636
143,655
143,658
143,684
143,695
143,704
143,711
143,726
143,741
143,744
143,789
143,811
143,815
143,831
143,873
143,881
143,893
143,918
143,927
143,937
143,954
143,955
143,960
143,991
143,998
144,148
144,153
144,179
144,187
144,191
144,221
144,228
144,290
144,330
144,339
144,340
144,345
144,371
144,388
144,401
144,414
144,459
144,490
144,526
144,529
144,542
144,597
144,601
144,613
144,616
144,617
144,637
144,642
144,651
144,659
144,674
144,683
144,747
144,752
144,773
144,786
144,818
144,873
144,909
144,970
144,993
144,996
145,146
145,207
145,211
145,224
145,261
145,266
145,343
145,349
145,359
145,374
145,377
145,380
145,417
145,469
145,486
145,649
145,718
145,740
145,794
145,833
145,854
145,912
145,927
145,936
145,957
146,153
146,220
146,227
146,235
146,282
146,330
146,377
146,420
146,449
146,510
146,562
146,661
146,752
146,784
146,786
146,794
146,799
146,816
146,837
146,841
146,847
146,867
146,874
146,936
146,953
146,962
146,965
146,986
147,205
147,212
147,241
147,246
147,254
147,274
147,303
147,339
147,387
147,397
147,436
147,441
147,475
147,489
147,492
147,500
147,539
147,555
147,564
147,573
147,611
147,673
147,709
147,728
147,732
147,750
147,807
147,832
147,836
147,844
147,862
147,869
147,870
147,880
147,885
147,887
147,904
147,910
147,923
147,934
147,940
147,945
147,949
147,963
147,995
148,162
148,169
148,183
148,184
148,194
148,202
148,224
148,234
148,236
148,244
148,251
148,344
148,345
148,347
148,363
148,371
148,472
148,484
148,497
148,498
148,503
148,525
148,526
148,543
148,597
148,599
148,662
148,664
148,678
148,700
148,710
148,757
148,807
148,824
148,863
148,875
148,877
148,894
148,928
148,932
148,941
148,943
148,991
148,996
149,160
149,172
149,173
149,188
149,198
149,212
149,260
149,274
149,275
149,292
149,298
149,323
149,326
149,327
149,370
149,418
149,423
149,426
149,451
149,461
149,491
149,492
149,506
149,539
149,545
149,584
149,593
149,617
149,627
149,636
149,639
149,679
149,701
149,734
149,735
149,758
149,764
149,808
149,809
149,812
149,822
149,838
149,841
149,852
149,898
149,925
149,947
149,949
150,156
150,181
150,189
150,213
150,291
150,299
150,304
150,337
150,400
150,409
150,468
150,522
150,574
150,617
150,620
150,625
150,628
150,635
150,639
150,641
150,646
150,652
150,754
150,767
150,800
150,817
150,825
150,859
150,867
150,898
150,908
150,927
150,937
150,946
151,159
151,177
151,182
151,193
151,269
151,273
151,279
151,288
151,290
151,301
151,311
151,372
151,392
151,410
151,411
151,459
151,484
151,490
151,522
151,603
151,613
151,616
151,623
151,626
151,647
151,658
151,662
151,713
151,716
151,776
151,793
151,807
151,877
151,893
151,976
151,978
151,991
152,285
152,328
152,373
152,478
152,479
152,520
152,574
152,595
152,637
152,746
152,800
152,835
152,896
152,926
153,162
153,193
153,201
153,269
153,284
153,286
153,347
153,364
153,411
153,435
153,447
153,459
153,547
153,553
153,582
153,626
153,642
153,650
153,678
153,683
153,713
153,719
153,743
153,761
153,820
153,825
153,856
153,903
153,932
153,991
153,996
154,157
154,160
154,203
154,292
154,327
154,367
154,374
154,375
154,397
154,400
154,412
154,424
154,468
154,479
154,509
154,533
154,538
154,552
154,553
154,560
154,617
154,620
154,628
154,635
154,639
154,646
154,650
154,655
154,682
154,697
154,700
154,705
154,723
154,726
154,766
154,768
154,780
154,866
154,886
154,910
154,920
154,966
154,977
155,158
155,167
155,205
155,207
155,212
155,241
155,246
155,274
155,296
155,323
155,357
155,358
155,371
155,424
155,452
155,476
155,478
155,491
155,492
155,506
155,527
155,539
155,573
155,625
155,635
155,646
155,654
155,660
155,667
155,679
155,720
155,733
155,760
155,764
155,785
155,788
155,802
155,804
155,812
155,844
155,869
155,901
155,908
155,913
155,923
155,949
156,183
156,188
156,209
156,238
156,268
156,299
156,316
156,351
156,367
156,407
156,419
156,431
156,474
156,495
156,504
156,506
156,512
156,534
156,567
156,591
156,629
156,650
156,671
156,684
156,739
156,753
156,766
156,770
156,787
156,788
156,801
156,806
156,825
156,834
156,838
156,848
156,871
156,893
156,951
156,954
156,964
157,171
157,174
157,196
157,223
157,275
157,330
157,374
157,393
157,432
157,444
157,447
157,489
157,528
157,627
157,685
157,775
157,810
157,830
157,862
157,902
157,905
157,963
157,997
158,160
158,161
158,172
158,212
158,246
158,254
158,277
158,305
158,334
158,403
158,423
158,424
158,436
158,441
158,480
158,539
158,573
158,630
158,657
158,665
158,720
158,725
158,729
158,788
158,812
158,844
158,904
158,923
158,948
158,995
159,164
159,182
159,278
159,284
159,375
159,411
159,413
159,475
159,490
159,579
159,585
159,603
159,616
159,623
159,753
159,776
159,883
159,886
159,889
159,928
159,968
159,978
160,166
160,183
160,185
160,186
160,195
160,209
160,226
160,236
160,238
160,278
160,285
160,302
160,304
160,319
160,329
160,336
160,356
160,383
160,403
160,406
160,451
160,457
160,458
160,464
160,476
160,482
160,495
160,496
160,504
160,515
160,524
160,552
160,571
160,584
160,608
160,641
160,648
160,654
160,665
160,668
160,697
160,698
160,707
160,708
160,709
160,712
160,725
160,735
160,754
160,760
160,770
160,775
160,813
160,834
160,864
160,872
160,879
160,887
160,895
160,900
160,909
160,922
160,927
160,931
160,939
160,951
160,977
160,998
161,170
161,242
161,303
161,305
161,334
161,369
161,379
161,384
161,432
161,537
161,539
161,546
161,552
161,608
161,679
161,682
161,728
161,760
161,785
161,796
161,802
161,923
162,189
162,194
162,200
162,201
162,202
162,236
162,251
162,288
162,330
162,378
162,395
162,503
162,515
162,560
162,599
162,651
162,666
162,678
162,680
162,691
162,707
162,716
162,757
162,821
162,877
162,961
163,186
163,188
163,192
163,209
163,210
163,222
163,231
163,268
163,299
163,314
163,422
163,440
163,457
163,504
163,505
163,518
163,522
163,652
163,668
163,694
163,704
163,707
163,730
163,751
163,770
163,781
163,785
163,797
163,806
163,810
163,828
163,838
163,848
163,868
163,871
163,872
163,879
163,895
163,907
163,951
163,984
164,181
164,199
164,248
164,272
164,281
164,318
164,330
164,341
164,391
164,395
164,413
164,437
164,449
164,505
164,508
164,526
164,542
164,545
164,548
164,575
164,576
164,614
164,621
164,631
164,661
164,778
164,782
164,798
164,799
164,830
164,854
164,867
164,874
164,897
164,985
164,986
165,178
165,183
165,199
165,226
165,228
165,236
165,238
165,266
165,278
165,282
165,286
165,304
165,338
165,352
165,354
165,357
165,385
165,390
165,395
165,396
165,414
165,424
165,430
165,431
165,452
165,454
165,481
165,482
165,488
165,492
165,501
165,513
165,524
165,548
165,560
165,584
165,592
165,603
165,605
165,606
165,619
165,625
165,629
165,632
165,636
165,658
165,660
165,694
165,712
165,736
165,749
165,767
165,772
165,773
165,788
165,807
165,812
165,870
165,898
165,903
165,908
165,925
165,972
165,998
166,175
166,234
166,333
166,373
166,395
166,408
166,428
166,434
166,452
166,472
166,501
166,632
166,656
166,658
166,673
166,693
166,748
166,756
166,772
166,774
166,789
166,821
166,857
166,873
166,943
166,960
166,992
167,200
167,218
167,223
167,225
167,235
167,255
167,287
167,308
167,317
167,384
167,388
167,402
167,410
167,431
167,435
167,460
167,468
167,476
167,487
167,511
167,528
167,546
167,609
167,672
167,700
167,716
167,719
167,752
167,795
167,799
167,824
167,867
167,929
167,935
167,952
167,956
167,981
168,197
168,285
168,305
168,349
168,429
168,495
168,539
168,602
168,686
168,698
168,714
168,736
168,828
168,838
168,849
168,909
168,922
168,975
169,177
169,200
169,202
169,215
169,243
169,251
169,273
169,313
169,315
169,332
169,344
169,347
169,378
169,459
169,481
169,484
169,494
169,497
169,507
169,525
169,547
169,577
169,582
169,591
169,597
169,599
169,613
169,616
169,662
169,666
169,678
169,710
169,716
169,753
169,756
169,757
169,771
169,821
169,850
169,877
169,884
169,894
169,898
169,932
169,961
169,976
169,986
170,205
170,230
170,237
170,246
170,300
170,387
170,392
170,419
170,484
170,489
170,502
170,561
170,564
170,583
170,592
170,718
170,725
170,732
170,733
170,734
170,772
170,801
170,803
170,808
170,832
170,865
170,880
170,891
170,916
170,928
171,242
171,262
171,270
171,274
171,366
171,374
171,393
171,505
171,528
171,538
171,539
171,540
171,546
171,557
171,560
171,594
171,801
171,802
171,836
171,862
171,902
171,905
172,212
172,241
172,294
172,305
172,334
172,379
172,424
172,539
172,551
172,573
172,588
172,630
172,652
172,663
172,689
172,690
172,720
172,729
172,732
172,781
172,802
172,804
172,809
172,812
172,830
172,840
172,844
172,846
172,883
172,949
172,963
172,995
173,198
173,274
173,323
173,336
173,399
173,461
173,491
173,518
173,584
173,593
173,702
173,758
173,764
173,785
173,808
173,939
174,177
174,246
174,258
174,305
174,331
174,384
174,400
174,423
174,426
174,432
174,443
174,509
174,539
174,540
174,581
174,630
174,758
174,760
174,768
174,785
174,803
174,812
174,952
174,966
175,215
175,256
175,267
175,288
175,312
175,320
175,329
175,332
175,335
175,338
175,341
175,368
175,373
175,408
175,428
175,461
175,467
175,478
175,496
175,521
175,566
175,570
175,574
175,577
175,578
175,617
175,622
175,629
175,653
175,667
175,676
175,693
175,739
175,767
175,774
175,789
175,829
175,837
175,857
175,873
175,908
175,918
175,919
175,935
175,953
175,970
175,987
175,992
175,996
176,228
176,230
176,255
176,294
176,339
176,370
176,397
176,462
176,469
176,489
176,502
176,546
176,555
176,583
176,604
176,649
176,713
176,718
176,725
176,844
176,846
176,865
176,880
176,885
176,891
176,905
176,940
176,959
176,966
176,986
177,240
177,258
177,274
177,323
177,340
177,379
177,422
177,423
177,424
177,426
177,459
177,477
177,482
177,484
177,489
177,499
177,540
177,573
177,574
177,594
177,627
177,628
177,646
177,716
177,758
177,768
177,779
177,808
177,812
177,843
177,852
177,872
177,911
177,920
177,924
177,939
177,940
177,977
177,995
178,228
178,236
178,266
178,278
178,299
178,320
178,335
178,338
178,385
178,482
178,519
178,535
178,605
178,655
178,686
178,712
178,721
178,736
178,748
178,755
178,772
178,798
178,828
178,849
178,867
178,870
178,896
178,898
178,907
178,919
178,948
178,972
178,975
178,994
178,998
179,213
179,270
179,276
179,281
179,376
179,385
179,456
179,480
179,490
179,508
179,529
179,532
179,549
179,553
179,575
179,613
179,614
179,649
179,650
179,652
179,659
179,661
179,674
179,761
179,766
179,786
179,823
179,830
179,851
179,953
180,191
180,219
180,228
180,230
180,245
180,270
180,275
180,281
180,317
180,415
180,416
180,436
180,455
180,480
180,508
180,520
180,532
180,553
180,576
180,613
180,631
180,639
180,649
180,650
180,661
180,701
180,721
180,762
180,807
180,830
180,853
180,874
180,897
180,922
180,925
180,932
180,954
180,969
181,196
181,204
181,213
181,245
181,270
181,284
181,294
181,295
181,296
181,300
181,362
181,377
181,404
181,421
181,422
181,437
181,456
181,468
181,477
181,478
181,487
181,498
181,499
181,510
181,523
181,531
181,550
181,561
181,564
181,571
181,576
181,603
181,641
181,650
181,661
181,669
181,746
181,751
181,756
181,780
181,785
181,788
181,790
181,797
181,807
181,812
181,844
181,859
181,866
181,867
181,874
181,880
181,905
181,914
181,926
181,938
181,971
181,972
181,973
182,269
182,273
182,312
182,324
182,338
182,360
182,389
182,401
182,459
182,554
182,568
182,579
182,597
182,603
182,613
182,664
182,771
182,778
182,856
182,886
182,897
182,960
182,978
183,188
183,192
183,209
183,226
183,238
183,268
183,299
183,326
183,327
183,338
183,348
183,367
183,393
183,419
183,504
183,506
183,512
183,535
183,567
183,600
183,640
183,648
183,671
183,684
183,707
183,708
183,709
183,734
183,753
183,797
183,798
183,829
183,834
183,835
183,838
183,848
183,864
183,868
183,870
183,879
183,882
183,906
183,937
183,949
183,954
183,964
184,200
184,243
184,251
184,254
184,332
184,472
184,515
184,547
184,591
184,612
184,651
184,658
184,672
184,688
184,716
184,722
184,737
184,757
184,771
184,811
184,818
184,821
184,857
184,860
184,928
184,943
185,217
185,236
185,335
185,338
185,350
185,385
185,394
185,396
185,407
185,457
185,464
185,478
185,481
185,499
185,504
185,513
185,567
185,602
185,633
185,640
185,648
185,677
185,694
185,706
185,712
185,721
185,727
185,744
185,754
185,759
185,773
185,813
185,817
185,863
185,882
185,896
185,913
185,934
185,975
185,998
186,188
186,192
186,210
186,266
186,299
186,304
186,328
186,329
186,336
186,387
186,403
186,474
186,495
186,504
186,507
186,524
186,543
186,573
186,598
186,629
186,652
186,668
186,680
186,684
186,699
186,702
186,730
186,735
186,770
186,788
186,797
186,812
186,834
186,868
186,872
186,893
186,899
186,931
186,989
186,994
187,188
187,200
187,212
187,231
187,239
187,282
187,286
187,287
187,290
187,333
187,371
187,388
187,401
187,438
187,472
187,541
187,553
187,651
187,653
187,664
187,675
187,685
187,693
187,722
187,726
187,778
187,783
187,811
187,820
187,823
187,877
187,943
187,945
187,982
187,993
187,996
188,197
188,209
188,210
188,231
188,314
188,335
188,403
188,440
188,458
188,474
188,504
188,506
188,507
188,518
188,554
188,658
188,668
188,671
188,680
188,704
188,705
188,707
188,729
188,735
188,770
188,772
188,781
188,796
188,813
188,828
188,848
188,849
188,851
188,874
188,899
188,972
188,974
189,212
189,227
189,233
189,237
189,239
189,271
189,282
189,288
189,290
189,342
189,345
189,371
189,394
189,395
189,414
189,428
189,472
189,501
189,548
189,569
189,574
189,575
189,576
189,612
189,632
189,638
189,660
189,689
189,691
189,722
189,726
189,748
189,762
189,806
189,811
189,860
189,863
189,873
189,877
189,901
189,921
189,947
189,988
189,996
190,217
190,250
190,274
190,278
190,366
190,390
190,404
190,433
190,479
190,575
190,806
190,884
191,202
191,233
191,236
191,237
191,260
191,263
191,271
191,313
191,340
191,371
191,373
191,392
191,414
191,430
191,434
191,442
191,464
191,482
191,501
191,547
191,569
191,574
191,599
191,660
191,705
191,726
191,772
191,783
191,829
191,830
191,873
191,880
191,901
191,926
191,988
191,996
192,197
192,209
192,210
192,267
192,314
192,329
192,366
192,399
192,413
192,427
192,457
192,479
192,606
192,635
192,668
192,671
192,680
192,702
192,730
192,735
192,788
192,804
192,864
192,872
192,879
192,893
192,931
192,946
192,965
192,998
193,202
193,254
193,276
193,278
193,290
193,301
193,321
193,362
193,375
193,387
193,389
193,411
193,459
193,490
193,585
193,597
193,603
193,616
193,626
193,719
193,753
193,762
193,776
193,793
193,798
193,820
193,856
193,886
193,889
193,925
193,958
193,972
193,978
193,986
194,251
194,288
194,290
194,315
194,316
194,472
194,497
194,515
194,591
194,599
194,658
194,678
194,691
194,710
194,757
194,787
194,818
194,845
194,850
194,894
194,932
194,961
195,197
195,207
195,229
195,244
195,247
195,249
195,257
195,277
195,285
195,336
195,338
195,356
195,367
195,369
195,383
195,406
195,407
195,440
195,463
195,473
195,495
195,504
195,522
195,524
195,536
195,552
195,554
195,571
195,620
195,652
195,660
195,668
195,680
195,686
195,714
195,731
195,745
195,754
195,831
195,834
195,838
195,895
195,900
195,909
195,931
196,201
196,204
196,221
196,248
196,275
196,285
196,325
196,380
196,397
196,412
196,444
196,445
196,477
196,481
196,499
196,517
196,534
196,540
196,550
196,556
196,559
196,572
196,608
196,612
196,658
196,673
196,696
196,762
196,788
196,859
196,862
196,866
196,902
196,912
196,920
196,942
196,966
197,209
197,231
197,238
197,274
197,281
197,329
197,367
197,399
197,403
197,495
197,504
197,512
197,516
197,518
197,524
197,554
197,605
197,637
197,652
197,668
197,686
197,699
197,700
197,706
197,707
197,730
197,797
197,817
197,829
197,834
197,838
197,868
197,872
197,879
197,882
197,893
197,895
197,926
197,931
197,951
197,993
198,207
198,242
198,246
198,254
198,257
198,258
198,274
198,277
198,280
198,323
198,327
198,357
198,370
198,396
198,418
198,422
198,424
198,426
198,432
198,445
198,482
198,491
198,495
198,522
198,552
198,557
198,584
198,589
198,593
198,608
198,630
198,646
198,652
198,731
198,746
198,749
198,758
198,764
198,785
198,788
198,809
198,812
198,822
198,852
198,885
198,898
198,920
198,939
198,946
198,963
198,966
198,995
199,244
199,285
199,444
199,502
199,528
199,534
199,557
199,560
199,565
199,682
199,696
199,729
199,801
199,824
199,847
199,862
199,902
199,905
199,949
199,982
200,251
200,304
200,315
200,332
200,347
200,378
200,392
200,394
200,457
200,472
200,483
200,543
200,574
200,577
200,582
200,591
200,599
200,662
200,666
200,683
200,688
200,710
200,753
200,757
200,771
200,774
200,850
200,860
200,863
200,877
200,925
200,931
200,961
200,991
200,994
201,203
201,214
201,221
201,251
201,257
201,272
201,302
201,310
201,318
201,321
201,324
201,346
201,360
201,363
201,366
201,376
201,460
201,531
201,547
201,553
201,587
201,614
201,623
201,683
201,753
201,807
201,823
201,847
201,860
201,876
201,890
201,943
201,962
201,981
201,990
201,993
202,273
202,344
202,347
202,356
202,411
202,484
202,497
202,503
202,510
202,543
202,579
202,582
202,597
202,651
202,664
202,678
202,683
202,710
202,756
202,772
202,782
202,823
202,845
202,877
202,894
202,903
202,928
202,941
202,981
203,276
203,281
203,389
203,453
203,498
203,508
203,528
203,549
203,589
203,614
203,674
203,693
203,753
203,762
203,780
203,808
203,876
203,882
203,897
203,965
203,990
204,211
204,212
204,296
204,302
204,486
204,487
204,534
204,550
204,576
204,660
204,696
204,719
204,737
204,769
204,790
204,854
204,936
204,938
205,212
205,216
205,241
205,246
205,285
205,303
205,325
205,436
205,441
205,462
205,492
205,500
205,528
205,573
205,584
205,592
205,608
205,667
205,705
205,707
205,728
205,750
205,758
205,788
205,802
205,814
205,865
205,910
205,913
206,294
206,295
206,331
206,341
206,377
206,486
206,575
206,643
206,733
206,734
206,788
206,841
206,853
206,887
206,914
206,973
207,249
207,260
207,277
207,305
207,379
207,410
207,418
207,422
207,445
207,458
207,552
207,584
207,595
207,617
207,619
207,625
207,652
207,665
207,731
207,734
207,736
207,739
207,741
207,779
207,785
207,864
207,911
207,920
207,939
207,944
207,983
208,227
208,235
208,295
208,359
208,380
208,417
208,505
208,511
208,673
208,737
208,742
208,762
208,769
208,808
208,902
208,956
208,962
208,973
209,210
209,285
209,314
209,329
209,367
209,394
209,399
209,403
209,423
209,427
209,440
209,484
209,518
209,558
209,654
209,655
209,680
209,702
209,706
209,707
209,735
209,745
209,789
209,797
209,834
209,868
209,879
209,895
209,899
209,918
209,931
209,968
210,231
210,314
210,335
210,399
210,400
210,440
210,474
210,504
210,506
210,518
210,524
210,554
210,567
210,588
210,671
210,707
210,727
210,730
210,735
210,745
210,766
210,781
210,797
210,844
210,848
210,863
210,868
210,871
210,931
210,951
210,954
210,960
210,971
210,974
210,984
211,295
211,308
211,343
211,380
211,404
211,486
211,487
211,530
211,572
211,685
211,710
211,729
211,769
211,832
211,861
211,942
211,966
212,241
212,242
212,258
212,263
212,285
212,297
212,325
212,384
212,387
212,424
212,436
212,441
212,457
212,458
212,463
212,487
212,491
212,500
212,517
212,538
212,540
212,557
212,573
212,583
212,589
212,592
212,608
212,720
212,728
212,750
212,802
212,814
212,836
212,844
212,865
212,885
212,910
212,913
212,925
212,933
212,963
212,980
213,260
213,337
213,366
213,377
213,387
213,388
213,400
213,416
213,446
213,451
213,456
213,468
213,565
213,569
213,628
213,633
213,637
213,645
213,660
213,687
213,723
213,737
213,746
213,775
213,800
213,812
213,825
213,830
213,837
213,898
213,914
213,925
213,934
213,968
213,971
213,979
213,996
214,221
214,225
214,232
214,261
214,272
214,290
214,360
214,376
214,452
214,469
214,580
214,626
214,634
214,710
214,753
214,780
214,782
214,793
214,810
214,815
214,820
214,823
214,841
214,889
214,947
214,959
214,990
215,251
215,332
215,378
215,388
215,472
215,503
215,511
215,520
215,662
215,664
215,666
215,771
215,850
215,863
215,960
215,999
216,238
216,309
216,312
216,348
216,368
216,378
216,415
216,434
216,442
216,450
216,457
216,459
216,467
216,504
216,521
216,566
216,574
216,577
216,605
216,616
216,622
216,629
216,655
216,677
216,711
216,712
216,744
216,821
216,831
216,840
216,873
216,881
216,886
216,897
216,899
216,907
216,918
216,922
216,937
216,955
216,960
216,972
216,984
217,228
217,259
217,263
217,278
217,299
217,304
217,326
217,328
217,335
217,430
217,441
217,481
217,498
217,513
217,548
217,578
217,596
217,629
217,679
217,694
217,712
217,726
217,741
217,766
217,772
217,774
217,800
217,808
217,817
217,819
217,861
217,896
217,908
217,919
217,921
217,927
217,954
217,960
217,972
217,983
218,224
218,225
218,252
218,270
218,279
218,287
218,317
218,324
218,382
218,384
218,402
218,413
218,435
218,447
218,460
218,469
218,472
218,473
218,487
218,510
218,551
218,563
218,604
218,614
218,621
218,649
218,669
218,700
218,719
218,720
218,753
218,791
218,795
218,816
218,837
218,858
218,874
218,876
218,890
218,897
218,929
218,931
218,933
218,962
218,985
219,227
219,244
219,270
219,344
219,353
219,372
219,416
219,453
219,456
219,468
219,475
219,487
219,492
219,536
219,553
219,556
219,576
219,650
219,661
219,676
219,701
219,754
219,824
219,827
219,842
219,843
219,915
219,920
219,925
219,934
219,971
220,224
220,230
220,235
220,270
220,280
220,300
220,382
220,417
220,420
220,447
220,510
220,523
220,608
220,609
220,669
220,729
220,761
220,771
220,794
220,824
220,837
220,841
220,936
221,225
221,269
221,272
221,307
221,318
221,324
221,360
221,362
221,363
221,376
221,405
221,468
221,551
221,562
221,660
221,672
221,683
221,693
221,752
221,753
221,820
221,847
221,851
221,889
221,935
221,962
221,978
221,990
222,328
222,416
222,459
222,461
222,516
222,537
222,541
222,614
222,617
222,635
222,639
222,698
222,705
222,727
222,734
222,777
222,834
222,872
222,884
222,922
222,923
222,924
222,999
223,297
223,299
223,306
223,389
223,400
223,462
223,468
223,477
223,499
223,517
223,538
223,546
223,641
223,685
223,693
223,724
223,847
223,880
223,916
223,924
223,997
224,225
224,287
224,317
224,343
224,349
224,382
224,413
224,420
224,460
224,477
224,505
224,510
224,531
224,552
224,587
224,604
224,609
224,618
224,643
224,644
224,649
224,700
224,719
224,752
224,761
224,780
224,791
224,795
224,799
224,816
224,821
224,833
224,837
224,841
224,858
224,890
224,905
224,970
224,975
224,980
224,985
225,232
225,244
225,287
225,289
225,302
225,310
225,360
225,382
225,460
225,471
225,475
225,493
225,551
225,580
225,604
225,609
225,643
225,664
225,685
225,719
225,721
225,765
225,789
225,816
225,832
225,841
225,842
225,847
225,858
225,886
225,890
225,920
225,935
225,952
225,956
225,962
225,981
226,236
226,238
226,247
226,259
226,264
226,282
226,288
226,294
226,299
226,329
226,345
226,355
226,367
226,383
226,406
226,419
226,430
226,450
226,451
226,452
226,462
226,467
226,472
226,474
226,481
226,506
226,512
226,518
226,548
226,566
226,569
226,570
226,588
226,605
226,629
226,684
226,695
226,697
226,711
226,712
226,713
226,717
226,727
226,744
226,787
226,798
226,806
226,813
226,828
226,849
226,864
226,906
226,907
226,937
226,954
226,960
226,971
226,987
226,995
227,245
227,270
227,296
227,372
227,392
227,442
227,468
227,480
227,531
227,547
227,549
227,585
227,626
227,638
227,641
227,645
227,691
227,701
227,715
227,726
227,746
227,778
227,790
227,811
227,827
227,842
227,843
227,903
227,915
227,925
227,956
228,244
228,263
228,266
228,278
228,282
228,309
228,312
228,338
228,356
228,373
228,385
228,408
228,409
228,425
228,481
228,501
228,509
228,535
228,536
228,566
228,568
228,569
228,630
228,640
228,652
228,688
228,712
228,734
228,739
228,749
228,755
228,772
228,774
228,780
228,828
228,861
228,919
228,921
228,972
229,236
229,238
229,263
229,314
229,361
229,367
229,390
229,419
229,428
229,440
229,452
229,461
229,494
229,506
229,535
229,568
229,570
229,584
229,598
229,607
229,629
229,640
229,658
229,671
229,684
229,695
229,828
229,849
229,937
229,941
229,954
230,246
230,262
230,303
230,381
230,499
230,502
230,538
230,550
230,555
230,560
230,561
230,589
230,592
230,644
230,696
230,718
230,733
230,830
230,913
230,938
231,285
231,383
231,398
231,399
231,403
231,426
231,427
231,431
231,440
231,474
231,518
231,524
231,605
231,617
231,704
231,707
231,743
231,797
231,813
231,834
231,848
231,857
231,868
231,871
231,893
231,902
231,906
231,931
231,939
231,949
231,951
231,974
231,989
232,276
232,324
232,362
232,437
232,453
232,547
232,557
232,587
232,603
232,616
232,623
232,651
232,683
232,703
232,719
232,742
232,793
232,823
232,844
232,890
232,897
233,263
233,267
233,335
233,338
233,345
233,373
233,394
233,429
233,430
233,442
233,471
233,484
233,548
233,569
233,574
233,591
233,612
233,721
233,724
233,741
233,748
233,772
233,825
233,840
233,841
233,861
233,896
233,901
233,928
233,970
233,975
233,996
234,244
234,260
234,317
234,324
234,333
234,342
234,344
234,371
234,386
234,456
234,483
234,488
234,501
234,526
234,529
234,548
234,562
234,569
234,641
234,642
234,651
234,653
234,659
234,661
234,662
234,693
234,751
234,762
234,802
234,882
234,923
234,958
234,965
234,972
235,252
235,289
235,298
235,307
235,309
235,310
235,317
235,318
235,324
235,349
235,365
235,410
235,435
235,437
235,449
235,460
235,466
235,471
235,475
235,490
235,551
235,587
235,604
235,607
235,638
235,643
235,649
235,710
235,752
235,785
235,795
235,847
235,851
235,867
235,890
235,929
235,956
235,969
236,250
236,256
236,264
236,266
236,277
236,299
236,328
236,338
236,350
236,385
236,390
236,394
236,396
236,408
236,415
236,436
236,456
236,457
236,478
236,482
236,504
236,519
236,554
236,566
236,574
236,577
236,588
236,635
236,640
236,677
236,694
236,697
236,704
236,712
236,735
236,749
236,754
236,755
236,787
236,809
236,828
236,833
236,849
236,870
236,875
236,919
236,941
236,955
236,964
236,974
236,983
236,999
237,269
237,271
237,282
237,299
237,306
237,345
237,405
237,428
237,467
237,494
237,501
237,504
237,525
237,597
237,612
237,651
237,687
237,722
237,726
237,771
237,787
237,789
237,792
237,811
237,856
237,873
237,876
237,901
237,908
237,970
237,971
237,985
237,988
237,993
237,999
238,299
238,304
238,318
238,340
238,371
238,419
238,438
238,440
238,452
238,481
238,506
238,507
238,518
238,570
238,574
238,605
238,640
238,671
238,684
238,695
238,735
238,787
238,798
238,829
238,864
238,872
238,906
238,937
238,954
238,964
239,271
239,282
239,307
239,342
239,401
239,411
239,414
239,542
239,569
239,574
239,605
239,642
239,688
239,691
239,722
239,743
239,792
239,811
239,820
239,857
239,873
239,878
239,970
239,987
240,252
240,295
240,327
240,328
240,431
240,433
240,435
240,445
240,451
240,481
240,504
240,541
240,554
240,561
240,572
240,588
240,617
240,641
240,653
240,665
240,666
240,675
240,808
240,835
240,884
240,887
240,898
240,920
240,922
240,925
240,977
241,416
241,436
241,441
241,500
241,573
241,589
241,608
241,624
241,728
241,729
241,732
241,750
241,814
241,835
241,865
241,885
241,910
241,914
241,949
242,260
242,294
242,303
242,305
242,331
242,334
242,370
242,381
242,384
242,443
242,602
242,627
242,630
242,665
242,760
242,803
242,805
242,832
242,879
242,891
242,923
242,962
243,251
243,378
243,392
243,472
243,543
243,591
243,632
243,658
243,688
243,754
243,757
243,771
243,818
243,860
243,863
243,873
243,928
243,940
243,961
243,996
244,264
244,273
244,282
244,288
244,290
244,303
244,307
244,315
244,316
244,344
244,361
244,371
244,372
244,389
244,404
244,405
244,411
244,414
244,428
244,446
244,459
244,484
244,494
244,503
244,512
244,520
244,523
244,543
244,547
244,551
244,556
244,582
244,593
244,597
244,599
244,603
244,619
244,631
244,651
244,653
244,660
244,662
244,664
244,678
244,710
244,726
244,738
244,751
244,756
244,792
244,835
244,877
244,894
244,917
244,928
244,932
244,958
244,991
244,993
244,996
245,296
245,300
245,373
245,391
245,395
245,468
245,485
245,522
245,530
245,531
245,538
245,548
245,562
245,575
245,639
245,661
245,683
245,688
245,696
245,727
245,780
245,817
245,830
245,859
245,866
245,874
245,879
245,925
245,938
245,942
245,979
246,274
246,387
246,436
246,489
246,492
246,502
246,539
246,555
246,557
246,603
246,608
246,620
246,667
246,718
246,729
246,733
246,836
246,872
246,874
246,891
246,916
246,922
246,963
247,256
247,266
247,348
247,368
247,467
247,482
247,521
247,567
247,570
247,605
247,622
247,629
247,636
247,677
247,689
247,697
247,727
247,749
247,757
247,772
247,840
247,864
247,881
247,882
247,906
247,918
247,927
247,937
247,953
247,954
247,955
247,960
248,270
248,279
248,280
248,281
248,283
248,293
248,507
248,536
248,572
248,603
248,614
248,615
248,631
248,661
248,715
248,780
248,786
248,792
248,874
248,890
248,925
248,938
249,257
249,274
249,277
249,280
249,292
249,328
249,406
249,421
249,427
249,458
249,461
249,464
249,491
249,504
249,522
249,543
249,564
249,617
249,646
249,660
249,665
249,689
249,705
249,731
249,734
249,735
249,819
249,887
249,924
249,944
249,961
249,983
249,989
250,363
250,364
250,416
250,451
250,464
250,488
250,519
250,588
250,602
250,676
250,753
250,817
250,842
250,927
250,943
251,290
251,332
251,392
251,411
251,472
251,475
251,515
251,578
251,591
251,597
251,599
251,631
251,642
251,658
251,662
251,688
251,691
251,693
251,757
251,771
251,775
251,818
251,863
251,873
251,877
251,886
251,932
251,943
251,961
252,255
252,260
252,261
252,276
252,279
252,295
252,297
252,308
252,359
252,360
252,367
252,413
252,420
252,435
252,455
252,467
252,469
252,473
252,475
252,487
252,505
252,542
252,550
252,559
252,560
252,575
252,632
252,669
252,681
252,715
252,725
252,751
252,765
252,784
252,824
252,825
252,832
252,839
252,854
252,880
252,914
252,956
252,959
253,307
253,310
253,375
253,386
253,447
253,494
253,498
253,549
253,743
254,323
254,335
254,384
254,437
254,441
254,584
254,593
254,764
254,785
254,788
254,805
254,812
254,821
254,836
254,868
254,872
255,279
255,295
255,308
255,325
255,374
255,377
255,390
255,417
255,420
255,439
255,473
255,475
255,476
255,505
255,530
255,531
255,550
255,572
255,573
255,597
255,613
255,620
255,661
255,667
255,670
255,688
255,719
255,737
255,750
255,761
255,790
255,791
255,956
255,957
255,972
256,267
256,285
256,306
256,312
256,320
256,390
256,516
256,521
256,553
256,556
256,578
256,711
256,736
256,739
256,747
256,767
256,798
256,842
256,885
256,906
256,919
256,948
256,987
257,262
257,271
257,300
257,319
257,328
257,354
257,366
257,374
257,403
257,406
257,413
257,421
257,507
257,522
257,533
257,541
257,571
257,600
257,608
257,617
257,620
257,646
257,703
257,707
257,709
257,714
257,728
257,731
257,732
257,735
257,764
257,809
257,835
257,875
257,887
257,909
257,924
257,930
257,944
257,968
258,262
258,326
258,327
258,353
258,374
258,379
258,384
258,423
258,426
258,458
258,584
258,595
258,617
258,663
258,729
258,734
258,768
258,796
258,808
258,966
258,967
258,975
258,977
259,278
259,294
259,299
259,312
259,327
259,352
259,355
259,361
259,390
259,396
259,408
259,415
259,482
259,518
259,519
259,605
259,613
259,655
259,697
259,706
259,712
259,731
259,741
259,763
259,787
259,828
259,881
259,882
259,896
259,927
260,263
260,286
260,323
260,335
260,371
260,372
260,396
260,400
260,409
260,411
260,415
260,416
260,430
260,451
260,485
260,488
260,541
260,548
260,553
260,588
260,600
260,633
260,635
260,637
260,652
260,660
260,712
260,714
260,721
260,723
260,726
260,731
260,748
260,777
260,825
260,835
260,837
260,842
260,882
260,889
260,908
260,927
260,937
260,945
260,946
260,965
260,972
260,975
260,989
261,308
261,330
261,343
261,359
261,463
261,476
261,487
261,502
261,507
261,536
261,614
261,681
261,700
261,795
261,824
261,839
261,854
261,888
262,357
262,370
262,374
262,379
262,393
262,425
262,436
262,444
262,467
262,492
262,502
262,507
262,538
262,560
262,581
262,594
262,627
262,635
262,663
262,796
262,801
262,802
262,836
262,923
262,924
262,966
262,995
263,271
263,281
263,296
263,340
263,351
263,371
263,373
263,396
263,405
263,413
263,414
263,422
263,425
263,437
263,442
263,456
263,457
263,494
263,496
263,501
263,506
263,518
263,548
263,569
263,574
263,596
263,612
263,622
263,623
263,635
263,639
263,649
263,721
263,751
263,766
263,776
263,811
263,838
263,840
263,853
263,901
263,919
263,937
263,945
263,947
263,979
263,999
264,338
264,367
264,385
264,567
264,600
264,605
264,607
264,654
264,697
264,699
264,751
264,778
264,787
264,798
264,800
264,849
264,895
264,906
264,907
264,920
264,937
264,955
264,989
265,304
265,478
265,554
265,602
265,731
265,817
266,278
266,281
266,299
266,304
266,338
266,373
266,385
266,390
266,396
266,407
266,416
266,426
266,442
266,479
266,481
266,491
266,513
266,519
266,521
266,551
266,567
266,569
266,641
266,648
266,660
266,662
266,667
266,671
266,694
266,712
266,727
266,744
266,749
266,773
266,827
266,828
266,837
266,838
266,842
266,854
266,874
266,896
266,898
266,908
266,918
266,922
266,955
266,956
266,972
266,975
267,309
267,516
267,521
267,541
267,595
267,605
267,632
267,687
267,741
267,774
267,789
267,801
267,821
267,881
267,892
267,898
267,907
267,918
267,947
267,987
268,299
268,310
268,319
268,482
268,548
268,554
268,607
268,654
268,730
268,741
268,745
268,806
268,813
268,828
268,872
268,906
268,998
269,360
269,362
269,386
269,389
269,411
269,447
269,459
269,494
269,551
269,585
269,587
269,603
269,626
269,634
269,647
269,674
269,693
269,716
269,748
269,753
269,762
269,771
269,777
269,782
269,793
269,817
269,820
269,889
269,938
269,958
270,273
270,281
270,283
270,293
270,330
270,366
270,384
270,388
270,413
270,415
270,446
270,456
270,462
270,473
270,483
270,523
270,530
270,532
270,564
270,613
270,616
270,631
270,638
270,639
270,650
270,661
270,682
270,688
270,701
270,712
270,786
270,815
270,830
270,842
270,863
270,866
270,874
270,880
270,925
270,956
270,971
270,986
270,995
271,313
271,320
271,342
271,371
271,372
271,378
271,467
271,498
271,501
271,548
271,569
271,570
271,574
271,596
271,612
271,614
271,626
271,722
271,726
271,751
271,753
271,759
271,792
271,857
271,901
271,921
271,932
271,940
271,941
271,945
271,970
271,982
271,987
271,999
272,298
272,307
272,310
272,324
272,389
272,435
272,465
272,494
272,553
272,561
272,597
272,601
272,616
272,634
272,672
272,683
272,685
272,701
272,738
272,743
272,753
272,793
272,795
272,810
272,820
272,823
272,851
272,873
272,917
272,958
272,978
272,990
272,993
273,279
273,290
273,316
273,342
273,344
273,347
273,360
273,447
273,469
273,503
273,542
273,579
273,585
273,599
273,603
273,616
273,656
273,658
273,662
273,664
273,685
273,693
273,710
273,713
273,794
273,875
273,877
273,886
273,894
273,903
273,969
273,976
273,980
273,991
274,287
274,291
274,297
274,304
274,323
274,350
274,385
274,387
274,399
274,403
274,423
274,432
274,456
274,462
274,491
274,495
274,504
274,537
274,540
274,552
274,584
274,593
274,611
274,617
274,625
274,646
274,652
274,683
274,709
274,730
274,731
274,734
274,758
274,764
274,785
274,803
274,812
274,834
274,844
274,855
274,865
274,883
274,887
274,939
274,948
274,964
274,995
274,996
275,300
275,363
275,370
275,396
275,404
275,413
275,468
275,477
275,534
275,539
275,572
275,617
275,620
275,637
275,780
275,859
276,307
276,362
276,363
276,411
276,434
276,447
276,453
276,474
276,488
276,498
276,508
276,551
276,553
276,586
276,613
276,629
276,674
276,683
276,690
276,719
276,762
276,786
276,793
276,810
276,841
276,873
276,876
276,965
276,986
276,993
277,322
277,323
277,326
277,327
277,350
277,360
277,418
277,431
277,432
277,445
277,458
277,491
277,545
277,552
277,554
277,560
277,584
277,617
277,619
277,636
277,652
277,656
277,703
277,709
277,720
277,728
277,731
277,736
277,785
277,803
277,809
277,812
277,822
277,852
277,855
277,876
277,887
277,924
277,932
277,939
277,940
277,966
277,971
278,306
278,337
278,338
278,355
278,394
278,396
278,400
278,428
278,430
278,454
278,457
278,481
278,482
278,521
278,535
278,547
278,566
278,568
278,570
278,598
278,605
278,622
278,655
278,661
278,686
278,697
278,767
278,772
278,787
278,808
278,819
278,857
278,861
278,875
278,882
278,887
278,898
278,919
278,947
278,975
278,982
278,984
279,298
279,308
279,335
279,372
279,380
279,383
279,408
279,410
279,413
279,417
279,466
279,470
279,473
279,476
279,505
279,509
279,531
279,563
279,586
279,594
279,670
279,673
279,683
279,696
279,737
279,740
279,742
279,763
279,765
279,778
279,807
279,942
279,957
279,959
280,283
280,293
280,300
280,359
280,379
280,387
280,402
280,437
280,466
280,488
280,537
280,550
280,575
280,645
280,769
280,780
280,786
280,808
280,812
280,842
280,843
280,874
280,876
280,925
280,938
280,971
280,979
280,982
280,983
281,300
281,311
281,315
281,330
281,333
281,344
281,414
281,443
281,456
281,464
281,480
281,481
281,498
281,508
281,523
281,532
281,551
281,553
281,566
281,576
281,596
281,613
281,621
281,628
281,650
281,659
281,660
281,667
281,697
281,701
281,723
281,762
281,815
281,830
281,885
281,925
281,934
281,960
281,961
281,971
281,986
282,288
282,312
282,342
282,345
282,373
282,394
282,395
282,465
282,476
282,535
282,567
282,568
282,577
282,596
282,612
282,653
282,664
282,712
282,722
282,726
282,755
282,774
282,786
282,793
282,821
282,857
282,873
282,907
282,908
282,921
282,943
282,947
282,960
282,979
282,988
283,293
283,341
283,435
283,493
283,549
283,553
283,573
283,614
283,628
283,637
283,638
283,650
283,667
283,701
283,799
283,815
283,827
283,843
283,862
283,946
283,960
283,979
284,290
284,346
284,386
284,391
284,415
284,490
284,498
284,529
284,547
284,565
284,580
284,585
284,603
284,616
284,635
284,699
284,713
284,753
284,782
284,798
284,820
284,932
284,935
284,996
285,302
285,304
285,340
285,356
285,362
285,369
285,421
285,422
285,431
285,458
285,479
285,481
285,504
285,524
285,526
285,554
285,571
285,588
285,592
285,613
285,619
285,639
285,646
285,648
285,677
285,686
285,697
285,730
285,744
285,754
285,828
285,838
285,864
285,922
285,967
285,986
285,992
286,320
286,356
286,362
286,372
286,373
286,395
286,414
286,430
286,442
286,456
286,504
286,514
286,526
286,547
286,548
286,568
286,617
286,712
286,736
286,739
286,751
286,755
286,772
286,861
286,898
286,934
286,947
286,954
286,975
287,295
287,302
287,317
287,349
287,387
287,402
287,410
287,439
287,448
287,460
287,469
287,471
287,555
287,563
287,580
287,609
287,700
287,719
287,752
287,761
287,784
287,816
287,833
287,935
287,952
287,956
287,958
287,962
287,985
288,312
288,353
288,392
288,395
288,411
288,415
288,425
288,428
288,449
288,479
288,522
288,525
288,543
288,547
288,549
288,578
288,591
288,596
288,599
288,632
288,656
288,658
288,689
288,693
288,712
288,716
288,726
288,739
288,748
288,772
288,821
288,857
288,864
288,873
288,877
288,919
288,964
289,310
289,317
289,321
289,324
289,362
289,413
289,511
289,551
289,553
289,691
289,719
289,751
289,799
289,851
289,890
289,938
290,315
290,316
290,317
290,332
290,344
290,377
290,386
290,389
290,395
290,405
290,411
290,414
290,415
290,459
290,471
290,472
290,480
290,484
290,497
290,503
290,515
290,520
290,524
290,579
290,597
290,599
290,603
290,616
290,623
290,651
290,660
290,662
290,674
290,689
290,691
290,707
290,710
290,716
290,748
290,753
290,756
290,757
290,767
290,783
290,820
290,851
290,868
290,886
290,934
290,985
290,991
290,993
290,996
291,324
291,337
291,338
291,416
291,437
291,493
291,613
291,628
291,633
291,635
291,641
291,659
291,660
291,667
291,712
291,718
291,721
291,723
291,777
291,825
291,840
291,841
291,880
291,882
291,896
291,927
291,946
291,967
291,979
292,323
292,327
292,418
292,522
292,537
292,758
292,805
292,809
292,812
292,844
292,922
292,923
292,948
293,342
293,437
293,466
293,479
293,594
293,634
293,660
293,661
293,733
293,744
293,746
293,874
293,898
294,295
294,308
294,310
294,325
294,341
294,349
294,370
294,380
294,387
294,397
294,417
294,437
294,438
294,443
294,463
294,468
294,490
294,499
294,511
294,539
294,555
294,556
294,557
294,561
294,566
294,594
294,617
294,644
294,667
294,673
294,675
294,698
294,712
294,714
294,718
294,725
294,733
294,780
294,790
294,802
294,836
294,842
294,862
294,880
294,885
294,890
294,901
294,902
294,936
294,938
294,942
294,951
294,962
294,968
295,339
295,366
295,371
295,377
295,380
295,387
295,437
295,462
295,463
295,469
295,470
295,492
295,495
295,499
295,514
295,534
295,550
295,556
295,561
295,621
295,667
295,669
295,673
295,718
295,722
295,734
295,736
295,740
295,742
295,769
295,780
295,790
295,814
295,818
295,824
295,837
295,866
295,876
295,914
295,924
295,936
295,942
296,300
296,384
296,387
296,437
296,473
296,534
296,601
296,657
296,670
296,715
296,739
296,769
296,780
296,790
296,836
296,838
296,842
296,866
296,880
296,936
296,938
296,942
297,326
297,331
297,334
297,353
297,357
297,393
297,403
297,423
297,432
297,443
297,492
297,509
297,540
297,546
297,572
297,583
297,644
297,682
297,690
297,720
297,729
297,732
297,785
297,796
297,803
297,809
297,836
297,885
297,923
297,940
297,963
298,307
298,311
298,321
298,324
298,328
298,363
298,386
298,425
298,435
298,442
298,453
298,471
298,482
298,508
298,604
298,616
298,621
298,669
298,683
298,740
298,793
298,830
298,841
298,851
298,853
298,890
298,897
298,956
298,986
299,314
299,338
299,351
299,356
299,367
299,379
299,385
299,406
299,407
299,411
299,428
299,451
299,461
299,501
299,512
299,518
299,567
299,605
299,607
299,629
299,654
299,684
299,699
299,704
299,706
299,707
299,708
299,781
299,798
299,806
299,849
299,870
299,871
299,906
299,907
299,919
299,937
299,954
299,960
299,971
299,998
300,380
300,400
300,404
300,406
300,423
300,435
300,437
300,462
300,463
300,468
300,477
300,499
300,534
300,550
300,572
300,575
300,620
300,626
300,665
300,667
300,669
300,685
300,696
300,701
300,766
300,780
300,788
300,790
300,799
300,808
300,825
300,837
300,851
300,859
300,866
300,874
300,880
300,919
300,968
301,339
301,346
301,360
301,362
301,389
301,459
301,490
301,510
301,585
301,587
301,603
301,608
301,616
301,617
301,626
301,647
301,662
301,710
301,776
301,978
302,402
302,407
302,413
302,439
302,460
302,469
302,473
302,485
302,487
302,559
302,563
302,575
302,609
302,614
302,669
302,700
302,719
302,720
302,731
302,753
302,795
302,816
302,824
302,833
302,835
302,926
302,946
302,980
302,985
302,991
303,305
303,353
303,370
303,379
303,384
303,393
303,500
303,539
303,540
303,682
303,690
303,729
303,760
303,788
303,804
303,836
303,846
303,850
303,963
304,314
304,315
304,356
304,369
304,372
304,383
304,407
304,423
304,428
304,431
304,451
304,464
304,478
304,495
304,513
304,541
304,554
304,602
304,620
304,625
304,639
304,640
304,648
304,660
304,677
304,697
304,706
304,712
304,754
304,758
304,759
304,771
304,773
304,784
304,800
304,882
304,898
304,967
304,975
305,323
305,334
305,354
305,357
305,379
305,381
305,384
305,418
305,424
305,476
305,478
305,509
305,539
305,542
305,545
305,566
305,573
305,608
305,630
305,639
305,669
305,690
305,720
305,734
305,760
305,765
305,801
305,804
305,812
305,835
305,836
305,844
305,846
305,883
305,904
305,923
305,949
305,963
305,995
306,312
306,320
306,355
306,426
306,428
306,430
306,442
306,598
306,612
306,686
306,689
306,701
306,714
306,739
306,772
306,819
306,861
306,875
306,919
306,947
306,952
306,972
306,987
307,311
307,318
307,321
307,330
307,339
307,411
307,459
307,498
307,510
307,526
307,530
307,542
307,549
307,551
307,576
307,587
307,614
307,633
307,647
307,681
307,683
307,753
307,799
307,810
307,851
307,876
307,897
307,956
307,965
307,986
308,315
308,389
308,401
308,413
308,446
308,455
308,469
308,476
308,505
308,531
308,586
308,604
308,639
308,670
308,681
308,685
308,724
308,737
308,740
308,854
308,933
308,940
308,959
308,980
308,996
309,419
309,450
309,504
309,588
309,640
309,686
309,695
309,734
309,739
309,787
309,797
309,847
309,937
309,954
309,960
309,992
310,321
310,360
310,363
310,376
310,382
310,453
310,465
310,494
310,547
310,548
310,574
310,626
310,667
310,672
310,673
310,724
310,753
310,761
310,764
310,793
310,807
310,823
310,833
310,847
310,851
310,860
310,889
310,935
310,952
310,964
310,981
310,990
310,998
311,389
311,453
311,468
311,508
311,551
311,580
311,597
311,613
311,621
311,786
311,817
311,851
311,858
311,863
311,867
311,958
311,959
311,978
311,986
312,313
312,320
312,408
312,430
312,434
312,478
312,516
312,566
312,574
312,596
312,611
312,635
312,655
312,656
312,711
312,721
312,739
312,763
312,767
312,861
312,897
312,919
312,953
312,987
313,315
313,320
313,344
313,361
313,389
313,394
313,408
313,429
313,434
313,442
313,483
313,501
313,547
313,574
313,655
313,726
313,739
313,789
313,854
313,873
313,903
313,921
313,947
313,953
314,399
314,440
314,441
314,457
314,474
314,509
314,518
314,567
314,573
314,574
314,707
314,723
314,749
314,751
314,792
314,848
314,871
314,899
314,934
314,960
314,974
314,984
314,998
315,316
315,344
315,388
315,395
315,435
315,490
315,497
315,520
315,550
315,562
315,579
315,582
315,597
315,616
315,651
315,659
315,678
315,756
315,820
315,863
315,877
315,886
315,889
315,928
315,988
315,991
315,994
315,996
316,344
316,395
316,411
316,414
316,498
316,525
316,543
316,547
316,579
316,597
316,616
316,662
316,664
316,710
316,713
316,756
316,783
316,886
316,889
316,897
316,958
316,969
316,976
317,321
317,330
317,349
317,359
317,377
317,432
317,460
317,465
317,471
317,480
317,487
317,494
317,540
317,551
317,563
317,580
317,591
317,603
317,604
317,612
317,616
317,618
317,700
317,719
317,726
317,752
317,791
317,795
317,799
317,816
317,851
317,858
317,866
317,889
317,925
317,956
317,980
317,985
318,324
318,363
318,376
318,389
318,395
318,396
318,494
318,551
318,562
318,719
318,721
318,756
318,807
318,847
318,874
318,968
318,980
318,990
319,548
319,602
319,687
319,704
319,763
319,770
319,789
319,828
319,829
319,984
319,989
320,385
320,394
320,408
320,428
320,430
320,442
320,467
320,484
320,493
320,506
320,521
320,526
320,530
320,574
320,596
320,612
320,623
320,655
320,739
320,751
320,754
320,758
320,778
320,811
320,821
320,829
320,857
320,877
320,903
320,947
320,988
321,349
321,360
321,362
321,459
321,460
321,465
321,488
321,497
321,503
321,614
321,672
321,681
321,683
321,701
321,807
321,814
321,833
321,858
321,890
321,952
321,981
321,990
322,432
322,552
322,556
322,703
322,785
322,800
322,887
322,909
322,983
323,350
323,357
323,412
323,429
323,445
323,461
323,469
323,500
323,528
323,537
323,593
323,595
323,630
323,705
323,720
323,731
323,758
323,764
323,785
323,787
323,804
323,812
323,924
323,939
323,963
324,326
324,363
324,435
324,551
324,562
324,587
324,601
324,618
324,683
324,701
324,753
324,761
324,784
324,793
324,807
324,824
324,851
324,935
324,958
324,981
324,990
325,339
325,374
325,377
325,380
325,387
325,463
325,468
325,470
325,487
325,511
325,514
325,528
325,534
325,538
325,547
325,560
325,644
325,667
325,673
325,742
325,746
325,750
325,791
325,816
325,880
325,909
325,971
326,327
326,328
326,383
326,393
326,423
326,425
326,429
326,432
326,436
326,445
326,481
326,500
326,509
326,522
326,527
326,560
326,572
326,593
326,595
326,617
326,660
326,665
326,671
326,758
326,768
326,785
326,812
326,835
326,836
326,852
326,855
326,871
326,887
326,897
326,920
326,924
326,977
327,350
327,370
327,374
327,400
327,412
327,415
327,416
327,418
327,423
327,424
327,432
327,437
327,458
327,461
327,462
327,463
327,466
327,470
327,492
327,495
327,500
327,504
327,509
327,522
327,533
327,552
327,555
327,572
327,608
327,614
327,617
327,620
327,639
327,646
327,731
327,734
327,745
327,766
327,768
327,836
327,844
327,854
327,866
327,884
327,885
327,920
327,972
327,983
328,338
328,354
328,369
328,370
328,406
328,451
328,457
328,461
328,468
328,479
328,522
328,554
328,594
328,604
328,606
328,646
328,665
328,684
328,686
328,705
328,712
328,754
328,766
328,773
328,777
328,778
328,797
328,817
328,831
328,835
328,879
328,884
328,887
328,896
328,909
328,922
328,924
328,930
328,946
328,975
329,336
329,399
329,427
329,451
329,460
329,504
329,518
329,554
329,555
329,656
329,672
329,676
329,707
329,735
329,772
329,828
329,870
329,879
329,893
329,895
329,898
329,906
329,927
329,951
329,984
329,989
330,391
330,435
330,441
330,449
330,466
330,476
330,496
330,508
330,542
330,551
330,553
330,576
330,609
330,613
330,614
330,621
330,626
330,628
330,631
330,647
330,649
330,661
330,697
330,700
330,701
330,738
330,778
330,780
330,841
330,853
330,859
330,860
330,880
330,914
330,922
330,938
330,942
331,357
331,402
331,437
331,443
331,583
331,592
331,627
331,644
331,690
331,729
331,765
331,796
331,801
331,802
331,803
331,820
331,836
331,846
331,923
331,995
331,997
332,375
332,378
332,430
332,515
332,562
332,577
332,591
332,597
332,599
332,653
332,666
332,688
332,689
332,693
332,719
332,757
332,762
332,771
332,792
332,850
332,851
332,863
332,901
332,961
333,394
333,453
333,456
333,526
333,543
333,567
333,623
333,653
333,659
333,661
333,751
333,762
333,789
333,830
333,982
334,357
334,374
334,378
334,381
334,384
334,424
334,443
334,458
334,467
334,476
334,539
334,540
334,561
334,581
334,583
334,608
334,660
334,728
334,729
334,732
334,734
334,735
334,746
334,747
334,758
334,760
334,764
334,796
334,803
334,804
334,814
334,836
334,844
334,846
334,857
334,910
334,923
334,963
334,966
334,977
335,337
335,338
335,384
335,407
335,415
335,416
335,432
335,451
335,454
335,476
335,481
335,496
335,513
335,534
335,565
335,569
335,606
335,689
335,701
335,712
335,720
335,726
335,749
335,766
335,792
335,817
335,838
335,868
335,898
335,908
335,927
335,967
335,975
335,985
335,996
335,998
336,345
336,364
336,377
336,395
336,398
336,403
336,419
336,474
336,478
336,524
336,571
336,574
336,625
336,668
336,680
336,711
336,720
336,745
336,797
336,834
336,848
336,872
336,879
336,887
336,895
336,899
336,951
336,960
337,366
337,372
337,379
337,406
337,409
337,416
337,419
337,437
337,451
337,502
337,509
337,545
337,588
337,628
337,633
337,635
337,641
337,667
337,685
337,687
337,691
337,724
337,777
337,779
337,817
337,827
337,899
337,924
337,927
337,971
337,972
338,361
338,385
338,390
338,396
338,403
338,406
338,407
338,430
338,442
338,451
338,464
338,470
338,479
338,482
338,488
338,513
338,519
338,535
338,548
338,622
338,628
338,630
338,635
338,660
338,694
338,707
338,708
338,712
338,727
338,749
338,772
338,773
338,774
338,789
338,798
338,808
338,811
338,825
338,828
338,838
338,870
338,880
338,882
338,896
338,906
338,909
338,924
338,928
338,929
338,931
338,934
338,947
338,949
338,975
338,989
338,992
339,370
339,387
339,397
339,438
339,457
339,470
339,499
339,514
339,561
339,608
339,644
339,653
339,667
339,670
339,673
339,734
339,742
339,750
339,794
339,843
339,862
339,880
339,912
339,968
340,371
340,401
340,405
340,414
340,425
340,485
340,496
340,501
340,506
340,548
340,569
340,617
340,628
340,660
340,673
340,712
340,721
340,734
340,748
340,751
340,766
340,792
340,811
340,838
340,840
340,874
340,908
340,925
340,934
340,956
340,957
340,970
340,972
341,391
341,459
341,542
341,571
341,576
341,614
341,621
341,643
341,649
341,661
341,674
341,701
341,715
341,724
341,761
341,769
341,784
341,790
341,815
341,839
341,902
341,912
341,936
341,938
341,959
341,965
342,401
342,416
342,442
342,515
342,574
342,575
342,615
342,648
342,655
342,688
342,710
342,762
342,792
342,811
342,813
342,873
342,876
342,903
342,921
342,970
342,982
342,988
342,991
342,993
343,377
343,413
343,417
343,438
343,486
343,511
343,575
343,604
343,681
343,685
343,740
343,759
343,769
343,790
343,794
343,837
343,839
343,847
343,854
343,897
343,915
343,918
343,936
343,942
343,957
343,959
344,347
344,371
344,378
344,389
344,456
344,497
344,503
344,520
344,543
344,554
344,573
344,597
344,656
344,662
344,678
344,689
344,710
344,716
344,756
344,778
344,845
344,850
344,854
344,872
344,877
344,886
344,928
344,945
344,961
344,991
344,996
344,999
345,361
345,392
345,395
345,401
345,483
345,515
345,543
345,574
345,596
345,597
345,642
345,655
345,668
345,670
345,693
345,726
345,748
345,756
345,786
345,819
345,845
345,849
345,873
345,903
345,921
345,953
345,960
345,970
345,988
346,373
346,453
346,480
346,508
346,536
346,553
346,601
346,782
346,786
346,792
346,821
346,862
346,876
346,878
346,965
347,400
347,503
347,579
347,582
347,599
347,603
347,650
347,656
347,658
347,666
347,758
347,921
347,945
348,396
348,399
348,419
348,482
348,605
348,629
348,636
348,640
348,684
348,712
348,747
348,787
348,819
348,866
348,881
348,887
348,901
348,918
348,947
348,958
348,960
349,366
349,391
349,420
349,435
349,479
349,542
349,580
349,604
349,618
349,643
349,669
349,700
349,715
349,742
349,752
349,761
349,788
349,790
349,794
349,796
349,851
349,853
349,854
349,867
349,962
350,406
350,418
350,422
350,434
350,491
350,545
350,731
350,734
350,736
350,809
350,855
350,911
350,924
350,966
350,977
351,367
351,403
351,427
351,504
351,508
351,538
351,566
351,600
351,695
351,704
351,735
351,770
351,806
351,849
351,864
351,899
352,450
352,482
352,535
352,622
352,629
352,639
352,712
352,716
352,741
352,769
352,787
352,871
352,896
352,953
352,987
353,358
353,370
353,443
353,556
353,560
353,592
353,627
353,660
353,682
353,690
353,729
353,750
353,796
353,803
353,836
353,910
353,913
353,923
353,939
353,983
354,364
354,398
354,406
354,421
354,445
354,465
354,509
354,592
354,646
354,686
354,709
354,731
354,822
354,909
354,924
354,944
354,946
354,949
354,970
355,467
355,479
355,504
355,547
355,566
355,655
355,739
355,763
355,861
355,875
355,896
355,907
355,919
355,992
356,396
356,407
356,423
356,424
356,427
356,440
356,445
356,456
356,457
356,461
356,478
356,571
356,606
356,625
356,648
356,675
356,677
356,686
356,754
356,762
356,768
356,775
356,785
356,787
356,794
356,838
356,855
356,864
356,882
356,895
356,900
356,966
356,975
356,998
357,374
357,384
357,423
357,424
357,432
357,441
357,495
357,539
357,544
357,545
357,555
357,560
357,573
357,584
357,720
357,732
357,736
357,788
357,809
357,812
357,844
357,868
357,877
357,923
357,939
357,948
357,949
357,963
357,995
358,380
358,436
358,441
358,581
358,590
358,610
358,624
358,720
358,732
358,734
358,844
358,869
358,904
358,933
358,971
358,979
359,413
359,441
359,461
359,470
359,556
359,650
359,667
359,681
359,700
359,824
359,866
359,938
359,957
359,973
360,363
360,376
360,377
360,382
360,402
360,424
360,465
360,466
360,471
360,488
360,503
360,548
360,551
360,563
360,587
360,605
360,633
360,637
360,658
360,669
360,672
360,700
360,753
360,756
360,784
360,791
360,793
360,807
360,823
360,833
360,847
360,903
360,958
360,981
360,990
361,373
361,396
361,497
361,501
361,562
361,569
361,596
361,612
361,739
361,755
361,762
361,772
361,774
361,804
361,821
361,947
361,953
361,969
361,979
362,366
362,384
362,389
362,411
362,459
362,471
362,483
362,490
362,494
362,579
362,603
362,616
362,621
362,623
362,626
362,634
362,659
362,713
362,776
362,782
362,820
362,823
362,833
362,851
362,852
362,853
362,857
362,886
362,914
362,918
362,936
362,947
362,962
362,978
363,413
363,435
363,453
363,465
363,466
363,474
363,475
363,483
363,490
363,532
363,542
363,551
363,562
363,580
363,597
363,617
363,620
363,623
363,634
363,647
363,649
363,672
363,674
363,683
363,685
363,713
363,762
363,793
363,807
363,810
363,833
363,847
363,851
363,877
363,889
363,910
363,928
363,937
363,958
363,990
364,431
364,442
364,451
364,454
364,588
364,625
364,633
364,635
364,675
364,747
364,753
364,754
364,772
364,817
364,825
364,898
364,899
364,922
364,927
364,998
365,404
365,456
365,464
365,492
365,575
365,639
365,685
365,742
365,752
365,778
365,790
365,859
365,866
365,912
366,370
366,374
366,400
366,451
366,507
366,516
366,518
366,575
366,588
366,620
366,634
366,639
366,660
366,661
366,671
366,672
366,683
366,687
366,741
366,746
366,785
366,790
366,808
366,835
366,843
366,851
366,884
366,890
366,920
366,966
366,974
367,427
367,435
367,457
367,464
367,468
367,482
367,500
367,506
367,509
367,512
367,524
367,567
367,607
367,636
367,650
367,652
367,671
367,684
367,695
367,708
367,773
367,781
367,813
367,825
367,828
367,829
367,849
367,851
367,857
367,864
367,868
367,898
367,899
367,906
367,937
367,950
367,951
367,954
367,955
367,960
367,964
367,968
368,450
368,496
368,522
368,560
368,566
368,567
368,570
368,605
368,622
368,629
368,636
368,655
368,658
368,691
368,704
368,741
368,753
368,849
368,881
368,919
368,947
368,955
369,390
369,398
369,406
369,407
369,415
369,457
369,468
369,478
369,479
369,491
369,507
369,522
369,527
369,541
369,565
369,571
369,620
369,625
369,633
369,635
369,646
369,652
369,665
369,668
369,705
369,714
369,750
369,754
369,798
369,808
369,828
369,834
369,838
369,848
369,882
369,896
369,900
369,920
369,924
369,944
369,970
369,975
370,379
370,387
370,397
370,413
370,430
370,432
370,443
370,463
370,487
370,492
370,499
370,514
370,528
370,538
370,539
370,546
370,556
370,557
370,560
370,573
370,583
370,584
370,592
370,594
370,610
370,622
370,670
370,679
370,696
370,715
370,718
370,729
370,732
370,733
370,767
370,796
370,801
370,802
370,804
370,812
370,813
370,832
370,836
370,839
370,859
370,862
370,885
370,891
370,905
370,913
370,916
370,918
370,923
370,949
370,952
370,963
370,966
370,985
371,396
371,401
371,405
371,414
371,459
371,483
371,501
371,548
371,577
371,597
371,598
371,603
371,653
371,656
371,659
371,680
371,705
371,751
371,753
371,766
371,780
371,805
371,811
371,820
371,832
371,873
371,877
371,878
371,881
371,897
371,901
371,903
371,934
371,972
371,982
371,988
371,993
372,380
372,390
372,404
372,416
372,446
372,456
372,486
372,493
372,499
372,531
372,532
372,553
372,628
372,633
372,637
372,650
372,660
372,676
372,751
372,755
372,759
372,766
372,815
372,827
372,878
372,889
372,903
372,934
372,986
372,997
373,375
373,394
373,395
373,408
373,428
373,430
373,442
373,456
373,460
373,481
373,482
373,535
373,548
373,553
373,569
373,574
373,612
373,632
373,665
373,668
373,708
373,751
373,766
373,772
373,792
373,819
373,899
373,901
373,903
373,966
373,972
373,992
374,384
374,400
374,429
374,432
374,462
374,479
374,509
374,517
374,533
374,534
374,572
374,575
374,581
374,594
374,617
374,620
374,663
374,712
374,729
374,734
374,735
374,742
374,755
374,803
374,840
374,898
374,920
374,923
374,966
374,971
374,975
375,389
375,411
375,459
375,490
375,599
375,603
375,626
375,713
375,724
375,754
375,786
375,878
375,898
375,969
375,978
376,380
376,438
376,465
376,567
376,585
376,587
376,672
376,719
376,807
376,823
376,830
376,847
376,853
376,889
376,962
376,976
376,990
377,417
377,426
377,438
377,473
377,476
377,486
377,505
377,530
377,531
377,572
377,643
377,740
377,761
377,769
377,862
377,866
377,885
377,914
377,933
377,942
377,957
377,973
377,985
378,392
378,466
378,472
378,484
378,487
378,515
378,543
378,561
378,591
378,626
378,632
378,666
378,678
378,688
378,710
378,716
378,757
378,771
378,811
378,818
378,837
378,850
378,863
378,871
378,889
378,921
378,961
379,384
379,489
379,539
379,540
379,546
379,573
379,583
379,587
379,663
379,682
379,690
379,715
379,758
379,760
379,771
379,809
379,846
379,868
379,899
379,923
379,939
379,949
379,998
380,438
380,463
380,469
380,476
380,499
380,511
380,514
380,561
380,641
380,696
380,724
380,740
380,744
380,769
380,808
380,841
380,862
380,866
380,942
380,973
380,990
381,444
381,627
381,729
381,732
381,796
381,804
381,883
381,949
381,963
381,966
382,391
382,395
382,402
382,413
382,420
382,487
382,498
382,508
382,510
382,669
382,700
382,721
382,734
382,761
382,791
382,837
382,851
382,854
382,858
382,889
382,900
382,962
383,398
383,457
383,478
383,488
383,495
383,524
383,541
383,571
383,625
383,640
383,674
383,686
383,745
383,764
383,775
383,838
383,900
384,443
384,458
384,490
384,539
384,540
384,573
384,583
384,635
384,639
384,682
384,734
384,760
384,785
384,788
384,796
384,846
384,923
384,963
384,995
385,478
385,598
385,605
385,636
385,695
385,717
385,735
385,787
385,798
385,813
385,864
385,870
385,960
386,410
386,447
386,494
386,548
386,585
386,616
386,634
386,647
386,656
386,753
386,776
386,782
386,810
386,823
386,889
386,890
386,917
386,958
386,962
386,986
386,996
386,999
387,403
387,414
387,438
387,468
387,489
387,492
387,555
387,556
387,557
387,561
387,564
387,570
387,589
387,608
387,613
387,627
387,649
387,667
387,725
387,729
387,733
387,734
387,801
387,802
387,825
387,832
387,836
387,880
387,885
387,891
387,916
387,918
387,925
388,483
388,501
388,597
388,653
388,664
388,722
388,723
388,776
388,783
388,811
388,860
388,943
388,988
388,993
389,402
389,411
389,465
389,476
389,490
389,494
389,505
389,515
389,525
389,532
389,547
389,580
389,582
389,603
389,616
389,626
389,662
389,691
389,713
389,765
389,776
389,799
389,842
389,853
389,889
389,946
389,952
389,996
390,419
390,447
390,472
390,474
390,535
390,568
390,588
390,694
390,712
390,721
390,749
390,755
390,763
390,766
390,861
390,875
390,881
390,882
390,898
390,906
390,908
390,919
390,946
390,975
391,493
391,505
391,542
391,614
391,661
391,719
391,724
391,790
391,816
391,835
391,841
391,853
391,858
391,874
392,428
392,472
392,515
392,543
392,597
392,666
392,688
392,691
392,716
392,771
392,818
392,819
392,863
392,961
393,444
393,462
393,492
393,517
393,528
393,546
393,560
393,663
393,718
393,733
393,862
393,916
393,923
394,395
394,401
394,408
394,415
394,416
394,424
394,430
394,461
394,471
394,516
394,521
394,548
394,579
394,596
394,598
394,641
394,655
394,664
394,689
394,710
394,712
394,716
394,722
394,726
394,731
394,739
394,748
394,754
394,766
394,767
394,772
394,774
394,813
394,821
394,857
394,863
394,873
394,875
394,919
394,921
394,934
394,947
394,997
394,999
395,414
395,428
395,442
395,452
395,483
395,504
395,511
395,520
395,521
395,569
395,574
395,619
395,632
395,650
395,655
395,664
395,678
395,693
395,726
395,748
395,774
395,780
395,792
395,816
395,821
395,857
395,873
395,891
395,901
395,921
395,941
395,947
395,961
395,971
395,988
396,415
396,427
396,454
396,481
396,485
396,501
396,513
396,519
396,538
396,558
396,567
396,602
396,603
396,612
396,625
396,655
396,664
396,671
396,675
396,705
396,710
396,712
396,721
396,726
396,744
396,749
396,752
396,773
396,777
396,797
396,833
396,861
396,878
396,896
396,906
396,908
396,937
396,946
396,947
396,961
396,975
396,996
397,400
397,417
397,423
397,463
397,469
397,492
397,502
397,511
397,514
397,555
397,556
397,561
397,572
397,574
397,583
397,592
397,619
397,644
397,670
397,725
397,734
397,788
397,791
397,810
397,836
397,880
397,891
397,913
397,914
397,925
397,940
397,949
397,963
397,973
397,999
398,403
398,419
398,504
398,668
398,680
398,686
398,702
398,745
398,849
398,879
398,884
398,944
399,407
399,419
399,440
399,445
399,457
399,467
399,474
399,504
399,519
399,584
399,598
399,668
399,671
399,684
399,702
399,707
399,734
399,735
399,744
399,754
399,797
399,820
399,821
399,835
399,855
399,868
399,872
399,879
399,887
399,893
399,895
399,925
399,931
399,951
399,955
400,424
400,431
400,442
400,461
400,468
400,498
400,499
400,509
400,528
400,565
400,572
400,573
400,620
400,628
400,639
400,660
400,727
400,731
400,741
400,746
400,758
400,779
400,808
400,838
400,874
400,882
400,942
400,968
400,997
401,414
401,466
401,497
401,501
401,515
401,553
401,569
401,596
401,612
401,653
401,664
401,688
401,713
401,722
401,762
401,811
401,841
401,873
401,903
401,915
401,928
401,932
401,940
401,945
401,953
401,970
401,988
402,410
402,427
402,435
402,437
402,448
402,457
402,460
402,463
402,470
402,475
402,487
402,504
402,531
402,556
402,559
402,563
402,572
402,580
402,609
402,618
402,621
402,659
402,669
402,670
402,683
402,700
402,719
402,724
402,795
402,816
402,824
402,830
402,833
402,853
402,857
402,865
402,890
402,926
402,952
402,954
402,956
402,985
403,406
403,445
403,457
403,478
403,495
403,504
403,506
403,507
403,524
403,545
403,571
403,605
403,668
403,680
403,702
403,706
403,709
403,716
403,745
403,751
403,758
403,770
403,797
403,798
403,808
403,838
403,861
403,864
403,868
403,887
403,893
403,895
403,931
403,937
403,995
404,444
404,451
404,477
404,503
404,517
404,528
404,550
404,553
404,572
404,575
404,581
404,601
404,639
404,661
404,696
404,769
404,829
404,843
404,859
404,923
404,925
404,968
405,425
405,454
405,483
405,548
405,553
405,650
405,653
405,721
405,766
405,772
405,779
405,798
405,801
405,820
405,840
405,872
405,999
406,424
406,451
406,458
406,461
406,478
406,491
406,507
406,522
406,554
406,584
406,630
406,646
406,686
406,698
406,699
406,709
406,731
406,734
406,754
406,758
406,779
406,788
406,836
406,887
406,906
406,909
406,924
406,944
406,961
406,972
406,989
407,413
407,450
407,457
407,464
407,478
407,482
407,625
407,635
407,648
407,652
407,660
407,677
407,684
407,712
407,714
407,727
407,730
407,754
407,770
407,779
407,800
407,809
407,859
407,882
407,898
407,899
407,922
407,924
407,972
407,975
408,434
408,467
408,516
408,548
408,574
408,597
408,602
408,612
408,629
408,655
408,708
408,739
408,767
408,789
408,819
408,857
408,861
408,869
408,881
408,919
408,947
408,953
409,415
409,431
409,454
409,485
409,488
409,766
409,777
409,800
409,807
409,946
410,448
410,455
410,460
410,469
410,551
410,563
410,580
410,587
410,609
410,673
410,700
410,716
410,719
410,795
410,816
410,867
410,889
410,952
410,956
410,986
410,990
411,420
411,427
411,459
411,460
411,470
411,490
411,516
411,525
411,529
411,547
411,566
411,576
411,603
411,604
411,616
411,646
411,695
411,713
411,743
411,755
411,776
411,782
411,816
411,878
411,886
411,978
411,990
411,993
412,492
412,509
412,516
412,524
412,529
412,533
412,541
412,554
412,567
412,568
412,573
412,575
412,594
412,595
412,613
412,617
412,620
412,639
412,650
412,679
412,698
412,752
412,768
412,785
412,797
412,808
412,817
412,835
412,842
412,847
412,852
412,865
412,898
412,920
412,939
412,942
413,417
413,420
413,437
413,447
413,448
413,468
413,469
413,473
413,475
413,476
413,487
413,505
413,530
413,531
413,575
413,580
413,603
413,618
413,628
413,635
413,649
413,669
413,681
413,702
413,712
413,719
413,742
413,765
413,795
413,799
413,816
413,833
413,837
413,853
413,854
413,868
413,874
413,933
413,959
413,980
413,985
414,416
414,468
414,483
414,515
414,553
414,566
414,597
414,599
414,623
414,653
414,658
414,676
414,683
414,689
414,691
414,722
414,756
414,759
414,762
414,784
414,812
414,826
414,853
414,859
414,872
414,901
414,903
414,921
414,923
414,926
414,938
414,945
414,947
414,970
414,972
414,982
414,988
414,993
415,430
415,442
415,466
415,468
415,485
415,488
415,507
415,535
415,548
415,574
415,588
415,635
415,653
415,654
415,665
415,721
415,751
415,767
415,817
415,818
415,901
415,922
415,927
415,972
415,975
416,431
416,456
416,488
416,493
416,543
416,554
416,571
416,586
416,589
416,628
416,633
416,635
416,637
416,641
416,660
416,674
416,683
416,687
416,723
416,732
416,746
416,751
416,759
416,763
416,766
416,768
416,777
416,825
416,827
416,842
416,901
416,934
416,946
416,960
416,961
416,971
416,979
417,463
417,476
417,486
417,499
417,502
417,505
417,511
417,514
417,530
417,531
417,534
417,538
417,548
417,550
417,561
417,575
417,660
417,667
417,669
417,738
417,740
417,792
417,839
417,914
417,926
417,927
417,957
417,973
418,445
418,450
418,458
418,507
418,527
418,532
418,545
418,552
418,619
418,660
418,703
418,714
418,736
418,788
418,879
418,883
418,884
419,452
419,535
419,566
419,567
419,571
419,598
419,606
419,607
419,626
419,632
419,640
419,684
419,695
419,747
419,798
419,831
419,838
419,848
419,849
419,857
419,868
419,870
419,872
419,881
419,906
419,937
419,951
419,954
419,960
420,435
420,475
420,542
420,551
420,604
420,606
420,613
420,621
420,643
420,649
420,661
420,683
420,700
420,723
420,738
420,780
420,784
420,790
420,791
420,799
420,837
420,841
420,854
420,867
420,871
420,934
420,935
420,939
420,942
420,949
420,985
421,431
421,443
421,469
421,478
421,495
421,522
421,554
421,617
421,646
421,665
421,676
421,679
421,682
421,699
421,705
421,731
421,801
421,805
421,814
421,828
421,884
421,901
421,920
421,924
421,930
421,939
421,940
421,983
421,997
422,432
422,445
422,458
422,495
422,527
422,530
422,552
422,557
422,584
422,619
422,652
422,668
422,699
422,703
422,705
422,736
422,758
422,785
422,830
422,887
422,924
422,983
423,426
423,432
423,438
423,447
423,537
423,540
423,555
423,594
423,612
423,613
423,646
423,668
423,734
423,758
423,801
423,803
423,885
423,901
423,909
423,920
424,441
424,500
424,539
424,573
424,608
424,617
424,630
424,690
424,697
424,720
424,760
424,788
424,802
424,812
424,844
424,874
424,904
424,949
424,963
424,995
425,442
425,454
425,456
425,470
425,493
425,496
425,501
425,521
425,548
425,594
425,596
425,660
425,669
425,721
425,739
425,749
425,756
425,766
425,772
425,777
425,778
425,806
425,840
425,944
425,970
425,972
425,982
426,429
426,462
426,489
426,491
426,531
426,556
426,560
426,592
426,595
426,713
426,725
426,726
426,732
426,734
426,768
426,790
426,814
426,835
426,862
426,871
427,445
427,457
427,478
427,566
427,571
427,640
427,686
427,689
427,706
427,730
427,735
427,781
427,826
427,861
427,864
427,879
427,887
427,893
427,895
427,974
428,454
428,477
428,479
428,515
428,530
428,543
428,596
428,612
428,613
428,632
428,636
428,652
428,656
428,658
428,669
428,689
428,693
428,722
428,726
428,748
428,767
428,774
428,789
428,792
428,808
428,821
428,829
428,857
428,863
428,919
428,934
428,975
429,477
429,507
429,509
429,516
429,519
429,627
429,639
429,679
429,734
429,768
429,786
429,796
429,801
429,808
429,855
429,924
429,966
429,989
430,442
430,452
430,478
430,481
430,482
430,496
430,515
430,535
430,548
430,556
430,574
430,605
430,612
430,622
430,655
430,656
430,679
430,720
430,739
430,751
430,774
430,789
430,857
430,875
430,901
430,903
430,906
430,927
430,947
430,955
430,956
430,971
430,972
430,998
431,433
431,451
431,462
431,481
431,514
431,518
431,522
431,541
431,554
431,588
431,639
431,646
431,679
431,683
431,697
431,723
431,724
431,751
431,764
431,777
431,779
431,800
431,808
431,822
431,835
431,884
431,908
431,909
431,920
431,922
431,924
431,954
431,966
431,978
432,482
432,537
432,572
432,574
432,593
432,608
432,617
432,619
432,620
432,646
432,652
432,682
432,720
432,734
432,764
432,898
432,920
432,966
432,977
433,449
433,451
433,464
433,478
433,479
433,533
433,535
433,541
433,550
433,554
433,588
433,594
433,597
433,668
433,675
433,677
433,735
433,796
433,817
433,835
433,882
433,896
433,909
433,927
433,963
433,971
433,979
433,989
433,998
434,516
434,553
434,595
434,597
434,655
434,658
434,684
434,712
434,721
434,748
434,763
434,767
434,774
434,792
434,897
434,921
434,947
434,987
435,442
435,449
435,465
435,466
435,514
435,562
435,563
435,564
435,582
435,599
435,603
435,604
435,621
435,626
435,628
435,639
435,641
435,643
435,662
435,700
435,719
435,753
435,761
435,780
435,784
435,793
435,799
435,824
435,837
435,851
435,853
435,854
435,866
435,867
435,874
435,876
435,880
435,898
435,921
435,929
435,942
435,962
435,965
436,441
436,474
436,495
436,511
436,550
436,553
436,564
436,573
436,584
436,610
436,611
436,619
436,627
436,657
436,682
436,690
436,720
436,728
436,729
436,731
436,732
436,733
436,737
436,750
436,764
436,788
436,796
436,801
436,804
436,812
436,814
436,836
436,865
436,866
436,869
436,877
436,885
436,904
436,910
436,925
436,945
436,949
436,954
437,451
437,466
437,468
437,474
437,528
437,531
437,547
437,556
437,572
437,575
437,576
437,589
437,631
437,649
437,653
437,665
437,691
437,696
437,700
437,710
437,718
437,737
437,765
437,774
437,778
437,780
437,799
437,830
437,841
437,843
437,853
437,866
437,874
437,936
437,938
437,942
437,959
437,971
438,463
438,469
438,470
438,476
438,511
438,528
438,561
438,592
438,606
438,644
438,667
438,680
438,698
438,780
438,858
438,880
438,902
438,911
439,559
439,594
439,667
439,681
439,719
439,791
439,824
439,833
439,914
439,915
439,926
439,938
439,959
439,980
440,453
440,457
440,474
440,506
440,511
440,518
440,617
440,640
440,652
440,654
440,655
440,660
440,680
440,707
440,708
440,730
440,735
440,758
440,770
440,774
440,813
440,828
440,830
440,848
440,866
440,868
440,871
440,899
440,931
440,974
440,984
441,458
441,477
441,487
441,489
441,500
441,531
441,573
441,590
441,610
441,611
441,624
441,647
441,656
441,657
441,684
441,729
441,750
441,778
441,812
441,814
441,869
441,904
441,909
441,958
441,963
442,481
442,484
442,501
442,506
442,508
442,513
442,521
442,543
442,548
442,550
442,554
442,568
442,574
442,576
442,605
442,622
442,627
442,655
442,660
442,661
442,662
442,712
442,722
442,726
442,731
442,751
442,767
442,789
442,811
442,819
442,825
442,840
442,848
442,882
442,895
442,896
442,909
442,931
442,947
442,970
442,972
442,975
443,444
443,492
443,511
443,556
443,557
443,573
443,581
443,630
443,682
443,690
443,720
443,728
443,731
443,794
443,796
443,800
443,803
443,808
443,832
443,836
443,885
443,904
443,923
444,462
444,476
444,499
444,509
444,528
444,534
444,560
444,612
444,696
444,729
444,850
444,862
444,902
444,905
444,929
445,458
445,462
445,474
445,495
445,498
445,552
445,584
445,599
445,619
445,652
445,680
445,703
445,727
445,736
445,764
445,785
445,798
445,809
445,846
445,865
445,887
445,918
445,939
445,947
445,995
446,463
446,498
446,588
446,605
446,633
446,637
446,645
446,723
446,744
446,772
446,808
446,874
446,878
446,907
446,940
446,971
446,979
446,990
447,459
447,494
447,549
447,585
447,623
447,634
447,647
447,753
447,782
447,793
447,810
447,823
447,958
448,460
448,473
448,505
448,551
448,563
448,580
448,626
448,784
448,795
448,816
448,833
448,926
448,952
448,956
448,959
448,985
449,460
449,494
449,508
449,514
449,523
449,538
449,550
449,551
449,556
449,574
449,576
449,601
449,613
449,614
449,621
449,631
449,650
449,661
449,674
449,683
449,723
449,738
449,766
449,778
449,810
449,815
449,827
449,830
449,841
449,842
449,851
449,853
449,878
449,889
449,938
449,962
450,501
450,536
450,598
450,622
450,654
450,694
450,711
450,749
450,763
450,805
450,848
450,849
450,878
450,922
451,541
451,554
451,567
451,573
451,588
451,609
451,619
451,620
451,625
451,639
451,665
451,675
451,709
451,712
451,739
451,748
451,766
451,783
451,817
451,825
451,840
451,882
451,898
451,922
451,926
451,927
451,967
451,968
451,972
452,504
452,535
452,552
452,567
452,578
452,629
452,640
452,684
452,695
452,698
452,707
452,767
452,798
452,818
452,910
452,937
452,954
452,964
452,987
453,466
453,508
453,549
453,562
453,601
453,635
453,674
453,683
453,753
453,793
453,810
453,815
453,874
453,876
453,897
453,925
453,965
453,969
453,986
454,479
454,481
454,497
454,509
454,518
454,520
454,541
454,684
454,701
454,712
454,777
454,852
454,896
454,898
454,908
454,972
454,975
454,998
455,469
455,473
455,476
455,489
455,492
455,530
455,576
455,640
455,649
455,669
455,769
455,782
455,790
455,830
455,839
455,841
455,854
455,855
455,866
455,884
455,897
455,936
455,948
455,957
455,962
456,459
456,463
456,493
456,528
456,532
456,551
456,565
456,569
456,602
456,613
456,637
456,653
456,659
456,689
456,696
456,749
456,759
456,762
456,767
456,778
456,789
456,811
456,827
456,838
456,842
456,843
456,854
456,874
456,880
456,925
456,934
456,957
456,999
457,461
457,490
457,493
457,504
457,543
457,554
457,560
457,567
457,569
457,600
457,631
457,677
457,684
457,689
457,706
457,708
457,712
457,746
457,754
457,755
457,764
457,780
457,828
457,829
457,840
457,864
457,882
457,895
457,903
457,906
457,908
457,963
457,989
458,495
458,552
458,581
458,584
458,594
458,652
458,730
458,736
458,764
458,785
458,812
458,822
458,852
458,889
458,911
458,939
458,954
458,977
459,460
459,471
459,484
459,490
459,603
459,616
459,626
459,662
459,674
459,713
459,753
459,762
459,771
459,792
459,793
459,820
459,841
459,874
459,877
459,976
459,978
459,990
459,992
460,470
460,471
460,473
460,528
460,563
460,580
460,604
460,618
460,648
460,649
460,691
460,700
460,719
460,788
460,816
460,856
460,858
460,885
460,889
460,935
460,956
460,981
461,468
461,475
461,522
461,566
461,602
461,617
461,619
461,620
461,635
461,639
461,640
461,665
461,694
461,702
461,705
461,709
461,731
461,751
461,760
461,786
461,801
461,817
461,847
461,866
461,874
461,882
461,884
461,887
461,922
461,924
461,944
461,962
461,967
461,983
462,468
462,476
462,492
462,499
462,517
462,528
462,556
462,560
462,561
462,575
462,628
462,655
462,710
462,725
462,734
462,740
462,778
462,813
462,832
462,836
462,846
462,859
462,866
462,867
462,902
462,916
462,940
462,956
462,965
463,466
463,468
463,470
463,487
463,499
463,511
463,514
463,542
463,556
463,561
463,566
463,587
463,597
463,616
463,626
463,650
463,658
463,667
463,673
463,688
463,725
463,733
463,742
463,757
463,795
463,796
463,827
463,874
463,880
463,914
463,936
463,940
463,957
463,959
463,973
464,470
464,478
464,496
464,548
464,605
464,635
464,661
464,677
464,680
464,698
464,712
464,726
464,727
464,754
464,787
464,792
464,800
464,813
464,843
464,882
464,896
464,899
464,906
464,927
464,967
464,975
464,980
464,983
465,549
465,551
465,587
465,591
465,604
465,626
465,666
465,672
465,750
465,753
465,807
465,810
465,820
465,823
465,847
465,859
465,866
465,878
465,889
465,913
465,937
465,938
465,965
465,981
465,982
466,523
466,542
466,598
466,614
466,621
466,683
466,719
466,753
466,784
466,794
466,799
466,837
466,866
466,867
466,888
466,890
466,920
466,940
466,962
466,965
467,505
467,521
467,558
467,588
467,598
467,622
467,656
467,691
467,693
467,711
467,717
467,726
467,763
467,774
467,787
467,821
467,862
467,875
467,876
467,891
467,918
467,954
467,987
468,469
468,488
468,492
468,532
468,554
468,556
468,560
468,567
468,572
468,574
468,575
468,604
468,613
468,617
468,628
468,633
468,637
468,639
468,696
468,729
468,734
468,753
468,759
468,760
468,780
468,786
468,802
468,830
468,851
468,854
468,859
468,866
468,874
468,942
468,968
468,971
468,997
469,473
469,475
469,476
469,487
469,493
469,508
469,511
469,542
469,559
469,586
469,609
469,610
469,649
469,669
469,670
469,713
469,769
469,795
469,816
469,833
469,836
469,847
469,851
469,858
469,883
469,903
469,926
469,933
469,936
469,940
469,946
469,957
469,959
469,980
469,985
470,479
470,511
470,514
470,528
470,531
470,542
470,547
470,567
470,586
470,588
470,667
470,670
470,673
470,725
470,737
470,742
470,765
470,803
470,830
470,832
470,839
470,841
470,891
470,913
470,946
470,959
470,973
471,498
471,552
471,563
471,580
471,650
471,700
471,719
471,752
471,851
471,858
471,889
471,891
471,897
471,929
471,935
471,956
471,985
472,506
472,515
472,582
472,591
472,603
472,643
472,666
472,684
472,688
472,689
472,691
472,757
472,771
472,818
472,849
472,850
472,860
472,863
472,917
472,922
472,943
472,961
473,475
473,487
473,510
473,559
473,620
473,621
473,637
473,659
473,661
473,669
473,700
473,719
473,740
473,752
473,784
473,794
473,795
473,816
473,837
473,840
473,854
473,867
473,926
473,935
473,968
473,980
473,985
474,504
474,506
474,512
474,518
474,521
474,524
474,573
474,629
474,671
474,697
474,703
474,707
474,735
474,745
474,751
474,797
474,798
474,828
474,852
474,864
474,868
474,870
474,872
474,880
474,895
474,899
474,931
474,972
474,974
474,994
475,476
475,481
475,487
475,498
475,505
475,539
475,542
475,553
475,556
475,559
475,595
475,669
475,681
475,725
475,756
475,761
475,791
475,795
475,833
475,854
475,914
475,926
475,933
475,959
475,980
475,985
476,505
476,509
476,510
476,523
476,531
476,586
476,614
476,632
476,669
476,670
476,681
476,685
476,715
476,721
476,729
476,737
476,740
476,749
476,752
476,762
476,765
476,784
476,788
476,794
476,830
476,837
476,855
476,880
476,911
476,925
476,933
476,952
476,956
476,957
476,959
476,973
476,977
476,981
477,511
477,556
477,572
477,715
477,727
477,780
477,790
477,905
478,504
478,522
478,554
478,588
478,602
478,606
478,617
478,625
478,628
478,639
478,648
478,654
478,662
478,670
478,674
478,677
478,686
478,712
478,723
478,727
478,754
478,773
478,800
478,828
478,868
478,882
478,887
478,895
478,896
478,898
478,899
478,939
478,964
478,968
478,973
478,975
479,541
479,554
479,595
479,607
479,646
479,654
479,665
479,699
479,705
479,748
479,775
479,805
479,835
479,871
479,884
479,900
479,924
479,930
479,967
479,975
480,486
480,498
480,532
480,576
480,613
480,614
480,661
480,683
480,701
480,722
480,724
480,776
480,797
480,815
480,820
480,823
480,853
480,878
480,891
480,917
480,925
480,941
480,981
480,986
481,513
481,532
481,554
481,558
481,587
481,612
481,635
481,686
481,703
481,712
481,720
481,723
481,749
481,766
481,770
481,773
481,915
481,927
481,954
481,972
481,975
482,540
482,566
482,570
482,596
482,598
482,690
482,694
482,774
482,789
482,870
482,955
482,972
483,488
483,509
483,536
483,596
483,631
483,653
483,659
483,713
483,762
483,766
483,774
483,833
483,851
483,894
483,934
483,996
484,487
484,490
484,497
484,500
484,503
484,603
484,606
484,616
484,662
484,701
484,710
484,748
484,756
484,776
484,943
484,956
484,965
484,976
485,488
485,505
485,531
485,574
485,622
485,635
485,676
485,690
485,712
485,723
485,766
485,773
485,777
485,811
485,842
485,882
485,919
485,943
485,965
485,972
486,530
486,627
486,657
486,740
486,769
486,794
486,824
486,854
486,908
486,938
486,973
487,494
487,505
487,510
487,551
487,559
487,563
487,587
487,595
487,604
487,669
487,674
487,680
487,719
487,737
487,739
487,749
487,761
487,769
487,780
487,791
487,794
487,795
487,807
487,823
487,837
487,841
487,847
487,854
487,867
487,876
487,881
487,916
487,933
487,942
487,951
487,956
487,959
487,971
487,996
488,493
488,501
488,549
488,612
488,649
488,660
488,690
488,721
488,754
488,766
488,773
488,777
488,789
488,799
488,925
488,972
488,979
489,512
489,528
489,561
489,583
489,588
489,592
489,594
489,608
489,619
489,639
489,695
489,720
489,752
489,801
489,804
489,832
489,913
490,494
490,551
490,558
490,569
490,585
490,599
490,603
490,626
490,646
490,672
490,678
490,693
490,710
490,727
490,751
490,753
490,756
490,776
490,820
490,898
490,918
490,926
490,956
490,958
491,504
491,507
491,522
491,554
491,557
491,584
491,639
491,709
491,712
491,720
491,731
491,734
491,758
491,805
491,812
491,822
491,844
491,852
491,882
491,887
491,911
491,922
491,923
491,924
491,940
491,972
492,510
492,528
492,538
492,539
492,540
492,557
492,564
492,572
492,573
492,581
492,589
492,592
492,594
492,627
492,641
492,663
492,690
492,724
492,728
492,733
492,734
492,760
492,796
492,800
492,801
492,803
492,820
492,836
492,848
492,865
492,933
492,948
492,966
493,496
493,533
493,543
493,574
493,623
493,628
493,633
493,641
493,642
493,661
493,676
493,710
493,723
493,751
493,755
493,762
493,814
493,825
493,842
493,934
493,946
494,552
494,603
494,626
494,634
494,647
494,653
494,674
494,683
494,733
494,753
494,762
494,824
494,856
494,887
494,889
494,916
494,958
495,515
495,524
495,540
495,552
495,559
495,570
495,584
495,593
495,639
495,643
495,648
495,652
495,702
495,703
495,720
495,730
495,743
495,758
495,785
495,809
495,881
495,887
495,893
495,924
495,927
495,931
495,950
496,536
496,569
496,574
496,633
496,721
496,751
496,766
496,817
496,840
496,848
496,892
496,902
496,946
496,947
497,503
497,520
497,532
497,543
497,572
497,574
497,577
497,579
497,582
497,597
497,599
497,603
497,628
497,655
497,658
497,662
497,678
497,688
497,710
497,716
497,756
497,818
497,820
497,845
497,877
497,894
497,945
497,969
497,996
498,541
498,551
498,562
498,601
498,642
498,674
498,683
498,719
498,778
498,810
498,837
498,842
498,874
498,876
498,878
498,890
498,897
498,915
498,917
498,938
498,965
498,986
498,990
499,502
499,525
499,550
499,555
499,557
499,561
499,572
499,583
499,631
499,639
499,644
499,674
499,685
499,696
499,733
499,736
499,737
499,746
499,750
499,774
499,778
499,780
499,827
499,859
499,862
499,866
499,880
499,891
499,912
499,913
499,927
499,945
499,959
500,581
500,608
500,610
500,720
500,732
500,742
500,750
500,763
500,814
500,832
500,904
500,910
500,912
500,923
500,938
500,963
501,548
501,569
501,574
501,596
501,604
501,628
501,641
501,652
501,655
501,658
501,684
501,723
501,726
501,748
501,751
501,782
501,792
501,808
501,811
501,821
501,857
501,865
501,873
501,895
501,901
501,965
501,972
501,988
501,991
502,533
502,534
502,555
502,556
502,561
502,576
502,609
502,669
502,673
502,682
502,718
502,725
502,733
502,738
502,750
502,758
502,801
502,824
502,836
502,862
502,905
502,940
503,525
503,543
503,558
503,582
503,599
503,662
503,678
503,710
503,716
503,756
503,757
503,783
503,877
503,894
503,941
503,969
503,983
503,993
503,996
504,506
504,518
504,553
504,554
504,567
504,585
504,599
504,610
504,646
504,654
504,668
504,706
504,707
504,708
504,735
504,754
504,756
504,781
504,789
504,818
504,828
504,834
504,848
504,857
504,872
504,873
504,879
504,882
504,893
504,895
504,899
504,906
504,931
504,951
504,974
504,989
505,535
505,556
505,572
505,588
505,618
505,627
505,637
505,667
505,669
505,670
505,673
505,681
505,724
505,740
505,765
505,769
505,780
505,839
505,854
505,862
505,933
505,952
505,957
505,959
505,973
505,980
505,985
506,518
506,570
506,600
506,602
506,607
506,652
506,668
506,671
506,700
506,707
506,712
506,735
506,745
506,763
506,770
506,834
506,844
506,848
506,870
506,871
506,899
506,937
506,974
507,518
507,524
507,583
507,593
507,619
507,646
507,652
507,665
507,698
507,699
507,703
507,709
507,714
507,731
507,754
507,785
507,817
507,822
507,835
507,882
507,887
507,909
507,923
507,927
507,939
507,944
507,972
507,983
508,531
508,542
508,553
508,576
508,613
508,659
508,683
508,703
508,761
508,786
508,823
508,847
508,876
508,886
508,901
508,965
508,986
509,522
509,533
509,538
509,565
509,567
509,569
509,617
509,639
509,682
509,705
509,764
509,766
509,768
509,842
509,866
509,920
509,940
509,997
510,572
510,669
510,700
510,738
510,761
510,778
510,782
510,791
510,816
510,837
510,890
510,894
510,915
510,929
510,954
510,956
511,514
511,531
511,555
511,557
511,561
511,563
511,572
511,589
511,592
511,608
511,630
511,667
511,673
511,715
511,725
511,733
511,737
511,765
511,790
511,832
511,880
511,891
511,910
511,942
511,983
511,996
512,550
512,567
512,600
512,607
512,631
512,636
512,640
512,657
512,668
512,684
512,695
512,708
512,749
512,757
512,787
512,798
512,806
512,829
512,864
512,868
512,882
512,906
512,919
512,937
512,938
512,951
512,954
512,960
512,964
512,998
513,554
513,565
513,588
513,712
513,751
513,766
513,773
513,870
513,908
513,939
513,947
513,972
513,975
514,560
514,617
514,667
514,670
514,673
514,721
514,724
514,733
514,753
514,780
514,833
514,865
514,866
514,914
514,938
514,949
514,987
515,543
515,569
515,577
515,591
515,597
515,628
515,632
515,688
515,691
515,709
515,710
515,716
515,757
515,818
515,820
515,845
515,863
515,877
515,882
515,894
516,574
516,578
516,605
516,612
516,636
516,655
516,724
516,748
516,767
516,789
516,821
516,824
516,861
516,868
516,873
516,919
516,972
517,538
517,670
517,718
517,798
517,920
517,947
518,571
518,684
518,701
518,707
518,727
518,730
518,735
518,770
518,784
518,798
518,813
518,829
518,848
518,868
518,872
518,881
518,893
518,899
518,931
518,937
518,951
518,964
519,566
519,622
519,681
519,712
519,755
519,849
519,896
519,908
519,972
520,528
520,549
520,579
520,582
520,597
520,615
520,637
520,651
520,678
520,693
520,701
520,716
520,739
520,756
520,766
520,774
520,873
520,886
520,891
520,894
520,932
520,972
521,548
521,558
521,605
521,629
521,640
521,655
521,711
521,714
521,739
521,863
521,918
521,955
521,964
521,972
521,987
522,533
522,593
522,608
522,617
522,619
522,620
522,635
522,646
522,665
522,679
522,705
522,709
522,731
522,734
522,735
522,759
522,764
522,770
522,785
522,805
522,835
522,840
522,857
522,882
522,909
522,914
522,922
522,924
522,971
522,983
523,576
523,621
523,642
523,649
523,738
523,766
523,782
523,784
523,799
523,816
523,830
523,837
523,867
523,925
523,962
523,965
524,554
524,571
524,581
524,597
524,616
524,625
524,639
524,665
524,684
524,686
524,697
524,698
524,714
524,754
524,785
524,790
524,800
524,834
524,838
524,885
524,893
524,900
524,974
524,994
525,560
525,578
525,582
525,597
525,603
525,662
525,678
525,710
525,713
525,792
525,793
525,873
525,894
525,976
525,991
526,536
526,547
526,613
526,618
526,623
526,762
526,793
526,821
526,850
526,878
526,925
526,934
526,942
526,971
526,979
526,982
527,552
527,572
527,584
527,595
527,619
527,652
527,654
527,706
527,709
527,731
527,758
527,760
527,785
527,812
527,822
527,872
527,885
527,930
527,939
528,539
528,546
528,560
528,577
528,583
528,592
528,594
528,643
528,682
528,760
528,803
528,839
528,862
528,864
528,865
528,880
528,891
528,902
528,904
528,905
528,916
528,966
529,614
529,619
529,623
529,628
529,653
529,662
529,722
529,763
529,780
529,872
529,873
529,886
529,901
529,970
529,996
530,560
530,583
530,613
530,614
530,630
530,645
530,649
530,673
530,723
530,724
530,780
530,790
530,824
530,841
530,853
530,866
530,867
530,930
530,936
530,938
530,959
531,534
531,561
531,586
531,617
531,669
531,670
531,673
531,737
531,765
531,837
531,880
531,905
531,971
532,542
532,553
532,562
532,565
532,614
532,631
532,650
532,655
532,661
532,683
532,701
532,738
532,766
532,772
532,784
532,786
532,805
532,830
532,841
532,853
532,873
532,898
532,925
532,940
532,956
532,962
533,534
533,620
533,626
533,628
533,639
533,673
533,677
533,712
533,734
533,736
533,754
533,768
533,825
533,902
533,920
533,940
533,985
534,538
534,550
534,555
534,561
534,565
534,572
534,627
534,687
534,902
534,912
535,548
535,603
535,629
535,635
535,652
535,728
535,739
535,749
535,772
535,774
535,778
535,819
535,828
535,861
535,875
535,886
535,918
535,920
535,960
535,982
536,621
536,627
536,641
536,683
536,704
536,762
536,776
536,786
536,872
536,939
536,969
536,979
536,986
536,999
537,594
537,720
537,768
537,776
537,812
537,855
537,923
537,946
537,948
537,997
538,549
538,560
538,572
538,575
538,584
538,639
538,715
538,746
538,808
538,813
538,815
538,916
538,946
538,966
538,997
539,540
539,552
539,564
539,630
539,682
539,729
539,731
539,732
539,758
539,760
539,766
539,788
539,790
539,804
539,807
539,812
539,832
539,836
539,844
539,852
539,885
539,909
539,910
539,923
539,940
539,963
539,966
539,995
540,545
540,581
540,617
540,630
540,663
540,679
540,682
540,720
540,729
540,734
540,736
540,758
540,760
540,796
540,846
540,883
540,885
540,920
540,924
540,956
541,554
541,557
541,581
541,596
541,679
541,738
541,768
541,788
541,809
541,828
541,830
541,834
541,849
541,877
541,900
541,908
541,909
541,922
541,967
541,999
542,588
542,589
542,621
542,650
542,682
542,700
542,701
542,715
542,724
542,738
542,761
542,778
542,784
542,790
542,799
542,841
542,851
542,935
542,965
542,971
543,558
543,577
543,591
543,599
543,606
543,613
543,615
543,632
543,655
543,658
543,664
543,669
543,687
543,688
543,689
543,691
543,693
543,716
543,726
543,754
543,757
543,786
543,806
543,818
543,819
543,849
543,857
543,860
543,873
543,877
543,903
543,921
543,934
543,943
543,953
543,965
543,980
543,987
544,646
544,720
544,802
544,948
544,995
545,630
545,758
545,785
545,809
545,822
545,849
545,855
545,939
546,561
546,639
546,707
546,801
546,836
546,916
546,922
546,944
546,966
547,549
547,551
547,553
547,585
547,587
547,623
547,626
547,629
547,635
547,714
547,738
547,743
547,757
547,762
547,778
547,783
547,792
547,793
547,820
547,856
547,878
547,889
547,932
547,946
547,949
547,969
547,996
548,568
548,569
548,574
548,605
548,625
548,689
548,772
548,773
548,789
548,797
548,821
548,898
548,901
548,941
548,947
548,955
548,972
548,999
549,553
549,574
549,585
549,620
549,623
549,634
549,642
549,753
549,762
549,778
549,786
549,800
549,820
549,830
549,866
549,876
549,897
549,915
549,971
549,982
549,996
550,554
550,561
550,572
550,679
550,685
550,696
550,725
550,749
550,763
550,780
550,839
550,866
550,926
550,936
550,938
550,971
551,562
551,597
551,661
551,674
551,683
551,719
551,726
551,746
551,751
551,753
551,793
551,820
551,823
551,834
551,837
551,847
551,851
551,867
551,889
551,928
551,931
551,938
551,956
551,958
552,554
552,561
552,619
552,652
552,665
552,731
552,733
552,736
552,764
552,772
552,778
552,785
552,806
552,809
552,828
552,884
552,887
552,922
552,955
552,968
552,977
553,569
553,584
553,613
553,631
553,701
553,714
553,716
553,724
553,753
553,778
553,786
553,815
553,842
553,843
553,845
553,897
553,925
553,934
553,966
553,985
554,561
554,603
554,605
554,625
554,629
554,631
554,646
554,665
554,677
554,698
554,704
554,709
554,712
554,731
554,754
554,778
554,800
554,835
554,838
554,872
554,882
554,898
554,909
554,916
554,919
554,924
554,930
554,944
554,950
554,975
554,977
555,556
555,561
555,564
555,594
555,652
555,725
555,732
555,733
555,750
555,764
555,796
555,802
555,853
555,859
555,891
555,910
555,940
556,561
556,572
556,589
556,592
556,594
556,626
556,629
556,650
556,669
556,673
556,696
556,725
556,780
556,814
556,880
556,888
556,902
556,923
556,940
556,942
556,972
556,980
557,560
557,589
557,594
557,663
557,677
557,690
557,729
557,734
557,742
557,801
557,803
557,841
557,862
557,865
557,902
557,905
557,916
557,940
558,578
558,615
558,632
558,656
558,658
558,744
558,748
558,774
558,789
558,821
558,857
558,892
558,982
558,987
559,563
559,574
559,609
559,625
559,669
559,794
559,795
559,816
559,833
559,847
559,867
559,925
559,926
559,942
559,952
559,980
559,981
559,985
560,578
560,586
560,594
560,608
560,622
560,630
560,673
560,682
560,723
560,742
560,760
560,801
560,814
560,821
560,832
560,844
560,859
560,865
560,866
560,880
560,902
560,946
560,951
560,963
560,970
561,573
561,737
561,780
561,802
561,808
561,865
561,866
561,880
561,885
561,891
561,920
561,939
561,940
562,569
562,572
562,604
562,647
562,683
562,715
562,753
562,790
562,793
562,830
562,833
562,851
562,853
562,867
562,929
562,954
562,962
562,965
562,978
562,996
563,572
563,580
563,609
563,669
563,711
563,719
563,737
563,795
563,816
563,833
563,929
563,952
563,956
563,985
564,573
564,583
564,592
564,608
564,663
564,690
564,718
564,732
564,742
564,750
564,796
564,802
564,803
564,814
564,836
564,844
564,865
564,876
564,885
564,913
564,963
565,619
565,628
565,635
565,645
565,843
565,862
565,880
565,971
566,605
566,622
566,629
566,636
566,695
566,711
566,739
566,747
566,748
566,763
566,767
566,937
566,947
566,955
566,987
566,997
567,622
567,629
567,635
567,671
567,680
567,683
567,684
567,693
567,697
567,706
567,707
567,708
567,712
567,755
567,774
567,798
567,828
567,848
567,866
567,907
567,937
567,951
567,954
567,960
567,964
568,655
568,711
568,747
568,749
568,755
568,772
568,819
568,873
568,955
569,574
569,636
569,712
569,726
569,751
569,767
569,788
569,789
569,792
569,817
569,864
569,901
569,919
569,947
569,960
569,970
569,982
570,605
570,622
570,629
570,636
570,726
570,748
570,767
570,832
570,881
570,906
570,937
570,955
570,960
571,573
571,574
571,597
571,606
571,648
571,652
571,668
571,686
571,698
571,699
571,721
571,726
571,749
571,757
571,770
571,834
571,838
571,863
571,864
571,882
571,895
571,898
571,900
571,956
571,964
571,967
571,995
572,608
572,618
572,637
572,685
572,718
572,732
572,790
572,844
572,852
572,856
572,859
572,862
572,868
572,880
572,882
572,902
572,916
572,923
572,927
572,942
572,968
572,979
573,611
573,624
573,630
573,657
573,673
573,679
573,707
573,720
573,728
573,732
573,734
573,763
573,764
573,788
573,801
573,804
573,808
573,809
573,812
573,822
573,834
573,835
573,844
573,869
573,910
573,923
573,927
573,949
573,963
573,995
574,596
574,597
574,598
574,612
574,616
574,655
574,656
574,664
574,695
574,697
574,726
574,745
574,751
574,762
574,763
574,767
574,772
574,773
574,840
574,854
574,861
574,870
574,873
574,887
574,901
574,921
574,935
574,938
574,943
574,946
574,947
574,965
574,992
575,631
575,637
575,645
575,650
575,701
575,758
575,765
575,771
575,825
575,858
575,859
575,862
575,874
575,897
575,920
575,925
575,944
575,948
575,960
575,971
575,979
576,614
576,630
576,642
576,661
576,738
576,784
576,790
576,815
576,853
576,986
576,990
577,591
577,596
577,615
577,631
577,688
577,691
577,735
577,748
577,759
577,789
577,792
577,811
577,818
578,636
578,651
578,655
578,656
578,658
578,668
578,680
578,693
578,695
578,721
578,739
578,744
578,774
578,789
578,828
578,857
578,863
578,881
578,892
578,907
578,964
578,987
578,992
579,582
579,597
579,651
579,666
579,678
579,719
579,756
579,783
579,843
579,845
579,858
579,928
579,932
579,938
579,946
579,969
579,972
579,986
579,991
580,609
580,697
580,752
580,795
580,816
580,839
580,857
580,878
580,952
580,962
581,584
581,596
581,617
581,625
581,627
581,663
581,679
581,682
581,690
581,729
581,734
581,735
581,750
581,764
581,841
581,844
581,865
581,923
581,949
581,966
581,971
581,995
582,599
582,626
582,662
582,674
582,678
582,710
582,716
582,774
582,863
582,877
582,894
582,976
583,589
583,592
583,608
583,732
583,788
583,796
583,801
583,802
583,803
583,836
583,885
583,898
583,916
584,593
584,703
584,709
584,726
584,731
584,760
584,764
584,785
584,802
584,812
584,824
584,838
584,844
584,874
584,922
584,931
584,939
584,948
584,952
584,977
585,623
585,647
585,649
585,743
585,750
585,782
585,784
585,820
585,876
585,952
585,958
585,965
586,669
586,769
586,914
586,933
586,957
586,959
587,599
587,606
587,617
587,634
587,672
587,707
587,753
587,793
587,823
587,867
587,975
587,981
588,625
588,654
588,660
588,667
588,675
588,677
588,707
588,712
588,767
588,798
588,808
588,817
588,835
588,884
588,908
588,927
588,934
588,971
588,972
588,975
588,992
589,594
589,608
589,613
589,709
589,725
589,731
589,732
589,733
589,760
589,796
589,801
589,804
589,836
589,906
589,916
589,923
589,940
589,963
589,971
590,624
590,761
590,869
590,904
591,599
591,603
591,615
591,626
591,632
591,658
591,688
591,689
591,691
591,692
591,757
591,818
591,845
591,850
591,860
591,863
591,874
591,877
591,928
591,934
591,960
591,996
592,608
592,617
592,627
592,644
592,690
592,728
592,750
592,796
592,801
592,802
592,803
592,832
592,836
592,865
592,885
592,913
592,962
593,646
593,652
593,709
593,714
593,728
593,731
593,758
593,764
593,785
593,788
593,809
593,812
593,821
593,939
594,598
594,645
594,675
594,733
594,792
594,796
594,800
594,801
594,832
594,833
594,836
594,865
594,885
594,886
594,905
594,916
594,923
594,929
594,940
594,942
594,963
595,769
595,809
595,852
595,855
595,883
595,887
595,977
595,995
596,598
596,612
596,653
596,689
596,716
596,726
596,739
596,776
596,827
596,854
596,873
596,901
596,921
596,946
597,599
597,612
597,613
597,632
597,635
597,651
597,662
597,689
597,716
597,726
597,733
597,751
597,756
597,757
597,767
597,795
597,811
597,818
597,821
597,860
597,932
597,935
597,941
597,943
597,978
597,988
597,993
598,655
598,664
598,678
598,711
598,739
598,763
598,766
598,772
598,828
598,838
598,857
598,861
598,875
598,901
598,919
598,947
599,605
599,658
599,666
599,668
599,710
599,716
599,722
599,748
599,756
599,757
599,771
599,776
599,796
599,833
599,838
599,845
599,850
599,860
599,863
599,874
599,906
599,928
600,607
600,708
600,741
600,758
600,806
600,812
600,813
600,828
600,898
600,907
600,967
601,613
601,674
601,762
601,818
601,876
601,897
601,925
601,965
601,988
602,625
602,648
602,749
602,800
602,835
602,882
602,927
602,967
603,604
603,616
603,623
603,625
603,626
603,634
603,637
603,662
603,678
603,689
603,696
603,701
603,713
603,724
603,776
603,782
603,783
603,792
603,793
603,820
603,823
603,837
603,860
603,863
603,877
603,886
603,933
603,978
603,988
604,618
604,643
604,649
604,650
604,669
604,683
604,700
604,746
604,752
604,753
604,784
604,836
604,837
604,841
604,851
604,858
604,890
604,926
604,952
604,956
604,959
604,972
605,622
605,629
605,636
605,640
605,648
605,650
605,680
605,684
605,695
605,697
605,708
605,744
605,747
605,749
605,754
605,766
605,787
605,789
605,798
605,821
605,831
605,834
605,840
605,849
605,881
605,896
605,899
605,906
605,907
605,918
605,947
605,955
605,960
605,964
605,992
606,607
606,635
606,648
606,712
606,754
606,813
606,828
606,882
606,930
606,967
606,998
607,787
607,798
607,806
607,849
607,870
607,953
608,643
608,663
608,690
608,707
608,726
608,728
608,734
608,750
608,758
608,802
608,814
608,817
608,832
608,865
608,880
608,885
608,891
608,904
608,910
608,913
608,938
609,669
609,705
609,753
609,795
609,816
609,833
609,848
609,851
609,915
609,952
609,972
609,985
610,611
610,624
610,657
610,836
610,844
610,869
610,904
610,910
611,637
611,657
611,715
611,728
611,750
611,788
611,803
611,804
611,808
611,815
611,844
611,869
611,887
611,949
612,726
612,761
612,772
612,826
612,861
612,873
612,875
612,901
612,947
613,620
613,642
613,650
613,669
613,674
613,675
613,683
613,701
613,724
613,762
613,786
613,792
613,801
613,820
613,827
613,830
613,832
613,833
613,853
613,867
613,876
613,957
613,965
613,975
614,631
614,639
614,661
614,683
614,693
614,701
614,715
614,769
614,815
614,819
614,830
614,841
614,853
614,856
614,903
614,915
614,917
614,977
614,986
614,995
615,652
615,691
615,692
615,693
615,739
615,754
615,860
615,982
615,987
616,623
616,625
616,626
616,642
616,646
616,689
616,704
616,713
616,751
616,756
616,793
616,820
616,845
616,863
616,886
616,889
616,890
616,934
616,935
616,978
616,996
617,620
617,639
617,641
617,646
617,648
617,659
617,665
617,679
617,721
617,723
617,731
617,754
617,758
617,767
617,768
617,804
617,808
617,882
617,884
617,906
617,920
617,922
617,924
617,942
617,977
617,980
618,700
618,719
618,752
618,753
618,807
618,811
618,858
618,933
618,935
618,952
619,668
619,687
619,698
619,703
619,709
619,731
619,736
619,764
619,775
619,780
619,785
619,800
619,818
619,838
619,887
619,922
619,924
620,626
620,639
620,646
620,719
620,734
620,779
620,790
620,800
620,808
620,817
620,822
620,845
620,846
620,902
620,916
620,918
620,922
620,948
620,965
620,971
620,997
620,998
621,635
621,650
621,661
621,683
621,691
621,738
621,793
621,799
621,866
621,867
621,885
621,888
621,926
621,962
621,980
622,636
622,684
622,695
622,739
622,741
622,748
622,789
622,798
622,818
622,819
622,821
622,851
622,873
622,907
622,941
622,954
622,955
622,972
622,975
623,642
623,643
623,649
623,651
623,674
623,678
623,697
623,710
623,716
623,734
623,743
623,751
623,782
623,783
623,820
623,851
623,856
623,878
623,886
623,918
623,958
623,978
623,981
623,993
623,999
624,630
624,804
624,814
624,855
624,869
624,904
624,949
625,648
625,712
625,726
625,736
625,754
625,770
625,800
625,801
625,817
625,838
625,887
625,891
625,898
625,908
625,927
625,940
625,954
625,967
625,975
625,997
625,998
626,635
626,662
626,667
626,672
626,713
626,753
626,776
626,785
626,793
626,820
626,866
626,890
626,914
626,921
626,925
626,927
626,958
626,978
626,985
626,996
627,663
627,796
627,801
627,846
627,868
627,940
627,966
627,999
628,633
628,635
628,637
628,641
628,660
628,669
628,687
628,701
628,723
628,734
628,746
628,750
628,755
628,758
628,759
628,762
628,766
628,779
628,786
628,808
628,812
628,817
628,825
628,827
628,843
628,854
628,874
628,906
628,925
628,934
628,938
628,942
628,959
628,971
628,979
629,636
629,640
629,684
629,710
629,741
629,744
629,749
629,763
629,820
629,876
629,881
629,906
629,918
629,960
629,975
629,987
630,657
630,707
630,720
630,729
630,760
630,788
630,802
630,804
630,812
630,836
630,852
630,869
630,887
630,902
630,923
630,949
630,959
630,963
630,966
630,976
631,641
631,660
631,661
631,683
631,724
631,731
631,732
631,762
631,765
631,778
631,780
631,784
631,815
631,830
631,851
631,853
631,856
631,859
631,874
631,963
631,965
631,971
631,986
632,656
632,658
632,666
632,689
632,691
632,716
632,771
632,789
632,818
632,834
632,852
632,857
632,861
632,886
632,961
633,637
633,641
633,660
633,687
633,699
633,746
633,779
633,795
633,813
633,825
633,908
633,946
633,947
633,968
633,979
634,647
634,683
634,753
634,762
634,782
634,820
634,887
634,889
634,897
634,901
634,958
634,970
635,641
635,660
635,675
635,683
635,690
635,766
635,777
635,779
635,786
635,792
635,800
635,808
635,819
635,825
635,866
635,882
635,908
635,927
635,941
635,946
635,964
635,966
635,971
635,972
636,695
636,717
636,741
636,793
636,798
636,831
636,907
636,918
636,947
636,953
636,955
637,641
637,645
637,650
637,676
637,711
637,723
637,731
637,734
637,746
637,759
637,766
637,827
637,837
637,842
637,859
637,874
637,933
637,968
637,971
637,979
637,982
638,723
638,827
639,660
639,665
639,685
639,724
639,734
639,746
639,750
639,753
639,772
639,779
639,795
639,805
639,808
639,817
639,821
639,828
639,851
639,859
639,882
639,884
639,920
639,921
639,922
639,924
639,927
639,939
639,951
639,957
639,971
639,972
639,997
640,684
640,695
640,798
640,851
640,906
640,911
640,933
640,937
640,954
640,960
640,963
640,964
640,975
640,994
641,642
641,660
641,721
641,723
641,755
641,766
641,778
641,808
641,816
641,825
641,860
641,874
641,906
641,915
641,922
641,934
641,942
641,960
641,972
641,979
642,647
642,674
642,713
642,743
642,748
642,795
642,800
642,820
642,850
642,856
642,861
642,927
642,947
642,978
642,982
642,993
642,996
643,719
643,724
643,737
643,793
643,799
643,837
643,847
643,851
643,854
643,858
643,867
643,874
643,889
643,915
643,952
643,956
644,667
644,718
644,725
644,729
644,732
644,742
644,836
644,880
644,914
644,917
644,966
644,986
645,649
645,650
645,673
645,687
645,701
645,723
645,759
645,808
645,825
645,874
645,946
645,954
645,971
645,979
646,652
646,665
646,723
646,731
646,733
646,758
646,814
646,822
646,911
646,924
646,946
646,983
647,659
647,782
647,793
647,810
647,820
647,823
647,889
647,940
647,958
647,978
648,649
648,677
648,679
648,712
648,727
648,754
648,813
648,828
648,873
648,882
648,936
648,953
648,967
648,975
649,652
649,693
649,701
649,715
649,724
649,738
649,761
649,769
649,780
649,784
649,794
649,799
649,801
649,823
649,837
649,841
649,853
649,858
649,859
649,937
649,971
649,972
649,980
649,984
650,653
650,661
650,687
650,724
650,726
650,756
650,766
650,778
650,795
650,827
650,868
650,874
650,876
650,925
650,965
651,656
651,664
651,678
651,689
651,693
651,710
651,756
651,757
651,845
651,886
651,903
651,921
651,969
651,991
652,668
652,680
652,690
652,698
652,699
652,702
652,705
652,709
652,736
652,834
652,872
652,882
652,883
652,909
652,911
652,919
652,939
652,951
652,977
652,987
652,994
653,664
653,710
653,722
653,751
653,762
653,772
653,817
653,820
653,840
653,843
653,901
653,903
653,982
653,993
653,996
653,999
654,662
654,697
654,734
654,754
654,787
654,813
654,828
654,831
654,882
654,896
654,944
654,972
654,975
654,998
655,711
655,722
655,726
655,739
655,741
655,748
655,767
655,772
655,789
655,792
655,821
655,822
655,867
655,901
655,906
655,919
655,947
655,953
655,996
656,658
656,660
656,664
656,689
656,694
656,721
656,748
656,774
656,789
656,808
656,811
656,857
656,901
656,919
656,929
656,947
656,953
656,964
656,987
657,663
657,712
657,728
657,804
657,836
657,844
657,854
657,862
657,869
657,880
657,885
657,904
657,949
657,963
657,997
658,689
658,691
658,693
658,717
658,748
658,774
658,789
658,811
658,813
658,818
658,857
659,661
659,693
659,722
659,762
659,795
659,878
659,901
659,925
659,934
659,961
659,980
659,996
660,665
660,683
660,721
660,723
660,753
660,761
660,766
660,777
660,790
660,800
660,825
660,827
660,848
660,885
660,897
660,900
660,922
660,925
660,927
660,934
660,938
660,942
660,946
660,947
660,955
660,971
660,988
661,667
661,696
661,724
661,769
661,778
661,786
661,792
661,799
661,832
661,833
661,837
661,843
661,847
661,853
661,863
661,867
661,874
661,925
661,936
661,962
661,965
661,979
662,693
662,710
662,713
662,787
662,793
662,857
662,863
662,886
662,894
662,903
662,922
662,937
662,956
662,969
662,975
662,976
662,999
663,690
663,732
663,736
663,859
663,896
663,913
663,966
663,998
664,689
664,710
664,748
664,756
664,783
664,820
664,873
664,886
664,893
664,988
664,996
665,679
665,705
665,707
665,709
665,731
665,803
665,835
665,855
665,884
665,922
665,924
665,983
666,721
666,748
666,771
666,779
666,849
666,850
666,860
666,863
666,877
666,969
667,669
667,670
667,673
667,718
667,721
667,737
667,742
667,832
667,877
667,914
667,957
667,959
667,963
667,973
668,680
668,702
668,705
668,730
668,735
668,745
668,770
668,797
668,834
668,864
668,872
668,893
668,895
668,931
669,672
669,700
669,737
669,752
669,761
669,765
669,784
669,789
669,794
669,816
669,833
669,837
669,851
669,854
669,858
669,867
669,876
669,880
669,938
669,959
669,971
669,980
670,673
670,719
670,737
670,742
670,765
670,769
670,790
670,854
670,897
670,912
670,914
670,957
670,959
670,968
671,703
671,707
671,763
671,770
671,787
671,797
671,798
671,808
671,859
671,871
671,879
671,883
671,896
671,937
671,951
671,964
672,683
672,753
672,807
672,823
672,839
672,851
672,878
672,935
672,956
672,990
673,674
673,709
673,731
673,740
673,758
673,790
673,812
673,824
673,866
673,880
673,942
673,959
673,973
674,722
674,726
674,766
674,793
674,851
674,856
674,876
674,897
674,917
674,956
674,958
674,965
674,982
674,986
675,751
675,804
675,813
675,817
675,835
675,882
675,924
675,927
675,936
675,951
675,972
675,975
675,985
675,998
676,691
676,723
676,759
676,843
676,897
676,903
676,979
677,709
677,727
677,754
677,772
677,797
677,820
677,835
677,882
677,907
677,930
677,975
677,998
678,710
678,771
678,818
678,845
678,877
678,898
678,915
678,928
678,936
678,991
679,825
679,884
679,940
680,699
680,702
680,707
680,735
680,736
680,745
680,770
680,797
680,801
680,828
680,834
680,835
680,868
680,872
680,879
680,887
680,895
680,922
680,927
680,937
680,950
680,954
680,994
681,724
681,738
681,753
681,765
681,794
681,799
681,810
681,815
681,826
681,839
681,854
681,867
681,957
681,959
682,760
682,795
682,801
682,802
682,803
682,832
682,846
682,854
682,862
682,865
682,874
682,913
682,923
682,966
683,685
683,753
683,762
683,793
683,797
683,823
683,837
683,847
683,851
683,858
683,886
683,890
683,903
683,934
683,935
683,962
683,990
684,688
684,695
684,751
684,763
684,770
684,772
684,778
684,781
684,798
684,813
684,828
684,846
684,862
684,873
684,875
684,887
684,898
684,906
684,937
684,954
684,955
684,960
684,964
685,734
685,769
685,802
685,845
685,880
685,902
685,914
685,942
685,966
685,968
686,698
686,699
686,731
686,744
686,745
686,755
686,773
686,806
686,864
686,887
686,900
686,912
686,922
686,940
686,998
687,713
687,808
687,825
687,874
687,921
687,962
687,979
687,986
688,716
688,748
688,751
688,757
688,781
688,789
688,818
688,877
688,889
688,941
688,980
689,691
689,693
689,709
689,710
689,725
689,739
689,748
689,751
689,771
689,772
689,774
689,818
689,857
689,860
689,881
689,918
689,921
689,932
689,941
689,943
689,963
689,999
690,695
690,729
690,734
690,760
690,796
690,801
690,802
690,803
690,804
690,836
690,844
690,865
690,923
690,933
690,963
690,973
691,693
691,708
691,771
691,789
691,818
691,860
691,873
691,877
691,921
691,928
691,932
691,961
692,790
692,818
692,820
692,863
692,961
693,699
693,748
693,757
693,764
693,789
693,845
693,857
693,860
693,920
693,921
693,969
693,979
694,697
694,716
694,741
694,787
694,896
694,900
694,907
694,922
694,932
694,960
694,982
695,699
695,710
695,739
695,787
695,789
695,792
695,848
695,864
695,879
695,893
695,906
695,908
695,918
695,921
695,935
695,937
695,951
695,954
695,960
695,984
696,725
696,778
696,808
696,843
696,866
696,874
696,887
696,923
696,936
696,938
696,942
696,982
697,787
697,806
697,828
697,870
697,906
698,699
698,709
698,714
698,731
698,775
698,900
698,909
698,949
699,702
699,707
699,709
699,730
699,735
699,745
699,788
699,797
699,834
699,862
699,868
699,872
699,909
699,910
699,950
699,952
699,974
700,719
700,753
700,761
700,780
700,788
700,791
700,795
700,833
700,837
700,841
700,846
700,858
700,926
700,929
700,952
700,956
700,980
701,722
701,761
701,780
701,786
701,791
701,830
701,853
701,856
701,874
701,915
701,925
701,936
701,942
701,963
701,991
702,788
702,797
702,809
702,834
702,872
702,931
703,709
703,714
703,822
703,834
703,852
703,887
703,900
703,922
703,939
703,949
704,708
704,770
704,821
704,891
704,951
704,954
705,764
705,768
705,900
705,922
705,924
705,930
705,951
705,967
706,730
706,852
706,864
706,882
706,895
706,951
707,730
707,735
707,741
707,745
707,797
707,806
707,864
707,868
707,872
707,873
707,879
707,886
707,900
707,931
707,950
707,951
707,966
707,975
707,989
707,998
708,781
708,806
708,828
708,849
708,875
708,906
708,964
709,731
709,751
709,764
709,775
709,785
709,805
709,835
709,844
709,887
709,895
709,924
709,927
709,944
709,972
710,716
710,740
710,789
710,790
710,792
710,793
710,811
710,850
710,863
710,877
710,886
710,892
710,894
710,928
710,961
710,969
710,991
711,716
711,717
711,722
711,741
711,767
711,773
711,806
711,811
711,826
711,834
711,842
711,885
711,887
711,918
711,919
711,953
711,955
711,966
711,967
711,973
711,987
711,992
712,721
712,723
712,726
712,727
712,739
712,749
712,755
712,772
712,773
712,788
712,849
712,870
712,875
712,887
712,895
712,896
712,898
712,899
712,908
712,921
712,926
712,934
712,941
712,947
712,954
712,972
712,975
712,979
712,989
713,756
713,766
713,772
713,776
713,820
713,832
713,876
713,886
713,889
713,897
713,978
714,720
714,729
714,800
714,809
714,822
714,829
714,852
714,864
714,884
714,887
714,900
714,909
715,724
715,752
715,778
715,799
715,815
715,841
715,914
715,962
716,748
716,757
716,762
716,782
716,845
716,859
716,863
716,877
716,928
716,932
716,941
716,943
716,961
716,991
717,747
717,955
717,975
717,992
718,733
718,814
718,827
718,891
718,905
719,783
719,784
719,795
719,816
719,833
719,837
719,844
719,847
719,851
719,858
719,867
719,880
719,887
719,903
719,921
719,922
719,926
719,929
719,952
719,956
719,980
719,981
719,985
720,729
720,734
720,760
720,788
720,812
720,869
720,891
720,904
720,911
720,930
720,939
720,948
720,972
720,995
721,738
721,739
721,749
721,753
721,766
721,817
721,835
721,840
721,934
721,947
721,993
722,731
722,792
722,811
722,820
722,821
722,873
722,874
722,903
722,921
722,928
722,945
722,970
722,988
722,993
723,759
723,768
723,780
723,808
723,812
723,827
723,830
723,840
723,842
723,866
723,874
723,898
723,925
723,928
723,938
723,956
723,971
723,972
724,732
724,740
724,753
724,758
724,761
724,778
724,827
724,830
724,854
724,922
724,936
724,962
724,997
725,732
725,735
725,737
725,801
725,830
725,832
725,874
725,880
725,940
725,971
726,739
726,745
726,748
726,774
726,780
726,792
726,811
726,818
726,873
726,877
726,901
726,921
726,970
726,988
727,795
727,819
727,825
727,828
727,849
727,882
727,896
727,898
727,975
728,750
728,814
728,865
728,885
728,910
728,913
728,949
729,732
729,733
729,750
729,788
729,792
729,796
729,803
729,804
729,805
729,828
729,830
729,836
729,844
729,846
729,870
729,905
729,914
729,923
729,963
729,966
730,735
730,745
730,797
730,830
730,834
730,872
730,879
730,919
730,931
730,974
730,994
731,788
731,844
731,870
731,884
731,911
731,912
731,924
731,983
732,733
732,750
732,766
732,784
732,788
732,804
732,836
732,844
732,865
732,869
732,904
732,913
732,923
732,949
732,963
733,734
733,790
733,814
733,836
733,880
733,891
733,947
733,973
734,751
734,796
734,813
734,838
734,844
734,855
734,862
734,884
734,913
734,966
735,785
735,797
735,834
735,868
735,872
735,879
735,899
735,931
735,951
735,954
735,994
736,770
736,785
736,809
736,909
736,997
737,765
737,796
737,880
737,926
737,933
737,980
738,777
738,778
738,780
738,784
738,799
738,815
738,821
738,839
738,841
738,853
738,867
738,888
738,935
738,936
738,942
738,980
739,755
739,761
739,773
739,798
739,819
739,861
739,875
739,906
739,927
739,947
740,784
740,790
740,794
740,824
740,839
740,854
740,874
740,880
740,899
740,942
740,956
741,747
741,767
741,771
741,787
741,863
741,879
741,907
741,960
741,987
742,765
742,944
742,966
742,973
742,986
743,751
743,777
743,856
743,976
743,993
744,747
744,763
744,774
744,864
744,881
744,898
744,907
744,908
744,919
744,920
744,955
744,960
744,985
744,987
745,748
745,863
745,864
745,872
745,893
745,895
745,899
745,967
746,796
746,808
746,913
746,968
746,971
746,979
746,981
746,997
747,806
747,831
747,849
747,955
747,987
748,751
748,763
748,766
748,767
748,774
748,789
748,792
748,815
748,819
748,821
748,826
748,857
748,885
748,892
748,902
748,915
748,918
748,925
748,932
748,947
748,955
748,961
748,987
749,755
749,772
749,773
749,774
749,870
749,881
749,899
749,954
750,760
750,788
750,812
750,814
750,836
750,865
750,873
750,885
750,910
750,913
750,923
751,762
751,772
751,774
751,818
751,840
751,870
751,921
751,999
752,808
752,837
752,841
752,847
752,858
752,890
752,923
752,935
752,956
753,761
753,782
753,784
753,792
753,793
753,794
753,816
753,820
753,823
753,830
753,847
753,851
753,864
753,885
753,886
753,888
753,889
753,897
753,902
753,926
753,955
753,958
753,965
753,986
753,990
754,757
754,766
754,772
754,773
754,800
754,812
754,829
754,873
754,874
754,881
754,882
754,898
754,906
754,920
754,922
754,924
754,930
754,934
754,960
754,967
755,758
755,787
755,919
755,936
756,783
756,873
756,877
756,894
756,969
756,988
756,991
756,996
757,818
757,863
757,877
757,921
757,927
757,928
757,954
757,961
758,764
758,767
758,785
758,809
758,812
758,834
758,852
758,855
758,866
758,911
758,924
758,939
758,940
758,948
758,977
758,985
758,995
759,766
759,825
759,841
759,842
759,866
759,946
759,979
759,997
760,804
760,812
760,825
760,838
760,844
760,909
760,923
760,948
760,963
761,802
761,837
761,841
761,867
761,874
761,888
761,959
761,962
762,793
762,820
762,823
762,832
762,840
762,841
762,844
762,851
762,856
762,876
762,878
762,901
762,908
762,911
762,934
763,767
763,774
763,787
763,789
763,826
763,861
763,875
763,882
763,884
763,887
763,919
763,955
763,987
764,785
764,788
764,812
764,822
764,855
764,898
764,940
764,948
764,951
765,785
765,824
765,891
765,926
765,934
765,936
765,962
766,777
766,790
766,792
766,808
766,816
766,820
766,825
766,836
766,843
766,848
766,884
766,889
766,917
766,918
766,934
766,972
767,774
767,789
767,792
767,821
767,826
767,861
767,870
767,881
767,901
767,947
767,953
767,955
767,971
767,995
768,785
768,799
768,835
768,852
768,885
768,902
768,920
769,790
769,824
769,839
769,936
769,957
770,818
770,834
770,848
770,859
770,870
770,974
771,850
771,863
771,961
772,819
772,848
772,861
772,875
772,886
772,893
772,908
772,918
772,947
772,952
772,987
772,988
773,817
773,901
773,908
773,919
773,920
773,931
773,934
773,972
773,975
774,789
774,821
774,840
774,857
774,861
774,873
774,874
774,882
774,892
774,894
774,906
774,918
774,921
774,928
774,966
774,975
774,992
774,994
775,944
775,949
776,788
776,793
776,823
776,856
776,945
777,819
777,839
777,872
777,967
777,972
777,991
778,817
778,825
778,830
778,853
778,854
778,866
778,874
778,891
778,906
778,915
778,925
778,960
778,965
778,990
778,995
779,946
779,966
780,790
780,794
780,811
780,824
780,845
780,859
780,862
780,863
780,864
780,866
780,874
780,903
780,916
780,923
780,938
780,958
780,968
780,981
781,806
781,879
782,793
782,886
782,889
782,958
782,973
782,984
782,985
782,996
783,856
783,877
783,894
783,991
783,996
784,794
784,799
784,811
784,833
784,841
784,854
784,859
784,867
784,874
784,876
784,925
784,962
785,788
785,795
785,799
785,809
785,812
785,822
785,883
785,887
785,939
785,979
785,995
786,830
786,890
786,903
786,915
786,979
786,990
786,999
787,828
787,831
787,848
787,849
787,954
787,961
787,974
788,800
788,802
788,807
788,809
788,812
788,814
788,817
788,844
788,898
788,904
788,913
788,937
788,949
788,961
788,971
788,995
789,811
789,818
789,821
789,840
789,848
789,857
789,860
789,873
789,892
789,943
789,955
789,987
789,992
790,832
790,834
790,853
790,866
790,914
790,915
790,936
790,938
790,942
790,959
790,979
790,990
791,792
791,837
791,929
791,933
791,959
792,811
792,828
792,846
792,873
792,877
792,899
792,903
792,921
792,928
792,947
792,970
792,972
792,988
793,795
793,820
793,823
793,848
793,874
793,880
793,889
793,921
793,933
793,958
793,986
794,799
794,839
794,841
794,888
794,926
794,959
795,804
795,816
795,833
795,858
795,866
795,926
795,952
795,956
795,959
795,965
795,980
795,985
796,803
796,804
796,809
796,846
796,885
796,902
796,904
796,923
796,963
797,834
797,868
797,872
797,882
797,887
797,893
797,899
797,929
797,931
797,954
797,974
797,994
798,849
798,864
798,870
798,906
798,937
798,954
798,964
799,841
799,853
799,854
799,867
799,876
799,878
799,956
799,962
800,825
800,898
800,899
800,920
800,925
800,935
800,964
801,802
801,812
801,832
801,836
801,844
801,872
801,905
801,916
801,938
801,975
802,803
802,808
802,832
802,836
802,865
802,869
802,885
802,913
802,963
802,966
802,971
803,804
803,812
803,832
803,836
803,865
803,869
803,885
803,923
803,940
803,963
804,865
804,910
804,923
804,939
804,946
804,949
804,963
804,995
805,809
805,855
805,911
805,924
805,930
805,944
805,950
805,975
805,977
806,813
806,937
806,960
806,986
807,823
807,851
807,889
807,958
807,990
808,825
808,832
808,837
808,842
808,851
808,866
808,913
808,924
808,925
808,940
808,966
808,968
808,971
808,997
809,811
809,822
809,830
809,838
809,852
809,855
809,889
809,899
809,911
809,923
809,939
809,975
809,977
809,983
810,830
810,876
810,889
810,897
810,958
811,873
811,927
811,928
811,932
811,964
811,970
811,982
811,988
812,844
812,859
812,869
812,883
812,909
812,948
812,963
812,977
812,995
813,828
813,829
813,881
813,898
813,906
813,964
813,987
814,827
814,844
814,846
814,865
814,869
814,885
814,913
814,949
814,983
815,853
815,859
815,873
815,929
815,962
815,971
815,990
816,824
816,833
816,926
816,968
816,972
816,980
816,985
817,825
817,864
817,874
817,884
817,893
817,908
817,927
817,967
817,975
818,860
819,838
819,861
819,875
819,918
819,919
819,931
819,936
819,953
819,957
819,976
820,856
820,859
820,860
820,863
820,866
820,890
820,934
820,935
820,941
820,968
820,969
820,978
820,993
821,857
821,953
821,955
822,887
822,900
822,930
822,939
823,847
823,889
823,897
823,935
823,942
823,945
823,958
823,990
823,991
824,839
824,841
824,854
824,927
824,942
825,874
825,922
825,925
825,956
825,971
825,972
825,979
825,982
826,861
826,875
826,931
826,953
826,987
827,842
827,843
827,874
827,925
827,971
828,834
828,848
828,849
828,864
828,871
828,872
828,882
828,919
828,931
828,937
828,947
828,952
828,972
828,973
828,975
828,989
829,864
829,882
830,841
830,853
830,867
830,876
830,886
830,915
830,923
830,934
830,965
830,980
831,906
831,964
831,987
831,998
832,885
832,963
832,966
833,926
833,952
833,959
833,962
833,985
833,990
834,864
834,868
834,872
834,895
834,931
834,989
834,994
835,884
835,922
835,925
835,927
835,958
835,975
835,977
835,983
836,844
836,852
836,869
836,880
836,885
836,891
836,913
836,939
836,949
836,963
837,841
837,847
837,854
837,858
837,867
837,922
837,925
837,929
837,956
837,971
837,985
838,844
838,870
838,887
838,898
838,900
838,924
838,952
838,983
839,841
839,854
839,956
839,957
840,866
840,901
840,947
840,960
840,971
840,972
840,988
841,842
841,888
841,926
841,942
841,962
842,843
842,854
842,906
842,925
842,962
842,968
842,970
842,971
842,979
842,982
843,847
843,925
843,935
843,946
844,900
844,904
844,949
844,953
844,963
844,984
845,877
845,928
845,943
845,986
845,991
846,862
846,865
846,966
847,876
847,890
847,952
847,966
847,981
847,990
848,870
848,871
848,906
848,937
848,972
848,984
849,906
849,955
850,863
850,876
850,877
850,961
850,969
850,970
851,859
851,866
851,867
851,874
851,876
851,889
851,925
851,929
851,985
852,855
852,911
852,977
852,984
852,995
852,998
853,878
853,920
853,925
853,934
853,936
853,962
853,965
854,866
854,936
854,956
854,965
854,980
854,997
855,911
855,924
855,939
855,977
856,903
856,958
857,892
857,893
857,895
857,918
857,921
857,941
857,947
857,982
858,890
858,892
858,922
858,929
858,952
858,956
858,959
859,866
859,920
859,927
859,931
859,938
859,949
859,963
859,968
859,971
860,863
860,894
860,941
860,970
861,875
861,947
861,982
861,987
862,880
862,882
862,902
862,905
862,913
862,938
862,940
862,968
863,876
863,943
863,961
863,978
864,872
864,895
864,898
864,951
864,975
865,885
865,891
865,913
866,868
866,874
866,936
866,938
866,942
866,962
866,973
867,888
867,935
867,962
867,982
868,872
868,909
868,931
868,951
868,984
869,885
869,893
869,904
869,968
870,882
870,894
870,896
870,898
870,919
870,960
870,975
871,974
872,879
872,893
872,931
872,950
872,954
872,988
872,994
873,901
873,921
873,982
873,988
873,993
874,876
874,877
874,901
874,916
874,925
874,934
874,938
874,940
874,948
874,951
874,971
874,972
874,996
875,883
875,903
875,919
875,947
875,982
876,877
876,897
876,915
876,917
876,965
876,969
876,986
877,894
877,901
877,928
877,932
877,943
877,959
877,991
878,889
878,915
878,971
878,991
878,995
879,893
879,895
879,899
879,931
879,943
879,951
879,972
879,989
879,992
880,905
880,940
881,919
881,934
881,937
881,954
881,960
882,884
882,934
882,937
882,956
882,963
882,968
882,975
883,920
883,948
884,922
884,945
885,904
885,913
885,914
885,919
885,920
885,949
885,995
886,978
886,991
886,996
887,893
887,924
887,955
888,936
888,938
888,962
889,915
889,917
889,925
889,958
889,978
890,915
890,935
890,956
890,962
890,978
890,985
890,990
891,913
891,916
891,940
891,950
892,947
893,895
893,899
893,924
893,975
893,989
894,969
894,976
894,996
895,931
895,934
895,947
895,951
895,964
895,986
896,898
896,994
897,903
897,915
897,986
897,987
898,919
898,922
898,927
898,934
898,947
898,960
898,967
898,975
899,955
899,964
899,971
899,984
900,909
900,951
901,908
901,932
901,953
901,970
901,986
902,903
902,905
902,971
903,947
903,953
903,970
903,982
903,986
903,987
903,991
904,925
905,940
906,907
906,919
906,934
906,964
906,967
906,975
906,991
907,937
907,955
907,960
908,972
908,975
908,987
908,998
908,999
909,944
909,972
910,949
910,963
910,975
911,944
911,977
912,946
912,991
913,916
913,923
914,933
914,936
914,942
914,947
915,957
915,965
917,986
918,921
918,937
918,947
918,955
918,960
919,925
919,937
919,947
919,992
920,948
920,966
920,968
920,983
921,965
921,970
921,988
921,993
922,924
922,940
922,948
922,955
922,967
922,994
922,999
923,939
923,949
923,963
924,931
924,944
924,983
925,936
925,940
925,941
925,945
925,971
925,979
925,997
926,959
926,980
926,985
927,929
927,954
927,995
928,941
928,943
929,935
929,956
929,980
931,974
931,984
931,994
932,941
932,943
932,961
932,979
932,991
933,942
933,959
934,940
934,965
934,982
935,952
935,956
935,981
936,938
936,959
937,954
937,955
937,960
937,964
938,942
938,944
938,971
938,986
939,983
939,988
939,992
939,999
940,985
942,971
943,969
943,988
944,998
945,993
946,979
947,955
947,960
947,971
947,972
947,987
947,996
948,963
948,995
949,967
950,951
951,989
952,956
952,959
952,962
952,985
953,972
953,999
954,955
954,960
954,964
954,975
955,960
955,987
955,992
956,980
956,990
957,971
958,990
959,965
959,980
960,982
960,983
961,969
961,991
961,992
961,996
963,995
965,982
965,986
967,975
968,971
968,979
968,983
968,997
970,982
970,988
970,992
971,972
971,979
974,984
974,989
975,998
979,998
980,986
982,999
990,996
993,996
