source,target
0,49
0,62
0,63
0,73
0,106
0,128
0,133
0,178
0,179
0,219
0,239
0,255
0,262
0,270
0,301
0,348
0,363
0,381
0,399
0,410
0,447
0,455
0,473
0,507
0,529
0,568
0,577
0,598
0,643
0,698
0,700
0,713
0,773
0,801
0,826
0,869
0,893
0,916
0,924
0,937
0,999
1,4
1,154
1,214
1,248
1,256
1,286
1,376
1,450
1,473
1,494
1,495
1,511
1,518
1,521
1,547
1,600
1,606
1,679
1,726
1,739
1,815
1,949
1,955
1,979
2,26
2,66
2,86
2,120
2,140
2,151
2,180
2,205
2,218
2,226
2,229
2,233
2,268
2,277
2,314
2,341
2,367
2,379
2,407
2,428
2,445
2,454
2,476
2,511
2,526
2,544
2,554
2,592
2,613
2,637
2,639
2,643
2,646
2,665
2,716
2,726
2,748
2,749
2,750
2,759
2,781
2,793
2,804
2,826
2,829
2,849
2,884
2,888
2,898
2,903
2,961
2,963
3,21
3,31
3,33
3,44
3,48
3,68
3,150
3,160
3,165
3,167
3,176
3,184
3,192
3,195
3,211
3,239
3,240
3,250
3,267
3,301
3,314
3,324
3,329
3,364
3,382
3,394
3,435
3,439
3,442
3,473
3,489
3,491
3,497
3,504
3,516
3,553
3,558
3,561
3,568
3,621
3,627
3,631
3,638
3,641
3,642
3,646
3,667
3,683
3,701
3,702
3,707
3,711
3,721
3,744
3,747
3,770
3,771
3,781
3,800
3,806
3,814
3,826
3,837
3,885
3,907
3,938
3,946
3,972
3,984
4,7
4,9
4,34
4,69
4,111
4,135
4,150
4,199
4,207
4,239
4,258
4,264
4,288
4,292
4,348
4,355
4,401
4,415
4,422
4,436
4,442
4,445
4,453
4,487
4,497
4,583
4,620
4,622
4,631
4,694
4,734
4,925
4,937
4,956
4,982
4,986
4,989
5,19
5,26
5,59
5,67
5,78
5,108
5,118
5,195
5,196
5,207
5,236
5,246
5,263
5,284
5,297
5,332
5,351
5,355
5,358
5,379
5,393
5,420
5,635
5,640
5,642
5,655
5,656
5,657
5,667
5,682
5,719
5,836
5,849
5,860
5,880
5,886
5,887
5,897
5,955
5,959
6,11
6,15
6,17
6,58
6,75
6,91
6,104
6,105
6,118
6,119
6,121
6,189
6,238
6,239
6,244
6,272
6,296
6,297
6,313
6,315
6,323
6,326
6,380
6,406
6,428
6,440
6,446
6,498
6,501
6,584
6,601
6,624
6,677
6,690
6,706
6,728
6,745
6,746
6,759
6,765
6,775
6,778
6,819
6,844
6,869
6,924
6,943
6,983
6,989
6,999
7,9
7,13
7,14
7,21
7,47
7,48
7,51
7,66
7,71
7,80
7,84
7,91
7,98
7,100
7,101
7,110
7,115
7,119
7,147
7,153
7,176
7,185
7,226
7,264
7,272
7,305
7,310
7,311
7,320
7,324
7,340
7,342
7,359
7,371
7,376
7,388
7,394
7,396
7,400
7,404
7,405
7,408
7,415
7,423
7,441
7,453
7,465
7,468
7,491
7,511
7,512
7,522
7,534
7,538
7,572
7,577
7,586
7,604
7,608
7,613
7,625
7,631
7,632
7,636
7,657
7,671
7,679
7,687
7,688
7,706
7,707
7,718
7,721
7,728
7,731
7,733
7,781
7,787
7,790
7,798
7,801
7,809
7,903
7,921
7,962
7,963
7,970
7,986
8,11
8,30
8,79
8,146
8,176
8,191
8,229
8,405
8,491
8,527
8,589
8,623
8,634
8,659
8,660
8,742
8,805
8,820
8,946
8,976
9,67
9,74
9,75
9,86
9,87
9,88
9,98
9,148
9,176
9,223
9,248
9,249
9,268
9,275
9,299
9,312
9,346
9,363
9,370
9,372
9,432
9,449
9,471
9,494
9,542
9,550
9,555
9,573
9,585
9,586
9,588
9,589
9,598
9,615
9,621
9,629
9,641
9,643
9,680
9,691
9,701
9,729
9,796
9,845
9,850
9,851
9,863
9,873
9,924
9,953
9,958
10,16
10,44
10,50
10,85
10,105
10,151
10,192
10,207
10,225
10,233
10,237
10,250
10,267
10,268
10,289
10,364
10,373
10,378
10,381
10,393
10,407
10,451
10,469
10,475
10,478
10,501
10,507
10,519
10,541
10,598
10,624
10,631
10,658
10,661
10,699
10,709
10,712
10,725
10,727
10,750
10,778
10,780
10,818
10,824
10,829
10,842
10,848
10,887
10,902
10,905
10,935
10,957
10,958
10,987
10,989
11,15
11,21
11,45
11,72
11,74
11,95
11,98
11,105
11,133
11,134
11,149
11,153
11,171
11,173
11,202
11,220
11,233
11,235
11,236
11,237
11,239
11,272
11,276
11,288
11,289
11,307
11,309
11,327
11,345
11,386
11,410
11,424
11,440
11,452
11,453
11,465
11,470
11,477
11,515
11,527
11,532
11,544
11,550
11,600
11,622
11,660
11,671
11,745
11,748
11,753
11,763
11,777
11,802
11,822
11,837
11,843
11,863
11,868
11,883
11,893
11,919
11,932
11,975
12,13
12,20
12,44
12,64
12,70
12,101
12,105
12,115
12,119
12,130
12,142
12,202
12,208
12,211
12,260
12,263
12,277
12,279
12,288
12,289
12,301
12,310
12,311
12,312
12,314
12,330
12,348
12,371
12,439
12,459
12,484
12,488
12,489
12,498
12,499
12,511
12,571
12,582
12,586
12,604
12,638
12,660
12,666
12,674
12,683
12,690
12,718
12,721
12,741
12,761
12,773
12,777
12,801
12,806
12,807
12,846
12,875
12,881
12,892
12,895
12,899
12,902
12,907
12,918
12,925
12,941
12,945
12,978
13,38
13,46
13,59
13,70
13,74
13,89
13,105
13,113
13,124
13,148
13,170
13,173
13,179
13,183
13,194
13,197
13,210
13,220
13,221
13,224
13,259
13,260
13,265
13,269
13,277
13,289
13,319
13,338
13,363
13,372
13,408
13,420
13,427
13,438
13,447
13,457
13,461
13,477
13,478
13,482
13,509
13,543
13,598
13,624
13,626
13,627
13,631
13,637
13,639
13,667
13,675
13,694
13,706
13,709
13,721
13,733
13,738
13,743
13,753
13,763
13,771
13,806
13,808
13,809
13,817
13,819
13,820
13,826
13,829
13,830
13,852
13,861
13,890
13,891
13,950
13,964
13,966
13,977
13,992
14,24
14,58
14,63
14,64
14,74
14,141
14,162
14,205
14,306
14,352
14,359
14,394
14,420
14,422
14,447
14,483
14,528
14,533
14,568
14,579
14,627
14,650
14,712
14,717
14,741
14,820
14,824
14,825
14,836
14,838
14,839
14,847
14,868
14,872
14,915
14,920
14,928
14,952
14,957
14,959
15,34
15,43
15,51
15,83
15,107
15,110
15,115
15,116
15,125
15,131
15,148
15,161
15,190
15,204
15,229
15,277
15,315
15,318
15,384
15,394
15,404
15,416
15,439
15,507
15,510
15,534
15,544
15,568
15,570
15,587
15,627
15,661
15,705
15,722
15,733
15,735
15,738
15,752
15,770
15,777
15,779
15,827
15,829
15,850
15,851
15,897
15,930
15,939
15,949
15,968
15,970
15,972
15,991
15,998
16,40
16,46
16,87
16,93
16,111
16,151
16,172
16,181
16,205
16,225
16,244
16,277
16,295
16,311
16,325
16,328
16,334
16,357
16,388
16,396
16,426
16,431
16,432
16,442
16,459
16,487
16,501
16,512
16,598
16,600
16,635
16,664
16,668
16,691
16,696
16,732
16,736
16,744
16,760
16,774
16,777
16,792
16,826
16,827
16,835
16,842
16,902
16,919
16,922
16,985
17,42
17,51
17,53
17,61
17,66
17,69
17,115
17,142
17,170
17,184
17,186
17,203
17,206
17,207
17,211
17,222
17,236
17,237
17,355
17,387
17,396
17,421
17,426
17,453
17,457
17,464
17,471
17,480
17,510
17,546
17,579
17,587
17,594
17,613
17,641
17,647
17,657
17,678
17,720
17,756
17,776
17,789
17,820
17,860
17,901
17,961
17,963
17,965
17,972
17,986
17,996
18,27
18,87
18,117
18,134
18,303
18,420
18,433
18,563
18,606
18,683
18,826
18,897
18,993
19,40
19,51
19,53
19,113
19,127
19,131
19,146
19,149
19,182
19,187
19,219
19,296
19,300
19,317
19,328
19,401
19,468
19,473
19,482
19,486
19,491
19,552
19,614
19,666
19,721
19,753
19,754
19,788
19,790
19,856
19,869
19,894
19,953
19,954
19,972
20,31
20,36
20,95
20,131
20,215
20,217
20,261
20,269
20,270
20,287
20,341
20,379
20,424
20,454
20,472
20,498
20,536
20,562
20,568
20,569
20,632
20,640
20,705
20,713
20,754
20,801
20,802
20,808
20,873
20,941
20,996
21,28
21,64
21,71
21,130
21,151
21,180
21,183
21,200
21,219
21,220
21,224
21,260
21,266
21,288
21,318
21,353
21,362
21,373
21,374
21,394
21,406
21,410
21,412
21,430
21,469
21,498
21,510
21,526
21,527
21,533
21,586
21,588
21,595
21,601
21,622
21,639
21,658
21,664
21,689
21,694
21,706
21,708
21,709
21,716
21,721
21,739
21,748
21,765
21,799
21,801
21,816
21,823
21,832
21,846
21,852
21,864
21,875
21,894
21,915
21,919
21,978
21,985
21,992
22,86
22,88
22,105
22,119
22,147
22,157
22,176
22,183
22,195
22,203
22,214
22,242
22,279
22,310
22,331
22,334
22,342
22,346
22,360
22,364
22,371
22,392
22,393
22,427
22,451
22,459
22,465
22,475
22,477
22,483
22,485
22,505
22,538
22,556
22,568
22,576
22,585
22,595
22,598
22,603
22,636
22,646
22,654
22,664
22,674
22,694
22,695
22,708
22,715
22,716
22,749
22,769
22,800
22,802
22,828
22,838
22,840
22,845
22,847
22,882
22,884
22,889
22,903
22,910
22,911
22,930
22,963
22,966
22,976
23,60
23,151
23,152
23,153
23,232
23,249
23,275
23,295
23,310
23,316
23,323
23,342
23,373
23,411
23,435
23,473
23,533
23,544
23,546
23,668
23,676
23,691
23,701
23,768
23,798
23,801
23,811
23,926
23,939
24,26
24,45
24,77
24,83
24,95
24,96
24,97
24,103
24,136
24,150
24,159
24,188
24,229
24,230
24,248
24,296
24,330
24,346
24,351
24,356
24,404
24,444
24,453
24,467
24,473
24,484
24,530
24,537
24,542
24,548
24,558
24,568
24,575
24,595
24,646
24,679
24,698
24,724
24,822
24,879
24,886
24,894
24,895
24,917
24,943
24,946
24,948
24,963
24,970
24,976
25,62
25,74
25,86
25,92
25,125
25,190
25,205
25,226
25,255
25,264
25,268
25,276
25,293
25,329
25,395
25,420
25,568
25,570
25,595
25,640
25,663
25,768
25,825
25,952
25,960
25,991
25,999
26,57
26,72
26,86
26,113
26,116
26,130
26,183
26,193
26,205
26,240
26,246
26,260
26,280
26,283
26,290
26,296
26,297
26,327
26,329
26,345
26,348
26,350
26,351
26,408
26,415
26,426
26,430
26,459
26,480
26,529
26,538
26,551
26,559
26,567
26,569
26,572
26,602
26,613
26,617
26,707
26,709
26,736
26,751
26,755
26,794
26,805
26,806
26,815
26,854
26,938
26,963
26,964
26,970
27,98
27,158
27,165
27,184
27,223
27,234
27,299
27,357
27,383
27,489
27,501
27,510
27,514
27,523
27,591
27,650
27,656
27,737
27,751
27,776
27,817
27,826
27,884
27,894
27,920
27,933
27,943
27,966
28,46
28,48
28,50
28,84
28,98
28,99
28,127
28,173
28,198
28,201
28,207
28,224
28,248
28,289
28,300
28,301
28,305
28,308
28,329
28,386
28,387
28,392
28,406
28,427
28,465
28,498
28,506
28,617
28,624
28,629
28,631
28,678
28,697
28,708
28,729
28,750
28,773
28,778
28,790
28,857
28,869
28,876
28,877
28,919
28,951
28,953
28,963
28,978
29,74
29,78
29,103
29,119
29,143
29,165
29,175
29,188
29,192
29,220
29,225
29,226
29,244
29,260
29,348
29,371
29,385
29,387
29,417
29,468
29,477
29,548
29,559
29,620
29,648
29,667
29,671
29,681
29,700
29,760
29,798
29,805
29,843
29,849
29,866
29,944
29,975
29,981
30,31
30,43
30,80
30,92
30,122
30,127
30,134
30,142
30,148
30,165
30,190
30,285
30,292
30,309
30,388
30,396
30,419
30,421
30,423
30,464
30,481
30,482
30,523
30,531
30,560
30,561
30,639
30,640
30,648
30,687
30,706
30,710
30,730
30,787
30,801
30,805
30,820
30,855
30,885
30,887
30,950
30,965
31,62
31,65
31,70
31,71
31,77
31,78
31,82
31,94
31,99
31,105
31,146
31,162
31,171
31,190
31,210
31,229
31,255
31,288
31,341
31,343
31,360
31,400
31,430
31,451
31,459
31,479
31,527
31,535
31,583
31,584
31,590
31,647
31,665
31,674
31,776
31,778
31,783
31,788
31,793
31,799
31,837
31,851
31,861
31,885
31,922
31,942
31,956
31,971
31,974
31,975
31,981
31,986
31,996
32,48
32,50
32,60
32,73
32,74
32,89
32,111
32,134
32,151
32,176
32,194
32,222
32,235
32,242
32,254
32,255
32,259
32,262
32,277
32,290
32,292
32,319
32,324
32,341
32,349
32,366
32,389
32,439
32,440
32,450
32,455
32,461
32,465
32,490
32,534
32,541
32,558
32,559
32,582
32,598
32,601
32,646
32,659
32,705
32,710
32,720
32,722
32,737
32,746
32,751
32,759
32,785
32,824
32,850
32,887
32,910
32,979
32,997
33,40
33,46
33,58
33,61
33,70
33,80
33,88
33,92
33,98
33,103
33,118
33,146
33,147
33,180
33,184
33,189
33,195
33,199
33,202
33,205
33,235
33,248
33,289
33,291
33,319
33,330
33,348
33,353
33,355
33,362
33,364
33,366
33,392
33,406
33,410
33,419
33,421
33,430
33,443
33,450
33,464
33,470
33,477
33,479
33,523
33,558
33,561
33,583
33,609
33,617
33,636
33,684
33,695
33,700
33,703
33,734
33,739
33,746
33,755
33,761
33,778
33,803
33,823
33,824
33,828
33,831
33,832
33,844
33,851
33,853
33,854
33,883
33,887
33,898
33,908
33,925
33,931
33,958
33,992
33,997
34,76
34,77
34,197
34,209
34,215
34,252
34,312
34,399
34,416
34,418
34,425
34,451
34,458
34,473
34,496
34,522
34,544
34,548
34,610
34,650
34,685
34,720
34,755
34,773
34,775
34,780
34,783
34,837
34,893
34,898
34,914
34,963
34,964
35,57
35,59
35,79
35,98
35,104
35,116
35,129
35,136
35,140
35,206
35,211
35,236
35,247
35,248
35,278
35,308
35,330
35,377
35,404
35,418
35,455
35,472
35,482
35,483
35,523
35,550
35,582
35,588
35,593
35,620
35,622
35,652
35,658
35,703
35,712
35,717
35,729
35,758
35,763
35,771
35,780
35,793
35,815
35,843
35,873
35,900
35,903
35,918
35,962
35,979
35,992
36,66
36,70
36,72
36,185
36,191
36,212
36,213
36,227
36,240
36,280
36,295
36,302
36,303
36,377
36,380
36,384
36,386
36,404
36,490
36,503
36,544
36,552
36,557
36,561
36,621
36,626
36,638
36,645
36,657
36,668
36,692
36,698
36,725
36,794
36,840
36,862
36,863
36,938
36,963
36,983
37,41
37,71
37,105
37,143
37,150
37,264
37,353
37,437
37,507
37,679
37,680
37,778
37,803
37,833
37,877
37,959
37,969
38,44
38,129
38,149
38,153
38,161
38,182
38,236
38,257
38,261
38,306
38,310
38,450
38,560
38,567
38,607
38,611
38,647
38,650
38,675
38,690
38,699
38,725
38,733
38,789
38,821
38,826
38,836
38,842
38,848
38,865
38,875
38,889
38,897
38,915
38,924
38,926
38,939
38,953
38,964
38,973
38,977
38,984
39,89
39,110
39,125
39,155
39,167
39,169
39,177
39,180
39,196
39,223
39,258
39,269
39,386
39,406
39,472
39,532
39,601
39,610
39,642
39,653
39,681
39,684
39,735
39,737
39,753
39,867
39,905
39,906
39,910
39,914
39,940
39,973
39,980
39,990
40,55
40,57
40,76
40,78
40,186
40,191
40,209
40,270
40,290
40,297
40,372
40,426
40,435
40,449
40,524
40,572
40,607
40,634
40,648
40,666
40,702
40,744
40,778
40,787
40,887
40,914
40,916
40,929
40,997
40,998
41,95
41,110
41,138
41,179
41,198
41,237
41,249
41,258
41,266
41,306
41,342
41,404
41,405
41,489
41,490
41,566
41,580
41,587
41,610
41,657
41,660
41,668
41,684
41,709
41,728
41,732
41,767
41,776
41,786
41,794
41,803
41,821
41,841
41,842
41,897
41,954
41,963
41,971
41,994
42,44
42,66
42,69
42,95
42,127
42,138
42,165
42,176
42,190
42,207
42,235
42,237
42,339
42,352
42,385
42,501
42,523
42,574
42,578
42,623
42,652
42,654
42,667
42,678
42,743
42,796
42,813
42,832
42,835
42,865
42,876
42,889
42,945
42,967
42,968
43,47
43,77
43,150
43,151
43,180
43,208
43,224
43,272
43,356
43,394
43,476
43,491
43,492
43,525
43,541
43,607
43,650
43,667
43,714
43,736
43,745
43,758
43,764
43,781
43,831
43,858
43,898
43,911
43,943
43,949
43,986
43,998
44,54
44,55
44,76
44,80
44,86
44,97
44,113
44,116
44,121
44,147
44,160
44,166
44,170
44,174
44,183
44,190
44,192
44,195
44,199
44,202
44,227
44,231
44,236
44,242
44,274
44,275
44,277
44,291
44,298
44,301
44,309
44,316
44,321
44,329
44,331
44,340
44,345
44,348
44,351
44,353
44,356
44,371
44,392
44,399
44,417
44,421
44,424
44,425
44,429
44,436
44,442
44,450
44,452
44,457
44,461
44,481
44,497
44,502
44,513
44,538
44,568
44,582
44,583
44,615
44,636
44,642
44,653
44,661
44,678
44,684
44,695
44,707
44,713
44,715
44,742
44,746
44,751
44,773
44,774
44,777
44,787
44,793
44,806
44,812
44,822
44,829
44,841
44,865
44,883
44,884
44,885
44,908
44,910
44,912
44,923
44,930
44,939
44,958
44,961
44,970
44,973
44,977
44,986
44,992
45,87
45,89
45,91
45,115
45,122
45,159
45,183
45,204
45,214
45,215
45,222
45,238
45,272
45,284
45,304
45,328
45,351
45,382
45,420
45,430
45,477
45,478
45,529
45,565
45,567
45,570
45,586
45,641
45,643
45,674
45,706
45,721
45,729
45,748
45,749
45,771
45,772
45,783
45,790
45,792
45,801
45,811
45,905
45,921
45,951
45,956
45,978
45,979
46,72
46,99
46,104
46,134
46,140
46,141
46,163
46,173
46,274
46,279
46,281
46,310
46,314
46,347
46,366
46,377
46,388
46,404
46,408
46,409
46,415
46,423
46,427
46,477
46,491
46,511
46,512
46,513
46,516
46,553
46,560
46,595
46,609
46,620
46,624
46,636
46,641
46,687
46,688
46,694
46,706
46,708
46,719
46,731
46,769
46,789
46,804
46,806
46,810
46,828
46,846
46,850
46,851
46,875
46,891
46,895
46,896
46,906
46,931
46,958
46,969
46,984
47,49
47,78
47,92
47,95
47,119
47,162
47,163
47,169
47,232
47,246
47,286
47,329
47,373
47,442
47,448
47,456
47,478
47,498
47,515
47,542
47,557
47,604
47,639
47,640
47,659
47,775
47,798
47,809
47,825
47,831
47,841
47,863
47,871
47,891
47,916
47,974
47,979
48,75
48,114
48,144
48,151
48,175
48,180
48,181
48,190
48,197
48,200
48,215
48,235
48,250
48,259
48,272
48,278
48,288
48,305
48,334
48,376
48,396
48,400
48,415
48,446
48,464
48,489
48,494
48,498
48,501
48,510
48,513
48,554
48,592
48,601
48,609
48,700
48,706
48,708
48,709
48,712
48,753
48,820
48,834
48,844
48,851
48,865
48,910
49,51
49,55
49,88
49,95
49,96
49,105
49,321
49,380
49,411
49,445
49,529
49,530
49,535
49,559
49,573
49,578
49,601
49,635
49,638
49,665
49,673
49,674
49,733
49,868
49,889
49,906
49,954
49,957
49,959
49,980
49,984
50,55
50,79
50,88
50,98
50,118
50,157
50,195
50,196
50,201
50,206
50,236
50,242
50,268
50,288
50,291
50,356
50,363
50,392
50,400
50,404
50,419
50,420
50,431
50,459
50,463
50,494
50,495
50,523
50,528
50,585
50,619
50,623
50,624
50,648
50,664
50,718
50,719
50,750
50,758
50,783
50,787
50,799
50,803
50,806
50,832
50,843
50,905
50,920
50,942
50,970
50,974
50,989
50,994
51,64
51,65
51,66
51,71
51,86
51,87
51,100
51,118
51,132
51,164
51,173
51,176
51,185
51,219
51,239
51,280
51,302
51,310
51,312
51,371
51,379
51,392
51,393
51,400
51,427
51,446
51,466
51,491
51,572
51,574
51,576
51,605
51,608
51,611
51,612
51,641
51,664
51,671
51,697
51,717
51,718
51,724
51,739
51,754
51,761
51,775
51,777
51,800
51,811
51,832
51,843
51,878
51,882
51,889
51,900
51,905
51,911
51,930
51,931
51,935
52,120
52,207
52,238
52,283
52,296
52,332
52,468
52,481
52,658
52,661
52,736
52,793
52,798
52,950
52,979
53,73
53,91
53,97
53,119
53,194
53,234
53,248
53,249
53,253
53,256
53,259
53,294
53,295
53,312
53,314
53,323
53,348
53,368
53,392
53,417
53,452
53,462
53,523
53,530
53,555
53,580
53,581
53,585
53,589
53,591
53,595
53,600
53,652
53,670
53,704
53,707
53,712
53,728
53,730
53,737
53,766
53,771
53,775
53,787
53,790
53,887
53,901
53,912
53,917
53,920
53,931
53,935
53,960
53,973
53,974
54,80
54,124
54,155
54,157
54,201
54,229
54,245
54,256
54,290
54,297
54,300
54,302
54,582
54,626
54,633
54,682
54,741
54,820
54,835
54,836
54,902
55,117
55,148
55,187
55,193
55,200
55,220
55,236
55,240
55,246
55,257
55,296
55,302
55,325
55,333
55,402
55,417
55,421
55,449
55,450
55,453
55,486
55,498
55,565
55,578
55,605
55,643
55,749
55,751
55,753
55,764
55,766
55,868
55,901
55,909
55,969
55,982
55,985
56,66
56,68
56,95
56,98
56,130
56,179
56,230
56,237
56,239
56,252
56,324
56,378
56,409
56,433
56,443
56,448
56,476
56,477
56,489
56,494
56,507
56,542
56,560
56,602
56,623
56,627
56,683
56,684
56,707
56,718
56,729
56,733
56,748
56,758
56,800
56,825
56,847
56,879
56,891
56,946
56,954
56,959
57,126
57,131
57,187
57,212
57,221
57,233
57,247
57,250
57,274
57,281
57,302
57,304
57,324
57,371
57,378
57,394
57,449
57,451
57,496
57,500
57,564
57,605
57,618
57,645
57,701
57,706
57,710
57,739
57,752
57,755
57,769
57,823
57,835
57,909
57,950
57,971
58,72
58,89
58,101
58,105
58,132
58,147
58,165
58,202
58,212
58,219
58,254
58,293
58,298
58,299
58,312
58,333
58,337
58,346
58,351
58,353
58,355
58,361
58,378
58,379
58,417
58,420
58,427
58,432
58,439
58,457
58,471
58,493
58,494
58,499
58,505
58,513
58,522
58,550
58,572
58,579
58,582
58,584
58,602
58,631
58,639
58,644
58,658
58,679
58,695
58,698
58,706
58,729
58,766
58,804
58,806
58,828
58,849
58,877
58,882
58,891
58,894
58,895
58,908
58,918
58,920
58,921
58,927
58,928
58,940
58,951
58,961
58,981
58,986
58,992
59,82
59,95
59,111
59,183
59,198
59,213
59,225
59,234
59,235
59,256
59,268
59,269
59,331
59,403
59,410
59,459
59,472
59,486
59,507
59,520
59,547
59,592
59,603
59,627
59,640
59,642
59,652
59,653
59,739
59,780
59,784
59,816
59,849
59,855
59,856
59,859
59,860
59,910
59,930
59,968
60,62
60,74
60,191
60,244
60,291
60,300
60,311
60,426
60,450
60,492
60,515
60,561
60,583
60,876
60,892
60,897
60,991
61,75
61,78
61,80
61,87
61,110
61,123
61,164
61,195
61,222
61,232
61,288
61,292
61,342
61,357
61,363
61,413
61,506
61,551
61,600
61,611
61,633
61,646
61,660
61,700
61,702
61,720
61,748
61,830
61,841
61,880
61,886
61,894
61,911
61,920
61,950
61,970
61,979
61,980
61,989
62,127
62,138
62,163
62,200
62,210
62,225
62,257
62,285
62,305
62,310
62,324
62,378
62,396
62,406
62,505
62,532
62,544
62,568
62,588
62,590
62,604
62,642
62,658
62,690
62,747
62,753
62,796
62,800
62,801
62,830
62,831
62,837
62,863
62,931
63,89
63,133
63,137
63,192
63,203
63,219
63,227
63,231
63,238
63,254
63,256
63,259
63,263
63,278
63,279
63,378
63,410
63,412
63,419
63,455
63,473
63,477
63,494
63,498
63,543
63,556
63,569
63,575
63,578
63,585
63,586
63,602
63,605
63,606
63,614
63,615
63,626
63,638
63,712
63,727
63,786
63,792
63,800
63,835
63,887
63,896
63,910
63,919
63,921
63,924
63,925
63,930
63,933
63,940
63,954
64,105
64,108
64,139
64,168
64,210
64,212
64,231
64,239
64,278
64,288
64,306
64,343
64,353
64,363
64,400
64,436
64,438
64,470
64,472
64,477
64,483
64,497
64,498
64,521
64,576
64,590
64,622
64,637
64,670
64,684
64,687
64,749
64,763
64,774
64,823
64,871
64,881
64,890
64,923
64,937
64,942
64,964
65,82
65,121
65,134
65,137
65,143
65,158
65,163
65,164
65,177
65,201
65,211
65,226
65,237
65,245
65,248
65,273
65,285
65,313
65,314
65,326
65,334
65,336
65,345
65,346
65,374
65,384
65,385
65,407
65,418
65,425
65,455
65,491
65,529
65,604
65,631
65,658
65,659
65,740
65,757
65,772
65,795
65,821
65,843
65,959
65,962
65,970
65,977
65,987
65,989
65,998
66,71
66,73
66,80
66,86
66,88
66,91
66,101
66,103
66,115
66,172
66,194
66,205
66,233
66,239
66,242
66,250
66,277
66,278
66,328
66,341
66,371
66,392
66,399
66,405
66,417
66,420
66,430
66,437
66,483
66,496
66,507
66,513
66,514
66,557
66,560
66,572
66,574
66,599
66,636
66,641
66,649
66,679
66,712
66,733
66,761
66,764
66,771
66,775
66,789
66,801
66,806
66,828
66,831
66,875
66,887
66,901
66,904
66,910
66,919
66,925
66,953
67,68
67,90
67,128
67,153
67,165
67,173
67,275
67,295
67,381
67,383
67,396
67,400
67,453
67,469
67,488
67,502
67,525
67,548
67,572
67,579
67,614
67,618
67,642
67,644
67,657
67,661
67,668
67,676
67,696
67,699
67,765
67,827
67,838
67,969
67,972
67,984
68,70
68,73
68,79
68,86
68,96
68,103
68,134
68,167
68,177
68,191
68,195
68,197
68,203
68,239
68,262
68,268
68,274
68,297
68,308
68,324
68,353
68,371
68,376
68,377
68,389
68,416
68,420
68,423
68,424
68,436
68,479
68,484
68,502
68,527
68,572
68,574
68,582
68,602
68,622
68,636
68,642
68,670
68,708
68,734
68,746
68,770
68,798
68,834
68,865
68,895
68,898
68,908
68,921
68,930
68,963
68,970
68,974
68,978
68,986
69,71
69,106
69,111
69,139
69,169
69,195
69,217
69,254
69,287
69,296
69,302
69,462
69,480
69,486
69,494
69,527
69,548
69,620
69,631
69,686
69,736
69,741
69,785
69,801
69,807
69,827
69,831
69,929
69,942
69,960
69,961
69,989
70,72
70,73
70,104
70,105
70,111
70,137
70,148
70,173
70,180
70,195
70,202
70,211
70,219
70,220
70,242
70,261
70,278
70,285
70,289
70,295
70,311
70,314
70,319
70,323
70,326
70,364
70,446
70,490
70,511
70,527
70,547
70,550
70,569
70,582
70,583
70,587
70,589
70,602
70,607
70,618
70,643
70,648
70,668
70,673
70,682
70,738
70,741
70,746
70,771
70,775
70,800
70,806
70,828
70,831
70,863
70,871
70,877
70,892
70,911
70,912
70,927
70,939
70,960
70,963
70,970
70,976
70,981
70,982
70,986
70,993
71,96
71,147
71,157
71,163
71,166
71,196
71,216
71,221
71,226
71,231
71,233
71,246
71,248
71,274
71,278
71,356
71,436
71,450
71,456
71,462
71,521
71,523
71,541
71,545
71,568
71,578
71,599
71,606
71,611
71,635
71,637
71,648
71,651
71,708
71,710
71,712
71,723
71,739
71,763
71,769
71,778
71,801
71,804
71,819
71,824
71,851
71,867
71,890
71,903
71,911
71,931
72,105
72,106
72,128
72,138
72,153
72,165
72,177
72,215
72,219
72,224
72,250
72,256
72,310
72,329
72,341
72,353
72,405
72,417
72,440
72,443
72,464
72,469
72,479
72,506
72,510
72,558
72,572
72,582
72,595
72,624
72,679
72,695
72,700
72,706
72,717
72,733
72,735
72,746
72,771
72,778
72,827
72,829
72,837
72,844
72,852
72,864
72,865
72,889
72,918
72,927
72,949
72,963
72,974
73,158
73,166
73,179
73,182
73,222
73,224
73,240
73,283
73,298
73,314
73,346
73,392
73,416
73,426
73,446
73,502
73,506
73,521
73,527
73,539
73,550
73,559
73,574
73,613
73,642
73,651
73,673
73,801
73,819
73,836
73,843
73,860
73,877
73,925
73,950
73,960
73,990
74,77
74,95
74,97
74,105
74,115
74,119
74,189
74,197
74,211
74,223
74,229
74,253
74,263
74,297
74,299
74,303
74,317
74,360
74,368
74,380
74,385
74,417
74,440
74,454
74,474
74,477
74,492
74,493
74,496
74,505
74,509
74,518
74,560
74,571
74,572
74,590
74,615
74,620
74,623
74,672
74,690
74,721
74,738
74,745
74,780
74,798
74,800
74,818
74,831
74,853
74,888
74,889
74,908
74,918
74,919
74,950
74,952
74,980
74,998
75,91
75,105
75,123
75,167
75,178
75,185
75,192
75,225
75,227
75,259
75,295
75,325
75,354
75,368
75,381
75,388
75,405
75,415
75,420
75,436
75,453
75,488
75,494
75,551
75,559
75,561
75,580
75,595
75,601
75,606
75,622
75,636
75,705
75,720
75,749
75,763
75,778
75,793
75,835
75,855
75,871
75,920
75,948
75,975
75,989
76,118
76,161
76,176
76,201
76,202
76,247
76,284
76,286
76,396
76,449
76,467
76,475
76,498
76,630
76,650
76,795
76,862
76,937
76,938
76,946
76,948
77,95
77,124
77,126
77,134
77,135
77,179
77,233
77,253
77,307
77,322
77,379
77,382
77,395
77,431
77,443
77,483
77,543
77,555
77,556
77,572
77,584
77,585
77,622
77,623
77,647
77,669
77,671
77,700
77,715
77,751
77,756
77,765
77,766
77,797
77,831
77,832
77,840
77,849
77,856
77,861
77,875
77,910
77,978
77,989
78,116
78,140
78,169
78,172
78,185
78,190
78,220
78,232
78,242
78,249
78,252
78,254
78,258
78,285
78,296
78,313
78,319
78,322
78,387
78,391
78,392
78,394
78,405
78,415
78,434
78,437
78,461
78,473
78,477
78,483
78,486
78,490
78,495
78,504
78,574
78,597
78,604
78,610
78,612
78,618
78,635
78,646
78,682
78,683
78,687
78,730
78,734
78,738
78,749
78,758
78,763
78,798
78,820
78,843
78,852
78,857
78,864
78,915
78,925
78,965
78,986
78,998
79,82
79,98
79,105
79,113
79,119
79,137
79,139
79,140
79,142
79,179
79,183
79,191
79,193
79,202
79,225
79,227
79,305
79,310
79,311
79,314
79,318
79,319
79,324
79,342
79,361
79,381
79,387
79,390
79,394
79,405
79,409
79,436
79,453
79,462
79,470
79,476
79,485
79,530
79,547
79,572
79,582
79,586
79,588
79,605
79,612
79,619
79,620
79,624
79,636
79,644
79,657
79,695
79,709
79,726
79,774
79,777
79,789
79,806
79,816
79,828
79,837
79,840
79,843
79,849
79,851
79,881
79,887
79,891
79,902
79,903
79,919
79,946
79,976
79,981
80,88
80,185
80,195
80,201
80,211
80,219
80,221
80,227
80,233
80,244
80,249
80,252
80,255
80,257
80,258
80,261
80,266
80,274
80,277
80,289
80,309
80,348
80,353
80,360
80,371
80,377
80,391
80,448
80,468
80,511
80,522
80,528
80,558
80,559
80,576
80,615
80,618
80,651
80,662
80,703
80,729
80,789
80,818
80,821
80,827
80,861
80,883
80,884
80,889
80,908
80,920
80,988
80,989
81,129
81,211
81,212
81,352
81,445
81,466
81,504
81,510
81,516
81,573
81,578
81,610
81,655
81,720
81,796
81,797
81,821
81,834
81,842
81,845
81,903
81,908
82,95
82,105
82,107
82,151
82,156
82,164
82,180
82,221
82,231
82,301
82,368
82,441
82,446
82,476
82,490
82,496
82,567
82,568
82,583
82,601
82,604
82,619
82,629
82,643
82,656
82,687
82,699
82,724
82,729
82,739
82,742
82,784
82,825
82,855
82,860
82,874
82,885
82,892
82,918
82,919
82,946
82,951
83,111
83,131
83,149
83,173
83,240
83,246
83,291
83,355
83,362
83,363
83,368
83,383
83,401
83,402
83,420
83,426
83,441
83,460
83,492
83,501
83,512
83,523
83,550
83,567
83,569
83,586
83,591
83,617
83,622
83,624
83,626
83,654
83,696
83,698
83,709
83,734
83,736
83,758
83,792
83,795
83,817
83,818
83,836
83,838
83,841
83,862
83,885
83,891
83,908
83,922
83,939
83,958
83,980
83,996
84,98
84,99
84,105
84,118
84,131
84,144
84,157
84,196
84,279
84,289
84,299
84,310
84,314
84,326
84,353
84,356
84,363
84,364
84,372
84,390
84,393
84,406
84,423
84,436
84,446
84,461
84,478
84,498
84,532
84,533
84,534
84,536
84,559
84,576
84,577
84,589
84,604
84,631
84,635
84,643
84,650
84,687
84,692
84,695
84,718
84,774
84,775
84,820
84,823
84,843
84,857
84,881
84,882
84,889
84,902
84,910
84,962
84,964
84,974
84,980
84,986
84,990
85,87
85,118
85,125
85,127
85,135
85,170
85,217
85,242
85,250
85,275
85,294
85,435
85,459
85,502
85,507
85,517
85,530
85,537
85,546
85,579
85,600
85,602
85,624
85,631
85,639
85,647
85,715
85,718
85,750
85,822
85,849
85,878
85,991
86,90
86,91
86,97
86,98
86,108
86,111
86,118
86,127
86,151
86,152
86,167
86,176
86,179
86,204
86,211
86,225
86,226
86,234
86,260
86,283
86,287
86,312
86,315
86,324
86,363
86,378
86,388
86,419
86,421
86,448
86,464
86,465
86,473
86,480
86,483
86,516
86,544
86,574
86,577
86,600
86,601
86,627
86,637
86,638
86,643
86,662
86,673
86,678
86,685
86,689
86,712
86,723
86,733
86,743
86,745
86,763
86,765
86,775
86,811
86,830
86,855
86,861
86,872
86,887
86,898
86,911
86,925
86,932
86,952
86,960
86,964
86,977
86,983
86,992
87,100
87,109
87,119
87,123
87,134
87,144
87,151
87,160
87,168
87,220
87,240
87,263
87,284
87,313
87,326
87,327
87,363
87,370
87,378
87,391
87,393
87,410
87,417
87,436
87,499
87,522
87,530
87,533
87,564
87,568
87,569
87,572
87,584
87,588
87,594
87,599
87,621
87,642
87,658
87,684
87,702
87,711
87,722
87,750
87,754
87,775
87,785
87,804
87,815
87,821
87,841
87,842
87,843
87,859
87,883
87,906
87,913
87,920
87,925
87,931
87,946
87,959
87,984
88,101
88,105
88,124
88,130
88,139
88,177
88,192
88,196
88,202
88,242
88,290
88,298
88,310
88,312
88,356
88,361
88,444
88,447
88,463
88,465
88,469
88,476
88,482
88,489
88,491
88,495
88,498
88,500
88,527
88,543
88,545
88,577
88,582
88,604
88,653
88,671
88,678
88,695
88,726
88,739
88,747
88,761
88,778
88,821
88,856
88,865
88,874
88,887
88,889
88,899
88,921
88,922
88,930
88,966
88,978
88,980
88,985
89,185
89,300
89,306
89,309
89,366
89,396
89,439
89,447
89,509
89,521
89,536
89,577
89,579
89,592
89,615
89,670
89,674
89,698
89,719
89,735
89,758
89,772
89,793
89,886
89,898
89,945
90,97
90,112
90,119
90,195
90,258
90,352
90,391
90,504
90,575
90,624
90,656
90,769
90,785
90,891
90,899
90,912
90,954
90,998
91,98
91,104
91,108
91,113
91,114
91,147
91,148
91,171
91,202
91,215
91,221
91,234
91,262
91,263
91,301
91,315
91,350
91,362
91,376
91,379
91,393
91,394
91,406
91,419
91,436
91,446
91,448
91,459
91,461
91,470
91,483
91,484
91,511
91,536
91,553
91,560
91,562
91,574
91,588
91,607
91,648
91,655
91,706
91,719
91,736
91,739
91,761
91,774
91,800
91,803
91,808
91,825
91,831
91,838
91,865
91,885
91,891
91,896
91,931
91,934
91,937
91,939
91,946
91,950
91,961
91,975
91,977
91,984
91,988
91,990
91,992
92,103
92,104
92,105
92,126
92,152
92,153
92,163
92,182
92,183
92,190
92,192
92,195
92,201
92,219
92,249
92,257
92,262
92,279
92,294
92,299
92,310
92,311
92,312
92,350
92,356
92,359
92,360
92,376
92,377
92,387
92,390
92,396
92,408
92,409
92,426
92,436
92,442
92,445
92,455
92,472
92,479
92,568
92,569
92,570
92,572
92,573
92,576
92,588
92,602
92,614
92,624
92,633
92,654
92,664
92,695
92,706
92,708
92,730
92,757
92,764
92,786
92,803
92,819
92,834
92,840
92,850
92,854
92,862
92,877
92,911
92,923
92,951
92,955
92,964
92,970
92,974
92,975
92,989
93,97
93,112
93,123
93,127
93,144
93,219
93,261
93,285
93,297
93,298
93,336
93,419
93,437
93,501
93,507
93,538
93,560
93,575
93,589
93,619
93,622
93,667
93,718
93,749
93,821
93,865
93,907
93,911
93,941
93,982
94,258
94,280
94,286
94,371
94,385
94,422
94,492
94,507
94,661
94,666
94,834
94,975
95,123
95,129
95,138
95,171
95,176
95,181
95,200
95,201
95,203
95,219
95,262
95,265
95,274
95,309
95,318
95,343
95,352
95,355
95,361
95,382
95,384
95,412
95,421
95,427
95,434
95,436
95,439
95,446
95,452
95,468
95,489
95,491
95,519
95,530
95,546
95,587
95,633
95,638
95,660
95,685
95,691
95,693
95,732
95,749
95,770
95,798
95,802
95,809
95,831
95,849
95,850
95,859
95,880
95,888
95,898
95,909
95,959
95,972
96,242
96,280
96,298
96,305
96,316
96,373
96,378
96,404
96,408
96,456
96,497
96,580
96,645
96,650
96,701
96,736
96,798
96,816
96,820
96,891
96,914
96,927
96,952
96,984
97,120
97,160
97,172
97,196
97,202
97,248
97,348
97,362
97,364
97,380
97,425
97,454
97,460
97,470
97,483
97,490
97,576
97,600
97,656
97,729
97,793
97,798
97,809
97,831
97,836
97,845
97,851
97,906
97,920
97,979
98,129
98,130
98,147
98,157
98,160
98,164
98,170
98,180
98,183
98,184
98,188
98,197
98,209
98,246
98,259
98,268
98,288
98,289
98,296
98,308
98,310
98,311
98,315
98,326
98,327
98,330
98,341
98,363
98,371
98,377
98,378
98,379
98,382
98,387
98,392
98,399
98,412
98,419
98,420
98,421
98,461
98,479
98,483
98,489
98,516
98,519
98,537
98,603
98,618
98,641
98,642
98,645
98,655
98,667
98,676
98,684
98,687
98,690
98,706
98,713
98,717
98,726
98,737
98,769
98,798
98,800
98,802
98,824
98,840
98,841
98,847
98,863
98,889
98,911
98,946
98,951
98,963
98,983
99,116
99,159
99,167
99,180
99,184
99,204
99,212
99,222
99,225
99,281
99,288
99,289
99,312
99,341
99,351
99,361
99,365
99,372
99,382
99,392
99,405
99,435
99,474
99,479
99,482
99,491
99,521
99,534
99,538
99,543
99,562
99,570
99,575
99,576
99,582
99,610
99,629
99,662
99,712
99,726
99,729
99,733
99,746
99,797
99,801
99,806
99,819
99,824
99,831
99,834
99,838
99,846
99,860
99,869
99,895
99,903
99,911
99,921
99,926
99,946
99,957
99,963
100,119
100,155
100,170
100,199
100,221
100,233
100,236
100,237
100,239
100,246
100,250
100,313
100,330
100,373
100,387
100,395
100,404
100,416
100,420
100,423
100,507
100,534
100,558
100,609
100,614
100,620
100,638
100,673
100,719
100,767
100,771
100,778
100,805
100,866
100,919
100,975
100,980
100,989
101,122
101,133
101,144
101,152
101,192
101,196
101,225
101,231
101,253
101,281
101,283
101,295
101,303
101,310
101,323
101,364
101,376
101,405
101,406
101,409
101,420
101,450
101,464
101,485
101,493
101,502
101,506
101,507
101,510
101,513
101,530
101,536
101,546
101,558
101,568
101,574
101,602
101,640
101,654
101,662
101,671
101,683
101,686
101,771
101,806
101,814
101,820
101,837
101,872
101,874
101,875
101,878
101,895
101,903
101,905
101,914
101,916
101,920
101,923
101,961
101,963
102,103
102,105
102,111
102,149
102,175
102,213
102,217
102,226
102,261
102,305
102,343
102,351
102,395
102,441
102,488
102,503
102,510
102,527
102,574
102,586
102,587
102,590
102,642
102,661
102,674
102,754
102,755
102,828
102,842
102,937
102,991
103,126
103,140
103,148
103,154
103,173
103,175
103,224
103,239
103,286
103,287
103,288
103,299
103,307
103,308
103,310
103,313
103,324
103,328
103,377
103,379
103,382
103,385
103,387
103,394
103,396
103,406
103,410
103,446
103,453
103,461
103,467
103,471
103,475
103,481
103,502
103,507
103,511
103,575
103,576
103,588
103,610
103,617
103,622
103,627
103,650
103,695
103,738
103,749
103,762
103,766
103,776
103,800
103,817
103,843
103,845
103,847
103,848
103,875
103,901
103,915
103,917
103,948
103,962
103,963
103,970
103,978
103,991
103,992
104,105
104,137
104,144
104,147
104,159
104,173
104,184
104,211
104,227
104,231
104,234
104,262
104,288
104,323
104,335
104,338
104,348
104,356
104,361
104,369
104,378
104,392
104,394
104,398
104,416
104,432
104,473
104,475
104,479
104,489
104,492
104,512
104,516
104,517
104,522
104,575
104,576
104,577
104,608
104,613
104,616
104,618
104,654
104,664
104,691
104,747
104,809
104,843
104,846
104,847
104,849
104,851
104,861
104,863
104,883
104,903
104,946
104,981
105,123
105,145
105,180
105,181
105,194
105,209
105,224
105,241
105,249
105,250
105,267
105,270
105,271
105,277
105,304
105,308
105,312
105,316
105,330
105,343
105,346
105,352
105,353
105,359
105,360
105,376
105,379
105,387
105,390
105,394
105,402
105,403
105,404
105,408
105,416
105,419
105,432
105,436
105,439
105,443
105,449
105,460
105,464
105,478
105,489
105,502
105,513
105,517
105,519
105,527
105,556
105,559
105,560
105,582
105,602
105,606
105,615
105,617
105,624
105,627
105,637
105,643
105,646
105,648
105,664
105,669
105,671
105,684
105,687
105,699
105,705
105,720
105,727
105,745
105,779
105,799
105,801
105,806
105,811
105,820
105,823
105,835
105,845
105,847
105,853
105,863
105,869
105,871
105,877
105,904
105,919
105,925
105,929
105,930
105,951
105,954
105,963
105,964
105,966
105,967
105,978
105,986
105,992
105,998
106,153
106,176
106,181
106,286
106,309
106,348
106,371
106,404
106,413
106,422
106,606
106,705
106,751
106,759
106,779
106,786
106,838
106,853
106,880
106,919
106,931
106,948
107,124
107,139
107,145
107,171
107,214
107,222
107,234
107,257
107,293
107,296
107,306
107,325
107,377
107,384
107,388
107,405
107,423
107,464
107,501
107,531
107,560
107,598
107,616
107,712
107,714
107,724
107,735
107,766
107,789
107,803
107,809
107,833
107,851
107,861
107,873
107,968
107,976
107,981
107,989
107,991
107,992
108,115
108,201
108,243
108,262
108,329
108,348
108,359
108,372
108,378
108,382
108,393
108,396
108,453
108,456
108,472
108,476
108,493
108,512
108,526
108,527
108,535
108,582
108,599
108,609
108,617
108,623
108,648
108,650
108,660
108,688
108,691
108,694
108,714
108,723
108,773
108,785
108,816
108,835
108,870
108,891
108,954
108,977
109,134
109,180
109,190
109,197
109,203
109,239
109,262
109,287
109,379
109,396
109,408
109,440
109,559
109,622
109,627
109,688
109,696
109,697
109,736
109,839
109,849
109,861
109,892
109,906
109,972
109,995
110,118
110,137
110,230
110,236
110,288
110,303
110,316
110,318
110,495
110,509
110,523
110,559
110,569
110,599
110,602
110,606
110,634
110,676
110,684
110,764
110,779
110,784
110,820
110,984
110,986
111,133
111,147
111,167
111,179
111,194
111,195
111,200
111,208
111,211
111,225
111,231
111,232
111,235
111,249
111,262
111,266
111,282
111,299
111,362
111,368
111,374
111,380
111,390
111,396
111,405
111,419
111,420
111,423
111,438
111,449
111,455
111,494
111,513
111,519
111,527
111,531
111,537
111,562
111,571
111,587
111,593
111,596
111,605
111,615
111,627
111,631
111,640
111,641
111,652
111,654
111,669
111,717
111,726
111,733
111,778
111,798
111,823
111,826
111,828
111,834
111,860
111,868
111,869
111,882
111,886
111,892
111,919
111,924
111,953
111,959
111,966
111,980
111,989
111,993
112,123
112,129
112,139
112,145
112,150
112,155
112,172
112,184
112,252
112,259
112,288
112,289
112,406
112,428
112,441
112,449
112,469
112,490
112,518
112,535
112,561
112,618
112,622
112,677
112,710
112,735
112,740
112,765
112,777
112,782
112,800
112,805
112,888
112,895
112,911
112,915
112,917
112,939
112,948
112,961
112,994
113,118
113,139
113,185
113,249
113,288
113,297
113,300
113,373
113,382
113,392
113,485
113,533
113,567
113,622
113,649
113,679
113,719
113,730
113,760
113,809
113,817
113,849
113,855
113,895
113,901
113,909
113,920
113,921
113,980
114,237
114,263
114,280
114,293
114,325
114,328
114,367
114,384
114,410
114,414
114,423
114,429
114,518
114,544
114,576
114,633
114,634
114,660
114,683
114,685
114,688
114,766
114,773
114,784
114,791
114,809
114,841
114,894
114,903
114,937
114,940
114,949
114,951
114,958
114,972
115,278
115,328
115,364
115,394
115,396
115,416
115,420
115,439
115,465
115,511
115,515
115,539
115,592
115,637
115,640
115,672
115,699
115,719
115,730
115,744
115,806
115,809
115,831
115,835
115,887
115,888
115,910
115,930
115,966
115,993
116,123
116,137
116,179
116,183
116,195
116,266
116,285
116,292
116,305
116,352
116,370
116,387
116,439
116,491
116,494
116,518
116,526
116,547
116,579
116,582
116,592
116,618
116,623
116,643
116,682
116,705
116,735
116,739
116,746
116,747
116,772
116,800
116,805
116,808
116,814
116,820
116,823
116,843
116,856
116,860
116,864
116,885
116,892
116,900
116,902
116,903
116,911
116,924
116,930
116,946
116,965
116,984
116,986
116,988
117,208
117,223
117,229
117,232
117,293
117,317
117,433
117,526
117,573
117,591
117,600
117,623
117,644
117,726
117,746
117,808
117,823
117,898
117,938
117,968
118,124
118,134
118,148
118,173
118,226
118,227
118,229
118,250
118,262
118,279
118,301
118,324
118,326
118,353
118,367
118,379
118,389
118,400
118,419
118,455
118,472
118,476
118,477
118,483
118,495
118,498
118,506
118,519
118,522
118,530
118,537
118,559
118,569
118,572
118,618
118,619
118,632
118,654
118,662
118,667
118,676
118,678
118,695
118,705
118,706
118,717
118,726
118,729
118,733
118,739
118,773
118,774
118,776
118,777
118,788
118,797
118,801
118,805
118,806
118,829
118,832
118,851
118,863
118,871
118,873
118,882
118,899
118,901
118,910
118,925
118,959
118,985
118,986
119,159
119,163
119,195
119,211
119,215
119,227
119,229
119,231
119,232
119,242
119,286
119,301
119,308
119,313
119,316
119,319
119,326
119,348
119,360
119,378
119,380
119,390
119,408
119,423
119,450
119,464
119,481
119,498
119,500
119,517
119,519
119,522
119,527
119,547
119,548
119,555
119,569
119,618
119,638
119,687
119,689
119,697
119,721
119,741
119,747
119,764
119,767
119,778
119,808
119,815
119,821
119,824
119,831
119,832
119,842
119,860
119,861
119,862
119,871
119,886
119,891
119,894
119,896
119,908
119,936
119,942
119,966
119,984
120,143
120,199
120,253
120,281
120,422
120,425
120,549
120,575
120,622
120,639
120,645
120,657
120,770
120,796
120,940
120,946
120,947
120,972
121,159
121,169
121,177
121,194
121,259
121,279
121,320
121,325
121,333
121,463
121,563
121,570
121,597
121,610
121,625
121,661
121,669
121,729
121,733
121,737
121,749
121,782
121,884
121,897
121,955
121,966
122,173
122,288
122,299
122,338
122,371
122,392
122,400
122,410
122,418
122,438
122,490
122,494
122,501
122,511
122,528
122,564
122,574
122,605
122,609
122,629
122,637
122,678
122,683
122,691
122,713
122,766
122,799
122,837
122,839
122,841
122,871
122,889
122,894
122,899
122,915
122,966
122,984
122,987
123,131
123,204
123,214
123,224
123,278
123,302
123,315
123,317
123,342
123,345
123,346
123,367
123,425
123,434
123,445
123,459
123,472
123,481
123,483
123,502
123,573
123,577
123,585
123,588
123,604
123,624
123,646
123,673
123,692
123,717
123,747
123,765
123,808
123,853
123,875
123,902
123,949
123,960
123,983
123,985
123,999
124,146
124,168
124,171
124,183
124,191
124,221
124,239
124,249
124,272
124,291
124,323
124,350
124,361
124,362
124,372
124,376
124,477
124,496
124,499
124,523
124,561
124,569
124,572
124,586
124,588
124,601
124,602
124,606
124,613
124,637
124,640
124,689
124,694
124,730
124,735
124,754
124,770
124,796
124,802
124,828
124,851
124,861
124,883
124,889
124,908
124,910
124,925
124,953
125,132
125,156
125,183
125,195
125,233
125,234
125,250
125,264
125,316
125,386
125,396
125,492
125,586
125,591
125,672
125,720
125,731
125,733
125,777
125,797
125,885
126,129
126,150
126,153
126,180
126,207
126,227
126,259
126,369
126,455
126,475
126,501
126,563
126,671
126,683
126,686
126,736
126,799
126,885
126,916
126,993
127,164
127,210
127,278
127,293
127,294
127,313
127,323
127,330
127,358
127,360
127,361
127,373
127,423
127,443
127,453
127,463
127,474
127,495
127,506
127,511
127,523
127,531
127,662
127,671
127,673
127,703
127,721
127,746
127,768
127,777
127,800
127,835
127,877
127,887
127,893
127,921
127,950
127,975
128,171
128,206
128,264
128,298
128,301
128,352
128,444
128,485
128,506
128,676
128,708
128,722
128,740
128,809
128,813
128,869
128,880
128,905
128,937
129,141
129,148
129,188
129,192
129,215
129,222
129,223
129,224
129,225
129,232
129,233
129,240
129,248
129,252
129,269
129,271
129,284
129,286
129,308
129,336
129,343
129,357
129,383
129,386
129,409
129,422
129,438
129,455
129,463
129,464
129,480
129,511
129,513
129,541
129,568
129,580
129,588
129,611
129,615
129,621
129,639
129,644
129,645
129,658
129,674
129,698
129,703
129,716
129,745
129,749
129,750
129,754
129,789
129,841
129,900
129,906
129,907
129,922
129,954
129,960
129,985
129,994
129,996
129,998
130,150
130,239
130,260
130,271
130,305
130,342
130,346
130,366
130,394
130,404
130,410
130,437
130,469
130,472
130,476
130,478
130,481
130,494
130,511
130,526
130,565
130,604
130,643
130,644
130,650
130,670
130,694
130,712
130,716
130,724
130,733
130,768
130,771
130,778
130,788
130,811
130,838
130,852
130,887
130,889
130,891
130,963
130,983
130,993
130,997
131,151
131,158
131,180
131,195
131,202
131,220
131,225
131,232
131,233
131,243
131,260
131,278
131,301
131,315
131,317
131,326
131,354
131,365
131,379
131,386
131,387
131,400
131,438
131,439
131,449
131,473
131,476
131,477
131,490
131,497
131,503
131,515
131,523
131,531
131,549
131,559
131,561
131,571
131,598
131,609
131,610
131,629
131,632
131,651
131,664
131,674
131,685
131,688
131,690
131,701
131,709
131,710
131,714
131,729
131,756
131,774
131,787
131,788
131,789
131,798
131,821
131,822
131,847
131,848
131,860
131,875
131,883
131,907
131,914
131,926
131,939
131,947
131,949
131,950
131,958
131,975
131,978
131,986
131,997
132,137
132,155
132,220
132,241
132,245
132,290
132,323
132,340
132,385
132,416
132,434
132,445
132,486
132,526
132,539
132,564
132,571
132,580
132,600
132,612
132,690
132,705
132,709
132,710
132,713
132,733
132,747
132,757
132,760
132,795
132,798
132,897
132,912
132,937
132,980
133,149
133,160
133,173
133,192
133,218
133,224
133,229
133,231
133,232
133,238
133,246
133,272
133,318
133,331
133,390
133,405
133,425
133,464
133,550
133,573
133,588
133,598
133,625
133,646
133,652
133,654
133,662
133,694
133,703
133,729
133,745
133,772
133,800
133,801
133,817
133,848
133,859
133,878
133,892
133,951
133,954
133,964
133,970
133,978
133,981
134,143
134,176
134,246
134,262
134,277
134,293
134,306
134,319
134,340
134,355
134,359
134,377
134,424
134,428
134,436
134,442
134,464
134,471
134,479
134,503
134,509
134,561
134,565
134,573
134,591
134,598
134,607
134,652
134,656
134,667
134,696
134,736
134,803
134,812
134,844
134,872
134,885
134,890
134,898
134,904
134,918
134,940
134,977
135,167
135,182
135,185
135,278
135,286
135,362
135,372
135,452
135,453
135,466
135,482
135,485
135,533
135,566
135,646
135,739
135,741
135,748
135,770
135,895
135,900
135,904
135,908
135,914
135,990
136,169
136,191
136,235
136,245
136,272
136,417
136,445
136,452
136,480
136,503
136,504
136,635
136,640
136,646
136,668
136,734
136,749
136,797
136,818
136,839
136,933
136,961
136,976
137,156
137,158
137,184
137,185
137,208
137,233
137,239
137,244
137,248
137,275
137,310
137,313
137,326
137,333
137,342
137,346
137,352
137,398
137,406
137,407
137,439
137,456
137,468
137,508
137,537
137,593
137,603
137,627
137,653
137,661
137,663
137,682
137,692
137,693
137,718
137,744
137,746
137,758
137,769
137,775
137,803
137,823
137,831
137,849
137,854
137,859
137,861
137,871
137,905
137,910
137,930
137,947
137,950
137,978
137,993
138,156
138,157
138,203
138,243
138,244
138,290
138,327
138,333
138,346
138,349
138,378
138,402
138,420
138,471
138,510
138,614
138,634
138,707
138,720
138,731
138,736
138,759
138,764
138,817
138,878
138,911
138,946
138,947
138,990
138,993
138,996
139,142
139,176
139,203
139,229
139,234
139,235
139,242
139,257
139,366
139,379
139,469
139,502
139,511
139,515
139,523
139,559
139,595
139,629
139,671
139,682
139,695
139,791
139,814
139,834
139,836
139,848
139,901
139,981
139,989
140,179
140,189
140,199
140,209
140,226
140,239
140,255
140,323
140,338
140,340
140,365
140,368
140,373
140,376
140,388
140,410
140,417
140,430
140,442
140,493
140,513
140,520
140,521
140,602
140,612
140,649
140,667
140,706
140,761
140,766
140,771
140,787
140,838
140,854
140,868
140,895
140,900
140,957
140,974
140,989
141,177
141,193
141,209
141,266
141,294
141,302
141,303
141,376
141,379
141,427
141,451
141,469
141,483
141,500
141,518
141,559
141,565
141,577
141,600
141,621
141,689
141,690
141,706
141,709
141,713
141,739
141,758
141,770
141,789
141,847
141,859
141,937
141,945
142,173
142,215
142,221
142,269
142,330
142,410
142,424
142,436
142,459
142,470
142,488
142,490
142,511
142,539
142,559
142,560
142,586
142,625
142,629
142,665
142,673
142,686
142,745
142,759
142,780
142,787
142,807
142,810
142,821
142,822
142,878
142,884
142,893
142,954
142,957
142,964
142,987
143,153
143,173
143,214
143,264
143,284
143,318
143,361
143,383
143,477
143,487
143,508
143,535
143,544
143,568
143,656
143,734
143,780
143,788
143,834
143,948
143,949
144,158
144,169
144,170
144,194
144,234
144,239
144,250
144,267
144,288
144,312
144,323
144,335
144,361
144,394
144,409
144,417
144,419
144,464
144,513
144,527
144,569
144,582
144,588
144,599
144,609
144,641
144,644
144,662
144,669
144,687
144,714
144,720
144,723
144,765
144,771
144,773
144,798
144,806
144,825
144,844
144,861
144,868
144,877
144,918
144,919
144,943
144,966
144,997
144,999
145,223
145,236
145,260
145,263
145,274
145,280
145,296
145,307
145,310
145,359
145,399
145,429
145,436
145,461
145,511
145,544
145,584
145,589
145,601
145,638
145,662
145,671
145,812
145,865
145,923
145,942
145,949
146,160
146,184
146,248
146,252
146,253
146,359
146,421
146,460
146,461
146,472
146,483
146,487
146,496
146,519
146,522
146,525
146,551
146,593
146,594
146,639
146,644
146,698
146,710
146,737
146,755
146,756
146,794
146,815
146,836
146,853
146,932
146,959
146,969
146,975
147,200
147,209
147,214
147,233
147,235
147,242
147,251
147,274
147,288
147,311
147,321
147,338
147,349
147,353
147,390
147,392
147,410
147,436
147,438
147,459
147,472
147,502
147,506
147,511
147,569
147,573
147,598
147,654
147,689
147,700
147,712
147,716
147,834
147,835
147,849
147,851
147,881
147,882
147,889
147,903
147,910
147,918
147,924
147,970
147,997
148,183
148,184
148,236
148,262
148,319
148,330
148,338
148,354
148,363
148,366
148,379
148,385
148,387
148,390
148,409
148,415
148,427
148,443
148,452
148,457
148,478
148,484
148,491
148,497
148,498
148,516
148,522
148,530
148,590
148,613
148,632
148,646
148,654
148,658
148,667
148,687
148,703
148,708
148,712
148,718
148,729
148,746
148,773
148,774
148,778
148,819
148,832
148,846
148,854
148,892
148,910
148,922
148,940
148,959
148,961
148,963
148,964
149,153
149,157
149,213
149,236
149,320
149,327
149,364
149,396
149,404
149,447
149,453
149,470
149,472
149,483
149,506
149,534
149,577
149,584
149,684
149,688
149,717
149,730
149,763
149,766
149,778
149,926
149,948
149,986
150,152
150,158
150,180
150,181
150,185
150,188
150,222
150,242
150,248
150,280
150,283
150,286
150,306
150,324
150,328
150,334
150,343
150,380
150,411
150,425
150,426
150,434
150,443
150,476
150,478
150,492
150,515
150,547
150,567
150,572
150,592
150,630
150,637
150,697
150,701
150,715
150,719
150,734
150,772
150,778
150,799
150,811
150,825
150,830
150,833
150,834
150,847
150,849
150,850
150,874
150,890
150,910
150,933
150,935
150,949
150,967
150,973
150,976
151,158
151,191
151,213
151,214
151,246
151,266
151,294
151,328
151,337
151,346
151,351
151,363
151,364
151,365
151,390
151,391
151,420
151,464
151,482
151,491
151,509
151,516
151,528
151,551
151,559
151,612
151,614
151,616
151,629
151,662
151,674
151,687
151,710
151,712
151,722
151,734
151,739
151,748
151,792
151,831
151,835
151,856
151,866
151,868
151,877
151,902
151,915
151,935
151,963
152,205
152,247
152,269
152,286
152,296
152,380
152,401
152,406
152,441
152,478
152,495
152,500
152,564
152,576
152,580
152,601
152,606
152,665
152,678
152,693
152,730
152,755
152,794
152,795
152,887
152,910
152,935
152,943
152,970
152,978
152,982
153,158
153,198
153,204
153,206
153,224
153,227
153,232
153,233
153,240
153,300
153,354
153,357
153,371
153,501
153,558
153,561
153,562
153,579
153,583
153,596
153,616
153,621
153,650
153,724
153,736
153,743
153,745
153,789
153,816
153,873
153,904
153,930
153,969
153,981
154,179
154,190
154,201
154,216
154,247
154,257
154,270
154,274
154,302
154,318
154,320
154,370
154,507
154,661
154,750
154,759
154,783
154,788
154,798
154,819
154,837
154,863
154,866
154,912
154,927
154,936
154,998
155,226
155,229
155,294
155,303
155,304
155,305
155,336
155,340
155,391
155,414
155,462
155,603
155,632
155,668
155,704
155,709
155,763
155,771
155,791
155,832
155,907
155,959
156,164
156,348
156,378
156,419
156,421
156,629
156,658
156,688
156,752
156,756
156,800
156,809
156,838
156,889
156,962
157,192
157,195
157,213
157,239
157,305
157,396
157,461
157,472
157,483
157,490
157,491
157,498
157,523
157,556
157,574
157,597
157,598
157,612
157,613
157,627
157,642
157,648
157,649
157,673
157,694
157,750
157,758
157,807
157,825
157,864
157,881
157,894
157,980
157,986
157,997
158,184
158,207
158,258
158,262
158,283
158,316
158,338
158,340
158,351
158,364
158,439
158,450
158,452
158,521
158,541
158,548
158,588
158,590
158,609
158,611
158,616
158,658
158,697
158,763
158,773
158,798
158,860
158,862
158,897
158,914
158,923
158,948
158,980
158,987
159,333
159,337
159,398
159,503
159,518
159,593
159,596
159,625
159,626
159,634
159,642
159,759
159,800
159,832
159,834
159,838
159,849
159,871
160,203
160,256
160,281
160,297
160,306
160,312
160,336
160,387
160,399
160,454
160,534
160,550
160,577
160,580
160,601
160,610
160,642
160,668
160,672
160,674
160,722
160,762
160,763
160,772
160,777
160,783
160,791
160,832
160,861
160,898
160,899
160,904
160,907
160,947
160,997
161,202
161,264
161,268
161,293
161,299
161,312
161,335
161,341
161,351
161,374
161,405
161,479
161,488
161,490
161,519
161,609
161,618
161,627
161,642
161,695
161,696
161,700
161,714
161,727
161,728
161,768
161,774
161,784
161,789
161,797
161,811
161,878
161,893
161,936
161,946
161,947
161,978
161,993
162,201
162,214
162,249
162,310
162,372
162,385
162,387
162,392
162,447
162,465
162,534
162,621
162,625
162,626
162,640
162,645
162,703
162,709
162,710
162,714
162,718
162,752
162,764
162,800
162,832
162,839
162,851
162,871
162,888
162,903
162,935
162,942
162,975
162,980
162,992
163,183
163,209
163,234
163,244
163,259
163,374
163,379
163,384
163,419
163,469
163,472
163,555
163,644
163,649
163,729
163,734
163,853
163,861
163,880
163,890
163,894
163,947
164,167
164,184
164,213
164,237
164,239
164,243
164,250
164,268
164,318
164,339
164,350
164,364
164,383
164,420
164,424
164,436
164,438
164,476
164,509
164,540
164,556
164,571
164,580
164,598
164,605
164,617
164,629
164,636
164,660
164,664
164,674
164,697
164,769
164,824
164,854
164,860
164,865
164,893
164,944
164,954
164,957
164,965
165,176
165,184
165,189
165,209
165,238
165,242
165,260
165,264
165,294
165,311
165,318
165,321
165,335
165,353
165,369
165,373
165,407
165,415
165,422
165,431
165,433
165,434
165,467
165,488
165,500
165,507
165,513
165,530
165,548
165,566
165,580
165,605
165,606
165,609
165,618
165,620
165,628
165,641
165,658
165,662
165,667
165,685
165,748
165,749
165,776
165,821
165,858
165,875
165,891
165,892
165,896
165,909
165,921
165,935
165,940
165,947
165,973
165,977
165,978
165,986
165,995
166,170
166,251
166,264
166,280
166,310
166,343
166,380
166,392
166,398
166,465
166,467
166,563
166,569
166,574
166,619
166,660
166,707
166,720
166,724
166,742
166,765
166,798
166,825
166,857
166,865
166,942
167,190
167,193
167,194
167,205
167,224
167,232
167,235
167,270
167,272
167,281
167,298
167,300
167,308
167,339
167,348
167,355
167,385
167,399
167,447
167,459
167,462
167,515
167,555
167,557
167,568
167,581
167,598
167,637
167,658
167,660
167,682
167,686
167,782
167,830
167,865
167,950
167,975
167,978
167,980
168,264
168,275
168,317
168,336
168,375
168,377
168,423
168,428
168,445
168,458
168,462
168,484
168,504
168,560
168,572
168,578
168,579
168,582
168,598
168,640
168,644
168,666
168,694
168,707
168,709
168,763
168,766
168,804
168,808
168,811
168,842
168,849
168,854
168,886
168,928
168,930
168,941
168,964
168,985
169,188
169,200
169,223
169,227
169,265
169,272
169,300
169,306
169,310
169,332
169,344
169,346
169,374
169,376
169,405
169,457
169,463
169,484
169,503
169,585
169,608
169,612
169,635
169,668
169,685
169,745
169,787
169,871
169,900
169,916
169,924
169,973
169,978
170,195
170,202
170,237
170,249
170,256
170,266
170,305
170,308
170,311
170,317
170,323
170,324
170,327
170,352
170,353
170,356
170,372
170,379
170,381
170,390
170,410
170,435
170,455
170,459
170,465
170,468
170,477
170,478
170,507
170,513
170,522
170,529
170,542
170,560
170,588
170,611
170,619
170,623
170,636
170,640
170,658
170,687
170,703
170,716
170,729
170,746
170,771
170,788
170,793
170,800
170,860
170,861
170,863
170,893
170,910
170,930
170,946
170,974
170,986
171,231
171,244
171,261
171,267
171,305
171,310
171,319
171,324
171,341
171,362
171,365
171,380
171,396
171,419
171,421
171,424
171,474
171,503
171,532
171,564
171,642
171,662
171,688
171,718
171,724
171,732
171,800
171,830
171,847
171,924
171,940
171,962
172,179
172,186
172,213
172,222
172,225
172,268
172,276
172,279
172,298
172,339
172,446
172,477
172,508
172,515
172,528
172,554
172,570
172,590
172,612
172,644
172,677
172,697
172,701
172,719
172,724
172,735
172,748
172,781
172,792
172,799
172,800
172,835
172,841
172,861
172,865
172,997
173,183
173,219
173,225
173,228
173,259
173,275
173,278
173,313
173,314
173,319
173,338
173,349
173,359
173,366
173,376
173,379
173,392
173,408
173,439
173,464
173,491
173,511
173,516
173,528
173,533
173,537
173,542
173,580
173,589
173,641
173,656
173,694
173,729
173,741
173,785
173,786
173,787
173,800
173,816
173,819
173,857
173,860
173,875
173,903
173,923
173,930
173,931
173,946
173,970
174,183
174,196
174,198
174,227
174,235
174,286
174,339
174,383
174,461
174,470
174,505
174,530
174,639
174,650
174,681
174,698
174,835
174,936
174,937
174,996
175,191
175,197
175,205
175,214
175,221
175,238
175,285
175,330
175,333
175,357
175,429
175,439
175,487
175,521
175,532
175,543
175,590
175,613
175,631
175,644
175,711
175,735
175,775
175,828
175,842
175,906
175,918
175,931
176,183
176,185
176,232
176,239
176,260
176,262
176,265
176,308
176,324
176,334
176,341
176,342
176,352
176,378
176,379
176,391
176,404
176,414
176,422
176,423
176,428
176,443
176,449
176,455
176,464
176,477
176,493
176,512
176,523
176,535
176,553
176,560
176,562
176,567
176,569
176,572
176,582
176,601
176,631
176,639
176,640
176,643
176,662
176,673
176,677
176,687
176,734
176,741
176,745
176,746
176,749
176,774
176,814
176,827
176,844
176,854
176,855
176,878
176,882
176,920
176,924
176,951
176,984
176,995
177,210
177,230
177,258
177,282
177,298
177,372
177,378
177,526
177,551
177,692
177,711
177,798
177,874
177,888
177,906
177,919
177,991
178,205
178,221
178,315
178,335
178,442
178,447
178,506
178,516
178,533
178,534
178,539
178,598
178,600
178,609
178,610
178,789
178,803
178,864
178,879
178,898
178,949
179,180
179,188
179,197
179,233
179,246
179,260
179,278
179,285
179,294
179,310
179,319
179,323
179,330
179,355
179,376
179,385
179,406
179,420
179,448
179,454
179,455
179,463
179,469
179,510
179,518
179,547
179,554
179,584
179,589
179,613
179,615
179,616
179,620
179,642
179,650
179,651
179,706
179,708
179,729
179,753
179,774
179,812
179,838
179,846
179,861
179,864
179,896
179,906
179,908
179,932
179,964
179,970
179,989
180,213
180,215
180,297
180,312
180,319
180,324
180,330
180,343
180,360
180,363
180,377
180,394
180,404
180,406
180,408
180,429
180,507
180,558
180,568
180,578
180,615
180,640
180,647
180,660
180,664
180,671
180,707
180,713
180,736
180,770
180,798
180,802
180,827
180,858
180,860
180,868
180,881
180,892
180,902
180,907
180,917
180,972
181,196
181,207
181,238
181,270
181,309
181,315
181,324
181,433
181,462
181,464
181,512
181,514
181,533
181,554
181,591
181,626
181,634
181,644
181,663
181,688
181,751
181,775
181,795
181,826
181,852
181,853
181,855
181,926
182,184
182,213
182,219
182,253
182,315
182,435
182,479
182,518
182,575
182,583
182,601
182,637
182,682
182,689
182,706
182,798
182,820
182,827
182,828
182,969
183,208
183,231
183,232
183,234
183,239
183,272
183,278
183,301
183,306
183,309
183,310
183,313
183,330
183,338
183,343
183,356
183,360
183,366
183,374
183,387
183,390
183,396
183,406
183,419
183,422
183,427
183,436
183,440
183,457
183,459
183,461
183,477
183,479
183,482
183,499
183,502
183,516
183,522
183,523
183,526
183,537
183,541
183,555
183,585
183,592
183,593
183,606
183,627
183,636
183,637
183,644
183,646
183,658
183,665
183,673
183,678
183,697
183,705
183,720
183,731
183,761
183,768
183,775
183,798
183,820
183,828
183,829
183,830
183,831
183,837
183,839
183,873
183,877
183,888
183,891
183,903
183,908
183,915
183,925
183,940
183,941
183,943
183,961
183,964
183,977
183,989
183,993
184,204
184,206
184,261
184,269
184,285
184,295
184,301
184,309
184,313
184,348
184,392
184,423
184,429
184,451
184,460
184,488
184,543
184,544
184,579
184,586
184,591
184,595
184,602
184,610
184,611
184,622
184,673
184,679
184,705
184,710
184,718
184,770
184,801
184,820
184,895
184,901
184,903
184,920
184,964
184,986
185,196
185,197
185,200
185,244
185,260
185,371
185,393
185,398
185,415
185,447
185,451
185,464
185,472
185,478
185,479
185,489
185,536
185,573
185,606
185,616
185,641
185,642
185,678
185,694
185,698
185,705
185,766
185,771
185,776
185,805
185,817
185,839
185,897
185,941
185,949
185,950
185,963
185,967
186,236
186,239
186,247
186,271
186,318
186,319
186,338
186,373
186,411
186,456
186,458
186,466
186,469
186,490
186,512
186,518
186,527
186,533
186,538
186,552
186,575
186,604
186,642
186,658
186,675
186,676
186,682
186,683
186,740
186,760
186,794
186,865
186,906
186,916
186,917
186,940
186,944
187,195
187,196
187,218
187,237
187,243
187,318
187,334
187,404
187,412
187,453
187,462
187,486
187,498
187,510
187,542
187,568
187,577
187,644
187,650
187,659
187,664
187,722
187,765
187,788
187,838
187,840
187,844
187,891
187,925
187,936
187,980
188,256
188,272
188,301
188,373
188,399
188,423
188,432
188,437
188,456
188,486
188,501
188,507
188,508
188,523
188,534
188,546
188,582
188,599
188,694
188,726
188,728
188,767
188,795
188,807
188,817
188,822
188,854
188,902
188,983
189,190
189,246
189,262
189,264
189,273
189,277
189,309
189,333
189,363
189,399
189,401
189,411
189,427
189,458
189,521
189,543
189,581
189,664
189,668
189,714
189,720
189,738
189,742
189,878
189,897
189,931
189,942
190,193
190,202
190,215
190,219
190,257
190,281
190,297
190,306
190,326
190,371
190,381
190,396
190,418
190,419
190,424
190,434
190,461
190,470
190,479
190,482
190,489
190,501
190,517
190,518
190,530
190,533
190,537
190,538
190,544
190,582
190,588
190,605
190,623
190,659
190,677
190,690
190,716
190,733
190,735
190,770
190,800
190,808
190,814
190,818
190,845
190,846
190,849
190,878
190,887
190,911
190,977
190,992
190,999
191,221
191,236
191,248
191,285
191,288
191,289
191,302
191,338
191,341
191,368
191,396
191,400
191,408
191,459
191,466
191,530
191,531
191,651
191,658
191,660
191,663
191,665
191,678
191,681
191,704
191,710
191,711
191,730
191,755
191,857
191,884
191,892
191,929
191,933
191,937
191,956
191,965
191,987
192,199
192,277
192,295
192,321
192,331
192,339
192,353
192,396
192,434
192,438
192,447
192,472
192,489
192,516
192,521
192,561
192,568
192,614
192,639
192,647
192,699
192,708
192,709
192,729
192,733
192,742
192,775
192,809
192,813
192,839
192,850
192,860
192,862
192,873
192,912
192,946
192,964
192,966
192,968
193,204
193,208
193,210
193,215
193,356
193,357
193,485
193,537
193,627
193,657
193,672
193,700
193,715
193,739
193,741
193,752
193,757
193,776
193,807
193,836
193,855
193,915
193,933
193,945
193,970
194,207
194,250
194,260
194,272
194,288
194,294
194,309
194,313
194,326
194,347
194,356
194,358
194,359
194,387
194,438
194,442
194,453
194,475
194,478
194,493
194,498
194,502
194,525
194,533
194,558
194,568
194,574
194,582
194,599
194,627
194,649
194,658
194,662
194,664
194,667
194,707
194,718
194,733
194,744
194,760
194,764
194,818
194,824
194,844
194,851
194,869
194,891
194,909
194,921
194,930
194,931
194,963
194,992
195,205
195,222
195,224
195,225
195,227
195,229
195,231
195,238
195,250
195,252
195,301
195,302
195,303
195,308
195,311
195,312
195,318
195,343
195,344
195,355
195,356
195,368
195,372
195,385
195,397
195,406
195,410
195,414
195,415
195,428
195,456
195,477
195,479
195,482
195,491
195,492
195,505
195,510
195,518
195,519
195,523
195,529
195,530
195,537
195,549
195,556
195,558
195,559
195,570
195,586
195,589
195,613
195,614
195,615
195,624
195,627
195,639
195,647
195,652
195,670
195,672
195,686
195,695
195,718
195,733
195,735
195,736
195,750
195,755
195,761
195,763
195,770
195,771
195,777
195,788
195,790
195,798
195,800
195,802
195,809
195,824
195,828
195,830
195,831
195,832
195,863
195,869
195,875
195,881
195,884
195,896
195,903
195,906
195,911
195,920
195,930
195,948
195,951
195,963
195,974
195,982
195,984
195,985
195,986
195,999
196,197
196,202
196,208
196,227
196,239
196,241
196,242
196,256
196,260
196,270
196,272
196,329
196,382
196,408
196,440
196,444
196,452
196,460
196,470
196,515
196,521
196,523
196,539
196,552
196,566
196,576
196,580
196,602
196,606
196,624
196,630
196,643
196,649
196,680
196,700
196,752
196,755
196,797
196,808
196,818
196,821
196,825
196,838
196,848
196,854
196,871
196,897
196,935
196,982
197,209
197,224
197,226
197,256
197,260
197,270
197,308
197,334
197,405
197,410
197,424
197,434
197,451
197,457
197,476
197,480
197,516
197,533
197,542
197,572
197,578
197,589
197,592
197,654
197,678
197,686
197,687
197,689
197,701
197,702
197,706
197,712
197,716
197,717
197,771
197,811
197,838
197,845
197,865
197,877
197,903
197,910
197,939
197,963
197,966
197,985
198,213
198,221
198,236
198,247
198,262
198,299
198,373
198,374
198,394
198,430
198,453
198,469
198,517
198,562
198,573
198,594
198,596
198,671
198,680
198,690
198,699
198,707
198,717
198,721
198,754
198,807
198,816
198,833
198,874
198,916
198,959
198,991
198,999
199,200
199,202
199,226
199,263
199,285
199,302
199,324
199,411
199,421
199,431
199,432
199,452
199,469
199,479
199,487
199,515
199,556
199,589
199,595
199,642
199,669
199,674
199,678
199,708
199,718
199,734
199,798
199,815
199,837
199,843
199,865
199,875
199,885
199,898
199,985
200,202
200,231
200,320
200,346
200,347
200,361
200,374
200,400
200,436
200,444
200,456
200,476
200,482
200,510
200,526
200,558
200,566
200,585
200,594
200,602
200,670
200,716
200,741
200,770
200,822
200,828
200,854
200,884
200,946
200,957
200,970
200,994
201,202
201,229
201,249
201,256
201,271
201,272
201,286
201,293
201,294
201,308
201,313
201,327
201,335
201,342
201,350
201,362
201,403
201,406
201,435
201,438
201,441
201,457
201,466
201,476
201,477
201,482
201,494
201,496
201,497
201,505
201,537
201,540
201,579
201,590
201,593
201,595
201,599
201,610
201,615
201,632
201,663
201,683
201,722
201,736
201,757
201,759
201,795
201,804
201,810
201,837
201,862
201,865
201,875
201,888
201,916
201,925
201,932
201,936
201,944
201,982
201,986
202,210
202,229
202,232
202,261
202,264
202,289
202,299
202,302
202,312
202,334
202,367
202,376
202,378
202,379
202,410
202,417
202,423
202,427
202,428
202,429
202,440
202,464
202,467
202,479
202,491
202,493
202,496
202,511
202,532
202,543
202,575
202,625
202,632
202,638
202,642
202,645
202,708
202,719
202,745
202,747
202,764
202,812
202,821
202,825
202,826
202,843
202,877
202,885
202,887
202,889
202,923
202,982
202,989
202,992
203,224
203,227
203,240
203,255
203,317
203,333
203,342
203,385
203,440
203,461
203,465
203,502
203,509
203,545
203,558
203,563
203,578
203,607
203,641
203,649
203,749
203,755
203,785
203,801
203,817
203,835
203,896
203,898
203,907
204,243
204,255
204,416
204,432
204,467
204,503
204,550
204,611
204,625
204,633
204,651
204,700
204,705
204,712
204,727
204,752
204,797
204,868
204,880
204,881
204,920
204,953
205,207
205,218
205,222
205,229
205,238
205,240
205,263
205,270
205,299
205,318
205,325
205,337
205,339
205,347
205,360
205,383
205,388
205,390
205,402
205,412
205,423
205,438
205,439
205,442
205,444
205,451
205,485
205,494
205,500
205,515
205,523
205,530
205,545
205,560
205,566
205,577
205,585
205,588
205,595
205,599
205,645
205,652
205,653
205,688
205,690
205,701
205,750
205,774
205,780
205,793
205,808
205,826
205,829
205,846
205,853
205,858
205,877
205,882
205,894
205,921
205,978
205,981
206,236
206,282
206,305
206,317
206,342
206,371
206,395
206,438
206,497
206,499
206,514
206,568
206,590
206,602
206,638
206,643
206,645
206,684
206,690
206,700
206,732
206,738
206,755
206,764
206,765
206,768
206,781
206,806
206,827
206,832
206,884
206,888
206,906
206,921
206,942
206,997
207,221
207,223
207,232
207,234
207,239
207,242
207,247
207,262
207,281
207,288
207,289
207,295
207,301
207,305
207,319
207,321
207,337
207,396
207,411
207,412
207,414
207,439
207,443
207,464
207,477
207,485
207,511
207,546
207,556
207,568
207,575
207,585
207,602
207,609
207,626
207,630
207,640
207,641
207,677
207,701
207,705
207,716
207,718
207,729
207,731
207,745
207,747
207,758
207,772
207,775
207,801
207,817
207,832
207,834
207,839
207,856
207,877
207,882
207,889
207,890
207,902
207,927
207,937
207,948
207,954
207,964
207,977
207,982
207,995
208,210
208,211
208,248
208,262
208,273
208,333
208,343
208,355
208,359
208,368
208,385
208,430
208,451
208,468
208,470
208,505
208,536
208,547
208,560
208,613
208,640
208,655
208,689
208,701
208,730
208,736
208,770
208,789
208,811
208,829
208,859
208,878
208,925
208,952
208,953
208,976
208,981
208,985
209,236
209,256
209,267
209,349
209,391
209,412
209,440
209,453
209,507
209,553
209,574
209,575
209,631
209,687
209,692
209,745
209,780
209,790
209,798
209,809
209,820
209,854
209,874
209,904
209,911
209,919
209,952
210,281
210,338
210,354
210,368
210,418
210,447
210,456
210,480
210,507
210,523
210,535
210,574
210,658
210,706
210,716
210,815
210,822
210,825
210,846
210,851
210,910
210,927
210,931
210,937
210,948
210,954
210,975
211,222
211,311
211,348
211,373
211,391
211,410
211,420
211,422
211,425
211,499
211,530
211,553
211,568
211,571
211,642
211,645
211,658
211,709
211,739
211,741
211,751
211,766
211,779
211,789
211,790
211,809
211,814
211,835
211,843
211,849
211,887
211,888
211,937
211,983
212,238
212,257
212,371
212,390
212,417
212,419
212,441
212,477
212,485
212,503
212,561
212,589
212,612
212,614
212,633
212,638
212,639
212,660
212,661
212,688
212,698
212,724
212,767
212,794
212,855
212,856
212,930
212,954
212,955
213,269
213,287
213,309
213,326
213,341
213,372
213,396
213,415
213,428
213,438
213,439
213,444
213,450
213,469
213,474
213,494
213,510
213,626
213,668
213,677
213,682
213,742
213,746
213,769
213,806
213,807
213,832
213,842
213,849
213,869
213,881
213,886
213,891
213,902
213,994
214,232
214,277
214,291
214,319
214,342
214,364
214,404
214,426
214,442
214,448
214,455
214,456
214,489
214,492
214,521
214,536
214,567
214,569
214,604
214,607
214,627
214,652
214,676
214,712
214,729
214,744
214,763
214,807
214,824
214,837
214,841
214,854
214,908
214,922
214,945
214,962
214,981
215,216
215,223
215,226
215,227
215,241
215,255
215,279
215,291
215,309
215,313
215,320
215,323
215,336
215,348
215,360
215,374
215,376
215,382
215,395
215,464
215,468
215,472
215,483
215,511
215,515
215,527
215,539
215,559
215,561
215,569
215,593
215,603
215,606
215,610
215,625
215,627
215,629
215,649
215,658
215,673
215,682
215,697
215,705
215,778
215,821
215,832
215,838
215,854
215,877
215,898
215,918
215,931
215,962
215,965
215,979
215,980
216,275
216,308
216,340
216,369
216,393
216,496
216,630
216,637
216,723
216,726
216,733
216,750
216,795
216,807
216,839
216,883
216,908
216,947
216,956
216,998
217,255
217,391
217,402
217,407
217,418
217,453
217,549
217,551
217,560
217,602
217,617
217,644
217,667
217,682
217,695
217,748
217,787
217,792
217,806
217,838
217,873
217,898
217,931
217,961
217,990
217,993
218,219
218,221
218,260
218,271
218,349
218,385
218,417
218,453
218,523
218,548
218,568
218,693
218,787
218,789
218,917
219,249
219,254
219,277
219,304
219,312
219,326
219,348
219,355
219,373
219,382
219,471
219,521
219,534
219,542
219,550
219,560
219,580
219,586
219,637
219,642
219,647
219,684
219,733
219,768
219,849
219,870
219,957
220,227
220,231
220,286
220,294
220,296
220,304
220,317
220,345
220,367
220,413
220,430
220,435
220,475
220,488
220,497
220,530
220,604
220,649
220,715
220,743
220,756
220,783
220,788
220,815
220,840
220,863
220,864
220,874
220,903
220,963
220,964
221,222
221,246
221,273
221,285
221,294
221,326
221,344
221,346
221,349
221,388
221,396
221,415
221,427
221,472
221,489
221,523
221,542
221,544
221,595
221,657
221,702
221,710
221,712
221,721
221,733
221,745
221,749
221,750
221,760
221,777
221,785
221,853
221,871
221,874
221,969
221,978
222,225
222,263
222,268
222,272
222,285
222,299
222,300
222,320
222,330
222,352
222,355
222,410
222,425
222,426
222,473
222,476
222,481
222,484
222,490
222,522
222,535
222,538
222,550
222,563
222,574
222,577
222,583
222,599
222,602
222,606
222,607
222,647
222,658
222,678
222,686
222,698
222,712
222,715
222,724
222,756
222,760
222,763
222,793
222,804
222,815
222,817
222,822
222,829
222,831
222,837
222,849
222,863
222,865
222,867
222,873
222,881
222,882
222,899
222,922
222,956
222,984
222,992
223,280
223,296
223,299
223,305
223,306
223,308
223,341
223,347
223,414
223,450
223,456
223,458
223,464
223,467
223,518
223,525
223,528
223,550
223,565
223,574
223,583
223,607
223,680
223,690
223,718
223,723
223,757
223,775
223,791
223,817
223,827
223,838
223,878
223,913
223,929
223,939
223,943
223,970
223,985
223,989
224,238
224,248
224,260
224,267
224,288
224,305
224,306
224,324
224,335
224,345
224,363
224,366
224,400
224,411
224,439
224,453
224,476
224,479
224,523
224,527
224,555
224,559
224,577
224,610
224,631
224,632
224,636
224,652
224,671
224,686
224,731
224,757
224,784
224,787
224,809
224,831
224,835
224,846
224,854
224,882
224,895
225,226
225,251
225,255
225,258
225,295
225,299
225,306
225,311
225,313
225,363
225,373
225,396
225,411
225,431
225,444
225,471
225,490
225,513
225,531
225,557
225,566
225,569
225,572
225,582
225,586
225,610
225,660
225,665
225,674
225,703
225,749
225,768
225,780
225,789
225,889
225,907
225,921
225,935
225,947
225,951
225,972
225,982
225,997
226,239
226,242
226,255
226,266
226,300
226,318
226,342
226,349
226,361
226,367
226,385
226,410
226,463
226,476
226,493
226,509
226,533
226,544
226,555
226,565
226,582
226,615
226,639
226,662
226,671
226,708
226,739
226,752
226,759
226,778
226,783
226,798
226,802
226,806
226,807
226,808
226,822
226,827
226,831
226,834
226,854
226,865
226,918
226,949
226,966
227,229
227,273
227,286
227,287
227,288
227,330
227,338
227,354
227,371
227,373
227,396
227,412
227,416
227,439
227,442
227,459
227,474
227,482
227,489
227,496
227,510
227,537
227,558
227,571
227,637
227,641
227,646
227,650
227,653
227,670
227,688
227,691
227,700
227,703
227,709
227,712
227,726
227,736
227,745
227,772
227,774
227,777
227,812
227,818
227,823
227,828
227,831
227,832
227,838
227,863
227,885
227,902
227,931
227,973
228,309
228,385
228,389
228,447
228,474
228,529
228,552
228,584
228,704
228,782
228,870
228,901
228,912
228,984
229,232
229,246
229,248
229,260
229,262
229,266
229,318
229,335
229,351
229,380
229,414
229,436
229,507
229,521
229,546
229,552
229,559
229,565
229,590
229,591
229,623
229,645
229,652
229,660
229,670
229,672
229,691
229,715
229,718
229,736
229,737
229,742
229,748
229,755
229,772
229,802
229,804
229,829
229,843
229,860
229,875
229,880
229,906
229,915
229,927
229,941
229,949
229,962
229,970
229,989
229,991
229,993
229,997
230,236
230,265
230,295
230,303
230,306
230,328
230,378
230,383
230,399
230,414
230,423
230,504
230,540
230,558
230,577
230,610
230,612
230,622
230,640
230,689
230,709
230,716
230,727
230,729
230,733
230,752
230,761
230,777
230,821
230,829
230,846
230,909
230,915
231,238
231,240
231,314
231,334
231,359
231,371
231,379
231,411
231,436
231,446
231,509
231,510
231,533
231,536
231,537
231,550
231,552
231,571
231,599
231,646
231,650
231,659
231,700
231,706
231,707
231,708
231,736
231,756
231,778
231,788
231,827
231,842
231,852
231,868
231,877
231,906
231,910
231,911
231,957
231,985
231,987
231,989
232,236
232,260
232,280
232,306
232,328
232,344
232,362
232,394
232,419
232,472
232,521
232,580
232,583
232,603
232,645
232,727
232,808
232,840
232,842
232,879
232,919
232,956
233,279
233,335
233,349
233,377
233,383
233,385
233,396
233,410
233,424
233,435
233,471
233,497
233,503
233,516
233,523
233,531
233,546
233,572
233,594
233,602
233,619
233,642
233,677
233,688
233,729
233,744
233,767
233,807
233,824
233,846
233,854
233,863
233,864
233,944
233,947
233,985
234,279
234,288
234,303
234,306
234,333
234,344
234,349
234,396
234,405
234,468
234,491
234,515
234,565
234,598
234,610
234,620
234,623
234,625
234,689
234,737
234,745
234,770
234,779
234,787
234,803
234,821
234,822
234,841
234,892
234,899
234,912
234,920
234,936
234,963
234,969
235,262
235,297
235,308
235,376
235,396
235,464
235,470
235,513
235,519
235,538
235,542
235,553
235,577
235,598
235,609
235,623
235,631
235,677
235,679
235,691
235,703
235,704
235,868
235,882
235,902
235,909
235,920
235,936
235,939
235,978
235,984
236,249
236,252
236,271
236,326
236,373
236,375
236,377
236,387
236,403
236,412
236,423
236,474
236,534
236,559
236,616
236,667
236,673
236,694
236,696
236,710
236,749
236,760
236,804
236,810
236,842
236,850
236,863
236,901
236,917
236,940
236,960
236,977
236,979
237,261
237,263
237,340
237,353
237,355
237,396
237,403
237,460
237,470
237,483
237,527
237,582
237,586
237,591
237,593
237,658
237,688
237,695
237,707
237,735
237,810
237,812
237,863
237,887
237,901
237,917
237,919
237,931
237,944
237,947
237,975
237,983
237,985
237,989
238,269
238,283
238,294
238,377
238,381
238,394
238,396
238,415
238,453
238,465
238,476
238,556
238,569
238,592
238,717
238,726
238,740
238,773
238,826
238,830
238,837
238,841
238,854
238,881
238,935
238,984
239,241
239,244
239,250
239,257
239,269
239,273
239,276
239,280
239,299
239,306
239,318
239,328
239,352
239,353
239,356
239,358
239,364
239,371
239,374
239,375
239,400
239,404
239,415
239,417
239,436
239,446
239,469
239,475
239,476
239,496
239,497
239,500
239,510
239,512
239,518
239,543
239,562
239,578
239,586
239,598
239,602
239,603
239,606
239,627
239,637
239,652
239,671
239,689
239,704
239,715
239,721
239,728
239,730
239,737
239,744
239,763
239,776
239,778
239,809
239,848
239,852
239,859
239,900
239,912
239,947
239,957
239,958
239,963
239,966
239,978
239,980
239,985
240,245
240,256
240,270
240,273
240,283
240,330
240,335
240,356
240,364
240,368
240,371
240,381
240,416
240,428
240,433
240,454
240,480
240,492
240,501
240,521
240,572
240,590
240,618
240,620
240,622
240,631
240,639
240,649
240,674
240,714
240,718
240,743
240,778
240,858
240,883
240,899
240,963
241,251
241,316
241,321
241,396
241,475
241,514
241,591
241,592
241,627
241,689
241,706
241,724
241,739
241,754
241,764
241,787
241,792
241,802
241,939
242,243
242,249
242,265
242,287
242,307
242,318
242,379
242,396
242,406
242,415
242,419
242,439
242,459
242,465
242,478
242,513
242,518
242,521
242,523
242,537
242,568
242,578
242,609
242,612
242,615
242,619
242,621
242,665
242,708
242,712
242,716
242,729
242,733
242,739
242,757
242,764
242,766
242,819
242,835
242,850
242,855
242,860
242,868
242,896
242,921
242,966
242,976
243,286
243,341
243,460
243,490
243,501
243,509
243,574
243,611
243,617
243,627
243,640
243,663
243,689
243,779
243,906
243,927
244,283
244,296
244,348
244,351
244,373
244,392
244,404
244,432
244,517
244,521
244,546
244,585
244,603
244,678
244,735
244,739
244,755
244,777
244,817
244,838
244,902
244,962
245,269
245,284
245,290
245,333
245,521
245,545
245,565
245,594
245,601
245,657
245,677
245,752
245,917
246,249
246,291
246,298
246,306
246,366
246,389
246,414
246,418
246,440
246,470
246,472
246,479
246,483
246,487
246,489
246,498
246,503
246,510
246,574
246,595
246,638
246,640
246,644
246,685
246,687
246,697
246,708
246,725
246,732
246,770
246,788
246,816
246,821
246,840
246,848
246,854
246,869
246,893
246,919
246,950
247,248
247,264
247,283
247,285
247,313
247,321
247,336
247,345
247,346
247,379
247,410
247,412
247,465
247,474
247,497
247,499
247,506
247,552
247,568
247,680
247,795
247,804
247,807
247,852
247,863
248,261
248,276
248,277
248,377
248,388
248,414
248,423
248,439
248,459
248,469
248,530
248,560
248,568
248,575
248,587
248,607
248,644
248,657
248,658
248,679
248,685
248,704
248,726
248,743
248,766
248,788
248,789
248,790
248,803
248,810
248,816
248,841
248,854
248,862
248,893
248,894
248,946
248,986
248,997
249,285
249,289
249,290
249,308
249,310
249,317
249,321
249,323
249,348
249,363
249,376
249,406
249,415
249,419
249,420
249,427
249,446
249,477
249,482
249,517
249,537
249,539
249,568
249,572
249,576
249,592
249,598
249,601
249,619
249,620
249,624
249,630
249,639
249,680
249,694
249,723
249,729
249,738
249,739
249,755
249,761
249,798
249,801
249,820
249,827
249,849
249,888
249,892
249,900
249,902
249,908
249,922
249,923
249,927
249,957
249,963
250,253
250,287
250,308
250,312
250,319
250,321
250,322
250,330
250,338
250,366
250,368
250,374
250,408
250,448
250,483
250,494
250,504
250,521
250,571
250,573
250,588
250,597
250,627
250,631
250,643
250,648
250,652
250,691
250,705
250,708
250,715
250,728
250,730
250,749
250,767
250,778
250,792
250,796
250,803
250,823
250,825
250,835
250,848
250,851
250,854
250,863
250,920
250,926
250,962
250,978
250,988
250,997
251,258
251,271
251,287
251,320
251,340
251,421
251,455
251,595
251,598
251,600
251,636
251,649
251,671
251,679
251,699
251,732
251,750
251,792
251,796
251,801
251,808
251,820
251,825
251,836
251,848
251,862
251,913
251,924
251,951
252,291
252,315
252,338
252,360
252,377
252,412
252,417
252,445
252,464
252,496
252,504
252,505
252,509
252,562
252,570
252,590
252,605
252,606
252,608
252,613
252,650
252,679
252,719
252,786
252,844
252,930
252,931
252,943
252,955
252,975
252,996
253,255
253,293
253,318
253,350
253,444
253,470
253,554
253,567
253,695
253,739
253,749
253,752
253,780
253,789
253,790
253,858
253,862
253,933
253,999
254,415
254,520
254,536
254,642
254,704
254,772
254,798
254,800
254,811
254,856
254,858
255,303
255,313
255,330
255,331
255,345
255,377
255,380
255,391
255,404
255,414
255,436
255,444
255,446
255,480
255,493
255,515
255,523
255,575
255,578
255,615
255,641
255,644
255,679
255,693
255,739
255,781
255,803
255,838
255,844
255,848
255,850
255,876
255,899
255,936
255,964
255,966
255,969
255,993
256,312
256,346
256,348
256,350
256,366
256,369
256,370
256,382
256,469
256,475
256,491
256,498
256,531
256,539
256,588
256,593
256,640
256,643
256,656
256,679
256,700
256,706
256,708
256,722
256,752
256,774
256,797
256,827
256,854
256,874
256,876
256,878
256,905
257,307
257,420
257,436
257,490
257,504
257,519
257,601
257,706
257,707
257,759
257,777
257,900
257,939
257,976
258,292
258,319
258,333
258,407
258,445
258,457
258,470
258,475
258,490
258,492
258,546
258,574
258,591
258,597
258,609
258,715
258,749
258,770
258,800
258,801
258,811
258,828
258,829
258,851
258,865
258,867
258,962
258,974
258,989
259,306
259,315
259,376
259,559
259,572
259,583
259,606
259,612
259,658
259,717
259,746
259,760
259,778
259,838
259,876
259,917
259,946
259,984
260,262
260,291
260,298
260,307
260,311
260,345
260,356
260,383
260,387
260,390
260,394
260,431
260,464
260,477
260,483
260,484
260,511
260,523
260,536
260,559
260,566
260,587
260,590
260,607
260,609
260,610
260,618
260,627
260,632
260,638
260,640
260,662
260,677
260,720
260,735
260,739
260,750
260,758
260,798
260,801
260,803
260,804
260,807
260,877
260,878
260,881
260,886
260,890
260,902
260,930
260,966
260,970
260,980
260,999
261,291
261,299
261,312
261,330
261,452
261,456
261,461
261,463
261,476
261,479
261,548
261,702
261,706
261,718
261,726
261,736
261,778
261,797
261,830
261,838
261,871
261,889
261,899
261,955
261,959
261,979
261,986
262,268
262,279
262,288
262,308
262,310
262,337
262,338
262,347
262,356
262,363
262,408
262,419
262,438
262,439
262,444
262,464
262,478
262,482
262,513
262,522
262,528
262,542
262,544
262,547
262,550
262,574
262,632
262,636
262,641
262,647
262,668
262,694
262,714
262,732
262,746
262,761
262,788
262,801
262,806
262,811
262,815
262,828
262,837
262,840
262,846
262,877
262,889
262,911
262,942
263,276
263,303
263,361
263,400
263,406
263,419
263,426
263,427
263,462
263,499
263,507
263,530
263,532
263,533
263,535
263,573
263,598
263,605
263,622
263,643
263,648
263,650
263,663
263,685
263,690
263,712
263,714
263,718
263,738
263,798
263,829
263,863
263,878
263,879
263,881
263,908
263,964
263,982
264,274
264,280
264,282
264,298
264,306
264,307
264,328
264,382
264,394
264,427
264,443
264,467
264,483
264,547
264,639
264,642
264,676
264,680
264,684
264,686
264,706
264,727
264,736
264,748
264,776
264,777
264,817
264,822
264,835
264,883
264,889
264,912
264,915
264,978
265,430
265,471
265,473
265,514
265,529
265,546
265,557
265,614
265,638
265,700
265,702
265,743
265,764
265,799
265,807
265,853
265,864
265,904
265,969
265,985
266,279
266,318
266,356
266,368
266,383
266,403
266,404
266,417
266,421
266,453
266,469
266,475
266,516
266,523
266,553
266,583
266,591
266,592
266,653
266,678
266,717
266,739
266,750
266,788
266,790
266,792
266,872
266,957
266,964
266,985
267,269
267,301
267,356
267,403
267,410
267,430
267,446
267,470
267,472
267,504
267,582
267,588
267,607
267,610
267,652
267,666
267,678
267,695
267,744
267,754
267,756
267,771
267,778
267,787
267,800
267,811
267,846
267,849
267,854
267,857
267,865
267,925
267,987
268,290
268,329
268,356
268,374
268,390
268,435
268,440
268,465
268,469
268,497
268,504
268,559
268,569
268,579
268,581
268,605
268,618
268,627
268,643
268,656
268,658
268,708
268,710
268,724
268,739
268,770
268,771
268,778
268,798
268,801
268,823
268,829
268,843
268,851
268,857
268,898
268,908
268,949
268,984
268,989
269,305
269,346
269,403
269,460
269,477
269,480
269,565
269,790
269,858
269,977
269,979
270,291
270,295
270,334
270,341
270,388
270,436
270,446
270,462
270,469
270,576
270,578
270,591
270,601
270,608
270,628
270,646
270,686
270,693
270,699
270,707
270,746
270,753
270,773
270,775
270,856
270,876
270,901
270,915
270,926
270,937
270,988
270,993
271,310
271,321
271,375
271,391
271,417
271,462
271,483
271,494
271,588
271,612
271,620
271,627
271,628
271,644
271,659
271,774
271,897
272,302
272,370
272,374
272,378
272,427
272,447
272,465
272,483
272,495
272,532
272,542
272,556
272,560
272,561
272,567
272,573
272,579
272,591
272,607
272,637
272,694
272,733
272,749
272,753
272,755
272,789
272,803
272,817
272,828
272,839
272,855
272,858
272,869
272,881
272,883
272,906
272,911
272,945
272,946
272,970
273,340
273,404
273,434
273,446
273,551
273,596
273,617
273,643
273,660
273,700
273,779
273,821
273,829
273,856
273,861
273,910
274,280
274,285
274,286
274,311
274,319
274,321
274,323
274,363
274,390
274,448
274,469
274,478
274,489
274,515
274,516
274,522
274,526
274,571
274,598
274,599
274,603
274,619
274,638
274,646
274,648
274,656
274,672
274,680
274,687
274,701
274,710
274,739
274,763
274,774
274,803
274,824
274,825
274,855
274,863
274,915
274,927
274,931
274,951
274,997
274,999
275,285
275,299
275,314
275,346
275,381
275,407
275,408
275,412
275,413
275,430
275,432
275,443
275,463
275,528
275,550
275,559
275,560
275,566
275,573
275,581
275,587
275,599
275,645
275,650
275,675
275,682
275,716
275,764
275,776
275,819
275,840
275,853
275,859
275,928
275,952
275,979
275,983
276,302
276,307
276,308
276,321
276,345
276,448
276,449
276,473
276,488
276,512
276,518
276,554
276,640
276,675
276,733
276,735
276,736
276,779
276,789
276,791
276,818
276,826
276,833
276,840
276,870
277,285
277,286
277,292
277,295
277,312
277,324
277,330
277,381
277,420
277,464
277,483
277,490
277,509
277,531
277,568
277,577
277,637
277,671
277,682
277,702
277,717
277,735
277,744
277,766
277,771
277,781
277,793
277,800
277,822
277,836
277,844
277,850
277,854
277,875
277,880
277,899
277,911
277,918
277,921
277,929
277,945
277,964
277,972
277,976
277,992
278,279
278,345
278,359
278,362
278,363
278,377
278,392
278,393
278,457
278,529
278,532
278,540
278,572
278,607
278,619
278,622
278,631
278,632
278,666
278,683
278,689
278,694
278,710
278,712
278,745
278,746
278,765
278,789
278,793
278,800
278,828
278,849
278,886
278,889
278,925
278,977
278,978
278,989
279,330
279,336
279,361
279,376
279,385
279,393
279,407
279,419
279,436
279,444
279,495
279,529
279,604
279,634
279,651
279,658
279,670
279,671
279,674
279,689
279,694
279,703
279,706
279,708
279,726
279,733
279,750
279,761
279,794
279,798
279,818
279,825
279,828
279,837
279,838
279,849
279,873
279,888
279,892
279,904
279,925
279,951
279,957
279,960
279,961
279,964
279,974
279,982
279,989
279,993
280,325
280,368
280,369
280,377
280,401
280,434
280,439
280,443
280,478
280,487
280,492
280,521
280,527
280,530
280,546
280,568
280,612
280,642
280,657
280,699
280,720
280,744
280,748
280,853
280,854
280,895
280,913
280,915
280,992
281,300
281,313
281,318
281,324
281,388
281,402
281,443
281,502
281,504
281,560
281,590
281,622
281,629
281,659
281,682
281,708
281,763
281,798
281,839
281,871
281,883
281,887
281,892
281,949
281,970
281,982
281,996
282,284
282,321
282,333
282,345
282,356
282,396
282,404
282,405
282,419
282,453
282,475
282,511
282,517
282,533
282,536
282,537
282,560
282,573
282,590
282,604
282,608
282,632
282,654
282,658
282,695
282,728
282,730
282,768
282,798
282,892
282,903
282,963
282,968
283,294
283,295
283,302
283,307
283,313
283,340
283,386
283,413
283,428
283,430
283,490
283,497
283,510
283,538
283,566
283,599
283,635
283,674
283,684
283,699
283,703
283,734
283,749
283,750
283,796
283,827
283,837
283,843
283,884
283,920
283,941
283,993
284,298
284,299
284,306
284,308
284,383
284,391
284,398
284,422
284,495
284,524
284,534
284,576
284,640
284,719
284,744
284,816
284,818
284,823
284,861
284,927
284,936
284,977
284,980
284,993
285,316
285,324
285,346
285,398
285,415
285,426
285,436
285,439
285,452
285,477
285,487
285,490
285,493
285,518
285,531
285,538
285,566
285,589
285,593
285,602
285,615
285,623
285,624
285,646
285,661
285,674
285,682
285,707
285,710
285,711
285,713
285,749
285,779
285,786
285,798
285,825
285,843
285,846
285,887
285,907
285,908
285,910
285,912
285,939
285,949
285,961
285,963
285,973
285,988
286,303
286,322
286,341
286,351
286,377
286,385
286,420
286,446
286,450
286,471
286,520
286,527
286,530
286,534
286,537
286,543
286,546
286,551
286,576
286,582
286,635
286,637
286,648
286,650
286,654
286,679
286,693
286,703
286,705
286,710
286,724
286,750
286,772
286,782
286,783
286,785
286,788
286,791
286,793
286,799
286,802
286,807
286,813
286,822
286,867
286,879
286,885
286,892
286,900
286,902
286,922
286,930
286,935
286,941
286,950
286,973
286,974
286,976
286,991
286,997
286,998
287,345
287,375
287,377
287,382
287,447
287,470
287,514
287,596
287,613
287,621
287,628
287,653
287,674
287,686
287,767
287,813
287,814
287,816
287,829
287,914
287,925
287,942
287,951
287,993
288,289
288,298
288,301
288,311
288,314
288,318
288,341
288,353
288,359
288,376
288,381
288,390
288,404
288,405
288,410
288,415
288,423
288,430
288,431
288,468
288,477
288,489
288,496
288,510
288,511
288,536
288,558
288,572
288,574
288,577
288,593
288,613
288,629
288,631
288,639
288,642
288,662
288,664
288,671
288,678
288,687
288,689
288,707
288,711
288,735
288,739
288,761
288,774
288,786
288,796
288,818
288,834
288,837
288,840
288,847
288,865
288,869
288,901
288,967
288,974
288,986
288,989
288,997
289,301
289,311
289,318
289,330
289,334
289,346
289,363
289,372
289,390
289,394
289,438
289,450
289,477
289,506
289,510
289,516
289,533
289,537
289,574
289,578
289,598
289,610
289,618
289,619
289,627
289,636
289,642
289,658
289,662
289,676
289,708
289,726
289,747
289,766
289,788
289,806
289,819
289,831
289,832
289,896
289,910
289,964
289,974
289,980
289,987
289,996
290,349
290,357
290,434
290,467
290,480
290,506
290,515
290,534
290,600
290,631
290,633
290,667
290,741
290,745
290,760
290,770
290,776
290,787
290,794
290,865
290,937
291,297
291,298
291,313
291,316
291,345
291,407
291,453
291,511
291,528
291,587
291,620
291,641
291,646
291,678
291,692
291,785
291,799
291,804
291,807
291,881
291,900
291,948
291,989
291,991
292,303
292,305
292,327
292,346
292,395
292,435
292,443
292,461
292,468
292,478
292,491
292,510
292,511
292,530
292,546
292,568
292,650
292,657
292,667
292,670
292,774
292,804
292,838
292,861
292,878
292,888
292,889
292,945
292,946
292,985
292,993
293,298
293,307
293,340
293,367
293,392
293,485
293,487
293,554
293,570
293,656
293,682
293,709
293,722
293,754
293,853
293,879
293,917
294,296
294,310
294,359
294,419
294,425
294,434
294,440
294,453
294,483
294,504
294,550
294,558
294,559
294,571
294,582
294,589
294,616
294,644
294,659
294,681
294,684
294,700
294,734
294,758
294,766
294,778
294,795
294,814
294,823
294,825
294,828
294,844
294,854
294,898
294,925
294,937
294,940
294,946
294,964
294,976
294,987
294,989
294,998
295,348
295,352
295,364
295,368
295,371
295,388
295,396
295,447
295,491
295,492
295,511
295,518
295,519
295,544
295,553
295,555
295,559
295,589
295,591
295,641
295,642
295,670
295,689
295,713
295,762
295,785
295,786
295,811
295,837
295,886
295,901
295,902
295,935
295,937
295,947
295,957
295,964
295,988
295,989
295,996
296,382
296,437
296,449
296,465
296,502
296,511
296,555
296,559
296,581
296,618
296,625
296,628
296,654
296,674
296,680
296,688
296,720
296,727
296,754
296,763
296,778
296,786
296,807
296,810
296,864
296,906
296,917
297,305
297,313
297,330
297,341
297,352
297,387
297,392
297,404
297,421
297,511
297,536
297,552
297,614
297,633
297,642
297,789
297,793
297,808
297,891
297,946
297,960
297,974
298,377
298,382
298,412
298,417
298,434
298,456
298,472
298,482
298,484
298,496
298,511
298,521
298,574
298,589
298,623
298,649
298,662
298,671
298,729
298,772
298,774
298,779
298,780
298,851
298,904
298,907
298,935
298,975
298,980
298,987
299,308
299,334
299,336
299,341
299,342
299,348
299,387
299,392
299,431
299,442
299,447
299,468
299,469
299,478
299,482
299,493
299,513
299,568
299,574
299,610
299,629
299,642
299,650
299,651
299,657
299,661
299,676
299,677
299,724
299,729
299,739
299,748
299,763
299,766
299,770
299,788
299,798
299,811
299,813
299,814
299,829
299,834
299,875
299,899
299,907
299,923
299,928
299,960
299,966
299,977
299,978
299,988
299,998
300,358
300,371
300,373
300,447
300,514
300,545
300,551
300,643
300,676
300,683
300,700
300,704
300,737
300,741
300,762
300,783
300,793
300,805
300,813
300,815
300,878
300,883
300,963
301,308
301,322
301,345
301,346
301,374
301,380
301,393
301,436
301,446
301,462
301,487
301,499
301,505
301,506
301,511
301,522
301,527
301,529
301,533
301,539
301,552
301,556
301,559
301,598
301,631
301,637
301,639
301,653
301,693
301,708
301,778
301,795
301,797
301,832
301,836
301,847
301,850
301,854
301,908
301,923
301,930
301,937
301,945
301,961
301,995
302,344
302,380
302,388
302,403
302,404
302,449
302,463
302,498
302,534
302,537
302,544
302,567
302,608
302,684
302,704
302,719
302,733
302,838
302,864
302,870
302,927
302,979
303,359
303,370
303,394
303,416
303,439
303,451
303,459
303,501
303,529
303,538
303,540
303,549
303,555
303,584
303,655
303,660
303,691
303,693
303,694
303,713
303,715
303,726
303,727
303,741
303,766
303,770
303,792
303,821
303,892
303,900
303,909
303,910
303,917
303,982
304,330
304,404
304,413
304,422
304,476
304,606
304,705
304,778
304,792
304,798
304,818
304,832
304,888
304,909
304,923
304,967
304,978
305,319
305,328
305,343
305,346
305,353
305,371
305,372
305,427
305,433
305,485
305,491
305,514
305,539
305,550
305,560
305,561
305,580
305,582
305,583
305,585
305,604
305,607
305,616
305,619
305,637
305,641
305,658
305,739
305,755
305,772
305,778
305,783
305,792
305,827
305,850
305,868
305,875
305,897
305,932
305,968
305,984
306,311
306,342
306,397
306,401
306,407
306,417
306,432
306,453
306,457
306,472
306,487
306,524
306,530
306,573
306,579
306,587
306,612
306,638
306,649
306,660
306,705
306,711
306,717
306,730
306,754
306,762
306,771
306,807
306,812
306,814
306,818
306,844
306,851
306,861
306,883
306,998
307,318
307,327
307,362
307,427
307,491
307,496
307,516
307,535
307,546
307,642
307,648
307,688
307,734
307,745
307,773
307,778
307,790
307,820
307,826
307,827
307,863
307,892
307,898
307,899
307,907
308,317
308,324
308,347
308,353
308,359
308,376
308,378
308,379
308,387
308,406
308,436
308,478
308,489
308,531
308,568
308,575
308,614
308,632
308,644
308,653
308,657
308,659
308,688
308,698
308,700
308,735
308,770
308,774
308,798
308,820
308,868
308,881
308,902
308,910
308,925
308,947
308,951
308,953
308,968
309,331
309,358
309,367
309,369
309,407
309,419
309,429
309,448
309,465
309,480
309,493
309,510
309,533
309,538
309,591
309,595
309,603
309,620
309,642
309,667
309,679
309,720
309,739
309,769
309,776
309,784
309,809
309,865
309,868
309,874
309,892
309,893
309,915
309,946
309,948
309,960
309,972
309,989
309,990
310,344
310,347
310,360
310,371
310,374
310,375
310,376
310,392
310,394
310,396
310,400
310,404
310,409
310,418
310,419
310,436
310,437
310,441
310,460
310,475
310,499
310,511
310,513
310,518
310,519
310,522
310,534
310,584
310,588
310,589
310,596
310,611
310,624
310,643
310,684
310,718
310,721
310,736
310,745
310,746
310,750
310,761
310,828
310,847
310,851
310,868
310,876
310,884
310,889
310,905
310,910
310,925
310,938
310,951
310,966
310,974
310,980
310,983
311,312
311,323
311,330
311,332
311,360
311,361
311,385
311,387
311,391
311,392
311,396
311,408
311,412
311,432
311,455
311,456
311,468
311,513
311,527
311,550
311,567
311,568
311,582
311,596
311,603
311,615
311,640
311,653
311,662
311,669
311,686
311,694
311,708
311,716
311,733
311,736
311,747
311,750
311,774
311,819
311,824
311,832
311,862
311,872
311,882
311,894
311,896
311,961
311,964
311,984
312,328
312,337
312,341
312,348
312,406
312,409
312,436
312,457
312,464
312,489
312,496
312,568
312,598
312,615
312,619
312,631
312,640
312,654
312,689
312,708
312,736
312,746
312,755
312,774
312,787
312,798
312,829
312,830
312,860
312,863
312,869
312,877
312,884
312,891
312,903
312,918
312,920
312,925
312,949
312,956
312,962
312,966
312,968
312,976
312,978
312,988
312,997
313,314
313,327
313,340
313,367
313,382
313,435
313,452
313,461
313,483
313,489
313,554
313,622
313,640
313,648
313,718
313,724
313,733
313,767
313,800
313,807
313,809
313,827
313,839
313,888
313,901
313,925
313,939
313,950
313,968
313,970
314,330
314,341
314,353
314,371
314,379
314,410
314,439
314,529
314,602
314,610
314,627
314,641
314,649
314,666
314,707
314,718
314,771
314,787
314,828
314,837
314,838
314,851
314,885
314,889
314,890
314,919
314,923
314,945
314,946
314,960
314,972
314,992
315,326
315,371
315,373
315,379
315,407
315,416
315,428
315,452
315,486
315,532
315,559
315,561
315,640
315,644
315,657
315,667
315,737
315,805
315,817
315,830
315,855
315,864
315,888
315,894
315,914
315,946
316,331
316,332
316,333
316,366
316,393
316,439
316,449
316,530
316,531
316,553
316,568
316,570
316,577
316,609
316,657
316,667
316,731
316,836
316,837
316,987
316,990
317,345
317,357
317,402
317,412
317,438
317,449
317,477
317,508
317,529
317,583
317,604
317,617
317,627
317,652
317,653
317,662
317,697
317,729
317,735
317,787
317,827
317,881
317,889
317,947
317,971
317,973
317,976
317,980
317,992
318,323
318,335
318,346
318,374
318,377
318,400
318,404
318,409
318,417
318,449
318,508
318,510
318,564
318,592
318,602
318,643
318,656
318,691
318,735
318,831
318,848
318,854
318,862
318,885
318,889
318,897
318,904
318,908
318,963
318,972
318,979
318,984
318,988
319,330
319,334
319,341
319,343
319,361
319,371
319,403
319,412
319,439
319,457
319,459
319,468
319,510
319,547
319,618
319,622
319,627
319,631
319,659
319,667
319,669
319,678
319,694
319,695
319,708
319,716
319,721
319,739
319,761
319,771
319,793
319,794
319,823
319,834
319,836
319,837
319,861
319,869
319,902
319,925
319,978
319,982
319,986
320,342
320,410
320,448
320,463
320,525
320,529
320,535
320,652
320,691
320,697
320,839
320,901
320,990
321,368
321,384
321,420
321,425
321,434
321,438
321,473
321,490
321,495
321,525
321,535
321,567
321,569
321,578
321,598
321,616
321,638
321,655
321,670
321,671
321,701
321,708
321,719
321,737
321,754
321,764
321,790
321,830
321,865
321,877
321,894
321,901
321,935
321,975
322,333
322,349
322,368
322,391
322,460
322,473
322,474
322,500
322,504
322,572
322,593
322,702
322,740
322,765
322,786
322,820
322,843
322,901
322,906
322,949
323,353
323,359
323,367
323,379
323,390
323,399
323,405
323,407
323,409
323,410
323,421
323,427
323,432
323,439
323,464
323,475
323,489
323,510
323,513
323,527
323,542
323,550
323,558
323,588
323,589
323,636
323,638
323,643
323,664
323,669
323,695
323,703
323,706
323,708
323,715
323,717
323,729
323,786
323,801
323,808
323,821
323,838
323,849
323,851
323,861
323,868
323,891
323,902
323,908
323,920
323,936
323,963
323,966
323,974
323,979
323,981
324,341
324,359
324,360
324,361
324,363
324,379
324,390
324,396
324,416
324,424
324,476
324,478
324,482
324,489
324,527
324,560
324,568
324,576
324,625
324,629
324,632
324,640
324,687
324,689
324,729
324,733
324,747
324,757
324,763
324,774
324,790
324,803
324,823
324,842
324,848
324,851
324,855
324,861
324,882
324,899
324,902
324,918
324,921
324,936
324,959
324,966
324,970
324,997
325,365
325,396
325,434
325,467
325,472
325,531
325,635
325,673
325,688
325,784
325,802
325,809
325,865
325,952
325,968
325,982
325,989
326,372
326,396
326,414
326,458
326,530
326,582
326,622
326,625
326,636
326,641
326,658
326,660
326,706
326,712
326,722
326,733
326,734
326,764
326,823
326,841
326,868
326,901
326,992
327,590
327,618
327,634
327,640
327,667
327,672
327,706
327,769
327,830
327,877
327,884
327,903
327,911
327,920
327,942
327,989
327,997
328,336
328,338
328,373
328,409
328,411
328,435
328,455
328,485
328,506
328,519
328,569
328,571
328,582
328,595
328,621
328,641
328,646
328,659
328,660
328,677
328,679
328,718
328,731
328,739
328,778
328,779
328,814
328,816
328,817
328,836
328,837
328,885
328,902
328,921
328,972
328,989
328,998
329,357
329,370
329,460
329,510
329,524
329,549
329,568
329,588
329,619
329,629
329,643
329,676
329,710
329,720
329,739
329,756
329,757
329,774
329,788
330,333
330,345
330,356
330,373
330,382
330,385
330,387
330,396
330,426
330,464
330,474
330,514
330,517
330,522
330,544
330,572
330,574
330,576
330,608
330,627
330,630
330,639
330,641
330,650
330,658
330,669
330,679
330,689
330,690
330,717
330,721
330,733
330,750
330,755
330,761
330,774
330,778
330,832
330,839
330,847
330,849
330,868
330,895
330,896
330,898
330,901
330,911
330,977
331,354
331,412
331,417
331,514
331,515
331,571
331,598
331,656
331,765
331,779
331,786
331,813
331,821
331,855
331,856
331,963
332,395
332,529
332,760
332,764
332,784
332,912
333,384
333,477
333,480
333,495
333,559
333,590
333,598
333,599
333,605
333,611
333,628
333,634
333,657
333,667
333,669
333,685
333,745
333,803
333,836
333,843
333,846
333,878
333,891
333,903
333,917
333,986
334,347
334,360
334,366
334,388
334,389
334,407
334,437
334,446
334,469
334,511
334,523
334,531
334,536
334,539
334,549
334,572
334,588
334,593
334,617
334,618
334,629
334,665
334,674
334,693
334,706
334,716
334,729
334,787
334,793
334,806
334,825
334,840
334,847
334,855
334,860
334,878
334,885
334,894
334,899
334,922
334,970
334,988
335,433
335,443
335,450
335,457
335,459
335,462
335,471
335,482
335,591
335,608
335,644
335,666
335,674
335,690
335,704
335,764
335,768
335,793
335,800
335,816
335,858
335,882
335,902
335,944
335,949
335,983
336,370
336,389
336,403
336,453
336,471
336,523
336,557
336,612
336,633
336,725
336,775
336,803
336,811
336,858
336,949
336,984
337,346
337,352
337,367
337,369
337,380
337,396
337,401
337,434
337,436
337,501
337,658
337,701
337,714
337,730
337,733
337,746
337,747
337,772
337,774
337,789
337,809
337,839
337,882
337,922
337,942
337,971
337,991
337,999
338,345
338,369
338,371
338,406
338,436
338,442
338,443
338,459
338,468
338,484
338,511
338,518
338,571
338,572
338,574
338,582
338,585
338,618
338,625
338,650
338,652
338,656
338,664
338,671
338,679
338,721
338,733
338,762
338,772
338,775
338,784
338,801
338,819
338,828
338,847
338,854
338,881
338,885
338,898
338,899
338,911
338,954
338,970
338,986
338,989
338,992
339,344
339,360
339,432
339,450
339,513
339,524
339,560
339,565
339,578
339,653
339,656
339,726
339,743
339,781
339,783
339,787
339,803
339,852
339,935
339,962
339,975
339,978
339,980
340,396
340,624
340,724
340,731
340,741
340,754
340,790
340,822
340,900
340,974
340,980
340,997
341,361
341,376
341,392
341,419
341,448
341,450
341,451
341,461
341,476
341,484
341,491
341,536
341,567
341,593
341,602
341,607
341,609
341,642
341,650
341,667
341,670
341,673
341,693
341,715
341,721
341,738
341,754
341,791
341,814
341,832
341,834
341,841
341,853
341,854
341,855
341,858
341,874
341,881
341,885
341,892
341,898
341,927
341,957
341,960
341,963
341,964
341,989
342,346
342,356
342,366
342,406
342,408
342,413
342,427
342,456
342,464
342,523
342,526
342,546
342,620
342,643
342,649
342,661
342,662
342,668
342,684
342,701
342,706
342,707
342,754
342,815
342,822
342,825
342,826
342,863
342,873
342,926
342,946
342,963
342,992
343,346
343,359
343,380
343,388
343,406
343,419
343,427
343,477
343,506
343,517
343,550
343,576
343,582
343,623
343,642
343,655
343,669
343,672
343,693
343,694
343,739
343,758
343,774
343,778
343,798
343,807
343,850
343,867
343,898
343,939
343,990
344,450
344,457
344,471
344,514
344,532
344,537
344,561
344,610
344,631
344,664
344,675
344,695
344,719
344,732
344,756
344,787
344,820
344,851
344,880
344,994
345,363
345,374
345,388
345,415
345,479
345,519
345,521
345,624
345,637
345,639
345,655
345,717
345,729
345,745
345,821
345,853
345,923
345,948
345,962
345,970
345,975
345,989
346,361
346,394
346,398
346,399
346,400
346,409
346,410
346,462
346,467
346,530
346,560
346,604
346,640
346,661
346,700
346,702
346,716
346,747
346,753
346,763
346,764
346,776
346,816
346,819
346,821
346,823
346,843
346,862
346,887
346,910
346,925
347,370
347,371
347,393
347,500
347,512
347,525
347,537
347,559
347,644
347,650
347,664
347,676
347,707
347,835
347,860
347,861
347,870
347,930
347,937
347,940
348,356
348,359
348,361
348,367
348,380
348,382
348,400
348,410
348,420
348,425
348,432
348,436
348,444
348,455
348,457
348,459
348,461
348,479
348,484
348,506
348,510
348,512
348,519
348,523
348,531
348,533
348,572
348,577
348,583
348,588
348,593
348,605
348,622
348,648
348,654
348,662
348,664
348,669
348,686
348,690
348,695
348,706
348,717
348,734
348,746
348,757
348,761
348,766
348,777
348,779
348,787
348,806
348,813
348,823
348,829
348,832
348,841
348,843
348,847
348,856
348,860
348,895
348,899
348,920
348,931
348,932
348,949
348,952
348,969
348,976
348,989
349,364
349,386
349,404
349,470
349,505
349,516
349,531
349,559
349,569
349,591
349,595
349,601
349,640
349,655
349,690
349,713
349,726
349,774
349,818
349,820
349,825
349,826
349,845
349,899
349,916
349,930
349,942
349,949
349,982
350,413
350,426
350,431
350,506
350,515
350,526
350,529
350,580
350,589
350,666
350,669
350,682
350,692
350,764
350,780
350,781
350,901
350,920
350,931
351,372
351,403
351,413
351,421
351,490
351,517
351,560
351,586
351,593
351,605
351,613
351,682
351,713
351,722
351,781
351,800
351,822
351,845
351,853
351,859
351,884
351,901
351,906
351,908
351,981
351,986
352,353
352,383
352,396
352,446
352,482
352,487
352,501
352,542
352,637
352,642
352,741
352,745
352,750
352,757
352,841
352,873
352,877
352,922
352,999
353,356
353,361
353,379
353,381
353,393
353,409
353,465
353,481
353,491
353,568
353,572
353,577
353,595
353,631
353,642
353,649
353,651
353,684
353,735
353,761
353,771
353,790
353,811
353,826
353,832
353,836
353,899
353,919
353,941
353,978
353,989
354,358
354,383
354,395
354,416
354,483
354,550
354,551
354,554
354,559
354,592
354,623
354,657
354,669
354,728
354,734
354,805
354,807
354,821
354,878
354,894
354,904
354,968
354,983
355,358
355,388
355,436
355,439
355,458
355,509
355,523
355,555
355,609
355,625
355,634
355,707
355,739
355,741
355,778
355,800
355,864
355,874
355,904
355,980
355,986
356,366
356,381
356,387
356,390
356,393
356,431
356,468
356,502
356,505
356,506
356,561
356,574
356,688
356,701
356,735
356,739
356,801
356,826
356,843
356,848
356,892
356,903
356,911
356,970
357,370
357,385
357,391
357,404
357,434
357,449
357,460
357,488
357,505
357,554
357,559
357,586
357,592
357,596
357,603
357,608
357,632
357,635
357,637
357,664
357,736
357,746
357,821
357,824
357,845
357,872
357,880
357,919
357,948
357,959
358,475
358,488
358,546
358,547
358,574
358,648
358,658
358,670
358,671
358,683
358,684
358,705
358,723
358,754
358,899
358,941
358,997
359,372
359,374
359,378
359,381
359,396
359,400
359,409
359,430
359,439
359,455
359,486
359,490
359,491
359,511
359,512
359,537
359,556
359,576
359,582
359,606
359,627
359,631
359,641
359,652
359,653
359,655
359,667
359,676
359,679
359,682
359,726
359,729
359,736
359,740
359,780
359,802
359,805
359,806
359,842
359,847
359,852
359,878
359,879
359,887
359,908
359,911
359,923
359,930
359,952
359,958
359,962
359,963
359,973
360,379
360,392
360,396
360,405
360,426
360,434
360,474
360,478
360,511
360,515
360,527
360,538
360,574
360,593
360,594
360,604
360,631
360,642
360,650
360,651
360,664
360,674
360,697
360,733
360,736
360,773
360,825
360,837
360,889
360,890
360,903
360,905
360,910
360,942
360,964
360,966
361,364
361,385
361,392
361,393
361,394
361,438
361,448
361,461
361,489
361,493
361,505
361,509
361,537
361,558
361,577
361,593
361,631
361,636
361,640
361,643
361,669
361,700
361,729
361,732
361,748
361,771
361,806
361,808
361,809
361,811
361,819
361,821
361,822
361,826
361,865
361,978
361,984
361,986
362,378
362,388
362,399
362,433
362,448
362,483
362,535
362,578
362,593
362,599
362,622
362,636
362,639
362,655
362,699
362,709
362,727
362,778
362,786
362,831
362,851
362,972
362,978
362,981
362,989
363,364
363,396
363,405
363,427
363,430
363,436
363,459
363,465
363,478
363,482
363,495
363,498
363,505
363,513
363,516
363,531
363,535
363,542
363,553
363,560
363,598
363,612
363,640
363,654
363,660
363,662
363,664
363,671
363,678
363,694
363,706
363,718
363,729
363,748
363,770
363,771
363,779
363,788
363,822
363,824
363,826
363,828
363,834
363,841
363,854
363,871
363,890
363,901
363,910
363,947
364,365
364,366
364,381
364,397
364,400
364,411
364,446
364,447
364,449
364,465
364,484
364,511
364,529
364,582
364,595
364,600
364,624
364,627
364,633
364,649
364,661
364,726
364,766
364,794
364,800
364,801
364,827
364,829
364,885
364,897
364,902
364,922
364,946
364,963
364,968
364,974
364,983
364,986
364,989
364,990
365,412
365,476
365,485
365,496
365,509
365,644
365,679
365,739
365,753
365,788
365,791
365,811
365,820
365,964
365,967
365,971
366,376
366,379
366,466
366,469
366,477
366,482
366,484
366,515
366,529
366,567
366,582
366,583
366,604
366,622
366,623
366,650
366,657
366,678
366,702
366,713
366,738
366,804
366,811
366,871
366,885
366,914
366,946
366,970
366,974
366,986
367,408
367,432
367,454
367,476
367,506
367,536
367,573
367,587
367,589
367,599
367,620
367,635
367,681
367,696
367,700
367,713
367,729
367,743
367,751
367,766
367,771
367,788
367,804
367,809
367,820
367,915
367,922
367,923
367,977
368,390
368,414
368,449
368,516
368,555
368,579
368,603
368,650
368,655
368,689
368,699
368,708
368,709
368,731
368,772
368,777
368,783
368,802
368,816
368,821
368,833
368,869
368,883
368,891
368,903
368,907
368,917
368,959
368,970
368,972
368,974
368,979
368,986
368,997
369,370
369,378
369,379
369,409
369,427
369,447
369,459
369,483
369,494
369,534
369,538
369,558
369,590
369,627
369,635
369,657
369,668
369,690
369,694
369,728
369,771
369,779
369,802
369,856
369,873
369,898
369,926
369,966
369,978
370,437
370,470
370,501
370,517
370,590
370,608
370,616
370,617
370,629
370,641
370,660
370,662
370,683
370,694
370,737
370,739
370,757
370,766
370,789
370,833
370,969
370,976
371,376
371,383
371,387
371,388
371,390
371,392
371,396
371,405
371,430
371,439
371,461
371,462
371,483
371,484
371,512
371,516
371,518
371,530
371,537
371,551
371,568
371,573
371,575
371,578
371,608
371,636
371,639
371,640
371,641
371,649
371,651
371,666
371,678
371,687
371,706
371,707
371,720
371,721
371,723
371,761
371,778
371,822
371,831
371,837
371,844
371,873
371,881
371,899
371,904
371,908
371,910
371,918
371,923
371,925
371,960
371,963
371,970
371,987
372,376
372,416
372,455
372,459
372,462
372,470
372,506
372,509
372,518
372,560
372,573
372,586
372,604
372,629
372,631
372,635
372,637
372,667
372,687
372,691
372,697
372,719
372,756
372,765
372,773
372,778
372,792
372,798
372,838
372,839
372,850
372,862
372,875
372,887
372,892
372,919
372,921
372,944
372,965
372,969
372,977
372,982
373,379
373,395
373,405
373,473
373,477
373,491
373,531
373,534
373,574
373,579
373,589
373,610
373,624
373,629
373,642
373,656
373,673
373,721
373,732
373,733
373,753
373,771
373,779
373,847
373,869
373,900
373,933
373,935
373,944
373,947
374,397
374,403
374,412
374,420
374,430
374,492
374,499
374,513
374,598
374,639
374,640
374,703
374,718
374,720
374,726
374,729
374,747
374,756
374,761
374,809
374,823
374,837
374,888
374,889
374,903
374,957
374,958
374,970
374,973
374,978
374,982
375,388
375,452
375,477
375,486
375,544
375,577
375,626
375,645
375,682
375,715
375,744
375,760
375,817
375,819
375,874
375,903
375,982
376,405
376,406
376,436
376,449
376,462
376,468
376,475
376,477
376,485
376,486
376,582
376,622
376,624
376,632
376,642
376,659
376,726
376,763
376,804
376,815
376,827
376,828
376,829
376,845
376,846
376,848
376,869
376,901
376,911
376,912
376,927
376,964
376,968
376,974
376,977
376,978
376,995
377,381
377,394
377,400
377,439
377,459
377,464
377,533
377,544
377,563
377,573
377,632
377,645
377,673
377,678
377,719
377,739
377,760
377,772
377,793
377,800
377,841
377,843
377,847
377,848
377,873
377,887
377,909
377,938
377,939
377,946
377,970
377,978
377,986
377,989
377,990
377,993
378,396
378,405
378,412
378,416
378,439
378,455
378,489
378,542
378,550
378,559
378,568
378,586
378,602
378,610
378,636
378,676
378,678
378,692
378,695
378,722
378,726
378,733
378,746
378,749
378,758
378,763
378,781
378,790
378,801
378,812
378,832
378,837
378,842
378,873
378,877
378,889
378,892
378,894
378,898
378,903
378,911
378,918
378,930
378,970
378,992
379,380
379,392
379,419
379,427
379,436
379,442
379,465
379,470
379,491
379,494
379,508
379,512
379,513
379,527
379,536
379,569
379,588
379,618
379,626
379,632
379,637
379,641
379,644
379,657
379,680
379,694
379,695
379,700
379,710
379,739
379,744
379,746
379,754
379,761
379,774
379,782
379,783
379,793
379,832
379,854
379,860
379,861
379,863
379,868
379,881
379,886
379,892
379,946
379,950
379,960
379,972
379,986
379,992
380,399
380,461
380,517
380,533
380,554
380,559
380,639
380,672
380,711
380,748
380,752
380,802
380,826
380,827
380,833
380,865
380,892
380,902
380,918
380,928
380,942
380,945
380,947
381,385
381,453
381,472
381,504
381,510
381,516
381,518
381,559
381,587
381,592
381,604
381,608
381,614
381,663
381,674
381,723
381,731
381,735
381,738
381,747
381,765
381,766
381,768
381,769
381,788
381,836
381,847
381,858
381,868
381,869
381,945
381,964
381,965
381,971
381,979
381,992
382,428
382,474
382,479
382,492
382,658
382,715
382,899
382,905
382,916
382,930
382,946
382,948
382,968
382,988
382,991
383,420
383,473
383,480
383,527
383,568
383,585
383,596
383,600
383,641
383,735
383,809
383,851
383,888
383,896
383,897
383,947
383,954
383,979
383,989
384,521
384,621
384,760
384,819
384,904
384,927
384,964
385,410
385,411
385,419
385,447
385,472
385,477
385,478
385,483
385,493
385,496
385,504
385,534
385,538
385,542
385,544
385,546
385,547
385,552
385,569
385,588
385,600
385,632
385,636
385,642
385,647
385,650
385,694
385,733
385,742
385,771
385,794
385,796
385,808
385,809
385,836
385,843
385,845
385,897
385,908
385,915
385,919
385,936
385,997
386,589
386,682
386,683
386,684
386,709
386,760
386,794
386,820
386,828
386,839
386,852
386,853
386,914
387,392
387,408
387,426
387,460
387,489
387,491
387,492
387,516
387,536
387,568
387,586
387,589
387,618
387,637
387,649
387,662
387,676
387,694
387,716
387,726
387,734
387,736
387,750
387,774
387,838
387,841
387,877
387,881
387,882
387,891
387,892
387,903
387,919
387,921
387,923
387,935
387,946
387,969
387,974
387,980
387,994
388,404
388,416
388,421
388,430
388,484
388,504
388,618
388,623
388,637
388,647
388,660
388,676
388,712
388,731
388,735
388,736
388,808
388,820
388,831
388,850
388,871
388,873
388,878
388,879
388,887
388,938
388,949
388,976
388,977
388,989
389,392
389,423
389,436
389,480
389,528
389,543
389,557
389,596
389,629
389,639
389,651
389,672
389,678
389,694
389,792
389,808
389,835
389,843
389,863
389,962
389,981
390,409
390,423
390,439
390,443
390,451
390,465
390,493
390,523
390,560
390,568
390,576
390,580
390,586
390,604
390,609
390,627
390,629
390,640
390,648
390,674
390,676
390,695
390,726
390,736
390,746
390,749
390,792
390,801
390,804
390,812
390,829
390,838
390,854
390,860
390,875
390,877
390,895
390,900
390,931
390,934
390,937
390,950
390,966
390,978
390,980
390,989
390,995
391,407
391,495
391,497
391,519
391,576
391,583
391,624
391,670
391,686
391,782
391,830
391,847
391,960
392,408
392,420
392,434
392,438
392,441
392,443
392,461
392,465
392,483
392,491
392,495
392,518
392,522
392,533
392,552
392,582
392,589
392,619
392,620
392,643
392,654
392,657
392,658
392,667
392,677
392,678
392,716
392,718
392,729
392,773
392,800
392,846
392,847
392,859
392,861
392,862
392,877
392,878
392,899
392,900
392,903
392,908
392,910
392,929
392,950
392,953
392,963
392,980
392,984
392,986
392,990
393,396
393,419
393,422
393,434
393,491
393,517
393,530
393,571
393,576
393,580
393,602
393,609
393,618
393,631
393,639
393,640
393,648
393,650
393,658
393,660
393,669
393,671
393,690
393,696
393,703
393,706
393,717
393,729
393,766
393,774
393,775
393,800
393,843
393,851
393,877
393,882
393,890
393,908
393,911
393,958
393,959
393,964
393,976
393,984
394,438
394,461
394,464
394,478
394,489
394,492
394,503
394,522
394,524
394,535
394,574
394,577
394,578
394,595
394,622
394,624
394,627
394,640
394,641
394,649
394,668
394,676
394,701
394,714
394,739
394,746
394,748
394,768
394,774
394,796
394,806
394,822
394,826
394,838
394,859
394,868
394,877
394,900
394,919
394,947
394,951
394,966
394,984
394,991
395,396
395,453
395,496
395,499
395,507
395,532
395,533
395,549
395,671
395,745
395,854
396,403
396,404
396,413
396,417
396,420
396,421
396,436
396,490
396,498
396,506
396,516
396,535
396,539
396,545
396,568
396,569
396,573
396,585
396,596
396,610
396,611
396,623
396,642
396,643
396,648
396,653
396,663
396,674
396,682
396,697
396,704
396,709
396,714
396,727
396,743
396,744
396,745
396,752
396,755
396,766
396,790
396,795
396,803
396,806
396,827
396,831
396,834
396,837
396,844
396,848
396,849
396,864
396,903
396,905
396,915
396,939
396,947
396,982
396,989
397,444
397,544
397,581
397,612
397,718
397,745
397,835
397,864
397,888
397,902
397,976
398,399
398,435
398,454
398,504
398,518
398,528
398,533
398,549
398,583
398,635
398,645
398,661
398,666
398,702
398,775
398,812
398,848
398,906
398,991
399,460
399,470
399,551
399,555
399,585
399,591
399,623
399,632
399,655
399,686
399,698
399,728
399,745
399,746
399,772
399,776
399,800
399,815
399,830
399,831
399,841
399,863
399,879
399,884
399,918
399,941
399,993
400,404
400,410
400,435
400,502
400,575
400,607
400,615
400,627
400,631
400,633
400,643
400,664
400,726
400,729
400,736
400,739
400,740
400,745
400,758
400,761
400,778
400,806
400,837
400,846
400,892
400,920
400,925
400,930
400,951
400,964
400,972
401,407
401,435
401,574
401,618
401,645
401,689
401,727
401,762
401,819
401,825
401,866
401,892
401,935
401,939
401,987
402,418
402,448
402,462
402,475
402,505
402,551
402,558
402,590
402,626
402,665
402,690
402,758
402,798
402,808
402,851
402,856
402,922
402,938
402,945
403,422
403,441
403,469
403,484
403,504
403,512
403,558
403,559
403,572
403,623
403,725
403,729
403,736
403,797
403,798
403,799
403,890
404,406
404,408
404,446
404,451
404,457
404,469
404,474
404,477
404,482
404,510
404,511
404,516
404,520
404,527
404,578
404,594
404,604
404,621
404,622
404,654
404,658
404,666
404,667
404,669
404,685
404,694
404,764
404,785
404,800
404,814
404,834
404,837
404,840
404,843
404,852
404,857
404,918
404,928
404,940
404,962
404,963
404,985
404,998
405,419
405,425
405,459
405,464
405,477
405,513
405,530
405,550
405,565
405,569
405,575
405,576
405,577
405,582
405,631
405,640
405,643
405,658
405,659
405,678
405,684
405,687
405,708
405,792
405,809
405,832
405,842
405,854
405,896
405,903
405,937
405,947
405,964
405,976
405,999
406,408
406,409
406,426
406,448
406,456
406,479
406,494
406,503
406,506
406,517
406,528
406,547
406,553
406,560
406,571
406,588
406,589
406,593
406,610
406,626
406,639
406,659
406,670
406,709
406,739
406,740
406,757
406,775
406,777
406,789
406,800
406,806
406,824
406,832
406,836
406,849
406,854
406,858
406,861
406,875
406,877
406,887
406,898
406,908
406,911
406,926
406,952
406,963
406,964
406,968
406,970
406,971
406,978
406,980
407,419
407,424
407,483
407,512
407,528
407,559
407,569
407,622
407,666
407,684
407,706
407,762
407,773
407,787
407,809
407,867
407,872
407,891
407,913
407,971
407,979
407,985
408,409
408,420
408,470
408,507
408,575
408,637
408,664
408,671
408,705
408,708
408,712
408,766
408,774
408,801
408,828
408,854
408,889
408,895
408,903
408,905
408,908
408,923
408,925
408,930
408,966
409,419
409,420
409,423
409,425
409,435
409,446
409,477
409,483
409,495
409,544
409,574
409,582
409,585
409,586
409,613
409,631
409,670
409,682
409,706
409,707
409,709
409,726
409,733
409,738
409,755
409,764
409,766
409,774
409,775
409,828
409,837
409,846
409,861
409,875
409,885
409,891
409,892
409,903
409,923
409,971
409,994
410,427
410,436
410,443
410,444
410,465
410,466
410,484
410,498
410,517
410,523
410,527
410,562
410,586
410,642
410,646
410,690
410,699
410,715
410,718
410,733
410,771
410,793
410,799
410,801
410,802
410,811
410,824
410,825
410,827
410,828
410,845
410,873
410,883
410,899
410,908
410,920
410,952
410,963
410,968
410,970
410,978
410,990
411,420
411,434
411,439
411,440
411,448
411,452
411,547
411,571
411,572
411,576
411,584
411,608
411,616
411,627
411,632
411,639
411,654
411,660
411,685
411,701
411,715
411,821
411,823
411,873
411,899
411,911
411,964
412,442
412,453
412,482
412,519
412,533
412,573
412,575
412,578
412,596
412,623
412,646
412,649
412,652
412,661
412,674
412,699
412,730
412,744
412,766
412,768
412,774
412,808
412,810
412,830
412,849
412,937
412,954
412,970
412,978
412,980
412,983
412,987
413,417
413,449
413,453
413,463
413,511
413,560
413,563
413,573
413,608
413,617
413,650
413,722
413,729
413,848
413,885
413,918
413,947
413,972
413,977
413,995
414,419
414,517
414,578
414,664
414,695
414,732
414,739
414,867
414,882
414,927
414,973
415,417
415,432
415,475
415,480
415,483
415,488
415,489
415,501
415,516
415,543
415,555
415,566
415,587
415,627
415,629
415,639
415,650
415,669
415,737
415,801
415,810
415,816
415,824
415,848
415,868
415,878
415,882
415,940
415,948
416,423
416,427
416,453
416,468
416,484
416,486
416,491
416,507
416,536
416,550
416,560
416,576
416,588
416,625
416,639
416,653
416,667
416,679
416,717
416,736
416,745
416,756
416,768
416,786
416,800
416,819
416,844
416,875
416,892
416,903
416,918
416,923
416,924
416,944
416,963
416,978
417,419
417,423
417,427
417,428
417,451
417,516
417,566
417,584
417,602
417,640
417,687
417,693
417,710
417,724
417,808
417,860
417,969
418,436
418,488
418,533
418,580
418,638
418,649
418,673
418,679
418,772
418,816
418,894
418,955
418,995
419,455
419,469
419,482
419,507
419,512
419,527
419,532
419,540
419,556
419,572
419,576
419,577
419,590
419,592
419,598
419,604
419,635
419,642
419,650
419,664
419,699
419,707
419,740
419,746
419,752
419,766
419,769
419,775
419,790
419,804
419,831
419,832
419,862
419,884
419,891
419,895
419,910
419,915
419,935
419,963
419,969
419,982
420,443
420,464
420,482
420,513
420,530
420,574
420,577
420,582
420,604
420,618
420,649
420,660
420,664
420,690
420,729
420,731
420,738
420,781
420,798
420,824
420,837
420,850
420,867
420,873
420,900
420,966
420,992
421,496
421,538
421,548
421,610
421,656
421,660
421,743
421,755
421,766
421,797
421,800
421,802
421,809
421,816
421,831
421,845
421,883
421,918
421,923
421,927
421,973
422,423
422,440
422,450
422,454
422,500
422,535
422,587
422,593
422,632
422,633
422,661
422,732
422,787
422,803
422,843
422,854
422,885
422,937
423,464
423,479
423,480
423,490
423,517
423,528
423,537
423,547
423,559
423,577
423,606
423,607
423,627
423,653
423,661
423,669
423,671
423,708
423,709
423,756
423,758
423,763
423,765
423,811
423,814
423,816
423,820
423,825
423,847
423,889
423,898
423,903
423,911
423,920
423,943
423,963
423,978
423,982
423,994
424,479
424,492
424,523
424,562
424,679
424,687
424,694
424,728
424,748
424,752
424,789
424,790
424,817
424,874
424,919
424,930
424,963
424,969
425,437
425,469
425,477
425,504
425,505
425,507
425,510
425,511
425,534
425,567
425,578
425,593
425,602
425,654
425,700
425,713
425,754
425,780
425,782
425,790
425,814
425,848
425,849
425,892
425,913
425,960
425,966
425,992
426,603
426,622
426,638
426,650
426,668
426,697
426,727
426,759
426,773
426,798
426,927
426,948
427,430
427,455
427,460
427,464
427,491
427,497
427,502
427,509
427,548
427,568
427,572
427,577
427,578
427,582
427,606
427,619
427,621
427,648
427,658
427,667
427,691
427,696
427,707
427,708
427,718
427,720
427,725
427,747
427,774
427,789
427,842
427,871
427,886
427,899
427,918
427,921
427,939
427,944
427,945
427,986
428,434
428,440
428,463
428,482
428,520
428,559
428,656
428,677
428,682
428,756
428,822
428,845
428,858
428,887
428,989
429,462
429,627
429,674
429,683
429,715
429,785
429,812
429,842
429,856
429,897
429,937
429,949
429,999
430,448
430,516
430,539
430,547
430,585
430,595
430,609
430,640
430,656
430,671
430,695
430,712
430,716
430,752
430,762
430,827
430,828
430,832
430,836
430,885
430,901
430,902
430,930
430,963
430,964
430,986
430,992
431,483
431,544
431,548
431,551
431,560
431,606
431,642
431,664
431,673
431,676
431,746
431,752
431,764
431,784
431,789
431,841
431,960
431,973
432,435
432,486
432,528
432,575
432,639
432,648
432,702
432,736
432,792
432,870
432,887
432,998
433,484
433,521
433,638
433,661
433,677
433,701
433,704
433,789
433,804
433,908
433,932
434,436
434,437
434,500
434,529
434,546
434,550
434,561
434,587
434,626
434,634
434,660
434,672
434,687
434,690
434,705
434,710
434,715
434,749
434,775
434,785
434,809
434,812
434,816
434,838
434,845
434,850
434,856
434,861
434,890
434,896
434,903
434,941
434,956
434,958
434,980
434,997
435,466
435,470
435,511
435,534
435,600
435,607
435,622
435,653
435,706
435,730
435,768
435,783
435,797
435,802
435,834
435,942
435,981
435,991
436,438
436,448
436,480
436,512
436,516
436,523
436,527
436,535
436,547
436,569
436,577
436,578
436,580
436,598
436,606
436,616
436,618
436,624
436,637
436,641
436,658
436,667
436,669
436,682
436,707
436,709
436,733
436,736
436,748
436,761
436,763
436,771
436,787
436,793
436,816
436,824
436,827
436,828
436,836
436,838
436,860
436,873
436,875
436,886
436,895
436,926
436,946
436,957
436,986
436,989
436,990
437,441
437,466
437,524
437,569
437,589
437,590
437,611
437,617
437,719
437,903
437,962
437,984
438,451
438,458
438,475
438,482
438,491
438,494
438,510
438,512
438,522
438,537
438,542
438,566
438,569
438,617
438,627
438,631
438,666
438,706
438,708
438,710
438,718
438,733
438,737
438,792
438,793
438,806
438,902
438,918
438,926
438,930
438,966
439,446
439,451
439,457
439,477
439,482
439,491
439,529
439,534
439,537
439,555
439,565
439,568
439,574
439,582
439,609
439,636
439,690
439,692
439,708
439,724
439,726
439,734
439,824
439,831
439,832
439,849
439,854
439,860
439,868
439,877
439,891
439,916
439,930
439,963
439,964
439,973
439,992
440,451
440,598
440,618
440,640
440,653
440,656
440,657
440,698
440,765
440,808
440,820
440,865
440,908
440,933
440,970
441,490
441,518
441,543
441,545
441,550
441,673
441,704
441,721
441,795
441,832
441,839
441,844
441,858
441,975
441,981
441,982
442,449
442,455
442,456
442,552
442,613
442,667
442,708
442,765
442,780
442,841
442,886
442,898
442,902
442,932
443,468
443,476
443,478
443,488
443,491
443,528
443,530
443,535
443,547
443,564
443,572
443,577
443,588
443,595
443,607
443,611
443,634
443,637
443,658
443,662
443,667
443,705
443,708
443,838
443,844
443,881
443,890
443,899
443,905
443,908
443,935
443,963
443,977
443,986
444,452
444,488
444,495
444,514
444,616
444,631
444,684
444,700
444,820
444,823
444,907
444,972
444,989
445,495
445,539
445,684
445,689
445,738
445,772
445,889
445,902
445,915
445,936
445,960
445,981
445,982
446,457
446,475
446,511
446,520
446,533
446,544
446,568
446,575
446,588
446,598
446,602
446,618
446,638
446,702
446,729
446,733
446,747
446,750
446,766
446,778
446,786
446,808
446,823
446,829
446,850
446,855
446,918
446,945
446,961
446,963
446,983
447,457
447,474
447,531
447,534
447,559
447,567
447,592
447,651
447,745
447,765
447,794
447,797
447,810
447,844
447,855
447,907
447,930
447,936
447,964
447,967
447,983
447,985
448,475
448,481
448,484
448,488
448,523
448,536
448,561
448,619
448,638
448,654
448,682
448,729
448,755
448,794
448,797
448,800
448,804
448,822
448,824
448,825
448,847
448,852
448,873
448,890
448,896
448,903
448,908
448,910
448,918
448,925
448,931
448,963
448,984
448,985
448,992
448,993
449,473
449,474
449,483
449,489
449,503
449,509
449,517
449,553
449,567
449,623
449,627
449,726
449,752
449,753
449,757
449,786
449,803
449,826
449,868
449,888
449,914
449,939
449,950
450,454
450,491
450,497
450,535
450,561
450,596
450,603
450,625
450,630
450,635
450,645
450,661
450,683
450,704
450,709
450,738
450,781
450,782
450,783
450,862
450,901
450,987
451,459
451,479
451,499
451,503
451,515
451,544
451,546
451,550
451,568
451,579
451,609
451,629
451,642
451,644
451,657
451,699
451,711
451,770
451,799
451,817
451,845
451,851
451,878
451,894
451,904
451,908
451,916
451,949
452,458
452,480
452,558
452,565
452,591
452,600
452,604
452,641
452,732
452,760
452,765
452,774
452,873
452,877
452,925
452,965
452,969
453,510
453,517
453,519
453,521
453,599
453,612
453,620
453,658
453,683
453,724
453,740
453,743
453,778
453,891
453,927
453,931
453,937
453,989
454,463
454,467
454,565
454,598
454,612
454,627
454,633
454,720
454,771
454,772
454,795
454,815
454,826
454,845
454,855
454,890
454,907
454,925
454,987
454,989
454,997
455,458
455,459
455,538
455,554
455,584
455,587
455,613
455,618
455,620
455,642
455,712
455,756
455,760
455,769
455,778
455,806
455,824
455,843
455,850
455,851
455,878
455,883
455,887
455,899
455,904
455,910
455,911
455,924
455,931
455,935
455,956
455,966
455,974
455,986
455,990
455,992
456,479
456,491
456,496
456,620
456,662
456,681
456,695
456,726
456,731
456,735
456,739
456,749
456,770
456,811
456,816
456,855
456,861
456,865
456,868
456,883
456,887
456,888
456,893
456,896
456,902
456,956
456,962
456,977
456,984
457,471
457,492
457,498
457,502
457,553
457,560
457,602
457,623
457,629
457,649
457,651
457,656
457,670
457,674
457,689
457,694
457,731
457,734
457,766
457,775
457,778
457,789
457,790
457,803
457,807
457,809
457,810
457,837
457,870
457,875
457,885
457,901
457,930
457,953
457,986
457,992
458,461
458,467
458,496
458,591
458,742
458,758
458,764
458,786
458,838
458,894
458,900
458,926
458,946
459,472
459,490
459,494
459,540
459,550
459,560
459,568
459,569
459,577
459,582
459,594
459,631
459,637
459,640
459,646
459,654
459,686
459,713
459,721
459,729
459,745
459,758
459,771
459,774
459,803
459,806
459,809
459,846
459,857
459,861
459,869
459,870
459,877
459,892
459,898
459,910
459,918
459,963
459,966
459,982
460,461
460,479
460,518
460,527
460,562
460,615
460,660
460,674
460,684
460,750
460,778
460,818
460,877
460,906
460,952
460,970
460,977
460,981
461,476
461,479
461,527
461,533
461,546
461,561
461,618
461,647
461,650
461,651
461,679
461,691
461,719
461,730
461,798
461,801
461,826
461,848
461,884
461,903
461,908
461,950
461,961
461,969
461,990
462,469
462,495
462,568
462,569
462,572
462,573
462,605
462,629
462,655
462,670
462,679
462,715
462,729
462,749
462,770
462,776
462,789
462,817
462,819
462,845
462,944
462,999
463,468
463,475
463,506
463,539
463,567
463,571
463,592
463,667
463,731
463,771
463,779
463,807
463,853
463,893
463,974
463,977
464,507
464,546
464,574
464,577
464,598
464,602
464,616
464,629
464,650
464,651
464,664
464,678
464,679
464,696
464,737
464,748
464,752
464,759
464,764
464,848
464,861
464,869
464,889
464,890
464,892
464,896
464,901
464,903
464,964
464,973
464,978
464,986
465,513
465,534
465,602
465,618
465,619
465,634
465,663
465,681
465,708
465,715
465,736
465,750
465,775
465,787
465,801
465,827
465,849
465,860
465,877
465,921
465,922
465,925
465,942
465,966
465,986
466,502
466,514
466,523
466,575
466,580
466,593
466,699
466,719
466,727
466,766
466,817
466,832
466,833
466,843
466,854
466,885
466,891
467,486
467,569
467,590
467,613
467,617
467,640
467,688
467,719
467,734
467,746
467,778
467,787
467,802
467,804
467,819
467,839
467,840
467,888
468,477
468,491
468,530
468,558
468,589
468,604
468,620
468,652
468,689
468,698
468,768
468,773
468,793
468,795
468,803
468,815
468,843
468,868
468,899
468,989
469,473
469,505
469,578
469,627
469,634
469,658
469,721
469,735
469,738
469,751
469,753
469,806
469,846
469,855
469,901
469,904
469,943
469,966
469,979
469,981
469,995
469,999
470,472
470,475
470,477
470,491
470,559
470,574
470,575
470,578
470,585
470,589
470,598
470,624
470,646
470,649
470,654
470,664
470,689
470,710
470,718
470,730
470,736
470,745
470,761
470,774
470,786
470,787
470,789
470,877
470,940
471,503
471,563
471,608
471,609
471,638
471,653
471,669
471,686
471,709
471,760
471,785
471,793
471,952
471,975
471,977
471,981
472,476
472,588
472,598
472,639
472,726
472,738
472,739
472,755
472,761
472,778
472,788
472,805
472,809
472,814
472,818
472,834
472,899
472,904
472,933
472,961
472,972
472,989
473,497
473,516
473,569
473,583
473,590
473,756
473,771
473,817
473,837
473,896
473,944
473,946
473,948
473,954
473,959
473,966
473,969
474,508
474,520
474,539
474,546
474,576
474,753
474,760
474,767
474,792
474,798
474,813
474,830
474,836
474,837
474,838
474,849
474,856
474,872
474,946
474,955
474,960
474,967
474,969
474,998
475,485
475,535
475,539
475,550
475,556
475,576
475,640
475,646
475,664
475,739
475,747
475,751
475,756
475,763
475,771
475,790
475,855
475,947
475,979
476,507
476,559
476,582
476,603
476,609
476,625
476,627
476,661
476,674
476,681
476,708
476,728
476,736
476,739
476,747
476,771
476,823
476,854
476,856
476,884
476,887
476,890
476,918
476,921
476,930
476,933
476,951
476,963
476,974
476,976
476,989
477,494
477,498
477,511
477,517
477,520
477,534
477,536
477,542
477,545
477,550
477,572
477,574
477,598
477,607
477,613
477,618
477,620
477,641
477,648
477,663
477,664
477,667
477,678
477,708
477,733
477,753
477,771
477,774
477,816
477,820
477,851
477,868
477,875
477,876
477,877
477,881
477,886
477,899
477,921
477,931
477,946
477,951
478,489
478,491
478,496
478,501
478,558
478,568
478,586
478,631
478,678
478,758
478,763
478,764
478,774
478,814
478,830
478,865
478,889
478,905
478,945
478,950
478,974
478,985
479,482
479,496
479,508
479,518
479,553
479,556
479,568
479,575
479,580
479,607
479,618
479,635
479,637
479,641
479,646
479,676
479,690
479,758
479,760
479,822
479,824
479,849
479,877
479,886
479,889
479,919
479,971
479,987
479,988
479,991
480,507
480,519
480,530
480,566
480,598
480,623
480,743
480,746
480,776
480,891
480,965
480,967
481,501
481,514
481,518
481,522
481,531
481,569
481,634
481,642
481,663
481,668
481,769
481,792
481,848
481,859
481,863
481,880
482,490
482,505
482,507
482,511
482,518
482,528
482,546
482,572
482,573
482,574
482,576
482,610
482,619
482,621
482,695
482,763
482,806
482,846
482,875
482,883
482,901
482,916
482,946
482,963
482,974
482,981
482,984
483,497
483,502
483,503
483,509
483,530
483,580
483,586
483,592
483,597
483,599
483,602
483,605
483,606
483,629
483,630
483,635
483,658
483,661
483,676
483,689
483,706
483,709
483,716
483,727
483,739
483,742
483,743
483,748
483,755
483,787
483,789
483,794
483,813
483,841
483,863
483,864
483,875
483,884
483,898
483,937
483,940
483,946
483,948
483,951
483,956
483,959
483,968
483,975
483,990
484,493
484,573
484,583
484,645
484,684
484,687
484,756
484,758
484,771
484,778
484,789
484,800
484,812
484,823
484,854
484,875
484,901
484,908
484,919
484,922
484,934
484,937
484,963
484,986
485,523
485,542
485,606
485,659
485,677
485,690
485,699
485,754
485,756
485,801
485,877
485,959
485,961
485,988
486,545
486,564
486,596
486,602
486,636
486,658
486,661
486,733
486,798
486,832
486,852
486,866
486,874
486,887
486,922
486,948
486,975
487,525
487,566
487,578
487,602
487,641
487,730
487,744
487,751
487,820
487,827
487,835
487,845
487,912
487,991
488,490
488,501
488,532
488,647
488,727
488,749
488,770
488,781
488,795
488,799
488,858
488,877
488,938
488,942
488,966
488,967
488,980
489,494
489,550
489,555
489,568
489,601
489,602
489,615
489,624
489,631
489,636
489,638
489,642
489,647
489,658
489,688
489,689
489,699
489,746
489,753
489,754
489,780
489,815
489,823
489,848
489,861
489,889
489,890
489,921
489,960
489,963
489,966
489,969
489,973
489,984
490,495
490,532
490,569
490,600
490,623
490,661
490,708
490,710
490,739
490,741
490,764
490,766
490,808
490,840
490,843
490,886
490,889
490,945
490,970
490,985
491,513
491,528
491,536
491,537
491,560
491,575
491,577
491,582
491,584
491,602
491,611
491,618
491,622
491,643
491,652
491,653
491,658
491,661
491,679
491,684
491,706
491,707
491,718
491,746
491,755
491,774
491,800
491,815
491,824
491,845
491,846
491,851
491,884
491,891
491,899
491,902
491,903
491,911
491,919
491,920
491,922
491,974
491,980
491,987
492,494
492,508
492,544
492,565
492,571
492,611
492,616
492,647
492,656
492,674
492,689
492,699
492,711
492,712
492,714
492,738
492,753
492,765
492,806
492,830
492,844
492,877
492,906
492,947
492,950
492,960
492,988
492,994
493,495
493,512
493,536
493,560
493,588
493,627
493,630
493,667
493,721
493,735
493,778
493,828
493,872
493,914
493,937
493,961
493,987
493,989
494,507
494,516
494,523
494,535
494,552
494,666
494,682
494,694
494,695
494,697
494,739
494,746
494,748
494,756
494,771
494,773
494,791
494,796
494,801
494,837
494,846
494,869
494,872
494,873
494,911
494,930
494,978
494,992
495,519
495,535
495,571
495,620
495,692
495,705
495,710
495,731
495,772
495,788
495,801
495,805
495,854
495,899
495,905
495,934
495,945
495,999
496,505
496,553
496,559
496,568
496,569
496,583
496,593
496,604
496,612
496,653
496,733
496,760
496,775
496,790
496,807
496,808
496,824
496,843
496,871
496,903
496,904
496,912
496,930
496,937
496,959
496,989
497,506
497,521
497,545
497,573
497,577
497,595
497,606
497,610
497,640
497,644
497,687
497,696
497,727
497,776
497,789
497,796
497,815
497,837
497,878
497,925
497,928
497,935
497,960
497,987
497,996
497,997
498,516
498,539
498,572
498,604
498,640
498,643
498,678
498,687
498,716
498,721
498,771
498,782
498,786
498,828
498,838
498,842
498,854
498,869
498,910
498,948
498,982
498,986
498,992
499,515
499,537
499,559
499,589
499,649
499,683
499,788
499,801
499,820
499,872
499,891
499,911
499,939
499,983
500,517
500,546
500,583
500,587
500,594
500,645
500,690
500,700
500,737
500,752
500,805
500,807
500,815
500,953
501,553
501,576
501,584
501,598
501,621
501,630
501,644
501,708
501,737
501,757
501,763
501,780
501,907
501,912
501,936
502,533
502,573
502,602
502,614
502,631
502,639
502,646
502,649
502,664
502,676
502,729
502,739
502,777
502,849
502,920
502,930
502,946
502,974
502,994
503,510
503,598
503,608
503,628
503,679
503,687
503,688
503,774
503,783
503,798
503,821
503,865
503,884
503,894
503,935
504,550
504,559
504,587
504,601
504,619
504,635
504,649
504,659
504,683
504,690
504,710
504,739
504,757
504,796
504,808
504,815
504,823
504,855
504,875
504,891
504,894
504,897
504,911
504,940
504,975
504,978
505,570
505,593
505,656
505,688
505,717
505,731
505,745
505,757
505,775
505,776
505,779
505,791
505,807
505,832
505,836
505,842
505,898
505,937
505,954
505,980
506,521
506,530
506,537
506,610
506,621
506,624
506,640
506,652
506,667
506,674
506,694
506,709
506,719
506,721
506,741
506,764
506,806
506,807
506,849
506,854
506,899
506,904
506,908
506,917
506,919
506,923
506,925
506,941
506,945
506,946
506,961
506,978
507,519
507,531
507,569
507,614
507,623
507,629
507,646
507,649
507,658
507,659
507,673
507,722
507,772
507,774
507,798
507,811
507,820
507,831
507,834
507,847
507,854
507,865
507,872
507,891
507,903
507,905
507,906
507,918
507,981
507,983
508,564
508,573
508,627
508,682
508,684
508,756
508,758
508,783
508,789
508,810
508,843
508,904
508,922
508,962
508,977
509,530
509,539
509,544
509,545
509,619
509,653
509,656
509,676
509,712
509,770
509,771
509,788
509,803
509,837
509,868
509,901
509,919
509,946
510,524
510,535
510,543
510,545
510,574
510,581
510,586
510,608
510,639
510,647
510,664
510,668
510,672
510,707
510,709
510,715
510,721
510,725
510,730
510,745
510,746
510,751
510,768
510,777
510,778
510,786
510,796
510,807
510,820
510,832
510,846
510,859
510,862
510,869
510,879
510,882
510,897
510,930
510,956
511,519
511,520
511,527
511,542
511,547
511,560
511,568
511,574
511,578
511,593
511,602
511,610
511,624
511,634
511,635
511,636
511,706
511,707
511,710
511,712
511,756
511,761
511,771
511,778
511,779
511,806
511,808
511,826
511,831
511,846
511,851
511,868
511,872
511,882
511,901
511,904
511,921
511,923
511,951
511,953
511,958
511,966
511,970
511,986
512,527
512,543
512,677
512,682
512,688
512,750
512,753
512,755
512,757
512,765
512,777
512,778
512,807
512,808
512,820
512,825
512,849
512,871
512,878
512,884
512,887
512,919
512,975
512,992
513,528
513,558
513,568
513,604
513,641
513,689
513,707
513,710
513,716
513,723
513,736
513,753
513,766
513,774
513,783
513,801
513,837
513,865
513,886
513,887
513,903
513,923
513,928
513,947
513,957
513,963
513,990
513,991
514,523
514,579
514,678
514,718
514,792
514,796
514,819
514,853
514,894
514,940
514,974
515,527
515,536
515,561
515,591
515,637
515,642
515,673
515,674
515,697
515,698
515,774
515,838
515,839
515,841
515,849
515,855
515,863
515,868
515,873
515,898
515,907
515,922
515,927
515,941
515,970
515,984
515,988
516,521
516,537
516,542
516,544
516,550
516,579
516,592
516,639
516,658
516,671
516,708
516,727
516,729
516,739
516,748
516,771
516,778
516,779
516,801
516,806
516,832
516,847
516,868
516,869
516,882
516,930
516,957
516,966
517,519
517,598
517,627
517,636
517,648
517,659
517,674
517,697
517,711
517,720
517,765
517,773
517,774
517,778
517,803
517,806
517,837
517,909
517,969
517,980
518,529
518,561
518,581
518,593
518,617
518,654
518,661
518,676
518,727
518,738
518,756
518,803
518,805
518,809
518,837
518,856
518,876
518,916
518,952
518,978
519,533
519,553
519,568
519,605
519,610
519,613
519,619
519,651
519,671
519,688
519,698
519,708
519,729
519,759
519,770
519,810
519,811
519,817
519,829
519,877
519,954
519,973
519,980
519,996
520,585
520,699
520,779
520,798
520,840
520,858
520,901
520,925
520,985
520,988
521,533
521,542
521,544
521,563
521,579
521,582
521,621
521,624
521,691
521,697
521,706
521,727
521,739
521,756
521,758
521,761
521,765
521,778
521,789
521,798
521,811
521,820
521,840
521,884
521,903
521,909
521,929
521,952
521,960
521,963
521,975
521,977
521,995
521,999
522,569
522,573
522,583
522,588
522,613
522,620
522,646
522,658
522,726
522,733
522,734
522,766
522,790
522,804
522,827
522,828
522,832
522,843
522,918
522,925
522,977
522,989
523,543
523,586
523,646
523,650
523,652
523,653
523,710
523,712
523,720
523,724
523,752
523,770
523,775
523,778
523,789
523,792
523,794
523,796
523,809
523,834
523,843
523,865
523,890
523,902
523,903
523,910
523,946
523,960
523,964
523,984
524,525
524,557
524,588
524,596
524,598
524,649
524,684
524,765
524,932
525,542
525,572
525,574
525,653
525,704
525,705
525,756
525,827
525,841
525,852
525,859
525,872
525,915
525,954
525,968
525,971
525,989
525,992
526,617
526,642
526,656
526,658
526,701
526,706
526,777
526,794
526,827
526,846
526,854
526,869
526,888
526,893
526,894
526,924
526,927
526,943
526,954
526,966
527,530
527,538
527,546
527,552
527,555
527,562
527,586
527,601
527,607
527,636
527,640
527,678
527,707
527,721
527,726
527,733
527,757
527,792
527,798
527,809
527,814
527,838
527,842
527,846
527,849
527,875
527,877
527,881
527,891
527,911
527,921
527,922
527,949
527,966
527,980
527,986
527,992
528,537
528,570
528,572
528,580
528,623
528,667
528,670
528,682
528,697
528,716
528,717
528,729
528,750
528,775
528,803
528,817
528,827
528,839
528,852
528,877
528,901
528,910
528,918
528,973
528,992
529,570
529,575
529,580
529,591
529,593
529,622
529,637
529,661
529,682
529,688
529,750
529,768
529,787
529,788
529,793
529,817
529,844
529,876
529,914
529,929
529,936
529,982
529,984
529,998
530,531
530,589
530,599
530,611
530,617
530,642
530,644
530,670
530,671
530,684
530,690
530,697
530,700
530,721
530,739
530,771
530,778
530,783
530,820
530,821
530,946
530,962
530,987
530,990
530,993
531,566
531,580
531,582
531,642
531,666
531,678
531,708
531,721
531,725
531,741
531,748
531,749
531,775
531,777
531,792
531,820
531,822
531,842
531,926
531,936
531,955
531,957
531,962
531,971
531,972
531,973
531,975
531,990
532,598
532,600
532,604
532,624
532,631
532,638
532,674
532,680
532,698
532,722
532,835
532,862
532,889
532,903
532,906
532,980
532,991
533,534
533,575
533,580
533,600
533,606
533,640
533,656
533,705
533,714
533,719
533,747
533,776
533,796
533,902
533,905
533,948
533,963
533,966
533,981
533,999
534,574
534,594
534,618
534,622
534,640
534,648
534,670
534,688
534,695
534,709
534,710
534,718
534,721
534,741
534,750
534,803
534,839
534,843
534,940
534,990
535,569
535,593
535,617
535,630
535,646
535,652
535,662
535,705
535,756
535,836
535,863
535,875
535,897
535,979
535,989
536,564
536,575
536,611
536,646
536,674
536,691
536,705
536,717
536,732
536,772
536,802
536,814
536,828
536,831
536,854
536,875
536,887
536,960
536,970
536,983
537,542
537,550
537,568
537,586
537,600
537,613
537,642
537,645
537,646
537,647
537,650
537,668
537,687
537,701
537,703
537,708
537,716
537,729
537,739
537,743
537,771
537,773
537,918
537,923
537,925
537,930
537,942
537,977
538,581
538,587
538,592
538,618
538,622
538,658
538,745
538,771
538,791
538,798
538,800
538,833
538,862
538,920
538,968
539,545
539,546
539,560
539,584
539,590
539,596
539,643
539,651
539,652
539,653
539,665
539,671
539,700
539,728
539,764
539,784
539,821
539,832
539,876
539,999
540,544
540,579
540,633
540,639
540,656
540,683
540,810
540,923
541,575
541,637
541,657
541,723
541,737
541,762
541,795
541,803
541,934
541,947
541,971
541,979
541,994
541,999
542,547
542,559
542,577
542,604
542,659
542,718
542,721
542,777
542,791
542,823
542,844
542,848
542,868
542,869
542,906
542,923
542,935
542,947
542,968
542,978
543,546
543,576
543,623
543,646
543,654
543,672
543,677
543,710
543,747
543,752
543,764
543,779
543,794
543,804
543,903
543,936
543,965
544,551
544,599
544,617
544,624
544,658
544,682
544,695
544,697
544,734
544,745
544,765
544,767
544,769
544,799
544,818
544,877
544,885
544,906
544,913
544,929
544,935
544,939
544,945
544,952
544,992
545,561
545,593
545,656
545,669
545,711
545,749
545,862
545,863
545,953
545,954
545,959
545,971
545,994
546,590
546,644
546,645
546,646
546,649
546,710
546,735
546,775
546,779
546,780
546,804
546,830
546,862
546,888
546,913
546,949
546,955
547,550
547,586
547,639
547,640
547,679
547,708
547,784
547,816
547,834
547,835
547,887
547,946
548,592
548,602
548,604
548,623
548,633
548,642
548,657
548,670
548,684
548,691
548,704
548,735
548,779
548,788
548,793
548,801
548,832
548,835
548,847
548,880
548,884
548,926
548,936
548,940
548,971
548,972
548,978
548,994
549,580
549,603
549,633
549,644
549,700
549,765
549,845
549,846
549,857
549,870
549,969
550,554
550,602
550,607
550,611
550,614
550,615
550,643
550,657
550,671
550,703
550,706
550,744
550,746
550,756
550,809
550,827
550,843
550,863
550,904
550,924
550,930
550,950
550,952
550,957
550,963
550,983
550,993
551,676
551,707
551,774
551,948
552,553
552,579
552,588
552,630
552,659
552,674
552,709
552,734
552,862
552,925
552,932
552,950
552,954
552,975
552,977
553,565
553,575
553,603
553,663
553,679
553,684
553,720
553,732
553,742
553,752
553,753
553,765
553,788
553,867
553,903
553,907
553,923
553,950
553,959
553,970
553,998
553,999
554,571
554,724
554,736
554,755
554,759
554,838
554,853
554,865
554,903
554,906
554,920
554,974
554,990
555,583
555,642
555,646
555,675
555,679
555,702
555,727
555,756
555,758
555,762
555,776
555,875
555,878
555,936
555,971
555,977
556,594
556,598
556,641
556,657
556,682
556,689
556,690
556,729
556,828
556,834
556,850
556,856
556,878
556,903
556,925
556,962
557,574
557,594
557,736
557,783
557,838
557,866
557,877
557,893
557,918
558,598
558,607
558,627
558,638
558,640
558,678
558,693
558,716
558,729
558,743
558,748
558,768
558,770
558,778
558,851
558,887
558,920
558,960
558,962
558,967
558,973
558,975
559,560
559,585
559,589
559,598
559,602
559,605
559,610
559,627
559,636
559,638
559,646
559,647
559,654
559,658
559,659
559,667
559,736
559,739
559,742
559,772
559,773
559,780
559,789
559,797
559,800
559,818
559,838
559,840
559,841
559,846
559,856
559,910
559,931
559,984
559,986
559,992
559,994
560,578
560,583
560,588
560,591
560,599
560,615
560,617
560,629
560,638
560,640
560,642
560,654
560,656
560,684
560,754
560,790
560,806
560,838
560,854
560,858
560,866
560,882
560,901
560,903
560,911
560,925
560,969
560,984
560,985
561,562
561,569
561,571
561,573
561,585
561,609
561,618
561,623
561,676
561,716
561,732
561,805
561,826
561,828
561,832
561,843
561,850
561,902
561,903
561,949
561,959
561,966
561,967
561,970
561,979
561,995
562,571
562,572
562,585
562,608
562,614
562,643
562,671
562,778
562,802
562,851
562,869
562,875
562,931
562,949
562,950
562,956
562,966
563,691
563,797
563,823
563,844
563,868
563,888
563,909
564,594
564,623
564,645
564,722
564,785
564,806
564,835
564,901
564,917
564,951
565,575
565,611
565,646
565,736
565,752
565,939
565,969
565,996
566,568
566,587
566,602
566,618
566,637
566,644
566,650
566,651
566,664
566,679
566,747
566,755
566,766
566,779
566,816
566,820
566,841
566,902
566,911
566,932
566,953
566,977
566,994
567,667
567,679
567,692
567,718
567,737
567,770
567,771
567,927
568,577
568,590
568,629
568,632
568,637
568,638
568,640
568,646
568,654
568,657
568,689
568,697
568,738
568,748
568,774
568,775
568,778
568,784
568,792
568,800
568,820
568,826
568,831
568,832
568,843
568,868
568,870
568,877
568,890
568,902
568,906
568,919
568,920
568,921
568,923
568,925
568,950
568,951
568,956
568,966
568,980
569,576
569,577
569,616
569,627
569,650
569,658
569,690
569,697
569,729
569,747
569,779
569,809
569,810
569,855
569,869
569,873
569,908
569,926
569,937
569,966
569,969
569,989
570,734
570,736
570,762
570,764
570,771
570,777
570,786
570,793
570,802
570,807
570,859
570,880
570,894
570,989
571,601
571,629
571,646
571,669
571,673
571,697
571,701
571,734
571,793
571,825
571,830
571,854
571,861
571,881
571,903
571,937
571,949
571,950
571,951
572,582
572,630
572,632
572,641
572,653
572,657
572,664
572,669
572,701
572,706
572,708
572,716
572,717
572,719
572,721
572,731
572,734
572,766
572,777
572,798
572,800
572,804
572,824
572,849
572,872
572,875
572,921
572,922
572,923
572,951
572,954
572,985
572,987
572,992
573,595
573,598
573,622
573,635
573,644
573,672
573,677
573,734
573,746
573,782
573,803
573,820
573,882
573,891
573,898
573,921
573,986
573,998
574,585
574,589
574,625
574,631
574,635
574,639
574,640
574,644
574,649
574,653
574,655
574,688
574,690
574,694
574,703
574,717
574,731
574,740
574,749
574,753
574,757
574,758
574,762
574,793
574,807
574,808
574,836
574,870
574,874
574,881
574,889
574,905
574,958
575,582
575,622
575,640
575,661
575,684
575,754
575,758
575,774
575,829
575,844
575,886
575,890
575,903
575,905
575,931
575,961
576,589
576,617
576,620
576,627
576,636
576,646
576,658
576,695
576,726
576,756
576,766
576,792
576,800
576,808
576,812
576,829
576,841
576,853
576,861
576,871
576,891
576,896
576,902
576,918
576,964
576,981
576,986
577,580
577,589
577,623
577,662
577,677
577,714
577,716
577,756
577,774
577,806
577,811
577,824
577,851
577,888
577,895
577,903
577,925
577,942
577,943
577,968
577,970
577,978
578,598
578,613
578,621
578,637
578,650
578,658
578,671
578,674
578,679
578,701
578,703
578,724
578,733
578,756
578,763
578,780
578,821
578,853
578,855
578,863
578,887
578,931
578,935
578,951
578,976
579,612
579,616
579,642
579,683
579,693
579,713
579,730
579,802
579,808
579,836
579,870
579,880
579,907
579,914
579,951
579,961
580,598
580,608
580,625
580,711
580,724
580,753
580,758
580,808
580,866
580,891
580,915
581,600
581,622
581,666
581,712
581,723
581,727
581,803
581,833
581,946
581,982
582,608
582,615
582,618
582,624
582,627
582,638
582,646
582,664
582,706
582,710
582,750
582,788
582,808
582,809
582,829
582,832
582,838
582,861
582,868
582,875
582,882
582,895
582,901
582,902
582,910
582,923
582,928
582,945
582,963
582,979
582,992
583,593
583,600
583,622
583,624
583,635
583,643
583,658
583,659
583,674
583,688
583,737
583,741
583,764
583,765
583,780
583,829
583,840
583,845
583,859
583,860
583,881
583,883
583,889
583,921
584,590
584,595
584,602
584,626
584,643
584,766
584,771
584,812
584,837
584,847
584,930
584,948
584,966
585,604
585,610
585,639
585,641
585,677
585,710
585,711
585,712
585,729
585,764
585,771
585,818
585,820
585,836
585,838
585,875
585,896
585,898
585,926
586,624
586,642
586,659
586,689
586,690
586,695
586,706
586,709
586,712
586,739
586,777
586,814
586,827
586,832
586,846
586,877
586,882
586,886
586,892
586,897
586,942
587,593
587,613
587,647
587,648
587,669
587,674
587,691
587,760
587,778
587,838
587,839
587,843
587,851
587,873
587,908
587,911
587,970
588,595
588,602
588,619
588,646
588,670
588,671
588,701
588,708
588,719
588,735
588,768
588,793
588,796
588,801
588,802
588,806
588,811
588,814
588,817
588,823
588,849
588,853
588,854
588,894
588,896
588,899
588,901
588,921
588,924
588,946
588,986
589,609
589,646
589,669
589,730
589,778
589,787
589,791
589,803
589,811
589,862
589,873
589,875
589,883
589,976
589,977
589,986
589,989
590,667
590,672
590,709
590,745
590,773
590,795
590,798
590,863
590,921
590,929
590,952
590,969
590,980
590,989
591,597
591,610
591,622
591,624
591,664
591,670
591,680
591,738
591,741
591,778
591,796
591,800
591,807
591,860
591,897
591,921
591,975
591,977
592,640
592,671
592,672
592,684
592,687
592,688
592,694
592,697
592,728
592,747
592,778
592,807
592,850
592,872
592,881
592,886
592,904
592,907
592,911
592,955
592,981
593,600
593,622
593,634
593,639
593,650
593,652
593,658
593,688
593,691
593,715
593,736
593,740
593,771
593,780
593,798
593,809
593,812
593,833
593,841
593,845
593,861
593,863
593,864
593,872
593,925
593,934
593,958
593,966
593,972
593,987
593,988
593,992
594,598
594,627
594,815
594,848
594,863
594,893
595,598
595,601
595,620
595,622
595,639
595,761
595,798
595,800
595,832
595,864
595,865
595,876
595,932
596,744
596,775
596,830
596,842
596,853
596,855
596,909
596,934
596,963
596,989
597,739
597,760
597,792
597,812
597,830
597,954
597,999
598,599
598,604
598,607
598,608
598,650
598,667
598,680
598,688
598,703
598,707
598,716
598,723
598,734
598,736
598,746
598,773
598,779
598,783
598,799
598,809
598,811
598,829
598,834
598,841
598,844
598,846
598,850
598,858
598,868
598,875
598,892
598,905
598,920
598,926
598,932
598,937
598,956
598,973
598,975
598,979
599,612
599,651
599,658
599,745
599,770
599,777
599,787
599,811
599,818
599,898
599,901
599,932
599,994
600,606
600,636
600,642
600,658
600,671
600,677
600,722
600,740
600,745
600,774
600,784
600,796
600,819
600,832
600,845
600,846
600,855
600,880
600,887
600,925
600,937
600,947
600,948
601,638
601,642
601,644
601,665
601,690
601,700
601,736
601,806
601,828
601,848
601,905
601,911
601,975
601,980
601,981
602,613
602,642
602,649
602,655
602,657
602,677
602,684
602,688
602,717
602,734
602,739
602,753
602,766
602,808
602,820
602,834
602,838
602,846
602,861
602,862
602,863
602,873
602,875
602,882
602,887
602,902
602,911
602,945
602,965
603,611
603,619
603,625
603,660
603,682
603,727
603,728
603,729
603,733
603,756
603,794
603,855
603,865
603,928
603,951
603,964
603,997
604,624
604,627
604,638
604,711
604,736
604,765
604,771
604,777
604,778
604,784
604,808
604,809
604,823
604,843
604,847
604,881
604,885
604,910
604,919
604,970
605,663
605,672
605,702
605,751
605,788
605,832
605,848
605,918
605,957
605,971
605,978
605,986
606,643
606,657
606,682
606,731
606,770
606,834
606,879
606,881
606,954
606,992
606,993
607,623
607,638
607,643
607,647
607,700
607,787
607,820
607,852
607,871
607,878
607,887
607,915
607,946
607,998
608,614
608,680
608,693
608,771
608,847
608,849
608,852
609,617
609,712
609,734
609,735
609,797
609,798
609,808
609,809
609,814
609,832
609,855
609,875
609,903
609,931
609,994
610,653
610,699
610,710
610,713
610,728
610,739
610,754
610,777
610,796
610,814
610,831
610,832
610,843
610,856
610,898
610,899
610,904
610,918
610,924
610,942
610,964
610,992
610,994
611,626
611,642
611,652
611,658
611,690
611,745
611,748
611,750
611,765
611,778
611,790
611,807
611,809
611,842
611,852
611,884
611,966
611,978
612,656
612,679
612,724
612,743
612,759
612,763
612,766
612,790
612,840
612,902
612,930
612,931
612,935
612,937
612,995
613,652
613,661
613,718
613,736
613,744
613,774
613,787
613,809
613,816
613,821
613,823
613,827
613,829
613,830
613,850
613,878
613,919
613,923
613,937
613,945
613,960
613,962
613,970
613,989
614,649
614,661
614,665
614,690
614,691
614,700
614,715
614,743
614,806
614,866
614,874
614,878
614,883
614,885
614,903
614,905
614,927
614,930
614,942
614,958
614,959
614,988
615,624
615,630
615,655
615,670
615,710
615,714
615,729
615,815
615,831
615,843
615,861
615,894
615,895
615,918
615,956
615,962
615,981
615,989
616,634
616,635
616,651
616,668
616,704
616,807
616,833
616,844
616,896
616,972
616,994
617,625
617,628
617,651
617,657
617,705
617,727
617,728
617,773
617,839
617,861
617,874
617,881
617,888
617,898
617,915
617,978
617,983
618,622
618,658
618,673
618,689
618,690
618,714
618,718
618,729
618,732
618,733
618,744
618,758
618,774
618,775
618,804
618,812
618,817
618,819
618,839
618,861
618,877
618,908
618,961
618,963
618,964
618,974
619,629
619,648
619,655
619,658
619,744
619,752
619,753
619,771
619,779
619,792
619,802
619,824
619,832
619,844
619,850
619,865
619,883
619,887
619,891
619,896
619,918
619,978
619,995
620,624
620,627
620,653
620,659
620,739
620,745
620,778
620,885
620,898
620,901
620,902
620,950
620,954
620,989
620,992
620,995
621,636
621,667
621,709
621,736
621,737
621,769
621,777
621,863
621,890
621,911
621,916
621,920
622,627
622,635
622,713
622,717
622,756
622,775
622,786
622,800
622,843
622,873
622,887
622,890
622,892
622,903
622,911
622,919
622,923
622,934
622,963
622,970
622,990
623,656
623,682
623,721
623,733
623,758
623,775
623,780
623,808
623,819
623,822
623,843
623,875
623,887
623,912
623,925
623,946
623,957
623,972
623,978
624,640
624,668
624,684
624,706
624,708
624,720
624,747
624,763
624,787
624,828
624,902
624,907
624,908
624,911
624,921
624,930
624,946
624,955
624,958
624,963
624,977
624,986
625,643
625,647
625,671
625,689
625,709
625,712
625,737
625,828
625,841
625,846
625,848
625,850
625,876
625,909
625,936
626,740
626,752
626,764
626,770
626,773
626,855
626,888
626,937
627,637
627,638
627,644
627,653
627,669
627,679
627,682
627,683
627,716
627,735
627,752
627,759
627,761
627,763
627,770
627,776
627,779
627,787
627,792
627,800
627,834
627,844
627,848
627,852
627,859
627,862
627,865
627,869
627,881
627,887
627,919
627,920
627,923
627,928
627,930
627,942
627,963
627,966
627,974
627,978
627,992
628,650
628,651
628,731
628,737
628,809
628,957
628,978
629,637
629,640
629,644
629,648
629,658
629,690
629,695
629,703
629,706
629,714
629,754
629,774
629,787
629,796
629,827
629,841
629,845
629,868
629,886
629,893
629,900
629,906
629,923
629,928
629,990
630,635
630,665
630,722
630,755
630,757
630,762
630,786
630,789
630,824
630,851
630,919
630,967
630,971
630,979
630,981
631,637
631,664
631,670
631,679
631,701
631,704
631,708
631,717
631,765
631,783
631,801
631,802
631,829
631,843
631,856
631,869
631,902
631,907
631,970
631,978
631,981
631,989
632,633
632,636
632,637
632,643
632,644
632,672
632,724
632,754
632,766
632,778
632,787
632,788
632,800
632,825
632,850
632,873
632,895
632,896
632,901
632,926
632,954
632,998
633,691
633,727
633,784
633,798
633,817
633,841
634,644
634,657
634,673
634,779
634,806
634,807
634,842
634,870
634,875
634,879
634,893
634,920
634,958
634,967
634,994
635,651
635,656
635,674
635,676
635,684
635,759
635,760
635,794
635,841
635,862
635,882
635,900
635,901
635,920
635,948
636,638
636,640
636,646
636,656
636,658
636,669
636,687
636,690
636,712
636,778
636,819
636,837
636,889
636,896
636,920
636,923
636,946
636,980
636,989
636,992
637,656
637,664
637,666
637,676
637,687
637,699
637,708
637,712
637,717
637,732
637,737
637,747
637,754
637,761
637,771
637,806
637,830
637,834
637,844
637,845
637,852
637,868
637,875
637,904
637,908
637,910
637,937
637,941
637,966
637,974
638,690
638,736
638,759
638,774
638,807
638,817
638,843
638,864
638,890
638,893
638,934
638,944
638,975
638,976
639,640
639,644
639,648
639,683
639,685
639,691
639,707
639,711
639,716
639,721
639,733
639,739
639,742
639,755
639,780
639,789
639,810
639,816
639,826
639,856
639,879
639,887
639,930
639,933
639,945
639,948
639,949
639,954
639,966
639,967
639,972
639,978
640,643
640,664
640,673
640,686
640,687
640,697
640,707
640,719
640,733
640,736
640,747
640,749
640,772
640,778
640,800
640,806
640,809
640,820
640,821
640,826
640,837
640,845
640,851
640,855
640,881
640,889
640,910
640,919
640,920
640,924
640,950
640,981
640,985
640,987
641,657
641,658
641,660
641,667
641,668
641,671
641,689
641,696
641,733
641,745
641,766
641,778
641,800
641,801
641,831
641,837
641,878
641,919
641,958
641,961
641,963
641,970
642,653
642,658
642,676
642,679
642,701
642,739
642,741
642,778
642,806
642,831
642,843
642,858
642,878
642,881
642,882
642,885
642,887
642,889
642,903
642,908
642,916
642,922
642,932
642,944
642,971
642,980
642,984
643,644
643,646
643,653
643,664
643,667
643,678
643,706
643,712
643,714
643,718
643,729
643,732
643,733
643,741
643,770
643,788
643,809
643,814
643,826
643,868
643,889
643,924
643,925
643,958
643,970
644,667
644,700
644,748
644,749
644,821
644,838
644,864
644,865
644,905
644,910
644,928
644,931
644,977
645,658
645,676
645,677
645,678
645,682
645,720
645,759
645,773
645,846
645,878
645,885
645,891
645,904
645,931
645,959
646,658
646,678
646,698
646,706
646,707
646,710
646,716
646,739
646,771
646,777
646,783
646,788
646,798
646,800
646,804
646,818
646,824
646,832
646,841
646,851
646,861
646,868
646,872
646,902
646,911
646,956
646,964
646,970
646,980
646,986
646,988
646,991
647,653
647,655
647,674
647,706
647,721
647,731
647,750
647,798
647,820
647,918
647,971
647,977
647,983
648,658
648,682
648,716
648,736
648,761
648,765
648,789
648,820
648,822
648,838
648,843
648,846
648,860
648,868
648,871
648,886
648,891
648,900
648,911
648,964
648,977
649,656
649,676
649,697
649,701
649,732
649,737
649,761
649,772
649,878
649,881
649,887
649,890
649,920
649,959
649,979
650,662
650,667
650,709
650,732
650,763
650,771
650,772
650,787
650,798
650,804
650,825
650,828
650,831
650,843
650,844
650,890
650,895
650,898
650,901
650,925
650,939
650,943
650,954
650,966
650,990
651,674
651,690
651,694
651,705
651,706
651,708
651,734
651,739
651,778
651,793
651,847
651,848
651,878
651,885
651,893
651,920
651,962
651,987
652,690
652,729
652,733
652,747
652,800
652,802
652,918
652,930
652,951
652,985
653,664
653,679
653,689
653,706
653,719
653,729
653,739
653,762
653,773
653,803
653,825
653,856
653,918
653,932
653,940
653,959
654,671
654,695
654,703
654,719
654,746
654,789
654,824
654,825
654,861
654,885
654,889
654,890
654,906
654,911
654,925
654,946
654,970
655,730
655,739
655,806
655,840
655,855
655,949
655,982
655,988
656,676
656,718
656,727
656,735
656,745
656,752
656,775
656,808
656,830
656,844
656,849
656,896
656,902
656,920
656,921
656,954
656,978
656,980
657,732
657,743
657,784
657,786
657,827
657,850
657,853
657,866
657,881
657,911
657,931
657,991
658,666
658,672
658,695
658,700
658,706
658,710
658,712
658,719
658,741
658,749
658,755
658,757
658,802
658,820
658,836
658,838
658,890
658,918
658,930
658,931
658,941
658,960
658,989
658,996
659,729
659,733
659,789
659,827
659,902
659,929
659,958
660,674
660,750
660,771
660,788
660,805
660,836
660,842
660,883
660,887
660,911
660,930
660,957
660,959
660,963
660,979
661,672
661,676
661,759
661,772
661,800
661,826
661,831
661,912
661,918
661,939
661,952
662,667
662,709
662,726
662,733
662,770
662,773
662,809
662,825
662,845
662,857
662,879
662,911
662,965
663,673
663,773
663,970
663,971
664,665
664,702
664,706
664,726
664,777
664,787
664,790
664,829
664,838
664,845
664,851
664,892
664,925
664,984
665,737
665,768
665,810
665,851
665,852
665,897
665,954
665,970
666,692
666,787
666,794
666,798
666,895
666,911
666,969
667,676
667,696
667,705
667,720
667,722
667,735
667,750
667,766
667,771
667,798
667,802
667,807
667,811
667,843
667,849
667,884
667,887
667,892
667,900
667,917
667,927
667,931
667,978
667,990
668,719
668,737
668,738
668,752
668,856
668,956
668,980
668,994
669,727
669,772
669,798
669,891
669,898
669,925
669,970
669,972
669,974
669,999
670,690
670,693
670,703
670,711
670,718
670,746
670,771
670,873
670,878
670,906
670,921
670,927
670,931
670,964
670,979
670,988
670,998
671,677
671,694
671,708
671,709
671,716
671,729
671,730
671,742
671,748
671,806
671,826
671,829
671,841
671,843
671,844
671,865
671,869
671,878
671,890
671,892
671,951
672,781
672,783
672,874
672,893
672,906
672,942
672,991
673,695
673,715
673,722
673,732
673,745
673,749
673,752
673,796
673,812
673,814
673,853
673,860
673,865
673,872
673,878
673,882
673,884
673,920
673,973
674,688
674,736
674,739
674,743
674,750
674,789
674,832
674,838
674,858
674,884
674,885
674,890
674,891
674,892
674,920
674,924
674,943
674,951
674,971
674,977
674,982
674,993
675,767
675,787
675,796
675,954
675,977
676,677
676,727
676,749
676,788
676,809
676,819
676,831
676,836
676,902
676,912
676,949
676,975
677,721
677,795
677,798
677,803
677,836
677,844
677,863
677,876
677,893
677,928
677,964
677,973
677,975
677,979
677,984
677,997
678,687
678,703
678,707
678,719
678,729
678,751
678,771
678,786
678,806
678,832
678,845
678,861
678,863
678,873
678,889
678,903
678,910
678,911
679,696
679,708
679,712
679,718
679,722
679,764
679,772
679,816
679,865
679,878
679,919
679,924
679,942
679,945
679,953
679,979
679,989
680,693
680,707
680,714
680,747
680,936
681,776
681,809
681,828
681,849
682,684
682,703
682,725
682,738
682,756
682,770
682,778
682,781
682,790
682,798
682,813
682,858
682,880
682,908
682,927
682,929
682,936
682,953
682,977
683,689
683,716
683,812
683,859
683,894
683,972
683,977
683,981
684,690
684,706
684,715
684,732
684,753
684,757
684,761
684,775
684,787
684,811
684,815
684,819
684,831
684,864
684,884
684,886
684,891
684,923
684,955
684,984
684,999
685,731
685,762
685,836
685,852
685,881
686,703
686,752
686,757
686,770
686,788
686,807
686,906
687,690
687,695
687,706
687,712
687,729
687,737
687,744
687,746
687,748
687,761
687,816
687,834
687,861
687,868
687,869
687,889
687,897
687,911
687,919
687,920
687,963
687,966
687,970
688,769
688,862
688,872
688,884
688,885
688,916
688,917
688,921
688,928
688,946
688,950
688,958
688,965
689,733
689,739
689,748
689,764
689,817
689,824
689,826
689,829
689,832
689,837
689,854
689,857
689,869
689,887
689,892
689,911
689,918
689,922
689,941
689,942
689,963
690,694
690,726
690,733
690,739
690,778
690,782
690,787
690,795
690,800
690,809
690,824
690,850
690,884
690,895
690,961
690,975
690,982
690,993
691,709
691,712
691,717
691,734
691,736
691,739
691,743
691,760
691,821
691,827
691,874
691,898
691,912
691,942
691,945
691,975
691,993
692,756
692,798
692,866
692,886
692,899
692,926
692,984
692,989
692,994
693,739
693,797
693,887
693,927
693,941
693,959
693,962
693,993
694,695
694,701
694,712
694,717
694,748
694,757
694,761
694,764
694,808
694,834
694,844
694,845
694,891
694,895
694,896
694,945
694,963
694,978
695,703
695,708
695,717
695,739
695,766
695,778
695,832
695,861
695,863
695,869
695,881
695,889
695,903
695,946
695,985
695,988
696,700
696,765
696,839
696,896
696,898
696,911
696,936
696,952
696,960
696,978
696,996
697,701
697,739
697,761
697,774
697,796
697,800
697,814
697,816
697,819
697,930
697,936
697,939
697,976
698,756
698,778
698,811
698,813
698,841
698,868
698,872
698,886
698,887
698,915
698,943
698,983
699,703
699,719
699,744
699,752
699,774
699,780
699,841
699,853
699,891
699,997
700,704
700,721
700,725
700,728
700,729
700,775
700,776
700,780
700,809
700,870
700,893
700,910
700,920
700,936
700,949
700,969
701,705
701,706
701,722
701,735
701,748
701,750
701,778
701,782
701,787
701,789
701,821
701,827
701,842
701,847
701,865
701,889
701,890
701,904
701,950
701,960
701,985
702,784
702,798
702,859
702,865
702,866
702,874
702,909
702,938
702,948
702,995
703,708
703,715
703,743
703,791
703,826
703,892
703,899
703,924
703,950
703,976
704,758
704,797
704,808
704,896
704,948
705,709
705,712
705,717
705,773
705,800
705,803
705,808
705,834
705,837
705,847
705,881
705,883
705,885
705,899
705,903
705,912
705,951
705,997
706,710
706,729
706,747
706,750
706,761
706,786
706,798
706,800
706,818
706,823
706,837
706,843
706,844
706,845
706,854
706,867
706,868
706,873
706,903
706,910
706,918
706,923
706,948
706,950
706,966
706,971
706,992
707,718
707,721
707,730
707,739
707,774
707,775
707,786
707,817
707,825
707,829
707,830
707,834
707,846
707,847
707,885
707,896
707,955
707,962
707,963
707,979
708,733
708,739
708,750
708,787
708,800
708,813
708,834
708,838
708,875
708,877
708,889
708,903
708,910
708,919
708,924
708,934
708,963
708,968
708,974
708,986
709,719
709,744
709,749
709,750
709,760
709,817
709,819
709,825
709,861
709,873
709,883
709,887
709,901
709,904
709,940
709,970
709,980
709,998
710,729
710,733
710,760
710,765
710,783
710,797
710,820
710,835
710,848
710,877
710,885
710,903
710,907
710,967
710,982
710,988
710,991
711,777
711,825
711,841
711,891
711,951
711,958
711,960
712,749
712,758
712,778
712,789
712,809
712,829
712,837
712,843
712,844
712,846
712,868
712,883
712,888
712,919
712,927
712,937
712,943
712,955
712,985
713,718
713,758
713,764
713,777
713,831
713,944
713,953
713,956
713,964
713,980
713,997
714,725
714,744
714,789
714,901
715,778
715,783
715,787
715,789
715,845
715,846
715,918
715,950
715,958
715,960
715,964
715,981
715,984
715,993
716,729
716,745
716,748
716,752
716,762
716,775
716,789
716,808
716,817
716,834
716,892
716,930
716,946
716,950
716,952
716,955
717,733
717,734
717,766
717,768
717,789
717,815
717,850
717,851
717,872
717,879
717,881
717,964
717,974
717,978
717,982
718,734
718,735
718,741
718,762
718,771
718,785
718,801
718,827
718,856
718,881
718,895
718,898
718,901
718,911
718,921
718,922
718,963
719,722
719,778
719,803
719,835
719,854
719,860
719,892
719,905
719,936
719,951
720,735
720,753
720,766
720,803
720,816
720,859
720,890
720,923
720,944
720,978
721,765
721,800
721,806
721,808
721,814
721,817
721,840
721,869
721,891
721,892
721,896
721,901
721,902
721,923
721,945
721,980
721,983
721,984
721,986
722,729
722,755
722,757
722,763
722,803
722,805
722,809
722,852
722,859
722,915
723,786
723,793
723,797
723,801
723,866
723,989
724,755
724,862
724,875
724,904
724,912
725,732
725,741
725,779
725,805
725,862
725,917
726,746
726,794
726,801
726,832
726,850
726,855
726,866
726,867
726,868
726,902
726,903
726,945
726,961
726,963
726,964
726,976
726,978
726,981
726,989
727,735
727,747
727,797
727,805
727,838
727,853
727,901
727,938
727,943
727,947
727,969
728,733
728,803
728,825
728,853
728,867
728,954
728,997
729,737
729,753
729,758
729,768
729,776
729,786
729,788
729,824
729,829
729,834
729,835
729,854
729,890
729,899
729,901
729,908
729,911
729,915
729,925
729,951
729,963
729,973
729,974
729,986
729,989
730,802
730,826
730,827
730,830
730,851
730,888
730,940
730,962
730,963
730,973
730,993
731,758
731,777
731,780
731,781
731,823
731,828
731,830
731,874
731,925
731,926
731,930
731,945
731,955
732,737
732,739
732,756
732,816
732,889
732,893
732,898
732,951
732,997
733,739
733,748
733,749
733,767
733,775
733,778
733,804
733,810
733,820
733,821
733,834
733,845
733,849
733,868
733,874
733,876
733,878
733,883
733,889
733,890
733,892
733,903
733,907
733,915
733,918
733,919
733,930
733,951
733,966
733,969
734,776
734,815
734,843
734,845
734,860
734,891
734,901
734,915
734,925
734,945
734,970
734,994
735,750
735,774
735,800
735,873
735,902
735,908
735,918
735,921
735,935
735,953
735,977
736,739
736,740
736,748
736,751
736,770
736,771
736,792
736,793
736,812
736,835
736,842
736,843
736,849
736,854
736,868
736,870
736,879
736,892
736,896
736,906
736,910
736,911
736,930
736,942
736,948
736,950
736,960
736,981
737,742
737,749
737,753
737,842
737,976
738,750
738,798
738,807
738,817
738,824
738,836
738,844
738,849
738,897
738,914
738,968
739,745
739,746
739,761
739,767
739,772
739,774
739,778
739,787
739,793
739,796
739,799
739,819
739,834
739,835
739,838
739,842
739,843
739,854
739,860
739,868
739,871
739,892
739,901
739,904
739,910
739,922
739,941
739,959
739,986
739,999
740,803
740,841
740,880
740,903
740,937
741,756
741,794
741,842
741,868
741,875
741,887
741,911
741,932
741,937
741,961
741,962
741,975
742,794
742,799
742,870
742,928
742,932
742,966
742,977
742,984
742,989
743,778
743,798
743,818
743,878
743,955
743,956
743,973
744,748
744,780
744,812
744,835
744,899
744,930
744,948
744,950
745,800
745,826
745,840
745,841
745,851
745,866
745,870
745,886
745,910
745,912
745,915
745,934
745,957
745,960
745,987
746,777
746,795
746,798
746,820
746,822
746,836
746,854
746,886
746,890
746,903
746,905
746,923
746,946
746,953
746,959
746,979
746,986
747,761
747,774
747,779
747,791
747,804
747,813
747,823
747,837
747,868
747,874
747,891
747,892
747,901
747,903
747,928
747,934
747,942
747,943
747,980
748,787
748,792
748,802
748,834
748,841
748,849
748,877
748,882
748,889
748,890
748,963
749,768
749,771
749,800
749,801
749,835
749,841
749,854
749,871
749,891
749,918
749,942
749,973
749,978
749,999
750,758
750,760
750,788
750,798
750,824
750,831
750,843
750,882
750,901
750,933
750,951
750,974
750,975
750,978
751,917
751,924
751,936
751,980
751,999
752,770
752,774
752,782
752,795
752,798
752,803
752,813
752,817
752,859
752,950
752,979
752,981
753,768
753,789
753,793
753,805
753,813
753,843
753,857
753,867
753,893
753,906
753,998
754,785
754,794
754,813
754,845
754,862
754,863
754,889
755,790
755,815
755,819
755,827
755,829
755,838
755,845
755,850
755,861
755,886
755,917
755,931
755,958
755,993
756,772
756,816
756,826
756,851
756,893
756,920
756,928
756,966
757,760
757,767
757,788
757,880
757,894
757,936
757,969
757,980
758,771
758,804
758,807
758,817
758,827
758,836
758,849
758,869
758,877
758,880
758,891
758,908
758,912
758,917
758,961
758,979
758,986
758,994
759,779
759,797
759,898
759,912
759,913
759,928
759,960
759,993
759,994
760,765
760,807
760,861
760,885
760,894
760,927
760,989
761,778
761,803
761,809
761,851
761,861
761,869
761,871
761,890
761,938
761,943
761,963
761,977
761,978
762,805
762,920
762,998
763,789
763,811
763,856
763,903
763,919
763,930
763,935
763,950
763,989
763,992
764,772
764,785
764,834
764,872
764,952
764,954
764,963
764,975
764,997
765,790
765,812
765,830
765,893
765,906
765,925
765,926
765,952
765,969
765,978
766,815
766,834
766,837
766,849
766,881
766,884
766,930
766,939
766,987
766,989
767,772
767,801
767,906
767,910
767,990
768,780
768,799
768,825
768,865
768,882
769,869
769,921
769,938
770,778
770,780
770,798
770,800
770,821
770,822
770,848
770,865
770,903
770,934
770,939
770,980
771,778
771,800
771,801
771,806
771,825
771,837
771,841
771,860
771,866
771,868
771,881
771,886
771,889
771,890
771,899
771,908
771,911
771,921
771,963
771,970
771,974
772,775
772,818
772,875
772,915
772,930
772,935
772,942
772,966
772,984
772,986
772,987
773,818
773,854
773,883
773,939
773,960
773,987
774,799
774,801
774,802
774,821
774,824
774,837
774,852
774,889
774,892
774,903
774,924
774,946
774,966
774,989
775,830
775,851
775,854
775,874
775,904
775,948
775,957
775,960
776,778
776,816
776,863
776,944
776,949
777,811
777,815
777,819
777,826
777,849
777,857
777,862
777,871
777,873
777,888
777,890
777,901
777,931
777,933
777,972
778,789
778,798
778,809
778,840
778,854
778,871
778,878
778,885
778,897
778,899
778,900
778,903
778,918
778,924
778,927
778,930
778,941
778,948
778,956
778,966
778,970
778,978
778,987
778,998
779,789
779,803
779,821
779,849
779,855
779,882
779,889
779,902
779,999
780,836
780,857
780,863
780,868
780,953
780,954
780,966
780,974
780,986
781,803
781,834
781,886
781,921
781,970
781,975
781,977
781,991
781,993
782,811
782,823
782,824
782,874
782,883
782,936
782,978
782,984
783,861
783,863
783,919
783,922
783,950
783,963
783,987
784,826
784,842
784,889
784,947
785,822
785,888
785,912
785,974
785,989
786,910
786,911
786,924
786,941
786,953
786,982
787,792
787,803
787,825
787,830
787,840
787,862
787,863
787,867
787,870
787,917
787,936
787,952
787,981
787,989
788,797
788,832
788,837
788,838
788,849
788,854
788,871
788,885
788,903
788,911
788,927
788,983
789,791
789,809
789,836
789,849
789,903
789,927
789,948
789,958
789,969
789,978
789,981
789,987
790,793
790,918
790,927
790,963
790,975
790,997
791,799
791,821
791,912
791,937
791,991
792,814
792,913
792,918
792,928
792,955
793,797
793,801
793,809
793,817
793,827
793,844
793,876
793,877
793,887
793,927
793,967
793,974
793,977
793,979
794,822
794,839
794,843
794,865
794,892
794,920
794,930
794,980
794,984
794,989
795,830
795,874
795,883
795,930
795,934
795,953
795,997
796,807
796,830
796,868
796,901
796,935
796,972
796,997
797,844
797,956
797,958
797,961
798,800
798,805
798,811
798,820
798,830
798,839
798,840
798,841
798,852
798,854
798,871
798,879
798,903
798,906
798,928
798,935
798,940
798,953
798,991
799,816
799,847
799,869
799,889
799,906
800,810
800,820
800,823
800,827
800,830
800,839
800,846
800,849
800,860
800,863
800,868
800,887
800,895
800,901
800,904
800,915
800,919
800,930
800,961
800,964
800,966
800,970
800,986
801,806
801,811
801,824
801,851
801,877
801,891
801,924
801,925
801,974
801,977
801,978
801,992
801,999
802,916
802,930
802,948
802,966
802,973
802,988
802,991
803,826
803,827
803,838
803,849
803,862
803,898
803,899
803,926
803,943
803,954
803,969
803,970
803,981
803,983
804,805
804,807
804,828
804,837
804,875
804,886
804,887
804,895
804,921
804,937
804,976
804,997
805,865
805,874
805,881
805,930
805,994
806,815
806,824
806,846
806,868
806,884
806,889
806,891
806,901
806,918
806,933
806,935
806,963
806,985
806,993
807,819
807,844
807,850
807,851
807,890
807,893
807,897
807,922
807,980
807,988
807,989
808,832
808,864
808,932
808,978
808,979
808,989
809,810
809,833
809,840
809,845
809,861
809,881
809,903
809,917
809,922
809,925
809,978
809,991
810,813
810,817
810,842
810,843
810,845
810,863
810,875
810,903
810,920
810,957
811,832
811,836
811,842
811,903
811,964
811,987
811,993
812,820
812,836
813,821
813,825
813,858
813,863
813,879
813,883
813,897
813,899
814,820
814,843
814,844
814,851
814,854
814,855
814,902
814,919
814,923
814,930
814,946
814,948
815,832
815,835
815,838
815,847
815,849
815,854
815,872
815,901
815,923
815,942
815,952
815,961
815,979
815,992
816,822
816,830
816,856
816,958
816,981
816,989
817,827
817,841
817,843
817,856
817,878
817,928
817,942
817,953
817,954
817,966
817,987
817,988
818,828
818,830
818,838
818,854
818,877
818,937
818,938
819,828
819,831
819,860
819,896
819,927
819,939
819,987
820,841
820,861
820,875
820,890
820,902
820,908
820,930
820,981
821,838
821,843
821,857
821,874
821,877
821,903
821,916
821,947
821,953
821,966
822,838
822,873
822,895
822,923
822,959
822,975
822,980
822,985
823,825
823,882
823,891
823,901
823,903
823,931
823,947
823,966
824,827
824,832
824,842
824,849
824,850
824,861
824,865
824,891
824,901
824,903
824,910
824,911
824,920
825,826
825,833
825,910
825,937
825,940
825,963
825,977
825,981
826,841
826,905
826,935
826,945
826,966
826,970
826,974
826,985
827,831
827,835
827,856
827,895
827,951
827,972
827,983
828,836
828,882
828,886
828,889
828,905
828,917
828,973
828,986
829,832
829,866
829,895
829,908
829,949
829,986
829,999
830,874
830,877
830,903
830,907
830,909
830,911
830,930
830,951
830,952
830,957
830,958
830,985
830,993
831,843
831,877
831,892
831,903
831,928
831,963
831,968
831,970
832,837
832,841
832,843
832,844
832,847
832,848
832,855
832,861
832,868
832,877
832,887
832,892
832,898
832,908
832,921
832,951
832,973
833,922
833,947
833,956
833,958
833,971
834,854
834,868
834,889
834,895
834,902
834,908
834,949
834,951
834,966
834,974
834,978
834,990
835,837
835,858
835,863
835,866
835,948
835,981
835,998
836,844
836,885
836,920
836,964
836,995
837,839
837,841
837,889
837,890
837,896
837,902
837,908
837,910
837,945
838,848
838,861
838,876
838,885
838,886
838,889
838,892
838,898
838,905
838,912
838,917
838,927
838,948
838,958
838,979
839,847
839,866
839,878
839,887
839,888
839,946
839,976
839,977
840,846
840,867
840,878
840,895
840,898
840,940
840,987
840,995
841,850
841,853
841,855
841,867
841,879
841,883
841,887
841,890
841,896
841,902
841,905
841,926
841,929
841,943
841,986
841,989
841,990
842,874
842,903
842,943
842,963
842,976
843,875
843,886
843,895
843,911
843,914
843,918
843,921
843,922
843,944
843,950
843,994
844,849
844,901
844,926
844,997
845,947
845,960
845,972
846,851
846,860
846,892
846,906
846,918
846,957
846,966
846,999
847,848
847,863
847,887
847,902
847,921
847,947
847,948
847,960
847,966
847,989
848,930
848,942
848,998
849,850
849,855
849,895
849,947
849,952
849,963
849,984
849,987
850,964
850,983
851,872
851,877
851,887
851,925
851,929
851,945
851,946
851,954
851,961
851,992
852,865
852,889
852,931
853,896
853,909
854,863
854,891
854,900
854,920
854,931
854,936
854,959
854,988
855,923
855,926
855,966
855,980
856,858
856,863
856,897
856,927
856,962
856,977
857,859
857,886
857,916
857,949
858,878
858,929
859,888
860,863
860,868
860,903
860,916
860,931
860,970
860,980
860,989
861,880
861,881
861,891
861,895
861,903
861,911
861,916
861,921
861,949
861,970
861,975
861,986
862,868
862,871
862,874
862,891
862,914
862,935
862,946
862,966
862,971
862,976
862,980
862,984
863,903
863,925
863,960
864,892
864,898
864,924
864,990
865,870
865,873
865,885
865,892
865,895
865,924
865,967
865,976
865,989
866,930
866,946
866,983
867,895
867,907
867,932
867,975
867,986
868,875
868,877
868,882
868,899
868,910
868,986
868,992
868,997
869,878
869,885
869,886
869,902
869,906
869,911
871,885
871,886
871,957
871,959
871,976
872,874
872,875
872,881
872,883
872,892
872,906
872,925
872,956
872,982
873,910
873,964
873,965
874,947
875,890
875,901
875,915
875,918
875,942
875,957
875,959
875,963
875,993
876,892
876,899
876,937
876,952
877,919
877,976
877,981
878,945
879,986
880,979
881,925
881,963
881,992
882,903
882,963
882,989
882,994
883,959
883,964
883,975
884,886
884,891
884,894
884,897
884,910
884,920
884,930
885,911
885,958
886,901
886,922
886,930
886,954
886,963
886,985
887,888
887,901
887,908
887,925
887,948
887,980
887,992
888,923
888,926
888,963
888,975
888,987
889,892
889,908
889,911
889,915
889,920
889,933
889,937
889,959
890,915
890,924
890,986
891,899
891,912
891,927
891,939
891,951
891,959
891,974
891,980
891,992
891,993
891,998
892,899
892,903
892,923
892,924
892,930
892,939
892,945
892,957
892,960
892,966
892,991
893,894
893,897
893,904
893,921
893,969
894,926
894,972
895,899
895,918
895,920
895,944
895,956
895,960
895,963
895,969
896,898
896,901
896,907
896,938
896,963
896,966
896,977
896,978
897,906
897,922
897,938
897,939
897,945
897,959
897,960
897,969
898,902
898,904
898,931
898,960
898,971
898,979
898,985
899,923
899,989
899,992
900,917
900,926
901,968
901,970
901,974
901,978
901,989
902,954
903,907
903,923
903,930
903,953
903,954
903,962
903,963
903,966
903,974
903,999
904,948
905,980
905,984
905,989
906,996
907,966
907,983
907,995
908,921
908,925
908,927
908,956
908,962
908,963
908,988
908,998
910,926
910,951
910,960
910,974
910,978
911,939
911,946
911,952
911,969
911,989
912,920
912,924
912,958
912,994
913,984
913,997
914,933
914,937
915,928
915,960
915,996
916,917
916,937
916,987
917,930
917,936
917,980
917,994
917,997
918,931
918,946
918,966
918,968
918,978
918,999
919,921
919,925
919,954
919,966
920,923
920,930
920,935
920,958
920,984
921,927
921,930
921,948
921,993
921,998
922,935
922,991
923,925
923,931
923,963
923,964
923,974
923,976
923,977
923,978
924,930
924,948
924,966
924,983
924,990
925,983
925,990
926,945
926,999
927,934
928,937
928,973
928,986
929,983
929,989
930,959
930,960
930,963
930,971
930,980
930,984
930,986
930,989
930,993
931,946
931,955
931,975
931,977
931,995
932,966
932,978
933,990
934,955
934,961
934,977
934,980
935,984
936,942
936,980
937,958
937,962
937,966
937,994
938,967
938,969
939,964
939,994
940,959
940,970
941,961
941,980
941,995
941,997
942,966
943,950
943,978
944,981
944,984
945,977
945,978
945,987
945,988
945,994
946,954
946,966
946,972
946,974
946,976
946,978
946,992
947,949
947,956
947,958
947,985
947,994
948,956
948,965
948,972
948,982
948,991
948,994
949,966
950,966
950,982
951,966
952,982
952,989
953,978
953,981
954,955
954,966
954,981
954,998
955,992
956,957
956,977
957,993
958,962
958,980
959,975
959,977
960,962
960,986
960,991
961,979
962,980
962,981
962,993
963,985
963,998
964,970
964,978
964,986
964,989
965,973
966,968
967,990
967,996
968,991
968,999
969,975
970,989
972,974
972,981
973,987
973,989
973,993
974,992
975,977
975,979
978,999
979,984
980,982
980,987
985,988
991,998
994,998
997,999
