source,target
0,28
0,30
0,45
0,90
0,95
0,164
0,171
0,180
0,189
0,209
0,213
0,223
0,228
0,245
0,253
0,270
0,299
0,304
0,316
0,318
0,331
0,339
0,357
0,358
0,402
0,422
0,423
0,430
0,442
0,476
0,486
0,529
0,555
0,580
0,614
0,656
0,668
0,675
0,701
0,712
0,721
0,736
0,756
0,792
0,843
0,846
0,878
0,889
0,894
0,923
0,927
0,946
0,985
0,989
0,995
1,10
1,38
1,60
1,70
1,74
1,121
1,126
1,129
1,155
1,179
1,181
1,241
1,251
1,256
1,286
1,371
1,391
1,443
1,449
1,462
1,470
1,480
1,484
1,492
1,502
1,516
1,532
1,554
1,585
1,601
1,611
1,617
1,622
1,662
1,673
1,677
1,702
1,728
1,747
1,754
1,769
1,788
1,790
1,807
1,848
1,852
1,855
1,930
1,933
1,938
1,951
1,952
1,956
1,978
2,11
2,93
2,98
2,112
2,143
2,157
2,158
2,176
2,200
2,248
2,302
2,319
2,355
2,365
2,448
2,450
2,459
2,465
2,478
2,492
2,528
2,542
2,543
2,556
2,577
2,657
2,680
2,683
2,696
2,699
2,732
2,744
2,754
2,778
2,783
2,797
2,799
2,818
2,851
2,869
2,879
2,880
2,946
2,949
2,950
2,951
2,953
2,962
2,980
3,4
3,63
3,64
3,77
3,112
3,126
3,161
3,176
3,185
3,217
3,221
3,230
3,232
3,250
3,256
3,288
3,304
3,322
3,328
3,335
3,341
3,359
3,370
3,416
3,418
3,449
3,453
3,458
3,513
3,539
3,547
3,549
3,561
3,578
3,580
3,608
3,615
3,623
3,632
3,635
3,637
3,680
3,684
3,692
3,694
3,723
3,734
3,747
3,753
3,769
3,772
3,791
3,803
3,839
3,876
3,912
3,961
3,988
3,997
4,16
4,19
4,43
4,50
4,56
4,63
4,65
4,72
4,79
4,89
4,93
4,157
4,161
4,169
4,194
4,197
4,221
4,224
4,232
4,262
4,302
4,331
4,350
4,372
4,389
4,396
4,418
4,423
4,438
4,444
4,448
4,454
4,517
4,537
4,539
4,540
4,542
4,549
4,578
4,583
4,590
4,603
4,604
4,608
4,631
4,632
4,647
4,654
4,661
4,667
4,712
4,739
4,783
4,821
4,878
4,886
4,908
4,910
4,923
4,924
4,954
4,970
4,989
4,992
5,62
5,148
5,162
5,170
5,188
5,215
5,218
5,256
5,315
5,341
5,353
5,372
5,377
5,389
5,405
5,419
5,457
5,495
5,516
5,581
5,631
5,651
5,653
5,678
5,686
5,699
5,723
5,764
5,772
5,789
5,813
5,815
5,848
5,911
5,918
5,934
5,948
5,980
5,986
6,78
6,83
6,85
6,142
6,188
6,193
6,243
6,257
6,293
6,294
6,303
6,311
6,348
6,352
6,356
6,407
6,420
6,470
6,479
6,564
6,585
6,598
6,603
6,616
6,751
6,823
6,844
6,863
6,885
6,897
6,903
6,940
6,969
6,991
7,11
7,129
7,213
7,244
7,385
7,403
7,434
7,459
7,462
7,492
7,511
7,553
7,582
7,583
7,650
7,704
7,719
7,733
7,737
7,788
7,801
7,858
7,872
7,913
7,919
7,957
7,983
8,26
8,61
8,62
8,81
8,82
8,139
8,192
8,323
8,355
8,390
8,469
8,528
8,544
8,552
8,687
8,781
8,796
8,814
8,822
8,926
8,931
8,938
9,10
9,53
9,61
9,64
9,81
9,83
9,122
9,139
9,156
9,158
9,172
9,197
9,229
9,233
9,244
9,262
9,277
9,282
9,289
9,302
9,323
9,353
9,364
9,369
9,390
9,392
9,411
9,415
9,451
9,479
9,487
9,513
9,516
9,528
9,534
9,552
9,577
9,592
9,594
9,613
9,624
9,678
9,700
9,710
9,720
9,722
9,750
9,767
9,771
9,780
9,781
9,806
9,814
9,818
9,822
9,834
9,851
9,874
9,882
9,892
9,895
9,902
9,926
9,938
9,954
9,956
9,957
9,976
9,978
9,984
10,18
10,21
10,27
10,51
10,96
10,98
10,115
10,195
10,241
10,244
10,248
10,251
10,296
10,337
10,376
10,394
10,395
10,396
10,427
10,445
10,470
10,472
10,480
10,486
10,503
10,523
10,526
10,530
10,579
10,596
10,602
10,622
10,627
10,666
10,683
10,690
10,708
10,717
10,722
10,733
10,788
10,795
10,836
10,844
10,861
10,899
10,901
10,940
11,15
11,65
11,87
11,93
11,122
11,133
11,180
11,197
11,203
11,218
11,411
11,436
11,438
11,474
11,478
11,512
11,518
11,534
11,547
11,554
11,577
11,590
11,608
11,611
11,657
11,660
11,715
11,719
11,737
11,754
11,790
11,797
11,799
11,801
11,837
11,869
11,893
11,895
11,907
11,908
11,921
11,960
11,984
11,992
12,24
12,31
12,82
12,133
12,141
12,246
12,340
12,402
12,456
12,496
12,526
12,533
12,560
12,577
12,616
12,686
12,691
12,692
12,702
12,732
12,764
12,780
12,804
12,818
12,852
12,900
12,918
12,922
12,981
12,984
13,18
13,23
13,25
13,58
13,85
13,145
13,159
13,165
13,241
13,308
13,358
13,373
13,398
13,417
13,452
13,503
13,514
13,515
13,521
13,575
13,591
13,596
13,603
13,671
13,759
13,773
13,805
13,806
13,808
13,816
13,850
13,903
13,969
13,972
14,22
14,36
14,66
14,75
14,84
14,100
14,105
14,117
14,147
14,175
14,210
14,269
14,297
14,309
14,311
14,325
14,367
14,368
14,372
14,436
14,460
14,488
14,499
14,504
14,525
14,534
14,574
14,586
14,610
14,615
14,626
14,632
14,656
14,676
14,684
14,694
14,709
14,712
14,769
14,792
14,801
14,820
14,886
14,888
14,891
14,896
14,937
14,942
14,945
14,987
15,33
15,93
15,136
15,149
15,237
15,244
15,365
15,421
15,423
15,438
15,450
15,492
15,496
15,512
15,554
15,577
15,630
15,631
15,643
15,699
15,715
15,744
15,754
15,784
15,797
15,799
15,801
15,813
15,837
15,858
15,869
15,893
15,948
15,954
15,960
15,962
15,976
16,28
16,30
16,50
16,56
16,65
16,86
16,105
16,120
16,171
16,176
16,190
16,194
16,197
16,224
16,231
16,232
16,248
16,285
16,288
16,291
16,304
16,317
16,318
16,359
16,361
16,383
16,421
16,434
16,450
16,453
16,476
16,477
16,483
16,542
16,554
16,571
16,578
16,590
16,599
16,608
16,613
16,652
16,660
16,678
16,692
16,711
16,747
16,791
16,908
16,910
16,924
16,936
16,959
16,990
16,999
17,29
17,32
17,150
17,178
17,202
17,253
17,292
17,303
17,306
17,392
17,401
17,428
17,475
17,501
17,564
17,582
17,605
17,611
17,616
17,662
17,706
17,812
17,837
17,850
17,935
17,940
18,27
18,58
18,62
18,68
18,74
18,111
18,155
18,191
18,195
18,196
18,241
18,251
18,337
18,345
18,465
18,470
18,480
18,530
18,548
18,549
18,557
18,561
18,571
18,604
18,622
18,627
18,669
18,683
18,728
18,730
18,758
18,761
18,825
18,848
18,899
18,901
18,967
18,991
19,112
19,113
19,126
19,133
19,161
19,174
19,180
19,182
19,185
19,197
19,221
19,335
19,448
19,453
19,492
19,513
19,566
19,578
19,608
19,632
19,664
19,692
19,747
19,762
19,773
19,783
19,810
19,904
19,908
19,957
20,40
20,53
20,71
20,87
20,88
20,231
20,248
20,355
20,391
20,487
20,547
20,554
20,604
20,688
20,720
20,725
20,750
20,753
20,787
20,803
20,809
20,819
20,895
20,921
20,936
20,949
20,954
20,960
20,968
20,997
21,28
21,31
21,38
21,51
21,62
21,70
21,90
21,99
21,122
21,134
21,159
21,167
21,251
21,286
21,337
21,342
21,394
21,462
21,474
21,530
21,550
21,571
21,579
21,627
21,703
21,708
21,717
21,722
21,730
21,731
21,779
21,809
21,836
21,874
21,905
21,919
21,941
21,947
21,956
22,41
22,66
22,173
22,186
22,222
22,235
22,267
22,290
22,308
22,343
22,350
22,411
22,464
22,483
22,501
22,520
22,539
22,559
22,569
22,611
22,623
22,625
22,640
22,652
22,668
22,701
22,724
22,726
22,727
22,835
22,855
22,881
22,898
22,929
22,935
22,989
23,25
23,38
23,78
23,83
23,90
23,95
23,108
23,142
23,151
23,346
23,386
23,406
23,410
23,414
23,432
23,449
23,548
23,642
23,742
23,749
23,802
23,806
23,847
23,849
23,867
23,935
24,64
24,82
24,90
24,98
24,157
24,213
24,229
24,237
24,282
24,323
24,381
24,392
24,439
24,451
24,453
24,544
24,669
24,698
24,716
24,725
24,754
24,767
24,796
24,874
24,887
24,892
24,902
24,931
24,978
25,31
25,32
25,49
25,68
25,85
25,90
25,108
25,110
25,123
25,145
25,182
25,196
25,201
25,202
25,203
25,227
25,247
25,313
25,342
25,362
25,394
25,398
25,417
25,424
25,494
25,503
25,514
25,530
25,564
25,577
25,579
25,670
25,716
25,720
25,730
25,735
25,763
25,786
25,807
25,823
25,850
25,872
25,879
25,885
25,895
25,903
25,905
25,921
25,930
25,947
25,956
25,973
25,979
26,62
26,121
26,122
26,138
26,139
26,146
26,149
26,195
26,279
26,286
26,323
26,345
26,351
26,353
26,355
26,377
26,390
26,438
26,469
26,490
26,505
26,523
26,524
26,544
26,552
26,585
26,624
26,687
26,716
26,725
26,750
26,762
26,796
26,814
26,822
26,828
26,831
26,838
26,851
26,852
26,874
26,902
26,926
26,938
26,957
26,978
27,31
27,51
27,62
27,74
27,90
27,97
27,99
27,111
27,138
27,234
27,241
27,251
27,296
27,333
27,334
27,337
27,369
27,393
27,398
27,404
27,470
27,480
27,483
27,492
27,538
27,557
27,579
27,585
27,608
27,622
27,627
27,666
27,683
27,717
27,728
27,759
27,763
27,776
27,790
27,801
27,807
27,819
27,823
27,831
27,839
27,848
27,901
27,930
27,956
28,30
28,97
28,103
28,144
28,154
28,169
28,223
28,228
28,236
28,253
28,265
28,269
28,285
28,288
28,302
28,312
28,313
28,314
28,357
28,361
28,370
28,402
28,424
28,430
28,442
28,444
28,447
28,457
28,467
28,468
28,508
28,522
28,572
28,580
28,581
28,584
28,635
28,675
28,712
28,761
28,783
28,794
28,798
28,806
28,846
28,854
28,889
28,989
29,37
29,68
29,85
29,123
29,142
29,159
29,201
29,203
29,271
29,287
29,303
29,352
29,395
29,401
29,404
29,424
29,479
29,515
29,564
29,570
29,571
29,572
29,609
29,634
29,642
29,649
29,659
29,671
29,697
29,708
29,759
29,769
29,805
29,807
29,808
29,836
29,844
29,959
29,969
29,991
30,36
30,57
30,79
30,103
30,149
30,155
30,223
30,263
30,289
30,304
30,312
30,314
30,318
30,343
30,357
30,361
30,374
30,423
30,430
30,444
30,473
30,476
30,481
30,486
30,489
30,525
30,542
30,565
30,580
30,594
30,599
30,607
30,608
30,635
30,688
30,712
30,721
30,723
30,756
30,846
30,854
30,892
30,894
30,942
30,970
30,990
31,42
31,47
31,49
31,51
31,54
31,68
31,74
31,85
31,98
31,127
31,134
31,138
31,155
31,163
31,181
31,205
31,233
31,254
31,256
31,286
31,290
31,293
31,342
31,348
31,353
31,362
31,376
31,394
31,419
31,434
31,474
31,515
31,522
31,530
31,548
31,575
31,579
31,580
31,611
31,622
31,627
31,652
31,666
31,708
31,715
31,730
31,758
31,773
31,786
31,788
31,801
31,811
31,861
31,885
31,896
31,901
31,933
31,941
31,947
31,952
31,998
32,60
32,125
32,140
32,167
32,215
32,257
32,259
32,287
32,325
32,371
32,384
32,535
32,562
32,601
32,605
32,611
32,619
32,681
32,716
32,737
32,769
32,790
32,809
32,812
32,832
32,879
32,913
32,916
32,935
32,940
33,135
33,266
33,272
33,299
33,406
33,413
33,497
33,525
33,532
33,596
33,663
33,756
33,817
33,845
33,890
33,937
34,55
34,67
34,76
34,98
34,104
34,105
34,131
34,146
34,166
34,185
34,228
34,232
34,253
34,300
34,310
34,316
34,317
34,353
34,360
34,379
34,423
34,448
34,477
34,497
34,536
34,537
34,540
34,541
34,576
34,584
34,594
34,607
34,614
34,621
34,695
34,715
34,729
34,752
34,766
34,781
34,785
34,860
34,868
34,890
34,948
34,977
35,101
35,118
35,130
35,135
35,142
35,153
35,187
35,272
35,306
35,370
35,393
35,413
35,440
35,488
35,491
35,493
35,519
35,541
35,636
35,657
35,690
35,723
35,727
35,743
35,749
35,836
35,857
35,866
35,888
35,964
35,999
36,37
36,79
36,119
36,129
36,146
36,154
36,164
36,178
36,214
36,221
36,230
36,250
36,261
36,267
36,281
36,288
36,299
36,304
36,306
36,308
36,343
36,347
36,350
36,379
36,387
36,453
36,459
36,502
36,504
36,506
36,519
36,569
36,583
36,593
36,599
36,602
36,629
36,633
36,677
36,696
36,707
36,710
36,723
36,736
36,761
36,791
36,839
36,855
36,876
36,878
36,881
36,889
36,910
36,914
36,924
36,932
36,945
36,955
36,961
36,975
36,983
37,47
37,58
37,62
37,82
37,90
37,113
37,117
37,149
37,157
37,181
37,191
37,200
37,237
37,238
37,244
37,282
37,369
37,381
37,404
37,411
37,436
37,438
37,459
37,462
37,464
37,492
37,497
37,516
37,518
37,523
37,532
37,534
37,544
37,545
37,548
37,549
37,556
37,557
37,561
37,571
37,599
37,601
37,611
37,617
37,671
37,677
37,696
37,704
37,715
37,752
37,753
37,767
37,801
37,811
37,825
37,837
37,869
37,887
37,905
37,913
37,939
37,945
37,949
37,979
37,982
37,998
38,68
38,71
38,78
38,83
38,124
38,129
38,142
38,151
38,203
38,227
38,257
38,286
38,345
38,352
38,386
38,390
38,404
38,410
38,427
38,452
38,488
38,521
38,559
38,583
38,591
38,601
38,605
38,619
38,671
38,685
38,689
38,706
38,710
38,722
38,742
38,760
38,844
38,847
38,888
38,965
39,85
39,187
39,270
39,294
39,297
39,347
39,367
39,449
39,504
39,566
39,586
39,646
39,692
39,710
39,800
39,999
40,53
40,61
40,62
40,65
40,71
40,88
40,102
40,141
40,149
40,170
40,172
40,204
40,212
40,215
40,217
40,218
40,224
40,265
40,277
40,279
40,302
40,310
40,313
40,315
40,319
40,324
40,334
40,340
40,351
40,366
40,415
40,417
40,423
40,438
40,451
40,477
40,487
40,492
40,528
40,534
40,549
40,552
40,557
40,571
40,579
40,623
40,655
40,658
40,667
40,700
40,767
40,779
40,784
40,787
40,797
40,803
40,818
40,827
40,828
40,836
40,840
40,861
40,882
40,887
40,892
40,938
40,954
40,957
40,968
40,976
40,978
41,51
41,81
41,119
41,222
41,266
41,293
41,308
41,344
41,347
41,358
41,400
41,436
41,465
41,515
41,522
41,569
41,623
41,640
41,652
41,668
41,677
41,716
41,724
41,760
41,791
41,794
41,795
41,802
41,806
41,839
41,895
41,944
41,981
41,983
42,55
42,62
42,64
42,67
42,81
42,125
42,152
42,183
42,216
42,229
42,240
42,244
42,245
42,323
42,345
42,366
42,371
42,390
42,399
42,421
42,451
42,480
42,491
42,522
42,523
42,532
42,544
42,556
42,564
42,585
42,668
42,669
42,673
42,715
42,733
42,762
42,770
42,775
42,829
42,858
42,862
42,887
42,902
42,916
42,931
42,947
42,952
43,65
43,82
43,87
43,137
43,162
43,174
43,177
43,216
43,246
43,248
43,250
43,260
43,277
43,302
43,308
43,315
43,402
43,419
43,423
43,487
43,651
43,653
43,674
43,678
43,686
43,695
43,702
43,764
43,918
43,921
43,934
43,948
43,962
44,90
44,97
44,197
44,203
44,251
44,376
44,434
44,453
44,530
44,628
44,708
44,733
44,762
44,776
44,779
44,786
44,790
44,870
44,893
45,54
45,85
45,134
45,145
45,153
45,156
45,159
45,165
45,203
45,205
45,225
45,227
45,303
45,337
45,342
45,362
45,390
45,395
45,443
45,503
45,514
45,559
45,575
45,579
45,639
45,654
45,669
45,673
45,697
45,722
45,759
45,763
45,773
45,790
45,805
45,808
45,956
45,958
45,963
46,73
46,96
46,118
46,132
46,137
46,193
46,274
46,280
46,293
46,306
46,321
46,370
46,393
46,414
46,420
46,431
46,433
46,441
46,449
46,458
46,460
46,507
46,591
46,636
46,645
46,670
46,690
46,710
46,731
46,743
46,777
46,855
46,863
46,933
46,938
46,963
47,53
47,93
47,113
47,119
47,161
47,179
47,200
47,203
47,227
47,243
47,296
47,371
47,492
47,497
47,516
47,523
47,545
47,549
47,582
47,601
47,617
47,620
47,633
47,641
47,653
47,677
47,753
47,779
47,840
47,848
47,877
47,887
47,907
47,926
47,940
47,954
48,84
48,117
48,130
48,373
48,420
48,440
48,460
48,488
48,493
48,504
48,515
48,534
48,541
48,709
48,743
48,809
48,830
48,857
48,888
48,942
48,999
49,51
49,60
49,62
49,90
49,134
49,142
49,155
49,156
49,167
49,178
49,191
49,193
49,203
49,206
49,207
49,251
49,253
49,259
49,362
49,394
49,424
49,426
49,445
49,469
49,472
49,473
49,491
49,501
49,530
49,549
49,571
49,605
49,609
49,611
49,622
49,627
49,683
49,733
49,753
49,763
49,773
49,786
49,808
49,873
49,885
49,933
49,947
49,951
49,971
50,56
50,57
50,103
50,126
50,146
50,154
50,223
50,224
50,276
50,281
50,285
50,383
50,421
50,467
50,486
50,529
50,537
50,542
50,555
50,599
50,632
50,677
50,752
50,800
50,867
50,910
50,983
50,996
51,74
51,77
51,90
51,111
51,129
51,134
51,142
51,155
51,190
51,191
51,195
51,206
51,217
51,259
51,286
51,342
51,362
51,384
51,401
51,438
51,501
51,530
51,550
51,622
51,627
51,653
51,728
51,730
51,733
51,762
51,786
51,809
51,825
51,827
51,879
51,901
51,931
51,941
51,947
51,971
51,978
52,55
52,56
52,87
52,88
52,141
52,211
52,255
52,263
52,292
52,334
52,340
52,382
52,450
52,457
52,485
52,526
52,536
52,539
52,547
52,620
52,641
52,651
52,669
52,751
52,815
52,818
52,840
52,852
52,895
52,918
52,922
52,932
52,962
53,61
53,88
53,93
53,149
53,170
53,172
53,179
53,209
53,218
53,231
53,248
53,252
53,277
53,291
53,313
53,320
53,334
53,383
53,438
53,439
53,446
53,457
53,492
53,505
53,523
53,526
53,561
53,577
53,590
53,592
53,598
53,606
53,655
53,657
53,669
53,732
53,784
53,787
53,799
53,801
53,803
53,814
53,819
53,823
53,846
53,874
53,880
53,895
53,922
53,938
53,968
54,85
54,107
54,156
54,178
54,191
54,195
54,202
54,205
54,221
54,247
54,251
54,334
54,342
54,354
54,395
54,477
54,503
54,514
54,538
54,575
54,579
54,581
54,604
54,622
54,627
54,639
54,705
54,717
54,722
54,773
54,776
54,808
54,896
54,956
54,973
55,66
55,67
55,131
55,174
55,177
55,224
55,228
55,245
55,256
55,261
55,276
55,316
55,317
55,338
55,377
55,423
55,442
55,448
55,460
55,468
55,485
55,487
55,544
55,581
55,607
55,626
55,637
55,651
55,667
55,692
55,696
55,698
55,771
55,772
55,815
55,844
55,854
55,875
55,882
55,884
55,886
55,910
55,934
55,937
55,960
56,154
56,176
56,226
56,235
56,236
56,242
56,268
56,285
56,288
56,302
56,314
56,339
56,368
56,381
56,396
56,421
56,476
56,529
56,536
56,578
56,583
56,610
56,631
56,650
56,661
56,701
56,707
56,721
56,747
56,756
56,760
56,764
56,791
56,861
56,924
56,955
56,964
56,967
56,980
57,86
57,104
57,117
57,146
57,174
57,209
57,221
57,228
57,232
57,253
57,275
57,276
57,314
57,339
57,344
57,357
57,435
57,467
57,476
57,495
57,526
57,540
57,565
57,594
57,606
57,614
57,635
57,656
57,659
57,661
57,705
57,707
57,711
57,725
57,774
57,793
57,794
57,800
57,815
57,854
57,917
57,920
57,924
57,936
57,946
57,970
57,977
57,989
57,990
57,995
58,62
58,169
58,213
58,241
58,296
58,315
58,346
58,369
58,439
58,492
58,553
58,582
58,601
58,617
58,622
58,628
58,648
58,708
58,762
58,788
58,885
58,947
58,973
58,998
59,62
59,73
59,76
59,90
59,95
59,104
59,108
59,124
59,128
59,138
59,163
59,207
59,214
59,249
59,263
59,293
59,321
59,331
59,332
59,344
59,347
59,370
59,375
59,385
59,386
59,400
59,432
59,433
59,447
59,449
59,454
59,455
59,458
59,474
59,520
59,522
59,525
59,527
59,529
59,562
59,636
59,693
59,703
59,731
59,744
59,755
59,760
59,791
59,830
59,857
59,873
59,909
59,963
59,968
60,70
60,99
60,108
60,127
60,165
60,177
60,183
60,186
60,191
60,206
60,325
60,371
60,398
60,434
60,464
60,493
60,499
60,520
60,535
60,579
60,582
60,588
60,603
60,605
60,617
60,625
60,641
60,657
60,659
60,681
60,728
60,748
60,753
60,760
60,770
60,804
60,809
60,827
60,832
60,861
60,863
60,933
60,951
60,990
61,71
61,79
61,81
61,97
61,202
61,204
61,211
61,213
61,216
61,232
61,233
61,238
61,248
61,275
61,276
61,279
61,319
61,334
61,351
61,353
61,355
61,366
61,415
61,425
61,438
61,443
61,465
61,487
61,505
61,544
61,545
61,581
61,592
61,617
61,655
61,667
61,720
61,728
61,750
61,767
61,771
61,780
61,783
61,784
61,803
61,806
61,813
61,814
61,819
61,822
61,825
61,827
61,828
61,838
61,858
61,882
61,922
61,925
61,938
61,949
61,954
61,968
61,972
61,978
62,77
62,97
62,98
62,121
62,155
62,183
62,193
62,196
62,227
62,241
62,251
62,279
62,296
62,333
62,337
62,345
62,367
62,376
62,380
62,381
62,390
62,404
62,434
62,439
62,443
62,452
62,462
62,470
62,480
62,502
62,507
62,534
62,538
62,544
62,549
62,557
62,559
62,561
62,571
62,585
62,590
62,604
62,643
62,664
62,673
62,680
62,683
62,700
62,728
62,759
62,762
62,763
62,773
62,779
62,783
62,786
62,790
62,818
62,825
62,831
62,836
62,840
62,858
62,899
62,901
62,913
62,926
62,928
62,930
62,998
63,64
63,104
63,143
63,144
63,161
63,185
63,197
63,224
63,308
63,341
63,363
63,418
63,453
63,463
63,501
63,513
63,539
63,561
63,562
63,578
63,608
63,616
63,680
63,692
63,703
63,707
63,712
63,725
63,753
63,783
63,791
63,908
63,967
63,997
64,77
64,87
64,98
64,102
64,170
64,213
64,244
64,247
64,277
64,282
64,288
64,323
64,329
64,333
64,342
64,345
64,366
64,376
64,381
64,390
64,392
64,395
64,411
64,433
64,439
64,446
64,462
64,470
64,487
64,502
64,505
64,538
64,581
64,590
64,604
64,617
64,624
64,641
64,655
64,669
64,683
64,700
64,725
64,749
64,758
64,778
64,790
64,801
64,809
64,822
64,862
64,874
64,902
64,903
64,931
64,957
64,958
64,985
65,76
65,120
65,133
65,136
65,182
65,183
65,204
65,216
65,275
65,292
65,359
65,383
65,396
65,444
65,478
65,496
65,535
65,560
65,561
65,635
65,647
65,653
65,699
65,727
65,834
65,869
65,872
65,910
65,914
65,930
65,937
66,73
66,119
66,144
66,150
66,173
66,184
66,188
66,230
66,235
66,266
66,272
66,292
66,299
66,302
66,304
66,326
66,327
66,331
66,347
66,378
66,386
66,400
66,402
66,420
66,441
66,489
66,496
66,502
66,506
66,516
66,525
66,529
66,550
66,568
66,569
66,598
66,615
66,619
66,623
66,645
66,688
66,714
66,718
66,723
66,743
66,761
66,768
66,786
66,795
66,806
66,809
66,816
66,849
66,889
66,890
66,897
66,906
66,913
66,932
66,940
66,942
66,950
66,964
67,308
67,335
67,341
67,343
67,374
67,389
67,406
67,418
67,436
67,440
67,453
67,472
67,483
67,497
67,506
67,517
67,599
67,611
67,625
67,626
67,657
67,674
67,684
67,698
67,716
67,747
67,791
67,829
67,900
67,924
67,928
67,987
67,988
68,85
68,110
68,127
68,128
68,134
68,140
68,145
68,197
68,201
68,203
68,217
68,227
68,247
68,249
68,300
68,307
68,322
68,373
68,398
68,410
68,474
68,501
68,515
68,521
68,547
68,548
68,564
68,605
68,652
68,689
68,719
68,735
68,763
68,790
68,965
68,969
69,78
69,83
69,140
69,146
69,186
69,193
69,280
69,358
69,404
69,410
69,414
69,417
69,424
69,441
69,472
69,645
69,706
69,823
69,867
69,880
69,885
69,953
70,127
70,129
70,149
70,163
70,167
70,251
70,308
70,358
70,406
70,411
70,417
70,423
70,549
70,561
70,588
70,611
70,617
70,653
70,659
70,664
70,681
70,730
70,770
70,804
70,809
70,832
70,933
70,950
71,81
71,149
71,172
71,204
71,272
71,283
71,342
71,351
71,364
71,366
71,369
71,392
71,399
71,451
71,469
71,524
71,528
71,545
71,592
71,618
71,767
71,814
71,819
71,827
71,878
71,949
71,954
71,968
71,976
72,86
72,89
72,285
72,301
72,304
72,333
72,338
72,357
72,375
72,423
72,435
72,442
72,454
72,528
72,543
72,555
72,581
72,589
72,607
72,703
72,726
72,736
72,766
72,794
72,833
72,859
72,868
72,877
72,939
72,948
72,981
72,985
72,993
73,75
73,96
73,150
73,151
73,153
73,160
73,167
73,185
73,207
73,210
73,219
73,222
73,235
73,236
73,249
73,254
73,272
73,293
73,316
73,321
73,331
73,332
73,354
73,370
73,376
73,386
73,393
73,408
73,413
73,420
73,421
73,431
73,432
73,433
73,441
73,443
73,449
73,455
73,475
73,499
73,501
73,507
73,509
73,517
73,519
73,520
73,525
73,527
73,574
73,603
73,636
73,652
73,666
73,743
73,749
73,755
73,756
73,769
73,772
73,792
73,793
73,817
73,823
73,845
73,855
73,870
73,909
73,963
73,998
74,90
74,98
74,111
74,127
74,155
74,179
74,195
74,231
74,241
74,251
74,259
74,358
74,386
74,405
74,411
74,470
74,474
74,480
74,501
74,506
74,516
74,530
74,557
74,562
74,571
74,602
74,622
74,666
74,669
74,673
74,683
74,699
74,700
74,715
74,722
74,728
74,730
74,778
74,786
74,825
74,831
74,838
74,848
74,892
74,901
74,931
74,940
74,982
75,84
75,117
75,137
75,160
75,175
75,199
75,297
75,493
75,525
75,537
75,563
75,656
75,709
75,771
75,793
75,843
75,857
75,896
75,920
75,937
75,942
75,945
76,131
76,174
76,177
76,182
76,195
76,197
76,316
76,336
76,377
76,383
76,423
76,434
76,444
76,448
76,477
76,540
76,547
76,565
76,667
76,684
76,686
76,774
76,833
76,841
76,859
76,875
76,878
76,918
77,109
77,125
77,157
77,183
77,191
77,193
77,195
77,206
77,240
77,244
77,282
77,286
77,303
77,323
77,345
77,381
77,392
77,439
77,451
77,505
77,522
77,523
77,544
77,561
77,575
77,585
77,592
77,604
77,622
77,669
77,725
77,778
77,828
77,874
77,887
77,913
77,931
77,980
78,83
78,95
78,98
78,151
78,186
78,192
78,210
78,253
78,257
78,306
78,325
78,358
78,410
78,413
78,426
78,437
78,472
78,479
78,494
78,511
78,541
78,666
78,671
78,706
78,750
78,757
78,769
78,823
78,835
78,847
78,903
78,940
78,965
79,108
79,119
79,130
79,154
79,164
79,190
79,194
79,197
79,214
79,226
79,230
79,250
79,267
79,304
79,312
79,315
79,322
79,361
79,374
79,453
79,476
79,491
79,494
79,591
79,598
79,599
79,610
79,623
79,626
79,632
79,662
79,680
79,692
79,711
79,712
79,723
79,725
79,726
79,739
79,806
79,846
79,849
79,855
79,876
79,885
79,898
79,916
79,939
79,946
79,975
79,983
80,136
80,196
80,230
80,253
80,285
80,318
80,338
80,339
80,374
80,467
80,489
80,576
80,580
80,596
80,607
80,663
80,694
80,721
80,739
80,842
80,861
80,864
80,912
80,923
80,927
80,932
80,957
80,967
81,122
81,139
81,179
81,204
81,209
81,215
81,218
81,245
81,257
81,275
81,291
81,308
81,351
81,355
81,359
81,364
81,381
81,390
81,392
81,415
81,439
81,451
81,457
81,469
81,487
81,505
81,523
81,528
81,550
81,552
81,592
81,604
81,687
81,700
81,720
81,728
81,740
81,767
81,781
81,796
81,797
81,803
81,809
81,814
81,822
81,838
81,851
81,862
81,887
81,902
81,926
81,938
81,960
81,968
81,976
81,977
81,978
82,93
82,141
82,149
82,162
82,209
82,234
82,245
82,246
82,248
82,315
82,340
82,430
82,450
82,456
82,457
82,469
82,526
82,545
82,614
82,657
82,678
82,686
82,696
82,702
82,722
82,764
82,771
82,780
82,799
82,852
82,856
82,895
82,900
82,918
82,921
82,922
82,962
82,980
83,95
83,132
83,138
83,142
83,147
83,151
83,159
83,185
83,202
83,257
83,303
83,348
83,352
83,362
83,410
83,412
83,414
83,424
83,426
83,452
83,499
83,559
83,566
83,603
83,615
83,671
83,685
83,693
83,706
83,728
83,729
83,742
83,811
83,823
83,826
83,844
83,847
83,867
83,885
83,915
83,934
83,959
83,975
83,979
84,117
84,118
84,124
84,128
84,138
84,199
84,202
84,242
84,293
84,294
84,297
84,309
84,339
84,357
84,361
84,367
84,372
84,380
84,430
84,436
84,473
84,497
84,514
84,527
84,541
84,543
84,569
84,574
84,586
84,608
84,617
84,690
84,694
84,709
84,792
84,816
84,821
84,857
84,863
84,865
84,896
84,902
84,942
84,945
84,987
84,996
84,999
85,97
85,110
85,140
85,147
85,151
85,178
85,188
85,193
85,196
85,201
85,203
85,228
85,242
85,303
85,346
85,348
85,352
85,356
85,362
85,379
85,401
85,404
85,410
85,414
85,424
85,452
85,465
85,479
85,492
85,511
85,514
85,515
85,521
85,548
85,558
85,559
85,564
85,582
85,591
85,671
85,693
85,697
85,731
85,735
85,755
85,759
85,773
85,790
85,806
85,808
85,844
85,916
85,940
85,941
85,943
85,956
85,969
85,991
86,89
86,91
86,104
86,143
86,166
86,223
86,228
86,232
86,265
86,276
86,301
86,310
86,315
86,338
86,349
86,361
86,379
86,415
86,442
86,449
86,454
86,486
86,495
86,543
86,565
86,576
86,580
86,584
86,607
86,620
86,705
86,736
86,745
86,747
86,773
86,782
86,785
86,794
86,856
86,860
86,877
86,939
86,977
86,985
86,989
86,993
87,133
87,138
87,139
87,180
87,183
87,234
87,248
87,283
87,287
87,345
87,351
87,365
87,404
87,438
87,478
87,506
87,544
87,547
87,577
87,592
87,594
87,601
87,613
87,618
87,657
87,658
87,662
87,686
87,691
87,699
87,715
87,744
87,762
87,778
87,787
87,797
87,813
87,830
87,837
87,852
87,858
87,862
87,869
87,872
87,883
87,895
87,904
87,931
87,984
88,93
88,98
88,149
88,185
88,218
88,231
88,233
88,291
88,313
88,345
88,348
88,351
88,426
88,487
88,559
88,623
88,655
88,787
88,801
88,803
88,821
88,852
89,232
89,265
89,298
89,308
89,310
89,357
89,372
89,435
89,442
89,454
89,483
89,543
89,576
89,583
89,589
89,656
89,701
89,703
89,705
89,772
89,875
89,877
89,939
89,981
89,985
89,990
90,111
90,141
90,178
90,191
90,196
90,203
90,247
90,257
90,280
90,286
90,288
90,291
90,305
90,333
90,342
90,394
90,395
90,398
90,417
90,433
90,470
90,492
90,501
90,522
90,525
90,530
90,579
90,616
90,622
90,627
90,708
90,718
90,751
90,758
90,762
90,763
90,773
90,786
90,792
90,806
90,808
90,809
90,836
90,879
90,897
90,916
90,941
90,947
90,969
90,973
91,105
91,161
91,166
91,189
91,209
91,245
91,253
91,300
91,357
91,600
91,688
91,707
91,712
91,794
91,804
91,868
91,896
91,946
91,962
91,970
91,975
92,95
92,96
92,124
92,130
92,132
92,135
92,137
92,148
92,167
92,192
92,207
92,242
92,272
92,308
92,380
92,386
92,414
92,431
92,441
92,447
92,458
92,479
92,496
92,500
92,507
92,525
92,541
92,571
92,598
92,610
92,615
92,619
92,645
92,670
92,690
92,706
92,712
92,749
92,752
92,773
92,863
92,888
92,894
92,909
92,963
92,964
93,98
93,122
93,170
93,173
93,231
93,232
93,247
93,248
93,252
93,255
93,275
93,283
93,293
93,318
93,319
93,334
93,365
93,438
93,450
93,456
93,479
93,485
93,521
93,526
93,539
93,544
93,547
93,579
93,617
93,637
93,657
93,680
93,684
93,696
93,699
93,702
93,732
93,753
93,764
93,767
93,784
93,797
93,799
93,813
93,818
93,840
93,851
93,852
93,895
93,900
93,902
93,913
93,926
93,938
93,949
93,953
93,960
93,962
93,968
93,984
94,108
94,165
94,286
94,354
94,386
94,474
94,558
94,603
94,609
94,666
94,751
94,826
94,903
94,972
94,982
95,138
95,142
95,178
95,192
95,193
95,210
95,222
95,278
95,280
95,311
95,348
95,358
95,386
95,400
95,403
95,406
95,408
95,410
95,417
95,419
95,437
95,465
95,479
95,494
95,517
95,535
95,569
95,582
95,595
95,685
95,693
95,706
95,713
95,777
95,812
95,829
95,838
95,844
95,867
95,965
95,979
96,132
96,142
96,153
96,207
96,331
96,403
96,431
96,489
96,507
96,517
96,550
96,650
96,670
96,693
96,740
96,749
96,755
96,763
96,857
96,863
96,894
96,940
96,963
96,996
96,999
97,129
97,157
97,183
97,286
97,289
97,345
97,355
97,369
97,376
97,492
97,528
97,539
97,557
97,588
97,596
97,617
97,659
97,716
97,730
97,733
97,762
97,775
97,788
97,802
97,803
97,825
97,882
97,926
97,930
97,935
97,943
97,998
98,122
98,140
98,152
98,178
98,181
98,195
98,213
98,230
98,251
98,282
98,323
98,333
98,345
98,354
98,366
98,407
98,423
98,462
98,469
98,470
98,478
98,492
98,503
98,515
98,538
98,544
98,585
98,604
98,631
98,633
98,636
98,724
98,725
98,762
98,778
98,790
98,812
98,892
98,913
98,931
98,939
99,121
99,127
99,134
99,167
99,191
99,198
99,210
99,299
99,307
99,370
99,428
99,470
99,490
99,501
99,549
99,611
99,619
99,625
99,633
99,666
99,757
99,769
99,770
99,786
99,806
99,830
99,885
99,899
99,940
99,945
100,115
100,119
100,132
100,144
100,220
100,254
100,311
100,327
100,400
100,408
100,432
100,437
100,449
100,458
100,494
100,527
100,561
100,649
100,712
100,724
100,748
100,755
100,778
100,806
100,829
100,845
101,118
101,130
101,160
101,263
101,268
101,272
101,328
101,348
101,380
101,431
101,440
101,447
101,460
101,491
101,493
101,504
101,541
101,596
101,654
101,690
101,718
101,727
101,743
101,792
101,843
101,857
101,864
101,888
101,894
101,937
101,944
101,964
101,999
102,291
102,334
102,359
102,433
102,459
102,518
102,545
102,553
102,599
102,641
102,669
102,677
102,789
102,840
102,858
102,885
102,907
102,960
102,984
103,104
103,153
103,223
103,226
103,236
103,276
103,289
103,301
103,312
103,347
103,361
103,443
103,593
103,658
103,665
103,712
103,741
103,833
103,846
103,849
103,854
103,889
103,917
103,976
103,990
104,143
104,161
104,172
104,194
104,197
104,209
104,216
104,224
104,230
104,232
104,258
104,276
104,295
104,298
104,300
104,315
104,324
104,361
104,386
104,394
104,405
104,416
104,421
104,423
104,430
104,436
104,453
104,467
104,486
104,536
104,537
104,539
104,542
104,561
104,565
104,580
104,608
104,616
104,635
104,647
104,656
104,667
104,711
104,712
104,720
104,726
104,752
104,766
104,772
104,784
104,798
104,817
104,821
104,849
104,851
104,875
104,878
104,889
104,920
104,936
104,948
104,973
104,981
104,990
104,995
104,997
105,166
105,189
105,194
105,209
105,228
105,253
105,281
105,288
105,298
105,350
105,357
105,429
105,430
105,432
105,448
105,508
105,531
105,536
105,576
105,580
105,594
105,600
105,675
105,692
105,701
105,705
105,736
105,745
105,785
105,897
105,923
105,925
106,258
106,268
106,393
106,399
106,426
106,460
106,489
106,509
106,525
106,529
106,541
106,573
106,583
106,613
106,638
106,697
106,718
106,738
106,768
106,817
106,843
106,865
106,890
106,910
106,929
106,942
106,945
107,156
107,247
107,395
107,514
107,538
107,683
107,686
107,717
107,808
107,816
107,829
107,956
108,150
108,167
108,173
108,178
108,186
108,193
108,198
108,202
108,262
108,263
108,290
108,303
108,326
108,344
108,352
108,358
108,397
108,407
108,411
108,412
108,414
108,426
108,472
108,479
108,535
108,559
108,564
108,603
108,610
108,629
108,648
108,699
108,706
108,717
108,731
108,746
108,769
108,905
108,996
109,158
109,240
109,244
109,247
109,268
109,303
109,434
109,505
109,553
109,557
109,617
109,641
109,661
109,669
109,762
109,825
109,831
109,879
109,913
109,919
109,969
110,142
110,152
110,155
110,165
110,240
110,348
110,354
110,394
110,501
110,503
110,514
110,609
110,666
110,708
110,717
110,719
110,763
110,773
110,776
110,947
110,956
110,973
111,241
111,251
111,296
111,329
111,333
111,337
111,470
111,480
111,557
111,571
111,592
111,622
111,666
111,673
111,683
111,686
111,728
111,756
111,758
111,762
111,763
111,778
111,779
111,790
111,848
111,899
111,901
111,913
111,969
112,125
112,161
112,197
112,273
112,279
112,281
112,288
112,304
112,308
112,315
112,318
112,322
112,341
112,344
112,423
112,436
112,453
112,513
112,534
112,552
112,581
112,608
112,626
112,662
112,664
112,684
112,692
112,701
112,707
112,709
112,717
112,731
112,745
112,753
112,802
112,873
112,878
112,889
112,890
112,924
112,928
112,971
113,155
113,157
113,175
113,179
113,181
113,204
113,225
113,233
113,243
113,277
113,299
113,336
113,344
113,348
113,351
113,410
113,436
113,459
113,463
113,479
113,492
113,501
113,518
113,545
113,549
113,554
113,564
113,572
113,585
113,601
113,608
113,617
113,624
113,628
113,673
113,696
113,715
113,741
113,773
113,837
113,872
113,878
113,907
113,921
113,928
113,953
113,967
114,138
114,146
114,199
114,253
114,258
114,269
114,324
114,327
114,378
114,388
114,393
114,396
114,400
114,409
114,413
114,463
114,479
114,483
114,525
114,537
114,546
114,593
114,640
114,672
114,682
114,718
114,723
114,744
114,772
114,853
114,854
114,983
114,987
115,118
115,119
115,153
115,192
115,235
115,249
115,254
115,267
115,268
115,272
115,284
115,309
115,327
115,331
115,385
115,393
115,400
115,410
115,431
115,447
115,462
115,519
115,525
115,564
115,566
115,580
115,612
115,615
115,638
115,650
115,654
115,664
115,682
115,690
115,692
115,693
115,714
115,718
115,740
115,749
115,843
115,896
115,945
115,950
115,971
115,975
115,983
115,996
116,183
116,411
116,702
116,750
116,762
116,862
116,887
116,902
116,904
116,933
117,119
117,129
117,175
117,192
117,235
117,256
117,263
117,272
117,274
117,285
117,290
117,294
117,297
117,309
117,361
117,368
117,372
117,380
117,410
117,469
117,479
117,500
117,508
117,527
117,563
117,574
117,586
117,596
117,611
117,615
117,671
117,676
117,684
117,710
117,793
117,843
117,871
117,896
117,942
117,945
117,963
117,964
117,987
117,999
118,124
118,138
118,160
118,175
118,207
118,222
118,263
118,293
118,306
118,344
118,400
118,431
118,433
118,491
118,493
118,517
118,525
118,541
118,550
118,617
118,628
118,652
118,654
118,670
118,690
118,749
118,751
118,802
118,857
118,873
118,888
118,894
118,944
118,945
118,958
119,144
119,146
119,150
119,175
119,192
119,222
119,235
119,254
119,280
119,308
119,325
119,335
119,347
119,350
119,390
119,400
119,436
119,449
119,453
119,467
119,472
119,477
119,481
119,483
119,489
119,492
119,497
119,502
119,508
119,550
119,562
119,568
119,605
119,619
119,622
119,623
119,626
119,629
119,640
119,649
119,675
119,748
119,802
119,818
119,849
119,854
119,855
119,857
119,876
119,888
119,898
119,932
119,934
119,955
119,975
119,995
119,999
120,136
120,161
120,221
120,230
120,246
120,267
120,305
120,341
120,350
120,363
120,383
120,453
120,484
120,536
120,551
120,583
120,661
120,734
120,800
120,905
120,929
120,941
120,961
120,990
121,129
121,156
121,163
121,179
121,203
121,206
121,208
121,225
121,235
121,241
121,251
121,257
121,286
121,337
121,342
121,348
121,376
121,391
121,449
121,492
121,501
121,503
121,505
121,522
121,549
121,553
121,557
121,578
121,582
121,601
121,611
121,617
121,622
121,647
121,671
121,677
121,681
121,741
121,770
121,801
121,809
121,930
121,933
121,951
121,991
122,136
122,172
122,204
122,213
122,215
122,229
122,233
122,237
122,282
122,297
122,329
122,345
122,364
122,390
122,392
122,438
122,451
122,469
122,523
122,528
122,548
122,549
122,587
122,592
122,606
122,624
122,655
122,669
122,692
122,700
122,725
122,750
122,796
122,819
122,822
122,828
122,892
122,902
122,931
122,933
122,949
122,962
122,968
123,140
123,159
123,165
123,201
123,203
123,227
123,247
123,393
123,398
123,515
123,521
123,564
123,575
123,717
123,733
123,737
123,805
123,830
123,903
123,952
124,137
124,153
124,173
124,242
124,254
124,257
124,263
124,272
124,274
124,284
124,331
124,347
124,348
124,386
124,400
124,404
124,408
124,431
124,475
124,484
124,493
124,525
124,527
124,595
124,611
124,636
124,648
124,670
124,690
124,706
124,749
124,765
124,795
124,804
124,857
124,863
124,864
124,888
124,894
124,956
124,963
124,979
124,983
125,172
125,200
125,243
125,282
125,320
125,323
125,335
125,345
125,462
125,516
125,523
125,533
125,544
125,551
125,669
125,750
125,762
125,778
125,796
125,809
125,853
125,858
125,895
125,913
126,161
126,173
126,179
126,185
126,291
126,302
126,328
126,387
126,396
126,405
126,421
126,453
126,463
126,578
126,608
126,613
126,632
126,646
126,661
126,783
126,802
126,910
127,129
127,191
127,196
127,203
127,219
127,242
127,305
127,307
127,363
127,406
127,458
127,461
127,484
127,516
127,522
127,549
127,562
127,570
127,617
127,630
127,681
127,689
127,716
127,729
127,763
127,770
127,804
127,809
127,812
127,817
127,832
127,835
127,892
127,968
128,135
128,167
128,175
128,199
128,263
128,268
128,269
128,297
128,309
128,326
128,481
128,498
128,525
128,527
128,529
128,541
128,546
128,593
128,596
128,650
128,654
128,656
128,677
128,690
128,714
128,727
128,739
128,746
128,754
128,756
128,817
128,839
128,843
128,845
128,865
128,881
128,906
128,945
128,987
128,999
129,151
129,157
129,163
129,167
129,183
129,188
129,202
129,229
129,243
129,244
129,247
129,286
129,287
129,319
129,325
129,391
129,406
129,419
129,428
129,435
129,439
129,469
129,482
129,495
129,497
129,501
129,516
129,522
129,530
129,534
129,547
129,550
129,557
129,588
129,589
129,604
129,608
129,611
129,617
129,627
129,659
129,662
129,668
129,671
129,673
129,677
129,681
129,700
129,712
129,716
129,728
129,737
129,745
129,753
129,770
129,779
129,789
129,790
129,801
129,804
129,809
129,812
129,820
129,825
129,832
129,848
129,874
129,886
129,888
129,904
129,930
129,933
129,939
129,942
129,951
129,952
130,160
130,202
130,263
130,272
130,294
130,297
130,306
130,309
130,311
130,361
130,367
130,372
130,380
130,405
130,420
130,421
130,440
130,441
130,447
130,488
130,491
130,493
130,504
130,507
130,541
130,550
130,563
130,586
130,591
130,640
130,646
130,664
130,676
130,690
130,712
130,726
130,727
130,792
130,806
130,857
130,871
130,896
130,969
130,996
130,999
131,182
131,228
131,232
131,253
131,256
131,282
131,317
131,330
131,377
131,429
131,442
131,448
131,450
131,463
131,477
131,516
131,520
131,540
131,567
131,569
131,594
131,600
131,608
131,612
131,667
131,676
131,678
131,695
131,815
131,821
131,854
131,856
131,860
131,868
131,875
131,886
131,923
131,933
131,986
131,993
132,138
132,144
132,153
132,185
132,203
132,284
132,297
132,306
132,339
132,382
132,400
132,420
132,441
132,455
132,458
132,473
132,490
132,507
132,517
132,519
132,573
132,605
132,636
132,690
132,706
132,735
132,740
132,792
132,795
132,873
132,963
133,136
133,170
133,173
133,218
133,234
133,255
133,260
133,282
133,291
133,296
133,365
133,438
133,478
133,494
133,506
133,507
133,528
133,553
133,580
133,587
133,618
133,647
133,657
133,702
133,744
133,796
133,799
133,834
133,837
133,880
133,907
133,980
134,179
134,203
134,206
134,362
134,410
134,462
134,501
134,570
134,582
134,611
134,622
134,627
134,639
134,666
134,673
134,788
134,869
134,885
134,897
134,913
134,940
134,971
134,983
135,202
135,385
135,388
135,393
135,420
135,460
135,519
135,525
135,546
135,612
135,613
135,629
135,638
135,645
135,650
135,663
135,712
135,714
135,743
135,843
135,845
135,865
135,891
135,898
135,932
135,945
135,950
136,176
136,182
136,185
136,197
136,208
136,274
136,275
136,322
136,323
136,326
136,328
136,362
136,402
136,436
136,444
136,483
136,496
136,506
136,513
136,514
136,524
136,554
136,555
136,556
136,578
136,590
136,617
136,626
136,674
136,680
136,684
136,691
136,692
136,747
136,753
136,764
136,770
136,777
136,781
136,783
136,802
136,810
136,829
136,852
136,931
136,954
136,966
136,967
136,984
136,986
137,142
137,148
137,210
137,235
137,250
137,254
137,278
137,293
137,385
137,403
137,424
137,430
137,440
137,441
137,465
137,544
137,550
137,558
137,648
137,688
137,740
137,744
137,777
137,830
137,848
137,863
137,881
138,142
138,148
138,156
138,157
138,167
138,175
138,193
138,202
138,207
138,211
138,219
138,263
138,269
138,278
138,284
138,303
138,325
138,382
138,386
138,395
138,408
138,410
138,411
138,412
138,424
138,426
138,427
138,439
138,445
138,472
138,501
138,519
138,562
138,595
138,614
138,669
138,685
138,706
138,726
138,749
138,750
138,777
138,811
138,844
138,848
138,861
138,928
138,965
138,989
139,213
139,279
139,390
139,415
139,451
139,480
139,552
139,655
139,814
139,822
139,851
139,889
139,902
139,925
139,938
139,957
139,996
140,145
140,373
140,393
140,394
140,417
140,558
140,572
140,602
140,609
140,615
140,622
140,623
140,697
140,734
140,759
140,811
140,850
140,943
140,947
140,951
140,969
140,972
141,155
141,162
141,194
141,234
141,246
141,340
141,345
141,369
141,389
141,396
141,456
141,485
141,526
141,533
141,606
141,637
141,704
141,744
141,771
141,780
141,784
141,789
141,827
141,843
141,900
141,918
141,921
141,922
141,934
142,145
142,147
142,151
142,192
142,254
142,257
142,278
142,284
142,311
142,325
142,348
142,352
142,362
142,410
142,449
142,479
142,559
142,574
142,598
142,609
142,611
142,616
142,646
142,652
142,654
142,671
142,685
142,697
142,706
142,731
142,742
142,743
142,802
142,823
142,830
142,832
142,834
142,847
142,865
142,867
142,873
142,917
142,933
142,940
142,982
143,149
143,168
143,194
143,203
143,223
143,228
143,232
143,253
143,256
143,265
143,276
143,301
143,315
143,317
143,330
143,349
143,360
143,361
143,375
143,379
143,408
143,416
143,423
143,435
143,436
143,440
143,442
143,458
143,467
143,480
143,543
143,565
143,576
143,581
143,594
143,600
143,614
143,621
143,701
143,703
143,707
143,732
143,766
143,782
143,783
143,794
143,803
143,810
143,833
143,846
143,856
143,859
143,860
143,872
143,875
143,877
143,886
143,910
143,914
143,924
143,932
143,981
143,985
143,993
143,995
144,146
144,220
144,246
144,248
144,258
144,293
144,299
144,308
144,321
144,344
144,371
144,388
144,413
144,440
144,489
144,502
144,519
144,527
144,566
144,594
144,619
144,629
144,631
144,654
144,669
144,693
144,714
144,765
144,802
144,825
144,839
144,842
144,849
144,873
144,890
144,898
144,901
144,924
144,932
144,950
144,964
144,967
144,975
144,988
145,165
145,205
145,229
145,236
145,247
145,305
145,346
145,362
145,372
145,394
145,480
145,503
145,519
145,591
145,609
145,636
145,730
145,757
145,773
145,784
145,825
145,848
145,869
145,885
145,947
145,956
145,973
146,154
146,214
146,224
146,230
146,236
146,250
146,263
146,269
146,272
146,302
146,304
146,308
146,342
146,347
146,348
146,367
146,396
146,397
146,449
146,473
146,483
146,501
146,502
146,516
146,545
146,596
146,610
146,625
146,629
146,640
146,652
146,676
146,677
146,731
146,739
146,749
146,769
146,793
146,829
146,849
146,855
146,866
146,876
146,921
146,931
146,975
146,983
147,161
147,165
147,167
147,188
147,193
147,202
147,210
147,257
147,271
147,284
147,303
147,356
147,358
147,362
147,394
147,404
147,410
147,412
147,445
147,503
147,603
147,645
147,685
147,735
147,751
147,759
147,830
147,844
147,879
147,881
147,943
147,984
148,155
148,169
148,184
148,192
148,199
148,219
148,222
148,239
148,249
148,266
148,274
148,280
148,284
148,311
148,325
148,326
148,348
148,358
148,386
148,403
148,408
148,417
148,437
148,440
148,449
148,455
148,494
148,497
148,520
148,527
148,541
148,550
148,566
148,595
148,598
148,608
148,622
148,632
148,645
148,648
148,652
148,719
148,740
148,742
148,748
148,749
148,755
148,777
148,779
148,795
148,808
148,829
148,845
148,847
148,856
148,863
148,890
148,945
148,955
148,957
148,963
148,979
149,158
149,170
149,179
149,204
149,211
149,215
149,313
149,323
149,351
149,361
149,364
149,439
149,469
149,475
149,478
149,592
149,655
149,658
149,666
149,686
149,696
149,725
149,750
149,767
149,803
149,819
149,851
149,858
149,862
149,882
149,887
149,892
149,895
149,902
149,913
149,953
149,954
149,962
149,978
149,984
150,167
150,202
150,239
150,280
150,290
150,300
150,398
150,403
150,408
150,413
150,432
150,472
150,479
150,494
150,514
150,520
150,543
150,546
150,571
150,605
150,697
150,706
150,748
150,749
150,755
150,756
150,769
150,863
150,879
150,933
150,936
150,940
150,979
151,155
151,251
151,257
151,271
151,352
151,407
151,410
151,412
151,472
151,479
151,515
151,564
151,569
151,629
151,636
151,670
151,685
151,742
151,751
151,795
151,816
151,847
151,897
151,991
152,155
152,183
152,220
152,323
152,325
152,333
152,337
152,390
152,434
152,446
152,470
152,523
152,552
152,604
152,606
152,624
152,666
152,693
152,728
152,758
152,778
152,780
152,789
152,790
152,807
152,848
152,861
152,862
152,868
152,887
152,931
152,941
152,965
152,998
153,154
153,210
153,220
153,222
153,224
153,249
153,266
153,272
153,278
153,290
153,293
153,321
153,331
153,372
153,393
153,432
153,433
153,449
153,458
153,466
153,495
153,508
153,527
153,546
153,605
153,648
153,673
153,684
153,693
153,694
153,760
153,806
153,839
153,906
153,909
153,950
153,963
154,250
154,253
154,263
154,344
154,383
154,452
154,566
154,593
154,610
154,711
154,756
154,784
154,849
154,876
154,898
154,924
154,925
154,983
155,328
155,337
155,342
155,362
155,379
155,462
155,468
155,474
155,514
155,619
155,627
155,708
155,730
155,754
155,758
155,763
155,784
155,811
155,861
155,885
155,921
155,933
155,936
155,973
156,195
156,205
156,247
156,251
156,337
156,346
156,370
156,395
156,414
156,501
156,538
156,572
156,639
156,717
156,719
156,728
156,762
156,763
156,773
156,776
156,808
156,809
156,881
156,919
156,947
156,956
157,179
157,279
157,282
157,308
157,323
157,344
157,345
157,348
157,351
157,371
157,459
157,462
157,464
157,465
157,475
157,492
157,500
157,518
157,523
157,596
157,611
157,662
157,677
157,681
157,741
157,786
157,812
157,831
157,904
157,907
157,930
158,172
158,183
158,204
158,208
158,250
158,282
158,310
158,319
158,330
158,364
158,439
158,449
158,453
158,462
158,470
158,487
158,492
158,544
158,551
158,696
158,712
158,732
158,754
158,801
158,813
158,819
158,825
158,834
158,858
158,862
158,872
158,887
158,895
158,902
158,930
158,949
158,952
158,953
159,227
159,240
159,269
159,346
159,356
159,373
159,452
159,521
159,575
159,591
159,671
159,763
159,798
159,805
159,816
159,826
159,903
159,958
159,972
160,175
160,187
160,207
160,258
160,263
160,272
160,306
160,331
160,341
160,372
160,380
160,386
160,407
160,420
160,433
160,440
160,462
160,486
160,491
160,493
160,504
160,525
160,527
160,531
160,541
160,595
160,598
160,613
160,615
160,647
160,670
160,676
160,690
160,698
160,709
160,727
160,740
160,743
160,844
160,856
160,857
160,888
160,891
160,896
160,938
160,944
160,950
160,964
160,982
160,995
160,996
160,999
161,164
161,185
161,192
161,214
161,221
161,236
161,251
161,325
161,330
161,350
161,396
161,430
161,444
161,453
161,483
161,524
161,578
161,608
161,613
161,618
161,632
161,641
161,647
161,692
161,721
161,753
161,764
161,783
161,791
161,797
161,853
161,856
161,914
161,929
161,997
162,174
162,208
162,246
162,313
162,315
162,317
162,340
162,351
162,416
162,426
162,456
162,478
162,533
162,620
162,637
162,656
162,686
162,702
162,780
162,834
162,837
162,851
162,900
162,910
162,918
162,922
162,948
162,997
163,178
163,191
163,192
163,287
163,304
163,344
163,362
163,414
163,507
163,514
163,562
163,588
163,677
163,681
163,716
163,804
163,809
163,811
163,812
163,832
163,836
163,879
163,890
163,938
164,171
164,193
164,223
164,253
164,267
164,313
164,314
164,323
164,347
164,430
164,503
164,504
164,555
164,580
164,581
164,675
164,688
164,692
164,721
164,761
164,798
164,854
164,912
164,990
165,196
165,227
165,275
165,346
165,395
165,398
165,501
165,503
165,536
165,623
165,763
165,887
165,947
166,209
166,224
166,228
166,232
166,261
166,298
166,312
166,314
166,320
166,360
166,429
166,455
166,495
166,502
166,565
166,581
166,584
166,594
166,607
166,614
166,707
166,766
166,859
166,860
166,917
166,967
166,970
166,990
166,993
167,178
167,191
167,202
167,203
167,205
167,210
167,243
167,249
167,259
167,282
167,286
167,293
167,325
167,369
167,379
167,386
167,394
167,400
167,401
167,427
167,428
167,437
167,452
167,472
167,475
167,483
167,494
167,501
167,514
167,548
167,554
167,561
167,562
167,564
167,570
167,611
167,616
167,627
167,632
167,652
167,666
167,673
167,676
167,693
167,728
167,746
167,808
167,809
167,847
167,885
167,889
167,916
167,930
167,935
167,940
167,971
168,339
168,353
168,379
168,405
168,495
168,515
168,578
168,581
168,679
168,816
168,962
169,185
169,197
169,200
169,208
169,209
169,219
169,261
169,262
169,278
169,301
169,302
169,312
169,318
169,323
169,341
169,359
169,372
169,396
169,418
169,421
169,437
169,444
169,466
169,471
169,472
169,506
169,516
169,521
169,524
169,539
169,560
169,583
169,631
169,653
169,661
169,674
169,691
169,695
169,783
169,798
169,810
169,821
169,824
169,878
169,910
169,911
169,922
170,231
170,248
170,291
170,313
170,334
170,355
170,457
170,469
170,470
170,487
170,542
170,554
170,556
170,577
170,604
170,618
170,620
170,658
170,787
170,840
170,844
170,879
170,895
170,931
170,949
170,978
171,209
171,226
171,324
171,430
171,432
171,580
171,596
171,609
171,623
171,635
171,712
171,713
171,798
171,800
171,910
171,939
171,991
172,183
172,204
172,229
172,244
172,275
172,291
172,301
172,315
172,329
172,355
172,366
172,367
172,469
172,488
172,528
172,592
172,602
172,606
172,624
172,655
172,700
172,715
172,744
172,767
172,790
172,809
172,819
172,852
172,882
172,887
172,902
172,913
172,957
172,960
173,207
173,225
173,242
173,308
173,315
173,326
173,400
173,428
173,436
173,484
173,492
173,497
173,511
173,536
173,543
173,588
173,600
173,626
173,647
173,659
173,665
173,666
173,678
173,681
173,716
173,802
173,806
173,812
173,827
173,829
173,835
173,849
173,879
173,881
173,908
173,940
173,963
173,992
174,177
174,197
174,245
174,256
174,261
174,262
174,316
174,379
174,405
174,423
174,466
174,576
174,581
174,604
174,651
174,667
174,772
174,783
174,815
174,887
174,900
174,914
174,934
174,994
175,199
175,235
175,272
175,297
175,308
175,309
175,372
175,380
175,476
175,488
175,498
175,499
175,500
175,504
175,513
175,525
175,596
175,676
175,709
175,743
175,792
175,817
175,843
175,890
175,891
175,932
175,942
176,185
176,228
176,230
176,264
176,276
176,288
176,304
176,324
176,341
176,361
176,374
176,383
176,421
176,436
176,454
176,476
176,481
176,518
176,593
176,599
176,600
176,626
176,632
176,640
176,690
176,739
176,747
176,791
176,821
176,823
176,846
176,907
176,924
176,929
176,961
176,983
177,260
177,261
177,262
177,295
177,316
177,357
177,377
177,405
177,421
177,423
177,468
177,539
177,556
177,580
177,594
177,663
177,667
177,688
177,695
177,772
177,774
177,785
177,815
177,824
177,828
177,837
177,841
177,855
177,884
177,911
177,921
177,923
177,986
177,989
177,995
178,188
178,196
178,201
178,203
178,259
178,290
178,303
178,306
178,348
178,362
178,394
178,401
178,414
178,424
178,449
178,559
178,561
178,579
178,596
178,605
178,611
178,627
178,645
178,673
178,681
178,689
178,692
178,730
178,742
178,757
178,799
178,808
178,809
178,851
178,866
178,885
178,897
178,916
178,930
178,933
178,935
178,940
178,947
178,959
178,972
178,978
178,982
178,995
179,185
179,191
179,204
179,268
179,281
179,282
179,304
179,436
179,464
179,484
179,516
179,537
179,545
179,549
179,582
179,588
179,617
179,641
179,662
179,667
179,677
179,701
179,753
179,762
179,819
179,827
179,835
179,854
179,885
179,894
179,913
179,925
179,931
179,953
179,957
180,197
180,208
180,216
180,221
180,262
180,276
180,298
180,313
180,316
180,399
180,416
180,418
180,430
180,444
180,450
180,471
180,506
180,539
180,574
180,619
180,631
180,643
180,667
180,711
180,771
180,772
180,783
180,784
180,815
180,856
180,877
180,878
180,880
180,883
180,910
180,911
180,921
180,925
180,949
180,989
180,992
181,192
181,195
181,217
181,237
181,273
181,282
181,307
181,355
181,365
181,391
181,448
181,459
181,461
181,480
181,491
181,492
181,516
181,526
181,545
181,553
181,576
181,601
181,617
181,630
181,655
181,677
181,730
181,744
181,753
181,762
181,801
181,849
181,855
181,858
181,967
181,994
182,197
182,216
182,221
182,275
182,313
182,322
182,334
182,341
182,374
182,396
182,399
182,434
182,444
182,496
182,506
182,524
182,537
182,543
182,556
182,560
182,590
182,601
182,645
182,662
182,680
182,692
182,696
182,699
182,741
182,747
182,750
182,753
182,756
182,771
182,783
182,797
182,810
182,821
182,869
182,881
182,908
182,910
182,927
182,961
182,994
183,215
183,229
183,240
183,249
183,282
183,286
183,323
183,345
183,366
183,392
183,470
183,492
183,523
183,525
183,544
183,585
183,592
183,627
183,669
183,700
183,750
183,796
183,799
183,803
183,819
183,827
183,828
183,834
183,858
183,862
183,872
183,878
183,882
183,887
183,902
183,927
183,931
184,199
184,258
184,269
184,388
184,397
184,412
184,596
184,638
184,654
184,698
184,726
184,738
184,793
184,820
184,889
185,197
185,221
185,250
185,302
185,315
185,322
185,347
185,392
185,396
185,403
185,430
185,436
185,444
185,453
185,460
185,463
185,477
185,483
185,513
185,516
185,523
185,524
185,539
185,542
185,548
185,578
185,599
185,608
185,626
185,661
185,680
185,681
185,691
185,692
185,739
185,742
185,748
185,753
185,768
185,769
185,771
185,783
185,806
185,810
185,821
185,828
185,833
185,869
185,887
185,890
185,908
185,925
185,928
185,929
185,930
185,936
185,966
185,988
185,992
185,997
186,203
186,219
186,326
186,407
186,410
186,427
186,433
186,511
186,642
186,648
186,651
186,685
186,725
186,823
186,829
186,867
186,959
187,210
187,217
187,297
187,367
187,488
187,563
187,646
187,710
187,727
187,896
187,914
187,937
187,945
187,996
187,999
188,191
188,227
188,257
188,262
188,303
188,348
188,352
188,355
188,358
188,388
188,394
188,404
188,414
188,424
188,479
188,530
188,548
188,603
188,627
188,673
188,711
188,757
188,823
188,863
188,885
188,895
188,916
188,931
188,969
188,991
189,209
189,228
189,232
189,258
189,298
189,300
189,310
189,336
189,357
189,375
189,423
189,454
189,508
189,555
189,565
189,576
189,584
189,594
189,614
189,701
189,707
189,712
189,735
189,745
189,771
189,785
189,787
189,854
189,917
189,923
189,946
189,948
189,977
189,985
189,995
190,212
190,235
190,236
190,246
190,267
190,303
190,339
190,357
190,361
190,368
190,388
190,397
190,409
190,470
190,473
190,517
190,529
190,580
190,583
190,613
190,629
190,644
190,659
190,663
190,673
190,688
190,694
190,701
190,705
190,723
190,749
190,756
190,768
190,828
190,843
190,876
190,889
190,914
190,937
190,993
191,192
191,193
191,195
191,202
191,257
191,286
191,287
191,348
191,362
191,369
191,394
191,414
191,501
191,503
191,516
191,532
191,535
191,549
191,611
191,617
191,622
191,625
191,627
191,628
191,633
191,648
191,664
191,666
191,673
191,683
191,716
191,726
191,750
191,758
191,770
191,773
191,786
191,788
191,795
191,809
191,829
191,848
191,863
191,933
191,940
191,967
191,978
192,193
192,219
192,274
192,278
192,280
192,311
192,331
192,375
192,386
192,403
192,408
192,437
192,498
192,515
192,527
192,532
192,542
192,575
192,595
192,598
192,636
192,659
192,685
192,690
192,731
192,735
192,749
192,751
192,777
192,885
192,894
192,945
192,979
193,198
193,202
193,230
193,272
193,280
193,284
193,286
193,287
193,293
193,299
193,311
193,321
193,322
193,325
193,348
193,358
193,386
193,393
193,400
193,407
193,414
193,472
193,475
193,494
193,497
193,502
193,532
193,535
193,544
193,548
193,549
193,559
193,591
193,595
193,619
193,652
193,664
193,666
193,671
193,698
193,731
193,735
193,742
193,778
193,814
193,847
193,866
193,890
193,895
193,901
193,949
193,961
193,965
193,979
193,991
193,996
194,221
194,236
194,242
194,245
194,248
194,256
194,262
194,315
194,316
194,317
194,324
194,328
194,336
194,339
194,359
194,383
194,388
194,423
194,467
194,468
194,475
194,495
194,524
194,537
194,590
194,631
194,632
194,651
194,667
194,674
194,686
194,706
194,724
194,745
194,756
194,771
194,772
194,783
194,815
194,824
194,856
194,878
194,910
194,911
194,921
194,923
194,980
194,981
195,241
195,247
195,251
195,296
195,341
195,355
195,419
195,430
195,470
195,492
195,501
195,503
195,514
195,523
195,538
195,552
195,557
195,558
195,571
195,590
195,613
195,614
195,666
195,683
195,686
195,716
195,717
195,719
195,720
195,722
195,728
195,730
195,769
195,776
195,806
195,807
195,843
195,848
195,940
195,943
195,947
195,956
195,998
196,201
196,203
196,281
196,317
196,333
196,342
196,394
196,395
196,396
196,404
196,414
196,431
196,452
196,479
196,494
196,501
196,514
196,521
196,525
196,558
196,571
196,575
196,583
196,615
196,622
196,627
196,659
196,671
196,708
196,717
196,755
196,757
196,759
196,763
196,773
196,783
196,788
196,796
196,806
196,808
196,850
196,897
196,899
196,911
196,933
196,947
196,991
197,209
197,221
197,230
197,302
197,308
197,327
197,335
197,359
197,396
197,418
197,421
197,436
197,452
197,463
197,471
197,476
197,494
197,496
197,513
197,537
197,539
197,542
197,560
197,562
197,578
197,583
197,596
197,599
197,608
197,616
197,626
197,632
197,647
197,661
197,667
197,674
197,686
197,692
197,701
197,739
197,747
197,764
197,769
197,783
197,795
197,813
197,821
197,829
197,831
197,868
197,878
197,903
197,904
197,908
197,910
197,928
197,951
197,981
197,994
197,997
198,202
198,284
198,286
198,293
198,303
198,311
198,348
198,370
198,384
198,436
198,472
198,474
198,475
198,494
198,519
198,534
198,535
198,616
198,633
198,665
198,749
198,806
198,844
198,847
198,848
198,885
198,905
198,916
198,935
198,968
199,212
199,222
199,230
199,234
199,258
199,264
199,290
199,299
199,381
199,388
199,441
199,449
199,460
199,467
199,502
199,527
199,529
199,586
199,593
199,596
199,612
199,635
199,638
199,647
199,672
199,723
199,726
199,765
199,771
199,779
199,793
199,817
199,820
199,857
199,912
199,914
199,990
200,237
200,411
200,483
200,492
200,511
200,534
200,545
200,577
200,592
200,630
200,704
200,867
200,872
200,893
200,904
200,998
201,203
201,217
201,224
201,227
201,300
201,332
201,414
201,452
201,511
201,534
201,564
201,575
201,627
201,671
201,708
201,757
201,759
201,831
201,903
201,958
201,959
201,965
202,209
202,242
202,254
202,266
202,280
202,287
202,290
202,303
202,307
202,311
202,348
202,354
202,358
202,394
202,400
202,414
202,428
202,453
202,472
202,475
202,491
202,515
202,532
202,535
202,549
202,569
202,616
202,625
202,643
202,645
202,648
202,664
202,716
202,735
202,758
202,773
202,786
202,806
202,829
202,836
202,842
202,858
202,866
202,881
202,909
202,916
202,931
202,958
203,257
203,286
203,303
203,310
203,311
203,325
203,348
203,394
203,401
203,414
203,417
203,441
203,451
203,452
203,464
203,501
203,515
203,548
203,556
203,559
203,564
203,575
203,588
203,603
203,611
203,627
203,685
203,716
203,757
203,759
203,808
203,816
203,831
203,836
203,848
203,850
203,881
203,885
203,903
203,933
203,947
203,952
203,959
204,213
204,229
204,233
204,241
204,329
204,333
204,334
204,351
204,364
204,366
204,469
204,533
204,544
204,553
204,592
204,617
204,627
204,658
204,732
204,747
204,750
204,756
204,762
204,775
204,788
204,819
204,822
204,851
204,862
204,872
204,874
204,877
204,887
204,895
204,928
204,958
204,976
204,997
205,247
205,251
205,263
205,358
205,369
205,373
205,394
205,395
205,417
205,436
205,452
205,503
205,514
205,516
205,538
205,558
205,575
205,591
205,596
205,602
205,639
205,706
205,728
205,763
205,773
205,790
205,796
205,805
205,808
205,816
205,876
205,894
205,915
205,927
205,956
205,991
206,299
206,480
206,493
206,532
206,598
206,673
206,811
206,933
206,971
207,210
207,235
207,263
207,278
207,311
207,321
207,326
207,331
207,403
207,416
207,420
207,431
207,440
207,441
207,465
207,497
207,517
207,527
207,550
207,596
207,619
207,652
207,670
207,740
207,810
207,863
207,894
207,952
207,963
207,990
208,213
208,243
208,278
208,317
208,328
208,353
208,402
208,416
208,439
208,450
208,482
208,483
208,518
208,526
208,559
208,637
208,653
208,678
208,686
208,696
208,743
208,744
208,764
208,780
208,782
208,804
208,813
208,818
208,880
208,883
208,893
208,922
209,222
209,228
209,232
209,236
209,246
209,250
209,270
209,286
209,298
209,315
209,338
209,357
209,372
209,379
209,423
209,429
209,435
209,464
209,466
209,467
209,495
209,508
209,518
209,540
209,555
209,565
209,580
209,584
209,600
209,614
209,690
209,701
209,703
209,707
209,712
209,721
209,794
209,875
209,878
209,896
209,917
209,946
209,970
209,985
209,989
209,990
209,995
210,219
210,235
210,239
210,263
210,292
210,293
210,370
210,386
210,403
210,408
210,410
210,431
210,433
210,455
210,494
210,507
210,517
210,527
210,579
210,599
210,613
210,636
210,670
210,690
210,693
210,753
210,788
210,792
210,797
210,818
210,863
210,894
210,909
210,932
210,963
210,998
211,277
211,390
211,425
211,444
211,537
211,720
211,803
211,828
211,882
211,895
211,929
211,949
212,236
212,250
212,258
212,269
212,285
212,288
212,293
212,367
212,386
212,388
212,445
212,473
212,483
212,503
212,509
212,529
212,574
212,611
212,663
212,672
212,678
212,694
212,709
212,714
212,736
212,738
212,756
212,768
212,769
212,793
212,890
212,914
212,927
212,939
212,942
213,229
213,232
213,244
213,279
213,282
213,318
213,323
213,329
213,333
213,334
213,355
213,359
213,390
213,439
213,446
213,462
213,469
213,487
213,492
213,513
213,523
213,544
213,545
213,624
213,655
213,659
213,686
213,687
213,778
213,796
213,807
213,814
213,822
213,858
213,862
213,872
213,874
213,887
213,897
213,902
213,915
213,938
213,957
213,980
214,220
214,230
214,250
214,285
214,300
214,308
214,383
214,385
214,401
214,426
214,472
214,529
214,583
214,610
214,611
214,619
214,626
214,647
214,661
214,668
214,729
214,739
214,756
214,855
214,876
214,908
214,924
214,929
214,950
214,955
214,983
214,995
215,229
215,237
215,240
215,264
215,351
215,366
215,390
215,428
215,451
215,509
215,523
215,526
215,528
215,556
215,592
215,601
215,646
215,655
215,656
215,657
215,669
215,700
215,725
215,732
215,767
215,797
215,799
215,803
215,818
215,819
215,862
215,882
215,887
215,892
215,895
215,931
215,938
215,949
215,954
215,957
215,994
215,995
216,243
216,459
216,492
216,534
216,545
216,625
216,630
216,637
216,643
216,662
216,699
216,741
216,829
216,837
216,869
216,904
216,907
216,923
216,925
217,225
217,290
217,299
217,325
217,344
217,371
217,391
217,433
217,448
217,522
217,525
217,562
217,569
217,625
217,640
217,659
217,664
217,746
217,762
217,764
217,769
217,771
217,802
217,806
217,809
217,812
217,835
217,915
217,930
217,974
218,231
218,252
218,283
218,291
218,309
218,313
218,315
218,319
218,320
218,334
218,372
218,374
218,457
218,492
218,526
218,554
218,651
218,657
218,658
218,667
218,702
218,775
218,780
218,784
218,787
218,797
218,803
218,818
218,828
218,837
218,840
218,849
218,858
218,882
218,895
218,962
218,968
218,984
219,246
219,249
219,253
219,386
219,403
219,427
219,455
219,652
219,698
219,740
219,777
219,792
219,835
219,932
219,943
219,969
220,235
220,236
220,263
220,266
220,331
220,449
220,627
220,645
220,646
220,699
220,716
220,724
220,855
220,906
220,909
220,945
221,224
221,251
221,288
221,304
221,308
221,314
221,323
221,334
221,343
221,363
221,387
221,390
221,406
221,436
221,444
221,453
221,484
221,537
221,539
221,608
221,610
221,632
221,659
221,664
221,734
221,791
221,847
221,887
221,897
221,898
221,924
221,929
221,961
222,235
222,254
222,269
222,278
222,292
222,344
222,426
222,449
222,464
222,465
222,569
222,603
222,622
222,649
222,652
222,668
222,670
222,683
222,701
222,731
222,746
222,769
222,772
222,812
222,826
222,829
222,873
222,891
222,894
222,905
222,937
223,224
223,258
223,285
223,314
223,318
223,324
223,339
223,363
223,374
223,430
223,476
223,555
223,579
223,580
223,599
223,630
223,635
223,656
223,675
223,680
223,712
223,726
223,761
223,849
223,856
223,876
223,889
223,905
223,932
223,937
224,301
224,302
224,342
224,383
224,385
224,421
224,463
224,537
224,540
224,573
224,576
224,577
224,593
224,599
224,608
224,632
224,661
224,667
224,739
224,747
224,752
224,783
224,800
224,838
224,876
224,909
224,910
224,920
224,924
224,932
224,952
224,989
225,248
225,276
225,298
225,304
225,305
225,344
225,348
225,365
225,408
225,484
225,506
225,638
225,640
225,659
225,668
225,677
225,716
225,724
225,806
225,812
225,832
225,835
225,965
225,974
226,264
226,312
226,314
226,361
226,458
226,494
226,513
226,580
226,593
226,635
226,716
226,761
226,792
226,846
226,985
226,989
227,303
227,342
227,356
227,373
227,394
227,398
227,417
227,475
227,515
227,538
227,548
227,564
227,605
227,609
227,671
227,735
227,759
227,788
227,805
227,808
227,832
227,885
227,897
227,903
227,916
227,947
228,232
228,298
228,301
228,310
228,330
228,335
228,338
228,340
228,359
228,375
228,423
228,448
228,477
228,508
228,540
228,543
228,565
228,575
228,580
228,584
228,594
228,600
228,614
228,662
228,701
228,705
228,707
228,736
228,752
228,766
228,782
228,783
228,794
228,856
228,864
228,886
228,917
228,977
228,979
228,985
228,986
228,993
229,279
229,282
229,323
229,329
229,345
229,355
229,366
229,381
229,390
229,392
229,445
229,451
229,544
229,552
229,585
229,586
229,604
229,669
229,678
229,750
229,803
229,814
229,822
229,828
229,851
229,862
229,887
229,894
229,902
229,938
229,954
229,956
230,236
230,250
230,258
230,265
230,285
230,288
230,304
230,308
230,315
230,330
230,341
230,343
230,347
230,361
230,363
230,372
230,374
230,386
230,399
230,411
230,423
230,450
230,453
230,473
230,476
230,483
230,490
230,502
230,530
230,537
230,583
230,590
230,593
230,599
230,626
230,631
230,632
230,661
230,684
230,691
230,722
230,726
230,729
230,734
230,736
230,739
230,747
230,791
230,809
230,812
230,829
230,855
230,876
230,900
230,955
230,961
230,967
230,983
231,277
231,283
231,286
231,291
231,320
231,334
231,478
231,485
231,585
231,618
231,651
231,753
231,834
231,895
231,957
231,968
232,265
232,298
232,301
232,317
232,330
232,360
232,379
232,419
232,422
232,435
232,442
232,448
232,508
232,540
232,544
232,565
232,567
232,584
232,589
232,594
232,597
232,600
232,614
232,621
232,623
232,684
232,701
232,707
232,725
232,766
232,782
232,794
232,809
232,816
232,860
232,868
232,874
232,886
232,955
232,957
232,990
232,995
233,237
233,277
233,282
233,329
233,364
233,366
233,390
233,421
233,451
233,492
233,585
233,592
233,655
233,719
233,750
233,814
233,892
233,902
233,938
234,245
234,255
234,275
234,300
234,306
234,313
234,340
234,396
234,402
234,444
234,456
234,463
234,512
234,516
234,526
234,587
234,618
234,653
234,657
234,667
234,702
234,707
234,716
234,731
234,732
234,754
234,764
234,783
234,799
234,818
234,825
234,844
234,852
234,900
234,918
234,949
234,976
234,978
234,980
234,993
235,250
235,253
235,266
235,269
235,293
235,299
235,327
235,341
235,382
235,385
235,410
235,475
235,509
235,525
235,529
235,541
235,563
235,571
235,580
235,595
235,610
235,613
235,627
235,645
235,649
235,652
235,656
235,682
235,694
235,714
235,726
235,731
235,770
235,795
235,846
235,849
235,891
235,950
235,975
235,979
236,245
236,264
236,265
236,267
236,272
236,285
236,288
236,299
236,302
236,314
236,358
236,361
236,368
236,374
236,377
236,388
236,397
236,409
236,442
236,466
236,541
236,629
236,701
236,723
236,726
236,727
236,760
236,795
236,820
236,837
236,846
236,856
236,889
236,890
236,898
236,950
236,968
236,975
236,981
236,983
237,322
237,333
237,462
237,469
237,534
237,545
237,577
237,627
237,641
237,769
237,778
237,825
237,849
237,919
237,966
237,997
238,257
238,308
238,444
238,462
238,549
238,581
238,611
238,617
238,662
238,664
238,677
238,716
238,990
239,370
239,386
239,408
239,431
239,449
239,455
239,458
239,559
239,568
239,609
239,616
239,636
239,690
239,716
239,723
239,749
239,755
239,777
239,820
239,844
239,967
239,969
240,241
240,252
240,255
240,261
240,323
240,345
240,434
240,450
240,458
240,492
240,505
240,523
240,530
240,585
240,669
240,790
240,825
240,840
240,952
240,956
241,244
241,251
241,282
241,286
241,345
241,428
241,452
241,470
241,480
241,486
241,491
241,514
241,528
241,551
241,557
241,601
241,622
241,683
241,728
241,730
241,750
241,762
241,763
241,790
241,848
241,901
241,904
241,962
242,250
242,281
242,298
242,308
242,326
242,335
242,341
242,354
242,399
242,432
242,436
242,444
242,506
242,518
242,532
242,583
242,623
242,633
242,640
242,659
242,668
242,729
242,734
242,777
242,787
242,802
242,835
242,849
242,955
242,967
242,975
243,286
243,329
243,411
243,434
243,464
243,465
243,483
243,492
243,511
243,523
243,526
243,534
243,545
243,553
243,554
243,569
243,576
243,614
243,641
243,662
243,762
243,778
243,788
243,789
243,790
243,801
243,806
243,818
243,823
243,872
243,876
243,887
243,902
243,907
243,935
243,956
244,282
244,286
244,304
244,375
244,376
244,381
244,459
244,544
244,551
244,553
244,582
244,591
244,592
244,604
244,611
244,617
244,622
244,629
244,659
244,669
244,683
244,728
244,762
244,778
244,797
244,803
244,825
244,832
244,858
244,913
244,919
244,926
244,931
245,256
245,261
245,262
245,315
245,336
245,357
245,379
245,389
245,419
245,423
245,450
245,466
245,467
245,468
245,510
245,565
245,589
245,597
245,601
245,633
245,651
245,764
245,772
245,813
245,824
245,860
245,886
245,910
245,911
245,934
245,948
245,986
245,994
246,260
246,277
246,290
246,310
246,315
246,320
246,340
246,359
246,379
246,402
246,456
246,478
246,496
246,524
246,526
246,552
246,581
246,590
246,620
246,647
246,653
246,677
246,678
246,686
246,692
246,780
246,784
246,837
246,869
246,881
246,900
246,918
246,921
246,922
246,948
246,986
247,337
247,342
247,394
247,395
247,503
247,514
247,530
247,538
247,571
247,579
247,582
247,639
247,717
247,719
247,763
247,773
247,796
247,808
247,947
247,952
247,956
247,972
248,277
248,283
248,313
248,319
248,320
248,334
248,415
248,425
248,436
248,442
248,457
248,466
248,483
248,487
248,505
248,539
248,590
248,606
248,638
248,658
248,666
248,728
248,750
248,763
248,772
248,803
248,825
248,828
248,874
248,882
248,895
248,900
248,918
248,925
248,950
248,954
248,962
248,968
248,985
249,292
249,311
249,321
249,331
249,339
249,370
249,393
249,400
249,413
249,435
249,449
249,465
249,472
249,494
249,519
249,527
249,541
249,556
249,568
249,619
249,636
249,662
249,672
249,690
249,693
249,714
249,731
249,738
249,750
249,760
249,777
249,829
249,863
249,890
249,906
249,909
250,276
250,279
250,288
250,299
250,304
250,309
250,322
250,343
250,347
250,367
250,374
250,376
250,383
250,404
250,431
250,436
250,448
250,453
250,454
250,463
250,473
250,521
250,539
250,568
250,580
250,608
250,614
250,626
250,654
250,670
250,680
250,684
250,694
250,710
250,712
250,723
250,731
250,734
250,739
250,791
250,793
250,795
250,817
250,824
250,830
250,846
250,849
250,868
250,876
250,898
250,924
250,929
250,981
250,983
251,272
251,323
251,334
251,351
251,362
251,373
251,395
251,400
251,401
251,410
251,453
251,458
251,459
251,470
251,479
251,480
251,503
251,530
251,538
251,552
251,557
251,562
251,571
251,602
251,604
251,622
251,625
251,666
251,678
251,683
251,684
251,706
251,722
251,730
251,733
251,752
251,762
251,763
251,786
251,790
251,797
251,807
251,811
251,818
251,831
251,847
251,882
251,894
251,901
251,902
251,925
251,933
251,945
251,952
251,958
251,982
252,313
252,334
252,379
252,487
252,547
252,786
252,803
252,895
252,922
252,930
252,949
252,984
253,288
253,289
253,300
253,302
253,312
253,314
253,316
253,318
253,331
253,341
253,357
253,361
253,400
253,423
253,430
253,467
253,473
253,502
253,508
253,517
253,555
253,580
253,581
253,614
253,629
253,675
253,688
253,701
253,712
253,721
253,722
253,726
253,738
253,739
253,759
253,764
253,771
253,785
253,794
253,806
253,843
253,846
253,854
253,904
253,910
253,912
253,914
253,923
253,946
253,948
253,970
253,977
253,989
253,990
254,263
254,269
254,281
254,284
254,292
254,293
254,308
254,309
254,321
254,326
254,332
254,384
254,400
254,413
254,426
254,449
254,465
254,472
254,479
254,494
254,501
254,517
254,568
254,649
254,652
254,676
254,693
254,714
254,720
254,731
254,738
254,755
254,769
254,777
254,794
254,795
254,802
254,808
254,809
254,835
254,873
254,894
254,905
254,906
254,912
255,260
255,291
255,334
255,439
255,442
255,457
255,513
255,516
255,533
255,545
255,547
255,620
255,643
255,657
255,658
255,722
255,732
255,784
255,818
255,834
255,837
255,852
255,888
255,895
255,922
255,949
255,962
255,971
255,981
255,986
255,994
256,261
256,310
256,315
256,316
256,317
256,377
256,379
256,383
256,393
256,405
256,448
256,467
256,477
256,525
256,542
256,547
256,581
256,594
256,631
256,647
256,667
256,703
256,732
256,747
256,772
256,806
256,815
256,817
256,824
256,833
256,841
256,852
256,856
256,868
256,875
256,886
256,910
256,921
256,936
256,990
257,284
257,293
257,303
257,345
257,348
257,354
257,361
257,386
257,404
257,412
257,414
257,427
257,447
257,475
257,479
257,511
257,514
257,515
257,548
257,564
257,566
257,572
257,591
257,603
257,616
257,634
257,662
257,664
257,671
257,673
257,732
257,735
257,739
257,742
257,751
257,773
257,823
257,830
257,844
257,847
257,885
257,887
257,915
257,933
257,959
257,965
257,971
257,982
257,991
258,267
258,269
258,306
258,361
258,386
258,388
258,397
258,430
258,481
258,498
258,514
258,522
258,523
258,596
258,603
258,613
258,622
258,640
258,644
258,672
258,690
258,714
258,726
258,731
258,738
258,765
258,768
258,784
258,793
258,795
258,817
258,820
258,833
258,842
258,843
258,846
258,855
258,890
258,891
258,914
258,937
258,991
259,348
259,428
259,436
259,501
259,532
259,586
259,591
259,611
259,673
259,804
259,916
259,974
260,291
260,447
260,485
260,533
260,547
260,637
260,702
260,780
260,784
260,799
260,812
260,825
260,834
260,837
260,852
260,911
260,918
260,984
260,990
261,295
261,317
261,328
261,358
261,360
261,377
261,405
261,409
261,416
261,419
261,423
261,453
261,466
261,581
261,614
261,667
261,674
261,686
261,695
261,703
261,712
261,757
261,772
261,806
261,815
261,824
261,856
261,875
261,904
261,921
261,923
261,970
261,986
262,328
262,330
262,359
262,396
262,416
262,423
262,444
262,449
262,466
262,471
262,513
262,534
262,536
262,540
262,565
262,577
262,590
262,631
262,635
262,656
262,667
262,674
262,683
262,711
262,764
262,771
262,772
262,783
262,820
262,855
262,875
262,878
262,900
262,902
262,910
262,911
262,921
262,929
262,934
262,962
262,989
262,990
262,995
263,272
263,293
263,306
263,311
263,321
263,326
263,361
263,380
263,382
263,420
263,421
263,431
263,449
263,458
263,472
263,491
263,493
263,494
263,514
263,549
263,563
263,566
263,613
263,659
263,690
263,731
263,740
263,743
263,749
263,793
263,864
263,877
263,888
263,896
263,963
263,967
264,269
264,285
264,289
264,312
264,529
264,531
264,546
264,599
264,650
264,705
264,726
264,734
264,756
264,761
264,778
264,798
264,849
264,889
264,898
264,905
264,927
265,270
265,301
265,310
265,317
265,324
265,338
265,349
265,367
265,388
265,400
265,429
265,435
265,442
265,494
265,539
265,543
265,576
265,581
265,614
265,692
265,701
265,736
265,782
265,794
265,895
265,948
265,977
265,981
265,985
265,993
265,995
266,321
266,331
266,386
266,393
266,525
266,527
266,550
266,617
266,619
266,645
266,648
266,650
266,706
266,731
266,743
266,768
266,777
266,906
267,268
267,290
267,304
267,347
267,361
267,368
267,409
267,573
267,629
267,638
267,640
267,669
267,712
267,723
267,726
267,736
267,793
267,820
267,839
267,843
267,865
267,890
267,969
267,975
268,269
268,289
268,309
268,339
268,367
268,440
268,498
268,509
268,532
268,580
268,596
268,613
268,615
268,635
268,645
268,654
268,709
268,753
268,817
268,842
268,843
268,865
268,891
268,932
268,942
268,950
268,987
268,999
269,284
269,285
269,339
269,388
269,415
269,429
269,436
269,440
269,473
269,475
269,481
269,525
269,529
269,573
269,578
269,613
269,636
269,637
269,654
269,663
269,738
269,746
269,756
269,773
269,793
269,843
269,845
269,853
269,914
269,930
269,937
270,276
270,285
270,291
270,330
270,357
270,400
270,435
270,440
270,467
270,495
270,540
270,550
270,554
270,565
270,580
270,584
270,594
270,601
270,614
270,635
270,667
270,701
270,707
270,712
270,794
270,820
270,864
270,875
270,917
270,921
270,936
270,977
270,985
270,989
270,990
271,410
271,412
271,535
271,548
271,603
271,751
272,299
272,306
272,343
272,357
272,367
272,372
272,374
272,376
272,380
272,382
272,385
272,386
272,393
272,418
272,420
272,431
272,433
272,440
272,441
272,447
272,449
272,460
272,472
272,488
272,489
272,491
272,502
272,525
272,563
272,569
272,586
272,596
272,638
272,645
272,654
272,677
272,709
272,718
272,743
272,792
272,832
272,847
272,857
272,871
272,876
272,888
272,890
272,891
272,906
272,963
272,964
272,965
272,994
272,995
272,996
272,999
273,353
273,518
273,577
273,624
273,638
273,677
273,684
273,716
273,741
273,819
273,883
273,928
273,942
274,290
274,321
274,370
274,386
274,403
274,408
274,455
274,528
274,626
274,645
274,742
274,769
274,777
274,826
274,863
274,965
275,282
275,322
275,355
275,383
275,399
275,417
275,418
275,444
275,496
275,506
275,509
275,524
275,556
275,572
275,590
275,637
275,660
275,699
275,741
275,754
275,771
275,772
275,869
275,878
275,880
275,913
275,952
275,953
275,966
275,997
276,324
276,396
276,415
276,425
276,453
276,456
276,467
276,486
276,536
276,537
276,542
276,547
276,553
276,580
276,582
276,586
276,596
276,647
276,651
276,656
276,674
276,680
276,684
276,711
276,712
276,724
276,745
276,752
276,768
276,773
276,798
276,800
276,810
276,821
276,840
276,853
276,864
276,910
276,912
276,920
276,927
276,934
276,955
276,989
276,995
277,283
277,291
277,450
277,478
277,485
277,528
277,592
277,658
277,720
277,791
277,799
277,892
277,895
277,900
277,949
277,960
278,284
278,386
278,413
278,414
278,453
278,458
278,507
278,527
278,532
278,598
278,625
278,683
278,685
278,749
278,751
278,755
278,759
278,806
278,849
278,863
278,894
278,979
278,996
279,351
279,355
279,362
279,390
279,415
279,425
279,467
279,487
279,490
279,523
279,552
279,687
279,700
279,750
279,781
279,796
279,814
279,851
279,902
279,938
279,978
280,293
280,325
280,400
280,403
280,408
280,410
280,413
280,437
280,449
280,472
280,475
280,494
280,517
280,561
280,605
280,634
280,637
280,649
280,652
280,693
280,698
280,721
280,731
280,735
280,740
280,755
280,758
280,760
280,777
280,809
280,829
280,847
280,849
280,870
280,888
280,965
280,979
280,991
281,308
281,396
281,399
281,413
281,420
281,436
281,437
281,453
281,497
281,542
281,563
281,569
281,640
281,680
281,716
281,734
281,739
281,769
281,771
281,788
281,806
281,837
281,883
281,929
281,961
281,967
281,988
281,997
282,323
282,329
282,331
282,355
282,366
282,381
282,390
282,392
282,439
282,444
282,446
282,464
282,505
282,516
282,522
282,526
282,544
282,547
282,552
282,556
282,583
282,604
282,624
282,669
282,722
282,750
282,767
282,775
282,791
282,817
282,822
282,840
282,843
282,874
282,887
282,902
282,957
282,960
282,962
282,968
283,291
283,313
283,345
283,365
283,369
283,438
283,457
283,485
283,533
283,544
283,606
283,658
283,666
283,715
283,732
283,827
283,892
283,895
283,949
283,968
283,984
284,358
284,372
284,386
284,394
284,410
284,427
284,431
284,432
284,441
284,452
284,483
284,498
284,535
284,598
284,622
284,636
284,646
284,677
284,683
284,728
284,735
284,740
284,743
284,847
284,863
284,894
284,940
284,963
284,976
284,979
285,339
285,361
285,388
285,434
285,452
285,555
285,580
285,583
285,587
285,592
285,593
285,604
285,614
285,635
285,638
285,674
285,688
285,711
285,713
285,721
285,749
285,756
285,768
285,769
285,821
285,853
285,864
285,898
285,914
285,927
285,945
285,968
285,977
285,983
286,371
286,376
286,417
286,464
286,480
286,490
286,503
286,530
286,538
286,556
286,588
286,590
286,591
286,601
286,611
286,617
286,619
286,627
286,633
286,643
286,669
286,671
286,677
286,704
286,706
286,730
286,735
286,757
286,769
286,776
286,786
286,788
286,790
286,797
286,801
286,804
286,809
286,811
286,812
286,825
286,848
286,861
286,863
286,872
286,906
286,930
286,931
286,933
286,951
286,952
286,994
287,342
287,549
287,633
287,673
287,714
287,741
287,809
287,812
287,902
287,916
287,951
288,304
288,353
288,361
288,374
288,379
288,421
288,429
288,430
288,431
288,436
288,453
288,454
288,473
288,476
288,486
288,508
288,530
288,537
288,542
288,545
288,563
288,566
288,570
288,577
288,580
288,582
288,599
288,626
288,635
288,647
288,653
288,659
288,668
288,680
288,688
288,707
288,711
288,712
288,734
288,737
288,747
288,753
288,774
288,785
288,791
288,821
288,837
288,843
288,854
288,876
288,883
288,898
288,924
288,929
288,939
288,947
288,961
288,967
288,979
288,983
288,989
288,995
289,300
289,312
289,314
289,347
289,353
289,361
289,374
289,430
289,467
289,500
289,522
289,577
289,593
289,597
289,721
289,734
289,751
289,798
289,846
289,853
289,854
289,889
289,896
289,989
289,997
290,298
290,305
290,307
290,325
290,344
290,353
290,354
290,363
290,366
290,413
290,426
290,428
290,437
290,461
290,465
290,490
290,519
290,535
290,562
290,569
290,570
290,601
290,610
290,629
290,639
290,648
290,689
290,724
290,731
290,743
290,746
290,792
290,806
290,812
290,829
290,832
290,835
290,839
290,866
290,879
290,881
290,891
290,903
290,932
290,942
291,313
291,323
291,334
291,438
291,469
291,478
291,487
291,492
291,505
291,526
291,528
291,547
291,577
291,620
291,655
291,797
291,803
291,815
291,840
291,895
291,949
291,950
291,960
291,968
291,984
292,293
292,307
292,325
292,347
292,400
292,426
292,465
292,472
292,693
292,724
292,731
292,755
292,760
292,819
292,829
292,839
292,847
292,873
292,905
292,965
292,979
293,326
293,331
293,344
293,347
293,354
293,370
293,400
293,403
293,413
293,433
293,449
293,455
293,460
293,472
293,484
293,492
293,494
293,520
293,527
293,530
293,535
293,536
293,595
293,603
293,636
293,652
293,690
293,693
293,698
293,731
293,748
293,749
293,755
293,769
293,777
293,797
293,883
293,885
293,905
293,909
293,916
293,941
293,950
293,964
293,965
293,968
293,979
294,297
294,309
294,367
294,372
294,440
294,460
294,491
294,500
294,550
294,566
294,574
294,586
294,615
294,646
294,664
294,710
294,731
294,896
294,987
294,996
295,315
295,324
295,416
295,423
295,477
295,510
295,560
295,667
295,680
295,691
295,739
295,800
295,815
295,818
295,833
295,939
295,953
295,968
296,342
296,452
296,461
296,470
296,480
296,510
296,545
296,557
296,562
296,599
296,622
296,628
296,708
296,728
296,758
296,804
296,899
296,915
296,916
297,309
297,310
297,325
297,367
297,372
297,380
297,398
297,431
297,440
297,488
297,491
297,493
297,500
297,504
297,507
297,574
297,586
297,595
297,596
297,615
297,646
297,654
297,676
297,709
297,792
297,795
297,867
297,871
297,896
297,942
297,945
297,964
297,987
297,996
297,999
298,300
298,336
298,338
298,361
298,429
298,495
298,531
298,540
298,546
298,555
298,565
298,576
298,594
298,597
298,614
298,701
298,707
298,711
298,728
298,736
298,772
298,785
298,794
298,800
298,889
298,917
298,970
298,977
298,990
299,304
299,331
299,386
299,388
299,431
299,436
299,490
299,502
299,525
299,578
299,596
299,629
299,644
299,688
299,709
299,752
299,765
299,791
299,793
299,842
299,849
299,876
299,885
299,890
299,896
299,906
299,932
299,942
299,950
299,975
299,990
300,308
300,314
300,317
300,347
300,357
300,374
300,377
300,383
300,429
300,448
300,513
300,554
300,565
300,580
300,586
300,594
300,635
300,647
300,653
300,725
300,739
300,769
300,923
300,946
300,983
300,989
300,990
301,349
301,360
301,442
301,448
301,477
301,495
301,504
301,508
301,540
301,543
301,565
301,576
301,584
301,614
301,621
301,636
301,667
301,691
301,703
301,705
301,766
301,782
301,860
301,877
301,886
301,911
301,914
301,989
301,992
301,993
302,304
302,312
302,322
302,347
302,362
302,374
302,420
302,452
302,453
302,463
302,467
302,491
302,506
302,513
302,514
302,539
302,545
302,547
302,562
302,578
302,599
302,605
302,608
302,629
302,632
302,647
302,677
302,734
302,752
302,754
302,764
302,783
302,789
302,791
302,802
302,821
302,846
302,854
302,908
302,910
302,920
302,921
302,928
302,936
302,940
302,963
303,328
303,336
303,348
303,352
303,354
303,362
303,403
303,404
303,414
303,445
303,447
303,472
303,475
303,479
303,508
303,548
303,559
303,564
303,570
303,572
303,591
303,603
303,605
303,609
303,616
303,627
303,634
303,639
303,648
303,671
303,681
303,697
303,735
303,748
303,751
303,757
303,777
303,805
303,823
303,844
303,847
303,865
303,867
303,872
303,897
303,903
303,905
303,915
303,933
303,940
303,951
303,969
303,972
303,991
304,315
304,324
304,343
304,347
304,363
304,368
304,372
304,374
304,387
304,422
304,453
304,476
304,503
304,578
304,580
304,583
304,608
304,626
304,629
304,632
304,640
304,652
304,654
304,656
304,688
304,739
304,747
304,753
304,760
304,769
304,791
304,834
304,876
304,879
304,920
304,955
304,961
304,983
304,997
305,376
305,384
305,426
305,518
305,535
305,569
305,617
305,665
305,689
305,724
305,725
305,746
305,760
305,806
305,829
305,849
305,879
305,951
305,974
306,321
306,367
306,380
306,382
306,393
306,409
306,410
306,420
306,426
306,431
306,433
306,491
306,493
306,523
306,525
306,541
306,553
306,586
306,617
306,619
306,646
306,662
306,690
306,743
306,749
306,843
306,872
306,888
306,963
307,348
307,370
307,384
307,475
307,501
307,535
307,570
307,648
307,664
307,697
307,731
307,777
307,796
307,804
307,894
307,916
307,933
308,317
308,326
308,337
308,341
308,343
308,344
308,347
308,363
308,406
308,410
308,426
308,436
308,449
308,480
308,483
308,503
308,508
308,534
308,539
308,545
308,569
308,617
308,623
308,629
308,645
308,647
308,648
308,652
308,668
308,680
308,684
308,693
308,716
308,724
308,729
308,746
308,763
308,771
308,788
308,802
308,804
308,806
308,822
308,826
308,839
308,855
308,866
308,879
308,881
308,900
308,925
308,928
308,946
308,967
309,344
309,367
309,372
309,380
309,382
309,385
309,488
309,491
309,563
309,566
309,574
309,586
309,605
309,615
309,638
309,646
309,655
309,672
309,690
309,727
309,756
309,792
309,871
309,896
309,932
309,937
309,987
309,996
309,999
310,314
310,317
310,338
310,349
310,357
310,375
310,400
310,411
310,420
310,435
310,448
310,496
310,500
310,508
310,529
310,537
310,543
310,565
310,576
310,612
310,660
310,686
310,701
310,705
310,707
310,736
310,785
310,794
310,848
310,849
310,859
310,864
310,877
310,921
310,923
310,939
310,946
310,948
310,977
310,985
310,990
310,995
311,358
311,386
311,403
311,406
311,408
311,410
311,427
311,455
311,479
311,494
311,502
311,595
311,616
311,636
311,675
311,706
311,735
311,740
311,755
311,798
311,823
311,844
311,847
311,885
311,894
311,941
311,979
311,991
312,318
312,361
312,388
312,521
312,580
312,635
312,726
312,864
312,870
312,889
312,910
312,912
312,923
312,975
313,315
313,319
313,320
313,334
313,351
313,359
313,365
313,402
313,415
313,450
313,457
313,469
313,478
313,487
313,492
313,508
313,547
313,606
313,657
313,658
313,677
313,683
313,684
313,787
313,797
313,799
313,803
313,806
313,822
313,834
313,846
313,851
313,852
313,878
313,895
313,900
313,949
313,961
313,968
313,978
313,984
313,989
314,315
314,324
314,334
314,357
314,375
314,388
314,396
314,421
314,430
314,466
314,467
314,479
314,503
314,531
314,536
314,542
314,550
314,565
314,580
314,593
314,620
314,635
314,656
314,660
314,688
314,712
314,739
314,745
314,752
314,783
314,810
314,846
314,854
314,912
314,934
314,945
315,328
315,377
315,379
315,389
315,402
315,419
315,482
315,492
315,506
315,513
315,526
315,581
315,589
315,651
315,653
315,678
315,686
315,711
315,732
315,752
315,764
315,771
315,772
315,787
315,810
315,821
315,869
315,884
315,900
315,911
315,928
315,934
315,948
315,949
315,986
315,994
315,997
316,317
316,353
316,359
316,377
316,423
316,430
316,435
316,477
316,581
316,594
316,600
316,608
316,632
316,651
316,667
316,695
316,700
316,711
316,766
316,774
316,797
316,815
316,875
316,911
316,977
316,995
317,377
317,442
317,444
317,454
317,540
317,543
317,556
317,565
317,567
317,597
317,600
317,621
317,664
317,667
317,695
317,707
317,736
317,766
317,782
317,860
317,868
317,886
317,939
317,981
318,330
318,430
318,436
318,531
318,555
318,580
318,584
318,638
318,660
318,761
318,826
318,864
318,923
318,970
318,983
319,320
319,334
319,339
319,359
319,425
319,467
319,526
319,533
319,545
319,547
319,549
319,606
319,620
319,637
319,686
319,754
319,784
319,787
319,803
319,813
319,840
319,858
319,875
319,922
319,968
319,984
320,334
320,371
320,425
320,606
320,620
320,658
320,720
320,732
320,756
320,780
320,812
320,822
320,837
320,852
320,895
320,955
320,960
320,984
321,323
321,326
321,331
321,370
321,382
321,393
321,400
321,433
321,449
321,465
321,491
321,504
321,519
321,525
321,550
321,583
321,611
321,617
321,618
321,638
321,648
321,680
321,693
321,723
321,732
321,740
321,742
321,749
321,756
321,771
321,777
321,906
321,942
321,950
322,335
322,341
322,363
322,393
322,399
322,402
322,444
322,452
322,492
322,496
322,506
322,513
322,522
322,524
322,539
322,561
322,577
322,599
322,637
322,651
322,653
322,657
322,658
322,659
322,669
322,684
322,692
322,693
322,753
322,767
322,768
322,797
322,803
322,806
322,810
322,818
322,828
322,913
322,919
322,923
322,928
322,935
322,966
322,987
322,992
322,997
323,345
323,366
323,402
323,434
323,439
323,459
323,469
323,480
323,490
323,523
323,528
323,533
323,544
323,552
323,553
323,585
323,604
323,627
323,669
323,678
323,704
323,712
323,728
323,730
323,778
323,799
323,814
323,825
323,840
323,874
323,875
323,930
323,931
323,941
323,998
324,375
324,405
324,421
324,430
324,436
324,453
324,455
324,466
324,467
324,486
324,488
324,513
324,536
324,537
324,542
324,579
324,616
324,617
324,645
324,647
324,654
324,656
324,667
324,710
324,711
324,712
324,752
324,793
324,800
324,886
324,894
324,911
324,920
324,923
324,936
324,977
324,978
324,986
324,989
324,993
324,995
324,999
325,326
325,344
325,348
325,384
325,475
325,515
325,522
325,535
325,562
325,570
325,609
325,640
325,652
325,664
325,681
325,683
325,716
325,724
325,746
325,750
325,755
325,759
325,804
325,809
325,812
325,829
325,835
325,849
325,879
325,905
325,916
325,931
325,935
325,947
325,950
325,978
325,979
325,997
326,365
326,383
326,400
326,417
326,426
326,432
326,502
326,520
326,577
326,622
326,623
326,641
326,647
326,649
326,652
326,693
326,731
326,748
326,760
326,770
326,829
326,873
326,905
326,922
327,350
327,382
327,385
327,419
327,431
327,499
327,519
327,541
327,568
327,645
327,650
327,710
327,714
327,723
327,727
327,746
327,795
327,816
327,890
327,891
327,950
328,336
328,340
328,353
328,357
328,389
328,402
328,423
328,444
328,466
328,467
328,506
328,510
328,526
328,536
328,581
328,587
328,590
328,600
328,637
328,644
328,651
328,673
328,678
328,686
328,691
328,692
328,741
328,771
328,772
328,802
328,818
328,819
328,824
328,834
328,837
328,856
328,880
328,884
328,886
328,918
328,919
328,921
328,922
328,970
328,980
328,984
328,994
329,364
329,390
329,438
329,446
329,451
329,480
329,487
329,505
329,512
329,528
329,606
329,624
329,657
329,750
329,767
329,780
329,788
329,814
329,858
329,862
329,874
330,357
330,360
330,375
330,405
330,435
330,442
330,454
330,467
330,523
330,534
330,542
330,565
330,567
330,589
330,608
330,678
330,703
330,801
330,856
330,877
330,939
330,981
331,344
331,346
331,347
331,361
331,393
331,397
331,400
331,408
331,427
331,433
331,447
331,449
331,455
331,460
331,464
331,465
331,476
331,479
331,483
331,491
331,515
331,525
331,527
331,549
331,550
331,566
331,569
331,645
331,654
331,677
331,693
331,710
331,714
331,718
331,747
331,755
331,760
331,795
331,873
331,886
331,894
331,905
331,906
331,934
331,950
331,969
332,370
332,386
332,400
332,420
332,432
332,441
332,449
332,520
332,546
332,550
332,556
332,574
332,644
332,665
332,682
332,693
332,743
332,890
332,896
332,945
332,963
333,347
333,400
333,434
333,436
333,439
333,443
333,470
333,480
333,516
333,523
333,544
333,561
333,585
333,604
333,627
333,669
333,728
333,730
333,732
333,733
333,742
333,760
333,778
333,788
333,790
333,825
333,863
333,882
333,901
333,919
334,344
334,345
334,365
334,366
334,390
334,425
334,438
334,457
334,478
334,480
334,487
334,505
334,512
334,514
334,516
334,533
334,547
334,552
334,581
334,600
334,606
334,618
334,620
334,637
334,657
334,658
334,661
334,669
334,700
334,702
334,715
334,732
334,772
334,781
334,784
334,797
334,799
334,803
334,821
334,823
334,833
334,837
334,840
334,851
334,852
334,869
334,872
334,887
334,888
334,895
334,900
334,925
334,934
334,954
334,960
334,962
334,968
334,976
335,341
335,436
335,453
335,483
335,484
335,501
335,623
335,661
335,793
335,802
335,809
335,839
335,844
335,889
335,908
335,929
335,948
335,985
335,988
335,989
336,353
336,359
336,423
336,457
336,468
336,510
336,542
336,581
336,686
336,733
336,771
336,821
336,884
336,921
336,994
337,384
337,394
337,396
337,397
337,424
337,452
337,464
337,538
337,562
337,571
337,579
337,639
337,666
337,704
337,717
337,719
337,726
337,729
337,763
337,779
337,786
337,811
337,816
337,836
337,861
337,874
337,941
337,949
337,952
337,973
338,349
338,377
338,396
338,422
338,439
338,444
338,454
338,483
338,543
338,567
338,576
338,600
338,701
338,705
338,736
338,782
338,785
338,793
338,794
338,856
338,857
338,877
338,917
338,939
338,977
338,985
338,993
339,421
339,430
339,442
339,486
339,501
339,529
339,531
339,580
339,594
339,612
339,633
339,647
339,688
339,712
339,715
339,721
339,735
339,765
339,768
339,846
339,864
339,868
339,873
339,898
339,912
339,923
339,927
339,964
339,999
340,389
340,402
340,414
340,418
340,421
340,456
340,457
340,468
340,469
340,505
340,506
340,526
340,538
340,554
340,623
340,631
340,643
340,653
340,658
340,696
340,732
340,767
340,779
340,780
340,784
340,799
340,815
340,818
340,852
340,872
340,900
340,913
340,918
340,921
340,922
340,948
340,968
340,970
340,992
341,342
341,343
341,347
341,400
341,437
341,448
341,453
341,467
341,483
341,506
341,578
341,632
341,637
341,645
341,672
341,680
341,712
341,734
341,737
341,747
341,780
341,812
341,849
341,855
341,876
341,908
341,961
341,963
341,967
341,975
341,988
342,358
342,362
342,371
342,394
342,401
342,404
342,405
342,428
342,443
342,467
342,470
342,475
342,501
342,526
342,530
342,548
342,557
342,558
342,571
342,579
342,616
342,622
342,627
342,639
342,666
342,671
342,673
342,683
342,699
342,717
342,728
342,730
342,743
342,762
342,763
342,786
342,816
342,836
342,847
342,848
342,933
342,941
343,363
343,388
343,436
343,453
343,463
343,483
343,512
343,532
343,544
343,583
343,599
343,613
343,668
343,676
343,684
343,729
343,802
343,815
343,829
343,851
343,855
343,879
343,955
343,988
344,347
344,372
344,408
344,484
344,492
344,497
344,522
344,562
344,569
344,598
344,616
344,648
344,659
344,684
344,716
344,731
344,737
344,740
344,753
344,802
344,812
344,823
344,835
344,839
344,883
345,439
345,446
345,469
345,503
345,514
345,523
345,544
345,585
345,596
345,604
345,622
345,669
345,762
345,775
345,778
345,779
345,784
345,790
345,809
345,825
345,858
345,874
345,894
345,895
345,913
345,931
345,953
346,373
346,452
346,479
346,503
346,514
346,515
346,521
346,575
346,591
346,805
346,808
346,816
346,826
346,897
346,935
346,982
346,996
347,367
347,374
347,385
347,436
347,467
347,473
347,478
347,483
347,488
347,491
347,513
347,522
347,583
347,591
347,608
347,701
347,719
347,727
347,728
347,752
347,829
347,842
347,846
347,848
347,853
347,855
347,876
347,881
347,887
347,892
347,898
347,932
347,955
347,967
347,970
347,990
347,999
348,358
348,384
348,390
348,400
348,414
348,423
348,424
348,472
348,475
348,479
348,488
348,511
348,535
348,559
348,570
348,579
348,611
348,615
348,616
348,622
348,625
348,633
348,648
348,689
348,716
348,737
348,793
348,804
348,806
348,823
348,829
348,844
348,846
348,866
348,867
348,879
348,915
348,916
348,933
348,935
348,939
348,940
348,947
348,979
349,442
349,448
349,467
349,543
349,705
349,736
349,766
349,768
349,860
349,901
349,936
349,981
349,993
350,399
350,493
350,519
350,532
350,569
350,619
350,623
350,626
350,637
350,638
350,640
350,652
350,716
350,724
350,730
350,806
350,969
351,354
351,364
351,402
351,415
351,421
351,469
351,483
351,485
351,487
351,526
351,528
351,556
351,592
351,637
351,640
351,655
351,700
351,720
351,725
351,767
351,803
351,819
351,827
351,828
351,840
351,848
351,852
351,892
351,895
351,901
351,949
351,954
351,968
351,976
352,408
352,410
352,420
352,459
352,479
352,559
352,617
352,706
352,844
352,860
352,865
352,897
353,402
353,416
353,456
353,482
353,517
353,528
353,543
353,629
353,651
353,674
353,678
353,681
353,686
353,691
353,696
353,712
353,764
353,771
353,772
353,799
353,802
353,869
353,878
353,880
353,884
353,891
353,921
353,932
353,934
353,936
353,948
353,953
353,986
353,992
353,994
354,358
354,362
354,373
354,395
354,400
354,404
354,445
354,452
354,479
354,503
354,572
354,580
354,591
354,603
354,609
354,611
354,616
354,642
354,685
354,706
354,735
354,742
354,759
354,760
354,805
354,816
354,830
354,850
354,885
354,897
354,915
354,943
354,947
354,958
354,972
354,982
355,390
355,394
355,415
355,487
355,490
355,505
355,533
355,537
355,549
355,604
355,624
355,651
355,659
355,692
355,699
355,701
355,762
355,769
355,781
355,796
355,803
355,812
355,814
355,819
355,822
355,828
355,838
355,851
355,854
355,858
355,872
355,882
355,887
355,895
355,926
355,938
355,948
355,957
355,960
355,978
356,407
356,410
356,424
356,504
356,588
356,603
356,609
356,638
356,642
356,735
356,751
356,759
356,830
356,847
356,896
356,899
356,963
357,422
357,477
357,508
357,531
357,536
357,548
357,555
357,586
357,608
357,618
357,635
357,651
357,686
357,701
357,711
357,725
357,736
357,745
357,785
357,794
357,923
357,927
357,946
357,970
357,977
357,989
358,366
358,414
358,424
358,428
358,431
358,475
358,479
358,511
358,548
358,559
358,575
358,579
358,582
358,605
358,616
358,622
358,651
358,658
358,704
358,757
358,790
358,812
358,816
358,823
358,839
358,844
358,857
358,858
358,861
358,866
358,885
358,941
358,969
358,991
358,995
359,383
359,396
359,405
359,418
359,423
359,444
359,465
359,506
359,508
359,542
359,545
359,578
359,603
359,608
359,620
359,631
359,632
359,647
359,656
359,659
359,667
359,674
359,680
359,692
359,711
359,715
359,723
359,747
359,783
359,784
359,821
359,879
359,888
359,910
359,920
359,955
359,995
359,997
360,399
360,495
360,543
360,594
360,597
360,600
360,607
360,621
360,703
360,707
360,732
360,766
360,782
360,794
360,868
360,877
361,378
361,393
361,430
361,453
361,483
361,509
361,525
361,546
361,555
361,580
361,610
361,629
361,684
361,688
361,711
361,712
361,719
361,721
361,726
361,738
361,756
361,791
361,793
361,835
361,846
361,878
361,889
361,898
361,913
361,924
361,927
361,929
361,977
362,371
362,376
362,379
362,386
362,401
362,407
362,414
362,424
362,428
362,472
362,479
362,579
362,585
362,611
362,616
362,663
362,681
362,699
362,757
362,759
362,786
362,795
362,812
362,816
362,832
362,847
362,867
362,885
362,890
362,909
362,933
362,947
362,957
362,982
362,991
363,387
363,402
363,442
363,453
363,476
363,490
363,590
363,626
363,632
363,662
363,684
363,689
363,734
363,739
363,747
363,791
363,855
363,873
363,876
363,929
363,961
363,981
363,995
364,376
364,390
364,425
364,446
364,469
364,528
364,549
364,552
364,592
364,624
364,700
364,781
364,814
364,827
364,828
364,892
364,907
364,919
364,976
365,438
365,478
365,544
365,561
365,637
365,641
365,658
365,669
365,715
365,754
365,837
365,840
365,845
365,870
365,895
365,911
365,957
365,960
366,425
366,469
366,478
366,480
366,487
366,512
366,523
366,557
366,592
366,604
366,778
366,783
366,787
366,788
366,852
366,858
366,862
366,874
366,885
366,887
366,934
366,954
366,973
366,984
367,380
367,433
367,449
367,455
367,463
367,467
367,481
367,493
367,500
367,525
367,532
367,541
367,563
367,566
367,586
367,646
367,676
367,710
367,743
367,751
367,756
367,792
367,817
367,857
367,871
367,896
367,946
367,947
367,996
367,999
368,378
368,409
368,429
368,447
368,489
368,502
368,507
368,629
368,656
368,668
368,695
368,723
368,739
368,765
368,798
368,834
368,842
368,863
368,898
368,921
368,944
368,983
369,549
369,628
369,673
369,728
369,733
369,757
369,775
369,779
369,788
369,897
369,930
370,400
370,413
370,417
370,431
370,432
370,449
370,458
370,527
370,538
370,550
370,572
370,598
370,645
370,734
370,763
370,823
370,863
370,879
370,909
370,963
371,549
371,601
371,628
371,763
371,788
371,869
371,930
371,933
371,940
371,951
371,955
372,380
372,397
372,489
372,500
372,504
372,566
372,574
372,586
372,627
372,654
372,676
372,678
372,709
372,710
372,743
372,749
372,772
372,783
372,791
372,792
372,843
372,889
372,896
372,898
372,905
372,914
372,945
372,987
373,376
373,394
373,398
373,400
373,417
373,424
373,452
373,503
373,514
373,521
373,543
373,575
373,582
373,591
373,611
373,627
373,642
373,671
373,708
373,719
373,722
373,728
373,730
373,751
373,763
373,773
373,805
373,808
373,814
373,816
373,835
373,885
373,892
373,896
373,903
373,943
373,956
374,396
374,406
374,453
374,626
374,677
374,729
374,739
374,747
374,821
374,876
374,924
374,940
374,983
375,423
375,430
375,435
375,436
375,438
375,442
375,448
375,450
375,454
375,477
375,543
375,567
375,576
375,581
375,589
375,594
375,667
375,701
375,703
375,712
375,794
375,814
375,833
375,859
375,875
375,877
375,884
375,886
375,900
375,939
375,945
375,948
375,979
375,981
375,985
375,989
376,379
376,394
376,414
376,437
376,443
376,465
376,469
376,480
376,486
376,501
376,514
376,523
376,544
376,552
376,571
376,601
376,617
376,622
376,637
376,653
376,654
376,673
376,683
376,704
376,716
376,730
376,733
376,762
376,779
376,788
376,790
376,797
376,803
376,809
376,823
376,901
376,919
376,952
376,970
376,998
377,379
377,389
377,414
377,419
377,477
377,543
377,544
377,554
377,581
377,584
377,594
377,600
377,607
377,621
377,626
377,647
377,725
377,744
377,756
377,774
377,794
377,815
377,833
377,841
377,855
377,856
377,875
377,908
377,917
377,918
377,962
377,995
378,409
378,498
378,610
378,675
378,800
378,914
378,975
379,402
379,405
379,406
379,427
379,468
379,528
379,532
379,534
379,543
379,547
379,569
379,581
379,614
379,677
379,703
379,752
379,762
379,782
379,794
379,815
379,841
379,856
379,868
379,876
379,878
379,898
379,924
379,934
379,946
379,986
380,406
380,431
380,440
380,447
380,491
380,493
380,502
380,504
380,525
380,541
380,574
380,596
380,613
380,676
380,690
380,718
380,727
380,743
380,749
380,769
380,843
380,857
380,871
380,888
380,894
380,896
380,942
380,944
380,996
380,999
381,390
381,392
381,439
381,455
381,490
381,495
381,516
381,525
381,528
381,544
381,552
381,585
381,601
381,604
381,617
381,627
381,696
381,700
381,725
381,736
381,750
381,766
381,796
381,803
381,811
381,814
381,856
381,874
381,878
381,902
381,918
381,931
381,957
382,413
382,447
382,449
382,488
382,518
382,519
382,524
382,525
382,563
382,612
382,633
382,634
382,644
382,670
382,682
382,697
382,716
382,718
382,739
382,777
382,845
382,944
382,945
382,950
382,999
383,475
383,476
383,489
383,516
383,518
383,535
383,599
383,608
383,674
383,798
383,800
383,876
383,961
383,983
383,989
384,421
384,463
384,464
384,475
384,494
384,546
384,559
384,562
384,570
384,624
384,681
384,792
384,802
384,844
384,933
384,935
384,940
385,460
385,525
385,596
385,635
385,649
385,845
385,890
385,932
386,397
386,400
386,403
386,408
386,417
386,424
386,427
386,431
386,432
386,437
386,445
386,449
386,527
386,595
386,598
386,611
386,664
386,671
386,692
386,693
386,706
386,716
386,740
386,755
386,825
386,847
386,885
386,942
386,951
386,956
386,963
386,979
386,982
387,412
387,578
387,608
387,611
387,739
387,768
387,778
387,908
388,397
388,409
388,435
388,467
388,473
388,489
388,499
388,525
388,529
388,555
388,586
388,596
388,614
388,615
388,638
388,667
388,672
388,694
388,723
388,726
388,739
388,743
388,749
388,756
388,765
388,793
388,817
388,820
388,853
388,889
388,891
388,914
388,950
388,975
389,419
389,444
389,478
389,485
389,505
389,560
389,561
389,590
389,653
389,657
389,678
389,692
389,781
389,796
389,875
389,918
389,934
389,948
389,981
389,986
390,392
390,415
390,446
390,451
390,469
390,478
390,492
390,523
390,528
390,544
390,545
390,552
390,604
390,624
390,687
390,700
390,720
390,730
390,732
390,749
390,750
390,754
390,773
390,781
390,796
390,803
390,814
390,822
390,838
390,849
390,862
390,882
390,926
390,938
390,947
390,957
390,968
390,971
390,995
391,428
391,484
391,582
391,585
391,617
391,662
391,715
391,716
391,729
391,776
391,789
391,799
391,804
391,829
391,861
391,930
391,931
391,935
391,951
391,998
392,439
392,451
392,489
392,490
392,544
392,552
392,557
392,592
392,604
392,624
392,725
392,740
392,750
392,767
392,781
392,796
392,814
392,822
392,829
392,874
392,902
392,931
392,957
392,966
392,978
393,420
393,432
393,436
393,475
393,502
393,514
393,515
393,519
393,525
393,559
393,574
393,586
393,599
393,608
393,610
393,640
393,645
393,654
393,682
393,693
393,707
393,734
393,764
393,795
393,943
393,950
393,963
393,964
393,999
394,414
394,452
394,474
394,501
394,514
394,530
394,538
394,548
394,571
394,579
394,588
394,590
394,592
394,605
394,611
394,666
394,693
394,708
394,735
394,744
394,763
394,773
394,777
394,816
394,866
394,891
394,933
394,938
394,947
394,952
394,956
394,959
394,969
394,971
395,514
395,530
395,538
395,544
395,571
395,575
395,587
395,627
395,697
395,708
395,717
395,730
395,750
395,762
395,763
395,773
395,808
395,812
395,941
395,947
395,956
395,967
396,408
396,421
396,444
396,471
396,478
396,483
396,503
396,578
396,590
396,599
396,608
396,619
396,631
396,632
396,647
396,659
396,675
396,692
396,696
396,783
396,821
396,849
396,878
396,910
396,920
396,934
396,936
397,481
397,498
397,525
397,546
397,573
397,632
397,638
397,645
397,654
397,670
397,714
397,756
397,793
397,817
397,820
397,849
397,864
397,889
397,890
397,914
397,924
397,950
398,417
398,424
398,431
398,503
398,511
398,549
398,564
398,572
398,575
398,591
398,639
398,666
398,719
398,727
398,739
398,759
398,773
398,799
398,805
398,808
398,826
398,947
399,479
399,496
399,513
399,524
399,537
399,541
399,542
399,570
399,678
399,680
399,684
399,689
399,692
399,729
399,733
399,753
399,802
399,809
399,810
399,837
399,860
399,908
399,940
399,961
399,966
399,987
399,988
399,997
400,408
400,414
400,418
400,423
400,445
400,447
400,449
400,455
400,465
400,500
400,502
400,532
400,541
400,552
400,563
400,569
400,575
400,593
400,598
400,616
400,645
400,648
400,652
400,659
400,693
400,731
400,738
400,743
400,748
400,751
400,760
400,769
400,792
400,805
400,806
400,812
400,835
400,839
400,843
400,855
400,863
400,866
400,873
400,881
400,888
400,895
400,901
400,905
400,909
400,948
400,963
400,979
400,995
400,997
401,424
401,501
401,605
401,611
401,616
401,662
401,672
401,731
401,773
401,800
401,809
401,844
401,861
401,873
401,885
401,916
401,933
401,940
401,941
401,947
401,951
401,959
402,419
402,444
402,467
402,485
402,510
402,525
402,526
402,580
402,587
402,651
402,653
402,666
402,678
402,686
402,691
402,702
402,732
402,754
402,764
402,771
402,782
402,784
402,806
402,814
402,818
402,852
402,869
402,875
402,878
402,884
402,888
402,900
402,911
402,921
402,934
402,948
402,955
402,962
402,986
402,990
402,994
403,408
403,410
403,427
403,437
403,492
403,494
403,515
403,535
403,588
403,595
403,598
403,636
403,706
403,735
403,740
403,755
403,768
403,848
403,855
403,861
403,880
403,979
404,426
404,460
404,472
404,475
404,479
404,503
404,521
404,548
404,558
404,564
404,588
404,603
404,617
404,633
404,642
404,648
404,664
404,666
404,671
404,677
404,697
404,706
404,735
404,751
404,788
404,830
404,905
404,915
404,943
404,969
404,982
405,423
405,532
405,581
405,589
405,614
405,693
405,699
405,707
405,745
405,772
405,774
405,828
405,856
405,875
405,884
405,934
405,989
406,443
406,445
406,464
406,484
406,516
406,522
406,523
406,530
406,549
406,561
406,569
406,575
406,585
406,588
406,611
406,625
406,659
406,677
406,684
406,692
406,712
406,716
406,733
406,737
406,746
406,762
406,770
406,802
406,809
406,832
406,848
406,879
406,883
406,928
406,974
407,413
407,472
407,479
407,494
407,511
407,747
407,748
407,763
407,823
407,832
408,410
408,413
408,431
408,435
408,448
408,455
408,506
408,520
408,521
408,527
408,532
408,559
408,566
408,611
408,636
408,755
408,760
408,777
408,780
408,888
408,909
408,979
408,988
409,499
409,527
409,529
409,534
409,546
409,610
409,612
409,627
409,629
409,645
409,682
409,701
409,723
409,726
409,727
409,757
409,820
409,898
409,937
409,964
410,414
410,424
410,427
410,479
410,494
410,520
410,525
410,539
410,591
410,598
410,605
410,643
410,647
410,652
410,677
410,685
410,704
410,706
410,735
410,742
410,751
410,757
410,769
410,805
410,823
410,844
410,847
410,902
410,915
410,916
410,932
410,965
410,979
410,991
411,438
411,448
411,492
411,534
411,545
411,633
411,637
411,665
411,684
411,693
411,735
411,753
411,757
411,762
411,788
411,797
411,801
411,858
411,888
411,953
412,424
412,474
412,521
412,548
412,557
412,569
412,603
412,634
412,671
412,751
412,830
412,844
412,905
412,906
412,909
412,915
412,969
412,991
413,432
413,472
413,511
413,520
413,532
413,577
413,616
413,652
413,693
413,731
413,746
413,748
413,755
413,768
413,770
413,905
413,932
413,982
414,424
414,511
414,516
414,530
414,548
414,564
414,594
414,595
414,605
414,609
414,611
414,616
414,661
414,670
414,671
414,678
414,716
414,755
414,759
414,773
414,809
414,811
414,816
414,823
414,828
414,830
414,844
414,852
414,866
414,885
414,913
414,916
414,935
414,940
414,947
414,956
414,959
414,971
414,991
414,997
415,438
415,443
415,487
415,496
415,528
415,534
415,651
415,655
415,658
415,700
415,762
415,767
415,771
415,799
415,803
415,814
415,825
415,827
415,828
415,840
415,852
415,887
415,938
415,954
415,957
415,960
415,976
416,418
416,442
416,444
416,471
416,560
416,631
416,674
416,699
416,753
416,771
416,837
416,845
416,878
416,921
416,932
416,984
416,994
417,431
417,445
417,514
417,515
417,516
417,558
417,559
417,572
417,586
417,591
417,609
417,642
417,697
417,738
417,759
417,805
417,808
417,816
417,817
417,830
417,836
417,850
417,947
417,958
417,972
417,982
417,991
418,429
418,484
418,496
418,506
418,513
418,537
418,539
418,543
418,560
418,578
418,608
418,631
418,692
418,699
418,702
418,719
418,744
418,797
418,824
418,860
418,869
418,878
418,908
418,910
418,918
418,922
418,934
418,960
418,966
419,423
419,456
419,466
419,510
419,539
419,587
419,592
419,653
419,678
419,680
419,686
419,712
419,752
419,764
419,780
419,824
419,837
419,866
419,884
419,896
419,900
419,934
419,948
419,953
419,958
419,986
420,426
420,431
420,432
420,449
420,455
420,507
420,517
420,524
420,550
420,614
420,636
420,639
420,645
420,740
420,785
420,867
420,888
420,963
420,964
420,967
420,999
421,430
421,453
421,458
421,463
421,466
421,472
421,477
421,497
421,536
421,537
421,539
421,542
421,555
421,556
421,586
421,593
421,599
421,604
421,631
421,632
421,647
421,656
421,660
421,661
421,662
421,712
421,720
421,726
421,747
421,752
421,783
421,791
421,797
421,800
421,814
421,821
421,846
421,920
421,924
421,925
421,936
421,961
421,995
422,473
422,508
422,525
422,531
422,580
422,594
422,701
422,716
422,800
422,851
422,886
422,920
422,946
423,444
423,454
423,456
423,466
423,468
423,477
423,510
423,522
423,536
423,540
423,556
423,581
423,596
423,599
423,600
423,631
423,647
423,651
423,667
423,674
423,695
423,703
423,707
423,711
423,736
423,774
423,780
423,821
423,822
423,843
423,851
423,857
423,875
423,877
423,878
423,888
423,911
423,936
423,937
423,948
423,986
423,989
423,990
424,459
424,479
424,511
424,513
424,515
424,598
424,611
424,616
424,664
424,671
424,757
424,763
424,773
424,830
424,839
424,864
424,885
424,888
424,896
424,915
424,933
424,940
424,959
424,969
424,979
424,988
425,547
425,552
425,592
425,602
425,606
425,620
425,658
425,715
425,735
425,767
425,814
425,852
425,869
425,892
425,918
425,922
425,962
425,968
425,984
426,465
426,472
426,483
426,501
426,562
426,648
426,664
426,668
426,687
426,714
426,724
426,737
426,748
426,769
426,777
426,802
426,829
426,835
426,873
426,880
426,904
426,965
427,431
427,475
427,504
427,546
427,595
427,598
427,633
427,634
427,636
427,640
427,650
427,706
427,742
427,756
427,847
427,894
427,942
428,472
428,528
428,532
428,562
428,611
428,616
428,627
428,640
428,677
428,731
428,735
428,769
428,809
428,811
428,887
428,932
428,933
429,454
429,486
429,495
429,513
429,522
429,531
429,565
429,568
429,576
429,578
429,584
429,594
429,661
429,663
429,675
429,703
429,705
429,707
429,712
429,736
429,785
429,802
429,860
429,917
429,921
429,923
429,981
429,990
429,995
430,486
430,498
430,555
430,562
430,580
430,632
430,675
430,688
430,694
430,713
430,721
430,723
430,724
430,736
430,744
430,761
430,768
430,794
430,853
430,855
430,859
430,912
430,917
430,923
430,924
430,961
430,977
430,995
431,432
431,437
431,441
431,447
431,449
431,455
431,458
431,507
431,514
431,517
431,520
431,522
431,527
431,532
431,541
431,550
431,598
431,670
431,676
431,740
431,748
431,749
431,759
431,812
431,850
431,857
431,863
431,894
431,945
431,963
431,992
432,455
432,474
432,504
432,527
432,568
432,570
432,636
432,755
432,777
432,843
432,888
432,906
432,909
432,979
433,442
433,449
433,517
433,519
433,550
433,645
433,678
433,690
433,743
433,746
433,857
433,876
433,878
433,888
433,890
433,912
433,914
433,963
434,440
434,459
434,462
434,470
434,480
434,492
434,523
434,534
434,551
434,585
434,604
434,618
434,719
434,725
434,735
434,753
434,757
434,762
434,789
434,790
434,814
434,825
434,861
434,872
434,913
434,926
434,930
434,952
434,957
434,998
435,442
435,454
435,468
435,543
435,567
435,589
435,594
435,608
435,614
435,667
435,703
435,732
435,741
435,859
435,877
435,939
435,968
435,977
435,981
435,985
436,449
436,483
436,516
436,531
436,554
436,561
436,576
436,582
436,583
436,584
436,617
436,623
436,667
436,677
436,684
436,692
436,729
436,793
436,811
436,855
436,879
436,885
436,890
436,893
436,908
436,917
436,922
436,928
436,937
436,955
436,963
436,988
436,994
436,997
437,452
437,465
437,494
437,505
437,511
437,520
437,525
437,535
437,568
437,570
437,605
437,636
437,642
437,648
437,652
437,698
437,710
437,748
437,755
437,777
437,792
437,859
437,883
437,905
437,979
438,457
438,469
438,478
438,487
438,492
438,528
438,558
438,585
438,601
438,617
438,627
438,630
438,632
438,641
438,702
438,715
438,716
438,720
438,732
438,783
438,797
438,801
438,810
438,825
438,837
438,840
438,869
438,882
438,895
438,904
438,925
438,934
438,947
438,949
438,951
438,954
438,960
439,522
439,526
439,544
439,554
439,585
439,592
439,604
439,605
439,669
439,725
439,728
439,749
439,769
439,778
439,797
439,805
439,822
439,858
439,862
439,874
439,887
439,902
439,910
439,921
439,931
440,465
440,493
440,499
440,504
440,541
440,563
440,566
440,574
440,586
440,646
440,659
440,727
440,749
440,857
440,871
440,896
440,979
440,999
441,449
441,458
441,500
441,507
441,518
441,527
441,541
441,566
441,670
441,690
441,706
441,710
441,731
441,749
441,871
441,888
441,963
442,454
442,491
442,508
442,510
442,540
442,543
442,567
442,594
442,607
442,617
442,621
442,631
442,645
442,678
442,701
442,703
442,721
442,736
442,782
442,818
442,833
442,856
442,859
442,868
442,877
442,886
442,912
442,939
442,977
442,980
442,981
442,982
442,985
442,993
443,444
443,501
443,582
443,585
443,601
443,622
443,692
443,733
443,744
443,762
443,779
443,788
443,832
443,908
443,916
443,919
443,930
443,933
443,951
443,952
444,447
444,453
444,474
444,492
444,493
444,506
444,508
444,526
444,539
444,542
444,560
444,587
444,590
444,631
444,632
444,645
444,657
444,674
444,704
444,764
444,783
444,797
444,809
444,812
444,813
444,869
444,879
444,880
444,896
444,910
444,911
444,929
444,938
444,940
444,968
444,995
445,479
445,521
445,572
445,575
445,591
445,598
445,603
445,604
445,612
445,642
445,723
445,751
445,759
445,787
445,830
445,847
445,850
445,897
445,915
445,943
445,982
446,469
446,544
446,604
446,641
446,700
446,725
446,750
446,778
446,862
446,874
446,880
446,892
446,978
447,458
447,494
447,519
447,525
447,541
447,596
447,615
447,626
447,654
447,676
447,718
447,743
447,843
447,846
447,888
447,891
447,996
447,999
448,454
448,456
448,477
448,480
448,536
448,540
448,542
448,581
448,594
448,600
448,607
448,684
448,766
448,774
448,782
448,783
448,812
448,853
448,859
448,868
448,875
448,876
448,946
448,989
448,990
448,993
448,994
449,455
449,475
449,525
449,527
449,541
449,550
449,613
449,615
449,645
449,659
449,690
449,693
449,718
449,731
449,740
449,748
449,749
449,795
449,812
449,813
449,857
449,863
449,877
449,888
449,906
449,909
449,922
449,932
449,945
449,959
449,963
449,971
449,983
449,987
449,999
450,465
450,470
450,512
450,518
450,554
450,556
450,577
450,590
450,619
450,631
450,643
450,651
450,657
450,680
450,699
450,744
450,801
450,802
450,810
450,813
450,870
450,880
450,895
450,902
450,953
451,523
451,528
451,592
451,655
451,700
451,767
451,796
451,803
451,885
451,968
451,978
452,470
452,479
452,480
452,503
452,514
452,516
452,521
452,575
452,582
452,591
452,627
452,726
452,739
452,763
452,773
452,805
452,808
452,816
452,823
452,850
452,880
452,897
452,903
452,956
452,958
452,959
453,483
453,529
453,565
453,578
453,583
453,599
453,608
453,632
453,637
453,654
453,661
453,671
453,674
453,680
453,684
453,734
453,739
453,747
453,791
453,793
453,821
453,839
453,842
453,876
453,882
453,929
453,961
453,968
453,988
453,990
454,543
454,567
454,576
454,589
454,703
454,736
454,856
454,930
454,939
454,945
454,981
454,985
455,458
455,520
455,527
455,632
455,636
455,648
455,688
455,689
455,742
455,812
455,836
455,888
455,909
455,945
455,963
455,973
455,988
456,466
456,469
456,526
456,533
456,581
456,632
456,653
456,696
456,702
456,732
456,734
456,772
456,780
456,799
456,852
456,863
456,900
456,918
456,922
456,948
457,466
457,478
457,547
457,591
457,606
457,620
457,658
457,699
457,702
457,739
457,772
457,783
457,784
457,796
457,818
457,852
457,862
457,895
457,938
457,962
457,968
457,980
457,997
458,491
458,492
458,507
458,525
458,541
458,563
458,591
458,596
458,645
458,670
458,690
458,749
458,888
458,894
458,897
458,963
459,492
459,529
459,545
459,552
459,587
459,601
459,602
459,610
459,630
459,641
459,643
459,659
459,662
459,684
459,722
459,725
459,741
459,753
459,855
459,907
459,925
459,931
459,941
459,959
459,998
460,481
460,488
460,491
460,500
460,525
460,558
460,569
460,586
460,596
460,612
460,620
460,635
460,638
460,645
460,654
460,676
460,714
460,718
460,724
460,727
460,765
460,792
460,807
460,845
460,871
460,874
460,891
460,933
460,937
460,950
460,999
461,464
461,482
461,484
461,562
461,602
461,611
461,617
461,625
461,716
461,802
461,812
462,469
462,492
462,505
462,516
462,534
462,536
462,539
462,540
462,545
462,551
462,553
462,579
462,617
462,620
462,630
462,641
462,643
462,649
462,672
462,704
462,728
462,733
462,775
462,788
462,789
462,790
462,792
462,801
462,819
462,840
462,899
462,913
462,926
462,938
462,941
463,476
463,540
463,599
463,632
463,660
463,661
463,711
463,800
463,929
463,961
463,984
463,995
464,484
464,534
464,549
464,561
464,570
464,588
464,617
464,625
464,662
464,664
464,665
464,677
464,689
464,702
464,729
464,737
464,741
464,750
464,802
464,811
464,835
464,861
464,913
464,937
464,968
465,480
465,491
465,502
465,532
465,562
465,579
465,590
465,623
465,626
465,632
465,648
465,649
465,656
465,664
465,675
465,714
465,726
465,731
465,750
465,760
465,769
465,802
465,806
465,809
465,829
465,873
465,885
465,890
465,894
465,904
465,905
465,924
465,930
465,942
466,468
466,482
466,510
466,513
466,553
466,580
466,581
466,608
466,631
466,632
466,638
466,651
466,667
466,674
466,678
466,680
466,691
466,702
466,800
466,824
466,858
466,868
466,884
466,921
466,953
466,986
466,992
466,994
467,495
467,537
467,562
467,581
467,584
467,594
467,608
467,614
467,635
467,647
467,656
467,707
467,711
467,718
467,752
467,755
467,771
467,798
467,817
467,920
467,923
467,936
467,968
467,989
467,990
467,995
468,477
468,528
468,534
468,539
468,625
468,667
468,692
468,716
468,764
468,767
468,771
468,772
468,774
468,810
468,824
468,841
468,855
468,876
468,878
468,911
468,921
468,928
468,948
468,986
468,995
469,480
469,493
469,514
469,592
469,655
469,658
469,659
469,669
469,700
469,720
469,725
469,728
469,750
469,819
469,837
469,858
469,862
469,887
469,907
469,926
469,954
469,957
469,978
469,979
469,990
470,480
470,487
470,492
470,494
470,501
470,532
470,557
470,602
470,622
470,627
470,683
470,728
470,733
470,750
470,762
470,788
470,790
470,804
470,808
470,846
470,848
470,874
470,900
470,901
470,925
470,930
470,952
470,956
470,959
470,998
471,506
471,540
471,560
471,617
471,618
471,621
471,674
471,704
471,731
471,856
471,921
471,947
471,948
472,475
472,497
472,501
472,506
472,511
472,522
472,532
472,548
472,559
472,561
472,563
472,568
472,569
472,570
472,613
472,627
472,639
472,648
472,652
472,664
472,668
472,689
472,731
472,740
472,749
472,755
472,760
472,806
472,823
472,825
472,826
472,829
472,839
472,866
472,872
472,879
472,884
472,905
472,929
472,940
472,943
472,946
472,947
472,958
472,979
473,509
473,529
473,581
473,629
473,654
473,663
473,702
473,721
473,736
473,756
473,768
473,793
473,878
473,914
473,923
473,942
473,945
474,480
474,569
474,617
474,622
474,627
474,628
474,666
474,671
474,677
474,689
474,722
474,728
474,730
474,778
474,801
474,805
474,836
474,853
474,874
474,930
474,941
474,947
474,952
475,482
475,499
475,507
475,535
475,558
475,559
475,562
475,569
475,605
475,616
475,619
475,659
475,664
475,683
475,685
475,728
475,732
475,742
475,757
475,760
475,776
475,809
475,823
475,829
475,835
475,846
475,866
475,883
475,901
475,905
475,935
475,940
475,943
475,958
475,979
475,983
476,483
476,489
476,593
476,599
476,635
476,680
476,686
476,716
476,734
476,739
476,898
476,924
476,989
476,995
477,512
477,540
477,560
477,581
477,600
477,621
477,631
477,660
477,667
477,692
477,695
477,705
477,775
477,815
477,860
477,868
477,875
477,880
477,930
477,981
477,990
478,557
478,582
478,588
478,592
478,618
478,620
478,655
478,710
478,732
478,754
478,784
478,787
478,801
478,803
478,819
478,834
478,837
478,880
478,895
478,960
478,968
478,984
479,511
479,514
479,530
479,548
479,559
479,564
479,586
479,591
479,603
479,616
479,652
479,698
479,733
479,735
479,755
479,757
479,768
479,781
479,808
479,823
479,847
479,867
479,916
479,917
479,940
479,947
479,948
479,969
479,979
479,982
479,991
480,492
480,503
480,525
480,526
480,549
480,554
480,557
480,575
480,582
480,601
480,617
480,622
480,627
480,647
480,669
480,677
480,683
480,728
480,757
480,762
480,786
480,788
480,790
480,802
480,804
480,825
480,831
480,848
480,861
480,881
480,887
480,901
480,913
480,919
480,930
480,938
480,979
480,998
481,489
481,596
481,612
481,638
481,644
481,654
481,712
481,793
481,820
481,942
481,964
482,587
482,637
482,643
482,686
482,691
482,744
482,771
482,776
482,798
482,878
482,883
483,535
483,561
483,562
483,583
483,599
483,610
483,611
483,623
483,647
483,652
483,656
483,661
483,716
483,724
483,729
483,731
483,734
483,791
483,794
483,802
483,826
483,835
483,837
483,855
483,876
483,881
483,888
483,891
483,897
483,929
483,934
483,960
483,967
483,975
483,983
483,988
483,997
484,497
484,518
484,521
484,522
484,549
484,554
484,561
484,659
484,665
484,671
484,716
484,737
484,835
484,881
484,943
484,952
485,533
485,620
485,631
485,643
485,658
485,769
485,780
485,784
485,803
485,818
485,852
485,934
485,984
486,506
486,523
486,531
486,536
486,542
486,580
486,594
486,607
486,608
486,635
486,647
486,656
486,660
486,667
486,702
486,734
486,761
486,800
486,842
486,854
486,861
486,864
486,868
486,889
486,898
486,920
486,989
486,990
486,995
487,505
487,528
487,544
487,592
487,604
487,655
487,720
487,757
487,767
487,781
487,787
487,803
487,817
487,827
487,843
487,858
487,882
487,892
487,902
487,949
487,968
487,976
488,499
488,519
488,525
488,529
488,608
488,612
488,638
488,652
488,663
488,675
488,676
488,718
488,743
488,749
488,757
488,792
488,817
488,894
488,896
488,942
488,945
488,961
488,964
488,986
488,999
489,525
489,638
489,650
489,654
489,672
489,709
489,793
489,817
489,839
489,868
490,687
490,702
490,796
490,814
490,818
490,822
490,838
490,851
490,902
490,926
490,938
490,951
490,957
490,975
490,978
491,493
491,494
491,529
491,550
491,575
491,586
491,595
491,613
491,676
491,690
491,727
491,743
491,777
491,823
491,849
491,857
491,871
491,888
491,896
491,963
491,964
491,996
492,513
492,516
492,529
492,534
492,545
492,556
492,562
492,577
492,579
492,617
492,630
492,715
492,716
492,731
492,737
492,741
492,753
492,754
492,762
492,767
492,790
492,801
492,802
492,809
492,812
492,832
492,874
492,887
492,909
492,913
492,918
492,945
492,951
492,969
492,997
493,499
493,504
493,530
493,541
493,563
493,566
493,615
493,646
493,709
493,743
493,749
493,857
493,871
493,888
493,891
493,924
493,944
493,963
493,987
493,996
493,999
494,501
494,520
494,535
494,550
494,563
494,607
494,616
494,693
494,698
494,706
494,712
494,727
494,731
494,740
494,751
494,755
494,769
494,777
494,808
494,829
494,863
494,905
494,933
494,945
494,965
494,968
494,974
494,979
494,999
495,526
495,565
495,584
495,594
495,614
495,727
495,774
495,782
495,785
495,839
495,856
495,908
495,911
495,917
495,977
495,990
496,505
496,506
496,513
496,524
496,534
496,554
496,580
496,631
496,665
496,667
496,680
496,684
496,715
496,741
496,753
496,754
496,762
496,783
496,889
496,916
496,925
496,928
496,966
496,967
496,995
497,522
497,530
497,561
497,562
497,565
497,569
497,577
497,588
497,613
497,623
497,625
497,652
497,659
497,672
497,677
497,678
497,692
497,716
497,747
497,753
497,757
497,759
497,765
497,769
497,825
497,836
497,848
497,866
497,879
497,881
497,916
497,951
497,974
498,638
498,768
498,817
498,820
498,843
499,586
499,596
499,613
499,653
499,654
499,817
499,891
499,929
499,937
499,942
499,945
499,964
499,965
500,566
500,574
500,586
500,615
500,676
500,709
500,743
500,749
500,801
500,812
500,843
500,871
500,888
500,896
500,987
500,996
501,509
501,520
501,522
501,575
501,579
501,605
501,609
501,611
501,616
501,622
501,627
501,629
501,633
501,673
501,681
501,683
501,690
501,757
501,809
501,811
501,812
501,854
501,857
501,861
501,872
501,885
501,935
501,947
501,951
501,971
501,972
501,979
502,530
502,580
502,583
502,602
502,613
502,619
502,671
502,692
502,694
502,700
502,710
502,760
502,793
502,817
502,820
502,829
502,842
502,843
502,849
502,932
502,942
502,948
502,950
502,975
502,979
502,987
503,514
503,515
503,538
503,557
503,561
503,572
503,575
503,591
503,611
503,639
503,673
503,684
503,703
503,728
503,735
503,758
503,759
503,773
503,774
503,803
503,805
503,808
503,816
503,826
503,897
503,903
503,916
503,934
503,947
503,951
503,956
503,958
503,969
504,541
504,563
504,611
504,645
504,673
504,718
504,727
504,743
504,806
504,845
504,857
504,944
504,964
504,996
505,528
505,553
505,592
505,620
505,655
505,658
505,678
505,696
505,703
505,722
505,725
505,767
505,783
505,799
505,814
505,819
505,822
505,828
505,831
505,837
505,851
505,882
505,922
505,938
505,954
505,978
505,984
505,986
505,998
506,513
506,524
506,531
506,539
506,560
506,637
506,640
506,643
506,656
506,659
506,692
506,798
506,799
506,810
506,821
506,904
506,908
506,942
506,976
506,997
507,517
507,525
507,527
507,566
507,568
507,638
507,670
507,690
507,714
507,749
507,888
507,909
507,963
507,989
508,531
508,562
508,565
508,567
508,580
508,586
508,594
508,653
508,659
508,692
508,701
508,705
508,723
508,745
508,766
508,785
508,793
508,794
508,856
508,889
508,921
508,923
508,934
508,946
508,962
508,970
508,977
508,979
508,990
508,995
509,531
509,574
509,580
509,586
509,596
509,632
509,645
509,654
509,718
509,742
509,817
509,843
509,865
509,937
509,942
509,945
510,592
510,651
510,667
510,678
510,691
510,772
510,780
510,830
510,884
510,921
510,948
510,966
510,994
511,548
511,553
511,559
511,605
511,611
511,642
511,652
511,671
511,696
511,751
511,777
511,823
511,835
511,844
511,866
511,940
511,972
511,991
512,524
512,556
512,619
512,630
512,643
512,689
512,715
512,716
512,732
512,754
512,762
512,776
512,837
512,839
512,847
512,870
512,893
512,904
512,907
512,925
512,980
513,539
513,556
513,557
513,571
513,578
513,608
513,631
513,651
513,673
513,680
513,692
513,712
513,721
513,734
513,751
513,774
513,783
513,818
513,876
513,897
513,908
513,920
513,933
513,947
513,948
513,989
513,997
514,521
514,530
514,538
514,575
514,591
514,603
514,611
514,639
514,659
514,681
514,711
514,717
514,735
514,762
514,773
514,791
514,805
514,808
514,816
514,823
514,877
514,900
514,903
514,915
514,929
514,933
514,956
514,969
514,982
514,991
514,994
515,522
515,548
515,549
515,558
515,559
515,564
515,572
515,575
515,591
515,595
515,609
515,671
515,759
515,773
515,805
515,811
515,816
515,830
515,841
515,844
515,897
515,903
515,941
515,943
515,959
515,969
515,982
516,523
516,545
516,549
516,553
516,582
516,601
516,617
516,630
516,677
516,680
516,684
516,692
516,704
516,726
516,729
516,733
516,756
516,762
516,771
516,786
516,788
516,791
516,797
516,829
516,836
516,862
516,890
516,926
516,928
516,930
516,941
516,952
516,974
516,997
517,586
517,598
517,647
517,670
517,749
517,757
517,769
517,909
517,964
518,523
518,561
518,582
518,597
518,626
518,662
518,665
518,684
518,741
518,753
518,789
518,796
518,802
518,805
518,837
518,888
518,945
518,974
518,976
518,983
518,990
519,523
519,550
519,571
519,572
519,596
519,640
519,645
519,648
519,666
519,676
519,677
519,682
519,718
519,743
519,809
519,812
519,888
519,890
519,893
519,906
519,945
519,950
519,963
519,967
519,970
520,525
520,550
520,569
520,619
520,636
520,648
520,652
520,688
520,693
520,748
520,769
520,777
520,905
521,530
521,549
521,552
521,575
521,591
521,611
521,639
521,642
521,684
521,759
521,773
521,805
521,816
521,826
521,849
521,897
521,903
521,915
521,935
521,958
521,972
521,982
521,983
522,549
522,562
522,579
522,611
522,625
522,627
522,651
522,659
522,664
522,673
522,677
522,683
522,689
522,716
522,728
522,730
522,770
522,783
522,796
522,804
522,809
522,812
522,879
522,885
522,897
522,933
522,970
523,528
523,544
523,551
523,585
523,596
523,601
523,669
523,671
523,719
523,728
523,731
523,732
523,733
523,778
523,790
523,802
523,813
523,822
523,825
523,848
523,858
523,862
523,874
523,892
523,910
523,913
523,931
523,960
523,962
524,587
524,610
524,684
524,734
524,741
524,810
524,869
524,879
524,897
524,907
524,945
524,953
524,992
525,541
525,550
525,566
525,584
525,586
525,613
525,617
525,638
525,644
525,645
525,646
525,648
525,650
525,654
525,659
525,663
525,676
525,682
525,698
525,714
525,725
525,731
525,735
525,743
525,755
525,756
525,777
525,793
525,817
525,820
525,842
525,843
525,845
525,849
525,851
525,857
525,863
525,878
525,881
525,888
525,890
525,891
525,896
525,924
525,932
525,955
525,989
525,996
525,999
526,528
526,533
526,547
526,587
526,647
526,651
526,653
526,732
526,749
526,773
526,780
526,784
526,799
526,818
526,852
526,860
526,877
526,890
526,900
526,918
526,922
526,933
526,948
526,952
526,954
526,983
527,598
527,636
527,639
527,693
527,718
527,731
527,769
527,777
527,807
527,809
527,830
527,845
527,849
527,943
527,963
527,964
527,975
527,991
528,592
528,655
528,658
528,696
528,700
528,767
528,803
528,858
528,862
528,892
528,895
528,913
528,976
529,613
529,629
529,646
529,663
529,672
529,680
529,682
529,694
529,695
529,726
529,729
529,756
529,785
529,793
529,812
529,817
529,820
529,826
529,852
529,856
529,863
529,911
529,914
529,923
529,927
529,945
529,961
530,548
530,574
530,579
530,617
530,622
530,627
530,652
530,666
530,673
530,692
530,708
530,717
530,730
530,741
530,759
530,762
530,763
530,773
530,790
530,802
530,811
530,831
530,836
530,842
530,863
530,885
530,904
530,929
530,941
530,947
530,959
530,971
530,973
530,991
530,995
531,576
531,622
531,635
531,661
531,675
531,746
531,846
531,860
531,923
531,989
532,561
532,562
532,580
532,648
532,652
532,698
532,731
532,769
532,804
532,820
532,829
532,855
532,873
532,876
532,890
532,905
532,915
532,974
532,979
532,999
533,547
533,606
533,618
533,620
533,658
533,720
533,759
533,797
533,803
533,818
533,852
533,893
533,962
533,984
533,986
534,545
534,553
534,554
534,577
534,590
534,617
534,622
534,630
534,637
534,658
534,669
534,677
534,732
534,744
534,753
534,761
534,762
534,787
534,797
534,801
534,808
534,825
534,834
534,858
534,881
534,895
534,901
534,907
534,924
534,925
534,934
534,947
534,957
534,993
535,543
535,549
535,562
535,570
535,583
535,598
535,648
535,666
535,731
535,737
535,748
535,760
535,792
535,806
535,807
535,812
535,823
535,873
535,892
535,924
535,935
535,951
536,542
536,600
536,623
536,627
536,647
536,656
536,701
536,702
536,712
536,739
536,752
536,798
536,854
536,881
536,917
536,936
536,939
536,964
536,977
536,989
536,990
536,995
537,539
537,542
537,556
537,565
537,647
537,711
537,752
537,772
537,783
537,791
537,798
537,821
537,878
537,890
537,910
537,928
537,932
537,936
537,944
538,544
538,571
538,575
538,579
538,582
538,604
538,625
538,639
538,666
538,690
538,717
538,808
538,831
538,852
538,885
538,901
538,956
539,545
539,578
539,590
539,638
539,662
539,683
539,684
539,692
539,699
539,747
539,754
539,759
539,783
539,787
539,821
539,833
539,884
539,896
539,908
539,910
539,926
539,931
539,953
539,989
539,994
539,997
540,565
540,580
540,584
540,594
540,600
540,614
540,617
540,621
540,651
540,694
540,701
540,707
540,712
540,738
540,860
540,886
540,917
540,920
540,947
540,989
541,566
541,570
541,601
541,615
541,654
541,718
541,731
541,743
541,792
541,843
541,857
541,871
541,896
541,944
541,996
542,545
542,581
542,599
542,632
542,647
542,656
542,661
542,701
542,711
542,723
542,752
542,821
542,854
542,868
542,875
542,878
542,920
542,924
542,932
542,975
542,989
542,990
542,995
543,559
543,567
543,581
543,589
543,614
543,631
543,656
543,703
543,705
543,712
543,766
543,859
543,864
543,877
543,981
543,983
543,985
543,990
543,994
544,554
544,579
544,592
544,611
544,643
544,700
544,723
544,725
544,728
544,762
544,819
544,822
544,825
544,858
544,862
544,872
544,885
544,902
544,930
544,938
544,949
544,952
544,967
544,984
545,555
545,582
545,601
545,617
545,628
545,630
545,677
545,684
545,686
545,688
545,691
545,696
545,716
545,725
545,732
545,754
545,762
545,784
545,796
545,801
545,872
545,893
545,901
545,902
545,913
545,918
545,930
545,947
545,951
545,982
546,612
546,638
546,712
546,723
546,823
546,842
546,878
546,890
546,927
546,945
546,989
547,603
547,606
547,620
547,658
547,732
547,744
547,753
547,754
547,780
547,784
547,794
547,818
547,837
547,852
547,922
547,962
547,968
547,984
547,990
548,559
548,564
548,575
548,598
548,611
548,616
548,652
548,671
548,735
548,759
548,816
548,823
548,875
548,885
548,916
548,969
548,991
549,559
549,561
549,582
549,585
549,588
549,601
549,607
549,610
549,617
549,642
549,659
549,662
549,677
549,681
549,689
549,737
549,744
549,788
549,813
549,832
549,835
549,839
549,855
549,879
549,913
549,938
549,978
549,991
550,591
550,620
550,638
550,645
550,650
550,690
550,693
550,718
550,754
550,814
550,848
550,857
550,888
550,963
550,991
550,999
551,553
551,662
551,704
551,825
551,913
551,919
551,973
552,582
552,620
552,624
552,725
552,750
552,796
552,822
552,851
552,852
552,862
552,874
552,885
552,892
552,902
552,926
552,938
552,957
552,968
552,978
553,601
553,641
553,704
553,732
553,733
553,775
553,786
553,796
553,819
553,874
553,902
553,913
554,556
554,585
554,590
554,601
554,604
554,617
554,630
554,665
554,692
554,698
554,704
554,733
554,741
554,753
554,754
554,762
554,764
554,799
554,875
554,877
554,904
554,907
554,925
554,953
554,958
554,960
554,981
555,580
555,600
555,613
555,675
555,721
555,733
555,747
555,912
555,989
556,567
556,638
556,640
556,643
556,659
556,699
556,744
556,753
556,754
556,771
556,801
556,852
556,858
556,869
556,876
556,881
556,904
556,908
556,919
556,925
556,948
556,969
556,975
557,571
557,585
557,622
557,666
557,683
557,688
557,728
557,730
557,762
557,788
557,790
557,831
557,848
557,861
557,895
557,897
557,901
557,933
557,952
558,564
558,591
558,603
558,759
558,777
558,830
558,885
558,931
558,959
558,969
558,972
559,571
559,605
559,611
559,616
559,625
559,663
559,757
559,777
559,808
559,812
559,823
559,831
559,832
559,844
559,935
559,971
559,974
559,991
560,568
560,607
560,682
560,692
560,715
560,821
560,842
560,855
560,927
560,992
560,997
561,562
561,580
561,588
561,596
561,608
561,617
561,625
561,659
561,662
561,664
561,665
561,671
561,677
561,689
561,711
561,737
561,791
561,802
561,804
561,806
561,812
561,869
561,881
561,897
561,925
561,933
562,579
562,588
562,601
562,605
562,611
562,617
562,625
562,639
562,643
562,645
562,659
562,662
562,664
562,681
562,689
562,704
562,731
562,748
562,763
562,770
562,804
562,806
562,811
562,879
562,905
562,916
562,930
562,933
562,940
563,566
563,586
563,612
563,645
563,646
563,694
563,724
563,727
563,792
563,871
563,896
563,944
563,964
563,987
563,988
563,996
564,671
564,697
564,706
564,728
564,759
564,763
564,792
564,836
564,866
564,903
564,940
564,969
564,972
564,982
565,584
565,594
565,614
565,659
565,678
565,695
565,701
565,707
565,711
565,712
565,782
565,785
565,794
565,841
565,859
565,868
565,877
565,917
565,939
565,946
565,977
565,990
566,574
566,596
566,612
566,646
566,676
566,706
566,727
566,743
566,857
566,871
566,888
566,896
566,964
566,996
567,589
567,703
567,710
567,782
567,833
567,859
567,939
567,986
568,640
568,645
568,650
568,672
568,676
568,694
568,760
568,785
568,842
568,849
568,865
568,906
568,932
568,937
568,950
568,956
568,967
568,975
569,599
569,608
569,611
569,622
569,640
569,643
569,683
569,689
569,693
569,726
569,729
569,753
569,776
569,806
569,817
569,849
569,855
569,864
569,932
569,952
569,974
569,983
570,616
570,635
570,643
570,716
570,769
570,789
570,806
570,829
570,879
570,913
570,928
570,935
570,951
570,965
570,979
571,579
571,604
571,622
571,627
571,639
571,659
571,666
571,673
571,708
571,719
571,722
571,728
571,758
571,763
571,764
571,786
571,805
571,836
571,956
571,969
571,973
572,591
572,602
572,609
572,642
572,655
572,689
572,731
572,735
572,759
572,763
572,805
572,823
572,850
572,915
572,943
572,958
572,972
572,982
573,596
573,612
573,613
573,793
573,843
573,927
573,965
573,984
574,586
574,615
574,646
574,675
574,676
574,792
574,849
574,871
574,888
574,891
574,896
574,933
574,945
574,964
574,985
575,591
575,609
575,624
575,683
575,708
575,709
575,716
575,731
575,751
575,759
575,773
575,786
575,802
575,805
575,808
575,816
575,842
575,897
575,915
575,940
575,947
575,950
575,956
575,958
575,959
575,982
576,590
576,614
576,701
576,703
576,705
576,726
576,736
576,785
576,794
576,856
576,985
576,993
576,998
577,637
577,657
577,684
577,696
577,715
577,744
577,754
577,787
577,797
577,799
577,803
577,813
577,849
577,878
577,880
577,900
577,928
577,953
577,979
578,608
578,632
578,652
578,691
578,692
578,783
578,800
578,806
578,821
578,908
578,928
578,929
579,622
579,627
579,639
579,666
579,667
579,673
579,708
579,730
579,755
579,756
579,763
579,836
579,885
579,897
579,938
579,941
579,947
579,982
579,988
580,635
580,638
580,675
580,688
580,691
580,701
580,707
580,710
580,711
580,712
580,721
580,728
580,734
580,744
580,756
580,761
580,768
580,789
580,794
580,812
580,817
580,846
580,854
580,864
580,868
580,889
580,912
580,917
580,920
580,923
580,927
580,955
580,986
580,995
580,997
581,585
581,600
581,611
581,619
581,667
581,692
581,703
581,723
581,738
581,752
581,772
581,824
581,833
581,840
581,841
581,854
581,856
581,859
581,875
581,920
581,978
581,986
582,601
582,617
582,643
582,669
582,683
582,728
582,760
582,789
582,818
582,842
582,913
582,919
582,996
583,593
583,623
583,626
583,629
583,631
583,640
583,659
583,668
583,724
583,739
583,828
583,842
583,849
583,855
583,876
583,889
583,898
583,924
583,925
583,945
583,955
583,961
583,983
583,988
583,997
584,594
584,600
584,614
584,701
584,707
584,824
584,868
584,917
584,981
584,985
584,986
584,990
584,995
585,604
585,611
585,624
585,669
585,733
585,778
585,790
585,794
585,825
585,831
585,862
585,887
585,901
585,919
585,930
585,948
586,596
586,615
586,646
586,676
586,687
586,709
586,710
586,743
586,768
586,772
586,793
586,806
586,843
586,871
586,896
586,945
586,968
586,987
586,996
586,999
587,590
587,620
587,643
587,686
587,696
587,702
587,732
587,799
587,834
587,837
587,852
587,899
587,910
587,921
587,948
587,976
587,980
588,714
588,716
588,770
588,804
588,809
588,812
588,832
588,879
588,885
588,935
588,951
589,686
589,703
589,721
589,853
589,860
589,868
589,939
589,964
589,981
590,595
590,617
590,630
590,635
590,637
590,643
590,678
590,680
590,692
590,699
590,702
590,711
590,732
590,740
590,741
590,744
590,754
590,783
590,812
590,817
590,869
590,870
590,884
590,893
590,925
590,953
590,962
590,992
591,609
591,611
591,616
591,659
591,706
591,735
591,751
591,759
591,763
591,790
591,805
591,816
591,836
591,850
591,890
591,897
591,903
591,916
591,943
591,958
591,969
591,975
592,637
592,647
592,652
592,655
592,667
592,700
592,720
592,762
592,767
592,781
592,803
592,819
592,828
592,882
592,892
592,919
592,938
592,954
592,968
593,599
593,711
593,742
593,840
593,849
593,872
593,888
593,898
593,914
593,923
593,955
594,597
594,600
594,614
594,659
594,701
594,703
594,707
594,736
594,762
594,778
594,854
594,875
594,912
594,920
594,939
594,970
594,977
594,990
595,616
595,664
595,706
595,842
595,847
595,863
596,610
596,611
596,615
596,616
596,626
596,644
596,654
596,676
596,716
596,732
596,743
596,793
596,817
596,843
596,864
596,865
596,888
596,896
596,912
596,914
596,925
596,932
596,937
596,942
596,945
596,950
596,952
596,963
597,600
597,614
597,621
597,660
597,680
597,711
597,766
597,774
597,782
597,923
597,981
597,993
598,685
598,693
598,730
598,751
598,850
598,863
598,888
598,894
598,968
598,979
598,982
599,610
599,620
599,632
599,661
599,666
599,684
599,724
599,734
599,747
599,783
599,791
599,806
599,821
599,849
599,878
599,917
599,924
599,929
599,936
599,966
599,989
599,992
600,621
600,661
600,695
600,701
600,703
600,766
600,774
600,782
600,860
600,868
600,877
600,896
600,948
600,980
600,990
601,617
601,630
601,641
601,668
601,704
601,733
601,734
601,753
601,761
601,762
601,770
601,790
601,797
601,802
601,809
601,812
601,825
601,849
601,872
601,894
601,913
601,930
601,931
601,967
602,666
602,683
602,708
602,722
602,741
602,836
602,848
603,609
603,611
603,634
603,642
603,697
603,735
603,742
603,746
603,751
603,777
603,817
603,829
603,830
603,847
603,863
603,867
603,905
603,959
603,969
603,982
604,669
604,683
604,684
604,692
604,715
604,725
604,750
604,762
604,778
604,788
604,814
604,825
604,848
604,874
604,875
604,887
604,892
604,902
604,911
604,928
604,931
604,933
605,611
605,673
605,805
605,812
605,835
605,873
605,885
605,916
605,940
605,973
606,620
606,658
606,719
606,754
606,784
606,834
606,926
606,953
606,960
606,962
606,968
607,621
607,774
607,841
607,860
607,910
607,924
607,990
608,614
608,625
608,632
608,647
608,661
608,680
608,696
608,711
608,712
608,716
608,734
608,739
608,747
608,783
608,791
608,837
608,873
608,874
608,908
608,929
608,932
608,961
608,975
608,990
608,992
608,997
609,637
609,642
609,708
609,735
609,738
609,759
609,830
609,835
609,940
609,943
609,972
609,982
610,619
610,635
610,650
610,668
610,694
610,726
610,747
610,753
610,769
610,777
610,795
610,839
610,849
610,855
610,876
610,908
610,932
610,955
610,962
610,975
610,983
611,616
611,617
611,622
611,625
611,627
611,633
611,651
611,662
611,673
611,676
611,677
611,681
611,706
611,715
611,719
611,731
611,733
611,737
611,751
611,753
611,759
611,786
611,792
611,796
611,809
611,811
611,823
611,830
611,885
611,890
611,903
611,916
611,924
611,933
611,940
611,945
611,947
611,969
611,971
611,992
612,615
612,638
612,644
612,694
612,734
612,738
612,820
612,843
612,845
612,857
612,890
612,891
612,897
612,932
612,964
612,989
613,619
613,629
613,663
613,672
613,694
613,714
613,718
613,738
613,756
613,793
613,805
613,817
613,820
613,826
613,838
613,845
613,849
613,853
613,871
613,888
613,890
613,914
613,927
613,942
613,945
614,626
614,656
614,683
614,695
614,700
614,701
614,707
614,736
614,766
614,771
614,782
614,794
614,797
614,803
614,868
614,875
614,910
614,917
614,942
614,977
614,989
614,990
614,995
615,709
615,749
615,896
615,944
615,945
615,987
615,996
615,999
616,640
616,664
616,671
616,717
616,796
616,823
616,866
616,873
616,879
616,885
616,914
616,916
616,933
616,940
616,972
616,986
616,991
616,998
617,623
617,629
617,659
617,662
617,664
617,665
617,673
617,677
617,680
617,689
617,696
617,698
617,704
617,706
617,708
617,716
617,725
617,735
617,741
617,746
617,753
617,754
617,758
617,775
617,779
617,789
617,812
617,837
617,840
617,889
617,900
617,913
617,925
617,930
617,933
617,947
617,951
617,953
617,963
618,643
618,732
618,739
618,754
618,787
618,796
618,797
618,799
618,827
618,837
618,838
618,872
618,927
618,960
618,984
619,623
619,640
619,743
619,760
619,791
619,804
619,842
619,849
619,869
619,873
619,932
620,631
620,655
620,657
620,658
620,686
620,702
620,704
620,727
620,764
620,772
620,780
620,784
620,787
620,818
620,834
620,882
620,895
620,918
620,931
620,936
620,962
620,968
620,984
621,701
621,744
621,766
621,768
621,782
621,849
621,856
621,860
621,981
622,627
622,641
622,653
622,659
622,666
622,669
622,673
622,683
622,716
622,717
622,728
622,730
622,733
622,758
622,762
622,790
622,811
622,816
622,825
622,831
622,836
622,844
622,848
622,861
622,872
622,885
622,899
622,901
622,933
622,941
622,952
622,957
623,640
623,650
623,656
623,724
623,729
623,756
623,760
623,802
623,832
623,835
623,848
623,855
623,865
623,898
623,955
623,961
623,967
624,750
624,781
624,796
624,814
624,819
624,822
624,858
624,862
624,887
624,907
624,931
624,960
624,997
625,632
625,659
625,664
625,677
625,689
625,704
625,716
625,728
625,743
625,770
625,812
625,829
625,879
625,967
626,632
626,647
626,668
626,726
626,734
626,739
626,791
626,855
626,876
626,881
626,883
626,884
626,924
626,983
627,671
627,673
627,686
627,708
627,730
627,733
627,735
627,758
627,763
627,786
627,788
627,885
627,930
627,933
627,941
627,952
627,956
627,971
627,973
628,730
628,762
628,788
628,789
628,823
628,903
628,930
628,933
628,939
628,951
628,998
629,635
629,663
629,701
629,726
629,812
629,842
629,849
629,855
629,856
629,864
629,876
629,898
629,912
629,914
629,956
630,643
630,787
630,797
630,801
630,837
630,907
630,908
631,647
631,674
631,680
631,703
631,709
631,733
631,747
631,798
631,813
631,821
631,858
631,878
631,880
631,885
631,911
631,917
631,918
631,929
631,968
631,994
631,995
632,661
632,680
632,694
632,707
632,712
632,739
632,752
632,783
632,868
632,869
632,924
632,925
632,929
632,947
632,967
632,997
633,681
633,683
633,689
633,698
633,707
633,735
633,786
633,802
633,809
633,885
633,912
633,933
634,671
634,685
634,697
634,811
634,828
634,844
634,915
634,958
634,969
634,982
635,656
635,660
635,675
635,712
635,747
635,752
635,757
635,814
635,823
635,846
635,854
635,855
635,913
635,929
635,936
636,652
636,693
636,731
636,742
636,746
636,755
636,806
636,835
636,836
636,863
636,905
636,909
636,990
637,651
637,653
637,657
637,686
637,692
637,696
637,702
637,732
637,744
637,753
637,772
637,796
637,797
637,799
637,810
637,813
637,818
637,837
637,880
637,882
637,921
637,925
637,977
637,988
638,644
638,650
638,672
638,718
638,726
638,738
638,756
638,765
638,817
638,820
638,842
638,845
638,890
639,717
639,719
639,735
639,763
639,773
639,805
639,808
639,910
639,947
639,956
640,648
640,668
640,676
640,729
640,760
640,821
640,835
640,839
640,842
640,855
640,956
640,974
641,704
641,887
641,919
641,967
642,735
642,751
642,758
642,811
642,830
642,897
642,915
642,939
642,974
642,982
642,996
643,699
643,715
643,729
643,753
643,754
643,782
643,791
643,813
643,837
643,863
643,870
643,893
643,904
643,907
643,925
644,649
644,662
644,865
644,905
644,932
644,937
645,654
645,692
645,714
645,769
645,795
645,809
645,888
645,906
645,950
646,702
646,710
646,718
646,748
646,759
646,760
646,817
646,857
646,896
646,898
646,926
646,987
646,996
646,999
647,656
647,657
647,667
647,688
647,711
647,712
647,752
647,761
647,764
647,765
647,768
647,783
647,791
647,797
647,798
647,810
647,813
647,846
647,875
647,908
647,929
647,936
647,977
647,989
647,990
647,995
647,996
647,997
648,652
648,662
648,689
648,716
648,718
648,724
648,746
648,748
648,751
648,760
648,763
648,769
648,770
648,804
648,812
648,822
648,829
648,832
648,879
648,882
648,906
648,930
648,945
649,665
649,760
649,834
649,860
649,987
650,672
650,714
650,845
650,884
650,906
650,932
650,942
650,950
651,653
651,667
651,678
651,732
651,772
651,815
651,824
651,828
651,880
651,900
651,911
651,921
651,922
651,923
651,934
651,948
651,981
651,982
651,985
651,986
652,669
652,680
652,685
652,693
652,731
652,733
652,760
652,763
652,769
652,801
652,806
652,829
652,873
652,875
652,905
652,924
652,931
652,933
652,975
652,979
653,686
653,691
653,780
653,817
653,837
653,852
653,892
653,895
653,900
653,918
653,948
653,994
654,672
654,675
654,696
654,703
654,757
654,793
654,797
654,817
654,843
654,845
654,890
654,896
654,914
654,942
654,950
654,977
654,979
654,996
655,700
655,780
655,819
655,827
655,892
655,931
655,938
655,954
655,960
655,976
656,711
656,712
656,728
656,731
656,752
656,771
656,798
656,808
656,886
656,905
656,924
656,936
656,948
656,962
656,989
656,995
656,999
657,684
657,699
657,702
657,707
657,732
657,735
657,736
657,737
657,744
657,753
657,754
657,780
657,784
657,797
657,813
657,837
657,852
657,880
657,895
657,907
657,910
657,921
657,925
657,953
657,980
657,984
658,669
658,686
658,715
658,724
658,732
658,780
658,784
658,787
658,803
658,828
658,837
658,840
658,895
658,922
658,949
658,962
658,968
658,984
659,662
659,689
659,707
659,716
659,730
659,744
659,802
659,809
659,812
659,830
659,835
659,872
659,878
659,879
659,881
659,933
659,979
660,712
660,745
660,761
660,821
660,854
660,889
660,921
660,939
660,975
660,995
661,672
661,680
661,711
661,747
661,754
661,791
661,812
661,839
661,843
661,855
661,884
661,908
661,924
661,929
662,670
662,677
662,681
662,684
662,737
662,741
662,763
662,802
662,809
662,832
662,889
662,925
662,928
662,930
662,933
662,941
662,951
662,998
663,688
663,694
663,756
663,768
663,793
663,849
663,853
663,898
663,927
663,931
664,689
664,690
664,716
664,736
664,770
664,809
664,812
664,829
664,835
664,839
664,879
664,916
664,951
665,704
665,716
665,806
665,816
665,975
666,673
666,717
666,719
666,722
666,728
666,762
666,763
666,769
666,790
666,807
666,836
666,861
666,880
666,901
666,941
666,947
666,965
666,973
666,991
667,673
667,678
667,694
667,711
667,754
667,771
667,772
667,783
667,815
667,821
667,846
667,868
667,875
667,911
667,921
667,936
667,949
667,977
667,984
668,684
668,711
668,712
668,724
668,783
668,802
668,839
668,855
668,876
668,879
668,881
668,955
668,961
668,967
668,983
669,717
669,725
669,728
669,762
669,763
669,773
669,775
669,778
669,790
669,803
669,825
669,848
669,855
669,858
669,902
669,913
669,998
670,735
670,749
670,842
670,863
670,933
670,963
670,979
670,989
670,999
671,689
671,697
671,710
671,717
671,730
671,757
671,759
671,826
671,885
671,891
671,897
671,952
671,959
671,969
671,991
672,738
672,765
672,817
672,820
672,854
672,914
672,937
673,677
673,730
673,757
673,786
673,809
673,811
673,861
673,901
673,911
673,933
673,947
673,971
673,982
674,732
674,740
674,744
674,771
674,800
674,878
674,884
674,905
674,948
674,992
674,994
675,687
675,688
675,721
675,761
675,864
675,912
676,682
676,690
676,709
676,710
676,727
676,792
676,820
676,888
676,896
676,996
676,999
677,737
677,753
677,769
677,779
677,802
677,808
677,812
677,831
677,835
677,855
677,876
677,879
677,881
677,925
677,928
678,686
678,691
678,696
678,732
678,764
678,771
678,803
678,813
678,824
678,882
678,884
678,895
678,900
678,911
678,913
678,925
678,929
678,934
678,948
678,961
678,976
678,992
678,994
678,997
680,684
680,685
680,730
680,731
680,734
680,753
680,771
680,783
680,810
680,839
680,846
680,869
680,921
680,928
680,940
680,959
680,981
680,982
680,997
680,998
681,708
681,737
681,760
681,770
681,804
681,809
681,812
681,832
681,837
681,869
681,872
682,815
682,890
682,906
682,992
683,722
683,728
683,730
683,733
683,762
683,763
683,768
683,773
683,776
683,778
683,786
683,790
683,801
683,807
683,812
683,831
683,848
683,901
683,902
683,935
683,948
683,959
683,998
684,685
684,692
684,715
684,741
684,753
684,770
684,772
684,778
684,783
684,791
684,802
684,813
684,829
684,839
684,842
684,846
684,858
684,877
684,904
684,928
684,945
684,955
684,970
684,988
684,997
685,706
685,716
685,735
685,742
685,823
685,847
685,863
685,874
685,903
685,916
685,964
685,972
686,691
686,696
686,702
686,732
686,750
686,764
686,803
686,825
686,839
686,842
686,852
686,869
686,884
686,900
686,918
686,948
686,984
686,994
687,734
687,790
687,796
687,814
687,838
687,852
687,926
687,938
687,957
687,962
688,692
688,721
688,736
688,745
688,756
688,761
688,768
688,793
688,817
688,846
688,864
688,889
688,912
688,927
688,937
688,988
688,989
689,716
689,770
689,809
689,812
689,835
689,844
689,873
689,935
690,718
690,749
690,762
690,792
690,798
690,826
690,876
690,878
690,888
690,894
690,944
690,963
691,771
691,775
691,792
691,821
691,856
691,884
691,968
691,994
692,713
692,733
692,741
692,753
692,768
692,783
692,805
692,810
692,881
692,908
692,910
692,911
692,928
692,938
692,953
692,957
692,966
692,990
692,997
693,710
693,714
693,727
693,731
693,753
693,755
693,790
693,806
693,855
693,875
693,890
693,900
693,909
693,936
693,950
693,967
694,723
694,756
694,768
694,793
694,820
694,857
694,876
694,898
694,914
694,922
694,945
694,988
694,995
695,701
695,766
695,821
695,856
695,859
695,860
695,868
695,875
695,942
696,702
696,711
696,732
696,747
696,764
696,799
696,820
696,822
696,827
696,852
696,868
696,870
696,882
696,891
696,922
696,980
696,984
696,989
697,759
697,830
697,836
697,844
697,941
697,952
697,959
697,969
698,742
698,773
698,777
698,823
698,867
698,905
698,965
699,705
699,715
699,744
699,754
699,764
699,783
699,801
699,812
699,840
699,870
699,880
699,885
699,893
699,904
699,908
699,925
699,928
699,953
699,980
700,728
700,767
700,781
700,803
700,822
700,846
700,874
700,892
700,900
700,913
700,926
700,931
700,954
700,957
700,976
701,712
701,736
701,745
701,750
701,766
701,772
701,785
701,794
701,797
701,802
701,839
701,856
701,860
701,890
701,917
701,924
701,946
701,970
701,977
701,981
701,985
701,990
701,993
702,715
702,732
702,737
702,744
702,753
702,754
702,759
702,764
702,771
702,772
702,775
702,783
702,799
702,814
702,856
702,875
702,880
702,904
702,934
702,947
702,980
702,997
703,766
703,785
703,799
703,855
703,859
703,860
703,875
703,877
703,886
703,895
703,934
703,939
703,981
703,985
703,989
704,733
704,737
704,788
704,872
704,919
704,937
704,978
704,980
705,736
705,804
705,877
705,920
705,946
705,977
705,984
705,993
706,731
706,735
706,740
706,742
706,786
706,847
706,849
706,863
706,965
706,969
706,979
707,736
707,791
707,794
707,851
707,882
707,900
707,917
707,997
708,763
708,786
708,836
708,841
708,861
708,940
708,941
709,792
709,805
709,817
709,942
710,809
710,812
710,871
710,885
710,896
710,987
711,712
711,734
711,752
711,793
711,798
711,920
711,924
711,929
711,936
711,989
711,995
712,726
712,733
712,752
712,753
712,763
712,773
712,793
712,794
712,821
712,842
712,846
712,854
712,911
712,912
712,914
712,917
712,924
712,932
712,937
712,970
712,983
712,985
712,986
712,989
712,995
712,997
713,761
713,866
714,749
714,793
714,795
714,836
714,842
714,843
714,854
714,890
714,950
714,999
715,732
715,747
715,750
715,754
715,783
715,797
715,801
715,826
715,837
715,893
715,908
715,924
715,960
715,966
715,981
716,735
716,753
716,769
716,770
716,804
716,809
716,879
716,916
716,933
716,997
717,719
717,759
717,763
717,773
717,808
717,925
717,947
717,956
717,973
718,742
718,743
718,746
718,751
718,777
718,812
718,857
718,964
718,984
719,722
719,758
719,763
719,773
719,776
719,788
719,805
719,807
719,836
719,848
719,899
719,923
719,973
719,998
720,790
720,828
720,849
720,882
720,938
720,949
720,954
720,976
720,978
721,752
721,791
721,827
721,846
721,923
722,728
722,757
722,763
722,790
722,807
722,808
722,941
722,969
722,975
723,726
723,736
723,763
723,793
723,797
723,839
723,849
723,864
723,876
723,890
723,898
723,928
723,937
723,993
724,839
724,847
724,861
724,879
724,902
724,909
724,932
724,942
724,967
725,750
725,770
725,778
725,796
725,801
725,822
725,828
725,836
725,848
725,874
725,902
725,926
725,938
725,952
725,954
725,957
725,962
725,973
726,731
726,768
726,793
726,846
726,849
726,890
726,898
726,924
726,945
726,996
727,792
727,850
727,857
727,871
727,896
727,942
727,945
727,964
727,987
727,996
728,733
728,746
728,775
728,790
728,830
728,831
728,848
728,887
728,901
728,945
728,947
728,956
728,978
728,991
728,995
729,734
729,797
729,819
729,879
729,890
729,967
729,975
729,984
729,988
730,733
730,758
730,759
730,762
730,763
730,786
730,788
730,790
730,861
730,863
730,905
730,930
730,933
730,991
730,997
731,734
731,735
731,740
731,769
731,839
731,847
731,855
731,873
731,888
731,894
731,906
731,909
731,952
732,750
732,764
732,771
732,772
732,780
732,784
732,799
732,801
732,813
732,818
732,834
732,837
732,862
732,868
732,875
732,880
732,882
732,884
732,895
732,900
732,910
732,918
732,921
732,928
732,949
732,968
732,980
733,758
733,762
733,776
733,786
733,788
733,789
733,855
733,913
733,930
733,945
733,952
733,973
733,998
734,739
734,768
734,791
734,890
734,898
734,924
734,929
734,961
734,972
734,997
735,742
735,749
735,751
735,753
735,770
735,805
735,830
735,842
735,844
735,847
735,850
735,882
735,904
735,905
735,915
735,916
735,969
735,972
735,979
735,982
735,999
736,782
736,794
736,806
736,856
736,868
736,877
736,886
736,917
736,939
736,977
736,979
736,981
736,985
737,770
737,806
737,839
737,989
738,756
738,765
738,793
738,820
738,885
738,890
739,752
739,771
739,791
739,821
739,890
739,904
739,924
739,936
739,966
739,978
739,988
740,751
740,777
740,863
740,888
741,788
741,789
741,796
741,808
741,810
741,837
741,860
741,881
741,902
741,907
741,999
742,743
742,760
742,777
742,844
742,847
742,873
742,885
742,916
743,783
743,792
743,849
743,852
743,857
743,863
743,871
743,877
743,888
743,890
743,894
743,945
743,963
743,964
743,977
743,999
744,764
744,793
744,799
744,813
744,827
744,832
744,852
744,880
744,930
744,938
744,953
744,990
745,785
745,868
745,946
745,970
746,760
746,781
746,835
746,852
746,905
747,780
747,791
747,792
747,821
747,824
747,850
747,908
747,924
747,929
747,942
747,955
747,972
747,989
747,990
748,755
748,760
748,797
748,802
748,829
748,905
748,909
749,752
749,795
749,844
749,847
749,857
749,863
749,885
749,963
749,969
749,979
750,790
750,822
750,874
750,878
750,887
750,902
750,908
750,948
750,954
750,957
750,968
751,759
751,805
751,830
751,871
751,885
751,894
751,897
751,964
751,969
751,982
752,754
752,821
752,846
752,884
752,898
752,910
752,920
752,924
752,936
752,939
752,983
752,989
752,995
753,754
753,759
753,803
753,813
753,829
753,837
753,904
753,911
753,925
753,955
753,966
753,997
754,797
754,799
754,806
754,813
754,820
754,830
754,836
754,837
754,850
754,870
754,885
754,886
754,900
754,904
754,913
754,925
754,948
754,953
754,968
754,997
755,769
755,777
755,842
755,905
755,916
755,940
755,945
755,947
755,950
755,979
756,768
756,793
756,820
756,843
756,846
756,858
756,863
756,891
756,912
756,914
756,923
756,934
756,945
756,946
756,950
756,961
756,975
757,760
757,866
757,885
757,886
757,916
757,940
757,941
758,778
758,779
758,797
758,825
758,905
758,918
758,933
758,940
758,951
758,952
758,960
758,998
759,763
759,773
759,805
759,808
759,812
759,829
759,849
759,895
759,903
759,915
759,940
759,943
759,947
759,958
759,969
759,982
759,991
760,842
760,847
760,894
760,910
760,950
760,975
761,791
761,845
761,846
761,854
761,889
761,977
762,768
762,778
762,781
762,786
762,788
762,790
762,807
762,825
762,850
762,858
762,930
762,931
762,933
762,947
762,952
762,992
762,998
763,807
763,832
763,836
763,903
763,904
763,930
763,941
763,947
763,952
763,965
763,973
764,771
764,784
764,797
764,828
764,834
764,848
764,867
764,869
764,900
764,918
764,926
764,934
764,935
764,952
764,980
764,994
765,820
765,842
765,889
765,914
765,945
766,782
766,859
766,985
767,803
767,821
767,827
767,851
767,892
767,895
767,902
767,932
767,954
768,793
768,817
768,849
768,864
768,894
768,912
768,914
768,932
768,985
768,989
768,991
768,997
769,791
769,797
769,829
769,854
769,873
769,905
769,906
769,946
769,991
770,804
770,809
770,812
770,832
770,835
770,861
770,885
770,933
771,783
771,799
771,802
771,813
771,900
771,921
771,924
771,925
771,948
771,980
771,982
771,985
771,989
771,992
771,994
771,995
772,799
772,803
772,814
772,815
772,824
772,852
772,875
772,880
772,887
772,921
772,934
772,936
772,948
772,978
772,981
772,983
772,986
773,805
773,808
773,809
773,816
773,857
773,871
773,889
773,897
773,930
773,933
773,940
773,947
773,948
773,952
773,956
773,979
773,982
774,815
774,990
775,779
775,825
775,874
775,887
775,913
776,796
776,807
776,808
776,816
776,831
776,844
776,899
776,913
776,931
776,959
777,894
777,950
777,965
777,986
777,991
778,825
778,828
778,831
778,837
778,844
778,874
778,887
778,899
778,901
778,902
778,903
778,908
778,931
778,978
779,788
779,861
779,872
779,930
779,952
780,822
780,824
780,828
780,834
780,840
780,900
780,916
780,918
780,922
780,948
780,962
781,814
781,819
781,822
781,827
781,851
781,892
781,926
781,938
781,957
781,976
781,978
782,791
782,860
782,977
783,798
783,849
783,889
783,890
783,900
783,910
783,913
783,920
783,946
783,989
783,995
783,997
784,787
784,797
784,803
784,813
784,818
784,838
784,852
784,858
784,875
784,918
784,922
784,949
784,962
784,967
784,984
785,864
785,946
785,989
786,811
786,825
786,861
786,885
786,916
786,926
786,935
786,952
786,998
787,803
787,819
787,856
787,882
787,895
787,938
787,949
787,962
787,968
787,984
787,994
788,790
788,804
788,812
788,830
788,835
788,858
788,861
788,889
788,930
788,933
788,947
788,951
788,952
788,998
789,930
789,935
789,942
790,809
790,819
790,823
790,831
790,848
790,858
790,865
790,872
790,895
790,901
790,931
790,933
791,920
791,924
791,929
791,936
791,961
791,997
792,843
792,894
792,896
792,932
792,942
792,999
793,817
793,820
793,843
793,849
793,854
793,867
793,889
793,890
793,904
793,914
793,927
793,937
793,942
793,986
794,821
794,849
794,876
794,877
794,903
794,917
794,937
794,939
794,945
794,977
794,981
794,985
794,989
794,993
795,821
795,849
795,888
795,890
795,896
795,906
795,934
795,950
795,967
795,979
796,814
796,816
796,818
796,822
796,838
796,851
796,872
796,882
796,893
796,902
796,926
796,938
796,953
796,954
796,957
796,978
797,799
797,801
797,803
797,813
797,822
797,837
797,840
797,858
797,877
797,901
797,902
797,922
797,980
797,984
797,995
798,927
798,936
798,989
799,801
799,809
799,813
799,834
799,837
799,852
799,869
799,882
799,887
799,889
799,900
799,904
799,930
799,951
799,953
799,962
799,980
800,995
801,818
801,819
801,887
801,891
801,893
801,913
801,925
802,806
802,812
802,835
802,839
802,843
802,881
802,882
802,894
802,904
802,917
802,925
802,967
803,813
803,838
803,840
803,861
803,862
803,882
803,892
803,895
803,936
803,938
803,949
803,960
803,968
803,977
804,809
804,812
804,829
804,832
804,836
804,879
804,903
804,962
804,982
804,984
804,994
805,816
805,830
805,839
805,844
805,885
805,899
805,958
805,973
806,815
806,829
806,839
806,842
806,879
806,881
806,900
806,923
806,933
806,950
806,988
807,836
807,880
807,952
808,816
808,885
808,897
808,917
808,947
808,956
809,811
809,812
809,822
809,825
809,832
809,835
809,844
809,879
809,933
809,940
809,947
809,952
809,969
809,991
810,869
810,880
810,893
810,997
811,861
811,933
811,951
811,952
811,972
812,835
812,839
812,855
812,866
812,879
812,888
812,915
812,930
812,967
813,869
813,948
813,953
814,822
814,828
814,892
814,897
814,902
814,913
814,938
814,957
814,968
815,824
815,833
815,875
815,880
815,884
815,934
816,863
816,885
816,897
816,903
816,958
817,843
817,850
817,877
817,889
817,890
817,891
817,914
817,932
817,945
818,819
818,852
818,869
818,900
818,922
818,948
818,951
818,962
819,827
819,831
819,840
819,882
819,887
819,892
819,913
819,925
819,938
819,948
819,954
819,968
819,984
820,843
820,849
820,889
820,890
820,914
820,932
820,933
820,945
820,975
821,834
821,898
821,910
821,936
821,946
821,995
822,838
822,851
822,858
822,874
822,882
822,926
822,938
822,939
822,954
822,957
822,962
822,994
823,830
823,832
823,844
823,847
823,867
823,873
823,890
823,897
823,906
823,916
823,935
823,937
823,965
823,969
823,979
823,991
824,841
824,856
824,878
824,884
824,921
824,934
824,986
824,994
825,858
825,876
825,887
825,901
825,913
825,933
826,897
826,958
827,851
827,872
827,938
827,976
828,882
828,892
828,895
828,938
828,953
828,956
828,960
828,968
829,835
829,843
829,849
829,866
829,873
829,897
829,905
829,914
829,951
829,969
829,979
829,991
829,994
829,996
830,847
830,850
830,896
830,903
830,915
830,947
830,948
830,959
830,969
830,982
830,983
831,848
831,886
831,899
831,901
831,931
832,861
832,879
832,904
832,907
832,933
832,951
832,998
833,856
833,859
833,860
833,923
833,961
833,992
833,995
834,837
834,846
834,869
834,922
834,939
834,984
835,863
835,879
835,890
835,925
835,974
836,941
836,952
836,982
837,842
837,852
837,858
837,862
837,872
837,893
837,904
837,918
837,953
837,960
837,978
837,998
838,857
838,874
838,885
838,926
838,936
838,951
838,957
838,978
839,881
839,888
839,930
839,942
839,952
839,962
839,967
839,975
839,977
839,979
839,980
840,872
840,895
840,910
840,960
840,968
841,848
841,856
841,860
841,886
841,993
841,995
842,845
842,849
842,883
842,888
842,890
842,932
842,950
842,967
842,975
843,849
843,865
843,890
843,937
843,942
843,945
843,950
844,847
844,965
845,849
845,887
845,890
845,891
845,900
845,912
845,914
845,944
845,964
846,888
846,889
846,914
846,924
846,957
846,985
846,995
847,903
847,916
847,950
847,965
847,979
847,991
848,858
848,901
848,922
848,940
848,956
849,855
849,873
849,890
849,891
849,894
849,896
849,910
849,932
849,935
849,940
849,950
849,967
849,975
849,989
849,996
850,903
850,915
850,943
850,951
850,958
850,972
850,978
851,882
851,902
851,924
851,926
851,938
851,949
851,968
851,978
852,869
852,889
852,892
852,900
852,918
852,922
852,926
852,961
852,962
852,968
852,978
852,980
852,992
853,889
853,894
853,895
853,923
853,927
853,932
853,960
853,967
853,984
854,875
854,889
854,995
855,882
855,890
855,902
855,945
855,955
855,967
855,978
856,886
856,890
856,916
856,939
857,863
857,888
857,896
857,911
857,913
857,944
857,964
857,975
857,979
857,987
857,996
858,869
858,872
858,885
858,887
858,895
858,913
858,931
858,938
858,960
858,997
859,875
859,886
859,939
859,981
859,985
859,993
860,868
860,886
860,910
860,970
860,992
861,899
861,901
861,907
861,913
861,951
861,954
862,872
862,892
862,922
862,930
862,938
863,894
863,909
863,926
863,973
864,890
864,912
864,923
864,933
864,967
864,990
865,912
865,950
865,955
866,935
866,977
866,980
867,903
867,924
867,942
867,982
867,995
868,875
868,936
868,981
868,985
868,989
869,880
869,904
869,983
870,883
870,925
870,927
871,896
871,926
871,987
871,996
871,999
872,891
872,892
872,893
872,952
872,954
872,968
873,879
873,945
874,887
874,894
874,902
874,931
874,945
874,985
875,934
875,985
875,987
875,989
875,990
875,991
876,881
876,890
876,950
876,955
876,983
876,997
877,985
877,989
877,990
878,910
878,921
878,924
878,925
878,936
878,967
878,995
879,903
880,895
880,908
880,914
880,922
880,953
880,980
881,936
881,941
881,967
881,975
882,895
882,918
882,931
882,938
882,953
882,954
882,960
882,968
882,978
882,986
883,929
883,992
884,918
884,921
884,948
884,986
884,994
885,894
885,916
885,933
885,940
885,947
885,957
886,927
886,939
886,981
886,984
886,989
887,895
887,911
887,913
887,978
888,894
888,907
888,963
888,982
889,912
889,961
889,990
890,891
890,932
890,950
890,989
891,894
891,896
891,942
891,964
891,985
891,987
891,999
892,895
892,939
892,954
892,957
892,960
892,962
892,976
893,904
893,918
893,925
893,954
894,979
895,922
895,960
895,964
895,968
895,984
896,942
896,987
896,996
897,903
897,930
897,941
897,947
897,958
898,906
898,945
898,991
899,951
900,911
900,918
900,922
900,951
900,953
900,984
900,986
900,990
901,909
901,931
901,952
902,904
902,907
902,911
902,938
902,948
902,957
902,968
902,976
903,943
903,947
903,956
903,958
904,925
904,928
904,966
905,951
905,952
905,969
906,965
907,945
907,953
908,911
908,983
908,984
908,997
909,974
910,921
910,923
910,925
910,934
910,961
910,975
910,984
910,989
911,921
911,936
911,954
911,986
912,923
912,948
912,950
912,961
912,977
912,985
913,919
913,930
913,940
913,952
913,962
914,945
914,975
914,995
915,925
915,930
915,943
915,969
915,991
916,933
916,934
916,935
916,940
916,959
917,924
917,970
917,982
917,995
918,922
918,948
918,959
918,986
919,933
920,947
920,990
920,995
921,953
921,994
922,948
922,962
922,984
923,989
924,927
924,929
924,983
924,990
924,997
925,930
925,953
925,994
925,997
926,938
926,957
926,959
928,950
928,966
928,997
929,953
929,955
929,961
929,994
929,997
930,938
930,941
930,951
930,953
930,998
931,943
932,945
932,950
932,975
932,999
933,959
933,979
933,989
934,948
934,986
935,940
935,947
935,974
936,989
936,995
937,942
937,945
937,965
937,996
938,939
938,957
938,976
938,978
939,981
939,985
940,951
940,975
941,971
941,973
942,945
942,979
942,987
943,972
943,982
945,950
945,969
945,999
946,990
947,972
947,973
948,986
948,994
949,953
949,962
949,968
949,984
950,999
951,952
951,971
951,998
952,969
952,973
952,984
952,998
954,968
954,976
955,967
955,968
955,969
956,969
956,971
956,991
957,976
958,973
959,962
960,968
960,984
961,997
962,968
962,984
963,965
964,987
964,999
967,974
967,979
967,988
968,976
968,984
969,982
969,991
970,977
970,989
970,990
971,972
972,982
975,988
976,978
977,985
977,989
977,990
977,997
978,994
981,985
984,992
985,993
987,996
989,990
989,995
989,997
