source,target
0,23
0,48
0,53
0,78
0,83
0,113
0,124
0,144
0,158
0,180
0,236
0,256
0,275
0,301
0,327
0,349
0,374
0,408
0,411
0,418
0,430
0,433
0,440
0,444
0,450
0,451
0,476
0,478
0,523
0,530
0,655
0,672
0,684
0,715
0,749
0,751
0,767
0,769
0,814
0,870
0,873
0,887
0,898
0,902
0,904
0,924
0,963
0,993
1,14
1,21
1,98
1,150
1,153
1,162
1,214
1,242
1,244
1,250
1,252
1,273
1,274
1,310
1,338
1,345
1,400
1,453
1,472
1,482
1,515
1,521
1,598
1,606
1,612
1,625
1,635
1,642
1,657
1,821
1,872
1,889
1,896
1,901
1,990
2,11
2,15
2,58
2,69
2,118
2,126
2,172
2,182
2,199
2,214
2,238
2,241
2,260
2,262
2,269
2,296
2,330
2,331
2,332
2,364
2,365
2,369
2,404
2,407
2,452
2,469
2,491
2,504
2,521
2,559
2,577
2,588
2,598
2,617
2,631
2,632
2,633
2,662
2,672
2,678
2,680
2,722
2,736
2,742
2,764
2,773
2,784
2,811
2,816
2,821
2,835
2,840
2,874
2,937
2,965
2,993
3,31
3,67
3,106
3,109
3,128
3,131
3,155
3,174
3,212
3,216
3,220
3,222
3,245
3,266
3,318
3,359
3,375
3,376
3,397
3,417
3,424
3,436
3,467
3,542
3,567
3,576
3,610
3,616
3,620
3,634
3,701
3,742
3,754
3,767
3,796
3,869
3,923
3,937
3,963
3,987
4,11
4,15
4,44
4,45
4,51
4,63
4,70
4,71
4,121
4,127
4,135
4,157
4,178
4,235
4,258
4,301
4,304
4,311
4,320
4,329
4,332
4,368
4,379
4,382
4,409
4,428
4,429
4,432
4,439
4,462
4,474
4,501
4,560
4,618
4,685
4,690
4,712
4,714
4,718
4,731
4,737
4,738
4,788
4,798
4,826
4,834
4,842
4,844
4,860
4,865
4,868
4,888
4,898
4,907
4,972
4,979
4,992
5,7
5,86
5,122
5,129
5,168
5,287
5,453
5,516
5,548
5,564
5,628
5,639
5,740
5,842
5,913
5,917
5,941
5,996
6,60
6,99
6,109
6,112
6,113
6,127
6,143
6,203
6,211
6,244
6,322
6,325
6,333
6,345
6,347
6,352
6,363
6,398
6,483
6,514
6,515
6,651
6,682
6,760
6,782
6,785
6,797
6,804
6,831
6,845
6,861
6,877
6,881
6,888
6,900
6,908
6,940
6,985
6,995
7,18
7,27
7,37
7,64
7,103
7,116
7,129
7,177
7,181
7,211
7,213
7,241
7,243
7,266
7,280
7,302
7,306
7,308
7,312
7,357
7,389
7,419
7,456
7,458
7,493
7,516
7,522
7,535
7,542
7,546
7,559
7,564
7,565
7,583
7,614
7,639
7,643
7,645
7,646
7,658
7,669
7,708
7,709
7,794
7,837
7,862
7,913
7,917
7,919
7,929
7,977
7,982
7,987
8,68
8,112
8,139
8,143
8,163
8,188
8,193
8,230
8,251
8,258
8,322
8,334
8,345
8,375
8,391
8,398
8,401
8,428
8,429
8,469
8,483
8,551
8,572
8,622
8,656
8,680
8,682
8,719
8,739
8,785
8,815
8,857
8,894
8,918
8,977
8,984
8,998
9,52
9,56
9,65
9,86
9,89
9,120
9,122
9,123
9,129
9,182
9,211
9,212
9,216
9,235
9,239
9,247
9,250
9,251
9,257
9,268
9,270
9,286
9,304
9,312
9,315
9,323
9,343
9,357
9,359
9,365
9,372
9,393
9,410
9,420
9,436
9,438
9,454
9,458
9,467
9,490
9,542
9,552
9,564
9,572
9,591
9,602
9,639
9,654
9,693
9,709
9,714
9,742
9,750
9,767
9,777
9,794
9,803
9,808
9,829
9,846
9,869
9,907
9,917
9,936
9,945
9,962
9,975
9,985
10,45
10,74
10,77
10,142
10,146
10,183
10,186
10,194
10,205
10,217
10,219
10,235
10,270
10,278
10,304
10,351
10,361
10,362
10,423
10,433
10,476
10,494
10,500
10,501
10,503
10,507
10,538
10,568
10,575
10,592
10,638
10,678
10,684
10,687
10,690
10,715
10,737
10,760
10,772
10,779
10,796
10,824
10,844
10,864
10,882
10,892
10,898
10,899
10,911
10,922
10,942
10,976
10,991
11,25
11,32
11,52
11,54
11,59
11,61
11,69
11,81
11,89
11,116
11,125
11,172
11,188
11,195
11,199
11,228
11,251
11,266
11,300
11,306
11,343
11,348
11,364
11,368
11,373
11,420
11,423
11,432
11,456
11,469
11,491
11,493
11,542
11,552
11,598
11,629
11,631
11,632
11,689
11,693
11,729
11,752
11,776
11,795
11,810
11,825
11,846
11,906
11,912
11,921
11,929
11,952
11,966
11,993
12,16
12,19
12,20
12,51
12,76
12,82
12,121
12,132
12,138
12,156
12,194
12,219
12,222
12,227
12,232
12,235
12,302
12,310
12,320
12,362
12,368
12,371
12,378
12,395
12,417
12,422
12,463
12,483
12,496
12,504
12,512
12,533
12,674
12,681
12,713
12,718
12,719
12,727
12,737
12,742
12,755
12,757
12,792
12,799
12,812
12,848
12,856
12,865
12,879
12,880
12,881
12,902
12,933
12,936
12,937
12,940
12,942
12,972
12,979
12,992
13,25
13,27
13,38
13,94
13,118
13,126
13,168
13,177
13,205
13,253
13,257
13,300
13,310
13,344
13,400
13,402
13,419
13,421
13,465
13,485
13,505
13,506
13,538
13,559
13,633
13,637
13,642
13,709
13,786
13,838
13,872
13,877
13,885
13,906
13,935
13,950
13,952
13,973
13,990
13,994
14,22
14,55
14,102
14,125
14,139
14,152
14,172
14,221
14,262
14,272
14,299
14,314
14,330
14,377
14,383
14,412
14,428
14,434
14,441
14,453
14,456
14,474
14,522
14,555
14,566
14,588
14,596
14,631
14,656
14,662
14,663
14,668
14,675
14,774
14,838
14,881
14,919
14,942
14,952
14,960
14,981
14,988
15,61
15,64
15,69
15,102
15,103
15,129
15,139
15,157
15,170
15,217
15,224
15,241
15,265
15,267
15,297
15,307
15,308
15,350
15,352
15,363
15,379
15,407
15,443
15,462
15,464
15,493
15,531
15,537
15,546
15,581
15,595
15,616
15,622
15,623
15,656
15,689
15,749
15,767
15,783
15,790
15,798
15,812
15,813
15,816
15,824
15,831
15,845
15,855
15,880
15,902
15,903
15,905
15,918
15,932
15,936
15,956
15,964
15,965
15,982
15,992
16,39
16,51
16,71
16,77
16,85
16,131
16,135
16,146
16,157
16,184
16,232
16,237
16,311
16,335
16,366
16,407
16,460
16,469
16,484
16,502
16,537
16,665
16,683
16,738
16,743
16,750
16,759
16,769
16,788
16,798
16,799
16,806
16,812
16,826
16,832
16,842
16,918
16,946
16,953
16,955
16,964
16,972
16,995
17,43
17,82
17,95
17,118
17,127
17,133
17,154
17,293
17,301
17,338
17,341
17,363
17,381
17,387
17,404
17,413
17,422
17,430
17,440
17,444
17,450
17,484
17,506
17,556
17,630
17,655
17,777
17,802
17,818
17,820
17,824
17,828
17,836
17,870
17,874
17,902
17,911
17,924
17,931
17,960
17,963
17,974
18,59
18,175
18,181
18,210
18,225
18,239
18,280
18,287
18,306
18,307
18,346
18,360
18,373
18,425
18,456
18,471
18,488
18,503
18,522
18,581
18,647
18,648
18,669
18,679
18,692
18,734
18,740
18,756
18,771
18,795
18,912
18,917
18,919
18,941
18,959
18,982
18,996
19,39
19,51
19,76
19,116
19,121
19,142
19,146
19,179
19,194
19,232
19,241
19,263
19,309
19,315
19,329
19,334
19,362
19,378
19,395
19,428
19,455
19,460
19,479
19,496
19,512
19,551
19,569
19,647
19,650
19,690
19,719
19,738
19,743
19,769
19,783
19,792
19,796
19,814
19,815
19,822
19,829
19,830
19,861
19,875
19,888
19,933
19,940
19,964
19,979
20,39
20,62
20,71
20,76
20,121
20,163
20,194
20,232
20,281
20,309
20,342
20,362
20,384
20,395
20,409
20,422
20,428
20,479
20,480
20,481
20,499
20,512
20,529
20,568
20,591
20,615
20,616
20,702
20,711
20,719
20,727
20,738
20,757
20,758
20,760
20,765
20,769
20,770
20,792
20,822
20,834
20,856
20,880
20,888
20,940
20,978
20,979
21,23
21,46
21,66
21,72
21,144
21,150
21,153
21,154
21,158
21,170
21,188
21,260
21,317
21,387
21,394
21,405
21,423
21,427
21,440
21,443
21,444
21,445
21,474
21,484
21,513
21,525
21,545
21,563
21,578
21,593
21,612
21,615
21,630
21,657
21,668
21,671
21,705
21,707
21,716
21,735
21,741
21,761
21,764
21,794
21,820
21,827
21,859
21,883
21,886
21,904
21,938
21,943
21,945
21,954
21,958
22,32
22,241
22,248
22,335
22,406
22,425
22,443
22,462
22,505
22,521
22,563
22,612
22,640
22,652
22,736
22,750
22,811
22,861
22,921
22,988
22,997
23,48
23,63
23,66
23,84
23,110
23,119
23,145
23,188
23,198
23,202
23,205
23,387
23,394
23,413
23,418
23,430
23,433
23,443
23,444
23,448
23,464
23,482
23,484
23,515
23,525
23,539
23,545
23,630
23,715
23,888
23,896
23,945
23,956
23,958
23,992
24,34
24,63
24,78
24,82
24,129
24,158
24,189
24,197
24,248
24,256
24,293
24,349
24,397
24,436
24,447
24,464
24,489
24,505
24,521
24,539
24,541
24,563
24,566
24,598
24,614
24,629
24,673
24,695
24,698
24,731
24,736
24,761
24,766
24,784
24,789
24,812
24,850
24,854
24,886
24,909
24,943
24,988
25,38
25,50
25,95
25,125
25,145
25,166
25,242
25,246
25,273
25,314
25,324
25,366
25,446
25,503
25,552
25,566
25,572
25,605
25,625
25,633
25,675
25,679
25,695
25,702
25,763
25,774
25,786
25,787
25,867
25,928
25,929
26,104
26,186
26,381
26,385
26,414
26,469
26,484
26,508
26,537
26,549
26,572
26,678
26,686
26,717
26,831
26,867
26,925
26,944
26,955
27,50
27,91
27,118
27,126
27,165
27,195
27,213
27,215
27,239
27,257
27,260
27,262
27,275
27,280
27,284
27,291
27,310
27,313
27,332
27,338
27,343
27,360
27,389
27,446
27,470
27,471
27,478
27,497
27,531
27,536
27,548
27,625
27,633
27,642
27,648
27,660
27,699
27,787
27,801
27,813
27,831
27,837
27,838
27,840
27,847
27,852
27,871
27,872
27,874
27,884
27,914
27,919
27,925
27,927
27,941
27,950
27,951
27,968
27,989
27,992
28,48
28,73
28,104
28,108
28,113
28,131
28,149
28,167
28,183
28,185
28,187
28,236
28,292
28,374
28,406
28,408
28,451
28,463
28,484
28,537
28,539
28,550
28,666
28,684
28,766
28,777
28,788
28,798
28,799
28,818
28,844
28,864
28,896
28,926
28,945
28,960
29,44
29,79
29,102
29,355
29,537
29,550
29,667
29,739
29,751
29,783
29,798
29,812
29,820
29,955
29,992
30,91
30,173
30,181
30,234
30,290
30,372
30,389
30,397
30,431
30,457
30,527
30,565
30,566
30,594
30,675
30,692
30,708
30,771
30,847
30,858
30,876
30,885
30,925
30,989
30,999
31,37
31,52
31,64
31,112
31,129
31,179
31,211
31,212
31,213
31,215
31,216
31,279
31,286
31,333
31,334
31,339
31,343
31,352
31,393
31,410
31,439
31,456
31,490
31,494
31,518
31,535
31,572
31,591
31,616
31,653
31,693
31,697
31,701
31,704
31,709
31,728
31,749
31,750
31,776
31,794
31,869
31,907
31,944
31,952
31,956
31,980
32,60
32,75
32,120
32,121
32,129
32,143
32,151
32,182
32,202
32,211
32,213
32,220
32,225
32,227
32,228
32,240
32,244
32,249
32,294
32,315
32,320
32,332
32,348
32,383
32,393
32,408
32,416
32,458
32,459
32,471
32,486
32,494
32,511
32,521
32,535
32,542
32,547
32,553
32,581
32,587
32,599
32,610
32,643
32,680
32,690
32,691
32,728
32,748
32,775
32,776
32,778
32,831
32,842
32,860
32,874
32,877
32,903
32,907
32,912
32,917
32,965
32,975
32,982
32,985
33,108
33,124
33,133
33,145
33,171
33,180
33,293
33,301
33,317
33,349
33,360
33,408
33,410
33,411
33,484
33,541
33,631
33,655
33,667
33,758
33,791
33,814
33,911
33,963
33,974
34,47
34,98
34,111
34,142
34,201
34,217
34,234
34,237
34,262
34,314
34,332
34,339
34,360
34,453
34,588
34,589
34,607
34,662
34,725
34,736
34,843
34,874
34,919
34,952
35,41
35,52
35,75
35,90
35,93
35,114
35,137
35,166
35,175
35,182
35,192
35,202
35,258
35,279
35,313
35,320
35,325
35,333
35,364
35,380
35,405
35,424
35,460
35,461
35,475
35,486
35,512
35,553
35,567
35,581
35,587
35,598
35,628
35,638
35,639
35,701
35,702
35,710
35,719
35,788
35,807
35,812
35,822
35,845
35,873
35,877
35,878
35,899
35,918
35,933
35,965
35,967
36,62
36,85
36,86
36,118
36,131
36,157
36,159
36,184
36,210
36,217
36,221
36,241
36,267
36,269
36,307
36,329
36,350
36,359
36,364
36,381
36,411
36,422
36,426
36,430
36,462
36,478
36,504
36,508
36,521
36,529
36,541
36,550
36,555
36,573
36,613
36,617
36,640
36,660
36,663
36,678
36,728
36,761
36,762
36,788
36,827
36,864
36,915
36,926
36,929
36,932
36,937
36,942
36,948
36,950
36,983
36,993
37,47
37,50
37,100
37,103
37,185
37,209
37,213
37,234
37,239
37,243
37,251
37,255
37,264
37,287
37,312
37,337
37,344
37,370
37,443
37,468
37,493
37,516
37,527
37,546
37,558
37,583
37,625
37,633
37,669
37,692
37,693
37,708
37,709
37,734
37,740
37,767
37,794
37,869
37,902
37,917
37,959
37,996
38,94
38,111
38,211
38,217
38,234
38,290
38,310
38,324
38,370
38,372
38,446
38,468
38,503
38,531
38,584
38,607
38,614
38,625
38,642
38,660
38,672
38,695
38,756
38,786
38,801
38,852
38,882
38,919
38,928
38,950
38,989
38,999
39,48
39,121
39,132
39,194
39,201
39,218
39,233
39,281
39,320
39,322
39,361
39,376
39,409
39,455
39,460
39,479
39,513
39,623
39,685
39,687
39,703
39,713
39,719
39,758
39,760
39,769
39,770
39,780
39,792
39,807
39,879
39,897
39,979
40,205
40,316
40,381
40,437
40,457
40,521
40,549
40,582
40,588
40,599
40,600
40,604
40,612
40,707
40,784
41,54
41,71
41,75
41,99
41,120
41,137
41,156
41,172
41,175
41,176
41,208
41,213
41,227
41,255
41,279
41,283
41,312
41,335
41,352
41,417
41,424
41,429
41,456
41,476
41,486
41,490
41,511
41,513
41,519
41,553
41,587
41,622
41,658
41,680
41,775
41,807
41,910
41,918
41,931
41,975
41,982
41,984
41,985
41,995
42,70
42,77
42,87
42,102
42,112
42,159
42,239
42,288
42,303
42,433
42,517
42,579
42,627
42,634
42,638
42,659
42,677
42,684
42,694
42,762
42,779
42,829
42,836
42,868
42,875
42,900
42,945
43,83
43,95
43,154
43,171
43,189
43,282
43,298
43,301
43,331
43,363
43,381
43,404
43,451
43,457
43,506
43,517
43,556
43,558
43,560
43,573
43,584
43,589
43,655
43,667
43,706
43,716
43,720
43,736
43,753
43,777
43,784
43,814
43,818
43,820
43,861
43,887
43,904
43,944
44,45
44,51
44,76
44,87
44,101
44,115
44,142
44,152
44,154
44,156
44,204
44,222
44,270
44,296
44,321
44,329
44,373
44,395
44,409
44,422
44,432
44,442
44,480
44,512
44,517
44,531
44,539
44,567
44,572
44,577
44,580
44,584
44,585
44,628
44,690
44,703
44,711
44,714
44,720
44,738
44,745
44,755
44,809
44,812
44,815
44,822
44,829
44,868
44,879
44,887
44,888
44,898
44,899
44,911
44,923
44,937
44,957
44,976
45,51
45,57
45,76
45,77
45,101
45,113
45,124
45,138
45,143
45,171
45,175
45,184
45,194
45,204
45,219
45,222
45,235
45,261
45,270
45,278
45,313
45,329
45,361
45,379
45,382
45,407
45,432
45,451
45,493
45,504
45,512
45,514
45,538
45,544
45,578
45,585
45,587
45,622
45,632
45,650
45,662
45,671
45,681
45,687
45,690
45,703
45,711
45,712
45,714
45,720
45,728
45,738
45,748
45,762
45,772
45,805
45,809
45,812
45,819
45,823
45,847
45,852
45,879
45,886
45,898
45,911
45,918
45,940
45,946
45,948
45,957
45,964
45,976
46,63
46,82
46,84
46,91
46,110
46,158
46,164
46,188
46,196
46,197
46,199
46,226
46,256
46,328
46,354
46,374
46,386
46,387
46,394
46,400
46,413
46,414
46,427
46,437
46,444
46,457
46,464
46,473
46,474
46,478
46,525
46,544
46,545
46,551
46,593
46,600
46,615
46,629
46,710
46,717
46,726
46,731
46,734
46,735
46,743
46,761
46,784
46,861
46,883
46,934
46,958
46,960
46,963
46,969
46,993
47,65
47,76
47,149
47,191
47,213
47,214
47,234
47,268
47,287
47,308
47,436
47,734
47,794
47,853
47,890
47,895
47,962
48,59
48,66
48,78
48,84
48,105
48,144
48,158
48,188
48,192
48,214
48,251
48,269
48,281
48,282
48,293
48,317
48,405
48,406
48,408
48,411
48,414
48,443
48,444
48,448
48,459
48,464
48,482
48,484
48,541
48,563
48,618
48,623
48,630
48,717
48,726
48,746
48,764
48,784
48,823
48,827
48,843
48,886
48,904
48,909
48,915
48,961
48,965
49,63
49,66
49,95
49,117
49,183
49,190
49,198
49,203
49,237
49,290
49,293
49,317
49,349
49,394
49,411
49,413
49,423
49,440
49,464
49,472
49,476
49,528
49,534
49,562
49,615
49,660
49,687
49,705
49,733
49,735
49,777
49,814
49,817
49,820
49,830
49,870
49,904
49,924
49,938
50,72
50,118
50,136
50,162
50,181
50,189
50,196
50,257
50,284
50,306
50,313
50,326
50,392
50,398
50,400
50,421
50,434
50,446
50,471
50,478
50,485
50,531
50,608
50,612
50,633
50,634
50,635
50,642
50,644
50,657
50,673
50,699
50,744
50,785
50,795
50,805
50,821
50,833
50,835
50,837
50,852
50,872
50,878
50,884
50,889
50,917
50,919
50,935
50,950
50,960
50,987
51,68
51,112
51,129
51,143
51,156
51,229
51,233
51,305
51,311
51,332
51,335
51,345
51,356
51,368
51,371
51,378
51,395
51,429
51,469
51,483
51,496
51,499
51,502
51,529
51,533
51,534
51,551
51,553
51,571
51,575
51,591
51,595
51,649
51,681
51,691
51,696
51,713
51,718
51,719
51,727
51,755
51,760
51,769
51,778
51,780
51,781
51,782
51,798
51,806
51,819
51,865
51,912
51,935
51,960
51,984
51,986
52,58
52,75
52,106
52,128
52,137
52,175
52,181
52,211
52,227
52,234
52,244
52,247
52,250
52,279
52,286
52,302
52,320
52,334
52,357
52,360
52,362
52,393
52,410
52,417
52,424
52,434
52,458
52,465
52,476
52,488
52,490
52,494
52,511
52,536
52,542
52,546
52,558
52,565
52,567
52,572
52,599
52,603
52,616
52,639
52,641
52,645
52,653
52,654
52,696
52,697
52,714
52,728
52,775
52,806
52,860
52,880
52,881
52,894
52,907
52,913
52,917
52,929
52,975
52,981
53,83
53,108
53,150
53,161
53,162
53,166
53,186
53,192
53,195
53,196
53,197
53,214
53,217
53,257
53,272
53,274
53,277
53,313
53,314
53,332
53,364
53,413
53,447
53,531
53,563
53,601
53,606
53,608
53,612
53,614
53,617
53,647
53,744
53,784
53,788
53,805
53,833
53,850
53,852
53,861
53,870
53,884
53,909
53,915
53,956
53,990
53,997
54,65
54,89
54,97
54,114
54,116
54,120
54,167
54,228
54,230
54,240
54,265
54,300
54,331
54,342
54,352
54,358
54,417
54,425
54,452
54,469
54,585
54,632
54,665
54,689
54,695
54,707
54,795
54,825
54,882
54,932
54,975
54,993
55,81
55,172
55,176
55,178
55,209
55,214
55,250
55,291
55,300
55,367
55,412
55,437
55,469
55,491
55,504
55,508
55,617
55,631
55,663
55,787
55,811
55,866
55,906
55,946
55,965
55,977
56,62
56,74
56,109
56,114
56,137
56,141
56,175
56,199
56,211
56,230
56,240
56,244
56,283
56,296
56,315
56,320
56,334
56,352
56,373
56,383
56,424
56,458
56,476
56,598
56,622
56,623
56,641
56,654
56,693
56,714
56,771
56,808
56,841
56,845
56,873
56,890
56,894
56,939
56,942
56,948
56,987
56,995
57,112
57,138
57,143
57,157
57,178
57,195
57,229
57,263
57,281
57,345
57,361
57,368
57,379
57,422
57,460
57,499
57,500
57,523
57,533
57,540
57,584
57,685
57,714
57,761
57,781
57,796
57,863
57,865
57,880
57,947
57,991
58,60
58,181
58,196
58,202
58,214
58,231
58,306
58,320
58,323
58,332
58,343
58,346
58,353
58,364
58,376
58,412
58,434
58,504
58,537
58,541
58,542
58,553
58,558
58,565
58,577
58,584
58,622
58,654
58,669
58,672
58,689
58,766
58,773
58,776
58,788
58,810
58,824
58,877
58,907
58,919
58,955
58,974
59,103
59,138
59,164
59,195
59,299
59,314
59,324
59,374
59,392
59,431
59,470
59,475
59,478
59,528
59,541
59,590
59,648
59,732
59,750
59,764
59,783
59,786
59,824
59,837
59,838
59,842
59,862
59,878
59,914
59,925
59,928
59,949
59,974
60,121
60,139
60,162
60,266
60,323
60,353
60,390
60,412
60,417
60,434
60,452
60,533
60,553
60,641
60,663
60,665
60,689
60,702
60,728
60,748
60,752
60,776
60,906
60,923
60,938
60,965
60,975
61,110
61,116
61,118
61,139
61,172
61,205
61,248
61,315
61,330
61,372
61,373
61,386
61,389
61,395
61,414
61,453
61,458
61,469
61,482
61,506
61,631
61,662
61,672
61,726
61,736
61,773
61,795
61,810
61,874
61,878
61,912
61,927
61,929
61,932
61,952
61,965
61,969
62,89
62,103
62,127
62,137
62,139
62,209
62,215
62,226
62,240
62,244
62,247
62,255
62,283
62,302
62,315
62,323
62,339
62,340
62,383
62,391
62,421
62,424
62,429
62,452
62,460
62,467
62,481
62,486
62,516
62,518
62,616
62,633
62,643
62,646
62,647
62,654
62,704
62,763
62,793
62,825
62,873
62,875
62,877
62,881
62,911
62,916
62,923
62,939
62,953
62,968
62,996
63,69
63,78
63,80
63,82
63,97
63,128
63,133
63,157
63,164
63,170
63,177
63,188
63,189
63,205
63,224
63,293
63,298
63,307
63,310
63,327
63,328
63,364
63,381
63,387
63,388
63,394
63,405
63,412
63,444
63,447
63,459
63,469
63,474
63,486
63,489
63,504
63,506
63,518
63,545
63,550
63,564
63,612
63,613
63,614
63,631
63,640
63,668
63,672
63,683
63,686
63,707
63,726
63,731
63,732
63,744
63,746
63,810
63,821
63,827
63,843
63,844
63,850
63,858
63,861
63,870
63,884
63,886
63,897
63,988
63,997
64,65
64,74
64,91
64,106
64,107
64,185
64,212
64,213
64,244
64,264
64,283
64,287
64,334
64,365
64,393
64,410
64,467
64,521
64,531
64,535
64,541
64,564
64,565
64,571
64,572
64,576
64,586
64,610
64,634
64,636
64,639
64,693
64,701
64,742
64,794
64,853
64,869
64,891
64,895
64,941
64,962
64,966
64,980
64,993
65,74
65,86
65,96
65,107
65,116
65,122
65,129
65,149
65,178
65,227
65,250
65,253
65,282
65,286
65,291
65,306
65,343
65,360
65,371
65,375
65,410
65,438
65,439
65,458
65,476
65,486
65,490
65,495
65,511
65,527
65,535
65,557
65,559
65,567
65,576
65,591
65,610
65,620
65,651
65,652
65,658
65,693
65,723
65,736
65,749
65,752
65,757
65,775
65,794
65,808
65,832
65,877
65,890
65,894
65,895
65,913
65,916
65,937
65,941
65,967
65,968
65,982
66,73
66,90
66,117
66,133
66,162
66,170
66,188
66,198
66,256
66,261
66,293
66,301
66,328
66,331
66,363
66,366
66,387
66,394
66,404
66,405
66,406
66,407
66,414
66,418
66,433
66,443
66,444
66,448
66,451
66,461
66,469
66,473
66,482
66,484
66,506
66,515
66,541
66,545
66,556
66,581
66,592
66,615
66,649
66,671
66,678
66,705
66,717
66,732
66,746
66,761
66,784
66,802
66,823
66,854
66,874
66,886
66,894
66,898
66,904
66,920
66,924
66,927
66,941
66,945
66,950
66,958
66,969
66,985
67,166
67,247
67,283
67,315
67,340
67,431
67,622
67,636
67,646
67,653
67,704
67,771
67,873
67,881
67,916
67,933
67,939
67,980
67,995
68,140
68,179
68,201
68,232
68,245
68,311
68,320
68,422
68,461
68,479
68,496
68,595
68,674
68,719
68,730
68,780
68,785
68,972
69,82
69,89
69,111
69,116
69,172
69,199
69,210
69,217
69,220
69,227
69,228
69,229
69,237
69,238
69,262
69,269
69,285
69,287
69,300
69,302
69,306
69,311
69,312
69,332
69,342
69,348
69,356
69,364
69,386
69,420
69,451
69,453
69,454
69,461
69,476
69,486
69,519
69,524
69,528
69,555
69,589
69,593
69,598
69,605
69,632
69,634
69,656
69,680
69,688
69,689
69,695
69,734
69,744
69,750
69,776
69,810
69,886
69,905
69,919
69,928
69,965
69,982
69,993
70,72
70,83
70,87
70,113
70,135
70,159
70,256
70,262
70,304
70,310
70,327
70,402
70,404
70,430
70,445
70,457
70,540
70,550
70,627
70,659
70,676
70,684
70,720
70,728
70,757
70,779
70,842
70,863
70,927
70,969
70,983
71,79
71,101
71,102
71,139
71,182
71,184
71,209
71,307
71,320
71,429
71,452
71,461
71,462
71,475
71,537
71,555
71,681
71,702
71,712
71,759
71,799
71,812
71,867
71,908
71,918
71,946
71,953
71,964
72,92
72,130
72,136
72,157
72,164
72,165
72,195
72,228
72,262
72,273
72,313
72,338
72,377
72,392
72,394
72,400
72,403
72,470
72,478
72,497
72,631
72,648
72,657
72,660
72,673
72,693
72,744
72,833
72,889
72,928
73,90
73,104
73,113
73,157
73,183
73,207
73,249
73,253
73,262
73,275
73,292
73,381
73,390
73,396
73,414
73,430
73,443
73,450
73,462
73,482
73,544
73,549
73,560
73,561
73,593
73,604
73,605
73,617
73,655
73,657
73,663
73,707
73,800
73,803
73,864
73,903
73,906
73,926
73,969
74,96
74,120
74,123
74,129
74,137
74,182
74,200
74,202
74,241
74,315
74,319
74,343
74,347
74,353
74,359
74,401
74,410
74,465
74,494
74,574
74,591
74,602
74,603
74,622
74,624
74,679
74,723
74,724
74,782
74,790
74,834
74,840
74,857
74,862
74,891
74,936
74,968
74,978
74,984
74,995
74,997
75,89
75,99
75,120
75,122
75,129
75,137
75,149
75,167
75,175
75,181
75,199
75,211
75,220
75,240
75,244
75,283
75,315
75,333
75,335
75,345
75,359
75,375
75,403
75,410
75,417
75,425
75,431
75,434
75,453
75,460
75,475
75,476
75,479
75,486
75,494
75,511
75,518
75,581
75,585
75,587
75,644
75,653
75,664
75,696
75,741
75,772
75,784
75,786
75,790
75,810
75,860
75,873
75,880
75,907
75,917
75,936
75,943
75,955
75,968
75,974
75,975
75,993
76,89
76,113
76,129
76,138
76,194
76,222
76,262
76,330
76,345
76,351
76,382
76,409
76,421
76,422
76,460
76,480
76,484
76,493
76,496
76,603
76,672
76,680
76,712
76,713
76,719
76,760
76,769
76,778
76,792
76,793
76,799
76,822
76,823
76,824
76,831
76,865
76,879
76,888
76,898
76,918
76,968
76,972
76,976
76,979
76,991
77,127
77,146
77,151
77,167
77,218
77,235
77,278
77,288
77,295
77,327
77,351
77,359
77,409
77,413
77,423
77,430
77,435
77,462
77,514
77,579
77,592
77,604
77,649
77,676
77,690
77,694
77,711
77,721
77,757
77,759
77,849
77,860
77,864
77,879
77,881
77,898
77,899
77,903
77,911
77,920
77,922
77,937
77,961
78,133
78,144
78,148
78,164
78,188
78,189
78,190
78,191
78,205
78,214
78,226
78,241
78,251
78,260
78,269
78,293
78,338
78,394
78,405
78,473
78,504
78,509
78,594
78,600
78,606
78,612
78,614
78,629
78,657
78,673
78,679
78,731
78,735
78,746
78,784
78,789
78,791
78,802
78,805
78,827
78,850
78,854
78,859
78,861
78,883
78,908
78,929
78,951
78,961
78,965
78,969
78,988
79,113
79,157
79,222
79,229
79,277
79,278
79,287
79,291
79,306
79,309
79,322
79,379
79,409
79,452
79,461
79,495
79,502
79,558
79,585
79,623
79,650
79,659
79,692
79,702
79,703
79,710
79,712
79,713
79,757
79,759
79,769
79,790
79,798
79,799
79,801
79,851
79,881
79,911
79,918
79,964
79,992
80,106
80,143
80,193
80,206
80,221
80,229
80,240
80,266
80,311
80,345
80,356
80,368
80,371
80,378
80,395
80,398
80,429
80,479
80,483
80,496
80,519
80,521
80,569
80,575
80,603
80,636
80,665
80,674
80,680
80,681
80,685
80,710
80,713
80,755
80,770
80,782
80,809
80,864
80,875
80,960
80,986
81,93
81,139
81,156
81,324
81,325
81,332
81,353
81,371
81,376
81,380
81,450
81,469
81,490
81,493
81,558
81,570
81,577
81,587
81,689
81,695
81,722
81,728
81,750
81,771
81,788
81,811
81,866
81,877
82,123
82,130
82,148
82,162
82,164
82,170
82,172
82,186
82,189
82,190
82,197
82,199
82,205
82,214
82,223
82,224
82,248
82,252
82,262
82,272
82,274
82,286
82,329
82,381
82,382
82,386
82,389
82,392
82,402
82,417
82,427
82,441
82,451
82,459
82,473
82,489
82,508
82,521
82,532
82,550
82,555
82,577
82,590
82,598
82,613
82,629
82,640
82,652
82,660
82,663
82,688
82,707
82,717
82,725
82,732
82,734
82,736
82,744
82,746
82,756
82,765
82,776
82,777
82,804
82,816
82,821
82,861
82,872
82,874
82,878
82,880
82,886
82,894
82,902
82,912
82,919
82,932
82,951
82,960
82,981
82,985
82,997
83,90
83,95
83,108
83,133
83,141
83,171
83,183
83,218
83,229
83,294
83,301
83,323
83,363
83,367
83,374
83,387
83,431
83,433
83,450
83,458
83,464
83,479
83,484
83,506
83,510
83,530
83,561
83,580
83,614
83,617
83,627
83,650
83,706
83,711
83,716
83,729
83,743
83,753
83,777
83,779
83,791
83,802
83,818
83,820
83,863
83,893
83,924
83,926
83,945
83,954
84,158
84,162
84,170
84,188
84,192
84,205
84,234
84,240
84,277
84,374
84,387
84,394
84,413
84,443
84,444
84,448
84,451
84,459
84,469
84,473
84,474
84,482
84,539
84,541
84,600
84,614
84,626
84,673
84,729
84,744
84,779
84,827
84,850
84,896
84,915
84,934
84,960
85,108
85,131
85,157
85,184
85,265
85,269
85,295
85,296
85,305
85,376
85,384
85,426
85,469
85,508
85,539
85,566
85,577
85,599
85,617
85,630
85,640
85,689
85,788
85,809
85,818
85,893
85,955
85,972
86,96
86,102
86,106
86,122
86,123
86,175
86,180
86,200
86,212
86,234
86,302
86,330
86,357
86,395
86,436
86,458
86,484
86,535
86,572
86,576
86,591
86,634
86,636
86,680
86,693
86,696
86,697
86,715
86,767
86,794
86,869
86,890
86,891
86,962
86,966
87,113
87,135
87,150
87,169
87,196
87,229
87,275
87,298
87,301
87,304
87,404
87,411
87,413
87,448
87,453
87,506
87,507
87,540
87,573
87,579
87,627
87,655
87,676
87,698
87,779
87,786
87,802
87,828
87,863
87,898
87,942
87,969
87,970
87,976
88,135
88,331
88,345
88,353
88,361
88,376
88,379
88,396
88,423
88,430
88,517
88,540
88,544
88,550
88,568
88,579
88,604
88,659
88,686
88,713
88,720
88,779
88,784
88,864
88,875
88,926
88,927
88,945
88,976
89,103
89,109
89,116
89,142
89,172
89,199
89,210
89,211
89,223
89,227
89,262
89,266
89,286
89,300
89,306
89,323
89,332
89,336
89,360
89,364
89,373
89,417
89,420
89,470
89,487
89,516
89,521
89,542
89,555
89,559
89,581
89,599
89,603
89,635
89,640
89,689
89,690
89,715
89,748
89,761
89,774
89,795
89,810
89,816
89,821
89,825
89,831
89,860
89,866
89,882
89,912
89,917
89,936
89,941
89,965
89,982
89,993
90,154
90,185
90,187
90,198
90,222
90,247
90,261
90,285
90,295
90,299
90,300
90,301
90,332
90,355
90,374
90,381
90,384
90,394
90,404
90,406
90,408
90,413
90,437
90,443
90,450
90,462
90,484
90,515
90,525
90,529
90,530
90,545
90,560
90,606
90,618
90,648
90,684
90,686
90,726
90,729
90,753
90,792
90,820
90,827
90,833
90,867
90,887
90,896
90,901
90,904
90,926
90,956
90,960
90,961
90,976
91,160
91,166
91,168
91,181
91,224
91,225
91,234
91,239
91,260
91,300
91,314
91,344
91,350
91,360
91,372
91,389
91,422
91,430
91,468
91,470
91,522
91,524
91,548
91,556
91,557
91,566
91,572
91,591
91,605
91,633
91,635
91,660
91,661
91,708
91,709
91,740
91,764
91,774
91,787
91,838
91,852
91,858
91,872
91,876
91,884
91,904
91,914
91,996
91,999
92,136
92,191
92,195
92,223
92,236
92,248
92,273
92,326
92,355
92,403
92,427
92,453
92,456
92,497
92,498
92,558
92,615
92,637
92,642
92,648
92,659
92,673
92,688
92,699
92,700
92,756
92,770
92,805
92,874
93,97
93,156
93,192
93,227
93,238
93,246
93,248
93,265
93,332
93,342
93,358
93,364
93,367
93,424
93,429
93,513
93,521
93,590
93,644
93,649
93,663
93,665
93,693
93,741
93,776
93,795
93,812
93,860
93,862
93,866
93,886
93,894
93,897
93,919
93,936
93,965
94,165
94,206
94,310
94,400
94,403
94,503
94,524
94,531
94,566
94,786
94,801
94,807
94,847
94,852
94,909
94,973
94,998
95,108
95,124
95,133
95,142
95,154
95,163
95,170
95,171
95,177
95,180
95,183
95,195
95,198
95,286
95,301
95,313
95,341
95,349
95,354
95,363
95,381
95,399
95,404
95,411
95,450
95,474
95,506
95,510
95,532
95,539
95,541
95,556
95,616
95,640
95,647
95,655
95,671
95,706
95,733
95,749
95,768
95,802
95,820
95,830
95,867
95,870
95,874
95,924
95,931
95,938
95,942
95,968
95,985
96,100
96,106
96,128
96,149
96,207
96,212
96,318
96,346
96,359
96,364
96,375
96,410
96,467
96,559
96,574
96,576
96,610
96,620
96,696
96,742
96,767
96,862
96,930
96,936
96,942
97,101
97,124
97,157
97,221
97,267
97,296
97,319
97,329
97,376
97,398
97,508
97,514
97,520
97,523
97,533
97,579
97,585
97,703
97,745
97,788
97,799
97,816
97,844
97,877
97,905
97,979
98,130
98,145
98,153
98,405
98,427
98,471
98,473
98,487
98,497
98,513
98,608
98,635
98,640
98,763
98,822
98,833
98,889
98,901
98,990
99,114
99,120
99,128
99,182
99,211
99,227
99,247
99,306
99,315
99,333
99,360
99,392
99,410
99,417
99,424
99,429
99,434
99,465
99,475
99,486
99,519
99,522
99,528
99,557
99,573
99,581
99,587
99,599
99,607
99,658
99,664
99,703
99,754
99,775
99,785
99,810
99,825
99,845
99,860
99,875
99,936
99,975
99,984
99,987
100,200
100,212
100,271
100,275
100,285
100,308
100,380
100,393
100,420
100,490
100,531
100,574
100,591
100,707
100,767
100,832
100,891
100,939
100,966
101,185
101,204
101,245
101,423
101,460
101,512
101,534
101,575
101,650
101,690
101,713
101,738
101,779
101,798
101,809
101,836
101,842
101,879
101,888
101,898
101,911
101,944
101,972
102,131
102,146
102,151
102,159
102,163
102,184
102,191
102,195
102,267
102,269
102,296
102,366
102,385
102,408
102,452
102,462
102,463
102,533
102,580
102,602
102,723
102,748
102,750
102,757
102,779
102,780
102,788
102,798
102,810
102,812
102,817
102,826
102,831
102,863
102,873
102,893
102,918
102,964
102,969
102,972
103,156
103,172
103,173
103,199
103,206
103,214
103,296
103,300
103,307
103,318
103,323
103,330
103,336
103,360
103,373
103,420
103,429
103,470
103,522
103,565
103,567
103,582
103,631
103,669
103,695
103,696
103,740
103,741
103,838
103,855
103,912
103,919
103,929
103,935
103,964
103,979
104,151
104,180
104,187
104,246
104,262
104,275
104,385
104,415
104,487
104,560
104,604
104,618
104,637
104,686
104,721
104,766
104,777
104,800
104,803
104,836
104,844
104,867
104,896
104,904
104,927
104,958
104,961
104,990
105,112
105,151
105,173
105,345
105,350
105,356
105,358
105,481
105,483
105,519
105,534
105,569
105,595
105,603
105,624
105,724
105,780
105,799
105,806
105,815
105,842
105,869
105,894
105,908
106,107
106,118
106,123
106,129
106,137
106,141
106,174
106,212
106,216
106,244
106,264
106,284
106,286
106,306
106,359
106,365
106,375
106,383
106,393
106,437
106,438
106,458
106,535
106,559
106,570
106,576
106,610
106,634
106,646
106,653
106,693
106,703
106,726
106,748
106,754
106,767
106,777
106,796
106,857
106,891
106,910
106,916
106,919
106,936
106,962
106,987
107,113
107,123
107,128
107,133
107,134
107,155
107,200
107,209
107,211
107,220
107,239
107,255
107,271
107,315
107,354
107,359
107,375
107,467
107,537
107,567
107,574
107,576
107,586
107,610
107,643
107,646
107,754
107,767
107,775
107,790
107,841
107,859
107,869
107,885
107,890
107,899
107,936
107,962
107,982
108,117
108,187
108,198
108,208
108,217
108,240
108,241
108,282
108,341
108,354
108,364
108,396
108,403
108,404
108,406
108,415
108,449
108,451
108,475
108,484
108,504
108,510
108,517
108,545
108,581
108,601
108,604
108,606
108,649
108,659
108,667
108,716
108,729
108,731
108,777
108,802
108,818
108,836
108,867
108,878
108,893
108,899
108,926
108,931
108,945
108,956
108,960
109,114
109,137
109,178
109,245
109,338
109,347
109,397
109,401
109,429
109,599
109,622
109,628
109,664
109,702
109,720
109,723
109,745
109,748
109,751
109,812
109,857
109,871
109,875
109,877
109,894
109,908
109,984
109,995
110,133
110,157
110,186
110,196
110,277
110,313
110,328
110,354
110,374
110,379
110,394
110,414
110,427
110,444
110,474
110,482
110,494
110,525
110,541
110,549
110,573
110,593
110,615
110,626
110,640
110,674
110,701
110,717
110,733
110,735
110,743
110,761
110,778
110,827
110,850
110,924
110,934
110,938
110,942
110,958
111,123
111,125
111,160
111,166
111,173
111,246
111,250
111,260
111,299
111,314
111,330
111,375
111,377
111,392
111,420
111,431
111,446
111,492
111,498
111,630
111,656
111,660
111,662
111,765
111,858
111,880
111,885
111,928
111,948
111,962
112,121
112,127
112,182
112,193
112,227
112,258
112,322
112,334
112,345
112,350
112,356
112,382
112,391
112,398
112,452
112,519
112,547
112,587
112,603
112,611
112,628
112,664
112,665
112,723
112,739
112,779
112,792
112,806
112,845
112,857
112,865
112,877
112,881
112,902
112,920
112,998
113,131
113,135
113,136
113,184
113,185
113,199
113,205
113,222
113,235
113,254
113,261
113,270
113,275
113,276
113,288
113,304
113,305
113,307
113,327
113,329
113,351
113,369
113,420
113,432
113,435
113,462
113,480
113,508
113,514
113,544
113,568
113,578
113,579
113,580
113,585
113,610
113,650
113,659
113,684
113,707
113,711
113,720
113,732
113,737
113,745
113,817
113,851
113,887
113,893
113,898
113,920
113,926
113,942
113,952
113,969
114,120
114,131
114,136
114,137
114,167
114,175
114,209
114,215
114,231
114,307
114,315
114,320
114,325
114,333
114,334
114,339
114,347
114,352
114,368
114,420
114,452
114,475
114,511
114,526
114,547
114,611
114,615
114,649
114,686
114,728
114,739
114,779
114,785
114,815
114,831
114,837
114,839
114,857
114,873
114,877
114,900
114,933
114,945
114,964
114,999
115,124
115,129
115,132
115,138
115,142
115,173
115,194
115,219
115,222
115,263
115,294
115,362
115,382
115,398
115,422
115,452
115,495
115,534
115,603
115,685
115,687
115,714
115,723
115,727
115,757
115,778
115,781
115,792
115,822
115,844
115,845
115,894
115,903
115,933
115,984
115,991
116,194
116,227
116,264
116,320
116,323
116,339
116,344
116,350
116,360
116,372
116,373
116,383
116,407
116,412
116,417
116,452
116,572
116,632
116,660
116,680
116,689
116,701
116,705
116,718
116,752
116,795
116,816
116,825
116,847
116,860
116,877
116,882
116,912
116,974
116,993
117,119
117,133
117,171
117,186
117,198
117,235
117,282
117,284
117,293
117,394
117,413
117,418
117,443
117,444
117,464
117,472
117,525
117,528
117,539
117,615
117,649
117,667
117,705
117,715
117,731
117,733
117,735
117,791
117,814
117,870
117,886
117,896
117,904
117,918
117,924
117,931
117,943
117,954
117,963
117,964
118,124
118,144
118,145
118,158
118,165
118,177
118,184
118,197
118,253
118,257
118,284
118,308
118,310
118,323
118,326
118,392
118,400
118,419
118,421
118,431
118,435
118,478
118,485
118,496
118,497
118,510
118,531
118,552
118,559
118,605
118,637
118,642
118,644
118,648
118,689
118,746
118,782
118,786
118,825
118,831
118,835
118,837
118,838
118,842
118,852
118,872
118,884
118,885
118,889
118,909
118,914
118,935
118,941
118,950
118,973
118,989
118,994
119,277
119,293
119,313
119,317
119,387
119,394
119,411
119,413
119,440
119,449
119,510
119,522
119,528
119,539
119,541
119,647
119,655
119,671
119,676
119,705
119,733
119,793
119,814
119,819
119,820
119,830
119,838
119,847
119,855
119,857
119,870
119,906
119,924
119,938
119,954
120,136
120,149
120,156
120,172
120,175
120,295
120,313
120,320
120,339
120,352
120,368
120,383
120,410
120,412
120,424
120,434
120,446
120,452
120,462
120,475
120,476
120,486
120,493
120,494
120,511
120,553
120,581
120,587
120,622
120,628
120,641
120,658
120,666
120,682
120,712
120,719
120,748
120,807
120,823
120,831
120,840
120,845
120,850
120,907
120,916
120,967
120,975
120,985
121,136
121,194
121,216
121,321
121,330
121,356
121,384
121,422
121,480
121,481
121,521
121,551
121,674
121,681
121,710
121,713
121,719
121,726
121,737
121,738
121,760
121,778
121,796
121,899
121,932
121,940
121,976
121,979
122,191
122,215
122,239
122,247
122,250
122,300
122,337
122,357
122,438
122,490
122,591
122,641
122,697
122,891
122,927
122,944
122,959
122,962
122,980
122,986
122,996
123,128
123,132
123,134
123,141
123,198
123,239
123,255
123,271
123,283
123,302
123,318
123,359
123,365
123,375
123,401
123,410
123,429
123,436
123,461
123,518
123,529
123,574
123,576
123,591
123,602
123,620
123,624
123,641
123,696
123,723
123,742
123,754
123,859
123,869
123,910
123,923
123,936
123,968
123,978
123,986
123,987
123,993
124,169
124,171
124,180
124,183
124,198
124,236
124,256
124,275
124,293
124,301
124,329
124,349
124,363
124,374
124,387
124,398
124,406
124,408
124,411
124,418
124,440
124,449
124,457
124,464
124,473
124,484
124,497
124,510
124,523
124,527
124,573
124,593
124,622
124,635
124,647
124,655
124,671
124,673
124,676
124,705
124,736
124,791
124,814
124,820
124,824
124,830
124,870
124,898
124,911
124,915
124,931
124,961
124,963
125,126
125,173
125,250
125,260
125,300
125,377
125,392
125,474
125,491
125,545
125,555
125,557
125,558
125,588
125,594
125,605
125,722
125,743
125,749
125,777
125,896
125,913
125,919
125,957
125,965
125,992
126,136
126,175
126,189
126,206
126,214
126,243
126,253
126,256
126,257
126,310
126,355
126,400
126,419
126,446
126,458
126,468
126,470
126,471
126,478
126,488
126,548
126,600
126,608
126,633
126,642
126,699
126,708
126,715
126,730
126,763
126,764
126,787
126,801
126,805
126,837
126,838
126,847
126,872
126,884
126,885
127,156
127,207
127,240
127,347
127,350
127,391
127,398
127,429
127,461
127,483
127,499
127,551
127,603
127,674
127,680
127,793
127,857
127,881
127,900
127,998
128,134
128,155
128,174
128,200
128,212
128,220
128,400
128,452
128,572
128,576
128,583
128,586
128,620
128,634
128,641
128,704
128,742
128,859
128,926
128,936
128,987
128,988
129,199
129,211
129,213
129,215
129,243
129,244
129,251
129,266
129,279
129,286
129,292
129,300
129,306
129,308
129,357
129,364
129,401
129,407
129,410
129,417
129,438
129,458
129,476
129,489
129,490
129,494
129,536
129,542
129,546
129,554
129,559
129,567
129,572
129,587
129,591
129,604
129,610
129,629
129,635
129,636
129,639
129,670
129,693
129,706
129,717
129,728
129,730
129,734
129,752
129,786
129,793
129,794
129,797
129,808
129,832
129,840
129,874
129,885
129,907
129,910
129,913
129,941
129,982
130,136
130,145
130,146
130,148
130,150
130,162
130,237
130,256
130,313
130,326
130,419
130,427
130,431
130,448
130,471
130,478
130,489
130,497
130,532
130,608
130,635
130,660
130,668
130,671
130,736
130,756
130,763
130,788
130,805
130,821
130,835
130,847
130,874
130,884
130,889
130,989
130,990
131,133
131,157
131,177
131,219
131,238
131,267
131,269
131,332
131,334
131,368
131,383
131,406
131,462
131,521
131,549
131,656
131,671
131,698
131,750
131,755
131,788
131,937
131,976
132,133
132,138
132,178
132,222
132,245
132,263
132,294
132,322
132,356
132,374
132,382
132,422
132,495
132,499
132,500
132,533
132,534
132,538
132,543
132,555
132,561
132,571
132,575
132,631
132,643
132,666
132,670
132,674
132,714
132,718
132,738
132,757
132,778
132,781
132,782
132,792
132,796
132,802
132,809
132,815
132,829
132,844
132,880
132,919
132,940
132,947
132,964
132,984
132,990
132,991
133,180
133,189
133,198
133,226
133,256
133,265
133,323
133,354
133,357
133,363
133,374
133,404
133,411
133,414
133,418
133,423
133,433
133,435
133,444
133,448
133,450
133,451
133,464
133,467
133,484
133,506
133,510
133,514
133,528
133,541
133,556
133,580
133,655
133,667
133,726
133,814
133,828
133,896
133,904
133,924
133,931
133,942
133,954
134,155
134,174
134,200
134,220
134,271
134,320
134,393
134,476
134,516
134,576
134,620
134,634
134,697
134,742
134,754
134,767
134,859
134,891
134,923
134,930
134,936
134,986
134,987
135,142
135,154
135,159
135,216
135,261
135,266
135,303
135,327
135,329
135,351
135,361
135,362
135,376
135,386
135,390
135,404
135,407
135,414
135,432
135,435
135,464
135,483
135,484
135,500
135,502
135,517
135,521
135,544
135,568
135,573
135,578
135,579
135,608
135,613
135,630
135,634
135,649
135,659
135,660
135,676
135,684
135,720
135,731
135,779
135,812
135,818
135,824
135,842
135,879
135,911
135,942
135,948
135,971
136,145
136,162
136,177
136,189
136,195
136,197
136,237
136,257
136,274
136,284
136,313
136,326
136,338
136,352
136,360
136,402
136,419
136,421
136,427
136,431
136,446
136,471
136,478
136,485
136,497
136,498
136,521
136,532
136,541
136,608
136,633
136,635
136,648
136,660
136,676
136,688
136,720
136,748
136,751
136,756
136,821
136,835
136,837
136,847
136,885
136,889
136,911
136,914
136,918
136,952
136,988
137,149
137,168
137,211
137,213
137,230
137,231
137,232
137,240
137,266
137,347
137,361
137,424
137,475
137,582
137,624
137,641
137,696
137,727
137,738
137,790
137,815
137,846
137,871
137,873
137,880
137,916
137,943
137,968
137,975
138,178
138,219
138,221
138,222
138,229
138,230
138,258
138,263
138,294
138,302
138,329
138,371
138,382
138,427
138,435
138,460
138,495
138,499
138,501
138,529
138,534
138,543
138,569
138,584
138,663
138,680
138,687
138,714
138,719
138,721
138,755
138,758
138,781
138,786
138,796
138,802
138,809
138,812
138,823
138,824
138,834
138,881
138,899
138,947
138,972
138,976
138,979
138,991
139,157
139,182
139,228
139,266
139,294
139,323
139,332
139,348
139,352
139,353
139,364
139,381
139,412
139,434
139,451
139,458
139,469
139,504
139,537
139,587
139,598
139,622
139,632
139,648
139,658
139,662
139,750
139,776
139,795
139,804
139,860
139,985
140,178
140,208
140,222
140,232
140,259
140,275
140,294
140,382
140,502
140,543
140,560
140,584
140,611
140,690
140,714
140,719
140,778
140,792
140,819
140,880
140,892
140,949
140,972
141,155
141,200
141,209
141,211
141,212
141,215
141,216
141,231
141,232
141,236
141,241
141,302
141,307
141,320
141,359
141,365
141,383
141,410
141,476
141,494
141,566
141,567
141,574
141,599
141,602
141,610
141,624
141,634
141,636
141,682
141,696
141,702
141,742
141,754
141,782
141,815
141,853
141,869
141,871
141,895
141,923
141,936
141,940
141,968
141,972
141,974
141,987
142,146
142,184
142,204
142,235
142,241
142,270
142,276
142,297
142,298
142,304
142,307
142,327
142,351
142,364
142,404
142,432
142,435
142,492
142,500
142,507
142,524
142,537
142,538
142,544
142,581
142,584
142,585
142,592
142,623
142,637
142,666
142,685
142,687
142,690
142,694
142,711
142,772
142,778
142,796
142,799
142,803
142,824
142,834
142,844
142,899
142,900
142,903
142,922
142,926
142,932
142,957
142,969
142,972
142,976
142,979
143,179
143,193
143,201
143,209
143,251
143,258
143,273
143,287
143,311
143,320
143,345
143,351
143,356
143,357
143,368
143,378
143,383
143,398
143,401
143,407
143,442
143,460
143,483
143,496
143,515
143,519
143,529
143,559
143,569
143,603
143,613
143,670
143,671
143,674
143,681
143,684
143,691
143,710
143,718
143,746
143,754
143,755
143,770
143,778
143,779
143,782
143,785
143,806
143,809
143,865
143,894
143,899
143,947
143,976
143,986
144,158
144,164
144,170
144,189
144,192
144,299
144,390
144,413
144,447
144,457
144,471
144,474
144,482
144,525
144,545
144,563
144,578
144,600
144,604
144,614
144,615
144,626
144,666
144,673
144,684
144,735
144,746
144,761
144,784
144,818
144,821
144,833
144,850
144,883
144,886
144,915
144,954
144,956
144,958
144,995
145,148
145,153
145,172
145,189
145,191
145,192
145,197
145,220
145,231
145,237
145,243
145,248
145,258
145,273
145,277
145,278
145,313
145,314
145,326
145,338
145,389
145,403
145,418
145,419
145,471
145,497
145,513
145,522
145,531
145,577
145,608
145,648
145,654
145,688
145,713
145,773
145,805
145,816
145,821
145,848
145,874
145,886
145,889
145,901
145,909
145,985
146,178
146,181
146,219
146,256
146,261
146,270
146,278
146,282
146,288
146,294
146,327
146,351
146,371
146,407
146,410
146,422
146,432
146,483
146,500
146,501
146,514
146,521
146,538
146,541
146,542
146,584
146,592
146,638
146,666
146,687
146,690
146,711
146,714
146,720
146,721
146,737
146,738
146,753
146,772
146,778
146,787
146,790
146,802
146,816
146,824
146,834
146,844
146,849
146,850
146,855
146,879
146,887
146,892
146,899
146,922
146,924
146,932
146,937
146,968
146,976
147,158
147,161
147,277
147,293
147,374
147,457
147,563
147,601
147,615
147,618
147,630
147,656
147,716
147,744
147,756
147,814
147,830
147,904
147,934
147,954
147,997
148,152
148,162
148,185
148,190
148,237
148,248
148,260
148,300
148,388
148,405
148,418
148,447
148,460
148,473
148,489
148,545
148,606
148,635
148,673
148,784
148,789
148,814
148,835
148,850
148,854
148,915
148,951
149,213
149,243
149,264
149,271
149,286
149,289
149,306
149,308
149,343
149,368
149,373
149,419
149,431
149,438
149,467
149,469
149,486
149,490
149,491
149,511
149,535
149,564
149,587
149,599
149,602
149,622
149,656
149,658
149,689
149,693
149,730
149,752
149,825
149,905
149,906
149,912
149,936
149,966
149,993
150,164
150,189
150,196
150,226
150,266
150,317
150,394
150,405
150,427
150,444
150,447
150,563
150,600
150,614
150,626
150,633
150,647
150,668
150,673
150,735
150,743
150,827
150,883
150,909
150,915
150,934
150,951
150,958
151,204
151,238
151,304
151,423
151,523
151,538
151,579
151,609
151,638
151,666
151,757
151,922
151,948
152,173
152,187
152,312
152,315
152,372
152,400
152,425
152,522
152,527
152,590
152,594
152,605
152,663
152,679
152,689
152,708
152,709
152,734
152,855
152,858
152,894
152,959
152,973
153,189
153,191
153,192
153,223
153,252
153,273
153,274
153,284
153,285
153,335
153,372
153,403
153,411
153,446
153,447
153,471
153,497
153,513
153,552
153,566
153,593
153,648
153,665
153,744
153,761
153,794
153,813
153,821
153,847
153,848
153,901
153,909
153,963
153,997
154,183
154,267
154,282
154,288
154,301
154,389
154,406
154,408
154,433
154,443
154,484
154,515
154,517
154,523
154,530
154,542
154,556
154,568
154,626
154,650
154,777
154,820
154,826
154,850
154,868
154,887
154,904
154,931
155,161
155,174
155,200
155,204
155,220
155,271
155,318
155,359
155,375
155,383
155,393
155,576
155,583
155,586
155,610
155,724
155,754
155,788
155,859
155,869
155,891
155,916
155,930
155,987
156,199
156,211
156,230
156,288
156,304
156,319
156,322
156,394
156,398
156,409
156,526
156,579
156,651
156,759
156,807
156,823
156,826
156,888
156,905
156,977
156,980
157,167
157,184
157,189
157,190
157,235
157,241
157,248
157,267
157,278
157,287
157,296
157,309
157,312
157,322
157,329
157,348
157,360
157,367
157,376
157,379
157,389
157,424
157,426
157,430
157,433
157,435
157,446
157,449
157,462
157,463
157,491
157,493
157,510
157,533
157,537
157,562
157,577
157,580
157,581
157,585
157,604
157,628
157,662
157,707
157,733
157,738
157,749
157,750
157,753
157,759
157,765
157,772
157,788
157,789
157,796
157,842
157,844
157,845
157,859
157,864
157,886
157,893
157,901
157,903
157,937
157,945
157,955
157,967
157,970
157,991
157,993
158,170
158,188
158,205
158,267
158,387
158,392
158,394
158,406
158,408
158,438
158,447
158,448
158,450
158,457
158,459
158,474
158,477
158,482
158,539
158,541
158,550
158,585
158,593
158,629
158,647
158,729
158,735
158,746
158,761
158,762
158,784
158,810
158,829
158,845
158,883
158,927
158,943
158,945
158,948
159,169
159,176
159,204
159,208
159,261
159,288
159,303
159,304
159,331
159,375
159,404
159,414
159,417
159,432
159,435
159,492
159,517
159,540
159,544
159,545
159,573
159,578
159,579
159,627
159,648
159,649
159,659
159,677
159,681
159,684
159,720
159,746
159,779
159,813
159,844
159,870
159,942
159,969
159,970
159,971
160,181
160,200
160,234
160,250
160,253
160,295
160,308
160,372
160,456
160,469
160,557
160,594
160,625
160,637
160,645
160,675
160,692
160,708
160,840
160,847
160,853
160,875
160,876
160,882
160,925
160,941
160,999
161,196
161,198
161,282
161,317
161,349
161,388
161,411
161,414
161,444
161,472
161,706
161,707
161,717
161,733
161,743
161,749
161,883
161,954
162,168
162,191
162,192
162,197
162,224
162,237
162,252
162,257
162,260
162,266
162,273
162,274
162,277
162,338
162,355
162,394
162,399
162,403
162,469
162,471
162,497
162,513
162,559
162,608
162,612
162,629
162,635
162,644
162,652
162,657
162,660
162,683
162,688
162,700
162,705
162,732
162,744
162,763
162,766
162,789
162,805
162,812
162,813
162,821
162,833
162,838
162,850
162,861
162,870
162,874
162,878
162,889
162,901
162,909
162,914
162,941
162,990
163,175
163,179
163,244
163,295
163,319
163,322
163,345
163,368
163,417
163,496
163,519
163,597
163,641
163,664
163,680
163,682
163,713
163,720
163,723
163,727
163,759
163,766
163,780
163,785
163,804
163,831
163,900
163,908
163,984
163,992
163,998
164,172
164,179
164,190
164,205
164,217
164,260
164,288
164,314
164,328
164,385
164,418
164,457
164,471
164,473
164,489
164,505
164,509
164,521
164,539
164,575
164,593
164,606
164,629
164,630
164,673
164,695
164,736
164,795
164,805
164,821
164,833
164,860
164,872
164,909
164,921
164,937
164,965
165,206
165,290
165,324
165,355
165,421
165,478
165,550
165,555
165,610
165,637
165,642
165,644
165,661
165,791
165,884
165,959
165,989
166,168
166,212
166,234
166,248
166,290
166,291
166,405
166,468
166,470
166,524
166,545
166,557
166,563
166,607
166,661
166,663
166,774
166,785
166,833
166,840
166,853
166,858
166,876
166,919
166,993
167,179
167,185
167,202
167,207
167,217
167,343
167,404
167,430
167,444
167,510
167,521
167,544
167,560
167,561
167,580
167,589
167,619
167,728
167,817
167,906
167,924
167,927
167,937
167,961
168,195
168,225
168,234
168,242
168,243
168,273
168,282
168,290
168,324
168,328
168,344
168,355
168,370
168,372
168,381
168,454
168,470
168,474
168,477
168,485
168,557
168,640
168,642
168,736
168,786
168,787
168,801
168,837
168,847
168,858
168,884
168,909
168,937
168,989
169,221
169,275
169,290
169,435
169,439
169,492
169,523
169,532
169,540
169,573
169,602
169,627
169,659
169,676
169,677
169,678
169,687
169,720
169,753
169,768
169,790
169,795
169,802
169,828
169,845
169,870
169,947
169,969
169,970
170,186
170,192
170,198
170,205
170,236
170,317
170,328
170,374
170,387
170,394
170,444
170,448
170,472
170,473
170,474
170,525
170,541
170,593
170,615
170,629
170,647
170,649
170,662
170,671
170,676
170,705
170,717
170,743
170,761
170,762
170,777
170,814
170,828
170,850
170,869
170,904
170,932
170,934
170,943
170,990
171,180
171,203
171,234
171,236
171,256
171,301
171,349
171,363
171,387
171,394
171,411
171,418
171,433
171,450
171,451
171,510
171,523
171,556
171,584
171,593
171,647
171,655
171,675
171,700
171,733
171,746
171,761
171,779
171,791
171,805
171,820
171,827
171,842
171,855
171,889
171,896
171,924
171,931
171,942
171,963
172,186
172,188
172,199
172,205
172,211
172,217
172,224
172,238
172,242
172,245
172,248
172,278
172,285
172,335
172,437
172,447
172,451
172,459
172,463
172,469
172,473
172,491
172,494
172,513
172,537
172,559
172,587
172,588
172,589
172,596
172,631
172,642
172,662
172,663
172,695
172,703
172,801
172,810
172,811
172,816
172,825
172,845
172,847
172,863
172,873
172,876
172,902
172,927
172,932
172,945
172,965
172,988
173,199
173,211
173,213
173,217
173,289
173,290
173,299
173,307
173,336
173,392
173,420
173,452
173,456
173,478
173,503
173,555
173,565
173,590
173,626
173,648
173,656
173,740
173,764
173,874
173,884
173,890
173,912
173,928
173,956
173,975
174,200
174,213
174,220
174,240
174,248
174,251
174,255
174,271
174,318
174,436
174,465
174,467
174,576
174,634
174,696
174,724
174,742
174,758
174,777
174,849
174,859
174,862
174,869
174,930
174,936
174,987
175,211
175,306
175,314
175,320
175,329
175,332
175,383
175,392
175,407
175,416
175,424
175,430
175,443
175,553
175,559
175,581
175,587
175,602
175,634
175,725
175,762
175,772
175,807
175,825
175,846
175,855
175,880
175,894
175,907
175,932
176,186
176,187
176,214
176,224
176,285
176,414
176,426
176,433
176,443
176,457
176,459
176,539
176,573
176,601
176,686
176,817
176,818
176,920
176,921
177,253
177,310
177,312
177,326
177,344
177,394
177,402
177,419
177,452
177,454
177,478
177,485
177,498
177,524
177,552
177,557
177,581
177,629
177,786
177,872
177,885
177,889
177,909
177,925
177,935
177,950
177,973
177,994
178,193
178,205
178,208
178,209
178,222
178,241
178,259
178,362
178,382
178,439
178,483
178,495
178,499
178,500
178,501
178,534
178,575
178,580
178,584
178,590
178,631
178,666
178,677
178,685
178,772
178,796
178,809
178,824
178,933
178,995
179,184
179,201
179,219
179,222
179,245
179,258
179,315
179,319
179,322
179,325
179,329
179,368
179,407
179,415
179,429
179,430
179,463
179,468
179,474
179,491
179,496
179,519
179,597
179,604
179,628
179,676
179,680
179,691
179,700
179,718
179,719
179,727
179,750
179,760
179,778
179,780
179,781
179,785
179,792
179,798
179,799
179,807
179,812
179,823
179,845
179,875
179,894
179,899
179,919
179,937
179,942
179,953
179,972
179,975
179,984
179,985
180,221
180,236
180,256
180,275
180,282
180,322
180,349
180,363
180,408
180,411
180,413
180,440
180,450
180,467
180,474
180,484
180,517
180,523
180,528
180,530
180,615
180,647
180,649
180,651
180,655
180,715
180,745
180,762
180,789
180,791
180,818
180,820
180,830
180,870
180,904
180,963
181,225
181,234
181,239
181,241
181,242
181,243
181,291
181,314
181,320
181,337
181,344
181,389
181,425
181,429
181,468
181,516
181,524
181,552
181,643
181,719
181,825
181,835
181,840
181,844
181,853
181,857
181,876
181,913
181,921
181,925
181,989
181,993
181,999
182,199
182,216
182,230
182,240
182,269
182,320
182,322
182,323
182,333
182,356
182,410
182,452
182,496
182,542
182,595
182,622
182,628
182,653
182,665
182,680
182,695
182,720
182,734
182,748
182,749
182,759
182,763
182,779
182,812
182,819
182,831
182,853
182,871
182,873
182,874
182,877
182,894
182,919
182,965
182,967
182,985
182,986
183,205
183,363
183,408
183,433
183,443
183,448
183,482
183,506
183,510
183,530
183,536
183,631
183,655
183,705
183,707
183,753
183,761
183,820
183,887
183,898
183,960
183,963
183,970
183,988
184,214
184,241
184,245
184,256
184,266
184,267
184,295
184,296
184,304
184,315
184,322
184,327
184,329
184,339
184,353
184,364
184,395
184,430
184,448
184,463
184,469
184,526
184,537
184,544
184,555
184,556
184,558
184,578
184,586
184,587
184,648
184,650
184,656
184,662
184,674
184,681
184,758
184,783
184,788
184,812
184,819
184,824
184,842
184,860
184,879
184,902
184,910
184,911
184,920
184,937
184,942
184,948
184,949
184,964
184,972
184,979
184,985
185,186
185,204
185,239
185,261
185,305
185,349
185,369
185,381
185,396
185,399
185,415
185,430
185,495
185,521
185,523
185,549
185,561
185,588
185,590
185,600
185,604
185,668
185,678
185,686
185,698
185,800
185,836
185,902
185,961
185,967
185,969
186,187
186,205
186,207
186,236
186,252
186,274
186,277
186,381
186,447
186,449
186,458
186,459
186,462
186,484
186,489
186,504
186,515
186,525
186,541
186,545
186,549
186,560
186,582
186,604
186,613
186,640
186,652
186,655
186,663
186,678
186,683
186,686
186,729
186,732
186,743
186,751
186,766
186,777
186,788
186,789
186,847
186,868
186,881
186,937
186,943
186,944
186,956
186,960
186,961
186,974
186,988
187,224
187,391
187,414
187,440
187,459
187,472
187,521
187,560
187,578
187,583
187,601
187,686
187,696
187,714
187,729
187,800
187,848
187,867
187,902
187,926
187,956
187,961
188,189
188,205
188,222
188,229
188,241
188,253
188,260
188,266
188,284
188,293
188,349
188,353
188,370
188,374
188,387
188,394
188,413
188,415
188,427
188,432
188,443
188,444
188,447
188,448
188,451
188,457
188,459
188,474
188,493
188,515
188,540
188,541
188,545
188,582
188,593
188,615
188,629
188,633
188,647
188,674
188,688
188,707
188,726
188,731
188,735
188,744
188,750
188,761
188,784
188,827
188,850
188,853
188,854
188,883
188,886
188,904
188,905
188,915
188,937
188,943
188,954
188,963
188,983
188,988
188,990
188,993
189,190
189,202
189,210
189,237
189,248
189,254
189,262
189,264
189,274
189,327
189,354
189,363
189,374
189,389
189,394
189,405
189,413
189,427
189,444
189,447
189,471
189,473
189,521
189,528
189,563
189,606
189,614
189,629
189,657
189,668
189,673
189,717
189,744
189,746
189,761
189,766
189,789
189,805
189,813
189,821
189,854
189,861
189,883
189,901
189,915
189,937
189,956
189,988
189,990
189,994
189,997
190,198
190,226
190,269
190,288
190,293
190,314
190,317
190,332
190,379
190,405
190,427
190,443
190,457
190,473
190,505
190,509
190,537
190,539
190,555
190,589
190,600
190,606
190,612
190,619
190,629
190,640
190,673
190,707
190,746
190,784
190,787
190,789
190,801
190,854
190,883
190,884
190,915
190,943
190,951
190,958
190,965
190,988
190,992
190,997
191,197
191,223
191,252
191,260
191,273
191,274
191,313
191,405
191,471
191,489
191,497
191,513
191,521
191,522
191,535
191,571
191,580
191,585
191,614
191,648
191,657
191,662
191,673
191,683
191,708
191,736
191,752
191,775
191,789
191,807
191,835
191,841
191,868
191,874
191,883
191,909
191,921
191,954
191,961
191,997
192,205
192,206
192,226
192,248
192,260
192,272
192,273
192,326
192,343
192,403
192,471
192,509
192,589
192,608
192,635
192,657
192,660
192,801
192,805
192,821
192,835
192,909
192,973
192,976
192,997
193,194
193,200
193,232
193,234
193,258
193,302
193,315
193,319
193,322
193,345
193,368
193,378
193,398
193,424
193,429
193,439
193,442
193,483
193,496
193,519
193,529
193,533
193,558
193,569
193,603
193,674
193,718
193,723
193,754
193,770
193,771
193,781
193,782
193,787
193,809
193,815
193,841
193,844
193,856
193,857
193,881
193,908
193,936
193,972
193,986
193,995
194,232
194,264
194,311
194,335
194,352
194,368
194,378
194,395
194,409
194,432
194,439
194,460
194,479
194,480
194,496
194,499
194,502
194,508
194,551
194,569
194,581
194,676
194,680
194,690
194,702
194,705
194,714
194,719
194,760
194,769
194,792
194,797
194,805
194,815
194,819
194,823
194,839
194,849
194,879
194,898
194,940
194,979
194,986
195,217
195,225
195,250
195,251
195,278
195,284
195,313
195,389
195,400
195,401
195,431
195,474
195,477
195,485
195,497
195,545
195,613
195,642
195,648
195,699
195,756
195,813
195,847
195,848
195,852
195,874
195,914
195,917
195,919
195,944
195,952
196,205
196,237
196,268
196,275
196,277
196,348
196,361
196,374
196,400
196,405
196,417
196,427
196,447
196,471
196,506
196,539
196,545
196,556
196,559
196,563
196,593
196,600
196,606
196,614
196,629
196,652
196,668
196,731
196,732
196,735
196,744
196,746
196,761
196,784
196,833
196,854
196,870
196,883
196,904
196,915
196,935
196,988
196,990
197,223
197,226
197,233
197,234
197,270
197,272
197,274
197,363
197,394
197,405
197,421
197,444
197,448
197,453
197,505
197,509
197,512
197,513
197,525
197,548
197,550
197,555
197,565
197,600
197,614
197,618
197,632
197,633
197,635
197,683
197,725
197,746
197,805
197,809
197,838
197,848
197,883
197,885
197,909
197,915
197,981
197,997
198,248
198,282
198,293
198,313
198,328
198,374
198,382
198,387
198,394
198,408
198,411
198,413
198,418
198,443
198,444
198,448
198,451
198,457
198,464
198,472
198,541
198,569
198,573
198,593
198,615
198,647
198,684
198,705
198,717
198,743
198,752
198,799
198,802
198,814
198,827
198,831
198,863
198,886
198,896
198,904
198,938
198,954
198,963
199,217
199,227
199,228
199,234
199,239
199,242
199,244
199,246
199,250
199,262
199,269
199,300
199,330
199,332
199,347
199,348
199,352
199,353
199,373
199,389
199,410
199,412
199,417
199,420
199,446
199,452
199,522
199,555
199,556
199,559
199,578
199,586
199,598
199,602
199,612
199,658
199,662
199,689
199,695
199,761
199,774
199,789
199,795
199,837
199,845
199,861
199,875
199,882
199,912
199,929
199,965
199,993
200,220
200,271
200,318
200,319
200,345
200,347
200,359
200,365
200,383
200,490
200,536
200,567
200,576
200,586
200,620
200,713
200,728
200,742
200,775
200,794
200,808
200,859
200,900
200,930
200,936
200,978
200,987
201,232
201,233
201,245
201,259
201,263
201,275
201,308
201,334
201,368
201,429
201,442
201,455
201,460
201,461
201,469
201,479
201,480
201,499
201,547
201,577
201,587
201,597
201,647
201,667
201,691
201,708
201,710
201,713
201,714
201,727
201,728
201,757
201,760
201,770
201,772
201,780
201,782
201,785
201,792
201,797
201,823
201,824
201,844
201,856
201,857
201,861
201,865
201,933
201,936
201,979
201,998
202,227
202,240
202,314
202,333
202,348
202,460
202,486
202,490
202,535
202,567
202,590
202,599
202,664
202,701
202,728
202,732
202,815
202,841
202,846
202,847
202,848
202,860
202,927
202,973
203,236
203,293
203,298
203,411
203,418
203,464
203,514
203,523
203,573
203,673
203,733
203,784
203,814
203,818
203,874
203,954
204,270
204,278
204,335
204,369
204,379
204,382
204,435
204,455
204,460
204,468
204,585
204,592
204,623
204,659
204,713
204,738
204,758
204,796
204,809
204,842
204,844
204,879
204,882
204,888
204,911
204,975
204,976
205,213
205,234
205,278
205,295
205,315
205,328
205,354
205,374
205,387
205,392
205,393
205,402
205,406
205,414
205,426
205,427
205,443
205,444
205,447
205,448
205,457
205,459
205,473
205,482
205,504
205,506
205,511
205,515
205,519
205,522
205,530
205,539
205,541
205,545
205,560
205,563
205,578
205,579
205,582
205,593
205,604
205,627
205,642
205,680
205,717
205,726
205,731
205,735
205,736
205,746
205,784
205,790
205,814
205,827
205,886
205,920
205,932
205,943
205,951
205,964
206,252
206,310
206,485
206,524
206,548
206,637
206,648
206,660
206,661
206,732
206,744
206,774
206,786
206,852
206,914
206,935
206,994
207,216
207,262
207,293
207,301
207,316
207,342
207,417
207,502
207,522
207,560
207,613
207,619
207,627
207,644
207,751
207,766
207,785
207,795
207,846
207,971
207,983
207,988
208,222
208,289
208,296
208,311
208,319
208,323
208,404
208,445
208,484
208,488
208,534
208,538
208,622
208,623
208,666
208,690
208,769
208,778
208,818
208,824
208,831
208,834
208,892
209,211
209,215
209,223
209,231
209,302
209,318
209,324
209,334
209,335
209,339
209,347
209,352
209,356
209,378
209,397
209,410
209,416
209,518
209,569
209,595
209,616
209,618
209,641
209,723
209,724
209,780
209,790
209,799
209,807
209,821
209,842
209,875
209,966
209,967
209,968
209,984
209,986
209,990
209,993
209,997
210,217
210,224
210,261
210,412
210,429
210,458
210,469
210,504
210,541
210,545
210,547
210,550
210,577
210,598
210,613
210,642
210,704
210,738
210,774
210,778
210,816
210,827
210,872
210,874
210,902
210,906
210,914
210,941
210,971
211,227
211,229
211,230
211,231
211,245
211,247
211,265
211,266
211,283
211,286
211,325
211,343
211,347
211,352
211,359
211,383
211,410
211,417
211,469
211,475
211,476
211,486
211,490
211,494
211,511
211,535
211,546
211,572
211,581
211,583
211,587
211,599
211,613
211,616
211,622
211,632
211,652
211,654
211,689
211,702
211,750
211,751
211,776
211,804
211,813
211,831
211,840
211,845
211,871
211,906
211,907
211,959
211,968
211,975
211,990
212,216
212,220
212,255
212,264
212,286
212,302
212,334
212,346
212,359
212,375
212,383
212,420
212,463
212,467
212,484
212,486
212,490
212,495
212,504
212,572
212,576
212,583
212,610
212,634
212,643
212,651
212,696
212,723
212,742
212,754
212,755
212,767
212,825
212,859
212,869
212,880
212,891
212,910
212,917
212,936
212,942
212,966
212,987
212,989
212,993
213,215
213,239
213,244
213,251
213,268
213,286
213,287
213,306
213,308
213,323
213,340
213,357
213,436
213,476
213,488
213,508
213,564
213,567
213,587
213,610
213,634
213,651
213,656
213,693
213,701
213,730
213,734
213,736
213,776
213,794
213,808
213,832
213,833
213,855
213,886
213,890
213,913
213,941
213,959
213,962
213,966
213,982
213,993
213,996
214,248
214,309
214,313
214,357
214,386
214,389
214,471
214,489
214,541
214,550
214,589
214,596
214,603
214,631
214,633
214,640
214,648
214,662
214,665
214,668
214,688
214,725
214,736
214,763
214,766
214,787
214,805
214,839
214,874
214,889
214,901
214,952
214,953
214,967
214,981
215,283
215,315
215,375
215,393
215,396
215,410
215,490
215,565
215,591
215,592
215,610
215,636
215,697
215,851
215,862
215,966
215,980
216,217
216,243
216,244
216,254
216,264
216,287
216,315
216,320
216,332
216,334
216,337
216,343
216,373
216,375
216,393
216,410
216,458
216,461
216,494
216,587
216,602
216,610
216,636
216,653
216,654
216,658
216,690
216,696
216,742
216,754
216,767
216,776
216,794
216,857
216,859
216,869
216,871
216,890
216,907
216,916
216,929
216,966
216,979
217,237
217,241
217,248
217,266
217,291
217,295
217,307
217,312
217,337
217,342
217,353
217,362
217,367
217,381
217,394
217,407
217,412
217,423
217,435
217,437
217,444
217,469
217,483
217,491
217,504
217,521
217,525
217,550
217,582
217,588
217,598
217,613
217,616
217,632
217,650
217,663
217,682
217,686
217,711
217,722
217,725
217,728
217,731
217,737
217,749
217,751
217,756
217,763
217,773
217,783
217,789
217,797
217,813
217,816
217,856
217,864
217,874
217,875
217,897
217,904
217,906
217,919
217,941
217,965
217,974
217,975
217,982
218,276
218,278
218,289
218,297
218,319
218,432
218,435
218,515
218,533
218,549
218,566
218,575
218,578
218,638
218,650
218,686
218,711
218,769
218,772
218,887
218,922
219,222
219,241
219,262
219,341
219,362
219,378
219,382
219,432
219,482
219,500
219,501
219,508
219,519
219,538
219,543
219,573
219,584
219,639
219,665
219,666
219,676
219,698
219,718
219,737
219,778
219,819
219,824
219,831
219,834
219,845
219,899
219,918
219,949
219,964
219,969
219,991
220,258
220,346
220,359
220,406
220,438
220,469
220,535
220,544
220,576
220,631
220,634
220,636
220,643
220,685
220,708
220,742
220,767
220,815
220,850
220,859
220,869
220,871
220,911
220,923
220,930
220,936
220,937
220,968
220,979
220,987
221,226
221,235
221,236
221,261
221,267
221,282
221,295
221,367
221,369
221,376
221,381
221,387
221,405
221,423
221,430
221,462
221,508
221,544
221,558
221,568
221,580
221,583
221,635
221,649
221,754
221,762
221,812
221,893
221,897
221,899
221,911
221,937
221,941
221,948
221,964
221,969
221,974
222,259
222,274
222,288
222,294
222,304
222,311
222,382
222,422
222,495
222,496
222,500
222,522
222,540
222,543
222,575
222,584
222,597
222,666
222,681
222,705
222,706
222,714
222,737
222,738
222,755
222,759
222,774
222,778
222,781
222,809
222,819
222,822
222,824
222,829
222,839
222,879
222,899
222,940
222,949
222,969
222,976
222,991
223,224
223,234
223,237
223,246
223,252
223,257
223,262
223,273
223,338
223,377
223,400
223,453
223,489
223,505
223,509
223,532
223,555
223,556
223,631
223,632
223,637
223,641
223,668
223,685
223,724
223,725
223,743
223,751
223,837
223,838
223,840
223,843
223,847
223,850
223,874
223,884
223,906
223,914
223,952
224,262
224,313
224,319
224,412
224,427
224,443
224,489
224,532
224,550
224,612
224,629
224,640
224,660
224,717
224,732
224,736
224,774
224,805
224,813
224,814
224,821
224,827
224,861
224,874
224,896
224,918
224,921
224,934
224,965
224,990
224,993
225,239
225,264
225,295
225,314
225,344
225,353
225,372
225,392
225,424
225,457
225,468
225,489
225,504
225,524
225,542
225,559
225,566
225,572
225,578
225,598
225,605
225,612
225,635
225,648
225,656
225,679
225,764
225,766
225,767
225,774
225,837
225,840
225,852
225,853
225,862
225,876
225,912
225,925
225,989
225,999
226,284
226,285
226,295
226,335
226,403
226,427
226,450
226,473
226,539
226,541
226,549
226,560
226,593
226,600
226,626
226,744
226,810
226,830
226,883
226,915
226,921
226,954
227,234
227,257
227,266
227,300
227,306
227,307
227,315
227,339
227,352
227,360
227,412
227,417
227,434
227,488
227,511
227,519
227,521
227,536
227,542
227,559
227,567
227,570
227,581
227,587
227,599
227,642
227,728
227,775
227,808
227,821
227,846
227,852
227,859
227,860
227,861
227,874
227,881
227,885
227,890
227,895
227,896
227,902
227,919
227,960
227,962
227,982
227,984
228,250
228,251
228,261
228,299
228,300
228,314
228,332
228,348
228,360
228,369
228,373
228,412
228,476
228,520
228,572
228,630
228,643
228,672
228,698
228,709
228,725
228,795
228,838
228,858
228,872
228,882
228,929
228,965
228,971
229,232
229,266
229,281
229,320
229,362
229,371
229,378
229,382
229,395
229,439
229,493
229,496
229,499
229,500
229,529
229,533
229,534
229,571
229,603
229,674
229,685
229,703
229,713
229,718
229,755
229,778
229,782
229,796
229,815
229,819
229,888
229,908
229,912
229,947
229,955
229,979
229,991
230,244
230,258
230,319
230,320
230,323
230,333
230,334
230,347
230,351
230,352
230,356
230,380
230,398
230,413
230,416
230,429
230,434
230,475
230,495
230,516
230,518
230,526
230,536
230,547
230,552
230,565
230,598
230,623
230,641
230,674
230,682
230,684
230,696
230,723
230,748
230,759
230,780
230,790
230,797
230,804
230,815
230,846
230,853
230,874
230,877
230,894
230,900
230,907
230,908
230,953
230,962
230,978
231,247
231,255
231,283
231,315
231,319
231,333
231,334
231,339
231,343
231,352
231,373
231,424
231,452
231,476
231,486
231,493
231,494
231,511
231,514
231,518
231,536
231,537
231,602
231,603
231,611
231,646
231,669
231,682
231,699
231,702
231,769
231,795
231,806
231,807
231,841
231,846
231,881
231,894
231,908
231,913
231,984
232,258
232,260
232,319
232,336
232,395
232,412
232,422
232,428
232,452
232,455
232,479
232,480
232,499
232,502
232,518
232,526
232,533
232,547
232,575
232,613
232,691
232,710
232,719
232,727
232,738
232,757
232,760
232,780
232,792
232,793
232,798
232,815
232,824
232,860
232,888
232,902
232,940
233,309
233,322
233,380
233,384
233,409
233,428
233,432
233,480
233,512
233,760
233,780
233,782
233,796
233,940
234,239
234,253
234,279
234,324
234,325
234,332
234,337
234,338
234,344
234,372
234,389
234,392
234,400
234,436
234,465
234,470
234,477
234,512
234,541
234,546
234,557
234,594
234,604
234,633
234,645
234,654
234,660
234,661
234,675
234,693
234,697
234,708
234,756
234,774
234,782
234,808
234,812
234,840
234,845
234,853
234,855
234,858
234,876
234,925
234,930
234,973
234,999
235,250
235,254
235,269
235,278
235,288
235,297
235,307
235,317
235,332
235,408
235,432
235,451
235,484
235,495
235,508
235,514
235,528
235,534
235,544
235,650
235,659
235,671
235,679
235,684
235,690
235,745
235,760
235,761
235,778
235,849
235,877
235,887
235,892
235,896
235,903
235,911
235,920
235,922
235,960
235,970
235,976
235,992
236,256
236,303
236,328
236,408
236,411
236,423
236,444
236,449
236,459
236,513
236,523
236,528
236,545
236,556
236,615
236,630
236,647
236,655
236,660
236,671
236,690
236,698
236,705
236,707
236,715
236,733
236,735
236,761
236,791
236,802
236,804
236,814
236,840
236,860
236,896
236,904
236,924
236,934
236,938
236,942
236,974
236,991
237,248
237,252
237,266
237,285
237,313
237,386
237,406
237,420
237,446
237,453
237,461
237,493
237,506
237,552
237,582
237,589
237,622
237,629
237,631
237,632
237,652
237,662
237,672
237,673
237,801
237,815
237,821
237,861
237,878
237,905
237,919
237,921
237,932
237,935
237,937
237,952
237,967
237,981
237,982
238,250
238,265
238,300
238,319
238,332
238,335
238,336
238,364
238,382
238,412
238,537
238,589
238,598
238,628
238,668
238,749
238,776
238,798
238,802
238,853
238,882
238,902
238,958
238,975
239,242
239,257
239,266
239,291
239,312
239,322
239,337
239,344
239,370
239,372
239,373
239,387
239,402
239,434
239,470
239,485
239,517
239,522
239,524
239,538
239,542
239,565
239,567
239,594
239,607
239,643
239,645
239,660
239,675
239,692
239,693
239,708
239,765
239,774
239,826
239,840
239,872
239,876
239,924
239,962
239,974
239,975
239,984
239,996
239,999
240,244
240,255
240,258
240,283
240,315
240,325
240,347
240,352
240,356
240,375
240,412
240,429
240,452
240,476
240,511
240,516
240,518
240,572
240,622
240,641
240,648
240,654
240,725
240,793
240,807
240,826
240,852
240,873
240,875
240,910
240,916
240,939
241,262
241,267
241,269
241,275
241,278
241,279
241,283
241,296
241,320
241,323
241,328
241,329
241,332
241,342
241,364
241,390
241,404
241,407
241,430
241,459
241,462
241,475
241,504
241,508
241,521
241,529
241,558
241,577
241,582
241,586
241,598
241,600
241,613
241,631
241,656
241,662
241,664
241,698
241,703
241,705
241,712
241,738
241,748
241,755
241,760
241,777
241,783
241,788
241,818
241,827
241,831
241,845
241,859
241,863
241,869
241,874
241,899
241,903
241,906
241,937
241,955
241,956
241,960
241,972
241,985
241,986
242,253
242,284
242,300
242,307
242,313
242,332
242,355
242,358
242,400
242,403
242,444
242,453
242,470
242,478
242,522
242,524
242,548
242,559
242,605
242,607
242,633
242,637
242,642
242,648
242,660
242,668
242,684
242,698
242,763
242,764
242,774
242,784
242,801
242,837
242,840
242,858
242,884
242,952
242,989
243,251
243,266
243,279
243,285
243,286
243,317
243,343
243,346
243,410
243,436
243,458
243,487
243,494
243,514
243,522
243,542
243,554
243,555
243,564
243,565
243,587
243,590
243,599
243,603
243,658
243,693
243,730
243,775
243,808
243,812
243,825
243,876
243,884
243,959
243,972
243,982
243,993
244,255
244,264
244,283
244,310
244,315
244,319
244,320
244,322
244,347
244,365
244,383
244,410
244,446
244,475
244,476
244,494
244,511
244,522
244,535
244,558
244,567
244,572
244,597
244,610
244,616
244,634
244,636
244,654
244,696
244,704
244,748
244,793
244,795
244,841
244,847
244,871
244,873
244,900
244,907
244,908
244,939
244,966
244,972
244,982
244,998
245,255
245,258
245,319
245,322
245,334
245,339
245,352
245,356
245,368
245,382
245,395
245,427
245,480
245,493
245,496
245,500
245,519
245,529
245,551
245,569
245,581
245,585
245,595
245,655
245,691
245,713
245,750
245,755
245,760
245,770
245,780
245,781
245,785
245,796
245,797
245,840
245,857
245,865
245,922
245,941
245,968
245,977
245,998
246,273
246,312
246,324
246,377
246,392
246,446
246,477
246,600
246,605
246,648
246,656
246,695
246,765
246,928
246,952
246,955
246,999
247,250
247,302
247,315
247,340
247,347
247,364
247,368
247,383
247,397
247,422
247,465
247,475
247,602
247,610
247,613
247,622
247,636
247,641
247,646
247,719
247,759
247,793
247,804
247,815
247,857
247,871
247,916
247,923
247,936
247,959
247,978
248,252
248,262
248,313
248,327
248,328
248,330
248,344
248,352
248,359
248,386
248,392
248,394
248,412
248,427
248,428
248,444
248,471
248,491
248,493
248,497
248,504
248,514
248,521
248,524
248,559
248,589
248,596
248,598
248,618
248,631
248,635
248,640
248,655
248,662
248,671
248,672
248,715
248,720
248,725
248,732
248,736
248,740
248,749
248,758
248,765
248,789
248,811
248,840
248,869
248,872
248,874
248,899
248,919
248,932
248,983
248,988
248,997
249,288
249,309
249,325
249,335
249,361
249,368
249,407
249,408
249,428
249,452
249,455
249,460
249,461
249,480
249,483
249,611
249,623
249,757
249,760
249,768
249,775
249,799
249,823
249,857
249,910
249,953
250,262
250,299
250,300
250,320
250,364
250,405
250,431
250,451
250,452
250,491
250,505
250,555
250,598
250,632
250,672
250,697
250,709
250,752
250,765
250,768
250,780
250,786
250,811
250,825
250,866
250,882
250,906
250,921
250,929
250,959
250,965
250,993
251,286
251,287
251,308
251,337
251,446
251,488
251,490
251,494
251,503
251,516
251,542
251,546
251,552
251,567
251,583
251,615
251,645
251,651
251,669
251,695
251,696
251,730
251,734
251,758
251,794
251,822
251,826
251,869
251,870
251,876
251,913
251,917
251,925
251,935
251,941
251,962
251,967
251,972
252,272
252,274
252,338
252,392
252,431
252,453
252,462
252,470
252,532
252,563
252,589
252,655
252,696
252,731
252,789
252,848
252,861
252,925
252,973
252,996
252,997
253,257
253,285
253,310
253,313
253,326
253,402
253,406
253,419
253,435
253,454
253,478
253,485
253,498
253,521
253,524
253,531
253,532
253,552
253,559
253,608
253,625
253,633
253,637
253,658
253,660
253,699
253,756
253,786
253,801
253,805
253,838
253,852
253,853
253,872
253,885
253,935
253,950
253,973
253,994
254,261
254,276
254,278
254,376
254,474
254,514
254,568
254,649
254,650
254,686
254,720
254,745
254,779
254,817
254,903
254,911
254,920
254,922
254,942
254,949
255,269
255,322
255,341
255,345
255,347
255,352
255,365
255,375
255,391
255,397
255,398
255,401
255,429
255,465
255,483
255,494
255,544
255,553
255,610
255,622
255,632
255,642
255,665
255,680
255,681
255,696
255,709
255,723
255,727
255,781
255,802
255,815
255,858
255,871
255,873
255,875
255,877
255,880
255,894
255,903
255,916
255,939
255,942
255,962
255,968
255,982
255,985
255,993
255,995
256,275
256,282
256,292
256,293
256,298
256,313
256,320
256,349
256,387
256,401
256,408
256,411
256,418
256,421
256,445
256,446
256,450
256,464
256,504
256,506
256,510
256,523
256,525
256,528
256,544
256,557
256,615
256,629
256,636
256,649
256,655
256,671
256,676
256,698
256,705
256,706
256,715
256,716
256,741
256,745
256,777
256,791
256,814
256,820
256,830
256,857
256,863
256,870
256,896
256,898
256,934
256,941
256,960
256,963
256,970
256,972
256,999
257,287
257,310
257,326
257,389
257,400
257,419
257,421
257,427
257,465
257,486
257,519
257,552
257,583
257,608
257,617
257,637
257,658
257,699
257,786
257,821
257,838
257,847
257,852
257,872
257,884
257,885
257,888
257,935
257,950
257,993
257,994
258,270
258,315
258,322
258,345
258,347
258,350
258,356
258,365
258,391
258,398
258,429
258,481
258,483
258,536
258,567
258,603
258,664
258,691
258,710
258,723
258,739
258,788
258,806
258,815
258,833
258,880
258,894
258,911
259,263
259,281
259,294
259,302
259,495
259,507
259,571
259,597
259,666
259,722
259,778
259,779
259,781
259,796
259,797
259,809
259,819
259,829
259,899
259,947
259,949
259,984
260,273
260,274
260,296
260,317
260,402
260,471
260,532
260,612
260,629
260,635
260,640
260,668
260,732
260,736
260,761
260,766
260,834
260,861
260,877
260,921
260,951
260,954
260,964
260,981
260,990
260,997
261,273
261,276
261,278
261,305
261,307
261,326
261,327
261,342
261,379
261,423
261,504
261,515
261,544
261,568
261,578
261,579
261,627
261,650
261,655
261,687
261,720
261,738
261,741
261,765
261,768
261,824
261,834
261,842
261,845
261,864
261,897
261,903
261,922
261,926
261,937
261,944
261,948
261,964
262,299
262,330
262,360
262,377
262,386
262,405
262,414
262,417
262,420
262,453
262,469
262,490
262,491
262,532
262,542
262,550
262,555
262,562
262,568
262,577
262,588
262,594
262,598
262,631
262,633
262,652
262,654
262,656
262,662
262,672
262,716
262,736
262,754
262,759
262,765
262,773
262,810
262,821
262,838
262,860
262,874
262,878
262,919
262,929
262,946
262,960
262,992
263,294
263,320
263,362
263,378
263,382
263,384
263,422
263,533
263,623
263,714
263,721
263,722
263,738
263,757
263,760
263,781
263,796
263,815
263,817
263,834
263,865
263,888
263,895
263,906
263,949
263,991
264,346
264,383
264,401
264,439
264,467
264,507
264,532
264,572
264,576
264,610
264,634
264,672
264,693
264,708
264,742
264,754
264,767
264,794
264,796
264,859
264,869
264,871
264,880
264,886
264,891
264,939
264,941
264,987
265,300
265,332
265,373
265,417
265,425
265,461
265,555
265,581
265,584
265,587
265,728
265,795
265,811
265,832
265,862
265,873
265,882
265,886
265,968
266,267
266,280
266,286
266,312
266,337
266,344
266,353
266,357
266,364
266,372
266,383
266,386
266,418
266,436
266,438
266,458
266,468
266,504
266,516
266,541
266,544
266,546
266,567
266,572
266,578
266,590
266,594
266,622
266,633
266,639
266,656
266,658
266,693
266,726
266,730
266,763
266,794
266,808
266,843
266,855
266,902
266,912
266,913
266,917
266,942
266,993
267,379
267,381
267,384
267,426
267,455
267,469
267,493
267,520
267,521
267,573
267,668
267,683
267,687
267,700
267,703
267,788
267,959
267,971
268,283
268,336
268,343
268,346
268,365
268,417
268,479
268,486
268,488
268,529
268,535
268,542
268,586
268,604
268,646
268,651
268,653
268,734
268,740
268,794
268,813
268,832
268,962
269,272
269,307
269,323
269,329
269,430
269,432
269,508
269,519
269,528
269,536
269,558
269,572
269,579
269,615
269,618
269,619
269,632
269,654
269,707
269,728
269,748
269,749
269,752
269,764
269,779
269,783
269,831
269,845
269,849
269,865
269,912
269,935
269,941
269,948
269,965
269,971
269,982
269,987
270,278
270,288
270,304
270,351
270,361
270,380
270,381
270,411
270,432
270,435
270,441
270,499
270,504
270,507
270,512
270,538
270,543
270,556
270,584
270,585
270,638
270,678
270,684
270,687
270,690
270,694
270,713
270,737
270,772
270,773
270,776
270,793
270,796
270,809
270,824
270,828
270,831
270,844
270,908
270,937
270,940
270,950
270,960
270,969
270,976
270,996
271,412
271,430
271,490
271,493
271,576
271,602
271,604
271,613
271,636
271,649
271,724
271,742
271,790
271,793
271,813
271,857
271,859
271,916
271,926
271,930
271,936
271,987
272,338
272,421
272,425
272,447
272,469
272,489
272,532
272,629
272,631
272,657
272,707
272,725
272,732
272,736
272,780
272,846
272,848
272,861
272,901
272,915
272,927
272,943
272,997
273,284
273,300
273,373
273,400
273,403
273,420
273,424
273,444
273,449
273,471
273,478
273,489
273,498
273,588
273,614
273,672
273,688
273,744
273,756
273,821
273,835
273,843
273,853
273,855
273,878
273,906
273,909
273,914
273,919
274,294
274,360
274,408
274,453
274,457
274,503
274,513
274,604
274,614
274,662
274,714
274,744
274,749
274,789
274,801
274,821
274,847
274,889
274,909
274,914
274,942
274,962
274,996
275,282
275,288
275,292
275,301
275,341
275,347
275,360
275,369
275,404
275,413
275,443
275,445
275,450
275,509
275,510
275,517
275,521
275,530
275,556
275,573
275,655
275,667
275,671
275,698
275,733
275,762
275,802
275,820
275,821
275,879
275,904
275,908
275,931
275,942
275,947
275,956
275,960
275,963
275,970
275,974
275,979
275,989
275,990
276,288
276,298
276,304
276,305
276,378
276,385
276,451
276,462
276,475
276,479
276,520
276,650
276,665
276,667
276,686
276,690
276,720
276,727
276,738
276,745
276,753
276,758
276,768
276,822
276,849
276,851
276,879
276,887
276,898
276,899
276,903
276,918
277,328
277,374
277,394
277,399
277,408
277,427
277,444
277,449
277,450
277,459
277,472
277,522
277,528
277,541
277,596
277,614
277,615
277,626
277,630
277,647
277,648
277,705
277,717
277,733
277,743
277,761
277,784
277,810
277,812
277,845
277,896
277,904
277,934
277,951
277,954
277,960
277,963
278,282
278,304
278,351
278,371
278,379
278,432
278,435
278,469
278,514
278,573
278,592
278,596
278,623
278,684
278,690
278,734
278,745
278,762
278,772
278,777
278,779
278,783
278,822
278,845
278,849
278,889
278,922
278,937
278,940
278,959
278,976
279,286
279,360
279,554
279,590
279,639
279,658
279,741
279,752
279,775
279,855
279,882
279,917
279,959
279,980
279,998
280,306
280,370
280,425
280,457
280,503
280,554
280,557
280,580
280,594
280,641
280,656
280,787
280,853
280,855
280,952
281,321
281,384
281,409
281,442
281,455
281,534
281,579
281,645
281,714
281,719
281,738
281,822
281,836
281,856
281,979
281,991
282,301
282,341
282,363
282,394
282,412
282,418
282,445
282,450
282,472
282,484
282,517
282,518
282,530
282,536
282,556
282,573
282,593
282,596
282,614
282,618
282,627
282,655
282,673
282,706
282,717
282,733
282,744
282,753
282,766
282,777
282,779
282,802
282,816
282,870
282,873
282,884
282,943
282,945
282,957
282,960
282,963
282,970
283,309
283,315
283,340
283,366
283,383
283,393
283,429
283,476
283,573
283,596
283,636
283,643
283,704
283,773
283,793
283,860
283,873
283,894
283,907
283,916
283,939
284,313
284,326
284,372
284,400
284,419
284,421
284,448
284,454
284,478
284,497
284,498
284,511
284,522
284,625
284,629
284,644
284,690
284,695
284,699
284,756
284,812
284,815
284,829
284,853
284,872
284,889
284,935
284,950
285,316
285,454
285,464
285,484
285,560
285,582
285,613
285,663
285,683
285,689
285,707
285,736
285,766
285,810
285,827
285,843
285,878
285,888
285,921
285,932
285,955
285,988
286,287
286,306
286,308
286,340
286,343
286,344
286,356
286,357
286,368
286,410
286,420
286,429
286,438
286,439
286,443
286,456
286,458
286,473
286,487
286,494
286,547
286,572
286,599
286,616
286,622
286,639
286,640
286,658
286,659
286,723
286,734
286,752
286,775
286,808
286,837
286,866
286,873
286,907
286,912
286,914
286,917
286,941
286,982
287,306
287,312
287,357
287,358
287,360
287,372
287,375
287,410
287,417
287,436
287,458
287,463
287,467
287,476
287,488
287,559
287,572
287,583
287,639
287,643
287,651
287,692
287,701
287,709
287,720
287,734
287,741
287,794
287,801
287,844
287,847
287,852
287,869
287,894
287,895
287,911
287,924
287,959
287,962
287,982
287,985
287,993
288,296
288,302
288,304
288,331
288,379
288,403
288,427
288,430
288,435
288,459
288,471
288,508
288,514
288,573
288,578
288,584
288,643
288,684
288,687
288,720
288,745
288,779
288,802
288,829
288,834
288,844
288,851
288,863
288,904
288,909
288,915
288,920
288,937
288,942
289,304
289,351
289,387
289,400
289,450
289,507
289,514
289,531
289,537
289,569
289,584
289,694
289,745
289,797
289,882
289,922
289,976
290,355
290,431
290,441
290,454
290,531
290,607
290,647
290,724
290,835
290,853
291,295
291,372
291,423
291,425
291,466
291,557
291,564
291,594
291,648
291,658
291,669
291,675
291,838
291,840
291,848
291,853
291,876
291,917
291,959
291,999
292,301
292,387
292,432
292,445
292,450
292,517
292,530
292,578
292,604
292,617
292,647
292,659
292,716
292,802
292,828
292,844
292,979
293,330
293,381
293,411
293,413
293,418
293,440
293,451
293,464
293,472
293,523
293,525
293,602
293,615
293,630
293,647
293,648
293,671
293,705
293,710
293,717
293,726
293,733
293,743
293,774
293,791
293,814
293,823
293,896
293,924
293,938
293,954
294,361
294,368
294,382
294,501
294,510
294,543
294,575
294,674
294,685
294,693
294,714
294,778
294,781
294,819
294,857
294,991
295,296
295,329
295,376
295,378
295,409
295,410
295,421
295,446
295,460
295,489
295,502
295,512
295,518
295,529
295,603
295,611
295,615
295,622
295,623
295,672
295,702
295,703
295,718
295,759
295,760
295,775
295,798
295,799
295,842
295,850
295,855
295,864
295,905
295,912
295,918
295,922
295,947
295,972
295,992
296,307
296,317
296,321
296,325
296,329
296,342
296,344
296,351
296,366
296,379
296,398
296,426
296,461
296,462
296,463
296,493
296,716
296,758
296,788
296,790
296,831
296,834
296,893
296,946
296,965
297,304
297,396
297,446
297,508
297,520
297,592
297,649
297,662
297,684
297,700
297,711
297,745
297,803
297,845
297,849
297,881
297,911
297,920
297,922
298,390
298,430
298,435
298,492
298,540
298,573
298,627
298,629
298,666
298,729
298,945
298,948
298,969
298,970
299,330
299,338
299,364
299,377
299,386
299,419
299,433
299,452
299,453
299,489
299,503
299,549
299,632
299,656
299,662
299,676
299,684
299,720
299,727
299,743
299,750
299,751
299,773
299,878
299,928
299,981
299,988
300,307
300,323
300,332
300,334
300,338
300,360
300,373
300,396
300,417
300,420
300,433
300,500
300,522
300,555
300,566
300,598
300,632
300,660
300,674
300,684
300,697
300,730
300,773
300,775
300,795
300,858
300,861
300,862
300,882
300,894
300,906
300,909
300,923
300,955
300,989
300,993
300,998
301,341
301,349
301,433
301,444
301,445
301,450
301,506
301,510
301,517
301,522
301,528
301,556
301,615
301,647
301,655
301,671
301,684
301,686
301,706
301,720
301,733
301,753
301,800
301,802
301,805
301,812
301,820
301,860
301,870
301,886
301,903
301,924
301,931
302,306
302,315
302,322
302,323
302,393
302,401
302,407
302,429
302,465
302,494
302,503
302,518
302,574
302,575
302,586
302,613
302,622
302,634
302,636
302,696
302,723
302,724
302,754
302,763
302,815
302,820
302,871
302,894
302,910
302,912
302,932
302,936
302,964
302,968
302,978
302,995
303,309
303,327
303,472
303,484
303,538
303,540
303,592
303,613
303,627
303,676
303,684
303,707
303,720
303,753
303,828
303,836
303,863
303,969
303,976
304,310
304,327
304,350
304,351
304,361
304,382
304,427
304,435
304,507
304,508
304,512
304,514
304,520
304,530
304,536
304,538
304,543
304,574
304,623
304,638
304,643
304,649
304,650
304,680
304,684
304,691
304,695
304,704
304,705
304,708
304,711
304,737
304,753
304,771
304,784
304,796
304,802
304,824
304,849
304,855
304,868
304,898
304,903
304,905
304,971
305,327
305,331
305,364
305,365
305,371
305,376
305,381
305,390
305,408
305,415
305,416
305,430
305,433
305,484
305,520
305,530
305,568
305,579
305,601
305,604
305,627
305,746
305,811
305,897
305,931
305,937
305,946
305,988
305,990
306,312
306,322
306,329
306,332
306,357
306,358
306,360
306,371
306,381
306,429
306,434
306,458
306,469
306,476
306,487
306,488
306,525
306,537
306,542
306,564
306,570
306,572
306,586
306,587
306,599
306,639
306,651
306,658
306,723
306,730
306,744
306,752
306,765
306,771
306,775
306,801
306,808
306,842
306,847
306,850
306,860
306,879
306,880
306,884
306,912
306,917
306,919
306,964
306,968
306,982
306,995
307,316
307,345
307,366
307,368
307,381
307,390
307,412
307,415
307,423
307,432
307,469
307,493
307,494
307,504
307,512
307,521
307,522
307,537
307,540
307,544
307,558
307,582
307,585
307,598
307,599
307,625
307,632
307,658
307,737
307,749
307,750
307,751
307,765
307,794
307,810
307,812
307,813
307,824
307,831
307,845
307,871
307,886
307,902
307,914
307,918
307,919
307,953
307,965
307,966
307,967
307,976
308,475
308,488
308,503
308,596
308,599
308,634
308,701
308,734
308,794
308,878
308,947
308,962
309,379
309,384
309,455
309,460
309,479
309,710
309,745
309,757
309,760
309,769
309,779
309,780
309,850
309,865
309,979
310,312
310,354
310,373
310,402
310,419
310,454
310,458
310,470
310,485
310,524
310,552
310,607
310,625
310,637
310,657
310,660
310,692
310,733
310,777
310,786
310,795
310,801
310,837
310,838
310,852
310,861
310,872
310,876
310,884
310,885
310,950
310,969
310,970
310,988
310,989
310,997
311,321
311,322
311,371
311,432
311,438
311,439
311,479
311,480
311,483
311,496
311,499
311,502
311,519
311,529
311,534
311,544
311,569
311,571
311,603
311,613
311,623
311,633
311,664
311,666
311,674
311,681
311,685
311,700
311,713
311,718
311,721
311,738
311,755
311,770
311,780
311,782
311,785
311,804
311,809
311,819
311,823
311,865
311,875
311,877
311,879
311,880
311,888
311,898
311,919
311,940
311,947
311,980
311,981
311,986
311,995
312,314
312,322
312,335
312,343
312,350
312,359
312,370
312,372
312,389
312,414
312,421
312,434
312,436
312,467
312,516
312,527
312,565
312,567
312,583
312,587
312,589
312,590
312,610
312,616
312,645
312,675
312,692
312,702
312,708
312,709
312,718
312,734
312,761
312,799
312,840
312,853
312,889
312,895
312,913
312,917
312,941
312,951
312,996
313,338
313,345
313,355
313,360
313,389
313,403
313,410
313,417
313,421
313,431
313,435
313,446
313,454
313,469
313,470
313,471
313,473
313,491
313,492
313,497
313,498
313,502
313,508
313,518
313,532
313,536
313,548
313,550
313,559
313,577
313,589
313,598
313,607
313,608
313,625
313,633
313,635
313,642
313,657
313,660
313,692
313,717
313,730
313,744
313,821
313,837
313,847
313,848
313,861
313,889
313,914
313,929
313,945
313,952
313,965
314,324
314,339
314,353
314,373
314,386
314,392
314,400
314,420
314,478
314,503
314,511
314,522
314,548
314,589
314,590
314,605
314,607
314,628
314,633
314,656
314,669
314,679
314,717
314,765
314,809
314,813
314,837
314,848
314,855
314,908
314,912
314,928
314,929
314,952
315,319
315,339
315,340
315,345
315,346
315,365
315,370
315,375
315,383
315,398
315,401
315,429
315,436
315,452
315,465
315,468
315,471
315,494
315,518
315,551
315,555
315,574
315,610
315,616
315,622
315,634
315,636
315,646
315,653
315,696
315,704
315,719
315,724
315,730
315,737
315,767
315,793
315,804
315,823
315,850
315,869
315,871
315,873
315,881
315,894
315,919
315,923
315,930
315,939
315,968
315,979
315,998
316,506
316,515
316,550
316,582
316,707
316,732
316,879
316,926
316,932
316,944
316,988
317,328
317,354
317,394
317,413
317,414
317,444
317,472
317,474
317,484
317,509
317,525
317,539
317,545
317,618
317,647
317,661
317,683
317,686
317,735
317,736
317,886
317,954
317,958
318,343
318,365
318,425
318,569
318,574
318,586
318,610
318,624
318,636
318,653
318,663
318,697
318,701
318,734
318,747
318,754
318,757
318,804
318,811
318,865
318,869
318,907
318,923
318,930
318,936
318,980
318,987
319,322
319,352
319,380
319,428
319,479
319,487
319,508
319,511
319,526
319,536
319,547
319,553
319,559
319,587
319,591
319,664
319,674
319,680
319,682
319,691
319,723
319,727
319,799
319,807
319,823
319,825
319,839
319,866
319,875
319,877
319,880
319,900
319,908
319,942
319,948
319,964
319,984
320,322
320,325
320,329
320,332
320,335
320,352
320,358
320,364
320,366
320,380
320,386
320,401
320,404
320,407
320,419
320,424
320,430
320,442
320,452
320,491
320,493
320,521
320,526
320,529
320,530
320,536
320,537
320,547
320,553
320,558
320,580
320,581
320,583
320,587
320,598
320,616
320,622
320,628
320,629
320,643
320,646
320,654
320,655
320,665
320,666
320,680
320,681
320,682
320,684
320,690
320,695
320,702
320,712
320,725
320,727
320,728
320,748
320,749
320,750
320,759
320,772
320,779
320,790
320,797
320,799
320,807
320,808
320,831
320,840
320,844
320,845
320,872
320,873
320,875
320,877
320,880
320,900
320,903
320,905
320,918
320,937
320,953
320,960
320,964
320,967
320,972
320,985
320,993
321,346
321,384
321,455
321,499
321,512
321,595
321,623
321,710
321,720
321,738
321,739
321,758
321,826
321,879
321,893
321,911
321,940
321,979
322,323
322,345
322,347
322,350
322,356
322,359
322,368
322,399
322,428
322,452
322,476
322,479
322,481
322,483
322,519
322,533
322,569
322,595
322,621
322,624
322,654
322,670
322,680
322,684
322,727
322,739
322,748
322,756
322,772
322,785
322,804
322,823
322,857
322,865
322,873
322,880
322,896
322,905
322,908
322,918
322,925
322,968
322,977
322,979
322,985
322,998
323,353
323,364
323,398
323,417
323,426
323,434
323,439
323,493
323,507
323,512
323,521
323,542
323,558
323,581
323,598
323,613
323,636
323,649
323,680
323,695
323,702
323,728
323,748
323,754
323,776
323,777
323,807
323,817
323,827
323,840
323,846
323,866
323,873
323,884
323,902
323,907
323,918
323,937
323,967
323,982
324,431
324,446
324,454
324,477
324,546
324,559
324,583
324,588
324,605
324,632
324,633
324,660
324,701
324,708
324,774
324,787
324,837
324,853
324,884
324,901
324,914
325,335
325,347
325,422
325,428
325,483
325,519
325,522
325,527
325,536
325,551
325,558
325,571
325,623
325,628
325,635
325,682
325,757
325,759
325,771
325,772
325,774
325,777
325,788
325,797
325,812
325,823
325,826
325,831
325,888
325,953
326,338
326,400
326,414
326,421
326,453
326,468
326,498
326,511
326,517
326,582
326,608
326,644
326,648
326,657
326,722
326,756
326,789
326,805
326,833
326,886
326,889
326,896
326,919
326,935
326,989
327,351
327,370
327,371
327,376
327,381
327,382
327,402
327,414
327,429
327,432
327,469
327,488
327,512
327,521
327,537
327,538
327,540
327,544
327,559
327,578
327,579
327,580
327,603
327,616
327,650
327,676
327,684
327,687
327,720
327,741
327,779
327,818
327,824
327,834
327,850
327,892
327,898
327,899
327,908
327,927
327,942
327,947
327,968
327,969
327,970
327,972
328,354
328,356
328,363
328,374
328,387
328,394
328,413
328,418
328,433
328,444
328,472
328,506
328,517
328,525
328,528
328,615
328,626
328,647
328,671
328,684
328,705
328,717
328,725
328,726
328,733
328,735
328,743
328,761
328,777
328,814
328,816
328,861
328,896
328,904
328,915
328,931
328,934
328,954
328,979
328,990
328,997
329,351
329,379
329,404
329,413
329,423
329,432
329,461
329,463
329,469
329,521
329,550
329,558
329,572
329,578
329,581
329,612
329,665
329,680
329,690
329,762
329,788
329,798
329,875
329,886
329,903
329,911
329,918
329,937
329,949
329,955
329,968
329,969
329,972
330,337
330,353
330,429
330,441
330,444
330,449
330,497
330,544
330,550
330,616
330,631
330,632
330,662
330,675
330,684
330,717
330,744
330,765
330,775
330,780
330,786
330,811
330,818
330,823
330,915
330,929
330,951
330,952
330,960
330,965
330,988
330,990
331,351
331,404
331,428
331,454
331,481
331,515
331,523
331,542
331,562
331,568
331,578
331,579
331,618
331,720
331,768
331,779
331,863
331,864
331,912
331,922
331,954
332,353
332,364
332,392
332,412
332,423
332,430
332,434
332,446
332,469
332,493
332,496
332,504
332,505
332,521
332,558
332,582
332,587
332,594
332,598
332,599
332,610
332,613
332,632
332,633
332,643
332,656
332,689
332,705
332,728
332,745
332,775
332,776
332,795
332,796
332,812
332,861
332,880
332,965
332,972
332,982
332,985
332,993
333,404
333,475
333,486
333,536
333,569
333,614
333,660
333,682
333,736
333,738
333,831
333,857
333,877
333,882
333,900
333,916
333,965
334,347
334,352
334,356
334,360
334,452
334,458
334,485
334,490
334,526
334,577
334,617
334,622
334,628
334,648
334,654
334,682
334,723
334,746
334,794
334,809
334,844
334,845
334,873
334,881
334,900
334,905
334,917
334,936
334,953
334,968
334,972
334,985
334,986
335,369
335,383
335,407
335,461
335,526
335,599
335,684
335,703
335,713
335,722
335,750
335,769
335,790
335,798
335,807
335,812
335,831
335,875
335,957
336,348
336,358
336,412
336,417
336,423
336,476
336,555
336,590
336,598
336,640
336,667
336,695
336,730
336,776
336,815
336,832
336,846
336,952
336,962
336,982
336,993
337,348
337,428
337,511
337,564
337,583
337,651
337,690
337,734
337,742
337,859
337,894
337,919
337,959
337,986
338,362
338,364
338,370
338,420
338,446
338,471
338,517
338,532
338,548
338,631
338,635
338,648
338,765
338,811
338,848
338,914
338,952
338,968
338,975
338,994
339,352
339,356
339,391
339,405
339,409
339,476
339,536
339,641
339,685
339,839
339,869
339,881
339,908
339,939
340,383
340,393
340,486
340,490
340,624
340,696
340,704
340,742
340,771
340,793
340,832
340,873
340,908
340,923
340,939
340,995
341,363
341,394
341,413
341,422
341,450
341,451
341,457
341,484
341,506
341,530
341,556
341,573
341,649
341,655
341,662
341,667
341,746
341,753
341,779
341,802
341,820
341,824
341,830
341,849
341,896
341,898
341,912
341,937
341,954
341,960
341,963
341,969
342,358
342,374
342,377
342,381
342,389
342,390
342,396
342,412
342,418
342,437
342,451
342,462
342,475
342,504
342,521
342,561
342,565
342,582
342,589
342,686
342,694
342,737
342,747
342,749
342,750
342,783
342,843
342,875
342,887
342,921
342,974
343,357
343,375
343,381
343,392
343,401
343,424
343,431
343,438
343,458
343,488
343,542
343,554
343,567
343,616
343,625
343,639
343,658
343,682
343,693
343,697
343,730
343,734
343,752
343,759
343,765
343,775
343,808
343,846
343,860
343,895
343,900
343,905
343,906
343,959
343,974
343,975
344,355
344,359
344,402
344,408
344,436
344,470
344,534
344,552
344,593
344,625
344,639
344,660
344,675
344,693
344,708
344,709
344,746
344,765
344,774
344,840
344,846
344,852
344,853
344,876
344,885
344,917
344,925
344,930
344,959
344,999
345,350
345,356
345,368
345,380
345,398
345,422
345,429
345,476
345,481
345,483
345,519
345,529
345,603
345,631
345,685
345,689
345,691
345,719
345,799
345,806
345,815
345,857
345,875
345,880
345,972
345,984
345,990
346,576
346,591
346,610
346,767
346,794
346,822
346,832
346,840
346,852
346,862
346,869
346,891
346,930
346,944
346,987
346,999
347,378
347,398
347,429
347,476
347,526
347,536
347,595
347,599
347,603
347,622
347,640
347,641
347,664
347,668
347,672
347,723
347,806
347,807
347,815
347,841
347,857
347,875
347,881
347,894
347,900
347,908
347,939
347,968
347,984
347,993
347,998
348,358
348,360
348,379
348,483
348,486
348,536
348,587
348,599
348,610
348,634
348,646
348,653
348,663
348,748
348,752
348,846
348,860
348,882
348,896
348,898
348,961
348,975
348,998
348,999
349,411
349,418
349,472
349,528
349,647
349,655
349,779
349,818
349,827
349,830
349,955
349,993
349,997
350,356
350,368
350,398
350,439
350,483
350,569
350,603
350,630
350,727
350,770
350,806
350,815
350,826
350,857
350,881
350,899
350,919
350,968
350,978
351,376
351,410
351,422
351,432
351,435
351,450
351,499
351,500
351,507
351,508
351,526
351,545
351,573
351,578
351,592
351,636
351,638
351,687
351,694
351,697
351,703
351,711
351,713
351,721
351,745
351,753
351,757
351,761
351,772
351,824
351,834
351,842
351,844
351,868
351,879
351,892
351,897
351,898
351,899
351,911
351,969
351,976
351,979
351,991
352,357
352,362
352,368
352,382
352,383
352,401
352,417
352,430
352,444
352,452
352,469
352,486
352,494
352,518
352,519
352,522
352,534
352,547
352,554
352,581
352,587
352,623
352,628
352,664
352,680
352,696
352,723
352,724
352,737
352,738
352,755
352,759
352,785
352,804
352,812
352,815
352,831
352,862
352,877
352,880
352,886
352,908
352,912
352,939
352,942
352,977
352,982
352,989
353,364
353,369
353,386
353,396
353,412
353,434
353,453
353,469
353,518
353,521
353,523
353,537
353,558
353,577
353,594
353,616
353,649
353,728
353,749
353,776
353,795
353,810
353,811
353,846
353,886
353,912
353,929
353,962
353,964
353,977
353,985
354,374
354,394
354,418
354,430
354,440
354,444
354,484
354,485
354,505
354,541
354,552
354,613
354,615
354,626
354,698
354,705
354,717
354,735
354,743
354,744
354,813
354,873
354,897
354,904
354,924
354,943
354,974
355,446
355,457
355,470
355,548
355,557
355,633
355,642
355,661
355,668
355,787
355,837
355,841
355,858
355,914
355,994
356,364
356,381
356,395
356,398
356,429
356,476
356,483
356,504
356,518
356,519
356,536
356,538
356,551
356,603
356,615
356,723
356,728
356,780
356,806
356,815
356,841
356,857
356,859
356,863
356,947
356,984
356,986
357,367
357,383
357,438
357,458
357,476
357,542
357,567
357,581
357,591
357,653
357,665
357,689
357,693
357,725
357,734
357,738
357,767
357,775
357,869
357,872
357,890
357,907
357,913
357,917
357,932
357,982
358,412
358,414
358,553
358,651
358,795
358,860
358,977
358,982
359,375
359,384
359,393
359,462
359,467
359,494
359,497
359,508
359,522
359,523
359,540
359,573
359,576
359,610
359,620
359,622
359,634
359,643
359,696
359,701
359,742
359,754
359,767
359,794
359,839
359,842
359,844
359,859
359,860
359,869
359,908
359,910
359,913
359,917
359,923
359,930
359,936
359,941
359,977
359,987
360,383
360,392
360,417
360,431
360,439
360,456
360,469
360,476
360,479
360,504
360,522
360,542
360,559
360,566
360,594
360,622
360,631
360,633
360,639
360,695
360,696
360,709
360,738
360,855
360,874
360,884
360,912
360,917
360,919
360,951
360,962
360,965
360,967
360,972
360,982
360,985
360,990
360,993
361,382
361,384
361,492
361,507
361,525
361,534
361,538
361,544
361,575
361,598
361,602
361,627
361,638
361,657
361,684
361,694
361,718
361,728
361,729
361,737
361,772
361,779
361,844
361,849
361,868
361,879
361,892
361,898
361,899
361,957
361,960
361,963
361,988
362,368
362,378
362,382
362,395
362,420
362,422
362,455
362,491
362,499
362,529
362,533
362,534
362,535
362,551
362,592
362,663
362,681
362,685
362,700
362,710
362,714
362,718
362,757
362,758
362,780
362,781
362,792
362,799
362,822
362,829
362,836
362,895
362,933
362,940
362,946
362,972
362,991
363,369
363,374
363,433
363,465
363,506
363,510
363,515
363,530
363,544
363,561
363,630
363,647
363,671
363,676
363,684
363,706
363,715
363,719
363,720
363,746
363,747
363,748
363,779
363,820
363,904
363,919
363,924
363,928
363,931
363,938
363,945
363,960
363,970
364,380
364,417
364,420
364,459
364,467
364,469
364,476
364,485
364,532
364,622
364,631
364,632
364,665
364,689
364,715
364,751
364,755
364,776
364,779
364,786
364,790
364,795
364,810
364,825
364,837
364,842
364,845
364,853
364,866
364,902
364,950
364,959
364,965
364,982
365,397
365,400
365,422
365,438
365,458
365,486
365,529
365,574
365,598
365,609
365,610
365,630
365,634
365,664
365,696
365,708
365,720
365,742
365,754
365,786
365,798
365,834
365,871
365,910
365,923
365,936
365,978
365,987
365,992
366,376
366,619
366,712
366,727
366,759
366,783
366,790
366,845
366,906
366,918
366,946
366,975
366,992
367,469
367,473
367,493
367,534
367,537
367,558
367,577
367,581
367,630
367,631
367,708
367,741
367,751
367,781
367,788
367,839
367,845
367,882
367,971
368,375
368,389
368,398
368,410
368,428
368,448
368,452
368,461
368,479
368,480
368,481
368,495
368,496
368,519
368,536
368,543
368,547
368,551
368,569
368,575
368,595
368,603
368,674
368,691
368,710
368,713
368,737
368,738
368,760
368,770
368,781
368,782
368,792
368,797
368,807
368,812
368,831
368,844
368,856
368,880
368,933
368,940
368,986
368,998
369,385
369,399
369,404
369,406
369,423
369,430
369,462
369,506
369,523
369,551
369,560
369,604
369,606
369,726
369,811
369,864
369,874
369,892
369,927
369,945
369,983
370,388
370,498
370,503
370,516
370,521
370,522
370,527
370,558
370,565
370,645
370,669
370,672
370,680
370,695
370,709
370,734
370,802
370,812
370,813
370,840
370,846
370,852
370,917
370,960
370,989
370,990
370,996
371,378
371,382
371,428
371,439
371,479
371,496
371,499
371,529
371,533
371,534
371,571
371,575
371,577
371,578
371,623
371,681
371,685
371,700
371,703
371,713
371,718
371,723
371,755
371,778
371,792
371,804
371,815
371,824
371,831
371,860
371,865
371,871
371,877
371,940
371,991
372,466
372,468
372,470
372,519
372,550
372,557
372,559
372,602
372,605
372,639
372,645
372,648
372,651
372,660
372,697
372,705
372,708
372,740
372,764
372,774
372,791
372,810
372,840
372,844
372,853
372,858
372,876
372,890
372,914
372,925
372,968
372,978
372,988
372,989
372,999
373,392
373,417
373,420
373,452
373,471
373,480
373,481
373,511
373,522
373,555
373,589
373,616
373,642
373,689
373,695
373,736
373,741
373,750
373,765
373,816
373,826
373,837
373,853
373,855
373,866
373,882
373,902
373,912
373,918
373,982
373,993
374,394
374,405
374,444
374,472
374,473
374,498
374,525
374,541
374,544
374,593
374,626
374,630
374,684
374,717
374,720
374,733
374,735
374,743
374,744
374,761
374,779
374,784
374,820
374,845
374,879
374,889
374,896
374,904
374,934
374,954
374,960
374,983
374,988
375,383
375,393
375,400
375,410
375,451
375,465
375,467
375,482
375,494
375,514
375,516
375,559
375,569
375,572
375,576
375,591
375,610
375,625
375,634
375,643
375,653
375,696
375,697
375,719
375,761
375,775
375,804
375,832
375,855
375,862
375,871
375,919
375,923
375,962
376,423
376,430
376,459
376,462
376,508
376,524
376,536
376,538
376,544
376,550
376,568
376,579
376,593
376,693
376,695
376,703
376,712
376,738
376,747
376,762
376,800
376,817
376,824
376,836
376,846
376,855
376,864
376,874
376,886
376,887
376,891
376,897
376,903
376,918
376,920
376,927
376,937
376,945
376,948
377,454
377,471
377,477
377,565
377,566
377,656
377,657
377,662
377,765
377,788
377,848
377,866
377,928
377,937
377,981
378,391
378,395
378,428
378,439
378,471
378,479
378,483
378,499
378,527
378,551
378,615
378,623
378,674
378,681
378,685
378,690
378,713
378,714
378,718
378,755
378,782
378,785
378,796
378,844
378,847
378,856
378,933
378,976
379,396
379,426
379,462
379,520
379,568
379,580
379,591
379,690
379,707
379,745
379,754
379,844
379,889
379,937
379,957
379,972
380,389
380,409
380,424
380,457
380,496
380,502
380,526
380,628
380,641
380,665
380,728
380,750
380,759
380,783
380,790
380,815
380,831
380,839
380,842
380,860
380,865
380,880
380,887
380,953
380,967
380,986
381,395
381,408
381,415
381,435
381,444
381,469
381,504
381,514
381,521
381,539
381,541
381,547
381,549
381,558
381,582
381,613
381,630
381,655
381,672
381,678
381,686
381,698
381,717
381,720
381,746
381,749
381,756
381,777
381,779
381,781
381,789
381,827
381,850
381,857
381,878
381,896
381,912
381,927
381,932
381,937
381,940
381,944
381,955
381,964
381,988
381,997
382,432
382,493
382,495
382,500
382,501
382,534
382,543
382,573
382,580
382,584
382,658
382,681
382,690
382,714
382,778
382,780
382,781
382,788
382,792
382,796
382,809
382,819
382,822
382,829
382,844
382,856
382,879
382,889
382,899
382,900
382,907
382,949
382,991
383,393
383,401
383,438
383,469
383,622
383,624
383,633
383,634
383,639
383,654
383,674
383,689
383,696
383,704
383,754
383,767
383,778
383,784
383,804
383,844
383,853
383,873
383,916
383,923
383,966
384,404
384,409
384,428
384,455
384,492
384,621
384,703
384,739
384,757
384,758
384,769
384,822
384,829
384,856
384,972
385,423
385,433
385,549
385,560
385,579
385,604
385,702
385,745
385,750
385,793
385,864
385,887
385,893
385,931
385,966
385,983
385,996
386,389
386,392
386,441
386,467
386,468
386,489
386,497
386,532
386,550
386,578
386,598
386,652
386,656
386,658
386,668
386,672
386,690
386,725
386,726
386,789
386,810
386,821
386,843
386,864
386,874
386,919
386,926
386,929
386,968
386,997
387,388
387,394
387,413
387,424
387,432
387,440
387,443
387,444
387,457
387,459
387,473
387,474
387,482
387,504
387,506
387,508
387,525
387,528
387,541
387,544
387,545
387,549
387,550
387,622
387,629
387,684
387,707
387,735
387,746
387,761
387,777
387,784
387,818
387,821
387,827
387,846
387,874
387,886
387,889
387,896
387,904
387,931
387,935
388,405
388,471
388,473
388,606
388,673
388,683
388,731
388,732
388,736
388,805
388,850
388,854
388,951
388,997
389,420
389,444
389,454
389,458
389,468
389,477
389,485
389,499
389,531
389,532
389,552
389,557
389,564
389,566
389,587
389,612
389,633
389,635
389,642
389,645
389,661
389,734
389,764
389,774
389,786
389,801
389,852
389,853
389,884
389,885
389,906
389,914
389,917
389,925
390,399
390,443
390,486
390,498
390,504
390,521
390,534
390,558
390,582
390,613
390,622
390,684
390,740
390,887
390,906
391,398
391,483
391,484
391,569
391,595
391,641
391,685
391,723
391,730
391,739
391,790
391,815
391,913
391,935
391,972
391,984
392,402
392,417
392,446
392,458
392,468
392,470
392,485
392,490
392,491
392,524
392,529
392,548
392,552
392,558
392,576
392,605
392,631
392,633
392,642
392,648
392,660
392,662
392,676
392,688
392,690
392,705
392,740
392,748
392,765
392,786
392,837
392,840
392,912
392,919
392,946
392,950
392,982
392,984
392,989
393,401
393,425
393,467
393,490
393,531
393,535
393,610
393,616
393,620
393,634
393,636
393,643
393,653
393,754
393,849
393,859
393,873
393,881
393,895
393,985
394,443
394,444
394,447
394,448
394,450
394,454
394,463
394,474
394,482
394,504
394,525
394,539
394,545
394,583
394,600
394,614
394,615
394,626
394,686
394,717
394,726
394,735
394,737
394,744
394,746
394,761
394,779
394,827
394,836
394,850
394,883
394,926
394,951
394,952
394,957
394,958
394,965
395,409
395,428
395,476
395,479
395,517
395,544
395,550
395,551
395,571
395,719
395,757
395,758
395,760
395,792
395,829
395,856
395,888
395,912
395,937
395,979
396,399
396,404
396,452
396,558
396,560
396,561
396,578
396,601
396,640
396,671
396,729
396,762
396,778
396,809
396,847
396,903
396,961
397,401
397,535
397,602
397,624
397,653
397,697
397,724
397,754
397,771
397,804
397,882
397,891
397,908
397,910
397,984
397,995
398,401
398,407
398,429
398,460
398,483
398,494
398,518
398,519
398,529
398,534
398,536
398,587
398,595
398,603
398,713
398,752
398,754
398,770
398,780
398,785
398,792
398,806
398,815
398,823
398,839
398,857
398,881
398,936
399,415
399,430
399,450
399,462
399,469
399,504
399,560
399,582
399,613
399,703
399,779
399,818
399,863
399,864
399,879
399,927
399,937
399,945
399,976
399,983
400,402
400,412
400,421
400,478
400,497
400,499
400,503
400,557
400,589
400,608
400,635
400,644
400,674
400,699
400,736
400,756
400,761
400,786
400,787
400,811
400,827
400,835
400,838
400,847
400,852
400,872
400,884
400,885
400,914
400,921
400,950
400,994
401,417
401,429
401,452
401,465
401,469
401,483
401,490
401,494
401,508
401,624
401,680
401,690
401,723
401,724
401,771
401,775
401,804
401,806
401,815
401,826
401,838
401,857
401,871
401,875
401,891
401,894
401,908
401,910
401,968
401,984
401,995
402,419
402,454
402,472
402,485
402,522
402,552
402,605
402,608
402,629
402,631
402,648
402,705
402,745
402,756
402,764
402,774
402,786
402,789
402,816
402,852
402,855
402,857
402,872
402,885
402,914
402,935
402,962
403,414
403,431
403,471
403,489
403,497
403,509
403,531
403,579
403,633
403,648
403,668
403,688
403,805
403,813
403,821
403,835
403,847
403,848
403,874
403,914
403,981
403,989
404,408
404,411
404,451
404,484
404,497
404,506
404,517
404,532
404,573
404,628
404,635
404,647
404,649
404,655
404,657
404,667
404,672
404,703
404,706
404,768
404,777
404,778
404,779
404,802
404,812
404,818
404,824
404,827
404,836
404,863
404,884
404,923
404,924
404,931
404,942
404,945
404,960
404,969
404,990
405,438
405,441
405,447
405,450
405,457
405,459
405,473
405,474
405,484
405,489
405,513
405,539
405,541
405,550
405,586
405,600
405,606
405,614
405,673
405,731
405,746
405,784
405,827
405,909
405,912
405,915
405,946
405,951
405,990
406,408
406,414
406,418
406,421
406,433
406,435
406,443
406,444
406,477
406,478
406,506
406,514
406,515
406,521
406,524
406,541
406,545
406,578
406,615
406,618
406,649
406,656
406,679
406,692
406,777
406,779
406,784
406,805
406,827
406,874
406,886
406,896
406,924
406,931
406,932
406,948
406,956
406,960
406,969
407,452
407,480
407,489
407,494
407,521
407,526
407,537
407,558
407,572
407,578
407,581
407,603
407,622
407,656
407,664
407,680
407,685
407,710
407,713
407,728
407,748
407,759
407,783
407,790
407,798
407,799
407,812
407,822
407,824
407,826
407,857
407,860
407,880
407,918
407,922
407,953
407,964
407,979
408,440
408,445
408,446
408,449
408,451
408,459
408,460
408,484
408,496
408,517
408,523
408,524
408,528
408,615
408,647
408,671
408,676
408,705
408,709
408,715
408,716
408,726
408,733
408,734
408,744
408,761
408,777
408,815
408,830
408,870
408,896
408,904
408,924
408,935
408,951
409,496
409,560
409,623
409,647
409,691
409,738
409,780
409,798
409,799
409,823
409,842
409,888
410,422
410,429
410,438
410,476
410,491
410,494
410,511
410,516
410,572
410,588
410,616
410,624
410,634
410,639
410,646
410,653
410,654
410,666
410,693
410,697
410,713
410,734
410,736
410,754
410,785
410,794
410,823
410,841
410,846
410,871
410,907
410,968
410,982
411,413
411,414
411,418
411,449
411,450
411,491
411,517
411,528
411,530
411,573
411,574
411,647
411,650
411,791
411,816
412,419
412,457
412,460
412,469
412,472
412,501
412,503
412,506
412,526
412,550
412,558
412,580
412,581
412,607
412,628
412,632
412,673
412,689
412,695
412,697
412,749
412,750
412,753
412,779
412,795
412,809
412,812
412,825
412,845
412,897
412,905
412,909
412,916
412,927
412,928
412,959
412,964
412,965
412,971
412,985
412,993
413,450
413,472
413,484
413,494
413,512
413,528
413,552
413,561
413,578
413,606
413,615
413,632
413,647
413,659
413,671
413,705
413,717
413,733
413,736
413,805
413,806
413,828
413,850
413,852
413,870
413,896
413,904
413,924
413,934
413,937
413,938
413,960
413,963
413,972
414,440
414,443
414,445
414,447
414,448
414,457
414,462
414,515
414,541
414,545
414,569
414,588
414,618
414,726
414,729
414,750
414,772
414,777
414,803
414,827
414,843
414,904
414,954
415,419
415,430
415,431
415,506
415,521
415,549
415,560
415,595
415,604
415,686
415,711
415,719
415,761
415,773
415,779
415,789
415,800
415,826
415,903
415,911
415,942
415,960
415,990
416,480
416,547
416,621
416,664
416,684
416,689
416,724
416,799
416,875
416,953
417,420
417,426
417,458
417,461
417,502
417,503
417,514
417,542
417,544
417,555
417,567
417,572
417,577
417,590
417,605
417,629
417,635
417,648
417,654
417,660
417,695
417,741
417,776
417,794
417,853
417,873
417,882
417,907
417,908
417,911
417,912
417,917
417,918
417,937
417,952
417,982
417,984
417,985
417,993
418,448
418,459
418,472
418,474
418,482
418,484
418,493
418,541
418,550
418,554
418,556
418,627
418,705
418,717
418,777
418,791
418,814
418,820
418,852
418,879
418,901
418,924
418,934
418,942
418,954
418,963
419,454
419,485
419,497
419,524
419,531
419,548
419,566
419,567
419,575
419,580
419,581
419,608
419,633
419,642
419,644
419,661
419,783
419,786
419,787
419,790
419,794
419,801
419,838
419,872
419,882
419,885
419,901
419,935
419,944
419,950
419,973
419,994
420,444
420,463
420,471
420,475
420,503
420,524
420,542
420,555
420,567
420,572
420,573
420,598
420,599
420,612
420,632
420,645
420,695
420,725
420,794
420,821
420,824
420,838
420,852
420,855
420,877
420,899
420,922
420,929
420,965
421,427
421,497
421,608
421,623
421,635
421,642
421,644
421,726
421,756
421,761
421,774
421,813
421,821
421,884
421,889
421,997
422,452
422,499
422,501
422,512
422,514
422,534
422,551
422,575
422,584
422,631
422,676
422,678
422,681
422,713
422,719
422,720
422,737
422,738
422,755
422,757
422,758
422,781
422,792
422,822
422,880
422,898
422,911
422,916
422,933
422,935
422,940
422,949
422,962
422,972
422,975
422,979
422,991
423,430
423,437
423,444
423,462
423,463
423,476
423,508
423,514
423,558
423,568
423,578
423,579
423,580
423,596
423,613
423,678
423,762
423,796
423,812
423,850
423,863
423,864
423,879
423,887
423,897
423,906
423,911
423,920
423,927
423,937
423,942
423,948
423,982
423,983
424,429
424,442
424,461
424,465
424,486
424,551
424,553
424,587
424,595
424,602
424,611
424,625
424,629
424,689
424,709
424,728
424,799
424,854
424,860
424,880
424,904
424,930
424,939
424,985
425,466
425,503
425,527
425,554
425,565
425,594
425,607
425,645
425,669
425,709
425,740
425,741
425,775
425,776
425,855
425,993
425,996
426,521
426,577
426,686
426,703
426,711
426,788
426,799
426,893
426,897
426,898
426,955
426,972
427,436
427,447
427,471
427,474
427,523
427,529
427,539
427,541
427,563
427,608
427,632
427,674
427,683
427,744
427,746
427,761
427,784
427,850
427,883
427,904
427,915
427,929
427,944
427,951
427,988
427,990
428,461
428,480
428,491
428,507
428,597
428,623
428,665
428,679
428,760
428,769
428,783
428,798
428,824
428,829
428,902
428,903
428,979
429,460
429,475
429,519
429,536
429,567
429,581
429,584
429,610
429,622
429,654
429,664
429,672
429,676
429,723
429,785
429,804
429,806
429,808
429,812
429,815
429,817
429,841
429,857
429,871
429,875
429,877
429,880
429,884
429,894
429,902
429,908
429,910
429,932
429,968
429,995
430,445
430,462
430,504
430,508
430,521
430,526
430,553
430,560
430,561
430,568
430,572
430,581
430,600
430,604
430,613
430,617
430,621
430,686
430,691
430,694
430,720
430,762
430,812
430,850
430,887
430,893
430,927
430,937
430,946
430,948
430,969
430,974
430,983
430,985
431,470
431,471
431,478
431,497
431,508
431,522
431,531
431,539
431,542
431,587
431,589
431,594
431,596
431,605
431,633
431,648
431,660
431,672
431,675
431,679
431,725
431,726
431,744
431,755
431,763
431,776
431,787
431,847
431,858
431,884
431,919
431,924
431,937
432,435
432,463
432,469
432,501
432,504
432,512
432,520
432,545
432,547
432,575
432,585
432,592
432,676
432,687
432,690
432,737
432,765
432,772
432,783
432,809
432,823
432,844
432,847
432,863
432,879
432,899
432,902
432,911
432,919
432,922
432,972
432,976
432,998
433,462
433,474
433,484
433,497
433,515
433,606
433,615
433,618
433,628
433,635
433,673
433,707
433,725
433,729
433,782
433,791
433,825
433,868
433,886
433,904
433,905
433,924
433,945
433,957
433,960
433,961
434,452
434,469
434,475
434,522
434,553
434,581
434,682
434,686
434,689
434,728
434,748
434,776
434,846
434,847
434,860
434,880
434,913
434,975
435,496
435,497
435,508
435,512
435,514
435,538
435,578
435,579
435,638
435,655
435,676
435,677
435,684
435,711
435,717
435,720
435,726
435,744
435,745
435,753
435,784
435,824
435,849
435,879
435,898
435,899
435,903
435,918
435,922
435,924
435,935
435,940
435,942
435,974
435,976
436,438
436,467
436,535
436,546
436,567
436,572
436,610
436,622
436,643
436,649
436,651
436,701
436,713
436,734
436,767
436,794
436,815
436,832
436,846
436,894
436,895
436,904
436,941
436,965
436,975
437,469
437,489
437,504
437,514
437,521
437,526
437,543
437,589
437,613
437,631
437,647
437,652
437,672
437,683
437,689
437,707
437,722
437,763
437,777
437,795
437,811
437,828
437,866
437,901
437,906
437,961
437,971
437,974
438,490
438,494
438,511
438,516
438,526
438,544
438,581
438,591
438,616
438,624
438,651
438,653
438,658
438,751
438,752
438,794
438,866
438,890
438,913
438,941
438,966
439,499
439,501
439,529
439,534
439,551
439,578
439,610
439,643
439,674
439,681
439,685
439,700
439,713
439,718
439,719
439,728
439,739
439,755
439,772
439,781
439,790
439,823
439,829
439,842
439,898
439,899
439,918
439,972
439,979
440,445
440,449
440,456
440,467
440,474
440,491
440,525
440,528
440,578
440,600
440,626
440,671
440,677
440,694
440,705
440,712
440,726
440,733
440,735
440,800
440,814
440,863
440,870
440,888
440,949
440,954
441,469
441,489
441,532
441,545
441,582
441,640
441,683
441,736
441,743
441,756
441,919
441,936
442,519
442,533
442,569
442,595
442,674
442,691
442,718
442,741
442,757
442,769
442,770
442,782
442,797
442,806
442,856
442,857
442,897
442,979
442,986
443,444
443,448
443,462
443,474
443,484
443,515
443,530
443,541
443,545
443,550
443,613
443,618
443,629
443,635
443,641
443,647
443,671
443,678
443,698
443,705
443,726
443,731
443,733
443,744
443,756
443,761
443,777
443,802
443,827
443,854
443,864
443,904
443,915
443,943
443,951
443,983
443,988
444,448
444,464
444,474
444,482
444,484
444,525
444,541
444,550
444,598
444,612
444,615
444,630
444,643
444,658
444,698
444,717
444,731
444,732
444,733
444,735
444,743
444,746
444,761
444,784
444,805
444,816
444,818
444,827
444,850
444,867
444,870
444,889
444,896
444,932
444,934
444,938
444,958
444,963
444,988
445,449
445,450
445,510
445,530
445,540
445,604
445,606
445,655
445,777
445,792
445,802
445,833
445,836
445,904
445,922
446,468
446,522
446,524
446,548
446,555
446,565
446,577
446,586
446,605
446,632
446,633
446,660
446,669
446,689
446,703
446,707
446,764
446,820
446,821
446,837
446,851
446,883
446,884
446,914
446,915
446,919
446,928
446,941
446,950
446,952
446,959
446,987
446,988
447,473
447,497
447,509
447,518
447,521
447,537
447,545
447,563
447,614
447,629
447,655
447,673
447,731
447,755
447,756
447,766
447,784
447,805
447,809
447,825
447,850
447,889
447,901
447,914
447,915
447,990
448,450
448,459
448,474
448,482
448,497
448,507
448,515
448,539
448,541
448,582
448,612
448,618
448,648
448,726
448,729
448,731
448,761
448,777
448,789
448,816
448,827
448,850
448,874
448,886
448,895
448,904
448,921
448,924
448,931
448,959
448,963
449,523
449,606
449,615
449,647
449,651
449,655
449,750
449,814
449,870
449,924
449,925
449,995
450,482
450,506
450,530
450,556
450,561
450,593
450,615
450,647
450,655
450,659
450,667
450,690
450,698
450,719
450,783
450,802
450,820
450,828
450,853
450,898
450,904
450,911
450,926
450,929
450,931
450,938
450,942
450,956
450,969
451,462
451,484
451,506
451,507
451,515
451,530
451,541
451,544
451,545
451,556
451,593
451,613
451,615
451,627
451,649
451,655
451,684
451,720
451,761
451,777
451,802
451,818
451,836
451,850
451,863
451,867
451,896
451,903
451,920
451,931
451,937
451,942
451,945
451,948
451,960
451,988
452,454
452,494
452,518
452,519
452,546
452,581
452,641
452,642
452,662
452,664
452,665
452,673
452,680
452,696
452,719
452,723
452,728
452,746
452,750
452,759
452,771
452,778
452,780
452,790
452,831
452,839
452,842
452,844
452,845
452,860
452,864
452,880
452,903
452,918
452,964
452,985
453,471
453,491
453,559
453,560
453,631
453,662
453,672
453,725
453,732
453,740
453,765
453,783
453,811
453,831
453,846
453,848
453,906
453,918
453,981
454,485
454,494
454,524
454,527
454,531
454,534
454,552
454,583
454,594
454,605
454,625
454,688
454,699
454,714
454,774
454,786
454,826
454,835
454,837
454,852
454,872
454,914
454,935
454,948
454,950
454,952
454,958
454,989
455,460
455,479
455,480
455,520
455,533
455,597
455,680
455,718
455,719
455,727
455,738
455,757
455,758
455,769
455,785
455,856
455,887
456,503
456,521
456,535
456,559
456,577
456,632
456,639
456,672
456,695
456,717
456,741
456,763
456,765
456,837
456,855
456,912
456,925
456,997
457,459
457,482
457,484
457,489
457,508
457,511
457,539
457,545
457,560
457,582
457,606
457,613
457,614
457,615
457,683
457,726
457,729
457,735
457,743
457,766
457,820
457,827
457,833
457,850
457,854
457,886
457,951
457,957
458,467
458,490
458,494
458,530
458,540
458,542
458,547
458,567
458,572
458,591
458,598
458,610
458,651
458,653
458,658
458,669
458,675
458,689
458,693
458,717
458,752
458,775
458,808
458,832
458,838
458,873
458,876
458,882
458,906
458,907
458,917
458,919
458,941
458,959
458,968
458,996
459,503
459,539
459,541
459,545
459,550
459,575
459,613
459,614
459,629
459,673
459,726
459,731
459,746
459,748
459,761
459,789
459,821
459,827
459,886
459,896
459,926
459,932
459,942
460,486
460,502
460,520
460,526
460,569
460,595
460,602
460,617
460,628
460,666
460,681
460,690
460,712
460,728
460,757
460,760
460,769
460,780
460,812
460,822
460,826
460,918
460,920
460,933
460,960
460,964
460,972
460,991
460,998
461,508
461,512
461,518
461,526
461,540
461,577
461,578
461,595
461,610
461,623
461,654
461,696
461,712
461,713
461,719
461,750
461,769
461,785
461,799
461,812
461,865
461,911
461,929
461,962
461,972
461,976
461,992
462,508
462,534
462,537
462,561
462,580
462,582
462,594
462,617
462,648
462,667
462,675
462,686
462,703
462,727
462,728
462,730
462,745
462,749
462,762
462,784
462,792
462,817
462,818
462,827
462,879
462,903
462,937
462,942
462,955
462,960
462,967
462,983
462,988
463,504
463,537
463,690
463,788
463,790
463,819
463,918
463,931
463,941
463,969
463,974
464,523
464,525
464,615
464,630
464,671
464,700
464,735
464,743
464,753
464,786
464,791
464,896
464,904
464,924
464,938
464,954
465,624
465,700
465,703
465,771
465,782
465,793
465,871
465,877
465,895
465,910
465,995
466,477
466,591
466,594
466,605
466,623
466,646
466,661
466,692
466,708
466,774
467,494
467,516
467,535
467,567
467,591
467,623
467,636
467,643
467,651
467,665
467,674
467,692
467,734
467,778
467,786
467,794
467,808
467,826
467,838
467,845
467,873
467,874
467,894
467,895
467,960
467,966
467,982
468,470
468,477
468,478
468,485
468,518
468,526
468,545
468,559
468,599
468,605
468,608
468,631
468,633
468,656
468,662
468,688
468,708
468,709
468,756
468,764
468,765
468,774
468,805
468,815
468,837
468,840
468,858
468,872
468,876
468,884
468,950
468,964
469,473
469,474
469,491
469,500
469,503
469,504
469,521
469,535
469,550
469,554
469,577
469,588
469,596
469,598
469,600
469,608
469,613
469,649
469,656
469,660
469,668
469,672
469,695
469,709
469,728
469,751
469,775
469,794
469,806
469,807
469,810
469,816
469,820
469,829
469,840
469,859
469,864
469,868
469,877
469,886
469,900
469,902
469,906
469,921
469,929
469,937
469,965
469,967
469,971
469,972
469,974
469,982
470,471
470,477
470,488
470,491
470,548
470,557
470,566
470,583
470,605
470,608
470,636
470,699
470,752
470,764
470,774
470,786
470,801
470,835
470,838
470,844
470,847
470,853
470,858
470,871
470,877
470,884
470,966
470,993
470,997
471,478
471,497
471,521
471,532
471,555
471,559
471,608
471,629
471,631
471,635
471,648
471,732
471,734
471,756
471,763
471,776
471,784
471,805
471,813
471,821
471,827
471,848
471,850
471,874
471,884
471,885
471,919
471,949
471,960
471,988
472,474
472,510
472,537
472,591
472,626
472,647
472,684
472,733
472,789
472,820
472,827
472,841
472,870
472,954
472,958
472,992
473,482
473,489
473,506
473,513
473,516
473,542
473,572
473,576
473,578
473,606
473,608
473,614
473,629
473,635
473,673
473,688
473,744
473,746
473,761
473,766
473,784
473,789
473,805
473,813
473,827
473,861
473,883
473,884
473,904
473,921
473,951
473,960
473,990
473,997
474,515
474,525
474,541
474,542
474,581
474,593
474,605
474,608
474,626
474,627
474,629
474,633
474,648
474,663
474,685
474,717
474,735
474,744
474,746
474,761
474,780
474,784
474,786
474,789
474,811
474,827
474,836
474,844
474,850
474,861
474,886
474,898
474,914
474,931
474,938
474,943
474,954
474,955
474,958
474,971
475,486
475,518
475,526
475,577
475,581
475,599
475,679
475,680
475,703
475,728
475,734
475,741
475,748
475,845
475,907
475,975
475,976
476,487
476,494
476,499
476,511
476,516
476,535
476,544
476,546
476,553
476,581
476,591
476,628
476,634
476,636
476,667
476,734
476,781
476,810
476,826
476,841
476,886
476,907
476,966
476,998
477,492
477,512
477,531
477,566
477,588
477,699
477,858
477,862
477,876
477,925
477,932
477,999
478,498
478,509
478,521
478,524
478,605
478,608
478,633
478,639
478,642
478,644
478,648
478,662
478,688
478,699
478,708
478,731
478,756
478,764
478,786
478,801
478,821
478,835
478,883
478,884
478,889
478,914
478,935
478,937
478,952
479,496
479,507
479,519
479,529
479,537
479,551
479,581
479,624
479,674
479,680
479,681
479,691
479,705
479,710
479,713
479,723
479,734
479,792
479,831
479,865
479,879
479,972
479,986
479,998
480,502
480,623
480,631
480,674
480,728
480,755
480,760
480,769
480,856
480,888
480,979
481,519
481,533
481,562
481,595
481,603
481,700
481,727
481,728
481,754
481,780
481,838
481,881
481,940
481,972
481,986
482,509
482,536
482,541
482,579
482,588
482,618
482,630
482,717
482,761
482,802
482,805
482,814
482,850
482,911
482,924
482,954
482,958
483,519
483,535
483,569
483,587
483,603
483,674
483,685
483,713
483,723
483,739
483,770
483,777
483,785
483,794
483,806
483,815
483,829
483,831
483,841
483,857
483,869
483,880
483,894
483,900
483,911
483,984
483,986
483,998
484,506
484,510
484,515
484,523
484,556
484,561
484,562
484,589
484,613
484,649
484,694
484,695
484,706
484,707
484,716
484,720
484,729
484,745
484,761
484,777
484,779
484,792
484,802
484,809
484,818
484,820
484,835
484,867
484,879
484,896
484,926
484,928
484,931
484,960
484,975
484,976
484,983
484,988
484,995
485,524
485,552
485,566
485,625
485,642
485,660
485,669
485,676
485,720
485,786
485,789
485,801
485,805
485,813
485,838
485,852
485,853
485,872
485,935
485,950
485,994
485,997
486,490
486,503
486,504
486,511
486,516
486,524
486,536
486,550
486,552
486,587
486,636
486,689
486,691
486,693
486,697
486,728
486,748
486,807
486,815
486,823
486,835
486,856
486,893
486,918
486,975
486,985
486,995
487,542
487,554
487,570
487,590
487,730
487,775
487,811
487,882
488,516
488,527
488,564
488,567
488,570
488,583
488,651
488,693
488,696
488,701
488,734
488,738
488,794
488,859
488,886
488,895
488,933
489,499
489,505
489,550
489,555
489,573
489,590
489,596
489,605
489,606
489,613
489,640
489,648
489,673
489,683
489,687
489,700
489,732
489,736
489,755
489,766
489,776
489,778
489,801
489,810
489,816
489,821
489,854
489,861
489,906
489,909
489,918
489,921
489,951
489,965
489,985
489,997
490,494
490,572
490,583
490,591
490,616
490,653
490,654
490,662
490,665
490,690
490,697
490,752
490,832
490,859
490,890
490,907
490,946
490,959
490,966
490,968
490,980
490,995
491,524
491,535
491,541
491,544
491,558
491,559
491,577
491,582
491,588
491,594
491,631
491,632
491,640
491,641
491,642
491,652
491,663
491,695
491,750
491,751
491,763
491,765
491,773
491,797
491,810
491,816
491,896
491,902
491,909
491,952
491,965
492,509
492,540
492,609
492,649
492,676
492,682
492,684
492,720
492,828
492,970
493,504
493,508
493,521
493,537
493,558
493,587
493,618
493,639
493,649
493,678
493,693
493,707
493,726
493,728
493,748
493,749
493,750
493,759
493,765
493,815
493,816
493,826
493,831
493,845
493,851
493,861
493,880
493,900
493,902
493,905
493,924
493,937
493,942
493,945
493,953
493,964
493,965
493,983
493,984
493,993
494,511
494,518
494,542
494,543
494,572
494,587
494,604
494,610
494,616
494,653
494,654
494,697
494,742
494,754
494,767
494,771
494,815
494,823
494,860
494,869
494,880
494,884
494,907
494,912
494,913
494,916
494,917
494,925
494,937
494,952
494,965
494,975
494,987
495,500
495,530
495,533
495,534
495,543
495,571
495,575
495,584
495,612
495,649
495,685
495,691
495,714
495,738
495,778
495,781
495,792
495,809
495,819
495,898
495,899
495,949
495,975
495,979
495,991
496,519
496,524
496,529
496,542
496,551
496,569
496,603
496,670
496,674
496,682
496,691
496,710
496,713
496,719
496,757
496,760
496,782
496,785
496,790
496,792
496,802
496,824
496,829
496,857
496,865
496,907
496,911
496,914
496,947
496,949
496,979
496,984
496,986
497,508
497,513
497,550
497,599
497,605
497,608
497,634
497,648
497,660
497,688
497,756
497,759
497,787
497,796
497,805
497,816
497,821
497,831
497,833
497,840
497,884
497,912
497,914
497,921
497,924
497,935
497,991
498,505
498,531
498,557
498,607
498,648
498,767
498,833
498,835
498,872
498,884
498,914
498,994
499,507
499,511
499,529
499,533
499,559
499,571
499,578
499,622
499,624
499,674
499,685
499,714
499,718
499,755
499,778
499,784
499,796
499,815
499,817
499,865
499,875
499,933
499,968
500,501
500,516
500,537
500,562
500,575
500,584
500,628
500,681
500,711
500,719
500,723
500,758
500,778
500,802
500,809
500,824
500,834
500,899
500,947
500,949
500,986
501,534
501,575
501,576
501,680
501,685
501,718
501,778
501,796
501,806
501,809
501,815
501,899
501,902
501,947
501,984
502,520
502,533
502,568
502,611
502,682
502,748
502,751
502,759
502,774
502,780
502,798
502,799
502,879
502,888
502,898
502,911
502,918
502,933
502,972
502,984
502,992
503,511
503,522
503,542
503,546
503,548
503,631
503,635
503,661
503,675
503,679
503,732
503,740
503,741
503,774
503,782
503,801
503,846
503,853
503,855
503,896
503,929
503,952
503,960
503,966
503,996
504,521
504,550
504,577
504,582
504,585
504,593
504,605
504,619
504,631
504,647
504,662
504,686
504,748
504,762
504,778
504,798
504,811
504,842
504,852
504,886
504,887
504,900
504,902
504,906
504,934
504,935
504,937
504,949
504,950
504,955
504,961
504,964
504,965
504,968
504,974
504,983
504,988
505,563
505,606
505,614
505,629
505,632
505,653
505,662
505,668
505,673
505,715
505,784
505,858
505,901
505,909
505,921
505,951
505,964
505,971
506,510
506,517
506,550
506,556
506,573
506,578
506,613
506,633
506,655
506,668
506,676
506,706
506,720
506,731
506,743
506,761
506,777
506,791
506,802
506,804
506,820
506,824
506,828
506,836
506,863
506,896
506,924
506,931
506,963
506,969
506,983
506,990
507,575
507,667
507,687
507,737
507,738
507,753
507,844
507,847
507,864
507,876
507,896
507,898
507,920
507,975
508,534
508,544
508,562
508,579
508,580
508,587
508,616
508,617
508,650
508,664
508,700
508,752
508,762
508,772
508,785
508,792
508,813
508,817
508,836
508,887
508,899
508,904
508,922
508,927
508,942
508,948
508,956
508,966
508,972
508,975
509,513
509,606
509,612
509,635
509,673
509,683
509,729
509,735
509,740
509,766
509,833
509,867
509,883
509,915
509,945
510,530
510,541
510,619
510,627
510,649
510,667
510,684
510,713
510,768
510,798
510,803
510,820
510,830
510,852
510,926
510,931
510,937
510,942
510,945
510,963
510,998
511,565
511,570
511,572
511,587
511,610
511,654
511,727
511,750
511,762
511,775
511,812
511,822
511,846
511,880
511,975
511,980
512,585
512,675
512,738
512,760
512,778
512,796
512,799
512,822
512,831
512,842
512,844
512,879
512,899
512,903
512,911
512,967
512,979
513,532
513,553
513,570
513,600
513,638
513,640
513,657
513,805
513,813
513,833
513,835
513,909
513,921
513,966
513,988
513,990
514,534
514,537
514,547
514,562
514,577
514,585
514,592
514,650
514,684
514,690
514,698
514,711
514,736
514,772
514,796
514,824
514,838
514,844
514,871
514,892
514,920
514,922
514,960
514,968
514,979
515,543
515,545
515,550
515,601
515,618
515,629
515,640
515,650
515,655
515,673
515,678
515,707
515,726
515,766
515,792
515,813
515,821
515,827
515,829
515,863
515,870
515,886
515,927
515,937
515,960
515,961
515,988
516,537
516,542
516,546
516,564
516,565
516,645
516,654
516,655
516,679
516,692
516,693
516,699
516,701
516,709
516,730
516,734
516,752
516,832
516,840
516,917
516,936
516,941
516,959
516,963
516,980
516,993
516,999
517,530
517,561
517,573
517,579
517,596
517,601
517,614
517,615
517,667
517,682
517,684
517,698
517,706
517,711
517,745
517,768
517,786
517,802
517,818
517,820
517,828
517,851
517,863
517,867
517,893
517,913
517,923
517,982
518,543
518,616
518,622
518,624
518,641
518,680
518,723
518,724
518,754
518,793
518,794
518,815
518,825
518,860
518,873
518,894
518,908
518,910
518,939
518,966
518,968
519,521
519,530
519,534
519,541
519,569
519,623
519,624
519,674
519,680
519,691
519,739
519,780
519,785
519,815
519,823
519,857
519,894
519,903
519,918
519,939
519,974
519,986
520,573
520,580
520,585
520,642
520,650
520,667
520,703
520,745
520,842
520,903
520,911
520,920
521,523
521,532
521,537
521,550
521,559
521,576
521,613
521,631
521,633
521,668
521,678
521,686
521,708
521,722
521,726
521,731
521,732
521,747
521,756
521,762
521,766
521,770
521,780
521,799
521,804
521,811
521,841
521,850
521,889
521,906
521,911
521,927
521,931
521,932
521,937
521,948
521,965
521,972
521,974
521,992
522,529
522,547
522,555
522,559
522,579
522,591
522,603
522,605
522,632
522,633
522,635
522,646
522,660
522,679
522,685
522,741
522,743
522,774
522,795
522,837
522,852
522,853
522,855
522,858
522,875
522,893
522,912
522,919
522,929
522,941
522,971
522,981
522,985
523,528
523,647
523,667
523,715
523,716
523,719
523,720
523,733
523,784
523,799
523,830
523,870
524,566
524,613
524,625
524,633
524,648
524,661
524,786
524,801
524,805
524,852
524,884
524,914
524,930
524,973
524,989
524,993
524,994
525,539
525,578
525,626
525,629
525,657
525,671
525,698
525,717
525,735
525,743
525,805
525,827
525,870
525,883
525,893
525,896
525,897
525,904
525,915
525,920
525,932
525,934
526,623
526,658
526,665
526,668
526,728
526,738
526,759
526,769
526,780
526,790
526,799
526,804
526,812
526,866
526,880
526,894
526,902
526,905
526,918
526,937
526,953
527,546
527,548
527,590
527,594
527,605
527,639
527,641
527,653
527,669
527,709
527,741
527,853
527,959
528,544
528,593
528,630
528,647
528,655
528,671
528,688
528,705
528,715
528,733
528,745
528,753
528,870
528,884
528,904
528,919
528,931
528,938
528,963
528,972
529,533
529,534
529,551
529,571
529,576
529,603
529,659
529,674
529,680
529,681
529,685
529,690
529,691
529,696
529,700
529,713
529,714
529,718
529,745
529,755
529,760
529,778
529,782
529,792
529,794
529,822
529,863
529,865
529,903
529,933
529,940
529,949
529,953
529,970
529,976
529,977
529,986
529,991
530,540
530,544
530,556
530,573
530,613
530,659
530,688
530,698
530,715
530,717
530,753
530,766
530,777
530,779
530,802
530,818
530,820
530,828
530,830
530,836
530,837
530,870
530,900
530,904
530,970
530,991
531,548
531,566
531,637
531,687
531,699
531,801
531,833
531,838
531,884
531,914
531,935
531,973
531,989
532,589
532,613
532,640
532,652
532,660
532,662
532,688
532,786
532,789
532,805
532,813
532,821
532,837
532,848
532,861
532,909
532,919
532,997
533,534
533,543
533,575
533,674
533,681
533,685
533,707
533,714
533,718
533,770
533,773
533,823
533,829
533,865
533,875
533,915
533,947
533,958
534,551
534,573
534,575
534,578
534,584
534,632
534,685
534,691
534,696
534,697
534,710
534,714
534,720
534,735
534,781
534,796
534,802
534,806
534,809
534,831
534,857
534,864
534,874
534,877
534,888
534,899
534,911
534,947
534,970
534,986
534,991
535,542
535,572
535,591
535,610
535,616
535,636
535,639
535,643
535,653
535,693
535,696
535,734
535,767
535,773
535,793
535,794
535,810
535,826
535,862
535,869
535,890
535,891
535,917
535,962
535,966
536,547
536,554
536,598
536,603
536,605
536,611
536,621
536,641
536,664
536,665
536,682
536,727
536,732
536,739
536,759
536,783
536,790
536,805
536,823
536,831
536,832
536,839
536,844
536,857
536,877
536,888
536,894
536,905
536,920
536,977
536,995
537,539
537,558
537,563
537,580
537,581
537,585
537,598
537,647
537,652
537,680
537,689
537,707
537,745
537,749
537,750
537,780
537,783
537,809
537,812
537,815
537,822
537,823
537,825
537,845
537,851
537,899
537,902
537,903
537,905
537,918
537,927
537,944
537,971
537,972
537,993
538,544
538,568
538,575
538,577
538,578
538,585
538,687
538,690
538,694
538,703
538,710
538,737
538,751
538,755
538,778
538,796
538,819
538,824
538,834
538,844
538,868
538,879
538,898
538,899
538,911
538,932
538,945
538,976
539,541
539,545
539,550
539,579
539,593
539,618
539,640
539,668
539,686
539,707
539,726
539,731
539,736
539,743
539,766
539,827
539,943
539,956
539,988
540,556
540,573
540,626
540,627
540,659
540,676
540,684
540,690
540,777
540,817
540,844
540,863
540,920
540,943
540,970
541,545
541,563
541,569
541,573
541,577
541,578
541,592
541,596
541,598
541,600
541,615
541,629
541,630
541,683
541,698
541,699
541,706
541,720
541,726
541,731
541,733
541,735
541,743
541,746
541,761
541,766
541,777
541,784
541,827
541,850
541,883
541,886
541,896
541,904
541,924
541,932
541,934
541,943
541,951
541,954
541,956
541,960
541,961
541,970
541,974
542,554
542,576
542,590
542,608
542,658
542,693
542,723
542,728
542,739
542,759
542,775
542,778
542,816
542,824
542,855
542,882
542,885
542,895
542,905
542,912
542,919
542,931
542,937
542,941
542,964
542,972
542,993
542,999
543,550
543,584
543,667
543,681
543,713
543,718
543,719
543,778
543,781
543,796
543,819
543,824
543,828
543,888
543,911
543,931
543,933
543,947
543,949
543,967
543,969
543,979
543,991
544,552
544,556
544,560
544,562
544,566
544,568
544,573
544,577
544,578
544,579
544,604
544,614
544,635
544,649
544,659
544,681
544,705
544,720
544,737
544,759
544,766
544,779
544,802
544,823
544,824
544,825
544,845
544,863
544,898
544,922
544,924
544,926
544,929
544,942
544,948
544,957
544,960
544,964
544,972
544,976
544,983
544,991
545,574
545,579
545,593
545,614
545,625
545,662
545,707
545,714
545,746
545,761
545,766
545,840
545,850
545,915
545,921
545,943
545,945
545,951
545,956
545,969
545,982
546,564
546,583
546,680
546,697
546,709
546,740
546,840
546,853
546,875
546,878
546,880
546,953
546,959
546,966
547,596
547,611
547,616
547,622
547,674
547,682
547,750
547,762
547,780
547,785
547,792
547,809
547,812
547,839
547,873
547,875
547,877
547,880
547,965
547,972
547,984
548,605
548,633
548,642
548,652
548,660
548,773
548,774
548,818
548,821
548,837
548,855
548,912
548,929
548,994
549,560
549,604
549,619
549,669
549,694
549,703
549,730
549,862
549,864
550,555
550,562
550,570
550,582
550,588
550,596
550,613
550,624
550,647
550,663
550,696
550,707
550,776
550,810
550,811
550,816
550,854
550,874
550,902
550,906
550,920
550,921
550,926
550,960
550,965
550,974
550,992
551,569
551,581
551,585
551,603
551,681
551,690
551,691
551,719
551,760
551,778
551,783
551,797
551,815
551,880
551,930
551,957
552,590
552,605
552,616
552,625
552,637
552,642
552,644
552,711
552,728
552,732
552,764
552,786
552,801
552,838
552,852
552,869
552,872
552,884
552,885
552,912
552,950
552,972
552,973
552,989
553,581
553,603
553,628
553,728
553,754
553,807
553,902
553,972
553,975
553,985
554,572
554,590
554,612
554,616
554,695
554,718
554,730
554,768
554,775
554,813
554,855
554,917
554,937
554,941
554,982
555,559
555,588
555,590
555,605
555,650
555,669
555,679
555,722
555,741
555,765
555,835
555,842
555,855
555,858
555,882
555,889
555,909
555,921
555,929
555,955
555,959
555,993
555,999
556,563
556,655
556,667
556,720
556,753
556,796
556,802
556,902
556,931
556,942
556,969
557,566
557,603
557,633
557,642
557,675
557,708
557,714
557,837
557,838
557,852
557,858
557,876
557,884
557,909
557,912
557,941
557,999
558,587
558,598
558,653
558,681
558,707
558,710
558,722
558,728
558,738
558,749
558,750
558,801
558,812
558,880
558,902
558,906
558,918
558,950
558,964
558,965
558,974
558,982
558,985
558,987
559,589
559,605
559,632
559,656
559,695
559,705
559,734
559,740
559,741
559,816
559,853
559,855
559,866
559,907
559,912
559,919
559,985
559,993
560,582
560,604
560,619
560,679
560,686
560,722
560,800
560,853
560,867
560,911
560,927
560,937
560,944
560,971
560,983
561,745
561,800
561,820
561,837
561,896
561,904
561,927
561,932
561,956
561,960
562,580
562,592
562,613
562,666
562,745
562,817
562,819
562,845
562,888
562,922
562,957
563,600
563,631
563,635
563,640
563,684
563,707
563,746
563,767
563,784
563,827
563,883
563,961
563,990
564,565
564,566
564,570
564,583
564,648
564,651
564,658
564,675
564,689
564,709
564,783
564,786
564,794
564,811
564,941
564,959
564,962
565,574
565,583
565,594
565,599
565,645
565,669
565,692
565,701
565,708
565,709
565,740
565,741
565,813
565,814
565,829
565,835
565,855
565,859
565,891
565,913
565,917
565,996
566,637
566,659
566,661
566,669
566,679
566,699
566,763
566,787
566,801
566,838
566,845
566,852
566,855
566,858
566,872
566,925
566,935
566,939
566,966
566,989
567,569
567,583
567,620
567,645
567,651
567,658
567,672
567,695
567,709
567,734
567,752
567,766
567,775
567,794
567,816
567,838
567,840
567,855
567,858
567,917
567,941
567,962
567,985
568,604
568,659
568,720
568,745
568,772
568,777
568,820
568,828
568,887
568,926
568,942
568,948
568,956
569,587
569,595
569,603
569,674
569,691
569,723
569,731
569,770
569,780
569,782
569,785
569,799
569,812
569,894
569,908
569,918
569,937
569,984
569,986
570,590
570,599
570,701
570,775
570,825
570,846
570,963
571,681
571,698
571,700
571,713
571,718
571,755
571,760
571,823
571,853
571,865
571,894
571,901
571,933
571,979
571,985
571,986
572,591
572,608
572,610
572,616
572,622
572,636
572,653
572,654
572,689
572,696
572,697
572,709
572,727
572,734
572,742
572,751
572,802
572,815
572,824
572,835
572,860
572,891
572,907
572,917
572,962
572,966
573,623
573,659
573,667
573,676
573,686
573,698
573,745
573,768
573,779
573,791
573,811
573,828
573,836
573,863
573,864
573,942
573,945
573,960
573,969
573,970
574,576
574,602
574,624
574,693
574,696
574,734
574,754
574,767
574,798
574,869
574,873
574,916
574,923
574,978
575,584
575,622
575,681
575,685
575,755
575,769
575,781
575,796
575,809
575,816
575,819
575,826
575,844
575,891
575,960
575,991
576,586
576,591
576,616
576,620
576,622
576,636
576,651
576,661
576,690
576,696
576,742
576,754
576,767
576,793
576,807
576,811
576,859
576,862
576,869
576,873
576,891
576,930
576,936
576,941
576,966
576,982
576,987
577,612
577,617
577,667
577,732
577,745
577,751
577,754
577,776
577,783
577,813
577,822
577,823
577,845
577,850
577,853
577,897
577,902
577,906
577,952
577,965
577,971
577,982
577,985
578,579
578,649
578,659
578,684
578,690
578,720
578,723
578,737
578,742
578,776
578,790
578,816
578,817
578,819
578,849
578,863
578,879
578,898
578,911
578,937
578,942
578,969
578,970
578,979
578,983
579,609
579,616
579,635
579,659
579,665
579,684
579,720
579,738
579,761
579,762
579,779
579,783
579,802
579,829
579,838
579,915
579,924
579,931
579,932
579,942
579,945
579,983
580,592
580,608
580,617
580,638
580,667
580,833
580,845
580,893
580,897
580,907
580,933
580,974
581,587
581,599
581,662
581,684
581,702
581,726
581,728
581,748
581,787
581,804
581,823
581,831
581,840
581,846
581,860
581,872
581,880
581,884
581,907
581,975
581,985
582,610
582,613
582,641
582,678
582,684
582,686
582,703
582,707
582,724
582,735
582,736
582,746
582,761
582,775
582,787
582,800
582,805
582,810
582,827
582,874
582,886
582,926
582,927
582,932
582,937
582,944
582,960
582,983
582,990
583,587
583,594
583,633
583,636
583,641
583,673
583,709
583,730
583,750
583,794
583,917
583,925
583,959
583,962
583,989
584,595
584,638
584,656
584,680
584,681
584,690
584,708
584,714
584,718
584,719
584,737
584,778
584,792
584,801
584,809
584,819
584,824
584,840
584,899
584,903
584,911
584,937
584,939
584,947
584,949
585,623
585,638
585,650
585,703
585,759
585,773
585,779
585,790
585,799
585,844
585,880
585,939
585,956
585,960
586,594
586,620
586,624
586,634
586,661
586,767
586,771
586,775
586,793
586,841
586,859
586,869
586,891
586,923
586,930
586,936
587,599
587,602
587,620
587,651
587,665
587,696
587,734
587,778
587,794
587,795
587,797
587,810
587,813
587,825
587,842
587,855
587,860
587,871
587,880
587,922
587,968
587,975
587,982
587,985
587,993
588,632
588,662
588,745
588,774
588,790
588,810
588,811
588,878
589,605
589,765
589,850
589,858
589,952
589,981
589,997
590,641
590,648
590,658
590,704
590,774
590,808
590,855
590,861
590,929
590,977
590,996
591,622
591,651
591,693
591,697
591,730
591,752
591,775
591,794
591,808
591,826
591,832
591,862
591,907
591,912
591,915
591,926
591,962
591,972
591,975
591,980
591,989
592,609
592,626
592,663
592,679
592,687
592,690
592,694
592,711
592,719
592,802
592,842
592,844
592,919
592,957
592,972
592,976
593,605
593,613
593,667
593,674
593,705
593,715
593,726
593,731
593,735
593,744
593,746
593,761
593,789
593,827
593,833
593,840
593,844
593,883
593,896
593,902
593,904
593,915
593,922
593,932
593,958
593,974
593,988
593,992
594,632
594,675
594,679
594,701
594,709
594,741
594,840
594,929
594,996
594,999
595,683
595,691
595,770
595,780
595,782
595,797
595,823
595,840
595,940
595,976
595,991
595,998
596,648
596,658
596,668
596,672
596,731
596,736
596,740
596,874
596,883
596,900
596,929
596,981
597,623
597,634
597,670
597,691
597,694
597,713
597,780
597,797
597,806
597,940
597,998
598,631
598,632
598,695
598,737
598,765
598,795
598,799
598,816
598,840
598,860
598,880
598,894
598,902
598,926
598,929
598,937
598,965
598,976
598,990
599,658
599,666
599,701
599,728
599,730
599,759
599,775
599,860
599,917
599,982
599,986
599,993
600,606
600,614
600,640
600,673
600,735
600,746
600,761
600,883
600,915
600,951
600,958
600,990
601,668
601,678
601,699
601,731
601,847
601,944
601,961
602,622
602,624
602,650
602,653
602,696
602,704
602,786
602,804
602,846
602,875
602,890
602,923
602,930
602,945
602,962
602,978
602,987
602,995
603,623
603,661
603,709
603,723
603,755
603,806
603,815
603,826
603,839
603,845
603,857
603,888
603,986
604,613
604,616
604,619
604,626
604,629
604,675
604,778
604,779
604,864
604,887
604,897
604,927
604,946
604,953
604,971
604,983
605,629
605,633
605,635
605,642
605,644
605,660
605,679
605,692
605,708
605,709
605,756
605,761
605,763
605,764
605,765
605,774
605,794
605,808
605,876
605,917
605,929
605,952
605,993
606,614
606,673
606,705
606,717
606,726
606,730
606,732
606,735
606,763
606,784
606,821
606,835
606,850
606,854
606,994
607,637
607,642
607,786
607,801
607,837
607,852
607,876
608,635
608,648
608,651
608,657
608,660
608,688
608,699
608,737
608,744
608,756
608,763
608,774
608,789
608,805
608,821
608,838
608,859
608,872
608,884
608,889
608,901
608,912
608,952
608,997
609,649
609,779
609,839
609,897
609,927
609,939
609,942
609,960
610,616
610,625
610,634
610,636
610,643
610,654
610,692
610,696
610,732
610,734
610,742
610,750
610,767
610,779
610,793
610,815
610,831
610,854
610,855
610,862
610,869
610,880
610,890
610,891
610,907
610,923
610,936
610,966
610,967
610,987
611,636
611,664
611,695
611,699
611,758
611,782
611,812
611,877
611,908
611,959
611,980
612,635
612,649
612,657
612,677
612,688
612,744
612,756
612,789
612,805
612,813
612,833
612,845
612,850
612,885
612,901
612,909
612,915
612,935
612,976
613,619
613,635
613,660
613,678
613,751
613,779
613,811
613,815
613,816
613,852
613,861
613,874
613,902
613,937
613,948
613,960
613,963
613,972
613,974
613,999
614,635
614,717
614,743
614,744
614,820
614,833
614,867
614,874
614,883
614,915
614,932
614,971
614,974
614,990
615,626
615,671
615,715
615,717
615,733
615,777
615,791
615,800
615,850
615,870
615,885
615,896
615,904
615,920
615,931
615,938
615,961
615,963
615,991
616,622
616,624
616,636
616,643
616,653
616,654
616,693
616,697
616,765
616,767
616,807
616,812
616,837
616,853
616,871
616,880
616,907
616,919
616,941
616,950
616,962
616,966
616,980
617,647
617,788
617,843
617,882
617,897
617,906
617,920
617,927
617,937
617,955
617,968
618,671
618,683
618,711
618,777
618,790
618,812
618,850
618,861
618,956
618,971
618,972
618,983
618,988
619,712
619,857
619,874
619,879
619,931
619,956
619,989
620,634
620,696
620,742
620,754
620,808
620,869
620,891
620,936
620,980
620,987
621,647
621,664
621,680
621,757
621,758
621,759
621,804
621,888
621,902
621,937
621,967
621,977
622,624
622,634
622,643
622,682
622,691
622,696
622,697
622,727
622,788
622,793
622,804
622,871
622,873
622,880
622,894
622,908
622,910
622,914
622,940
622,967
622,968
622,972
622,978
623,624
623,654
623,690
623,757
623,769
623,778
623,785
623,799
623,823
623,825
623,826
623,842
623,844
623,877
623,879
623,911
623,923
623,953
623,964
623,966
623,972
623,993
624,641
624,669
624,685
624,724
624,727
624,752
624,760
624,771
624,804
624,887
624,894
624,900
624,902
624,910
624,923
624,964
624,968
624,978
624,984
625,637
625,672
625,735
625,786
625,787
625,801
625,838
625,848
625,872
625,909
625,941
625,973
625,989
625,994
626,657
626,715
626,717
626,726
626,731
626,743
626,744
626,761
626,896
626,926
626,934
626,954
626,958
627,674
627,676
627,698
627,779
627,824
627,844
627,898
627,969
627,970
628,630
628,664
628,665
628,676
628,681
628,702
628,728
628,759
628,790
628,805
628,807
628,812
628,831
628,877
628,894
628,903
628,928
628,985
629,631
629,640
629,647
629,673
629,683
629,686
629,725
629,731
629,784
629,789
629,813
629,818
629,827
629,850
629,861
629,874
629,886
629,889
629,919
629,943
629,965
629,974
630,640
630,729
630,735
630,761
630,825
630,838
630,896
630,904
630,924
630,928
630,938
630,958
631,632
631,640
631,648
631,652
631,662
631,668
631,672
631,689
631,716
631,725
631,794
631,805
631,810
631,811
631,818
631,845
631,861
631,872
631,874
631,878
631,906
631,912
631,919
631,928
631,934
631,952
631,953
631,965
632,653
632,662
632,679
632,698
632,735
632,755
632,759
632,765
632,789
632,816
632,852
632,902
632,919
632,929
632,947
632,965
632,981
632,993
633,639
633,642
633,648
633,660
633,692
633,699
633,763
633,771
633,774
633,786
633,787
633,795
633,798
633,801
633,811
633,827
633,837
633,847
633,853
633,872
633,884
633,886
633,914
633,919
633,937
633,989
634,641
634,676
634,696
634,697
634,701
634,754
634,767
634,771
634,795
634,798
634,804
634,832
634,857
634,859
634,869
634,936
634,964
634,966
634,968
634,987
635,662
635,732
635,744
635,756
635,784
635,786
635,789
635,805
635,813
635,821
635,874
635,886
635,889
635,901
635,914
635,919
635,950
635,960
635,984
636,641
636,646
636,654
636,704
636,828
636,832
636,890
636,900
636,912
636,966
637,642
637,679
637,734
637,763
637,838
637,852
637,884
637,885
637,893
637,914
637,973
637,994
637,996
638,684
638,687
638,694
638,711
638,760
638,768
638,772
638,778
638,834
638,865
638,868
638,905
638,922
638,924
638,954
638,971
638,991
639,651
639,658
639,695
639,730
639,774
639,776
639,816
639,845
639,855
639,869
639,912
639,917
639,919
639,941
639,962
639,980
639,982
640,678
640,679
640,707
640,726
640,732
640,736
640,752
640,765
640,766
640,779
640,784
640,789
640,821
640,830
640,861
640,874
640,981
641,653
641,679
641,693
641,721
641,771
641,795
641,798
641,840
641,857
641,877
641,878
641,881
641,905
641,939
641,964
642,648
642,656
642,756
642,765
642,786
642,787
642,813
642,835
642,837
642,838
642,884
642,895
642,914
642,950
642,994
643,734
643,742
643,767
643,778
643,794
643,805
643,860
643,862
643,863
643,891
643,907
643,910
643,959
643,962
643,978
644,661
644,699
644,715
644,737
644,763
644,838
644,885
644,919
644,935
644,994
645,648
645,658
645,675
645,692
645,695
645,705
645,708
645,709
645,732
645,775
645,784
645,840
645,853
645,963
645,996
645,999
646,672
646,704
646,742
646,754
646,782
646,793
646,879
646,923
647,650
647,654
647,671
647,686
647,705
647,717
647,731
647,733
647,761
647,779
647,814
647,820
647,863
647,870
647,884
647,904
647,915
647,934
647,938
647,948
647,954
648,656
648,756
648,763
648,774
648,787
648,802
648,805
648,835
648,842
648,847
648,848
648,854
648,884
648,909
648,914
648,915
648,989
648,990
649,659
649,676
649,684
649,690
649,714
649,734
649,762
649,779
649,859
649,863
649,902
649,903
649,926
649,934
649,942
649,948
649,969
650,703
650,745
650,788
650,817
650,826
650,849
650,851
650,911
650,920
650,922
650,937
651,653
651,701
651,704
651,734
651,794
651,795
651,832
651,855
651,895
651,917
651,962
651,975
652,662
652,850
652,878
652,919
653,697
653,704
653,747
653,808
653,875
653,877
653,891
653,895
653,907
653,923
653,936
653,959
653,962
653,980
654,696
654,734
654,795
654,798
654,816
654,873
654,875
654,937
654,939
654,964
654,987
654,988
654,995
655,667
655,671
655,677
655,684
655,698
655,716
655,743
655,779
655,802
655,814
655,820
655,822
655,830
655,863
655,870
655,889
655,904
655,924
655,926
656,668
656,673
656,736
656,764
656,765
656,774
656,795
656,850
656,872
656,875
656,876
656,882
656,912
656,928
656,965
656,993
657,689
657,706
657,780
657,813
657,885
657,889
657,954
658,693
658,695
658,734
658,748
658,774
658,794
658,801
658,802
658,808
658,846
658,855
658,912
658,917
658,932
658,939
658,982
659,676
659,677
659,684
659,720
659,745
659,762
659,779
659,836
659,851
659,903
659,942
659,970
660,662
660,709
660,736
660,765
660,774
660,784
660,787
660,805
660,827
660,835
660,837
660,847
660,852
660,874
660,884
660,896
660,899
660,912
660,919
660,928
660,935
660,950
660,952
661,728
661,801
661,813
661,837
661,845
661,853
661,872
661,928
661,959
662,693
662,718
662,736
662,749
662,763
662,764
662,786
662,795
662,811
662,816
662,829
662,876
662,878
662,894
662,905
662,914
662,919
662,964
662,965
662,981
662,997
663,729
663,751
663,811
663,816
663,825
663,850
663,874
663,905
663,929
663,944
663,971
664,680
664,682
664,723
664,738
664,739
664,742
664,877
664,894
664,897
664,910
664,939
664,984
665,748
665,759
665,760
665,790
665,839
665,845
665,880
665,906
665,953
665,967
666,715
666,721
666,746
666,758
666,759
666,769
666,778
666,792
666,865
666,888
666,892
666,918
666,956
666,976
667,711
667,753
667,828
667,836
667,863
667,948
667,959
668,683
668,732
668,736
668,755
668,814
668,827
668,843
668,861
668,874
668,904
668,912
668,990
669,675
669,687
669,704
669,730
669,740
669,775
669,853
669,876
669,917
670,691
670,856
670,865
670,875
671,705
671,715
671,733
671,743
671,761
671,772
671,818
671,870
671,886
671,904
671,915
671,934
671,938
671,942
671,963
671,973
672,714
672,736
672,746
672,784
672,787
672,810
672,811
672,816
672,869
672,878
672,928
672,935
672,941
672,945
672,971
672,972
673,699
673,731
673,732
673,736
673,745
673,746
673,776
673,789
673,843
673,850
673,854
673,886
673,915
673,935
673,937
673,951
673,956
673,988
674,691
674,700
674,710
674,713
674,714
674,718
674,719
674,770
674,782
674,785
674,788
674,815
674,829
674,856
674,865
674,908
674,920
674,927
674,940
674,986
674,991
675,692
675,708
675,740
675,765
675,775
675,786
675,840
675,853
675,941
675,996
675,999
676,678
676,684
676,703
676,705
676,742
676,745
676,777
676,779
676,791
676,818
676,824
676,845
676,863
676,880
676,934
676,942
676,969
676,970
677,684
677,922
677,958
678,684
678,686
678,736
678,743
678,749
678,800
678,812
678,864
678,932
678,937
678,944
678,945
678,956
678,974
679,695
679,740
679,760
679,765
679,774
679,803
679,840
679,844
679,855
679,872
679,912
679,928
679,937
679,999
680,682
680,690
680,691
680,713
680,718
680,727
680,758
680,760
680,780
680,809
680,823
680,826
680,877
680,880
680,894
680,903
680,905
680,908
680,910
680,914
680,918
680,953
680,974
680,977
680,984
680,991
680,995
680,998
681,685
681,718
681,719
681,738
681,745
681,755
681,760
681,778
681,829
681,837
681,865
681,911
681,933
681,937
681,965
681,979
681,991
682,691
682,708
682,713
682,771
682,785
682,823
682,875
682,877
682,908
682,964
683,715
683,732
683,733
683,746
683,766
683,790
683,791
683,848
683,850
683,854
683,861
683,886
683,922
683,943
683,958
683,988
683,990
684,698
684,715
684,716
684,720
684,745
684,760
684,762
684,767
684,777
684,779
684,802
684,812
684,829
684,837
684,844
684,880
684,903
684,904
684,929
684,945
684,969
684,970
684,991
685,686
685,689
685,700
685,714
685,718
685,721
685,755
685,770
685,778
685,779
685,781
685,784
685,796
685,804
685,809
685,831
685,844
685,946
685,947
685,972
685,985
685,986
685,991
686,695
686,728
686,739
686,773
686,783
686,800
686,864
686,886
686,893
686,903
686,906
686,926
686,927
686,944
686,956
686,960
686,961
686,969
686,970
687,711
687,737
687,738
687,752
687,754
687,772
687,778
687,781
687,824
687,834
687,879
687,888
687,892
687,899
687,911
687,922
687,964
687,976
688,756
688,787
688,805
688,806
688,813
688,835
688,850
688,889
688,901
688,968
688,997
689,759
689,765
689,775
689,776
689,811
689,819
689,825
689,851
689,860
689,882
689,936
689,965
689,971
689,982
689,998
690,711
690,713
690,719
690,734
690,737
690,745
690,755
690,759
690,769
690,772
690,778
690,809
690,812
690,815
690,820
690,824
690,828
690,849
690,851
690,879
690,892
690,898
690,903
690,911
690,918
690,937
690,940
690,942
690,945
690,948
690,949
690,960
690,965
690,974
690,976
690,977
691,713
691,718
691,738
691,741
691,760
691,780
691,785
691,797
691,823
691,933
692,765
692,840
692,912
692,917
692,925
692,959
692,962
692,996
693,701
693,740
693,778
693,785
693,794
693,808
693,820
693,821
693,832
693,855
693,936
693,950
693,980
694,726
694,750
694,772
694,778
694,788
694,844
694,976
695,741
695,746
695,759
695,825
695,840
695,855
695,874
695,982
695,999
696,723
696,734
696,742
696,767
696,793
696,801
696,804
696,857
696,859
696,869
696,889
696,923
696,936
696,939
696,968
696,974
696,978
696,986
697,794
697,832
697,857
697,860
697,869
697,873
697,907
697,916
697,966
698,700
698,706
698,716
698,777
698,802
698,828
698,863
698,898
698,904
698,919
698,963
698,970
699,763
699,766
699,801
699,835
699,847
699,852
699,873
699,876
699,882
699,906
699,914
699,928
699,973
699,989
700,710
700,786
700,917
701,709
701,730
701,734
701,740
701,754
701,765
701,794
701,847
701,862
701,890
701,894
701,895
701,917
701,936
701,962
701,965
702,728
702,750
702,754
702,807
702,831
702,839
702,875
702,877
702,880
702,905
702,946
702,966
702,975
702,998
703,723
703,738
703,740
703,750
703,769
703,783
703,812
703,824
703,844
703,893
703,898
703,911
703,922
703,932
703,955
703,990
704,793
704,833
704,873
704,916
705,715
705,717
705,733
705,777
705,784
705,786
705,789
705,805
705,814
705,815
705,870
705,896
705,899
705,904
705,918
705,934
705,950
705,954
705,963
706,717
706,753
706,807
706,828
706,836
707,726
707,759
707,766
707,797
707,843
707,878
707,944
707,988
708,709
708,730
708,774
708,815
708,837
708,840
708,853
708,873
708,876
708,898
708,925
708,941
708,999
709,776
709,779
709,810
709,843
709,853
709,872
709,914
709,917
709,941
709,959
709,962
710,713
710,759
710,760
710,770
710,792
710,846
710,856
710,949
711,737
711,745
711,762
711,772
711,791
711,814
711,819
711,822
711,824
711,863
711,879
711,892
711,896
711,922
711,924
711,957
711,969
711,976
711,986
712,769
712,783
712,842
712,918
712,955
712,957
712,998
713,755
713,759
713,760
713,785
713,799
713,865
713,876
713,879
713,881
713,918
713,940
713,947
713,948
713,970
713,972
713,976
713,984
714,718
714,719
714,781
714,785
714,792
714,809
714,824
714,865
714,875
714,888
714,933
714,947
714,991
715,744
715,765
715,791
715,820
715,850
715,863
715,870
715,886
715,938
715,963
716,753
716,924
716,943
717,743
717,746
717,752
717,761
717,777
717,779
717,791
717,802
717,850
717,870
717,883
717,896
717,904
717,906
717,934
717,938
717,954
717,982
718,755
718,781
718,782
718,792
718,795
718,796
718,809
718,856
718,899
718,933
718,947
718,972
718,979
718,986
719,723
719,755
719,757
719,758
719,769
719,770
719,777
719,792
719,796
719,802
719,819
719,823
719,845
719,857
719,879
719,906
719,937
719,940
719,941
719,947
719,972
719,979
719,985
720,744
720,762
720,768
720,779
720,784
720,820
720,827
720,850
720,864
720,877
720,898
720,903
720,937
720,940
721,844
721,892
721,979
722,751
722,810
722,817
722,818
722,826
722,906
722,960
722,971
723,734
723,738
723,774
723,796
723,841
723,844
723,857
723,875
723,881
723,883
723,894
723,900
723,908
723,910
723,923
723,935
723,937
723,942
723,964
723,968
723,984
723,986
723,995
724,871
724,930
724,968
724,978
724,998
725,766
725,789
725,821
725,843
725,847
725,858
725,874
725,878
725,919
725,921
725,951
725,981
725,991
725,997
726,731
726,746
726,821
726,824
726,861
726,886
726,896
726,932
726,988
727,823
727,869
727,875
727,918
728,748
728,750
728,751
728,752
728,754
728,762
728,769
728,804
728,806
728,831
728,845
728,846
728,849
728,860
728,880
728,900
728,918
728,946
728,967
728,972
728,975
728,985
729,896
729,903
729,940
731,775
731,784
731,821
731,827
731,842
731,850
731,886
731,904
731,905
731,936
731,943
731,945
731,960
731,990
732,736
732,766
732,789
732,835
732,900
732,914
732,921
733,743
733,746
733,870
733,924
733,926
733,934
733,938
733,963
734,742
734,748
734,794
734,832
734,862
734,890
734,907
734,929
734,959
734,962
734,965
734,966
734,982
734,987
735,744
735,753
735,761
735,818
735,876
735,883
735,885
735,932
735,958
735,990
736,741
736,755
736,765
736,772
736,783
736,821
736,829
736,872
736,874
736,878
736,919
736,990
737,743
737,772
737,778
737,789
737,792
737,802
737,809
737,816
737,824
737,843
737,844
737,868
737,892
737,898
737,899
737,903
737,909
737,975
737,976
737,992
738,746
738,757
738,759
738,760
738,772
738,788
738,796
738,814
738,822
738,829
738,839
738,842
738,849
738,851
738,868
738,879
738,898
738,910
738,918
738,925
738,940
738,979
738,991
739,767
739,782
739,785
739,790
739,797
739,865
739,900
739,953
739,977
739,995
739,998
740,777
740,779
740,794
740,813
740,825
740,855
740,917
740,982
740,993
741,765
741,774
741,775
741,801
741,840
741,845
741,912
741,941
741,945
742,754
742,793
742,827
742,857
742,859
742,919
742,923
742,936
742,966
742,981
742,987
743,761
743,850
743,864
743,896
743,904
743,906
743,924
743,934
743,954
743,970
743,988
744,746
744,752
744,754
744,784
744,815
744,827
744,847
744,863
744,870
744,883
744,886
744,915
744,951
744,990
745,817
745,824
745,849
745,851
745,868
745,894
745,897
745,903
745,911
745,915
745,970
745,976
746,747
746,761
746,776
746,784
746,789
746,846
746,850
746,870
746,886
746,915
746,919
746,931
746,934
746,945
746,951
746,965
746,990
746,997
748,767
748,790
748,795
748,831
748,880
748,918
748,964
748,985
749,783
749,812
749,845
749,900
749,905
749,937
749,946
749,953
749,984
749,993
750,751
750,776
750,783
750,794
750,820
750,845
750,864
750,880
750,902
750,905
750,939
750,967
750,971
750,975
750,987
750,993
751,816
751,842
751,882
751,891
751,902
751,906
751,926
751,956
751,965
751,971
752,775
752,794
752,808
752,826
752,832
752,860
752,910
752,913
752,982
752,987
753,768
753,802
753,814
753,834
753,854
753,945
754,798
754,859
754,861
754,891
754,895
754,923
754,930
754,936
754,987
755,770
755,782
755,794
755,796
755,809
755,841
755,842
755,856
755,865
755,875
755,881
755,899
755,918
755,940
755,947
755,974
755,979
755,986
755,995
756,810
756,813
756,838
756,847
756,872
756,889
756,911
756,914
756,918
756,935
756,973
756,988
757,758
757,760
757,769
757,785
757,792
757,822
757,829
757,842
757,851
757,879
757,893
757,899
757,912
757,933
757,949
757,979
757,988
757,991
758,759
758,822
758,829
758,849
758,856
758,865
758,867
758,877
758,922
758,940
758,947
759,769
759,790
759,798
759,799
759,807
759,812
759,845
759,888
759,953
759,966
759,967
759,972
759,992
760,769
760,799
760,812
760,818
760,842
760,864
760,918
760,942
760,992
761,784
761,883
761,886
761,904
761,918
761,924
761,931
761,932
761,941
761,944
761,951
761,960
762,763
762,812
762,816
762,817
762,877
762,887
762,897
762,903
762,937
762,948
762,983
763,787
763,795
763,835
763,848
763,884
763,885
763,914
764,774
764,778
764,789
764,799
764,837
764,845
764,854
764,876
764,884
764,891
764,914
764,929
764,951
764,981
764,989
764,995
765,787
765,807
765,821
765,841
765,855
765,914
765,919
765,928
765,955
765,959
765,962
765,965
765,985
766,786
766,849
766,861
766,927
766,988
766,997
767,855
767,859
767,862
767,869
767,885
767,891
767,917
767,936
767,984
767,987
768,777
768,779
768,820
768,836
768,863
768,866
768,888
768,927
768,962
769,792
769,799
769,809
769,812
769,819
769,822
769,823
769,844
769,888
769,961
769,972
769,998
770,782
770,829
770,881
770,974
770,986
771,812
771,857
771,894
771,910
771,916
771,936
771,968
771,995
772,778
772,798
772,844
772,863
772,898
772,902
772,911
772,947
772,949
772,960
772,970
772,976
772,979
773,810
773,821
773,847
773,870
773,878
773,902
773,965
773,974
774,805
774,821
774,837
774,845
774,858
774,902
774,912
774,960
774,996
774,999
775,794
775,832
775,848
775,855
775,880
775,913
775,928
775,930
775,959
775,974
775,975
775,978
775,982
775,997
776,795
776,801
776,810
776,825
776,846
776,866
776,914
776,929
776,975
776,993
777,779
777,802
777,818
777,820
777,824
777,836
777,863
777,884
777,927
777,931
777,945
777,956
777,960
777,969
777,974
777,983
778,781
778,809
778,815
778,819
778,824
778,832
778,865
778,899
778,933
778,947
778,949
778,963
778,983
778,991
779,821
779,824
779,838
779,849
779,863
779,903
779,917
779,924
779,927
779,929
779,942
779,945
779,948
779,969
779,970
780,785
780,799
780,807
780,823
780,826
780,846
780,862
780,900
780,918
780,925
780,953
780,955
780,993
780,998
781,799
781,865
781,947
781,991
782,785
782,786
782,793
782,822
782,865
782,933
782,972
782,986
783,845
783,893
783,905
783,918
783,920
783,929
783,939
783,946
783,972
783,983
784,789
784,827
784,850
784,854
784,861
784,874
784,884
784,886
784,915
784,921
784,927
784,932
784,942
784,943
784,944
784,951
784,964
784,988
784,990
784,991
784,997
785,815
785,823
785,877
785,900
785,945
785,968
785,977
785,986
786,801
786,809
786,837
786,838
786,852
786,853
786,872
786,876
786,885
786,890
786,935
786,942
786,950
786,960
786,970
786,973
786,989
786,994
787,835
787,838
787,868
787,884
787,912
787,914
787,928
787,993
788,799
788,803
788,893
788,937
788,953
789,796
789,850
789,861
789,874
789,883
789,886
789,909
789,914
789,915
789,929
789,931
789,952
789,966
789,981
789,990
790,792
790,800
790,810
790,812
790,826
790,845
790,861
790,880
790,903
790,928
790,931
790,953
790,955
790,964
790,967
790,976
790,985
791,814
791,896
791,908
791,919
791,938
791,965
792,799
792,829
792,855
792,856
792,860
792,875
792,911
792,929
792,933
792,940
792,979
793,812
793,871
793,873
793,891
793,907
793,916
793,940
793,995
794,805
794,853
794,898
794,912
794,913
794,917
794,962
794,975
794,993
795,824
795,825
795,829
795,882
795,965
795,975
795,993
795,996
796,809
796,857
796,880
796,907
796,940
796,944
796,956
796,979
797,865
797,881
797,888
797,973
798,799
798,812
798,826
798,842
798,857
798,877
798,903
798,946
798,953
799,810
799,812
799,822
799,826
799,888
799,897
799,898
799,910
799,918
799,945
799,992
800,828
800,892
800,918
800,926
800,961
800,981
801,837
801,838
801,852
801,853
801,863
801,876
801,884
801,898
801,913
801,914
801,919
801,950
801,963
801,989
801,999
802,805
802,806
802,820
802,828
802,837
802,844
802,853
802,863
802,879
802,886
802,896
802,904
802,905
802,908
802,942
802,954
803,814
803,887
803,897
803,903
803,955
803,960
804,806
804,815
804,837
804,841
804,857
804,869
804,875
804,881
804,896
804,912
804,923
804,932
804,956
804,968
804,969
804,984
804,995
805,813
805,816
805,821
805,833
805,843
805,850
805,852
805,861
805,884
805,889
805,901
805,902
805,904
805,909
805,919
805,935
805,936
805,952
805,990
806,815
806,857
806,875
806,986
807,823
807,846
807,877
807,906
807,955
808,832
808,891
808,913
809,824
809,831
809,844
809,888
809,899
809,911
809,933
809,940
809,947
809,949
809,954
809,960
809,986
809,998
810,811
810,816
810,874
810,906
810,914
810,916
810,932
810,937
810,950
810,952
811,821
811,827
811,847
811,874
811,890
812,823
812,845
812,856
812,861
812,918
812,930
812,946
812,953
812,964
812,972
812,975
812,977
812,985
812,992
813,860
813,889
813,919
813,924
813,990
813,997
814,820
814,887
814,955
814,990
815,845
815,857
815,871
815,873
815,875
815,877
815,881
815,892
815,908
815,919
815,968
815,984
815,987
815,995
816,821
816,874
816,885
816,902
816,905
816,927
816,931
816,965
817,844
817,849
817,867
817,868
817,887
817,903
817,926
817,945
817,953
817,984
818,820
818,830
818,838
818,867
818,887
818,889
819,874
819,918
819,949
819,963
819,976
819,991
820,850
820,874
820,924
820,942
820,948
821,850
821,861
821,874
821,876
821,883
821,884
821,886
821,898
821,909
821,919
821,922
821,932
821,952
821,988
821,993
821,997
822,829
822,842
822,865
822,940
822,979
822,991
822,992
823,857
823,877
823,917
823,931
823,972
823,985
823,998
824,829
824,856
824,857
824,868
824,879
824,899
824,911
824,949
824,972
824,976
825,826
825,846
825,848
825,852
825,882
825,929
825,975
825,993
826,831
826,839
826,855
826,873
826,893
826,906
826,912
826,942
826,964
827,850
827,871
827,886
827,889
827,904
827,915
827,919
827,931
827,943
827,987
827,990
828,864
828,938
828,949
829,842
829,844
829,856
829,888
829,893
829,911
829,933
829,940
829,949
829,976
829,979
830,893
830,945
830,963
830,971
831,839
831,840
831,870
831,873
831,877
831,964
831,984
831,985
832,846
832,905
832,917
832,941
833,854
833,919
834,856
834,868
834,892
834,899
834,918
834,922
834,976
835,837
835,838
835,886
835,941
835,998
836,863
836,875
836,898
836,901
836,942
836,945
836,952
836,960
836,996
837,840
837,847
837,849
837,853
837,876
837,884
837,912
837,914
837,950
837,952
838,840
838,852
838,872
838,925
838,935
838,950
838,973
838,988
838,989
838,994
839,877
839,900
839,908
839,998
840,870
840,872
840,876
840,899
840,912
840,917
840,941
840,965
841,857
841,900
841,908
841,984
841,987
841,991
842,888
842,911
842,918
842,920
842,940
842,963
842,972
843,866
843,878
843,915
843,932
844,852
844,869
844,879
844,892
844,911
844,942
844,949
844,976
845,880
845,905
845,912
845,918
845,964
845,965
845,979
846,875
846,960
846,969
846,975
846,982
847,850
847,914
847,929
847,952
847,992
848,901
848,952
849,867
849,922
849,924
849,957
849,985
849,986
850,854
850,861
850,886
850,915
850,919
850,924
850,938
850,943
850,951
850,960
850,982
851,920
851,949
851,957
852,874
852,884
852,899
852,902
852,914
852,935
852,989
852,996
853,855
853,876
853,886
853,923
853,925
853,928
853,943
853,959
853,965
853,990
853,993
854,915
854,951
855,912
855,928
855,941
855,982
855,994
855,996
856,933
856,940
856,979
857,871
857,875
857,877
857,881
857,894
857,900
857,908
857,917
857,936
857,968
857,977
857,984
857,993
859,869
859,881
859,895
859,901
859,908
859,930
859,936
859,941
859,987
860,879
860,880
860,940
860,953
860,975
860,985
861,876
861,878
861,921
861,925
861,935
861,937
861,948
861,965
861,985
862,869
862,891
862,923
862,965
862,987
863,887
863,898
863,927
863,931
863,942
863,945
863,960
863,969
863,970
864,937
864,945
864,948
864,983
866,877
866,946
866,964
867,960
868,874
869,871
869,891
869,905
869,911
869,923
869,936
869,939
869,947
869,959
869,966
869,968
869,977
869,987
870,896
870,932
870,940
870,974
871,873
871,875
871,916
871,939
871,968
871,987
872,885
872,925
872,935
872,950
872,952
872,973
872,994
873,875
873,877
873,891
873,918
873,923
873,939
873,968
873,979
874,886
874,889
874,901
874,905
874,911
874,919
874,932
874,937
874,981
874,990
874,997
875,891
875,894
875,908
875,910
875,945
875,967
876,925
876,952
876,989
876,994
877,880
877,908
877,918
877,968
877,998
878,925
878,965
879,911
879,929
879,937
879,947
880,891
880,929
880,953
880,967
880,974
880,985
881,894
881,900
881,916
881,923
881,998
882,890
882,905
882,912
882,939
882,953
882,993
882,999
883,886
883,915
883,926
883,934
883,937
883,951
883,969
884,914
884,919
884,935
884,950
884,952
884,981
884,987
884,994
884,999
885,902
885,921
885,935
885,950
885,973
885,974
885,994
886,903
886,919
886,920
886,942
886,960
886,965
886,967
886,984
887,897
887,927
887,938
887,942
887,944
887,948
887,957
887,990
888,946
888,992
889,919
889,934
889,965
889,983
889,997
890,891
890,913
890,930
890,962
891,908
891,936
891,966
891,981
894,900
894,907
894,908
894,910
894,916
894,939
894,953
894,959
894,968
894,977
894,984
895,986
896,904
896,905
896,911
896,919
896,924
896,988
897,918
897,920
897,927
897,948
897,960
897,971
898,911
898,917
898,920
898,922
898,934
898,949
898,976
899,902
899,934
899,947
899,949
899,976
900,908
900,984
900,987
901,935
901,990
902,907
902,919
902,965
902,971
902,974
902,975
902,981
902,982
902,997
903,942
903,945
903,972
903,979
903,983
903,988
904,924
904,934
904,940
904,960
904,961
904,969
904,976
904,988
905,906
905,915
905,953
906,910
906,967
906,971
907,908
907,913
907,917
907,936
907,980
907,993
908,968
908,991
908,995
909,993
910,968
910,975
910,978
910,988
910,995
911,927
911,976
911,995
912,914
912,917
912,929
912,932
912,937
912,982
912,993
912,999
913,964
914,919
914,942
914,950
915,927
915,943
915,951
915,990
915,997
916,937
916,995
916,999
917,941
917,959
917,999
918,946
918,964
918,972
918,985
918,987
919,927
919,943
919,952
919,965
919,981
919,990
920,971
922,957
923,930
923,978
923,987
924,937
924,954
924,960
924,963
924,988
925,989
925,994
925,996
926,942
926,956
926,960
927,936
927,937
927,948
927,950
927,964
927,971
927,981
927,983
929,965
929,991
929,993
930,936
930,987
931,937
931,960
931,982
932,937
932,939
932,956
932,965
932,969
932,995
933,979
934,938
934,958
934,982
934,989
935,950
935,973
935,989
936,964
936,966
936,971
936,978
936,987
937,944
937,960
937,983
937,993
938,954
938,988
938,990
939,978
939,980
939,984
940,953
940,976
940,979
941,962
941,971
942,945
942,960
942,969
942,970
942,982
942,988
942,995
943,954
943,958
943,963
943,988
944,961
945,947
945,999
946,964
946,975
947,991
948,956
948,969
949,983
949,991
950,973
950,989
950,994
951,954
952,993
953,972
954,958
954,965
955,974
955,983
955,993
956,960
956,968
956,997
957,960
957,970
959,966
959,975
959,996
960,961
960,970
960,983
962,966
963,987
964,972
964,983
964,992
965,968
965,982
966,996
967,975
968,979
968,984
968,987
968,995
968,998
969,970
971,974
971,982
972,992
973,994
974,983
975,985
975,988
976,979
976,991
977,998
979,986
982,987
982,993
982,996
985,990
988,993
991,993
