source,target
0,21
0,74
0,77
0,82
0,83
0,92
0,93
0,103
0,122
0,142
0,164
0,189
0,209
0,210
0,232
0,264
0,312
0,335
0,350
0,382
0,386
0,389
0,410
0,439
0,449
0,452
0,455
0,544
0,579
0,605
0,609
0,624
0,630
0,636
0,637
0,657
0,676
0,677
0,681
0,682
0,704
0,707
0,711
0,716
0,726
0,750
0,752
0,801
0,812
0,852
0,854
0,864
0,867
0,897
0,898
0,968
0,974
0,980
1,81
1,98
1,101
1,105
1,110
1,112
1,190
1,194
1,297
1,336
1,406
1,437
1,445
1,461
1,476
1,524
1,548
1,553
1,569
1,571
1,594
1,595
1,613
1,661
1,699
1,712
1,769
1,773
1,794
1,795
1,800
1,826
1,845
1,891
1,912
1,983
1,991
2,29
2,36
2,38
2,40
2,75
2,88
2,100
2,113
2,121
2,180
2,185
2,202
2,213
2,237
2,302
2,308
2,309
2,326
2,328
2,339
2,347
2,356
2,370
2,383
2,387
2,388
2,404
2,484
2,494
2,497
2,513
2,518
2,531
2,579
2,584
2,648
2,674
2,676
2,740
2,746
2,750
2,791
2,831
2,839
2,853
2,859
2,864
2,902
2,904
2,966
2,967
2,974
2,976
3,65
3,77
3,106
3,117
3,136
3,172
3,180
3,230
3,302
3,372
3,468
3,650
3,681
3,687
3,736
3,738
3,829
3,886
3,915
3,953
4,27
4,39
4,69
4,95
4,97
4,142
4,156
4,162
4,184
4,293
4,300
4,304
4,319
4,329
4,332
4,353
4,358
4,366
4,375
4,379
4,397
4,406
4,415
4,416
4,428
4,434
4,436
4,512
4,534
4,562
4,591
4,600
4,618
4,621
4,644
4,674
4,694
4,696
4,730
4,737
4,776
4,860
4,918
4,927
4,929
4,931
4,932
4,936
4,947
4,978
4,984
4,988
4,996
5,20
5,113
5,156
5,183
5,188
5,221
5,223
5,310
5,382
5,384
5,398
5,428
5,452
5,455
5,499
5,521
5,596
5,609
5,629
5,662
5,672
5,676
5,702
5,831
5,902
5,969
6,96
6,109
6,134
6,155
6,211
6,228
6,243
6,265
6,301
6,322
6,336
6,365
6,368
6,420
6,450
6,507
6,543
6,571
6,613
6,616
6,633
6,655
6,678
6,703
6,716
6,724
6,766
6,769
6,785
6,789
6,809
6,832
6,836
6,845
6,850
6,853
6,891
6,957
6,991
6,995
7,45
7,80
7,110
7,203
7,319
7,381
7,408
7,423
7,430
7,482
7,543
7,548
7,616
7,678
7,766
7,799
7,832
7,836
7,845
7,850
7,865
7,884
7,893
7,903
7,957
7,973
8,26
8,30
8,75
8,115
8,134
8,324
8,409
8,468
8,523
8,555
8,599
8,608
8,629
8,649
8,660
8,667
8,743
8,753
8,759
8,772
8,777
8,837
8,890
8,940
8,953
8,955
8,968
9,33
9,43
9,49
9,54
9,57
9,64
9,107
9,113
9,114
9,126
9,180
9,222
9,245
9,286
9,314
9,315
9,344
9,382
9,405
9,421
9,463
9,477
9,501
9,536
9,549
9,556
9,561
9,566
9,571
9,588
9,598
9,651
9,662
9,663
9,688
9,729
9,739
9,744
9,748
9,760
9,787
9,790
9,799
9,813
9,821
9,823
9,837
9,853
9,865
9,916
9,955
9,959
9,975
9,989
10,27
10,90
10,128
10,142
10,225
10,257
10,267
10,277
10,304
10,338
10,354
10,413
10,440
10,459
10,485
10,486
10,515
10,527
10,534
10,548
10,570
10,571
10,592
10,618
10,630
10,700
10,705
10,764
10,808
10,811
10,835
10,849
10,912
10,956
10,965
10,972
10,991
11,13
11,15
11,21
11,29
11,57
11,59
11,64
11,74
11,75
11,99
11,146
11,149
11,176
11,181
11,230
11,245
11,312
11,326
11,350
11,387
11,403
11,409
11,420
11,447
11,470
11,509
11,510
11,572
11,584
11,587
11,593
11,599
11,608
11,615
11,721
11,749
11,784
11,795
11,951
11,992
12,14
12,34
12,50
12,114
12,123
12,126
12,159
12,180
12,190
12,207
12,248
12,294
12,299
12,315
12,380
12,391
12,423
12,437
12,474
12,475
12,488
12,501
12,543
12,565
12,570
12,572
12,575
12,588
12,608
12,610
12,635
12,642
12,655
12,667
12,691
12,710
12,718
12,725
12,744
12,753
12,766
12,769
12,803
12,813
12,825
12,843
12,844
12,862
12,884
12,890
12,903
12,920
12,933
12,961
12,995
12,998
13,29
13,74
13,116
13,158
13,159
13,227
13,340
13,409
13,419
13,463
13,599
13,640
13,701
13,743
13,753
13,765
13,796
13,890
14,50
14,51
14,98
14,102
14,112
14,114
14,115
14,151
14,174
14,196
14,297
14,355
14,368
14,406
14,423
14,445
14,461
14,474
14,501
14,538
14,577
14,603
14,605
14,631
14,655
14,661
14,666
14,673
14,682
14,747
14,762
14,768
14,769
14,773
14,834
14,836
14,869
14,879
14,963
14,970
14,978
14,992
15,21
15,23
15,59
15,74
15,88
15,90
15,116
15,134
15,158
15,178
15,198
15,268
15,281
15,318
15,324
15,350
15,360
15,374
15,377
15,385
15,409
15,465
15,509
15,531
15,535
15,538
15,572
15,575
15,599
15,608
15,614
15,646
15,653
15,657
15,663
15,743
15,749
15,750
15,755
15,758
15,773
15,782
15,784
15,791
15,804
15,815
15,816
15,823
15,860
15,864
15,890
15,917
15,920
15,934
15,962
15,982
16,21
16,23
16,34
16,58
16,59
16,66
16,74
16,82
16,91
16,134
16,155
16,159
16,195
16,213
16,217
16,219
16,269
16,281
16,294
16,323
16,366
16,368
16,378
16,396
16,494
16,572
16,588
16,625
16,677
16,718
16,754
16,758
16,885
16,920
16,940
16,990
17,60
17,105
17,320
17,373
17,598
17,623
17,766
17,800
17,832
17,850
18,20
18,41
18,52
18,93
18,104
18,126
18,131
18,175
18,189
18,201
18,238
18,255
18,280
18,285
18,307
18,308
18,318
18,320
18,328
18,335
18,384
18,388
18,410
18,441
18,443
18,455
18,464
18,468
18,538
18,545
18,554
18,569
18,588
18,590
18,623
18,676
18,702
18,720
18,726
18,736
18,738
18,762
18,786
18,791
18,852
18,854
18,880
18,898
18,950
18,994
18,996
19,51
19,66
19,74
19,96
19,135
19,196
19,203
19,205
19,279
19,330
19,399
19,420
19,445
19,491
19,598
19,608
19,646
19,701
19,766
19,781
19,823
19,894
19,903
19,957
19,963
20,165
20,328
20,339
20,349
20,364
20,579
20,629
20,796
20,805
20,934
20,968
20,991
21,26
21,52
21,59
21,93
21,95
21,98
21,116
21,125
21,128
21,134
21,135
21,155
21,158
21,176
21,180
21,191
21,214
21,231
21,235
21,238
21,271
21,297
21,302
21,316
21,318
21,324
21,360
21,372
21,385
21,393
21,409
21,445
21,470
21,508
21,526
21,572
21,599
21,605
21,608
21,640
21,651
21,653
21,660
21,667
21,699
21,704
21,709
21,728
21,731
21,743
21,749
21,758
21,759
21,770
21,782
21,784
21,816
21,827
21,877
21,900
21,901
21,910
21,920
21,928
21,931
21,951
21,992
22,117
22,128
22,140
22,253
22,337
22,434
22,654
22,670
22,677
22,693
22,745
22,841
22,925
23,34
23,38
23,52
23,58
23,59
23,74
23,95
23,100
23,133
23,134
23,191
23,195
23,202
23,205
23,220
23,271
23,281
23,291
23,303
23,309
23,313
23,323
23,339
23,340
23,350
23,409
23,494
23,495
23,526
23,528
23,531
23,546
23,550
23,554
23,571
23,582
23,584
23,611
23,624
23,707
23,720
23,740
23,746
23,758
23,769
23,827
23,830
23,869
23,890
23,900
23,903
24,32
24,119
24,127
24,128
24,141
24,187
24,199
24,214
24,234
24,238
24,364
24,380
24,514
24,530
24,544
24,558
24,559
24,560
24,587
24,593
24,603
24,606
24,637
24,663
24,711
24,714
24,729
24,771
24,777
24,805
24,811
24,817
24,886
24,923
24,971
25,162
25,229
25,300
25,336
25,359
25,432
25,467
25,473
25,501
25,558
25,563
25,568
25,618
25,638
25,730
25,764
25,854
25,866
25,903
25,909
25,923
25,965
25,996
26,35
26,80
26,92
26,99
26,172
26,173
26,177
26,180
26,223
26,230
26,238
26,261
26,281
26,286
26,297
26,337
26,364
26,374
26,377
26,396
26,455
26,460
26,463
26,465
26,486
26,508
26,509
26,521
26,533
26,535
26,545
26,588
26,591
26,599
26,615
26,641
26,657
26,660
26,682
26,688
26,695
26,698
26,701
26,711
26,759
26,771
26,782
26,783
26,789
26,813
26,820
26,834
26,852
26,883
26,885
26,898
26,915
26,929
26,932
26,945
26,953
26,959
26,972
26,981
26,999
27,39
27,71
27,81
27,89
27,97
27,132
27,138
27,157
27,193
27,267
27,304
27,329
27,362
27,363
27,381
27,402
27,413
27,448
27,450
27,457
27,460
27,515
27,521
27,576
27,592
27,608
27,639
27,686
27,692
27,708
27,727
27,728
27,733
27,776
27,785
27,803
27,807
27,811
27,853
27,886
27,887
27,907
27,911
27,931
27,971
27,988
28,41
28,55
28,94
28,96
28,116
28,123
28,132
28,193
28,215
28,222
28,236
28,257
28,277
28,284
28,295
28,362
28,371
28,413
28,445
28,470
28,497
28,498
28,512
28,515
28,522
28,528
28,539
28,662
28,674
28,698
28,728
28,767
28,776
28,790
28,814
28,853
28,858
28,863
28,874
28,879
28,883
28,885
28,887
28,897
28,912
28,991
28,997
29,49
29,59
29,66
29,95
29,108
29,113
29,114
29,146
29,155
29,170
29,180
29,213
29,217
29,219
29,242
29,269
29,281
29,299
29,327
29,340
29,351
29,358
29,440
29,470
29,497
29,508
29,541
29,567
29,605
29,624
29,641
29,657
29,699
29,703
29,710
29,750
29,753
29,755
29,759
29,818
29,880
29,893
29,902
29,940
29,967
29,985
29,990
29,992
30,52
30,74
30,95
30,129
30,153
30,165
30,195
30,247
30,290
30,349
30,356
30,386
30,396
30,470
30,509
30,514
30,530
30,565
30,660
30,663
30,677
30,788
30,796
30,901
30,930
30,945
30,963
31,138
31,156
31,181
31,239
31,252
31,319
31,329
31,350
31,359
31,375
31,432
31,446
31,478
31,592
31,633
31,643
31,644
31,674
31,690
31,694
31,737
31,865
31,888
31,906
31,929
31,936
31,944
31,949
31,984
31,988
31,996
32,68
32,71
32,89
32,94
32,97
32,119
32,122
32,138
32,148
32,161
32,187
32,188
32,238
32,243
32,256
32,262
32,267
32,304
32,329
32,332
32,358
32,369
32,412
32,413
32,440
32,446
32,458
32,467
32,473
32,478
32,502
32,506
32,517
32,521
32,542
32,592
32,600
32,602
32,618
32,632
32,639
32,642
32,647
32,674
32,680
32,686
32,694
32,699
32,706
32,708
32,715
32,785
32,803
32,807
32,861
32,874
32,885
32,886
32,926
32,928
32,947
33,42
33,49
33,65
33,91
33,122
33,136
33,143
33,144
33,189
33,192
33,201
33,218
33,221
33,247
33,253
33,255
33,259
33,282
33,308
33,337
33,363
33,380
33,417
33,424
33,442
33,459
33,503
33,545
33,547
33,554
33,559
33,562
33,610
33,627
33,654
33,668
33,680
33,681
33,690
33,700
33,716
33,720
33,797
33,801
33,820
33,873
33,899
33,908
33,910
33,944
33,961
33,964
33,988
33,999
34,49
34,58
34,64
34,74
34,134
34,140
34,146
34,155
34,170
34,171
34,175
34,187
34,195
34,196
34,213
34,217
34,219
34,248
34,271
34,281
34,294
34,303
34,309
34,340
34,370
34,372
34,377
34,430
34,457
34,474
34,491
34,494
34,508
34,523
34,526
34,573
34,599
34,608
34,614
34,629
34,640
34,657
34,699
34,718
34,742
34,758
34,768
34,784
34,792
34,826
34,832
34,856
34,900
34,937
34,940
34,945
34,990
35,49
35,63
35,75
35,77
35,109
35,132
35,157
35,164
35,167
35,191
35,223
35,230
35,238
35,252
35,255
35,256
35,263
35,302
35,361
35,377
35,405
35,456
35,463
35,474
35,509
35,521
35,546
35,547
35,568
35,580
35,599
35,606
35,638
35,641
35,660
35,688
35,710
35,734
35,739
35,743
35,749
35,753
35,759
35,765
35,771
35,772
35,778
35,782
35,797
35,816
35,821
35,837
35,863
35,877
35,878
35,885
35,917
35,920
35,953
35,971
35,979
35,992
36,38
36,100
36,163
36,170
36,185
36,202
36,217
36,235
36,237
36,272
36,280
36,302
36,327
36,347
36,356
36,364
36,382
36,383
36,387
36,389
36,403
36,494
36,497
36,531
36,573
36,579
36,614
36,672
36,704
36,735
36,746
36,750
36,753
36,779
36,799
36,869
36,904
36,967
37,61
37,108
37,145
37,160
37,200
37,270
37,352
37,395
37,426
37,472
37,479
37,512
37,529
37,596
37,861
37,889
37,941
37,964
37,967
38,40
38,52
38,74
38,86
38,108
38,116
38,227
38,271
38,309
38,321
38,324
38,325
38,326
38,339
38,340
38,345
38,347
38,350
38,351
38,356
38,363
38,372
38,387
38,403
38,409
38,438
38,488
38,494
38,497
38,518
38,586
38,605
38,614
38,627
38,635
38,640
38,646
38,677
38,678
38,755
38,763
38,779
38,788
38,826
38,864
38,869
38,901
38,904
38,917
39,132
39,142
39,144
39,227
39,239
39,250
39,289
39,359
39,375
39,415
39,436
39,441
39,467
39,501
39,512
39,520
39,540
39,565
39,599
39,620
39,644
39,674
39,694
39,705
39,715
39,730
39,805
39,814
39,818
39,871
39,897
39,927
39,929
39,936
39,946
39,981
39,984
39,988
40,54
40,74
40,87
40,116
40,196
40,217
40,248
40,268
40,269
40,299
40,312
40,315
40,317
40,326
40,374
40,376
40,391
40,405
40,423
40,439
40,479
40,494
40,495
40,510
40,528
40,566
40,572
40,575
40,598
40,599
40,603
40,608
40,616
40,635
40,641
40,667
40,682
40,711
40,717
40,731
40,739
40,749
40,795
40,889
40,915
40,920
40,928
40,963
40,969
40,985
41,114
41,117
41,123
41,180
41,193
41,261
41,277
41,284
41,381
41,400
41,452
41,457
41,473
41,539
41,568
41,591
41,607
41,613
41,659
41,680
41,698
41,717
41,727
41,728
41,775
41,776
41,790
41,853
41,857
41,883
41,897
41,907
41,928
41,958
41,991
41,997
42,46
42,65
42,93
42,121
42,165
42,210
42,245
42,249
42,380
42,442
42,468
42,519
42,538
42,554
42,664
42,690
42,707
42,738
42,752
42,778
42,829
42,852
42,856
42,871
42,921
42,947
42,956
43,50
43,63
43,74
43,87
43,115
43,116
43,126
43,151
43,180
43,191
43,196
43,232
43,283
43,285
43,299
43,312
43,314
43,344
43,350
43,374
43,376
43,391
43,392
43,405
43,445
43,463
43,477
43,489
43,501
43,521
43,581
43,598
43,608
43,615
43,707
43,739
43,749
43,759
43,760
43,768
43,784
43,816
43,819
43,825
43,844
43,850
43,894
43,920
43,969
43,971
43,975
43,989
43,990
44,45
44,68
44,98
44,107
44,167
44,227
44,241
44,255
44,263
44,295
44,305
44,315
44,362
44,381
44,408
44,425
44,468
44,505
44,536
44,549
44,598
44,603
44,669
44,675
44,688
44,725
44,768
44,785
44,802
44,813
44,911
44,955
44,979
44,983
44,992
45,49
45,107
45,123
45,161
45,178
45,225
45,250
45,335
45,441
45,445
45,459
45,477
45,539
45,580
45,588
45,593
45,594
45,599
45,603
45,663
45,667
45,691
45,693
45,701
45,787
45,793
45,794
45,811
45,863
45,875
45,916
45,963
45,965
45,979
46,48
46,65
46,70
46,104
46,147
46,172
46,204
46,224
46,245
46,253
46,334
46,380
46,464
46,525
46,554
46,584
46,618
46,680
46,707
46,716
46,738
46,747
46,762
46,895
46,908
46,921
46,946
47,104
47,108
47,140
47,173
47,175
47,177
47,181
47,183
47,184
47,187
47,204
47,225
47,234
47,243
47,253
47,259
47,261
47,265
47,293
47,343
47,390
47,420
47,434
47,446
47,481
47,489
47,490
47,525
47,533
47,552
47,557
47,559
47,562
47,568
47,574
47,600
47,602
47,606
47,617
47,637
47,642
47,649
47,654
47,663
47,668
47,682
47,700
47,797
47,816
47,841
47,906
47,932
47,936
47,947
47,956
47,977
48,154
48,173
48,197
48,244
48,260
48,337
48,367
48,407
48,414
48,458
48,480
48,574
48,589
48,619
48,656
48,659
48,670
48,680
48,741
48,785
48,881
48,889
48,946
48,964
48,977
49,72
49,99
49,107
49,111
49,114
49,150
49,151
49,169
49,179
49,187
49,194
49,210
49,237
49,256
49,258
49,269
49,314
49,315
49,344
49,392
49,405
49,448
49,452
49,477
49,528
49,536
49,549
49,550
49,555
49,566
49,593
49,595
49,599
49,603
49,607
49,613
49,629
49,634
49,669
49,682
49,714
49,748
49,760
49,773
49,782
49,800
49,807
49,813
49,835
49,837
49,863
49,903
49,916
49,955
49,964
49,972
49,975
49,979
49,998
50,56
50,96
50,98
50,102
50,109
50,112
50,115
50,155
50,211
50,222
50,271
50,288
50,290
50,297
50,314
50,320
50,355
50,361
50,366
50,368
50,372
50,392
50,413
50,420
50,430
50,444
50,461
50,469
50,549
50,566
50,577
50,593
50,595
50,613
50,627
50,673
50,724
50,760
50,773
50,789
50,794
50,795
50,814
50,828
50,836
50,839
50,845
50,847
50,868
50,882
50,912
50,978
50,983
51,101
51,189
51,190
51,205
51,279
51,427
51,507
51,543
51,551
51,559
51,578
51,584
51,594
51,599
51,605
51,701
51,717
51,766
51,781
51,784
51,798
51,832
51,959
51,963
52,59
52,86
52,120
52,135
52,139
52,142
52,146
52,163
52,178
52,185
52,191
52,246
52,318
52,326
52,370
52,387
52,388
52,470
52,479
52,488
52,497
52,559
52,614
52,631
52,640
52,704
52,717
52,740
52,812
52,826
52,839
52,845
52,869
52,902
52,934
52,967
53,62
53,74
53,103
53,144
53,188
53,272
53,273
53,316
53,345
53,349
53,351
53,378
53,384
53,398
53,401
53,403
53,419
53,434
53,449
53,451
53,484
53,499
53,510
53,541
53,552
53,558
53,559
53,579
53,585
53,614
53,662
53,704
53,735
53,756
53,763
53,785
53,792
53,830
53,831
53,895
53,951
53,966
54,75
54,80
54,87
54,95
54,117
54,180
54,268
54,309
54,465
54,521
54,572
54,593
54,608
54,653
54,675
54,691
54,739
54,747
54,749
54,759
54,782
54,818
54,821
54,840
54,843
54,875
54,953
54,956
54,968
54,989
54,992
55,56
55,71
55,89
55,98
55,123
55,132
55,168
55,193
55,239
55,266
55,277
55,287
55,295
55,336
55,338
55,346
55,352
55,493
55,515
55,540
55,542
55,546
55,593
55,621
55,630
55,641
55,686
55,692
55,714
55,725
55,739
55,767
55,790
55,824
55,828
55,879
55,883
55,890
55,912
55,931
55,965
55,991
56,60
56,68
56,71
56,98
56,123
56,161
56,176
56,178
56,227
56,230
56,250
56,286
56,297
56,355
56,361
56,444
56,461
56,566
56,580
56,593
56,594
56,678
56,697
56,747
56,891
56,916
56,978
56,982
57,59
57,98
57,107
57,114
57,198
57,294
57,295
57,314
57,361
57,391
57,406
57,417
57,444
57,477
57,507
57,567
57,603
57,651
57,760
57,788
57,844
57,894
57,916
57,933
57,955
57,956
57,959
57,995
58,64
58,79
58,95
58,103
58,134
58,139
58,146
58,150
58,155
58,170
58,195
58,202
58,203
58,213
58,217
58,219
58,238
58,240
58,269
58,281
58,318
58,325
58,327
58,336
58,339
58,340
58,364
58,382
58,394
58,395
58,486
58,508
58,575
58,605
58,635
58,701
58,709
58,725
58,746
58,758
58,784
58,805
58,818
58,827
58,837
58,875
58,884
58,893
58,920
58,937
58,940
58,967
58,978
58,985
58,990
58,992
59,74
59,139
59,149
59,158
59,163
59,183
59,191
59,273
59,275
59,303
59,309
59,318
59,339
59,356
59,360
59,384
59,385
59,398
59,463
59,470
59,508
59,523
59,532
59,550
59,562
59,599
59,615
59,616
59,653
59,657
59,667
59,758
59,846
59,858
59,863
59,868
59,898
59,934
59,959
59,960
60,79
60,207
60,219
60,317
60,318
60,373
60,376
60,430
60,578
60,678
60,769
60,799
60,800
60,850
60,865
60,903
61,68
61,104
61,172
61,173
61,187
61,252
61,262
61,278
61,282
61,305
61,379
61,395
61,414
61,421
61,458
61,507
61,529
61,597
61,654
61,668
61,700
61,770
61,778
61,797
61,802
61,842
61,889
61,946
62,74
62,124
62,163
62,188
62,235
62,256
62,272
62,334
62,345
62,351
62,401
62,403
62,438
62,484
62,489
62,499
62,516
62,545
62,554
62,567
62,614
62,648
62,687
62,735
62,755
62,763
62,792
62,895
62,951
62,966
63,87
63,126
63,180
63,298
63,303
63,463
63,496
63,523
63,536
63,598
63,604
63,635
63,667
63,691
63,805
63,916
63,940
63,957
63,989
64,131
64,134
64,195
64,213
64,217
64,219
64,248
64,281
64,283
64,318
64,323
64,328
64,370
64,396
64,475
64,526
64,580
64,584
64,595
64,615
64,642
64,714
64,830
64,901
64,911
64,937
64,973
64,995
65,73
65,80
65,84
65,90
65,93
65,122
65,143
65,147
65,179
65,192
65,201
65,212
65,218
65,244
65,249
65,285
65,306
65,307
65,308
65,313
65,353
65,357
65,363
65,394
65,417
65,462
65,519
65,554
65,578
65,659
65,664
65,680
65,690
65,705
65,707
65,726
65,801
65,820
65,831
65,848
65,849
65,852
65,899
65,921
65,933
65,943
65,944
65,958
65,971
65,974
65,986
66,110
66,125
66,139
66,149
66,170
66,269
66,327
66,356
66,450
66,468
66,550
66,566
66,578
66,594
66,605
66,611
66,655
66,717
66,755
66,781
66,825
66,865
66,884
66,903
66,904
66,921
66,957
66,990
67,300
67,354
67,369
67,412
67,416
67,425
67,486
67,520
67,636
67,715
67,804
67,857
67,970
68,99
68,107
68,156
68,189
68,201
68,227
68,263
68,286
68,289
68,300
68,312
68,315
68,326
68,344
68,370
68,374
68,392
68,405
68,437
68,450
68,457
68,465
68,477
68,517
68,530
68,554
68,580
68,649
68,669
68,673
68,682
68,693
68,697
68,707
68,721
68,723
68,772
68,780
68,824
68,844
68,847
68,853
68,863
68,885
68,926
68,938
68,955
69,81
69,222
69,239
69,241
69,242
69,256
69,266
69,289
69,346
69,362
69,394
69,434
69,453
69,460
69,468
69,491
69,492
69,534
69,568
69,620
69,621
69,687
69,698
69,765
69,775
69,835
69,840
69,856
69,866
69,923
69,958
69,993
69,997
70,128
70,131
70,147
70,166
70,174
70,184
70,329
70,375
70,415
70,429
70,448
70,525
70,533
70,545
70,554
70,654
70,659
70,670
70,707
70,722
70,738
70,834
70,885
70,908
70,910
70,921
70,981
70,984
71,78
71,90
71,91
71,128
71,225
71,234
71,257
71,267
71,304
71,319
71,324
71,332
71,366
71,371
71,375
71,381
71,400
71,412
71,413
71,417
71,440
71,486
71,487
71,535
71,542
71,563
71,570
71,591
71,592
71,603
71,618
71,626
71,630
71,632
71,663
71,705
71,713
71,731
71,737
71,762
71,785
71,803
71,807
71,821
71,853
71,887
71,897
71,931
71,991
71,993
72,74
72,114
72,161
72,314
72,358
72,535
72,536
72,549
72,580
72,647
72,862
72,863
72,892
72,979
73,117
73,121
73,201
73,214
73,249
73,259
73,280
73,285
73,308
73,351
73,363
73,410
73,417
73,428
73,443
73,466
73,538
73,590
73,612
73,648
73,706
73,720
73,726
73,736
73,756
73,852
73,854
73,871
73,873
73,898
73,908
73,910
73,987
74,116
74,134
74,139
74,158
74,177
74,180
74,186
74,190
74,191
74,195
74,202
74,210
74,213
74,217
74,219
74,289
74,295
74,298
74,303
74,305
74,318
74,324
74,347
74,350
74,352
74,360
74,386
74,409
74,455
74,470
74,488
74,511
74,521
74,531
74,550
74,572
74,584
74,608
74,615
74,640
74,653
74,657
74,671
74,672
74,682
74,702
74,704
74,750
74,751
74,753
74,782
74,812
74,817
74,831
74,833
74,834
74,864
74,874
74,880
74,890
74,893
74,904
74,920
74,934
74,940
74,968
74,979
74,986
74,990
74,999
75,108
75,116
75,120
75,121
75,129
75,134
75,149
75,210
75,289
75,318
75,385
75,389
75,409
75,445
75,463
75,495
75,497
75,509
75,515
75,578
75,579
75,595
75,629
75,641
75,743
75,868
75,869
75,871
75,880
75,890
75,892
75,971
75,973
75,974
75,989
76,96
76,112
76,114
76,123
76,190
76,203
76,228
76,243
76,297
76,314
76,319
76,327
76,373
76,409
76,420
76,430
76,524
76,543
76,577
76,635
76,651
76,701
76,706
76,769
76,773
76,789
76,799
76,800
76,823
76,836
76,850
76,903
76,907
76,909
76,975
77,93
77,117
77,136
77,137
77,144
77,153
77,154
77,167
77,169
77,172
77,183
77,186
77,188
77,197
77,201
77,224
77,230
77,245
77,260
77,271
77,291
77,306
77,310
77,334
77,353
77,355
77,377
77,383
77,388
77,419
77,420
77,428
77,433
77,434
77,464
77,479
77,510
77,535
77,545
77,546
77,552
77,565
77,590
77,592
77,601
77,609
77,627
77,642
77,650
77,661
77,685
77,711
77,725
77,761
77,765
77,770
77,778
77,783
77,786
77,797
77,810
77,812
77,816
77,827
77,834
77,852
77,854
77,885
77,904
77,910
77,946
77,950
77,975
77,981
77,986
77,994
77,999
78,90
78,118
78,214
78,225
78,261
78,284
78,358
78,369
78,402
78,413
78,432
78,447
78,478
78,580
78,591
78,647
78,649
78,705
78,774
78,778
78,785
78,807
78,824
78,849
78,912
78,931
79,96
79,111
79,115
79,157
79,165
79,198
79,205
79,279
79,297
79,399
79,421
79,426
79,430
79,445
79,482
79,497
79,508
79,541
79,543
79,566
79,569
79,578
79,585
79,616
79,635
79,646
79,653
79,655
79,665
79,678
79,691
79,703
79,751
79,769
79,789
79,825
79,832
79,836
79,843
79,850
80,107
80,114
80,136
80,180
80,227
80,258
80,268
80,306
80,314
80,373
80,377
80,386
80,521
80,598
80,615
80,629
80,641
80,709
80,711
80,728
80,739
80,743
80,759
80,782
80,821
80,834
80,886
80,928
80,968
81,129
81,130
81,148
81,193
81,222
81,239
81,241
81,292
81,298
81,320
81,354
81,425
81,432
81,453
81,454
81,460
81,469
81,473
81,492
81,521
81,559
81,594
81,607
81,620
81,630
81,686
81,698
81,712
81,733
81,785
81,840
81,847
81,856
81,866
81,874
81,923
81,947
81,958
81,993
81,996
82,209
82,321
82,335
82,382
82,398
82,404
82,438
82,446
82,455
82,564
82,668
82,677
82,732
82,833
82,846
82,981
83,88
83,113
83,163
83,174
83,221
83,249
83,273
83,291
83,316
83,339
83,349
83,384
83,386
83,393
83,398
83,403
83,434
83,455
83,573
83,614
83,640
83,676
83,677
83,704
83,756
83,830
83,831
83,833
83,962
83,968
83,974
83,975
84,117
84,128
84,129
84,172
84,186
84,204
84,212
84,230
84,238
84,313
84,319
84,322
84,380
84,388
84,392
84,503
84,509
84,533
84,534
84,535
84,541
84,549
84,555
84,561
84,625
84,629
84,636
84,650
84,704
84,710
84,711
84,753
84,756
84,764
84,765
84,852
84,862
84,885
84,888
84,911
84,920
84,921
84,969
84,986
84,993
84,997
85,150
85,194
85,196
85,220
85,290
85,294
85,327
85,385
85,474
85,605
85,611
85,616
85,635
85,655
85,679
85,717
85,742
85,757
85,865
85,884
85,938
85,957
86,100
86,111
86,134
86,136
86,149
86,163
86,185
86,188
86,291
86,302
86,326
86,340
86,383
86,387
86,409
86,438
86,488
86,497
86,520
86,531
86,582
86,613
86,702
86,736
86,740
86,746
86,750
86,779
86,784
86,826
86,830
86,900
86,904
86,934
86,967
86,981
87,127
87,165
87,180
87,232
87,268
87,286
87,324
87,344
87,409
87,504
87,521
87,549
87,565
87,578
87,598
87,599
87,603
87,608
87,615
87,636
87,675
87,731
87,739
87,753
87,755
87,823
87,837
87,845
87,863
87,875
87,885
87,947
87,953
87,955
87,975
87,989
87,992
88,93
88,113
88,154
88,206
88,238
88,273
88,280
88,291
88,302
88,339
88,340
88,348
88,384
88,393
88,398
88,438
88,488
88,533
88,541
88,573
88,585
88,614
88,648
88,662
88,672
88,676
88,688
88,702
88,704
88,723
88,750
88,755
88,830
88,831
88,833
88,885
88,951
88,962
88,975
88,976
89,97
89,119
89,120
89,140
89,277
89,329
89,332
89,358
89,447
89,478
89,512
89,527
89,548
89,663
89,685
89,737
89,764
89,876
89,886
89,929
89,936
90,94
90,169
90,225
90,241
90,304
90,371
90,377
90,436
90,448
90,502
90,517
90,592
90,600
90,618
90,705
90,762
90,774
90,807
90,808
90,855
90,886
90,887
90,972
91,92
91,106
91,116
91,120
91,128
91,167
91,172
91,186
91,227
91,232
91,238
91,256
91,286
91,311
91,332
91,377
91,379
91,380
91,388
91,390
91,393
91,406
91,411
91,420
91,447
91,453
91,456
91,457
91,466
91,495
91,514
91,533
91,535
91,545
91,552
91,560
91,561
91,606
91,625
91,627
91,642
91,660
91,674
91,696
91,713
91,716
91,739
91,747
91,777
91,778
91,783
91,786
91,797
91,805
91,808
91,815
91,834
91,852
91,871
91,881
91,885
91,889
91,911
91,917
91,956
91,969
91,971
91,973
91,975
92,98
92,99
92,108
92,117
92,120
92,141
92,199
92,201
92,204
92,221
92,224
92,238
92,245
92,306
92,353
92,525
92,535
92,552
92,560
92,561
92,565
92,592
92,606
92,625
92,707
92,716
92,719
92,729
92,765
92,786
92,816
92,834
92,911
92,936
92,950
92,973
92,999
93,103
93,104
93,120
93,121
93,144
93,146
93,177
93,189
93,201
93,206
93,209
93,218
93,221
93,264
93,272
93,280
93,285
93,286
93,307
93,310
93,313
93,316
93,318
93,321
93,322
93,339
93,350
93,382
93,410
93,421
93,439
93,455
93,479
93,499
93,507
93,520
93,552
93,554
93,579
93,581
93,590
93,593
93,601
93,626
93,627
93,629
93,636
93,667
93,685
93,687
93,699
93,704
93,705
93,720
93,726
93,738
93,741
93,761
93,765
93,792
93,808
93,820
93,827
93,846
93,852
93,854
93,867
93,873
93,901
93,921
93,974
93,980
93,994
93,999
94,162
94,166
94,230
94,250
94,300
94,375
94,397
94,400
94,432
94,459
94,534
94,540
94,558
94,600
94,607
94,618
94,658
94,727
94,730
94,785
94,909
95,116
95,121
95,135
95,230
95,278
95,340
95,343
95,382
95,396
95,401
95,428
95,446
95,455
95,462
95,467
95,486
95,497
95,510
95,546
95,569
95,660
95,671
95,753
95,765
95,779
95,838
95,844
95,852
95,877
95,878
95,930
95,954
95,969
95,973
95,999
96,110
96,114
96,123
96,190
96,265
96,286
96,290
96,294
96,296
96,336
96,365
96,381
96,409
96,420
96,450
96,482
96,498
96,543
96,571
96,592
96,594
96,618
96,634
96,639
96,691
96,751
96,769
96,789
96,839
96,893
96,954
96,998
97,113
97,332
97,348
97,369
97,425
97,447
97,460
97,502
97,506
97,529
97,593
97,604
97,618
97,663
97,793
97,795
97,808
97,842
97,855
97,924
97,943
97,947
98,150
98,157
98,161
98,178
98,224
98,243
98,258
98,290
98,297
98,320
98,355
98,368
98,378
98,391
98,420
98,444
98,445
98,449
98,461
98,475
98,479
98,524
98,536
98,551
98,556
98,566
98,570
98,577
98,586
98,587
98,590
98,593
98,594
98,595
98,626
98,634
98,642
98,673
98,697
98,736
98,747
98,760
98,763
98,772
98,773
98,775
98,800
98,850
98,853
98,879
98,942
98,970
98,978
98,983
98,986
98,992
98,998
99,106
99,112
99,149
99,178
99,180
99,194
99,216
99,264
99,283
99,286
99,302
99,315
99,344
99,374
99,392
99,405
99,409
99,431
99,465
99,477
99,502
99,506
99,525
99,532
99,572
99,615
99,660
99,667
99,675
99,682
99,688
99,739
99,745
99,759
99,771
99,784
99,803
99,844
99,956
99,957
99,975
99,984
99,989
100,139
100,155
100,163
100,196
100,199
100,202
100,246
100,271
100,318
100,340
100,356
100,364
100,378
100,382
100,383
100,387
100,494
100,509
100,518
100,526
100,531
100,582
100,584
100,586
100,605
100,614
100,648
100,746
100,750
100,779
100,784
100,791
100,826
100,877
100,903
100,904
100,967
100,985
101,114
101,176
101,196
101,205
101,217
101,234
101,368
101,420
101,427
101,445
101,482
101,491
101,608
101,655
101,684
101,701
101,769
101,781
101,850
101,884
101,938
101,957
102,114
102,115
102,203
102,239
102,297
102,346
102,355
102,368
102,392
102,461
102,475
102,477
102,505
102,508
102,549
102,566
102,571
102,593
102,594
102,595
102,613
102,641
102,684
102,717
102,766
102,773
102,795
102,800
102,891
102,978
102,983
103,121
103,131
103,136
103,137
103,144
103,164
103,172
103,186
103,189
103,218
103,224
103,249
103,280
103,285
103,288
103,299
103,308
103,312
103,313
103,327
103,351
103,357
103,367
103,388
103,394
103,403
103,409
103,411
103,417
103,424
103,433
103,457
103,462
103,468
103,519
103,538
103,545
103,546
103,547
103,561
103,572
103,579
103,581
103,582
103,590
103,601
103,603
103,654
103,710
103,716
103,720
103,722
103,738
103,746
103,759
103,810
103,842
103,899
103,908
103,910
103,921
103,950
103,956
103,981
103,986
104,108
104,128
104,145
104,152
104,160
104,181
104,184
104,198
104,252
104,261
104,278
104,293
104,305
104,353
104,390
104,394
104,395
104,421
104,446
104,458
104,502
104,537
104,544
104,547
104,560
104,589
104,597
104,617
104,625
104,659
104,670
104,680
104,700
104,770
104,781
104,802
104,814
104,822
104,838
104,842
104,860
104,861
104,889
104,893
104,913
104,936
104,946
104,952
105,112
105,178
105,180
105,330
105,445
105,450
105,523
105,526
105,610
105,634
105,678
105,699
105,703
105,717
105,751
105,753
105,757
105,766
105,769
105,799
105,839
105,845
106,116
106,117
106,135
106,137
106,146
106,161
106,162
106,165
106,167
106,172
106,181
106,183
106,209
106,210
106,216
106,224
106,230
106,272
106,335
106,339
106,343
106,350
106,377
106,388
106,398
106,419
106,468
106,469
106,479
106,485
106,494
106,518
106,541
106,546
106,559
106,561
106,565
106,581
106,640
106,650
106,667
106,669
106,687
106,704
106,710
106,720
106,741
106,753
106,761
106,782
106,784
106,815
106,820
106,821
106,850
106,871
106,877
106,885
106,902
106,915
106,934
106,953
106,969
106,980
106,994
107,123
107,169
107,178
107,241
107,288
107,320
107,338
107,346
107,420
107,422
107,450
107,457
107,479
107,486
107,520
107,549
107,566
107,603
107,647
107,669
107,708
107,714
107,733
107,772
107,782
107,818
107,865
107,916
107,970
107,979
108,122
108,247
108,252
108,255
108,270
108,338
108,388
108,395
108,421
108,453
108,458
108,472
108,500
108,512
108,529
108,544
108,547
108,574
108,596
108,597
108,622
108,648
108,664
108,670
108,699
108,700
108,721
108,729
108,803
108,820
108,849
108,889
108,910
108,917
108,941
108,964
109,112
109,157
109,190
109,211
109,290
109,355
109,368
109,420
109,423
109,577
109,588
109,594
109,595
109,661
109,768
109,773
109,789
109,798
109,843
109,869
109,874
109,912
110,114
110,157
110,240
110,265
110,286
110,287
110,297
110,361
110,365
110,386
110,423
110,430
110,437
110,445
110,450
110,456
110,484
110,531
110,543
110,551
110,561
110,571
110,678
110,726
110,751
110,760
110,768
110,789
110,823
110,839
110,871
110,947
110,963
110,978
111,196
111,241
111,243
111,382
111,408
111,482
111,524
111,528
111,532
111,543
111,571
111,616
111,651
111,766
111,769
111,825
111,862
111,868
111,884
111,893
111,903
111,963
111,985
112,114
112,125
112,157
112,169
112,190
112,243
112,290
112,297
112,355
112,361
112,368
112,420
112,423
112,524
112,536
112,579
112,595
112,613
112,661
112,684
112,751
112,762
112,773
112,846
112,934
112,942
112,947
112,963
112,983
112,998
113,146
113,191
113,206
113,248
113,272
113,273
113,321
113,379
113,382
113,383
113,384
113,393
113,398
113,488
113,499
113,585
113,614
113,650
113,662
113,676
113,702
113,755
113,763
113,792
113,812
113,813
113,830
113,846
113,859
113,877
113,895
113,902
113,904
113,951
113,962
114,115
114,119
114,150
114,157
114,161
114,198
114,205
114,219
114,232
114,238
114,241
114,283
114,297
114,324
114,344
114,345
114,355
114,373
114,391
114,405
114,413
114,420
114,430
114,450
114,507
114,508
114,517
114,524
114,543
114,567
114,588
114,599
114,635
114,666
114,690
114,691
114,711
114,718
114,725
114,731
114,739
114,744
114,747
114,749
114,760
114,763
114,768
114,769
114,782
114,794
114,800
114,823
114,843
114,850
114,862
114,885
114,891
114,903
114,911
114,936
114,956
114,957
114,959
114,975
114,992
115,125
115,203
115,297
115,317
115,355
115,365
115,423
115,450
115,461
115,477
115,595
115,613
115,678
115,684
115,759
115,768
115,772
115,773
115,789
115,794
115,799
115,800
115,823
115,836
115,903
115,992
116,121
116,158
116,186
116,210
116,224
116,246
116,289
116,343
116,360
116,372
116,396
116,405
116,409
116,495
116,497
116,509
116,511
116,565
116,567
116,588
116,599
116,629
116,640
116,657
116,703
116,743
116,759
116,777
116,782
116,796
116,850
116,890
116,892
116,902
116,911
116,920
116,930
116,968
117,131
117,136
117,137
117,164
117,172
117,183
117,186
117,192
117,221
117,222
117,224
117,230
117,256
117,266
117,269
117,285
117,316
117,337
117,339
117,343
117,380
117,382
117,386
117,388
117,393
117,407
117,419
117,433
117,439
117,462
117,464
117,468
117,502
117,519
117,521
117,546
117,565
117,567
117,569
117,625
117,636
117,647
117,648
117,650
117,660
117,671
117,680
117,685
117,710
117,742
117,761
117,765
117,812
117,827
117,868
117,871
117,877
117,896
117,908
117,911
117,915
117,928
117,948
117,958
117,968
117,969
117,984
117,999
118,127
118,140
118,166
118,172
118,173
118,189
118,197
118,264
118,312
118,334
118,367
118,368
118,377
118,379
118,411
118,442
118,446
118,463
118,520
118,533
118,564
118,625
118,630
118,680
118,702
118,734
118,738
118,781
118,797
118,816
118,834
118,913
118,917
118,921
118,957
119,126
119,150
119,160
119,223
119,241
119,252
119,254
119,259
119,263
119,273
119,277
119,289
119,304
119,312
119,329
119,332
119,358
119,411
119,412
119,413
119,416
119,417
119,425
119,432
119,447
119,496
119,517
119,537
119,539
119,548
119,562
119,563
119,570
119,592
119,596
119,600
119,615
119,618
119,639
119,645
119,668
119,683
119,705
119,711
119,714
119,715
119,724
119,734
119,772
119,777
119,780
119,803
119,804
119,814
119,834
119,849
119,881
119,896
119,926
119,939
119,943
119,949
119,958
119,971
119,984
120,167
120,187
120,199
120,214
120,234
120,264
120,274
120,298
120,312
120,322
120,343
120,376
120,396
120,414
120,461
120,530
120,532
120,552
120,560
120,680
120,690
120,710
120,734
120,778
120,871
120,931
120,973
121,164
121,175
121,221
121,232
121,246
121,313
121,382
121,384
121,390
121,403
121,409
121,417
121,420
121,421
121,422
121,452
121,488
121,573
121,609
121,636
121,648
121,676
121,706
121,721
121,732
121,736
121,756
121,763
121,852
121,881
121,915
121,966
122,153
122,154
122,155
122,173
122,192
122,200
122,201
122,218
122,227
122,244
122,253
122,259
122,260
122,261
122,302
122,337
122,354
122,363
122,367
122,379
122,380
122,407
122,419
122,441
122,443
122,490
122,500
122,528
122,535
122,547
122,554
122,569
122,602
122,612
122,636
122,639
122,664
122,667
122,668
122,671
122,693
122,701
122,707
122,753
122,801
122,802
122,814
122,818
122,820
122,848
122,889
122,899
122,906
122,910
122,922
122,944
122,964
123,180
123,200
123,261
123,277
123,295
123,338
123,371
123,440
123,486
123,493
123,498
123,522
123,539
123,543
123,559
123,566
123,567
123,576
123,583
123,588
123,614
123,634
123,658
123,684
123,728
123,737
123,755
123,767
123,775
123,785
123,790
123,817
123,824
123,842
123,851
123,853
123,856
123,858
123,889
123,912
123,982
123,991
123,997
124,133
124,188
124,203
124,230
124,272
124,345
124,351
124,403
124,451
124,484
124,499
124,541
124,614
124,676
124,763
124,798
124,820
124,831
124,859
124,895
124,904
124,966
124,976
125,157
125,178
125,190
125,196
125,205
125,208
125,290
125,297
125,355
125,371
125,405
125,450
125,456
125,509
125,524
125,543
125,577
125,584
125,595
125,597
125,598
125,603
125,613
125,642
125,661
125,673
125,769
125,773
125,789
125,882
125,954
125,966
125,998
126,314
126,344
126,405
126,463
126,477
126,512
126,549
126,598
126,599
126,639
126,641
126,660
126,789
126,803
126,837
126,845
126,867
126,914
126,933
126,963
126,975
127,128
127,141
127,167
127,186
127,199
127,216
127,224
127,234
127,238
127,312
127,321
127,392
127,411
127,412
127,425
127,504
127,530
127,536
127,552
127,559
127,560
127,588
127,606
127,729
127,745
127,761
127,797
127,817
127,834
127,871
127,917
127,953
127,956
127,981
128,141
128,172
128,186
128,194
128,216
128,238
128,245
128,263
128,264
128,273
128,288
128,300
128,303
128,306
128,310
128,319
128,327
128,334
128,380
128,402
128,411
128,416
128,434
128,442
128,446
128,510
128,516
128,530
128,532
128,533
128,543
128,552
128,555
128,559
128,562
128,599
128,606
128,648
128,655
128,660
128,670
128,689
128,710
128,729
128,755
128,760
128,772
128,797
128,803
128,805
128,816
128,834
128,847
128,853
128,896
128,899
128,904
128,911
128,913
128,917
128,921
128,924
128,947
128,949
128,956
128,971
129,135
129,172
129,216
129,264
129,319
129,322
129,388
129,485
129,497
129,546
129,555
129,559
129,625
129,696
129,710
129,734
129,815
129,936
129,943
129,979
129,990
130,222
130,241
130,284
130,292
130,341
130,359
130,460
130,467
130,733
130,840
130,856
130,883
130,887
130,897
130,904
130,928
130,958
131,136
131,144
131,172
131,183
131,186
131,189
131,306
131,310
131,316
131,322
131,328
131,455
131,479
131,510
131,547
131,629
131,685
131,765
131,812
131,827
131,867
131,898
131,920
131,969
131,981
132,179
132,193
132,229
132,250
132,277
132,295
132,381
132,390
132,402
132,409
132,412
132,453
132,457
132,469
132,493
132,542
132,566
132,570
132,590
132,605
132,607
132,647
132,671
132,692
132,705
132,728
132,733
132,748
132,762
132,767
132,785
132,819
132,824
132,828
132,840
132,853
132,855
132,858
132,884
132,887
132,912
132,931
132,941
132,991
133,188
133,209
133,235
133,272
133,273
133,345
133,346
133,351
133,356
133,393
133,401
133,403
133,451
133,484
133,494
133,499
133,518
133,541
133,562
133,579
133,585
133,586
133,614
133,633
133,676
133,704
133,725
133,755
133,784
133,966
133,976
134,146
134,155
134,161
134,184
134,191
134,195
134,213
134,217
134,266
134,269
134,271
134,281
134,323
134,334
134,350
134,368
134,370
134,378
134,382
134,389
134,391
134,409
134,420
134,430
134,441
134,518
134,521
134,526
134,531
134,572
134,586
134,599
134,653
134,678
134,699
134,702
134,717
134,756
134,758
134,784
134,797
134,803
134,818
134,832
134,871
134,893
134,895
134,903
134,940
134,968
134,990
135,165
135,175
135,186
135,210
135,230
135,255
135,256
135,343
135,368
135,383
135,392
135,495
135,497
135,509
135,511
135,653
135,673
135,709
135,727
135,748
135,796
135,812
135,814
135,830
135,848
135,868
135,877
135,892
135,896
135,930
135,946
135,968
135,969
135,999
136,144
136,230
136,272
136,306
136,308
136,310
136,339
136,390
136,394
136,479
136,485
136,510
136,538
136,601
136,637
136,641
136,685
136,690
136,707
136,716
136,778
136,827
136,875
136,876
136,877
136,901
136,994
137,172
137,183
137,186
137,224
137,230
137,238
137,322
137,380
137,439
137,485
137,510
137,546
137,555
137,565
137,622
137,648
137,687
137,724
137,725
137,778
137,880
137,906
137,950
138,142
138,225
138,266
138,381
138,397
138,400
138,453
138,460
138,466
138,515
138,527
138,553
138,558
138,563
138,568
138,576
138,592
138,677
138,686
138,692
138,764
138,785
138,790
138,795
138,807
138,814
138,855
138,879
138,882
138,886
138,887
138,907
138,955
138,987
139,149
139,159
139,163
139,191
139,202
139,271
139,272
139,303
139,318
139,325
139,328
139,340
139,356
139,383
139,420
139,449
139,460
139,464
139,470
139,488
139,497
139,511
139,550
139,582
139,605
139,640
139,641
139,760
139,864
139,869
139,900
139,915
139,934
139,940
140,147
140,166
140,173
140,174
140,187
140,204
140,212
140,253
140,254
140,274
140,307
140,311
140,352
140,367
140,390
140,411
140,421
140,428
140,429
140,502
140,519
140,533
140,547
140,554
140,562
140,629
140,637
140,688
140,707
140,710
140,726
140,777
140,797
140,802
140,820
140,825
140,889
140,908
140,913
140,921
140,925
140,940
140,981
141,167
141,199
141,234
141,254
141,359
141,467
141,530
141,560
141,606
141,629
141,639
141,777
141,780
141,782
141,817
141,861
141,936
141,956
141,971
142,184
142,187
142,239
142,262
142,264
142,270
142,329
142,331
142,367
142,375
142,379
142,390
142,412
142,432
142,436
142,458
142,475
142,478
142,496
142,506
142,527
142,542
142,620
142,654
142,663
142,674
142,700
142,703
142,719
142,737
142,745
142,762
142,793
142,828
142,835
142,888
142,919
142,935
142,936
142,943
142,949
142,952
142,984
142,988
143,147
143,201
143,260
143,307
143,337
143,363
143,396
143,442
143,482
143,533
143,554
143,610
143,654
143,664
143,707
143,713
143,736
143,738
143,820
143,899
143,908
143,986
143,999
144,153
144,155
144,163
144,169
144,201
144,306
144,310
144,316
144,360
144,379
144,388
144,394
144,433
144,449
144,464
144,479
144,481
144,535
144,581
144,649
144,716
144,737
144,738
144,761
144,765
144,778
144,801
144,827
144,899
144,944
144,949
144,950
144,965
144,981
144,986
145,160
145,204
145,234
145,252
145,261
145,278
145,282
145,390
145,395
145,414
145,458
145,480
145,489
145,506
145,547
145,574
145,589
145,597
145,680
145,700
145,721
145,736
145,770
145,814
145,847
145,861
145,886
145,889
145,906
145,992
146,155
146,195
146,210
146,213
146,217
146,219
146,250
146,259
146,271
146,290
146,302
146,310
146,323
146,347
146,377
146,383
146,450
146,474
146,475
146,508
146,511
146,518
146,523
146,533
146,605
146,614
146,685
146,715
146,717
146,731
146,825
146,826
146,884
146,893
146,912
146,937
146,985
147,209
147,230
147,244
147,253
147,266
147,272
147,276
147,282
147,307
147,337
147,363
147,380
147,390
147,411
147,421
147,429
147,439
147,481
147,490
147,513
147,519
147,625
147,659
147,668
147,690
147,707
147,711
147,722
147,766
147,786
147,893
147,899
147,917
147,919
147,925
147,977
147,986
147,987
148,169
148,251
148,304
148,332
148,369
148,381
148,412
148,436
148,502
148,520
148,534
148,542
148,579
148,592
148,618
148,670
148,692
148,714
148,780
148,785
148,804
148,807
148,871
148,911
148,913
148,932
148,943
149,164
149,191
149,235
149,242
149,294
149,303
149,309
149,318
149,385
149,396
149,470
149,472
149,550
149,572
149,599
149,640
149,657
149,667
149,714
149,829
149,864
149,872
149,900
149,915
149,924
150,198
150,207
150,217
150,242
150,299
150,315
150,317
150,369
150,423
150,475
150,500
150,501
150,575
150,651
150,666
150,667
150,691
150,696
150,744
150,749
150,862
150,872
150,894
150,903
150,905
150,959
150,992
150,995
151,161
151,194
151,258
151,320
151,361
151,368
151,370
151,457
151,477
151,505
151,566
151,593
151,594
151,598
151,603
151,632
151,649
151,682
151,724
151,878
151,959
151,995
152,174
152,197
152,282
152,295
152,352
152,395
152,421
152,446
152,589
152,592
152,637
152,700
152,714
152,822
152,842
152,847
152,946
152,956
152,961
152,964
153,166
153,213
153,232
153,255
153,306
153,352
153,380
153,388
153,545
153,574
153,700
153,765
153,810
153,817
153,852
153,986
154,160
154,174
154,179
154,200
154,201
154,218
154,244
154,247
154,259
154,260
154,307
154,319
154,340
154,353
154,363
154,380
154,412
154,414
154,442
154,489
154,503
154,513
154,541
154,554
154,602
154,612
154,616
154,664
154,668
154,680
154,693
154,746
154,770
154,785
154,795
154,801
154,805
154,848
154,881
154,922
154,944
154,960
155,183
155,191
155,195
155,213
155,217
155,219
155,237
155,248
155,269
155,271
155,281
155,294
155,306
155,378
155,409
155,430
155,470
155,489
155,508
155,538
155,569
155,582
155,585
155,605
155,608
155,624
155,635
155,655
155,702
155,728
155,754
155,755
155,758
155,760
155,818
155,884
155,886
155,893
155,900
155,904
155,914
155,935
155,940
155,962
156,160
156,166
156,181
156,184
156,227
156,250
156,262
156,320
156,329
156,359
156,362
156,402
156,407
156,481
156,506
156,512
156,548
156,549
156,554
156,630
156,633
156,655
156,674
156,737
156,867
156,881
156,888
156,909
156,913
156,927
156,929
156,932
156,936
156,943
156,945
156,946
156,952
156,971
156,984
157,186
157,190
157,203
157,208
157,222
157,227
157,243
157,288
157,290
157,388
157,420
157,445
157,482
157,486
157,543
157,551
157,566
157,577
157,594
157,595
157,613
157,642
157,661
157,674
157,679
157,684
157,718
157,749
157,753
157,766
157,863
157,886
157,918
157,920
157,963
157,978
158,272
158,308
158,339
158,350
158,409
158,511
158,564
158,640
158,651
158,653
158,657
158,758
158,782
158,784
158,920
158,939
158,987
158,988
159,175
159,233
159,246
159,356
159,364
159,387
159,403
159,428
159,433
159,498
159,569
159,575
159,662
159,702
159,704
159,734
159,846
159,880
159,901
159,909
159,915
160,179
160,189
160,222
160,247
160,252
160,270
160,282
160,295
160,311
160,337
160,395
160,399
160,421
160,422
160,458
160,472
160,478
160,480
160,489
160,509
160,513
160,529
160,543
160,559
160,581
160,596
160,597
160,610
160,619
160,644
160,654
160,668
160,670
160,700
160,721
160,770
160,785
160,788
160,802
160,814
160,816
160,848
160,861
160,868
160,889
160,906
160,925
160,929
160,941
160,946
160,977
161,168
161,219
161,227
161,257
161,258
161,289
161,290
161,314
161,349
161,350
161,457
161,461
161,505
161,528
161,532
161,536
161,566
161,580
161,588
161,593
161,594
161,599
161,607
161,627
161,635
161,684
161,697
161,703
161,708
161,711
161,751
161,755
161,757
161,813
161,882
161,912
161,926
161,955
161,984
162,179
162,184
162,190
162,250
162,255
162,266
162,267
162,293
162,300
162,319
162,421
162,432
162,459
162,460
162,466
162,467
162,487
162,492
162,498
162,506
162,512
162,513
162,525
162,534
162,537
162,563
162,596
162,597
162,630
162,633
162,638
162,644
162,694
162,714
162,730
162,764
162,770
162,802
162,856
162,909
162,910
162,927
162,996
163,188
163,232
163,235
163,271
163,345
163,351
163,391
163,401
163,403
163,404
163,428
163,438
163,484
163,488
163,514
163,518
163,541
163,579
163,672
163,723
163,750
163,755
163,779
163,791
163,831
163,859
163,895
163,902
163,904
163,966
163,976
164,166
164,169
164,175
164,183
164,221
164,273
164,316
164,321
164,335
164,377
164,384
164,386
164,401
164,409
164,410
164,419
164,428
164,439
164,449
164,455
164,466
164,468
164,479
164,502
164,503
164,538
164,564
164,565
164,572
164,612
164,625
164,629
164,648
164,649
164,671
164,685
164,741
164,752
164,786
164,812
164,829
164,833
164,915
164,934
164,963
164,974
165,210
165,224
165,238
165,320
165,353
165,372
165,377
165,434
165,514
165,550
165,551
165,565
165,709
165,771
165,788
165,838
165,875
165,878
165,947
165,953
165,973
165,999
166,173
166,182
166,245
166,253
166,390
166,411
166,434
166,564
166,580
166,797
166,803
166,816
166,911
166,924
167,172
167,201
167,216
167,231
167,238
167,254
167,298
167,377
167,380
167,390
167,465
167,535
167,545
167,606
167,753
167,765
167,771
167,783
167,834
167,911
167,926
168,215
168,225
168,284
168,295
168,362
168,402
168,448
168,459
168,568
168,667
168,698
168,775
168,806
168,824
168,828
168,852
168,886
168,887
168,991
169,187
169,200
169,256
169,282
169,304
169,308
169,312
169,321
169,354
169,402
169,440
169,441
169,457
169,465
169,486
169,512
169,514
169,517
169,563
169,567
169,570
169,618
169,625
169,629
169,647
169,706
169,737
169,780
169,782
169,785
169,805
169,810
169,835
169,849
169,853
169,921
169,947
169,979
169,984
170,196
170,220
170,269
170,327
170,370
170,399
170,420
170,429
170,455
170,463
170,474
170,508
170,523
170,605
170,606
170,611
170,616
170,646
170,655
170,701
170,758
170,865
170,884
170,891
170,893
170,905
170,992
171,196
171,205
171,220
171,240
171,312
171,360
171,386
171,399
171,477
171,491
171,692
171,742
171,766
171,769
171,832
171,857
171,866
171,894
171,957
171,995
172,186
172,189
172,192
172,201
172,216
172,217
172,224
172,230
172,238
172,244
172,250
172,255
172,264
172,267
172,285
172,293
172,306
172,310
172,311
172,334
172,357
172,364
172,380
172,385
172,388
172,390
172,396
172,397
172,464
172,469
172,476
172,478
172,485
172,508
172,510
172,514
172,521
172,531
172,533
172,535
172,546
172,555
172,561
172,562
172,565
172,571
172,590
172,623
172,625
172,627
172,647
172,654
172,669
172,670
172,686
172,710
172,738
172,745
172,761
172,765
172,768
172,775
172,782
172,783
172,786
172,796
172,797
172,810
172,816
172,817
172,827
172,834
172,856
172,880
172,881
172,896
172,915
172,945
172,949
172,956
172,969
172,973
172,986
173,177
173,186
173,187
173,189
173,204
173,245
173,311
173,352
173,353
173,380
173,388
173,411
173,442
173,508
173,514
173,525
173,533
173,545
173,564
173,602
173,618
173,619
173,656
173,670
173,705
173,713
173,745
173,776
173,797
173,816
173,820
173,834
173,899
173,904
173,912
173,921
173,924
173,925
173,950
173,956
173,960
173,984
174,177
174,244
174,259
174,305
174,333
174,337
174,348
174,353
174,367
174,411
174,414
174,417
174,442
174,459
174,483
174,500
174,516
174,541
174,589
174,604
174,610
174,619
174,654
174,670
174,709
174,730
174,797
174,841
174,866
174,906
174,913
174,924
174,946
174,961
174,977
174,987
175,192
175,194
175,202
175,233
175,246
175,272
175,291
175,302
175,309
175,326
175,339
175,350
175,364
175,398
175,404
175,406
175,433
175,449
175,452
175,455
175,569
175,579
175,585
175,601
175,672
175,677
175,685
175,704
175,741
175,752
175,784
175,876
175,880
175,884
175,901
175,910
175,968
175,970
175,976
175,992
176,213
176,226
176,248
176,269
176,294
176,324
176,328
176,376
176,431
176,461
176,463
176,478
176,572
176,618
176,667
176,669
176,718
176,784
176,837
176,865
176,872
176,903
176,934
176,995
177,181
177,204
177,243
177,251
177,282
177,288
177,352
177,364
177,379
177,390
177,416
177,434
177,458
177,480
177,562
177,597
177,633
177,643
177,719
177,737
177,814
177,822
177,842
177,847
177,861
177,880
177,913
177,924
177,960
177,964
178,194
178,355
178,361
178,368
178,405
178,420
178,444
178,461
178,528
178,566
178,571
178,588
178,593
178,594
178,613
178,644
178,648
178,649
178,653
178,667
178,673
178,684
178,695
178,725
178,731
178,739
178,747
178,850
178,867
178,882
178,912
178,955
178,978
178,983
179,200
179,230
179,247
179,253
179,260
179,268
179,282
179,289
179,308
179,353
179,358
179,407
179,418
179,424
179,441
179,455
179,500
179,592
179,596
179,602
179,610
179,622
179,648
179,652
179,668
179,693
179,710
179,782
179,842
179,889
179,941
180,213
180,255
180,258
180,315
180,336
180,377
180,384
180,385
180,463
180,516
180,549
180,569
180,571
180,642
180,660
180,675
180,682
180,688
180,739
180,759
180,771
180,772
180,782
180,783
180,799
180,813
180,823
180,837
180,845
180,885
180,914
180,955
180,975
180,987
180,989
180,992
181,184
181,187
181,219
181,249
181,278
181,293
181,294
181,332
181,352
181,379
181,390
181,407
181,411
181,446
181,458
181,472
181,480
181,514
181,545
181,548
181,552
181,561
181,562
181,591
181,615
181,619
181,636
181,654
181,656
181,659
181,670
181,674
181,680
181,694
181,700
181,726
181,745
181,765
181,797
181,808
181,822
181,842
181,871
181,876
181,881
181,889
181,896
181,946
181,965
182,187
182,204
182,262
182,278
182,331
182,506
182,520
182,693
182,770
182,808
182,814
182,816
182,834
182,924
182,987
183,186
183,210
183,221
183,303
183,306
183,328
183,343
183,357
183,364
183,398
183,419
183,433
183,439
183,458
183,464
183,479
183,546
183,565
183,631
183,636
183,648
183,673
183,685
183,716
183,796
183,810
183,821
183,827
183,857
183,877
183,915
183,930
183,969
183,977
184,204
184,236
184,261
184,262
184,278
184,329
184,331
184,342
184,352
184,359
184,369
184,379
184,400
184,450
184,481
184,496
184,506
184,535
184,537
184,630
184,663
184,674
184,683
184,719
184,725
184,764
184,788
184,793
184,797
184,822
184,860
184,875
184,876
184,881
184,913
184,932
184,935
185,188
185,202
185,246
185,251
185,269
185,288
185,302
185,340
185,347
185,350
185,356
185,387
185,389
185,488
185,494
185,497
185,518
185,531
185,541
185,586
185,672
185,676
185,677
185,707
185,735
185,746
185,750
185,763
185,791
185,827
185,852
185,864
185,896
185,904
185,976
185,983
186,224
186,230
186,264
186,291
186,294
186,306
186,313
186,322
186,328
186,337
186,377
186,388
186,412
186,417
186,419
186,479
186,485
186,510
186,517
186,545
186,546
186,549
186,555
186,565
186,603
186,648
186,670
186,685
186,707
186,716
186,726
186,753
186,765
186,817
186,827
186,868
186,877
186,910
186,965
186,969
186,973
186,980
186,986
186,988
186,992
187,212
187,236
187,247
187,276
187,304
187,319
187,331
187,338
187,358
187,381
187,416
187,432
187,434
187,458
187,489
187,504
187,530
187,549
187,559
187,564
187,617
187,645
187,745
187,759
187,777
187,808
187,816
187,822
187,834
187,841
187,842
187,847
187,881
187,896
187,899
187,913
187,924
187,944
187,947
187,948
187,949
187,963
187,986
187,987
188,206
188,267
188,272
188,321
188,332
188,345
188,350
188,351
188,384
188,388
188,393
188,451
188,452
188,474
188,484
188,494
188,541
188,579
188,586
188,614
188,631
188,676
188,695
188,732
188,733
188,744
188,755
188,756
188,763
188,779
188,833
188,834
188,859
188,895
188,904
188,962
188,966
188,976
188,999
189,192
189,221
189,224
189,259
189,263
189,280
189,285
189,311
189,313
189,316
189,382
189,388
189,398
189,430
189,433
189,443
189,455
189,469
189,479
189,502
189,519
189,538
189,552
189,590
189,593
189,601
189,625
189,664
189,704
189,707
189,716
189,720
189,736
189,749
189,761
189,765
189,805
189,831
189,833
189,852
189,867
189,908
189,974
189,981
189,994
190,203
190,220
190,243
190,245
190,250
190,265
190,290
190,324
190,336
190,355
190,368
190,381
190,391
190,420
190,423
190,431
190,434
190,445
190,455
190,466
190,493
190,519
190,521
190,524
190,539
190,543
190,551
190,571
190,577
190,578
190,580
190,593
190,595
190,651
190,678
190,692
190,705
190,756
190,771
190,773
190,782
190,789
190,800
190,821
190,850
190,862
190,874
190,920
190,954
190,970
190,998
191,195
191,205
191,213
191,217
191,237
191,246
191,271
191,281
191,303
191,309
191,318
191,347
191,364
191,370
191,433
191,470
191,509
191,531
191,550
191,552
191,565
191,579
191,582
191,611
191,614
191,615
191,627
191,640
191,647
191,655
191,722
191,740
191,742
191,784
191,833
191,844
191,864
191,900
191,943
192,218
192,259
192,307
192,363
192,417
192,500
192,521
192,537
192,554
192,668
192,690
192,722
192,778
192,792
192,810
192,820
192,848
192,899
192,902
192,915
192,921
192,950
192,953
193,222
193,227
193,282
193,284
193,332
193,346
193,353
193,354
193,362
193,381
193,390
193,397
193,430
193,447
193,453
193,460
193,469
193,512
193,515
193,539
193,568
193,572
193,576
193,594
193,607
193,627
193,647
193,686
193,692
193,698
193,699
193,728
193,737
193,759
193,775
193,776
193,784
193,785
193,790
193,806
193,819
193,820
193,824
193,825
193,840
193,857
193,883
193,887
193,897
193,908
193,923
193,928
193,929
193,932
193,947
193,992
193,997
194,258
194,297
194,312
194,355
194,368
194,391
194,477
194,549
194,560
194,580
194,603
194,647
194,684
194,697
194,760
194,774
194,776
194,836
194,837
194,916
194,959
194,987
195,203
195,213
195,217
195,219
195,224
195,268
195,271
195,281
195,286
195,303
195,309
195,323
195,324
195,326
195,364
195,370
195,494
195,525
195,526
195,531
195,584
195,624
195,640
195,760
195,820
195,864
195,865
195,873
195,902
195,915
195,934
195,937
195,940
195,942
195,957
195,967
196,205
196,220
196,240
196,269
196,303
196,327
196,366
196,429
196,430
196,450
196,482
196,501
196,507
196,509
196,599
196,605
196,611
196,616
196,651
196,655
196,678
196,679
196,701
196,717
196,742
196,752
196,764
196,768
196,773
196,781
196,784
196,817
196,865
196,874
196,884
196,886
196,893
196,903
196,957
197,200
197,217
197,253
197,282
197,363
197,367
197,418
197,466
197,480
197,489
197,516
197,574
197,637
197,654
197,690
197,693
197,721
197,731
197,770
197,799
197,918
197,925
197,950
197,961
197,977
198,200
198,205
198,242
198,295
198,299
198,317
198,343
198,361
198,391
198,501
198,635
198,666
198,744
198,760
198,786
198,788
198,823
198,843
198,850
198,862
198,874
198,900
198,942
199,210
199,216
199,224
199,234
199,249
199,251
199,253
199,310
199,312
199,346
199,380
199,385
199,530
199,557
199,560
199,565
199,606
199,710
199,834
199,849
199,877
199,911
199,919
199,973
199,992
200,218
200,247
200,259
200,260
200,284
200,307
200,343
200,353
200,363
200,407
200,418
200,441
200,480
200,489
200,500
200,503
200,513
200,554
200,574
200,589
200,602
200,610
200,622
200,652
200,668
200,721
200,732
200,740
200,820
200,871
200,889
200,917
200,944
200,982
201,238
201,249
201,256
201,280
201,282
201,306
201,308
201,352
201,354
201,363
201,376
201,382
201,388
201,409
201,410
201,411
201,417
201,426
201,443
201,462
201,472
201,484
201,537
201,547
201,554
201,555
201,579
201,601
201,620
201,636
201,707
201,720
201,770
201,777
201,820
201,829
201,848
201,852
201,873
201,910
201,915
201,922
201,926
201,944
202,217
202,219
202,237
202,254
202,286
202,314
202,347
202,355
202,356
202,383
202,387
202,388
202,389
202,420
202,482
202,531
202,586
202,746
202,750
202,791
202,805
202,864
202,869
202,902
202,904
203,208
203,296
203,297
203,299
203,355
203,368
203,412
203,430
203,456
203,502
203,561
203,566
203,588
203,595
203,635
203,678
203,734
203,751
203,768
203,769
203,773
203,794
203,799
203,800
203,805
203,850
203,872
203,874
203,891
203,925
203,954
203,959
203,963
203,995
204,260
204,264
204,352
204,379
204,414
204,417
204,431
204,450
204,481
204,489
204,529
204,537
204,544
204,562
204,574
204,617
204,645
204,656
204,659
204,670
204,696
204,719
204,848
204,878
204,921
204,925
204,944
204,969
204,971
205,240
205,269
205,279
205,309
205,317
205,325
205,330
205,399
205,430
205,482
205,491
205,508
205,543
205,551
205,572
205,613
205,701
205,703
205,717
205,725
205,731
205,742
205,757
205,758
205,781
205,788
205,825
205,832
205,893
205,903
205,928
205,938
205,957
205,963
206,246
206,273
206,280
206,291
206,384
206,398
206,541
206,585
206,614
206,631
206,702
206,830
206,834
206,951
206,962
207,240
207,254
207,283
207,420
207,474
207,523
207,528
207,598
207,611
207,691
207,744
207,781
207,788
207,832
207,862
207,923
207,937
207,986
207,989
208,279
208,288
208,301
208,320
208,549
208,550
208,556
208,559
208,577
208,642
208,643
208,667
208,668
208,762
208,767
208,868
208,966
208,982
209,232
209,285
209,294
209,313
209,382
209,384
209,398
209,428
209,429
209,449
209,452
209,455
209,462
209,484
209,486
209,546
209,569
209,636
209,648
209,671
209,676
209,677
209,721
209,732
209,752
209,761
209,765
209,780
209,802
209,834
209,846
209,867
209,873
209,904
209,908
209,990
209,994
209,999
210,213
210,217
210,223
210,248
210,323
210,324
210,377
210,385
210,405
210,442
210,468
210,481
210,495
210,509
210,521
210,535
210,541
210,543
210,544
210,599
210,606
210,615
210,625
210,641
210,647
210,648
210,660
210,671
210,685
210,711
210,739
210,743
210,762
210,771
210,815
210,821
210,834
210,869
210,878
210,880
210,890
210,911
210,947
210,949
210,950
210,956
210,999
211,243
211,290
211,320
211,356
211,420
211,437
211,463
211,476
211,556
211,577
211,595
211,642
211,661
211,669
211,724
211,769
211,773
211,776
211,781
211,795
211,844
211,855
211,903
211,963
211,968
211,983
211,998
212,213
212,244
212,252
212,305
212,352
212,446
212,483
212,516
212,562
212,589
212,625
212,645
212,656
212,670
212,716
212,847
212,919
212,921
212,925
212,946
212,961
212,977
213,217
213,219
213,248
213,280
213,309
213,323
213,325
213,350
213,370
213,398
213,430
213,471
213,474
213,526
213,530
213,531
213,537
213,584
213,599
213,605
213,622
213,624
213,755
213,807
213,826
213,885
213,903
213,911
213,937
213,940
213,942
213,985
213,990
214,216
214,234
214,237
214,254
214,289
214,322
214,331
214,348
214,352
214,465
214,496
214,525
214,535
214,552
214,555
214,599
214,606
214,641
214,642
214,722
214,734
214,753
214,759
214,777
214,778
214,783
214,787
214,803
214,811
214,829
214,867
214,871
214,885
214,911
214,945
214,957
214,971
215,288
215,362
215,371
215,469
215,476
215,522
215,539
215,563
215,576
215,583
215,584
215,607
215,611
215,620
215,632
215,733
215,787
215,851
215,855
215,883
215,923
215,991
215,997
216,223
216,227
216,231
216,234
216,238
216,253
216,254
216,264
216,338
216,388
216,465
216,502
216,509
216,535
216,555
216,634
216,683
216,747
216,783
216,833
216,834
216,871
216,875
216,921
216,947
216,953
216,973
217,219
217,247
217,248
217,271
217,281
217,289
217,299
217,303
217,309
217,324
217,325
217,347
217,372
217,378
217,421
217,450
217,463
217,495
217,499
217,550
217,559
217,580
217,605
217,608
217,615
217,625
217,678
217,704
217,754
217,758
217,784
217,785
217,788
217,818
217,893
217,916
217,923
217,934
217,937
217,990
217,999
218,244
218,247
218,252
218,260
218,272
218,307
218,332
218,337
218,363
218,367
218,442
218,460
218,489
218,503
218,541
218,547
218,554
218,582
218,596
218,609
218,610
218,612
218,620
218,716
218,722
218,801
218,811
218,820
218,821
218,836
218,848
218,870
218,876
218,899
218,908
218,910
218,922
218,932
218,944
218,947
218,956
219,220
219,248
219,271
219,294
219,409
219,421
219,445
219,508
219,521
219,523
219,526
219,543
219,584
219,595
219,605
219,624
219,651
219,667
219,677
219,699
219,742
219,748
219,758
219,782
219,783
219,784
219,818
219,825
219,836
219,850
219,852
219,854
219,868
219,893
219,911
219,920
219,926
219,937
219,940
219,956
219,968
219,976
219,985
219,990
220,294
220,296
220,297
220,327
220,355
220,450
220,482
220,508
220,569
220,578
220,605
220,611
220,616
220,651
220,655
220,691
220,701
220,717
220,742
220,758
220,764
220,825
220,884
220,893
220,957
221,230
221,252
221,313
221,316
221,321
221,322
221,335
221,350
221,389
221,398
221,404
221,455
221,464
221,484
221,525
221,530
221,546
221,554
221,559
221,565
221,582
221,590
221,627
221,640
221,660
221,690
221,694
221,736
221,741
221,765
221,791
221,810
221,827
221,833
221,846
221,852
221,867
221,877
221,898
221,901
221,910
221,915
221,944
221,967
221,974
221,980
221,981
221,999
222,241
222,277
222,284
222,289
222,304
222,319
222,332
222,341
222,368
222,381
222,425
222,432
222,453
222,460
222,469
222,487
222,492
222,568
222,576
222,601
222,620
222,630
222,638
222,674
222,712
222,733
222,745
222,774
222,777
222,790
222,840
222,856
222,923
222,928
222,958
223,255
223,348
223,377
223,516
223,521
223,579
223,629
223,660
223,743
223,759
223,779
223,821
223,850
223,875
223,878
223,953
223,999
224,246
224,322
224,327
224,334
224,340
224,380
224,388
224,419
224,455
224,510
224,521
224,535
224,546
224,565
224,627
224,710
224,738
224,765
224,778
224,799
224,821
224,827
224,950
224,986
225,257
225,267
225,287
225,313
225,366
225,371
225,397
225,405
225,413
225,421
225,457
225,469
225,478
225,486
225,502
225,517
225,534
225,542
225,544
225,563
225,567
225,570
225,591
225,592
225,618
225,694
225,705
225,711
225,730
225,733
225,762
225,780
225,787
225,792
225,803
225,811
225,847
225,882
225,907
226,255
226,294
226,321
226,361
226,362
226,470
226,598
226,608
226,615
226,651
226,667
226,714
226,739
226,740
226,784
226,788
226,833
226,845
226,877
226,883
226,905
226,989
227,231
227,245
227,256
227,268
227,286
227,288
227,289
227,298
227,312
227,315
227,340
227,354
227,377
227,381
227,389
227,392
227,405
227,406
227,466
227,467
227,470
227,486
227,530
227,535
227,536
227,549
227,570
227,580
227,581
227,591
227,598
227,603
227,615
227,625
227,639
227,649
227,669
227,678
227,682
227,704
227,731
227,738
227,748
227,771
227,782
227,785
227,796
227,813
227,821
227,837
227,871
227,881
227,885
227,924
227,947
228,243
228,265
228,272
228,336
228,340
228,408
228,420
228,450
228,482
228,595
228,616
228,661
228,678
228,679
228,717
228,769
228,794
228,845
228,874
228,891
229,234
229,371
229,448
229,454
229,576
229,618
229,621
229,644
229,708
229,714
229,727
229,775
229,776
229,777
229,785
229,819
229,853
229,925
229,931
229,972
229,997
230,238
230,255
230,280
230,318
230,339
230,377
230,381
230,386
230,411
230,415
230,428
230,440
230,449
230,462
230,465
230,468
230,485
230,510
230,541
230,547
230,550
230,552
230,555
230,581
230,583
230,602
230,609
230,625
230,650
230,685
230,687
230,740
230,741
230,760
230,765
230,791
230,798
230,827
230,871
230,875
230,877
230,881
230,911
230,915
230,936
230,951
230,968
230,969
230,975
230,981
230,999
231,249
231,254
231,255
231,328
231,392
231,434
231,465
231,531
231,535
231,558
231,583
231,639
231,762
231,772
231,783
231,813
231,850
231,871
231,901
231,953
231,994
232,262
232,273
232,280
232,285
232,294
232,328
232,382
232,427
232,428
232,439
232,441
232,570
232,581
232,615
232,636
232,648
232,707
232,726
232,736
232,740
232,761
232,846
232,848
232,852
232,854
232,867
232,898
232,904
232,915
232,946
232,972
232,974
232,981
232,986
232,994
233,246
233,288
233,364
233,386
233,398
233,433
233,531
233,569
233,702
233,762
233,852
233,895
233,901
233,907
234,334
234,496
234,560
234,574
234,580
234,637
234,745
234,817
234,871
234,885
234,911
234,950
234,971
234,973
235,272
235,321
235,349
235,351
235,356
235,382
235,401
235,438
235,451
235,484
235,499
235,508
235,518
235,541
235,569
235,662
235,735
235,895
235,902
235,966
235,976
236,239
236,261
236,262
236,278
236,329
236,458
236,506
236,548
236,617
236,645
236,656
236,668
236,719
236,814
236,822
236,842
236,847
236,860
236,881
236,911
236,913
236,924
236,936
237,299
237,309
237,345
237,347
237,350
237,356
237,357
237,387
237,396
237,488
237,494
237,531
237,541
237,579
237,582
237,586
237,597
237,624
237,672
237,740
237,750
237,763
237,779
237,791
237,904
237,967
238,255
238,259
238,264
238,300
238,310
238,319
238,343
238,346
238,377
238,392
238,405
238,411
238,419
238,425
238,436
238,446
238,468
238,470
238,519
238,535
238,545
238,552
238,555
238,561
238,604
238,615
238,625
238,629
238,631
238,639
238,644
238,669
238,677
238,716
238,729
238,735
238,737
238,753
238,759
238,765
238,783
238,805
238,808
238,816
238,817
238,821
238,834
238,871
238,885
238,903
238,911
238,917
238,934
238,935
238,939
238,949
238,956
238,957
238,973
238,992
239,319
239,331
239,342
239,348
239,358
239,366
239,375
239,392
239,415
239,435
239,453
239,467
239,502
239,512
239,588
239,621
239,628
239,633
239,644
239,653
239,674
239,694
239,728
239,737
239,753
239,807
239,822
239,886
239,888
239,927
239,929
239,984
239,996
240,248
240,269
240,283
240,428
240,470
240,523
240,679
240,717
240,742
240,830
240,865
240,903
240,905
240,992
241,250
241,277
241,292
241,346
241,381
241,400
241,401
241,436
241,453
241,460
241,466
241,469
241,473
241,515
241,553
241,563
241,568
241,574
241,602
241,621
241,630
241,645
241,658
241,660
241,686
241,698
241,705
241,712
241,733
241,767
241,776
241,785
241,807
241,811
241,848
241,856
241,897
241,928
241,958
241,982
242,290
242,294
242,389
242,427
242,507
242,616
242,634
242,699
242,703
242,725
242,739
242,751
242,757
242,768
242,778
242,798
242,839
242,863
242,878
242,938
243,280
243,283
243,295
243,296
243,297
243,309
243,336
243,408
243,450
243,524
243,526
243,543
243,613
243,646
243,655
243,678
243,679
243,684
243,744
243,747
243,751
243,766
243,769
243,800
243,820
243,823
243,836
243,839
243,845
243,891
243,903
243,954
243,959
243,963
243,998
244,247
244,259
244,260
244,337
244,349
244,353
244,363
244,379
244,382
244,407
244,434
244,446
244,447
244,484
244,489
244,490
244,513
244,519
244,545
244,547
244,612
244,627
244,652
244,654
244,668
244,721
244,786
244,801
244,820
244,848
244,854
244,899
244,913
244,917
244,923
244,944
244,976
245,250
245,253
245,264
245,276
245,282
245,321
245,411
245,464
245,479
245,483
245,544
245,569
245,610
245,652
245,683
245,702
245,783
245,786
245,810
245,852
245,908
245,921
246,302
246,310
246,334
246,339
246,347
246,351
246,364
246,386
246,387
246,398
246,404
246,409
246,419
246,433
246,452
246,455
246,472
246,488
246,531
246,535
246,569
246,579
246,582
246,590
246,602
246,614
246,662
246,672
246,681
246,716
246,741
246,792
246,812
246,821
246,833
246,846
246,852
246,867
246,873
246,880
246,898
246,901
246,902
247,259
247,260
247,282
247,293
247,307
247,337
247,353
247,357
247,367
247,421
247,441
247,446
247,478
247,480
247,489
247,500
247,513
247,528
247,529
247,547
247,562
247,596
247,602
247,610
247,612
247,619
247,652
247,668
247,680
247,689
247,693
247,704
247,716
247,772
247,808
247,848
247,870
247,910
247,922
247,939
247,944
247,964
247,987
248,283
248,294
248,299
248,310
248,382
248,383
248,430
248,463
248,475
248,507
248,536
248,543
248,571
248,575
248,582
248,595
248,608
248,627
248,629
248,653
248,660
248,667
248,684
248,735
248,739
248,744
248,749
248,758
248,759
248,769
248,780
248,783
248,788
248,799
248,823
248,845
248,872
248,896
248,903
248,905
248,920
248,933
248,947
248,957
248,975
249,253
249,334
249,364
249,410
249,417
249,443
249,449
249,720
249,759
249,844
249,852
249,873
249,910
249,998
250,255
250,266
250,287
250,292
250,300
250,319
250,329
250,332
250,346
250,358
250,387
250,413
250,432
250,453
250,459
250,460
250,466
250,469
250,473
250,487
250,492
250,496
250,520
250,540
250,556
250,563
250,568
250,570
250,592
250,621
250,625
250,630
250,638
250,682
250,725
250,730
250,733
250,764
250,775
250,804
250,814
250,856
250,866
250,879
250,883
250,886
250,927
250,928
250,936
250,947
250,958
251,348
251,349
251,364
251,390
251,464
251,480
251,523
251,527
251,626
251,729
251,745
251,777
251,780
251,784
251,808
251,814
251,830
251,886
251,896
251,924
251,943
251,947
251,956
251,971
251,987
252,259
252,260
252,276
252,334
252,359
252,395
252,407
252,421
252,426
252,458
252,472
252,492
252,574
252,589
252,596
252,597
252,600
252,602
252,654
252,698
252,700
252,770
252,801
252,802
252,847
252,853
252,861
252,870
252,886
252,889
252,928
252,941
252,946
252,957
252,961
253,324
253,326
253,334
253,337
253,379
253,390
253,414
253,417
253,479
253,483
253,516
253,519
253,530
253,547
253,564
253,572
253,589
253,616
253,626
253,654
253,704
253,707
253,797
253,899
253,908
253,917
253,925
253,977
254,286
254,298
254,300
254,312
254,377
254,464
254,465
254,504
254,510
254,521
254,525
254,530
254,532
254,560
254,567
254,574
254,650
254,660
254,674
254,680
254,734
254,803
254,805
254,811
254,817
254,822
254,829
254,861
254,871
254,877
254,911
254,953
254,956
255,260
255,268
255,294
255,306
255,315
255,334
255,350
255,377
255,392
255,406
255,433
255,463
255,521
255,528
255,532
255,533
255,599
255,615
255,641
255,688
255,705
255,718
255,748
255,753
255,759
255,772
255,805
255,821
255,834
255,857
255,871
255,875
255,877
255,878
255,896
255,898
255,903
255,911
255,920
255,934
255,936
255,948
255,953
255,956
255,963
255,973
255,977
255,986
255,999
256,289
256,442
256,457
256,465
256,517
256,567
256,599
256,647
256,649
256,660
256,705
256,706
256,714
256,734
256,772
256,803
256,805
256,835
256,914
256,917
256,944
256,971
256,984
257,267
257,366
257,377
257,381
257,413
257,448
257,457
257,486
257,520
257,542
257,570
257,580
257,591
257,618
257,705
257,714
257,760
257,778
257,787
257,803
257,807
257,811
257,828
257,855
258,265
258,315
258,328
258,391
258,454
258,477
258,501
258,505
258,566
258,593
258,603
258,605
258,661
258,744
258,794
258,811
258,825
258,837
258,863
258,865
258,891
258,955
258,959
259,260
259,264
259,302
259,307
259,337
259,352
259,353
259,363
259,379
259,386
259,442
259,455
259,473
259,490
259,500
259,503
259,513
259,516
259,529
259,547
259,554
259,557
259,574
259,612
259,652
259,654
259,668
259,680
259,689
259,693
259,738
259,745
259,762
259,801
259,802
259,805
259,814
259,820
259,840
259,848
259,885
259,921
259,944
259,964
260,270
260,293
260,307
260,308
260,337
260,339
260,353
260,368
260,380
260,407
260,417
260,418
260,431
260,441
260,462
260,480
260,513
260,529
260,545
260,554
260,574
260,590
260,596
260,602
260,604
260,610
260,612
260,650
260,652
260,668
260,670
260,680
260,687
260,704
260,707
260,745
260,820
260,885
260,913
260,922
260,926
260,927
260,944
260,964
260,975
261,282
261,293
261,331
261,335
261,366
261,390
261,446
261,458
261,543
261,567
261,621
261,639
261,645
261,650
261,654
261,674
261,719
261,731
261,759
261,798
261,815
261,821
261,822
261,847
261,860
261,876
261,878
261,883
261,896
261,924
261,932
261,935
261,936
261,946
262,329
262,333
262,358
262,359
262,380
262,387
262,415
262,421
262,434
262,436
262,441
262,469
262,473
262,506
262,604
262,633
262,654
262,663
262,683
262,694
262,700
262,712
262,835
262,888
262,913
262,924
262,932
262,935
262,936
262,984
263,312
263,358
263,376
263,392
263,425
263,447
263,465
263,471
263,501
263,540
263,567
263,629
263,661
263,669
263,706
263,731
263,745
263,803
263,850
263,928
263,940
263,953
263,998
264,304
264,306
264,311
264,334
264,388
264,394
264,410
264,413
264,504
264,511
264,520
264,529
264,535
264,545
264,554
264,555
264,561
264,564
264,599
264,625
264,627
264,639
264,659
264,696
264,707
264,710
264,753
264,773
264,778
264,780
264,786
264,797
264,827
264,834
264,873
264,898
264,911
264,917
264,925
264,926
264,945
264,947
264,971
264,973
264,974
264,992
265,365
265,381
265,423
265,450
265,524
265,543
265,551
265,571
265,573
265,699
265,703
265,789
265,800
265,917
265,925
265,932
265,954
266,276
266,381
266,400
266,448
266,487
266,540
266,621
266,644
266,658
266,728
266,730
266,731
266,733
266,764
266,773
266,822
266,835
266,860
266,883
266,889
266,909
267,413
267,422
267,448
267,454
267,457
267,473
267,486
267,510
267,515
267,541
267,570
267,591
267,604
267,618
267,674
267,684
267,692
267,705
267,706
267,728
267,734
267,737
267,745
267,775
267,780
267,787
267,803
267,814
267,816
267,819
267,824
267,837
267,840
267,885
267,886
267,887
267,926
267,928
267,931
268,294
268,338
268,400
268,418
268,475
268,501
268,521
268,533
268,599
268,667
268,739
268,817
269,283
269,294
269,323
269,327
269,355
269,430
269,474
269,482
269,508
269,523
269,570
269,595
269,605
269,613
269,648
269,651
269,677
269,706
269,749
269,750
269,753
269,758
269,784
269,818
269,825
269,846
269,872
269,874
269,884
269,893
269,905
269,957
269,990
270,282
270,353
270,362
270,395
270,441
270,458
270,472
270,529
270,596
270,652
270,707
270,721
270,816
270,861
270,906
270,941
271,275
271,301
271,309
271,323
271,350
271,364
271,377
271,497
271,531
271,784
271,893
272,273
272,285
272,302
272,345
272,351
272,356
272,384
272,451
272,484
272,494
272,499
272,541
272,543
272,561
272,569
272,573
272,579
272,586
272,608
272,609
272,614
272,625
272,644
272,648
272,651
272,671
272,677
272,735
272,746
272,763
272,777
272,779
272,831
272,859
272,890
272,895
272,915
272,966
272,976
272,985
273,337
273,349
273,351
273,384
273,386
273,403
273,433
273,438
273,484
273,499
273,546
273,567
273,569
273,574
273,579
273,585
273,614
273,631
273,641
273,662
273,672
273,677
273,679
273,694
273,702
273,722
273,732
273,735
273,741
273,750
273,755
273,756
273,763
273,778
273,784
273,792
273,830
273,831
273,839
273,895
273,900
273,908
273,911
273,951
273,962
273,974
273,976
274,285
274,333
274,352
274,353
274,367
274,414
274,426
274,480
274,507
274,516
274,554
274,564
274,619
274,637
274,644
274,654
274,659
274,670
274,680
274,709
274,721
274,729
274,812
274,829
274,846
274,870
274,919
274,941
274,949
274,961
275,294
275,309
275,318
275,324
275,376
275,531
275,550
275,629
275,826
275,864
275,900
276,408
276,429
276,434
276,451
276,472
276,488
276,514
276,525
276,533
276,583
276,652
276,664
276,719
276,816
276,821
276,871
276,908
276,917
276,956
276,984
277,284
277,295
277,296
277,332
277,354
277,362
277,371
277,381
277,420
277,434
277,447
277,448
277,453
277,471
277,486
277,493
277,494
277,498
277,507
277,522
277,527
277,528
277,539
277,543
277,546
277,576
277,676
277,692
277,728
277,753
277,767
277,775
277,790
277,837
277,839
277,853
277,883
277,887
277,912
277,947
277,969
277,991
277,997
278,293
278,307
278,333
278,352
278,359
278,394
278,395
278,414
278,421
278,434
278,446
278,458
278,472
278,480
278,489
278,537
278,589
278,617
278,637
278,652
278,654
278,700
278,707
278,715
278,737
278,738
278,802
278,842
278,946
278,952
279,364
279,399
279,482
279,566
279,678
279,757
279,768
279,769
279,770
279,839
279,843
279,963
279,965
280,285
280,308
280,313
280,357
280,363
280,377
280,394
280,417
280,421
280,443
280,462
280,468
280,490
280,503
280,538
280,554
280,579
280,590
280,601
280,650
280,654
280,720
280,726
280,736
280,738
280,761
280,765
280,771
280,854
280,873
280,921
280,925
280,981
281,294
281,303
281,323
281,327
281,343
281,370
281,378
281,508
281,526
281,531
281,543
281,572
281,575
281,595
281,624
281,754
281,784
281,854
281,940
282,331
282,333
282,352
282,379
282,411
282,414
282,415
282,425
282,446
282,458
282,483
282,489
282,533
282,537
282,544
282,589
282,597
282,619
282,637
282,654
282,659
282,670
282,680
282,693
282,700
282,721
282,736
282,737
282,757
282,759
282,770
282,772
282,793
282,801
282,820
282,860
282,861
282,870
282,946
282,948
282,961
283,294
283,325
283,475
283,501
283,559
283,575
283,634
283,744
283,759
283,784
283,788
283,799
283,878
283,903
283,905
283,933
283,957
284,319
284,327
284,362
284,371
284,381
284,395
284,405
284,430
284,440
284,448
284,457
284,459
284,460
284,469
284,522
284,528
284,553
284,591
284,600
284,607
284,618
284,686
284,692
284,693
284,698
284,700
284,703
284,706
284,728
284,767
284,775
284,776
284,785
284,806
284,819
284,828
284,856
284,883
284,921
284,923
284,928
284,931
285,308
285,313
285,328
285,339
285,359
285,363
285,394
285,417
285,419
285,490
285,538
285,539
285,560
285,581
285,590
285,601
285,630
285,720
285,736
285,756
285,758
285,761
285,829
285,834
285,852
285,854
285,895
285,898
285,980
285,981
286,289
286,302
286,312
286,315
286,374
286,377
286,392
286,400
286,442
286,464
286,501
286,521
286,538
286,562
286,593
286,598
286,641
286,660
286,682
286,688
286,759
286,837
286,877
286,885
286,965
286,989
287,290
287,296
287,338
287,406
287,413
287,423
287,431
287,460
287,521
287,522
287,669
287,684
287,790
287,851
287,853
287,883
287,921
287,957
287,970
287,982
287,983
287,998
288,296
288,297
288,301
288,332
288,355
288,371
288,430
288,476
288,528
288,530
288,556
288,566
288,588
288,642
288,643
288,647
288,657
288,661
288,673
288,698
288,708
288,725
288,731
288,748
288,758
288,773
288,807
288,823
288,828
288,851
288,857
288,868
288,871
288,874
288,883
288,889
288,912
288,914
288,926
288,978
288,982
288,988
288,998
289,298
289,304
289,306
289,332
289,380
289,392
289,400
289,405
289,502
289,504
289,511
289,517
289,536
289,542
289,559
289,560
289,565
289,570
289,588
289,625
289,649
289,662
289,673
289,706
289,719
289,731
289,734
289,745
289,772
289,782
289,787
289,803
289,805
289,828
289,833
289,868
289,948
289,961
289,978
290,297
290,320
290,420
290,431
290,437
290,445
290,453
290,457
290,472
290,475
290,486
290,577
290,595
290,613
290,642
290,643
290,661
290,751
290,891
290,928
290,959
290,981
290,982
290,983
290,998
291,302
291,304
291,321
291,349
291,364
291,388
291,393
291,394
291,398
291,452
291,509
291,518
291,536
291,565
291,605
291,614
291,648
291,662
291,676
291,677
291,702
291,756
291,782
291,812
291,830
291,833
291,864
291,886
291,901
291,951
291,962
292,315
292,341
292,432
292,469
292,542
292,563
292,630
292,707
292,733
292,835
292,840
292,856
292,958
293,305
293,329
293,367
293,421
293,458
293,481
293,489
293,537
293,589
293,597
293,602
293,633
293,668
293,748
293,770
293,785
293,802
293,847
293,861
293,883
293,889
293,952
293,993
294,299
294,325
294,361
294,376
294,409
294,420
294,433
294,475
294,506
294,508
294,514
294,517
294,523
294,575
294,580
294,603
294,608
294,613
294,660
294,667
294,677
294,709
294,711
294,739
294,758
294,759
294,772
294,782
294,784
294,785
294,788
294,804
294,818
294,864
294,872
294,884
294,903
294,908
294,920
294,928
294,933
294,934
294,990
294,998
295,338
295,362
295,371
295,381
295,397
295,401
295,431
295,456
295,460
295,469
295,482
295,493
295,512
295,522
295,605
295,624
295,632
295,694
295,695
295,697
295,705
295,706
295,762
295,767
295,775
295,785
295,790
295,828
295,853
295,874
295,887
295,907
295,912
295,928
295,931
295,959
295,983
295,991
295,992
296,301
296,338
296,354
296,362
296,371
296,392
296,406
296,457
296,466
296,476
296,498
296,522
296,528
296,544
296,556
296,587
296,643
296,673
296,728
296,790
296,821
296,858
296,874
296,896
296,907
296,912
296,935
296,982
296,991
297,301
297,324
297,355
297,368
297,408
297,420
297,430
297,431
297,445
297,461
297,482
297,501
297,524
297,543
297,549
297,566
297,571
297,577
297,578
297,588
297,593
297,595
297,613
297,618
297,661
297,678
297,679
297,684
297,695
297,699
297,703
297,725
297,737
297,751
297,754
297,769
297,772
297,773
297,784
297,794
297,800
297,818
297,821
297,825
297,834
297,836
297,837
297,850
297,891
297,897
297,954
297,957
297,963
297,983
298,354
298,364
298,367
298,392
298,512
298,530
298,535
298,560
298,591
298,643
298,660
298,753
298,759
298,834
298,953
298,979
298,992
299,430
299,463
299,470
299,546
299,575
299,653
299,666
299,709
299,744
299,749
299,771
299,772
299,794
299,850
299,862
299,876
299,979
299,995
300,346
300,366
300,376
300,459
300,481
300,520
300,534
300,563
300,606
300,630
300,638
300,658
300,730
300,764
300,780
300,866
300,909
301,317
301,368
301,406
301,420
301,431
301,476
301,502
301,536
301,556
301,580
301,613
301,643
301,670
301,762
301,850
301,868
301,874
301,982
302,315
302,326
302,328
302,345
302,350
302,356
302,383
302,384
302,387
302,393
302,398
302,401
302,404
302,438
302,488
302,497
302,499
302,531
302,535
302,573
302,579
302,582
302,585
302,586
302,608
302,614
302,629
302,672
302,684
302,723
302,740
302,755
302,756
302,760
302,792
302,826
302,831
302,859
302,895
302,902
302,904
302,962
302,967
302,976
303,309
303,318
303,323
303,386
303,395
303,430
303,494
303,508
303,548
303,579
303,640
303,653
303,714
303,716
303,753
303,763
303,796
303,852
303,864
303,869
303,893
303,910
303,920
304,332
304,354
304,369
304,392
304,397
304,440
304,460
304,467
304,473
304,486
304,487
304,502
304,516
304,520
304,542
304,558
304,566
304,567
304,570
304,591
304,618
304,639
304,705
304,721
304,734
304,780
304,785
304,807
304,811
304,835
304,864
304,909
304,929
304,930
304,939
304,963
305,329
305,352
305,421
305,458
305,472
305,589
305,652
305,693
305,861
305,870
305,889
305,932
305,946
306,380
306,388
306,464
306,467
306,510
306,530
306,533
306,561
306,564
306,614
306,627
306,628
306,650
306,656
306,667
306,693
306,710
306,713
306,716
306,738
306,743
306,761
306,765
306,791
306,815
306,834
306,873
306,883
306,898
306,917
306,921
306,924
306,964
306,968
306,981
306,986
307,353
307,407
307,472
307,503
307,516
307,530
307,602
307,610
307,612
307,619
307,622
307,652
307,668
307,680
307,693
307,713
307,761
307,834
307,881
307,888
307,908
307,922
307,944
307,946
307,961
307,977
308,310
308,311
308,313
308,319
308,394
308,462
308,510
308,519
308,545
308,562
308,582
308,654
308,676
308,680
308,707
308,710
308,731
308,752
308,761
308,797
308,810
308,834
308,852
308,962
308,974
308,980
308,981
308,997
309,327
309,338
309,339
309,345
309,370
309,383
309,386
309,409
309,451
309,484
309,526
309,529
309,531
309,579
309,599
309,605
309,640
309,642
309,744
309,746
309,750
309,759
309,864
309,869
309,872
309,951
309,962
309,974
310,316
310,388
310,468
310,479
310,510
310,524
310,565
310,581
310,625
310,639
310,685
310,716
310,786
310,812
310,827
310,830
310,980
311,377
311,380
311,390
311,429
311,530
311,535
311,536
311,561
311,640
311,710
311,778
311,783
311,786
311,803
311,816
311,834
311,908
311,910
311,966
311,971
312,313
312,366
312,386
312,391
312,392
312,404
312,475
312,502
312,521
312,528
312,536
312,599
312,606
312,610
312,614
312,616
312,645
312,648
312,649
312,660
312,669
312,682
312,688
312,708
312,731
312,745
312,748
312,759
312,760
312,771
312,772
312,810
312,828
312,837
312,844
312,883
312,885
312,890
312,934
312,939
312,955
312,963
312,989
312,995
313,316
313,394
313,409
313,449
313,455
313,462
313,464
313,519
313,579
313,581
313,590
313,685
313,686
313,694
313,735
313,738
313,752
313,761
313,771
313,782
313,830
313,852
313,854
313,981
313,994
314,315
314,336
314,382
314,391
314,420
314,477
314,563
314,580
314,635
314,674
314,762
314,793
314,827
314,828
314,837
314,863
314,983
315,344
315,405
315,409
315,454
315,525
315,536
315,549
315,552
315,588
315,603
315,623
315,669
315,682
315,748
315,813
315,821
315,828
315,834
315,844
315,863
315,891
315,917
315,947
315,955
315,978
316,321
316,329
316,335
316,339
316,352
316,383
316,404
316,419
316,439
316,449
316,455
316,468
316,492
316,495
316,510
316,565
316,625
316,641
316,660
316,671
316,685
316,693
316,712
316,741
316,750
316,779
316,810
316,829
316,833
316,846
316,852
316,854
316,867
316,877
316,880
316,887
316,915
316,920
316,964
316,966
316,969
316,974
316,980
317,351
317,355
317,373
317,391
317,430
317,460
317,465
317,477
317,495
317,593
317,601
317,634
317,635
317,655
317,703
317,789
317,799
317,800
317,823
317,843
317,850
317,865
317,893
317,915
317,982
318,323
318,328
318,340
318,350
318,351
318,380
318,402
318,409
318,431
318,436
318,470
318,494
318,497
318,508
318,511
318,566
318,579
318,616
318,640
318,653
318,740
318,743
318,750
318,755
318,759
318,784
318,795
318,812
318,826
318,864
318,869
318,890
318,900
318,901
318,934
318,940
318,953
318,968
319,329
319,331
319,346
319,358
319,366
319,402
319,415
319,436
319,460
319,467
319,478
319,512
319,520
319,540
319,558
319,559
319,563
319,580
319,592
319,607
319,618
319,644
319,648
319,674
319,694
319,697
319,714
319,743
319,764
319,811
319,876
319,885
319,918
319,927
319,943
319,958
319,984
319,988
319,996
320,376
320,420
320,437
320,456
320,476
320,494
320,498
320,543
320,577
320,594
320,613
320,642
320,695
320,731
320,768
320,795
320,837
320,868
320,869
320,874
320,891
320,912
320,998
321,335
321,345
321,351
321,364
321,382
321,394
321,398
321,404
321,428
321,431
321,438
321,439
321,449
321,455
321,499
321,538
321,559
321,569
321,585
321,636
321,671
321,676
321,685
321,704
321,705
321,732
321,738
321,752
321,755
321,769
321,812
321,827
321,831
321,833
321,846
321,880
321,893
321,901
321,930
321,936
321,945
321,962
321,968
321,974
321,981
322,339
322,377
322,380
322,394
322,413
322,458
322,464
322,485
322,496
322,509
322,510
322,545
322,555
322,565
322,599
322,625
322,640
322,710
322,718
322,759
322,765
322,792
322,827
322,920
323,350
323,378
323,526
323,584
323,638
323,780
323,799
323,818
323,831
323,915
323,930
323,940
324,339
324,340
324,350
324,360
324,409
324,438
324,470
324,550
324,572
324,608
324,640
324,653
324,657
324,709
324,732
324,754
324,818
324,853
324,904
324,934
324,966
324,987
324,990
325,370
325,376
325,443
325,531
325,592
325,599
325,646
325,709
325,782
325,784
325,788
325,818
325,933
325,937
325,990
326,340
326,356
326,389
326,390
326,438
326,475
326,488
326,494
326,497
326,549
326,582
326,586
326,614
326,635
326,735
326,740
326,750
326,769
326,779
326,791
326,792
326,852
326,864
326,871
326,902
326,957
326,962
326,967
326,974
327,364
327,383
327,391
327,473
327,508
327,509
327,512
327,531
327,559
327,605
327,636
327,641
327,651
327,678
327,742
327,784
327,825
327,832
327,872
327,884
327,893
327,937
327,948
327,957
327,976
328,343
328,385
328,408
328,409
328,419
328,439
328,455
328,468
328,546
328,555
328,565
328,572
328,590
328,597
328,677
328,685
328,687
328,787
328,794
328,829
328,892
328,945
328,969
328,986
329,332
329,352
329,354
329,359
329,363
329,381
329,460
329,467
329,512
329,527
329,530
329,618
329,622
329,623
329,633
329,644
329,663
329,668
329,670
329,674
329,695
329,715
329,719
329,724
329,733
329,737
329,745
329,814
329,842
329,860
329,891
329,896
329,929
329,935
329,936
329,947
329,959
329,984
329,987
329,988
330,450
330,507
330,578
330,584
330,603
330,634
330,641
330,699
330,703
330,742
330,757
330,768
330,798
330,907
330,938
331,332
331,348
331,357
331,368
331,388
331,421
331,446
331,447
331,449
331,562
331,590
331,636
331,680
331,683
331,719
331,737
331,745
331,783
331,789
331,793
331,805
331,808
331,814
331,822
331,842
331,877
331,881
331,896
331,913
331,924
331,926
331,932
331,935
331,936
331,947
331,949
331,987
332,354
332,358
332,375
332,379
332,382
332,412
332,416
332,421
332,436
332,440
332,447
332,457
332,458
332,502
332,517
332,528
332,530
332,533
332,542
332,592
332,604
332,663
332,674
332,705
332,715
332,745
332,763
332,785
332,804
332,814
332,822
332,828
332,873
332,881
332,896
332,913
332,926
332,939
332,943
332,947
332,987
333,374
333,379
333,414
333,489
333,511
333,516
333,547
333,574
333,619
333,654
333,870
333,913
333,961
334,338
334,344
334,380
334,445
334,464
334,545
334,547
334,561
334,627
334,660
334,710
334,776
334,778
334,786
334,810
334,812
334,911
334,947
334,951
334,981
334,986
335,433
335,439
335,455
335,468
335,479
335,519
335,530
335,538
335,569
335,636
335,662
335,665
335,671
335,677
335,687
335,704
335,741
335,752
335,761
335,765
335,829
335,846
335,852
335,871
335,908
335,953
335,956
335,965
335,967
335,974
335,980
335,981
335,989
336,365
336,430
336,445
336,508
336,524
336,543
336,551
336,566
336,593
336,594
336,605
336,616
336,655
336,678
336,684
336,703
336,725
336,769
336,782
336,823
336,836
336,864
336,872
336,957
336,975
337,342
337,353
337,363
337,367
337,379
337,390
337,442
337,500
337,503
337,513
337,547
337,554
337,564
337,590
337,652
337,680
337,686
337,689
337,707
337,731
337,743
337,765
337,778
337,784
337,786
337,802
337,805
337,820
337,848
337,910
337,932
337,944
337,950
337,952
337,956
337,964
337,977
338,362
338,369
338,371
338,393
338,413
338,431
338,486
338,493
338,522
338,528
338,626
338,643
338,686
338,701
338,745
338,762
338,767
338,785
338,787
338,790
338,795
338,819
338,828
338,858
338,868
338,912
338,972
338,979
338,987
339,360
339,363
339,364
339,370
339,384
339,386
339,398
339,404
339,409
339,417
339,419
339,428
339,455
339,464
339,470
339,479
339,507
339,541
339,552
339,569
339,579
339,582
339,586
339,595
339,601
339,614
339,640
339,660
339,671
339,676
339,677
339,694
339,704
339,710
339,720
339,746
339,750
339,752
339,769
339,770
339,782
339,791
339,792
339,812
339,827
339,829
339,875
339,877
339,880
339,899
339,902
339,915
339,930
339,945
339,962
339,968
339,988
340,356
340,387
340,438
340,443
340,494
340,497
340,521
340,531
340,541
340,565
340,569
340,590
340,629
340,640
340,676
340,704
340,746
340,750
340,754
340,755
340,791
340,827
340,864
340,869
340,877
340,904
340,967
341,432
341,460
341,469
341,620
341,630
341,764
341,769
341,840
341,915
341,958
342,458
342,481
342,506
342,537
342,561
342,562
342,628
342,719
342,822
342,876
342,952
343,377
343,385
343,386
343,394
343,398
343,439
343,446
343,468
343,472
343,485
343,555
343,565
343,599
343,627
343,649
343,650
343,670
343,748
343,765
343,769
343,784
343,815
343,827
343,878
343,890
343,892
343,922
343,930
343,945
343,956
343,968
343,969
343,994
344,392
344,405
344,430
344,465
344,477
344,478
344,482
344,536
344,549
344,567
344,599
344,641
344,675
344,682
344,688
344,726
344,748
344,753
344,759
344,794
344,795
344,813
344,837
344,863
344,911
344,948
344,949
345,351
345,401
345,408
345,451
345,488
345,499
345,512
345,533
345,541
345,573
345,579
345,585
345,614
345,677
345,735
345,750
345,755
345,763
345,784
345,791
345,831
345,951
345,966
345,976
346,354
346,428
346,435
346,453
346,460
346,466
346,469
346,473
346,522
346,553
346,583
346,592
346,626
346,677
346,686
346,698
346,775
346,776
346,787
346,855
346,856
346,858
346,874
346,918
346,923
346,963
346,971
346,984
346,993
347,356
347,380
347,387
347,554
347,562
347,579
347,586
347,702
347,750
347,791
347,800
347,904
348,381
348,397
348,415
348,447
348,496
348,548
348,626
348,645
348,663
348,690
348,695
348,734
348,814
348,881
348,889
348,896
348,917
348,947
348,953
348,971
349,351
349,384
349,387
349,393
349,419
349,452
349,569
349,614
349,631
349,662
349,676
349,681
349,702
349,743
349,756
349,761
349,791
349,830
349,833
349,866
349,966
349,994
350,356
350,364
350,384
350,386
350,388
350,409
350,465
350,470
350,474
350,488
350,511
350,543
350,552
350,629
350,640
350,657
350,662
350,671
350,677
350,741
350,750
350,760
350,773
350,784
350,826
350,833
350,877
350,880
350,890
350,902
350,911
350,915
350,920
350,929
350,952
350,957
350,962
350,980
350,984
350,999
351,384
351,398
351,401
351,403
351,451
351,452
351,470
351,475
351,481
351,484
351,541
351,579
351,582
351,586
351,599
351,614
351,666
351,700
351,704
351,731
351,735
351,755
351,763
351,791
351,792
351,802
351,859
351,890
351,904
351,915
351,951
351,974
351,976
352,359
352,363
352,367
352,379
352,390
352,395
352,414
352,421
352,429
352,446
352,450
352,480
352,489
352,502
352,548
352,562
352,588
352,633
352,637
352,644
352,654
352,656
352,659
352,670
352,680
352,700
352,775
352,792
352,797
352,896
352,919
352,939
352,946
352,949
352,961
352,963
353,363
353,421
353,426
353,441
353,481
353,489
353,497
353,500
353,516
353,519
353,596
353,602
353,610
353,612
353,615
353,659
353,661
353,668
353,670
353,677
353,693
353,720
353,721
353,820
353,842
353,848
353,889
353,906
353,908
353,961
353,964
353,977
354,369
354,380
354,381
354,395
354,440
354,450
354,456
354,457
354,460
354,467
354,493
354,502
354,527
354,539
354,567
354,570
354,590
354,597
354,604
354,613
354,629
354,647
354,706
354,714
354,728
354,745
354,762
354,775
354,780
354,785
354,786
354,802
354,911
354,926
354,939
354,948
354,965
354,972
354,990
355,361
355,368
355,371
355,420
355,423
355,450
355,476
355,486
355,536
355,540
355,566
355,567
355,577
355,595
355,642
355,661
355,673
355,678
355,684
355,691
355,697
355,703
355,720
355,760
355,766
355,769
355,773
355,777
355,794
355,795
355,799
355,800
355,813
355,823
355,832
355,850
355,918
355,938
355,963
355,978
355,983
356,383
356,387
356,398
356,404
356,495
356,497
356,499
356,520
356,526
356,565
356,579
356,582
356,585
356,605
356,672
356,702
356,704
356,746
356,750
356,755
356,779
356,791
356,803
356,898
356,904
356,967
357,370
357,424
357,430
357,442
357,519
357,545
357,554
357,664
357,680
357,722
357,801
357,820
357,908
357,922
357,944
357,981
357,982
358,366
358,369
358,400
358,412
358,415
358,421
358,432
358,447
358,470
358,478
358,481
358,486
358,502
358,520
358,552
358,553
358,558
358,559
358,567
358,592
358,621
358,644
358,645
358,658
358,663
358,705
358,722
358,730
358,734
358,737
358,807
358,816
358,829
358,851
358,860
358,919
358,924
358,927
358,960
359,366
359,412
359,446
359,467
359,517
359,520
359,534
359,618
359,633
359,644
359,683
359,700
359,767
359,808
359,823
359,834
359,856
359,884
359,888
359,896
359,932
359,936
359,946
359,948
359,984
360,385
360,521
360,572
360,657
360,671
360,864
360,881
360,890
360,916
360,933
360,964
360,974
361,368
361,400
361,405
361,420
361,431
361,437
361,461
361,566
361,580
361,593
361,600
361,661
361,697
361,706
361,747
361,760
361,762
361,775
361,803
361,852
361,887
361,942
361,963
361,978
361,983
361,995
362,371
362,381
362,406
362,431
362,448
362,473
362,493
362,498
362,515
362,539
362,554
362,576
362,663
362,698
362,712
362,728
362,730
362,775
362,777
362,806
362,811
362,828
362,842
362,844
362,853
362,883
362,886
362,887
362,923
362,986
362,991
362,997
363,367
363,395
363,426
363,434
363,442
363,458
363,483
363,489
363,503
363,528
363,547
363,554
363,581
363,596
363,610
363,612
363,617
363,680
363,689
363,693
363,721
363,722
363,724
363,748
363,786
363,801
363,802
363,816
363,820
363,823
363,848
363,852
363,899
363,917
363,922
363,936
363,944
363,974
363,986
364,383
364,398
364,404
364,409
364,428
364,438
364,470
364,512
364,528
364,531
364,538
364,569
364,572
364,582
364,590
364,608
364,640
364,649
364,650
364,662
364,671
364,700
364,704
364,719
364,750
364,752
364,756
364,779
364,782
364,791
364,800
364,810
364,812
364,833
364,892
364,900
364,901
364,902
364,905
364,908
364,911
364,915
364,950
364,951
364,968
364,969
365,423
365,447
365,450
365,476
365,543
365,562
365,571
365,595
365,639
365,642
365,649
365,665
365,742
365,751
365,757
365,759
365,769
365,781
365,789
365,825
365,835
365,884
365,896
365,903
366,367
366,397
366,421
366,434
366,436
366,478
366,512
366,514
366,515
366,534
366,537
366,600
366,629
366,663
366,694
366,737
366,739
366,761
366,780
366,807
366,813
366,819
366,866
366,886
366,918
366,927
366,936
366,984
366,996
367,379
367,395
367,411
367,421
367,432
367,457
367,475
367,480
367,489
367,506
367,516
367,544
367,548
367,554
367,574
367,576
367,610
367,612
367,616
367,619
367,652
367,654
367,659
367,670
367,680
367,700
367,721
367,729
367,735
367,737
367,778
367,820
367,870
367,876
367,896
367,908
367,913
367,925
367,926
367,964
367,977
368,420
368,444
368,446
368,447
368,449
368,522
368,566
368,577
368,593
368,594
368,595
368,642
368,678
368,762
368,769
368,773
368,795
368,860
368,877
368,879
368,894
368,953
368,972
368,978
368,983
368,986
369,397
369,412
369,421
369,447
369,473
369,502
369,520
369,542
369,557
369,592
369,618
369,626
369,654
369,658
369,714
369,715
369,780
369,786
369,804
369,805
369,837
369,849
369,891
369,893
369,896
369,904
369,922
369,926
369,965
369,988
370,479
370,497
370,508
370,526
370,566
370,584
370,624
370,826
370,874
370,940
371,397
371,420
371,440
371,469
371,493
371,498
371,522
371,539
371,553
371,567
371,568
371,576
371,583
371,594
371,643
371,719
371,728
371,785
371,786
371,824
371,828
371,840
371,843
371,846
371,847
371,851
371,866
371,883
371,887
371,903
371,914
371,946
371,991
372,388
372,452
372,461
372,463
372,465
372,479
372,511
372,526
372,550
372,571
372,572
372,605
372,608
372,667
372,709
372,718
372,748
372,784
372,890
372,920
372,966
373,391
373,408
373,430
373,445
373,635
373,799
373,800
373,832
373,845
373,850
374,376
374,521
374,582
374,608
374,639
374,647
374,667
374,691
374,739
374,749
374,788
374,796
374,823
374,826
374,872
374,920
374,963
374,989
375,397
375,413
375,415
375,436
375,442
375,447
375,469
375,491
375,506
375,512
375,558
375,559
375,592
375,626
375,644
375,647
375,674
375,694
375,710
375,719
375,734
375,759
375,811
375,814
375,925
375,927
375,936
375,982
375,984
376,429
376,475
376,521
376,572
376,593
376,598
376,660
376,667
376,746
376,788
376,814
376,850
376,862
376,903
376,975
376,989
377,380
377,386
377,388
377,399
377,401
377,409
377,412
377,443
377,447
377,457
377,495
377,499
377,509
377,521
377,530
377,536
377,546
377,565
377,571
377,577
377,586
377,625
377,640
377,660
377,703
377,707
377,738
377,739
377,741
377,753
377,758
377,759
377,765
377,778
377,815
377,821
377,871
377,875
377,877
377,878
377,930
377,945
377,953
377,992
377,994
377,999
378,528
378,640
378,650
378,754
378,758
378,940
378,957
378,990
379,394
379,395
379,404
379,414
379,421
379,426
379,446
379,480
379,489
379,530
379,533
379,544
379,619
379,637
379,654
379,656
379,668
379,670
379,693
379,700
379,816
379,885
379,894
379,917
379,925
379,932
379,946
379,961
379,964
380,388
380,390
380,393
380,394
380,405
380,462
380,464
380,480
380,545
380,552
380,559
380,560
380,561
380,564
380,569
380,606
380,615
380,627
380,639
380,696
380,710
380,777
380,778
380,786
380,797
380,816
380,834
380,877
380,880
380,921
380,922
380,956
380,960
380,965
380,981
381,400
381,413
381,435
381,448
381,460
381,466
381,467
381,492
381,493
381,515
381,534
381,542
381,563
381,568
381,570
381,576
381,591
381,592
381,595
381,621
381,622
381,638
381,660
381,686
381,692
381,727
381,728
381,731
381,744
381,758
381,764
381,776
381,785
381,807
381,811
381,819
381,824
381,835
381,855
381,883
381,887
381,890
381,897
381,907
381,912
381,913
381,923
381,929
381,931
381,957
381,972
381,973
381,993
382,393
382,398
382,433
382,438
382,452
382,455
382,523
382,538
382,541
382,561
382,585
382,590
382,630
382,636
382,640
382,648
382,662
382,676
382,677
382,681
382,704
382,714
382,720
382,732
382,738
382,750
382,755
382,756
382,761
382,792
382,802
382,854
382,867
382,880
382,921
382,930
382,951
382,969
382,974
382,999
383,389
383,409
383,494
383,538
383,553
383,584
383,635
383,640
383,653
383,662
383,704
383,746
383,750
383,779
383,791
383,875
383,890
383,904
383,967
383,968
383,985
383,996
384,401
384,403
384,441
384,452
384,455
384,484
384,499
384,510
384,579
384,585
384,598
384,662
384,671
384,676
384,677
384,725
384,756
384,758
384,765
384,797
384,830
384,833
384,895
384,951
384,966
384,969
385,396
385,419
385,420
385,446
385,495
385,497
385,508
385,509
385,526
385,599
385,601
385,649
385,653
385,718
385,743
385,821
385,823
385,825
385,908
385,910
386,401
386,404
386,409
386,424
386,428
386,430
386,433
386,438
386,457
386,541
386,546
386,569
386,671
386,677
386,685
386,704
386,716
386,741
386,752
386,812
386,820
386,880
386,915
386,930
386,945
386,968
386,990
387,438
387,494
387,497
387,531
387,582
387,586
387,640
387,671
387,672
387,711
387,740
387,746
387,750
387,902
387,967
387,969
388,425
388,433
388,455
388,464
388,478
388,479
388,510
388,542
388,546
388,552
388,559
388,601
388,636
388,642
388,664
388,710
388,721
388,744
388,759
388,765
388,777
388,778
388,822
388,829
388,871
388,877
388,880
388,911
388,930
388,950
388,982
388,986
389,497
389,500
389,531
389,584
389,649
389,664
389,746
389,791
389,868
389,869
389,951
389,953
390,419
390,433
390,434
390,515
390,516
390,525
390,562
390,564
390,583
390,606
390,670
390,694
390,700
390,719
390,721
390,722
390,731
390,808
390,816
390,889
390,932
390,956
390,987
391,457
391,475
391,524
391,549
391,572
391,580
391,598
391,669
391,691
391,760
391,850
391,855
391,959
391,963
391,975
391,982
391,989
392,405
392,450
392,457
392,471
392,505
392,511
392,520
392,521
392,603
392,623
392,630
392,660
392,678
392,714
392,718
392,731
392,817
392,832
392,854
392,874
392,885
392,903
392,910
392,929
392,930
392,953
393,398
393,452
393,455
393,479
393,577
393,586
393,662
393,676
393,677
393,704
393,720
393,732
393,756
393,792
393,830
393,833
393,901
393,902
393,915
393,935
393,967
394,410
394,419
394,439
394,462
394,479
394,514
394,519
394,545
394,590
394,601
394,625
394,648
394,659
394,663
394,685
394,707
394,716
394,726
394,736
394,738
394,761
394,810
394,852
394,854
394,899
394,924
394,941
394,950
394,971
394,981
394,986
394,999
395,414
395,421
395,422
395,441
395,446
395,455
395,458
395,465
395,472
395,489
395,490
395,492
395,509
395,529
395,533
395,566
395,574
395,585
395,589
395,596
395,597
395,619
395,622
395,637
395,654
395,659
395,668
395,669
395,670
395,674
395,676
395,680
395,683
395,700
395,722
395,770
395,790
395,801
395,802
395,814
395,842
395,861
395,876
395,881
395,889
395,906
395,932
395,941
395,946
395,952
395,961
395,977
396,468
396,498
396,530
396,606
396,871
396,915
396,924
396,930
396,968
396,999
397,400
397,405
397,446
397,457
397,466
397,467
397,502
397,512
397,534
397,558
397,592
397,600
397,618
397,635
397,644
397,698
397,711
397,745
397,807
397,824
397,835
397,866
397,883
397,886
397,915
397,926
397,947
398,403
398,419
398,433
398,452
398,466
398,533
398,549
398,569
398,575
398,579
398,585
398,614
398,676
398,677
398,702
398,704
398,732
398,738
398,750
398,756
398,763
398,779
398,788
398,830
398,833
398,864
398,883
398,900
398,901
398,902
398,904
398,951
398,966
399,408
399,430
399,445
399,450
399,482
399,491
399,505
399,542
399,543
399,565
399,578
399,616
399,646
399,665
399,673
399,684
399,691
399,703
399,717
399,769
399,789
399,836
399,846
400,405
400,431
400,435
400,471
400,473
400,492
400,522
400,553
400,563
400,576
400,594
400,621
400,639
400,645
400,686
400,692
400,785
400,814
400,819
400,835
400,886
400,887
400,918
400,922
401,407
401,438
401,451
401,470
401,494
401,499
401,518
401,541
401,570
401,573
401,579
401,585
401,586
401,614
401,672
401,677
401,678
401,755
401,763
401,831
401,833
401,859
401,901
401,951
401,953
401,962
401,966
401,976
402,413
402,422
402,450
402,460
402,502
402,576
402,603
402,658
402,698
402,763
402,787
402,790
402,819
402,824
402,828
402,849
402,853
402,857
402,886
402,907
402,919
402,924
402,931
402,963
402,991
403,409
403,452
403,455
403,484
403,499
403,518
403,541
403,585
403,614
403,631
403,662
403,676
403,732
403,735
403,740
403,763
403,771
403,779
403,792
403,815
403,846
403,859
403,873
403,877
403,895
403,901
403,904
403,962
403,966
403,974
403,976
404,428
404,439
404,443
404,468
404,469
404,470
404,484
404,555
404,569
404,585
404,625
404,671
404,674
404,704
404,710
404,734
404,741
404,752
404,761
404,769
404,798
404,812
404,813
404,833
404,879
404,880
404,902
404,904
404,908
404,915
404,944
404,945
404,968
404,969
405,457
405,508
405,535
405,536
405,549
405,564
405,567
405,598
405,603
405,613
405,618
405,675
405,682
405,695
405,697
405,748
405,749
405,759
405,771
405,777
405,794
405,813
405,823
405,837
405,844
405,863
405,877
405,955
405,959
405,975
405,983
406,431
406,472
406,498
406,520
406,528
406,556
406,571
406,580
406,684
406,697
406,708
406,790
406,819
406,857
406,858
406,874
406,883
406,886
406,912
406,943
406,957
406,970
406,972
406,979
406,982
406,983
406,998
407,441
407,458
407,513
407,528
407,529
407,602
407,610
407,612
407,668
407,680
407,693
407,731
407,736
407,755
407,777
407,867
407,944
408,423
408,445
408,450
408,476
408,482
408,517
408,521
408,523
408,524
408,571
408,597
408,603
408,613
408,645
408,678
408,684
408,709
408,759
408,766
408,799
408,832
408,845
408,942
408,954
408,963
409,531
409,550
409,572
409,581
409,599
409,600
409,608
409,640
409,653
409,657
409,660
409,673
409,691
409,709
409,743
409,744
409,748
409,759
409,781
409,821
409,834
409,852
409,890
409,904
409,910
409,920
409,945
409,948
409,967
409,974
410,417
410,422
410,443
410,513
410,538
410,570
410,590
410,659
410,720
410,726
410,736
410,738
410,781
410,805
410,827
410,852
410,873
410,910
411,434
411,483
411,489
411,514
411,533
411,535
411,554
411,564
411,623
411,676
411,680
411,778
411,785
411,797
411,802
411,817
411,820
411,834
411,841
411,848
411,908
411,915
411,921
411,971
411,982
412,425
412,440
412,447
412,478
412,502
412,520
412,542
412,543
412,548
412,552
412,567
412,592
412,604
412,639
412,659
412,663
412,714
412,715
412,753
412,783
412,802
412,804
412,805
412,811
412,849
412,878
412,885
412,936
412,956
413,416
413,423
413,448
413,454
413,457
413,460
413,486
413,512
413,520
413,522
413,528
413,545
413,549
413,567
413,570
413,591
413,592
413,607
413,618
413,621
413,638
413,659
413,663
413,684
413,705
413,715
413,773
413,776
413,780
413,785
413,807
413,849
413,853
413,862
413,887
413,897
413,923
413,936
413,946
413,965
413,985
414,489
414,516
414,548
414,574
414,619
414,637
414,654
414,656
414,670
414,680
414,700
414,778
414,800
414,816
414,854
414,889
414,906
414,925
414,944
414,946
414,961
414,977
415,417
415,436
415,512
415,644
415,647
415,674
415,694
415,918
415,920
415,978
416,425
416,447
416,454
416,534
416,548
416,557
416,558
416,568
416,604
416,645
416,683
416,707
416,714
416,750
416,777
416,780
416,804
416,876
416,881
416,930
416,943
416,947
416,964
416,971
416,987
417,443
417,450
417,455
417,530
417,538
417,574
417,590
417,658
417,664
417,677
417,720
417,726
417,736
417,756
417,848
417,871
417,873
417,910
417,968
417,986
418,426
418,442
418,529
418,580
418,622
418,652
418,668
418,946
418,977
419,433
419,449
419,462
419,468
419,479
419,509
419,519
419,535
419,546
419,547
419,552
419,565
419,685
419,702
419,732
419,741
419,816
419,827
419,829
419,877
419,901
419,910
419,915
419,930
419,969
419,980
419,981
419,986
420,437
420,461
420,486
420,523
420,524
420,528
420,551
420,570
420,577
420,580
420,583
420,588
420,593
420,594
420,595
420,599
420,642
420,661
420,667
420,672
420,692
420,731
420,760
420,769
420,770
420,773
420,781
420,795
420,825
420,845
420,858
420,874
420,891
420,897
420,942
420,951
420,955
420,970
420,978
420,983
420,986
421,446
421,458
421,516
421,529
421,544
421,545
421,597
421,617
421,633
421,639
421,644
421,654
421,674
421,680
421,683
421,693
421,694
421,715
421,719
421,721
421,736
421,770
421,797
421,802
421,822
421,842
421,847
421,848
421,860
421,876
421,877
421,889
421,896
421,913
421,932
421,944
421,946
421,957
421,960
421,961
421,975
421,987
421,988
421,992
421,996
422,453
422,457
422,539
422,547
422,567
422,570
422,572
422,583
422,588
422,632
422,649
422,698
422,705
422,708
422,762
422,783
422,803
422,828
422,843
422,857
422,883
422,891
422,972
422,983
423,437
423,532
423,551
423,566
423,571
423,585
423,595
423,642
423,661
423,678
423,692
423,694
423,766
423,769
423,789
423,799
423,805
423,850
423,851
423,954
424,477
424,519
424,554
424,601
424,610
424,842
425,447
425,486
425,496
425,502
425,534
425,552
425,553
425,618
425,669
425,714
425,715
425,722
425,765
425,780
425,804
425,857
425,886
425,926
425,939
425,947
425,963
425,965
425,994
426,446
426,554
426,574
426,596
426,622
426,650
426,693
426,797
426,964
427,445
427,507
427,528
427,550
427,624
427,699
427,725
427,751
427,752
427,768
427,781
427,809
427,839
427,874
427,884
427,938
427,970
428,469
428,488
428,518
428,565
428,590
428,601
428,629
428,640
428,671
428,681
428,704
428,726
428,741
428,752
428,812
428,846
428,880
428,898
428,901
428,915
428,945
428,968
429,464
429,554
429,707
429,833
429,908
430,445
430,450
430,482
430,559
430,578
430,611
430,616
430,635
430,640
430,655
430,678
430,691
430,701
430,703
430,717
430,742
430,744
430,745
430,766
430,769
430,784
430,799
430,800
430,825
430,832
430,843
430,850
430,865
430,872
430,881
430,905
430,911
430,920
430,957
431,498
431,522
431,556
431,557
431,571
431,583
431,608
431,643
431,661
431,805
431,807
431,824
431,825
431,837
431,844
431,858
431,868
431,874
431,907
431,921
431,928
431,965
431,970
431,982
432,436
432,440
432,457
432,459
432,460
432,466
432,467
432,469
432,487
432,510
432,512
432,520
432,533
432,540
432,542
432,559
432,568
432,621
432,628
432,638
432,644
432,658
432,663
432,674
432,694
432,764
432,785
432,835
432,883
432,896
432,907
432,909
432,948
432,958
432,986
433,452
433,492
433,497
433,499
433,510
433,553
433,609
433,614
433,650
433,662
433,676
433,677
433,704
433,710
433,726
433,732
433,734
433,752
433,812
433,833
433,901
433,912
433,928
433,951
433,967
434,446
434,452
434,489
434,496
434,502
434,514
434,525
434,530
434,533
434,545
434,562
434,564
434,618
434,633
434,664
434,670
434,674
434,704
434,711
434,714
434,715
434,748
434,778
434,797
434,802
434,808
434,816
434,819
434,834
434,841
434,871
434,889
434,917
434,932
434,941
434,949
434,956
434,987
435,553
435,576
435,686
435,728
435,775
435,785
435,806
435,819
435,840
435,997
436,460
436,466
436,467
436,475
436,481
436,512
436,563
436,587
436,638
436,644
436,645
436,654
436,658
436,663
436,694
436,730
436,737
436,753
436,764
436,786
436,789
436,802
436,824
436,889
436,909
436,918
436,927
436,929
436,931
436,936
436,952
436,964
436,996
437,456
437,476
437,524
437,577
437,595
437,643
437,661
437,845
437,868
437,874
437,891
437,942
438,472
438,484
438,488
438,498
438,518
438,552
438,569
438,579
438,585
438,614
438,615
438,627
438,641
438,672
438,704
438,740
438,758
438,779
438,791
438,797
438,811
438,826
438,831
438,849
438,869
438,895
438,902
438,904
438,912
438,933
438,951
438,962
438,966
439,449
439,455
439,581
439,601
439,614
439,676
439,741
439,782
439,816
439,829
439,885
439,892
439,898
440,457
440,486
440,502
440,506
440,525
440,559
440,567
440,592
440,594
440,601
440,706
440,719
440,731
440,759
440,762
440,772
440,777
440,780
440,811
440,816
440,819
440,824
440,837
440,890
440,896
440,926
440,936
440,949
440,965
441,513
441,539
441,597
441,602
441,610
441,652
441,654
441,668
441,680
441,848
441,889
441,941
441,944
442,458
442,483
442,547
442,554
442,584
442,590
442,689
442,707
442,722
442,778
442,801
442,848
442,893
442,906
442,965
442,981
443,529
443,555
443,580
443,590
443,720
443,726
443,738
443,778
443,781
443,818
443,852
443,854
443,873
443,898
443,901
443,910
443,943
443,969
444,463
444,522
444,566
444,571
444,576
444,580
444,588
444,593
444,594
444,699
444,717
444,747
444,795
444,958
444,972
444,983
445,450
445,482
445,498
445,507
445,508
445,523
445,543
445,571
445,572
445,577
445,578
445,616
445,655
445,665
445,684
445,697
445,701
445,703
445,717
445,725
445,736
445,751
445,758
445,760
445,769
445,783
445,795
445,825
445,836
445,843
445,853
445,865
445,874
445,884
445,891
445,933
445,957
445,983
446,458
446,489
446,509
446,514
446,527
446,529
446,533
446,537
446,548
446,562
446,574
446,597
446,617
446,625
446,628
446,633
446,654
446,656
446,670
446,694
446,700
446,745
446,759
446,797
446,802
446,805
446,841
446,847
446,870
446,883
446,889
446,908
446,910
446,917
446,932
446,946
446,952
446,956
446,961
446,966
446,971
447,465
447,502
447,548
447,574
447,604
447,663
447,670
447,673
447,677
447,715
447,737
447,777
447,804
447,805
447,814
447,817
447,824
447,849
447,926
447,936
447,943
447,984
448,453
448,460
448,471
448,515
448,576
448,603
448,686
448,691
448,692
448,727
448,782
448,785
448,797
448,806
448,807
448,811
448,824
448,828
448,840
448,886
448,887
448,907
448,931
449,545
449,546
449,559
449,565
449,579
449,581
449,584
449,586
449,592
449,599
449,614
449,636
449,662
449,680
449,687
449,704
449,715
449,741
449,751
449,829
449,846
449,880
449,883
449,892
449,915
449,930
449,945
449,968
449,980
450,482
450,543
450,598
450,616
450,642
450,665
450,671
450,678
450,691
450,701
450,703
450,725
450,743
450,751
450,757
450,760
450,769
450,789
450,798
450,799
450,823
450,832
450,836
450,839
450,845
450,850
450,853
450,862
450,891
450,907
450,927
450,931
450,957
451,484
451,499
451,520
451,546
451,662
451,735
451,755
451,761
451,833
451,895
451,902
451,966
452,484
452,509
452,567
452,569
452,590
452,648
452,654
452,660
452,662
452,676
452,677
452,685
452,693
452,701
452,704
452,732
452,742
452,756
452,779
452,820
452,827
452,830
452,833
452,864
452,901
452,910
452,951
452,962
452,968
452,974
453,460
453,466
453,478
453,492
453,540
453,542
453,567
453,568
453,630
453,644
453,686
453,698
453,734
453,760
453,764
453,775
453,776
453,840
453,856
453,897
453,928
453,943
453,993
453,997
454,487
454,580
454,587
454,594
454,618
454,695
454,697
454,708
454,731
454,762
454,787
454,795
454,814
454,823
454,853
454,857
454,883
454,912
454,914
454,970
454,972
455,462
455,468
455,472
455,519
455,529
455,546
455,565
455,579
455,590
455,636
455,648
455,681
455,685
455,716
455,732
455,752
455,761
455,765
455,778
455,812
455,846
455,852
455,854
455,867
455,880
455,890
455,898
455,951
455,968
455,974
456,543
456,551
456,577
456,595
456,635
456,642
456,673
456,773
456,874
456,879
456,914
456,918
456,946
456,998
457,467
457,486
457,515
457,522
457,528
457,539
457,558
457,559
457,566
457,567
457,570
457,573
457,587
457,588
457,591
457,593
457,632
457,641
457,663
457,679
457,692
457,705
457,708
457,731
457,751
457,753
457,762
457,774
457,776
457,780
457,783
457,785
457,787
457,797
457,824
457,825
457,828
457,853
457,857
457,879
457,883
457,894
457,914
457,938
457,944
457,960
457,971
457,972
457,987
457,994
458,480
458,481
458,529
458,537
458,554
458,597
458,617
458,622
458,637
458,641
458,674
458,714
458,715
458,719
458,736
458,745
458,762
458,770
458,802
458,808
458,842
458,847
458,860
458,861
458,876
458,881
458,889
458,896
458,906
458,911
458,925
458,929
458,932
458,949
458,952
458,977
458,987
459,467
459,471
459,473
459,487
459,540
459,694
459,764
459,776
459,835
459,840
459,924
459,928
459,947
460,466
460,469
460,473
460,487
460,524
460,539
460,540
460,563
460,568
460,577
460,630
460,638
460,671
460,683
460,686
460,698
460,712
460,716
460,721
460,728
460,733
460,749
460,764
460,774
460,775
460,785
460,840
460,856
460,871
460,874
460,883
460,886
460,897
460,928
460,931
460,958
460,988
460,993
461,482
461,566
461,593
461,594
461,661
461,669
461,706
461,731
461,747
461,762
461,773
461,800
461,827
462,467
462,468
462,519
462,538
462,564
462,590
462,617
462,621
462,643
462,677
462,725
462,726
462,738
462,761
462,880
462,910
462,949
462,981
462,988
462,990
463,479
463,505
463,520
463,531
463,560
463,571
463,599
463,605
463,608
463,616
463,641
463,667
463,739
463,744
463,760
463,762
463,784
463,823
463,855
463,891
463,945
463,974
463,975
463,992
464,479
464,491
464,509
464,510
464,535
464,555
464,561
464,625
464,627
464,710
464,812
464,827
464,837
464,877
464,911
464,915
464,966
464,969
465,477
465,517
465,552
465,617
465,669
465,682
465,688
465,731
465,734
465,745
465,748
465,749
465,759
465,772
465,778
465,813
465,828
465,837
465,844
465,878
465,885
465,903
465,943
465,955
466,469
466,474
466,492
466,540
466,568
466,572
466,600
466,610
466,630
466,660
466,686
466,692
466,694
466,731
466,776
466,785
466,840
466,856
466,887
466,897
466,974
466,984
467,469
467,487
467,489
467,512
467,528
467,534
467,537
467,592
467,638
467,643
467,644
467,658
467,663
467,680
467,715
467,737
467,764
467,807
467,811
467,820
467,853
467,866
467,896
467,904
467,909
467,927
467,929
467,943
467,967
467,982
467,988
467,996
468,546
468,565
468,590
468,608
468,615
468,650
468,685
468,687
468,704
468,738
468,741
468,749
468,759
468,778
468,786
468,805
468,829
468,877
468,885
468,902
468,915
468,945
468,947
468,968
468,969
468,986
469,473
469,486
469,537
469,540
469,568
469,588
469,591
469,630
469,654
469,698
469,712
469,733
469,751
469,772
469,840
469,855
469,856
469,866
469,897
469,928
469,936
469,958
469,993
470,488
470,511
470,535
470,572
470,582
470,599
470,608
470,626
470,640
470,641
470,657
470,685
470,731
470,741
470,752
470,784
470,820
470,869
470,872
470,890
470,902
470,934
470,953
470,962
470,999
471,486
471,512
471,534
471,537
471,558
471,563
471,592
471,604
471,621
471,658
471,670
471,675
471,785
471,802
471,807
471,819
471,834
471,855
471,886
471,909
471,993
472,489
472,529
472,530
472,574
472,592
472,596
472,668
472,695
472,721
472,738
472,761
472,770
472,842
472,847
472,889
472,941
472,964
472,969
473,540
473,563
473,593
473,621
473,630
473,654
473,686
473,694
473,707
473,730
473,776
473,835
473,840
473,856
473,866
473,958
473,996
474,501
474,508
474,510
474,523
474,535
474,605
474,611
474,636
474,651
474,661
474,667
474,717
474,725
474,751
474,781
474,788
474,825
474,865
474,883
474,884
474,893
474,896
474,983
474,990
475,491
475,501
475,524
475,575
475,592
475,613
475,616
475,635
475,650
475,655
475,667
475,691
475,716
475,717
475,760
475,788
475,811
475,822
475,823
475,837
475,851
475,872
475,893
475,894
475,903
475,905
475,933
475,955
475,959
475,995
476,492
476,566
476,594
476,635
476,643
476,661
476,740
476,789
476,913
476,927
476,942
476,954
476,958
477,536
477,549
477,551
477,603
477,731
477,751
477,787
477,795
477,822
477,823
477,863
477,916
477,959
477,998
478,486
478,520
478,542
478,562
478,630
478,663
478,694
478,715
478,737
478,771
478,816
478,918
478,934
478,943
478,964
478,988
479,513
479,519
479,546
479,556
479,588
479,610
479,627
479,690
479,716
479,722
479,730
479,750
479,770
479,827
479,829
479,873
479,950
480,489
480,511
480,544
480,574
480,596
480,602
480,615
480,619
480,637
480,654
480,679
480,680
480,693
480,716
480,721
480,722
480,761
480,770
480,834
480,906
480,946
480,964
480,977
481,537
481,628
481,674
481,700
481,719
481,721
481,777
481,842
481,876
481,909
481,929
481,932
481,935
481,936
481,946
481,952
481,958
482,543
482,578
482,616
482,634
482,635
482,654
482,665
482,679
482,684
482,703
482,725
482,734
482,744
482,749
482,751
482,757
482,766
482,769
482,773
482,781
482,784
482,789
482,800
482,825
482,832
482,836
482,850
482,884
482,957
482,963
483,547
483,610
483,693
483,722
483,778
483,810
483,848
483,950
483,971
484,499
484,500
484,518
484,541
484,549
484,573
484,614
484,662
484,723
484,735
484,736
484,763
484,769
484,784
484,785
484,832
484,836
484,859
484,895
484,901
484,962
484,966
485,546
485,555
485,599
485,735
485,786
485,796
485,885
485,917
485,966
486,493
486,515
486,520
486,528
486,559
486,562
486,567
486,570
486,588
486,591
486,632
486,647
486,698
486,705
486,706
486,708
486,728
486,737
486,762
486,775
486,776
486,777
486,795
486,811
486,844
486,847
486,853
486,857
486,884
486,885
486,908
486,931
486,949
487,512
487,621
487,638
487,658
487,706
487,730
487,745
487,764
487,835
487,909
487,948
487,965
488,531
488,551
488,582
488,586
488,677
488,704
488,750
488,765
488,779
488,867
488,902
488,944
488,951
489,503
489,511
489,515
489,516
489,544
489,552
489,574
489,585
489,589
489,597
489,602
489,618
489,619
489,637
489,654
489,659
489,670
489,680
489,690
489,693
489,700
489,707
489,721
489,765
489,770
489,797
489,854
489,861
489,889
489,921
489,929
489,932
489,944
489,964
489,984
489,989
490,652
490,668
490,693
490,820
490,848
490,922
490,944
491,501
491,543
491,578
491,594
491,611
491,655
491,669
491,677
491,701
491,717
491,742
491,751
491,788
491,832
491,862
491,957
491,959
492,553
492,592
492,620
492,686
492,694
492,698
492,712
492,840
492,845
492,856
492,879
492,897
492,904
492,909
492,928
492,937
493,522
493,568
493,661
493,695
493,732
493,767
493,790
493,883
493,912
493,991
494,497
494,511
494,531
494,582
494,592
494,599
494,693
494,746
494,749
494,750
494,755
494,763
494,826
494,850
494,869
494,962
494,967
494,974
495,509
495,521
495,536
495,546
495,572
495,599
495,641
495,743
495,759
495,782
495,829
495,837
495,872
495,879
495,890
496,530
496,618
496,626
496,639
496,645
496,716
496,721
496,745
496,777
496,805
496,822
496,824
496,947
496,956
496,960
496,971
497,531
497,676
497,736
497,759
497,761
497,763
497,779
497,826
497,869
497,895
497,900
497,901
497,967
497,968
497,995
498,540
498,549
498,560
498,566
498,568
498,580
498,588
498,598
498,603
498,610
498,625
498,630
498,643
498,708
498,767
498,787
498,805
498,828
498,850
498,851
498,858
498,868
498,883
498,903
498,939
498,941
498,982
498,991
498,993
499,541
499,569
499,579
499,605
499,614
499,676
499,682
499,735
499,755
499,783
499,784
499,792
499,825
499,830
499,833
499,834
499,864
499,910
499,962
499,966
499,968
500,503
500,519
500,529
500,574
500,605
500,654
500,659
500,680
500,820
500,888
500,906
500,908
500,945
500,960
500,961
500,964
501,575
501,594
501,635
501,691
501,695
501,701
501,760
501,788
501,809
501,816
501,823
501,836
501,843
501,862
501,872
501,876
501,893
501,894
501,903
501,905
501,963
501,968
501,979
501,995
502,517
502,527
502,534
502,542
502,567
502,570
502,592
502,593
502,600
502,660
502,663
502,683
502,704
502,708
502,714
502,715
502,780
502,785
502,804
502,814
502,828
502,849
502,896
502,913
502,926
502,929
502,939
502,943
502,947
502,949
502,979
502,982
503,537
503,602
503,610
503,662
503,668
503,674
503,680
503,689
503,733
503,825
503,848
503,889
503,906
503,908
503,922
503,944
503,959
503,964
504,522
504,525
504,531
504,548
504,557
504,564
504,592
504,626
504,645
504,729
504,745
504,777
504,780
504,794
504,803
504,816
504,847
504,852
504,875
504,917
504,923
504,947
505,603
505,747
505,795
505,868
505,878
505,975
505,983
506,525
506,533
506,539
506,633
506,645
506,683
506,737
506,759
506,816
506,860
506,927
506,935
506,936
506,941
506,949
507,523
507,546
507,577
507,602
507,651
507,699
507,703
507,725
507,737
507,768
507,781
507,789
507,798
507,800
507,809
507,849
507,903
507,933
507,938
507,957
507,963
508,523
508,571
508,593
508,599
508,605
508,649
508,660
508,661
508,675
508,676
508,701
508,717
508,725
508,742
508,758
508,784
508,788
508,818
508,827
508,830
508,831
508,832
508,836
508,865
508,884
508,893
508,933
508,937
508,963
508,990
509,528
509,540
509,565
509,572
509,590
509,598
509,599
509,614
509,615
509,674
509,714
509,805
509,815
509,838
509,864
509,872
509,875
509,876
509,885
509,971
509,986
510,537
510,590
510,610
510,627
510,660
510,680
510,710
510,713
510,716
510,753
510,765
510,794
510,797
510,839
510,846
510,871
510,950
510,986
511,567
511,599
511,608
511,629
511,648
511,731
511,782
511,784
511,796
511,890
511,950
511,992
512,520
512,522
512,537
512,600
512,633
512,638
512,644
512,645
512,663
512,674
512,683
512,694
512,730
512,748
512,762
512,764
512,797
512,822
512,835
512,886
512,888
512,897
512,918
512,927
512,929
512,936
512,947
512,983
512,996
513,517
513,544
513,602
513,610
513,612
513,668
513,674
513,677
513,693
513,814
513,855
513,889
513,904
513,941
513,944
514,533
514,545
514,548
514,562
514,564
514,589
514,597
514,606
514,670
514,713
514,745
514,778
514,797
514,816
514,875
514,883
514,911
514,917
514,919
514,921
514,949
514,968
514,989
515,520
515,553
515,558
515,576
515,618
515,630
515,686
515,692
515,694
515,698
515,785
515,806
515,907
515,928
515,991
515,997
516,574
516,612
516,619
516,627
516,654
516,656
516,659
516,668
516,670
516,676
516,680
516,797
516,812
516,913
516,928
516,941
516,946
516,948
516,961
516,964
517,559
517,570
517,647
517,649
517,669
517,706
517,714
517,731
517,734
517,762
517,772
517,777
517,805
517,819
517,839
517,840
517,849
517,920
517,926
517,946
517,948
517,971
518,533
518,541
518,579
518,582
518,586
518,602
518,672
518,746
518,750
518,753
518,755
518,756
518,786
518,791
518,831
518,859
518,900
518,904
518,962
518,966
518,999
519,545
519,554
519,619
519,664
519,707
519,726
519,738
519,749
519,778
519,797
519,803
519,813
519,852
519,898
519,908
519,910
519,921
519,946
519,950
519,956
519,976
519,981
519,986
520,538
520,542
520,583
520,592
520,607
520,618
520,626
520,644
520,663
520,694
520,698
520,708
520,737
520,770
520,774
520,785
520,807
520,814
520,849
520,857
520,882
520,886
520,897
520,914
520,926
520,927
520,939
520,943
520,949
520,981
520,987
521,535
521,551
521,641
521,657
521,660
521,675
521,682
521,691
521,700
521,711
521,717
521,728
521,739
521,740
521,745
521,759
521,760
521,771
521,782
521,788
521,797
521,815
521,822
521,844
521,875
521,884
521,969
521,975
521,977
521,992
521,999
522,580
522,583
522,621
522,645
522,646
522,695
522,705
522,728
522,762
522,767
522,790
522,853
522,855
522,882
522,883
522,891
522,912
522,931
522,991
522,997
522,998
523,524
523,605
523,651
523,660
523,667
523,705
523,717
523,742
523,758
523,825
523,884
523,903
523,905
523,938
523,975
524,588
524,591
524,595
524,642
524,661
524,678
524,679
524,684
524,773
524,845
524,850
524,856
524,891
524,954
525,539
525,548
525,560
525,562
525,564
525,606
525,670
525,724
525,746
525,808
525,816
525,896
525,946
526,531
526,549
526,624
526,660
526,669
526,695
526,740
526,940
526,978
526,985
526,990
527,548
527,633
527,714
527,793
527,814
527,822
527,896
527,912
527,929
528,536
528,542
528,553
528,566
528,567
528,577
528,580
528,583
528,588
528,593
528,594
528,697
528,706
528,708
528,731
528,762
528,769
528,776
528,787
528,825
528,853
528,879
528,882
528,885
528,889
528,903
528,913
528,914
528,943
528,948
528,970
528,971
528,983
528,987
529,537
529,545
529,574
529,596
529,619
529,656
529,659
529,668
529,688
529,704
529,721
529,941
529,946
530,552
530,559
530,560
530,606
530,626
530,627
530,639
530,651
530,687
530,696
530,713
530,729
530,745
530,755
530,771
530,777
530,778
530,786
530,797
530,803
530,805
530,816
530,817
530,882
530,911
530,913
530,917
530,930
530,944
530,956
530,971
530,986
531,550
531,572
531,573
531,584
531,605
531,640
531,746
531,756
531,761
531,811
531,826
531,853
531,864
531,890
531,902
532,559
532,623
532,636
532,696
532,759
532,871
532,953
533,545
533,552
533,562
533,564
533,580
533,685
533,700
533,704
533,707
533,713
533,722
533,736
533,753
533,770
533,778
533,786
533,797
533,808
533,816
533,820
533,834
533,837
533,846
533,896
533,910
533,911
533,919
533,921
533,925
534,558
534,568
534,576
534,600
534,620
534,694
534,695
534,730
534,780
534,807
534,816
534,853
534,886
534,914
534,926
534,931
535,543
535,552
535,555
535,559
535,560
535,603
535,625
535,641
535,649
535,678
535,688
535,707
535,715
535,731
535,765
535,778
535,782
535,783
535,803
535,805
535,821
535,827
535,834
535,871
535,875
535,877
535,885
535,911
535,917
535,950
535,951
535,956
535,959
535,973
536,542
536,549
536,572
536,580
536,603
536,606
536,649
536,651
536,748
536,753
536,782
536,800
536,803
536,813
536,837
536,887
536,912
536,914
536,916
536,917
536,948
536,957
536,973
536,978
536,979
536,983
537,545
537,552
537,559
537,600
537,628
537,680
537,700
537,842
537,860
537,861
537,876
537,911
537,932
537,935
537,952
537,956
537,971
538,590
538,609
538,648
538,676
538,710
538,716
538,720
538,726
538,736
538,740
538,746
538,749
538,777
538,852
538,854
538,867
538,898
538,910
538,921
538,930
538,944
539,553
539,591
539,600
539,607
539,698
539,728
539,747
539,775
539,790
539,806
539,824
539,852
539,855
539,883
539,912
539,926
539,943
539,952
539,991
539,997
540,552
540,553
540,563
540,568
540,621
540,730
540,733
540,764
540,776
540,785
540,802
540,840
540,866
540,958
541,573
541,579
541,588
541,614
541,660
541,710
541,723
541,735
541,755
541,763
541,770
541,777
541,831
541,859
541,887
541,920
541,932
541,962
541,966
541,967
541,976
542,559
542,567
542,570
542,592
542,618
542,692
542,714
542,715
542,744
542,764
542,785
542,807
542,844
542,856
542,889
542,896
542,897
542,909
542,943
542,965
542,975
542,984
542,987
542,988
543,551
543,556
543,616
543,634
543,642
543,678
543,679
543,703
543,725
543,751
543,757
543,769
543,781
543,782
543,789
543,809
543,832
543,836
543,840
543,850
543,868
543,871
543,906
543,916
543,938
543,978
544,597
544,619
544,637
544,656
544,680
544,700
544,726
544,770
544,797
544,876
544,908
544,913
544,946
544,986
545,552
545,590
545,601
545,627
545,640
545,687
545,690
545,707
545,716
545,738
545,755
545,761
545,786
545,803
545,820
545,840
545,842
545,854
545,920
545,921
545,943
545,949
545,950
545,966
545,994
546,561
546,565
546,615
546,625
546,660
546,685
546,704
546,731
546,741
546,763
546,812
546,821
546,826
546,827
546,829
546,866
546,877
546,878
546,883
546,890
546,915
546,950
546,956
546,967
546,981
546,999
547,554
547,574
547,668
547,680
547,693
547,722
547,738
547,765
547,801
547,820
547,848
547,944
547,964
548,580
548,604
548,618
548,645
548,715
548,766
548,780
548,793
548,876
548,881
548,896
548,943
548,984
548,987
548,989
548,991
549,580
549,593
549,594
549,603
549,641
549,675
549,682
549,692
549,718
549,734
549,748
549,760
549,763
549,772
549,813
549,863
549,864
549,891
549,894
549,905
549,916
549,917
549,989
550,640
550,650
550,657
550,831
550,864
550,881
550,890
550,894
550,918
550,934
551,566
551,571
551,616
551,634
551,684
551,769
551,789
551,836
551,845
551,942
552,559
552,567
552,580
552,606
552,647
552,649
552,654
552,660
552,668
552,684
552,696
552,697
552,710
552,714
552,726
552,759
552,762
552,777
552,778
552,783
552,786
552,810
552,817
552,821
552,831
552,834
552,840
552,841
552,908
552,911
552,921
552,956
553,568
553,576
553,600
553,638
553,686
553,698
553,727
553,730
553,785
553,789
553,811
553,819
553,822
553,858
553,907
553,984
554,597
554,608
554,618
554,644
554,649
554,654
554,664
554,676
554,683
554,690
554,694
554,710
554,722
554,736
554,738
554,743
554,762
554,774
554,775
554,801
554,820
554,833
554,873
554,881
554,895
554,898
554,899
554,908
554,917
554,921
554,950
554,968
555,625
555,783
555,803
555,915
555,969
556,580
556,588
556,642
556,643
556,678
556,695
556,728
556,751
556,868
556,874
556,890
556,982
556,985
556,999
557,559
557,564
557,592
557,604
557,745
557,777
557,816
557,949
558,568
558,587
558,591
558,600
558,621
558,656
558,658
558,695
558,730
558,758
558,775
558,780
558,785
558,807
558,849
558,855
558,866
558,871
558,879
558,886
558,928
558,932
559,560
559,562
559,590
559,606
559,615
559,622
559,626
559,639
559,645
559,656
559,663
559,677
559,683
559,714
559,729
559,745
559,753
559,765
559,777
559,778
559,805
559,814
559,816
559,817
559,820
559,877
559,885
559,911
559,912
559,917
559,929
559,947
559,956
559,960
559,971
559,987
560,580
560,606
560,786
560,805
560,815
560,817
560,820
560,857
560,911
560,915
560,947
560,956
560,973
560,976
561,565
561,614
561,625
561,626
561,668
561,680
561,683
561,710
561,716
561,728
561,736
561,738
561,765
561,770
561,778
561,781
561,786
561,820
561,834
561,860
561,871
561,885
561,889
561,956
562,565
562,637
562,647
562,680
562,683
562,686
562,689
562,692
562,710
562,713
562,732
562,778
562,797
562,806
562,814
562,816
562,835
562,847
562,848
562,860
562,871
562,881
562,893
562,896
562,913
562,917
562,921
562,935
562,952
562,987
562,992
562,995
563,568
563,570
563,603
563,607
563,630
563,632
563,682
563,727
563,744
563,785
563,807
563,824
563,828
563,835
563,849
563,886
563,897
563,917
563,931
563,936
563,993
564,682
564,693
564,749
564,759
564,797
564,810
564,896
564,921
565,581
565,650
565,681
565,685
565,708
565,732
565,738
565,740
565,741
565,778
565,812
565,827
565,829
565,877
565,890
565,910
565,915
565,925
565,932
565,967
565,974
566,583
566,587
566,588
566,591
566,593
566,594
566,595
566,598
566,642
566,643
566,669
566,673
566,695
566,717
566,724
566,731
566,747
566,764
566,778
566,784
566,794
566,795
566,833
566,844
566,853
566,891
566,904
566,909
566,978
566,982
566,983
566,999
567,570
567,578
567,618
567,625
567,632
567,660
567,678
567,706
567,708
567,731
567,737
567,762
567,774
567,797
567,811
567,852
567,881
567,914
567,939
567,948
568,570
568,625
568,630
568,686
568,698
568,741
568,775
568,776
568,785
568,808
568,835
568,884
568,897
568,907
568,928
568,929
568,958
568,993
569,605
569,640
569,671
569,678
569,702
569,704
569,779
569,810
569,812
569,880
569,885
569,901
569,937
569,945
569,967
569,974
570,591
570,592
570,632
570,644
570,647
570,669
570,686
570,692
570,705
570,706
570,708
570,767
570,774
570,781
570,787
570,790
570,797
570,807
570,817
570,845
570,853
570,896
570,897
570,905
570,914
570,920
570,943
570,982
571,577
571,583
571,593
571,651
571,667
571,699
571,703
571,725
571,731
571,736
571,751
571,781
571,789
571,839
571,868
571,891
571,921
572,599
572,608
572,611
572,615
572,625
572,709
572,711
572,735
572,739
572,758
572,759
572,782
572,783
572,784
572,800
572,843
572,857
572,875
572,881
572,884
572,920
572,921
572,930
572,934
572,968
572,984
573,579
573,590
573,614
573,640
573,648
573,735
573,755
573,756
573,763
573,779
573,831
573,895
573,902
573,951
573,962
573,966
573,967
573,976
574,589
574,626
574,652
574,659
574,663
574,670
574,680
574,693
574,721
574,770
574,820
574,822
574,841
574,870
574,889
574,899
574,906
574,912
574,946
574,961
574,964
574,966
574,977
575,651
575,667
575,669
575,691
575,703
575,742
575,744
575,788
575,828
575,877
575,885
575,905
575,933
575,995
576,686
576,692
576,698
576,775
576,785
576,806
576,807
576,819
576,824
576,835
576,887
576,907
576,912
576,924
576,938
577,579
577,593
577,595
577,613
577,635
577,642
577,679
577,721
577,736
577,747
577,753
577,767
577,768
577,769
577,784
577,798
577,825
577,828
577,845
577,874
577,957
577,970
577,982
577,998
578,605
578,616
578,630
578,646
578,667
578,691
578,699
578,703
578,757
578,779
578,789
578,791
578,832
578,839
578,845
578,850
578,894
578,959
578,963
579,586
579,614
579,642
579,672
579,704
579,716
579,732
579,746
579,755
579,763
579,778
579,779
579,788
579,791
579,816
579,831
579,852
579,859
579,869
579,902
579,904
579,951
579,966
579,976
579,979
579,985
579,999
580,588
580,593
580,598
580,615
580,647
580,695
580,697
580,703
580,712
580,716
580,747
580,748
580,762
580,785
580,787
580,799
580,818
580,853
580,863
580,868
580,871
580,903
580,912
580,914
580,916
580,929
580,933
580,955
580,959
580,970
580,978
580,995
581,601
581,627
581,662
581,685
581,693
581,716
581,722
581,736
581,738
581,761
581,801
581,810
581,846
581,852
581,873
581,930
581,950
581,981
582,624
582,672
582,746
582,755
582,779
582,784
582,791
582,826
582,831
582,904
582,911
582,967
583,593
583,623
583,640
583,673
583,728
583,742
583,762
583,780
583,837
583,853
583,882
583,911
583,963
583,964
583,972
584,591
584,624
584,685
584,704
584,832
584,864
584,871
584,894
584,940
584,986
585,610
585,614
585,625
585,631
585,662
585,677
585,720
585,756
585,763
585,776
585,812
585,833
585,852
585,883
585,895
585,908
585,951
585,962
585,966
585,968
585,976
586,608
586,611
586,672
586,740
586,746
586,750
586,755
586,779
586,791
586,825
586,831
586,904
586,962
586,967
586,976
587,593
587,594
587,673
587,773
587,815
587,942
587,970
587,995
588,594
588,595
588,608
588,661
588,673
588,695
588,697
588,698
588,705
588,724
588,731
588,753
588,762
588,771
588,776
588,789
588,847
588,856
588,858
588,890
588,897
588,911
588,912
588,914
588,957
588,972
588,978
588,979
588,982
589,625
589,637
589,654
589,669
589,700
589,770
589,774
589,861
589,889
589,936
589,943
589,946
589,977
590,625
590,636
590,648
590,654
590,655
590,671
590,685
590,716
590,720
590,726
590,728
590,736
590,737
590,761
590,797
590,809
590,852
590,854
590,873
590,880
590,887
590,898
590,903
590,910
590,913
590,974
590,986
590,987
590,994
591,618
591,647
591,692
591,705
591,762
591,769
591,785
591,807
591,823
591,853
591,887
591,896
591,912
591,931
591,971
591,991
592,593
592,618
592,656
592,658
592,663
592,688
592,705
592,715
592,764
592,780
592,785
592,803
592,807
592,822
592,849
592,853
592,881
592,926
592,928
592,931
592,949
592,981
592,982
592,987
593,594
593,602
593,603
593,618
593,632
593,662
593,673
593,682
593,695
593,696
593,697
593,704
593,742
593,745
593,759
593,762
593,769
593,773
593,781
593,782
593,795
593,803
593,823
593,831
593,874
593,879
593,881
593,882
593,911
593,912
593,927
593,947
593,959
593,970
593,983
593,988
594,595
594,603
594,669
594,673
594,679
594,695
594,724
594,741
594,747
594,748
594,759
594,762
594,774
594,795
594,813
594,814
594,833
594,847
594,874
594,877
594,923
594,953
594,970
594,983
594,991
595,603
595,642
595,643
595,661
595,673
595,695
595,724
595,728
595,751
595,773
595,789
595,795
595,851
595,863
595,893
595,963
595,970
595,983
595,998
596,608
596,693
596,822
596,889
596,906
596,941
597,610
597,645
597,659
597,670
597,680
597,682
597,770
597,822
597,861
597,889
597,906
597,917
597,941
597,946
598,603
598,628
598,641
598,653
598,667
598,749
598,758
598,759
598,769
598,813
598,831
598,834
598,837
598,850
598,882
598,891
598,916
598,959
598,975
598,982
598,989
598,995
599,615
599,629
599,636
599,640
599,641
599,651
599,653
599,655
599,660
599,667
599,671
599,701
599,718
599,725
599,741
599,743
599,748
599,749
599,751
599,753
599,759
599,782
599,788
599,796
599,818
599,821
599,825
599,827
599,839
599,893
599,895
599,896
599,909
599,920
599,928
599,930
599,953
599,989
599,999
600,618
600,663
600,727
600,730
600,764
600,786
600,790
600,807
600,847
600,886
600,904
600,918
600,958
601,648
601,707
601,716
601,731
601,738
601,765
601,783
601,810
601,825
601,921
601,950
601,981
601,994
602,610
602,622
602,652
602,670
602,680
602,685
602,693
602,700
602,721
602,744
602,753
602,783
602,797
602,801
602,821
602,848
602,873
602,881
602,899
602,910
602,941
602,944
602,949
603,663
603,669
603,704
603,724
603,737
603,762
603,768
603,773
603,797
603,799
603,823
603,837
603,916
603,938
603,955
603,975
604,668
604,734
604,777
604,842
604,924
604,947
605,611
605,616
605,677
605,694
605,699
605,716
605,717
605,739
605,742
605,745
605,758
605,789
605,818
605,819
605,869
605,884
605,893
605,903
605,933
605,937
605,957
605,974
605,990
606,729
606,762
606,783
606,796
606,810
606,833
606,875
606,911
606,955
607,645
607,728
607,762
607,776
607,807
607,823
607,993
608,610
608,625
608,640
608,671
608,709
608,718
608,740
608,753
608,759
608,763
608,784
608,821
608,843
608,872
608,884
608,904
608,920
608,957
608,990
609,648
609,682
609,716
609,780
609,957
610,652
610,668
610,696
610,720
610,801
610,820
610,867
610,881
610,889
610,905
610,931
610,944
610,964
611,613
611,740
611,742
611,758
611,788
611,799
611,812
611,818
611,865
611,878
611,884
611,893
612,648
612,652
612,668
612,689
612,693
612,706
612,715
612,720
612,736
612,753
612,780
612,917
612,922
612,944
612,964
613,678
613,679
613,684
613,751
613,753
613,758
613,769
613,773
613,782
613,845
613,850
613,938
613,954
614,627
614,685
614,702
614,704
614,723
614,726
614,732
614,746
614,750
614,755
614,763
614,792
614,812
614,831
614,833
614,859
614,890
614,902
614,930
614,951
614,962
614,966
614,974
614,976
615,641
615,660
615,670
615,682
615,688
615,743
615,758
615,782
615,784
615,815
615,817
615,844
615,877
615,878
615,885
615,904
615,908
615,930
615,971
615,989
615,990
615,999
616,641
616,646
616,665
616,678
616,699
616,703
616,742
616,756
616,757
616,758
616,766
616,784
616,786
616,798
616,799
616,826
616,832
616,836
616,839
616,850
616,920
616,954
616,963
617,700
617,719
617,802
617,842
617,847
617,860
617,861
617,868
617,876
617,878
617,881
617,913
617,932
617,949
617,977
617,984
618,706
618,714
618,733
618,737
618,741
618,763
618,780
618,804
618,832
618,881
618,883
618,903
618,949
618,996
619,654
619,659
619,668
619,716
619,729
619,943
619,946
619,961
619,973
620,712
620,728
620,733
620,776
620,819
620,835
620,840
620,887
620,897
620,923
620,928
620,947
620,993
621,658
621,686
621,706
621,730
621,766
621,835
621,851
621,886
621,909
622,633
622,639
622,668
622,889
622,906
622,960
622,969
623,649
623,673
623,682
623,688
623,734
623,782
623,844
623,907
623,916
623,931
623,973
624,653
624,758
624,784
624,934
624,940
624,945
625,649
625,657
625,667
625,690
625,704
625,710
625,736
625,751
625,761
625,765
625,771
625,783
625,786
625,816
625,833
625,834
625,867
625,871
625,877
625,878
625,910
625,911
625,919
625,920
625,956
625,957
625,968
625,969
625,971
625,974
625,981
626,632
626,688
626,714
626,745
626,777
626,803
626,805
626,814
626,816
626,926
626,949
626,998
627,641
627,676
627,707
627,710
627,711
627,715
627,723
627,731
627,739
627,765
627,772
627,810
627,816
627,827
627,880
627,915
627,921
627,950
627,986
628,700
628,802
628,876
628,932
628,952
629,633
629,689
629,704
629,708
629,728
629,732
629,749
629,796
629,815
629,863
629,865
629,892
629,898
629,915
629,956
629,966
629,968
630,730
630,733
630,775
630,806
630,824
630,840
630,855
630,856
630,866
630,909
630,928
630,958
630,993
630,994
631,662
631,721
631,895
631,955
632,708
632,712
632,751
632,762
632,774
632,803
632,853
632,857
632,868
632,887
632,912
632,914
632,972
633,644
633,657
633,683
633,737
633,793
633,802
633,814
633,835
633,876
633,927
633,929
633,932
633,935
633,936
633,943
633,952
633,995
634,703
634,751
634,757
634,773
634,789
634,839
634,938
634,963
635,691
635,703
635,717
635,725
635,758
635,766
635,799
635,809
635,823
635,843
635,850
635,853
635,856
635,868
635,894
635,903
635,930
635,933
635,934
635,963
635,990
636,648
636,654
636,681
636,688
636,726
636,752
636,761
636,765
636,804
636,827
636,833
636,834
636,846
636,859
636,861
636,901
636,974
637,696
637,700
637,722
637,847
637,908
637,932
637,941
637,946
637,961
638,674
638,694
638,705
638,730
638,738
638,764
638,909
638,911
638,927
639,644
639,649
639,677
639,737
639,745
639,749
639,753
639,765
639,777
639,783
639,805
639,816
639,834
639,842
639,886
639,936
639,947
639,956
639,971
640,651
640,653
640,677
640,683
640,741
640,750
640,756
640,762
640,769
640,779
640,831
640,854
640,859
640,869
640,885
640,890
640,900
640,902
640,904
640,920
640,934
640,980
641,660
641,689
641,709
641,711
641,739
641,759
641,768
641,782
641,799
641,805
641,815
641,818
641,821
641,836
641,885
641,920
641,953
641,992
641,999
642,661
642,709
642,768
642,773
642,789
642,850
642,858
642,868
642,874
642,884
642,956
642,982
642,998
643,701
643,785
643,823
643,850
643,868
643,874
643,903
643,912
643,982
644,670
644,674
644,686
644,694
644,704
644,715
644,716
644,730
644,764
644,765
644,770
644,822
644,837
644,840
644,867
644,871
644,883
644,914
644,918
644,927
644,929
644,935
644,943
644,984
644,996
645,670
645,730
645,745
645,770
645,778
645,808
645,814
645,881
645,889
645,917
645,924
645,926
645,932
645,943
645,949
645,960
645,971
645,984
646,691
646,784
646,832
646,963
647,649
647,682
647,705
647,706
647,730
647,732
647,753
647,759
647,772
647,817
647,829
647,850
647,860
647,907
647,914
647,918
647,965
647,966
647,992
648,677
648,704
648,720
648,726
648,854
648,881
648,904
648,951
648,974
648,990
649,669
649,674
649,695
649,710
649,714
649,731
649,759
649,765
649,772
649,778
649,803
649,812
649,824
649,837
649,853
649,871
649,885
649,911
649,948
649,965
650,687
650,765
650,834
650,877
650,915
650,969
650,973
651,655
651,691
651,696
651,701
651,706
651,717
651,742
651,784
651,825
651,836
651,884
651,893
651,957
651,963
651,995
652,668
652,693
652,721
652,738
652,778
652,867
652,922
652,944
652,964
653,657
653,739
653,754
653,759
653,784
653,818
653,826
653,890
653,920
653,934
653,945
654,656
654,668
654,670
654,680
654,693
654,721
654,797
654,842
654,870
654,873
654,889
654,919
654,925
654,946
654,960
654,961
654,975
654,977
655,699
655,701
655,703
655,704
655,717
655,718
655,742
655,754
655,759
655,769
655,771
655,781
655,818
655,825
655,832
655,836
655,850
655,864
655,884
655,893
655,957
655,996
656,659
656,670
656,700
656,745
656,847
656,889
657,667
657,803
657,864
657,878
657,890
657,901
657,948
657,974
657,979
657,990
658,730
658,764
658,824
658,909
658,927
659,670
659,700
659,721
659,802
659,833
659,870
659,889
659,906
659,910
660,682
660,683
660,688
660,703
660,705
660,711
660,731
660,749
660,759
660,762
660,765
660,771
660,772
660,780
660,782
660,784
660,788
660,818
660,825
660,834
660,837
660,844
660,857
660,871
660,878
660,885
660,916
660,953
660,968
660,969
660,983
660,990
660,992
661,679
661,716
661,724
661,725
661,747
661,773
661,868
661,880
661,898
661,909
661,914
661,954
661,978
661,983
661,998
662,676
662,677
662,702
662,704
662,723
662,725
662,732
662,733
662,735
662,740
662,755
662,756
662,763
662,792
662,826
662,830
662,902
662,951
662,962
662,995
663,669
663,674
663,683
663,714
663,715
663,737
663,781
663,784
663,793
663,804
663,821
663,828
663,881
663,896
663,909
663,926
663,939
663,943
663,947
663,965
663,979
664,668
664,690
664,720
664,722
664,738
664,859
664,867
664,871
664,914
664,922
664,981
665,745
665,751
665,954
666,691
666,701
666,739
666,818
666,946
666,995
667,685
667,691
667,701
667,707
667,709
667,717
667,749
667,768
667,782
667,784
667,788
667,799
667,825
667,843
667,858
667,872
667,903
667,916
667,933
667,947
667,953
667,954
667,955
667,963
667,989
668,680
668,693
668,721
668,820
668,906
668,935
668,939
668,941
668,964
668,981
669,682
669,688
669,703
669,748
669,749
669,771
669,805
669,816
669,851
669,856
669,862
669,875
669,887
669,911
669,955
669,979
670,674
670,716
670,801
670,822
670,841
670,842
670,855
670,860
670,863
670,906
670,908
670,913
670,919
670,921
670,925
670,940
670,946
671,704
671,741
671,765
671,812
671,827
671,829
671,873
671,875
671,880
671,915
671,917
671,920
671,945
671,962
671,968
672,740
672,746
672,755
672,756
672,763
672,805
672,815
672,831
672,900
672,904
672,996
673,747
673,917
673,970
673,978
673,984
673,989
674,694
674,715
674,737
674,762
674,770
674,875
674,881
674,888
674,913
674,926
674,929
674,935
674,936
674,952
674,965
674,984
674,988
674,996
675,699
675,753
675,755
675,769
675,803
675,837
675,863
675,914
675,959
675,972
675,985
675,992
676,677
676,685
676,690
676,756
676,761
676,783
676,811
676,833
676,867
676,902
676,904
676,951
676,962
676,974
676,992
676,999
677,709
677,753
677,756
677,765
677,821
677,833
677,834
677,837
677,846
677,873
677,880
677,994
678,679
678,684
678,685
678,698
678,699
678,708
678,717
678,724
678,742
678,744
678,766
678,768
678,769
678,789
678,799
678,809
678,836
678,845
678,850
678,887
678,891
678,903
678,905
678,954
678,963
679,684
679,699
679,703
679,769
679,781
679,789
679,832
679,845
679,954
680,693
680,694
680,700
680,705
680,706
680,721
680,722
680,736
680,765
680,788
680,816
680,820
680,848
680,876
680,889
680,893
680,899
680,906
680,941
680,944
680,946
680,961
680,964
680,977
680,996
681,722
681,756
681,779
681,867
682,688
682,748
682,771
682,782
682,784
682,805
682,813
682,837
682,844
682,849
682,863
682,880
682,883
682,885
682,890
682,891
682,926
682,934
682,958
682,988
682,989
683,793
683,797
683,802
683,808
683,822
683,842
683,860
683,889
683,896
683,899
683,909
683,932
683,935
683,936
683,949
683,956
683,984
683,987
684,729
684,769
684,773
684,800
684,823
684,825
684,845
684,875
684,891
684,894
684,902
684,954
684,963
685,687
685,704
685,736
685,742
685,791
685,796
685,827
685,852
685,880
685,915
685,950
685,975
686,698
686,775
686,776
686,785
686,807
686,819
686,824
686,837
686,840
686,842
686,866
686,886
686,897
686,914
686,923
686,931
686,993
686,997
687,709
687,740
687,752
687,765
687,769
687,783
687,864
687,877
687,915
687,969
687,981
688,767
688,771
688,789
688,855
688,875
688,885
688,918
688,920
688,953
689,693
689,722
689,922
690,707
690,711
690,784
690,854
690,881
690,908
690,925
690,968
690,974
691,699
691,717
691,744
691,759
691,773
691,843
691,862
691,870
691,893
691,900
691,903
691,905
691,933
691,937
691,990
691,992
691,995
692,698
692,765
692,781
692,805
692,816
692,819
692,824
692,853
692,855
692,882
692,887
692,907
692,958
693,721
693,738
693,755
693,777
693,797
693,803
693,847
693,872
693,899
693,906
693,910
693,941
693,944
693,950
693,958
693,964
693,971
693,977
694,745
694,756
694,764
694,787
694,816
694,885
694,909
694,911
694,918
694,927
694,929
694,996
695,708
695,724
695,747
695,769
695,839
695,851
695,868
695,874
695,982
695,998
696,729
696,749
696,778
696,786
696,834
696,835
696,871
696,896
696,946
696,973
696,981
697,700
697,747
697,762
697,774
697,834
697,871
697,882
697,940
697,955
697,970
697,979
697,996
698,706
698,728
698,775
698,776
698,825
698,857
698,897
698,923
698,928
698,958
698,991
699,725
699,742
699,751
699,757
699,762
699,768
699,769
699,781
699,790
699,791
699,798
699,809
699,838
699,839
699,885
699,938
699,949
699,982
700,719
700,758
700,802
700,814
700,847
700,870
700,875
700,889
700,896
700,899
700,925
700,932
700,946
700,952
701,703
701,742
701,798
701,825
701,832
701,839
701,843
701,903
701,938
701,957
702,726
702,744
702,755
702,830
702,833
702,862
702,895
702,902
702,914
702,955
702,958
703,724
703,732
703,751
703,757
703,768
703,769
703,799
703,836
703,839
703,845
703,868
703,871
703,884
703,885
703,891
703,998
704,726
704,732
704,741
704,752
704,779
704,791
704,812
704,821
704,829
704,830
704,831
704,833
704,877
704,880
704,901
704,910
704,915
704,930
704,936
704,943
704,945
704,964
704,968
705,708
705,719
705,736
705,751
705,775
705,785
705,790
705,803
705,807
705,837
705,853
705,857
705,874
705,882
705,887
705,914
705,926
705,965
705,992
706,731
706,772
706,811
706,879
706,885
706,912
706,999
707,719
707,722
707,738
707,812
707,834
707,852
707,899
707,904
707,908
707,921
707,950
707,953
707,979
708,731
708,762
708,774
708,787
708,819
708,822
708,853
708,857
708,882
708,912
708,914
708,931
708,947
708,950
708,965
708,967
708,972
708,998
709,718
709,733
709,748
709,753
709,754
709,759
709,784
709,810
709,832
709,934
710,765
710,786
710,816
710,817
710,834
710,871
710,956
710,969
710,971
711,736
711,738
711,759
711,771
711,782
711,877
711,890
711,934
711,948
711,971
711,992
711,999
712,835
712,840
712,928
712,958
712,993
713,719
713,777
713,778
713,797
713,898
713,906
713,928
713,960
714,720
714,730
714,734
714,772
714,776
714,777
714,780
714,803
714,817
714,849
714,877
714,881
714,888
714,910
714,914
714,917
714,926
714,931
714,947
714,965
714,971
715,777
715,804
715,849
715,881
715,914
715,936
715,943
715,947
715,991
716,738
716,761
716,783
716,786
716,810
716,817
716,822
716,850
716,852
716,854
716,879
716,925
716,950
716,981
716,994
717,725
717,731
717,732
717,739
717,742
717,744
717,751
717,765
717,769
717,825
717,832
717,865
717,884
717,894
717,903
717,957
718,759
718,784
718,794
718,865
718,869
718,920
718,975
719,737
719,762
719,783
719,802
719,822
719,828
719,847
719,860
719,873
719,884
719,913
719,935
719,945
719,947
719,952
720,726
720,736
720,741
720,767
720,778
720,852
720,854
720,873
720,910
720,944
720,974
721,738
721,799
721,860
721,865
721,919
721,941
721,946
722,799
722,808
722,814
722,820
722,876
722,889
722,899
722,922
722,981
723,755
723,831
723,833
723,951
724,734
724,747
724,825
724,874
724,942
724,945
724,983
724,998
725,742
725,764
725,768
725,769
725,781
725,809
725,825
725,839
725,847
725,868
725,933
725,938
725,949
725,957
725,974
725,982
725,999
726,729
726,736
726,738
726,761
726,777
726,812
726,820
726,852
726,854
726,867
726,873
726,890
726,898
726,902
726,919
726,929
727,731
727,807
727,855
727,883
727,886
727,907
727,947
727,987
728,764
728,773
728,776
728,785
728,802
728,836
728,887
728,897
728,912
728,923
728,928
728,991
728,997
729,805
729,814
729,816
729,860
729,917
729,928
729,956
729,965
729,971
729,994
730,776
730,835
730,856
730,866
730,927
730,932
730,936
730,947
730,996
731,736
731,772
731,785
731,800
731,803
731,814
731,818
731,844
731,880
731,885
731,914
731,917
731,925
731,935
731,948
731,956
731,958
731,965
731,982
732,734
732,752
732,756
732,830
732,833
732,846
732,901
732,917
732,964
732,978
733,769
733,785
733,840
733,842
733,850
733,856
733,866
733,884
733,909
733,958
733,993
734,772
734,777
734,805
734,840
734,902
734,926
734,928
734,932
734,948
734,958
734,965
734,977
734,981
734,993
735,763
735,792
735,904
735,935
735,966
735,976
736,738
736,761
736,778
736,793
736,827
736,852
736,854
736,873
736,910
736,974
736,981
736,994
737,772
737,780
737,793
737,802
737,808
737,814
737,896
737,909
737,914
737,929
737,935
737,936
737,943
737,983
737,987
737,988
737,993
738,786
738,802
738,810
738,827
738,831
738,834
738,870
738,896
738,908
738,917
738,921
738,925
738,944
738,950
738,986
739,743
739,782
739,784
739,789
739,813
739,823
739,826
739,885
739,975
739,989
739,992
740,755
740,791
740,831
740,869
740,904
740,957
741,752
741,833
741,880
741,904
741,915
741,930
741,934
741,945
741,968
741,969
741,980
742,751
742,756
742,781
742,786
742,789
742,799
742,825
742,832
742,843
742,850
742,884
742,894
742,957
742,963
742,990
743,749
743,759
743,765
743,796
743,885
743,930
743,934
743,953
743,999
744,761
744,783
744,823
744,825
744,832
744,862
744,872
744,874
744,885
744,975
744,992
744,995
745,777
745,805
745,807
745,816
745,834
745,860
745,911
745,943
745,947
745,949
745,956
745,971
745,986
745,987
745,992
746,750
746,831
746,843
746,864
746,900
746,904
746,951
746,967
747,759
747,916
747,963
748,753
748,771
748,777
748,783
748,807
748,813
748,837
748,859
748,863
748,885
748,912
748,913
748,915
748,916
748,959
748,975
748,982
748,989
749,759
749,771
749,813
749,862
749,865
749,920
750,779
750,791
750,850
750,893
750,904
750,967
750,968
751,757
751,765
751,769
751,789
751,795
751,798
751,836
751,839
751,880
751,900
751,938
751,957
751,963
752,755
752,783
752,833
752,846
752,867
752,869
752,901
752,902
752,974
753,776
753,783
753,803
753,825
753,844
753,871
753,881
753,885
753,887
753,933
753,964
753,973
753,974
754,940
755,763
755,779
755,826
755,831
755,852
755,859
755,877
755,904
755,951
755,962
755,966
755,976
756,810
756,830
756,833
756,846
756,865
756,881
756,895
756,904
756,920
756,951
756,974
756,976
757,768
757,769
757,795
757,827
757,938
757,951
757,963
758,818
758,825
758,852
758,865
758,884
758,893
758,934
758,937
758,938
758,951
758,990
758,992
759,766
759,771
759,782
759,786
759,790
759,837
759,838
759,872
759,877
759,917
759,922
759,949
759,956
759,974
759,988
759,989
759,992
759,999
760,769
760,823
760,872
760,887
760,930
760,934
760,938
760,959
760,963
761,765
761,786
761,788
761,797
761,816
761,821
761,846
761,852
761,867
761,873
761,917
761,981
761,986
761,994
762,774
762,783
762,787
762,800
762,816
762,817
762,822
762,851
762,857
762,879
762,882
762,883
762,912
762,914
762,924
762,936
762,972
762,975
762,982
762,984
762,992
762,997
763,765
763,831
763,854
763,859
763,895
763,898
763,904
763,951
763,962
763,966
763,976
763,990
763,994
764,785
764,796
764,835
764,897
764,909
764,928
764,932
764,971
764,982
764,993
764,996
765,779
765,786
765,802
765,803
765,805
765,840
765,861
765,881
765,913
765,917
765,929
765,940
765,950
765,969
765,971
766,769
766,773
766,836
766,839
766,850
766,879
766,891
766,963
766,970
767,790
767,807
767,883
767,887
767,903
767,912
767,991
768,769
768,780
768,781
768,798
768,799
768,809
768,832
768,836
768,868
768,938
769,773
769,781
769,789
769,823
769,836
769,837
769,839
769,849
769,850
769,884
769,890
769,891
769,915
769,938
769,957
769,958
769,963
769,998
770,860
770,861
770,889
770,896
770,941
770,946
770,964
771,782
771,803
771,834
771,844
771,871
771,880
771,885
771,923
771,940
771,945
771,953
771,967
771,992
772,786
772,793
772,803
772,805
772,883
772,885
772,901
772,926
772,930
772,947
772,948
773,795
773,798
773,845
773,877
773,883
773,914
773,954
773,963
773,982
773,989
773,995
774,785
774,787
774,804
774,819
774,853
774,857
774,879
774,882
774,883
774,886
774,914
774,971
775,776
775,783
775,785
775,807
775,819
775,824
775,835
775,853
775,887
775,897
775,907
775,923
775,928
775,931
775,971
775,993
776,785
776,803
776,819
776,824
776,840
776,849
776,856
776,886
776,887
776,897
776,923
776,927
776,928
776,984
776,991
776,993
776,997
777,778
777,783
777,784
777,803
777,805
777,817
777,824
777,834
777,840
777,849
777,854
777,885
777,908
777,924
777,926
777,939
777,943
777,947
777,956
777,971
778,786
778,797
778,816
778,817
778,834
778,842
778,874
778,907
778,911
778,917
778,969
778,986
778,990
779,792
779,833
779,902
779,904
779,951
779,957
779,966
780,804
780,815
780,824
780,849
780,888
780,914
780,926
780,939
780,965
780,972
780,982
780,988
781,786
781,789
781,799
781,809
781,839
781,885
781,938
781,957
781,963
781,993
781,996
781,998
782,783
782,837
782,875
782,920
782,933
782,948
782,992
783,786
783,821
783,844
783,871
783,872
783,877
783,881
783,899
783,908
783,911
783,917
783,948
783,956
783,973
783,982
783,991
784,852
784,859
784,864
784,875
784,880
784,885
784,890
784,893
784,915
784,934
784,951
784,963
784,986
785,790
785,806
785,807
785,819
785,824
785,828
785,835
785,837
785,855
785,856
785,883
785,886
785,887
785,897
785,923
785,931
785,936
785,958
785,984
785,993
785,997
786,803
786,810
786,834
786,917
786,930
786,950
787,806
787,807
787,811
787,839
787,853
787,857
787,879
787,945
787,953
787,972
787,984
787,991
787,993
788,800
788,812
788,825
788,843
788,850
788,872
788,903
788,959
788,995
789,798
789,799
789,826
789,839
789,850
789,938
789,940
789,957
789,958
790,802
790,803
790,851
790,879
790,912
790,991
791,826
791,902
791,904
791,962
791,976
792,895
792,962
792,966
793,881
793,888
793,896
793,935
793,960
793,984
793,987
794,874
794,891
794,907
794,954
795,823
795,887
795,978
795,983
796,848
796,869
796,892
796,930
797,819
797,956
797,999
798,832
798,839
798,903
798,954
799,800
799,832
799,836
799,850
799,869
799,882
799,891
799,893
799,916
799,989
799,999
800,850
800,869
800,883
800,890
800,954
800,990
801,820
801,834
801,921
801,941
802,808
802,814
802,847
802,860
802,876
802,881
802,932
802,942
802,956
803,805
803,807
803,814
803,821
803,849
803,870
803,911
803,939
803,973
804,849
804,907
804,914
804,917
804,926
804,971
804,998
805,814
805,824
805,844
805,871
805,947
805,950
805,955
805,956
805,971
805,983
806,883
806,886
806,897
806,923
806,949
806,961
806,972
806,982
806,997
807,824
807,840
807,842
807,853
807,855
807,857
807,876
807,886
807,887
807,896
807,912
807,928
807,931
807,987
807,997
807,999
808,814
808,877
808,881
808,896
808,913
808,917
808,935
808,936
808,949
808,971
808,981
808,987
809,938
810,821
810,827
810,877
810,898
810,899
810,910
810,911
810,950
810,974
810,980
810,981
811,834
811,844
811,853
811,914
811,916
811,926
811,947
811,965
812,880
812,901
812,902
812,903
812,931
812,945
812,968
812,980
813,816
813,837
813,863
813,865
813,955
813,975
814,822
814,837
814,842
814,876
814,881
814,887
814,896
814,935
814,958
814,960
814,965
814,971
814,987
814,992
815,824
815,878
815,934
815,999
816,821
816,834
816,847
816,860
816,881
816,917
816,947
816,956
816,964
816,971
816,982
817,849
817,854
817,867
817,877
817,944
817,964
817,987
817,990
818,832
818,864
818,865
818,884
818,893
818,985
818,990
819,824
819,835
819,855
819,887
819,897
819,907
819,931
819,991
819,996
820,848
820,850
820,873
820,899
820,908
820,910
820,915
820,951
820,964
821,838
821,871
821,875
821,877
821,911
821,915
821,953
821,965
821,969
821,990
821,999
822,824
822,832
822,842
822,860
822,876
822,881
822,913
822,921
822,924
822,926
822,935
822,944
822,949
822,984
822,987
822,988
823,843
823,884
823,903
823,905
823,959
823,975
823,990
824,825
824,828
824,878
824,887
824,897
824,907
824,931
824,948
824,991
824,993
824,998
825,832
825,836
825,850
825,865
825,884
825,885
825,891
825,894
825,903
825,917
825,926
825,933
825,959
825,979
826,869
826,900
826,902
826,967
826,976
827,838
827,880
827,915
827,945
828,849
828,850
828,853
828,882
828,888
828,907
828,912
828,914
828,918
828,931
829,864
829,898
829,902
830,833
830,852
830,962
831,864
831,904
831,962
831,976
831,977
832,843
832,850
832,885
832,921
832,933
832,957
832,963
833,848
833,852
833,854
833,951
833,957
833,969
834,871
834,911
834,913
834,916
834,956
834,973
834,986
835,886
835,909
835,912
835,923
835,987
835,996
836,839
836,891
836,903
836,905
836,963
837,863
837,891
837,962
837,974
837,975
837,979
837,989
837,992
838,875
838,877
838,878
838,968
838,999
839,842
839,954
839,992
840,856
840,887
840,912
840,913
840,947
840,958
840,993
841,919
841,925
841,936
842,860
842,880
842,913
842,932
842,952
842,984
843,874
843,894
843,903
844,846
844,885
844,978
844,979
845,851
845,894
845,927
845,963
846,852
846,890
846,901
846,902
846,962
846,998
847,860
847,861
847,870
847,896
847,913
847,926
847,932
847,944
847,945
847,948
847,984
848,867
848,876
848,921
848,922
848,944
848,964
849,896
849,926
849,939
849,943
849,946
849,947
849,965
850,868
850,916
850,954
850,963
850,983
851,858
851,943
851,989
851,991
851,998
852,854
852,873
852,898
852,962
852,964
852,974
852,976
852,981
852,994
853,857
853,879
853,912
853,914
853,923
853,928
853,931
853,959
853,972
853,986
853,993
853,998
854,890
854,898
854,945
855,887
855,907
856,866
856,887
856,958
856,987
856,993
857,864
857,882
857,887
857,897
857,931
857,968
857,991
858,982
858,983
858,991
859,895
859,966
859,976
860,869
860,876
860,898
860,913
860,917
860,921
860,932
860,987
861,876
861,889
861,892
863,912
863,947
863,973
864,869
864,872
864,937
864,953
864,967
864,978
865,884
865,929
865,940
865,957
866,909
866,947
866,958
866,972
867,980
867,981
867,985
867,994
868,891
868,894
868,942
869,900
869,934
869,959
870,889
871,877
871,878
871,911
871,914
871,920
871,939
871,973
871,980
871,992
871,999
872,884
872,903
872,933
872,963
873,881
873,910
873,911
874,903
874,915
874,936
874,968
874,982
874,983
874,998
875,881
875,885
875,968
875,973
875,990
875,999
876,889
876,913
876,932
876,944
876,952
876,986
877,880
877,915
877,930
877,945
877,957
877,964
877,969
877,999
878,926
878,999
879,914
879,931
879,972
879,991
880,896
880,904
880,915
880,930
880,945
880,962
880,968
880,969
880,974
881,889
881,896
881,913
881,917
881,924
881,926
881,932
881,936
881,943
881,949
881,984
881,987
882,916
882,970
882,972
883,891
883,897
883,903
883,907
883,912
883,923
883,926
883,928
883,982
883,998
884,893
884,932
884,957
884,967
884,978
885,911
885,914
885,932
885,948
885,951
885,986
885,989
886,887
886,897
886,923
886,928
886,948
886,953
886,958
887,897
887,907
887,914
887,931
887,936
887,955
887,996
888,917
888,929
888,932
888,936
888,984
888,987
889,906
889,925
889,931
889,932
889,941
889,961
889,978
890,930
890,945
891,903
891,954
891,955
891,972
891,983
893,903
893,937
893,945
893,990
893,994
894,910
894,933
894,984
895,898
895,901
895,934
895,962
895,966
895,994
896,923
896,924
896,932
896,935
896,936
896,943
896,949
896,950
896,960
896,971
896,987
896,997
897,913
897,923
897,993
897,995
897,997
898,915
898,922
898,994
899,908
899,944
899,964
900,902
900,992
901,902
901,945
901,951
901,968
901,974
901,980
902,930
902,968
902,984
903,905
903,959
903,992
903,995
904,968
904,976
905,916
905,933
905,937
905,995
906,944
906,946
907,927
907,928
907,931
908,911
908,925
908,941
908,950
908,976
908,977
909,927
909,929
909,948
909,952
909,973
909,984
909,996
910,978
910,980
910,984
910,987
911,917
911,921
911,935
911,956
911,973
911,984
911,986
912,914
912,920
912,956
912,987
912,991
912,999
913,924
913,946
913,948
913,949
913,960
913,974
913,981
913,987
914,930
914,972
914,991
915,920
915,930
915,945
915,950
915,969
915,984
916,959
916,978
916,983
917,926
917,947
917,949
917,956
917,960
917,971
917,972
917,979
918,959
919,925
920,930
920,964
920,990
920,992
921,925
921,973
922,944
923,928
923,931
923,947
923,993
923,996
924,935
924,953
924,987
925,934
925,946
925,964
925,999
926,931
926,939
926,947
926,962
926,965
926,992
927,975
927,984
927,996
928,970
928,993
929,936
929,968
929,973
929,984
930,955
930,960
930,968
931,991
931,997
932,935
932,946
932,947
932,949
932,952
933,948
933,995
934,994
935,936
935,946
935,952
935,983
935,984
935,987
936,943
936,946
936,947
936,949
936,984
936,987
936,988
936,990
937,985
937,989
938,940
938,956
938,963
938,964
938,994
939,981
942,968
942,979
943,947
944,964
945,968
946,950
946,961
946,964
947,950
948,956
948,957
948,983
949,960
949,987
949,988
949,996
950,971
950,974
950,986
950,994
951,962
953,965
953,973
954,959
955,959
955,970
955,979
955,983
956,971
956,987
958,993
958,996
961,971
961,998
964,977
964,984
966,976
968,980
968,999
972,995
974,981
975,988
980,981
981,994
984,987
985,991
986,988
986,993
989,992
989,993
991,997
996,998
