source,target
0,43
0,66
0,85
0,107
0,146
0,172
0,177
0,211
0,233
0,238
0,247
0,305
0,339
0,344
0,401
0,466
0,483
0,497
0,520
0,536
0,571
0,635
0,734
0,849
0,882
0,886
0,897
0,902
0,952
0,985
1,9
1,28
1,37
1,45
1,54
1,63
1,93
1,99
1,100
1,101
1,108
1,115
1,141
1,153
1,166
1,169
1,173
1,185
1,193
1,201
1,212
1,222
1,263
1,265
1,270
1,305
1,306
1,315
1,353
1,384
1,404
1,411
1,416
1,419
1,420
1,428
1,470
1,485
1,489
1,497
1,498
1,501
1,509
1,547
1,556
1,558
1,576
1,603
1,617
1,650
1,656
1,684
1,698
1,705
1,712
1,721
1,735
1,740
1,752
1,755
1,762
1,769
1,825
1,826
1,838
1,844
1,846
1,856
1,864
1,889
1,890
1,949
1,952
1,994
2,19
2,23
2,66
2,110
2,122
2,138
2,154
2,156
2,293
2,301
2,315
2,319
2,320
2,327
2,331
2,342
2,416
2,508
2,531
2,624
2,662
2,679
2,735
2,764
2,768
2,794
2,810
2,853
2,863
2,948
2,958
3,36
3,49
3,54
3,73
3,77
3,87
3,111
3,123
3,129
3,169
3,210
3,216
3,222
3,236
3,245
3,266
3,318
3,363
3,380
3,398
3,402
3,409
3,410
3,414
3,457
3,475
3,492
3,525
3,572
3,577
3,578
3,585
3,670
3,697
3,743
3,750
3,762
3,789
3,819
3,853
3,868
3,877
3,879
3,882
3,900
3,934
3,951
3,989
4,13
4,30
4,94
4,127
4,204
4,214
4,259
4,289
4,320
4,344
4,346
4,376
4,445
4,467
4,518
4,522
4,562
4,573
4,576
4,605
4,616
4,706
4,810
4,871
4,907
4,930
4,961
4,974
4,983
4,991
5,92
5,155
5,171
5,223
5,231
5,235
5,244
5,257
5,302
5,356
5,360
5,414
5,415
5,490
5,531
5,568
5,569
5,597
5,614
5,645
5,658
5,715
5,753
5,758
5,771
5,828
5,870
5,890
5,910
5,931
6,62
6,114
6,302
6,336
6,372
6,404
6,422
6,477
6,534
6,578
6,640
6,654
6,688
6,744
6,762
6,838
6,966
6,978
6,981
7,35
7,66
7,130
7,144
7,156
7,164
7,169
7,191
7,231
7,232
7,268
7,339
7,366
7,436
7,450
7,456
7,463
7,473
7,490
7,513
7,526
7,535
7,557
7,560
7,638
7,658
7,710
7,727
7,746
7,771
7,774
7,800
7,830
7,837
7,839
7,840
7,894
7,903
7,917
7,953
7,954
7,995
7,999
8,11
8,15
8,46
8,87
8,111
8,119
8,129
8,141
8,148
8,155
8,169
8,171
8,172
8,203
8,225
8,274
8,280
8,301
8,330
8,342
8,348
8,358
8,362
8,368
8,377
8,380
8,410
8,419
8,426
8,427
8,436
8,449
8,453
8,477
8,508
8,513
8,518
8,529
8,532
8,548
8,562
8,563
8,592
8,602
8,618
8,621
8,623
8,629
8,632
8,647
8,689
8,733
8,737
8,738
8,772
8,785
8,804
8,806
8,807
8,808
8,829
8,856
8,868
8,876
8,879
8,908
8,917
8,930
8,934
8,936
8,952
8,976
8,979
8,987
9,26
9,32
9,47
9,49
9,52
9,58
9,109
9,118
9,121
9,142
9,165
9,169
9,174
9,195
9,201
9,230
9,238
9,239
9,256
9,260
9,283
9,314
9,321
9,355
9,359
9,380
9,384
9,400
9,401
9,402
9,404
9,413
9,440
9,450
9,463
9,465
9,470
9,504
9,512
9,522
9,538
9,600
9,619
9,637
9,657
9,725
9,729
9,730
9,738
9,750
9,794
9,815
9,820
9,824
9,826
9,829
9,831
9,839
9,846
9,847
9,877
9,886
9,889
9,900
9,908
9,910
9,950
9,973
9,981
9,987
10,52
10,58
10,106
10,138
10,141
10,150
10,172
10,181
10,189
10,191
10,222
10,239
10,263
10,283
10,299
10,301
10,302
10,313
10,338
10,355
10,389
10,410
10,412
10,415
10,425
10,447
10,474
10,548
10,565
10,570
10,578
10,585
10,624
10,642
10,644
10,652
10,666
10,722
10,734
10,757
10,781
10,838
10,857
10,909
10,921
10,945
10,953
10,956
10,976
10,999
11,17
11,49
11,58
11,87
11,96
11,114
11,142
11,156
11,189
11,258
11,289
11,295
11,308
11,340
11,341
11,345
11,348
11,356
11,366
11,378
11,389
11,461
11,463
11,468
11,472
11,517
11,520
11,524
11,536
11,618
11,637
11,659
11,686
11,709
11,724
11,727
11,748
11,803
11,826
11,856
11,868
11,872
11,876
11,882
11,917
11,922
11,923
11,929
11,983
12,17
12,21
12,31
12,64
12,71
12,103
12,112
12,121
12,212
12,226
12,238
12,249
12,252
12,263
12,304
12,315
12,323
12,359
12,364
12,378
12,380
12,399
12,400
12,403
12,407
12,409
12,427
12,466
12,505
12,520
12,536
12,541
12,548
12,554
12,570
12,572
12,613
12,632
12,663
12,675
12,679
12,680
12,682
12,697
12,725
12,750
12,752
12,757
12,775
12,776
12,794
12,809
12,826
12,857
12,858
12,859
12,877
12,886
12,900
12,927
12,952
12,954
12,981
13,30
13,49
13,71
13,75
13,143
13,144
13,162
13,181
13,212
13,214
13,250
13,286
13,310
13,349
13,381
13,483
13,503
13,735
13,745
13,803
13,841
13,919
13,938
14,262
14,295
14,304
14,369
14,384
14,410
14,498
14,584
14,695
14,710
14,745
14,850
14,895
14,914
14,915
14,988
15,42
15,88
15,100
15,111
15,145
15,148
15,173
15,188
15,227
15,268
15,397
15,431
15,483
15,514
15,557
15,608
15,616
15,697
15,758
15,778
15,800
15,839
15,855
15,859
15,881
15,896
15,915
16,45
16,75
16,107
16,127
16,202
16,235
16,241
16,250
16,270
16,276
16,290
16,321
16,427
16,458
16,470
16,496
16,517
16,524
16,631
16,681
16,709
16,741
16,873
16,880
16,897
16,913
16,929
16,957
16,962
16,963
16,975
16,985
16,989
16,992
17,104
17,150
17,181
17,220
17,231
17,237
17,245
17,248
17,273
17,298
17,379
17,432
17,464
17,487
17,512
17,532
17,586
17,591
17,631
17,642
17,660
17,746
17,784
17,817
17,823
17,855
17,875
17,888
17,931
17,934
17,937
17,980
17,981
18,84
18,119
18,131
18,210
18,250
18,273
18,311
18,359
18,365
18,366
18,369
18,394
18,417
18,431
18,433
18,489
18,565
18,568
18,574
18,612
18,613
18,631
18,695
18,705
18,736
18,755
18,774
18,824
18,825
18,829
18,849
18,851
18,877
18,899
18,904
18,919
18,935
18,944
18,945
18,962
19,28
19,52
19,62
19,66
19,95
19,180
19,245
19,265
19,277
19,280
19,282
19,292
19,299
19,342
19,344
19,349
19,363
19,364
19,378
19,402
19,439
19,449
19,517
19,532
19,562
19,571
19,579
19,582
19,584
19,599
19,608
19,619
19,621
19,634
19,635
19,641
19,647
19,688
19,705
19,709
19,731
19,743
19,767
19,777
19,781
19,800
19,830
19,858
19,864
19,869
19,880
19,919
19,936
19,957
19,975
20,26
20,89
20,108
20,146
20,164
20,204
20,222
20,256
20,257
20,272
20,302
20,304
20,309
20,357
20,419
20,425
20,428
20,450
20,483
20,494
20,517
20,560
20,594
20,613
20,667
20,681
20,689
20,711
20,720
20,777
20,782
20,800
20,814
20,834
20,851
20,852
20,862
20,932
20,942
21,27
21,122
21,167
21,191
21,274
21,304
21,369
21,578
21,592
21,627
21,636
21,663
21,692
21,724
21,752
21,755
21,764
21,825
21,831
21,832
21,834
21,839
21,857
21,867
21,887
21,912
21,931
21,953
21,959
22,62
22,143
22,190
22,232
22,238
22,255
22,257
22,275
22,338
22,353
22,371
22,376
22,401
22,412
22,427
22,460
22,463
22,466
22,575
22,589
22,591
22,659
22,674
22,734
22,750
22,776
22,827
22,839
22,877
22,895
22,897
22,914
22,931
22,935
22,937
22,975
23,60
23,188
23,189
23,204
23,249
23,259
23,325
23,356
23,397
23,438
23,538
23,584
23,645
23,657
23,675
23,691
23,719
23,738
23,795
23,830
23,832
23,933
23,977
24,40
24,54
24,62
24,65
24,73
24,77
24,99
24,107
24,115
24,119
24,121
24,129
24,148
24,151
24,156
24,165
24,203
24,207
24,213
24,227
24,254
24,269
24,279
24,297
24,305
24,316
24,330
24,342
24,351
24,362
24,367
24,373
24,391
24,392
24,395
24,418
24,420
24,425
24,426
24,430
24,477
24,504
24,521
24,541
24,544
24,562
24,577
24,599
24,631
24,637
24,653
24,670
24,678
24,689
24,712
24,714
24,727
24,742
24,749
24,755
24,768
24,781
24,789
24,809
24,811
24,849
24,853
24,855
24,856
24,866
24,876
24,896
24,936
24,952
24,953
24,954
24,970
24,973
24,976
25,46
25,75
25,87
25,105
25,123
25,160
25,170
25,174
25,191
25,196
25,202
25,235
25,244
25,252
25,269
25,283
25,289
25,304
25,321
25,357
25,366
25,394
25,399
25,409
25,415
25,417
25,424
25,460
25,462
25,490
25,518
25,524
25,538
25,559
25,563
25,578
25,579
25,614
25,616
25,690
25,699
25,769
25,773
25,774
25,782
25,804
25,836
25,851
25,864
25,877
25,887
25,921
25,924
25,925
25,941
25,970
25,977
25,991
26,77
26,130
26,158
26,184
26,197
26,203
26,212
26,247
26,267
26,276
26,279
26,294
26,305
26,308
26,314
26,347
26,414
26,454
26,476
26,485
26,517
26,527
26,569
26,609
26,656
26,700
26,701
26,707
26,716
26,751
26,762
26,786
26,792
26,798
26,850
26,855
26,875
26,915
26,970
26,978
26,990
27,36
27,46
27,47
27,60
27,111
27,143
27,172
27,245
27,253
27,263
27,343
27,358
27,377
27,383
27,420
27,435
27,438
27,491
27,492
27,525
27,539
27,545
27,548
27,563
27,592
27,609
27,642
27,671
27,679
27,683
27,701
27,785
27,789
27,811
27,831
27,835
27,839
27,908
27,910
27,952
27,955
27,957
27,976
27,986
27,988
27,997
28,32
28,63
28,108
28,117
28,129
28,157
28,171
28,190
28,245
28,261
28,273
28,280
28,297
28,311
28,314
28,331
28,337
28,360
28,374
28,380
28,391
28,408
28,410
28,412
28,417
28,423
28,429
28,432
28,433
28,456
28,467
28,504
28,510
28,543
28,546
28,549
28,553
28,562
28,571
28,590
28,595
28,609
28,633
28,637
28,648
28,653
28,675
28,682
28,689
28,704
28,725
28,745
28,754
28,762
28,771
28,781
28,806
28,809
28,820
28,846
28,856
28,865
28,881
28,894
28,908
28,943
28,951
28,952
28,961
28,966
29,74
29,90
29,101
29,111
29,153
29,174
29,182
29,186
29,222
29,226
29,242
29,253
29,256
29,268
29,299
29,390
29,457
29,487
29,493
29,528
29,574
29,583
29,650
29,679
29,743
29,755
29,871
29,920
29,957
29,965
29,978
29,980
29,996
30,50
30,51
30,91
30,95
30,125
30,126
30,130
30,150
30,166
30,180
30,218
30,219
30,224
30,235
30,244
30,252
30,257
30,259
30,282
30,318
30,321
30,326
30,340
30,341
30,344
30,350
30,351
30,374
30,386
30,398
30,403
30,408
30,411
30,416
30,467
30,468
30,536
30,538
30,566
30,591
30,607
30,626
30,645
30,651
30,659
30,670
30,723
30,727
30,737
30,738
30,761
30,800
30,813
30,852
30,899
30,901
30,914
30,962
30,968
31,36
31,115
31,148
31,151
31,161
31,163
31,182
31,202
31,219
31,227
31,250
31,272
31,292
31,305
31,321
31,323
31,326
31,327
31,357
31,370
31,401
31,406
31,411
31,419
31,447
31,503
31,509
31,514
31,525
31,528
31,549
31,564
31,588
31,612
31,624
31,673
31,674
31,726
31,732
31,754
31,800
31,817
31,853
31,854
31,921
31,996
32,59
32,129
32,136
32,138
32,140
32,150
32,171
32,267
32,273
32,318
32,333
32,370
32,372
32,401
32,414
32,417
32,420
32,444
32,445
32,448
32,470
32,471
32,476
32,486
32,488
32,492
32,494
32,520
32,534
32,536
32,540
32,549
32,554
32,558
32,564
32,570
32,603
32,620
32,663
32,664
32,670
32,808
32,822
32,838
32,852
32,903
32,919
32,934
32,988
33,93
33,125
33,148
33,226
33,302
33,375
33,397
33,398
33,403
33,444
33,454
33,699
33,843
33,919
34,66
34,210
34,254
34,259
34,262
34,275
34,327
34,354
34,510
34,545
34,548
34,621
34,624
34,648
34,721
34,769
34,791
34,852
34,871
34,917
34,926
34,939
34,955
34,969
34,995
35,47
35,49
35,53
35,57
35,134
35,146
35,212
35,239
35,248
35,283
35,356
35,427
35,514
35,556
35,557
35,584
35,603
35,607
35,638
35,652
35,673
35,709
35,830
35,887
35,926
35,931
35,965
35,970
36,37
36,49
36,59
36,65
36,94
36,120
36,141
36,168
36,171
36,183
36,197
36,272
36,286
36,304
36,314
36,337
36,339
36,360
36,367
36,383
36,386
36,396
36,400
36,404
36,410
36,411
36,431
36,436
36,449
36,509
36,513
36,515
36,521
36,618
36,627
36,656
36,689
36,702
36,709
36,742
36,777
36,814
36,853
36,872
36,873
36,887
36,908
36,938
36,940
36,953
36,956
36,966
36,997
37,81
37,93
37,101
37,126
37,127
37,168
37,180
37,203
37,211
37,222
37,238
37,272
37,284
37,298
37,301
37,318
37,362
37,425
37,431
37,433
37,451
37,484
37,494
37,529
37,546
37,549
37,555
37,571
37,574
37,592
37,608
37,632
37,641
37,645
37,649
37,689
37,697
37,717
37,738
37,747
37,766
37,769
37,773
37,774
37,777
37,778
37,827
37,838
37,849
37,851
37,876
37,877
37,885
37,959
37,997
38,44
38,61
38,70
38,127
38,136
38,159
38,178
38,235
38,287
38,335
38,338
38,341
38,350
38,357
38,399
38,406
38,416
38,573
38,584
38,652
38,780
38,781
38,789
38,856
38,940
38,967
39,76
39,89
39,96
39,114
39,126
39,149
39,151
39,160
39,184
39,191
39,201
39,220
39,229
39,272
39,292
39,315
39,317
39,351
39,362
39,365
39,369
39,393
39,407
39,408
39,409
39,427
39,439
39,445
39,480
39,502
39,514
39,515
39,535
39,549
39,580
39,594
39,596
39,607
39,652
39,656
39,698
39,706
39,721
39,723
39,784
39,789
39,832
39,841
39,857
39,902
39,922
39,946
39,950
39,951
39,955
39,956
39,968
39,984
39,998
39,999
40,50
40,56
40,80
40,103
40,143
40,146
40,179
40,191
40,196
40,200
40,213
40,246
40,248
40,258
40,260
40,291
40,309
40,311
40,331
40,332
40,407
40,419
40,435
40,451
40,459
40,480
40,531
40,568
40,613
40,619
40,630
40,633
40,638
40,654
40,666
40,669
40,672
40,705
40,713
40,733
40,735
40,743
40,773
40,780
40,782
40,810
40,861
40,881
40,944
40,945
40,952
40,987
41,90
41,113
41,114
41,139
41,140
41,159
41,162
41,237
41,258
41,289
41,305
41,312
41,360
41,410
41,441
41,449
41,457
41,489
41,499
41,507
41,535
41,540
41,559
41,579
41,589
41,685
41,718
41,725
41,810
41,847
41,850
41,865
41,885
41,938
41,959
42,62
42,153
42,155
42,170
42,181
42,240
42,245
42,256
42,269
42,310
42,330
42,369
42,414
42,425
42,428
42,437
42,461
42,509
42,517
42,535
42,583
42,595
42,606
42,614
42,624
42,652
42,680
42,693
42,715
42,740
42,752
42,856
42,858
42,916
42,938
42,965
43,140
43,148
43,183
43,251
43,260
43,268
43,301
43,413
43,444
43,457
43,461
43,484
43,566
43,588
43,599
43,610
43,613
43,669
43,723
43,741
43,810
43,826
43,890
43,903
43,904
43,906
43,940
43,967
43,969
43,980
43,999
44,55
44,82
44,87
44,107
44,108
44,130
44,142
44,157
44,174
44,190
44,205
44,217
44,223
44,241
44,242
44,245
44,267
44,278
44,310
44,315
44,320
44,340
44,352
44,360
44,363
44,367
44,373
44,391
44,418
44,420
44,473
44,474
44,483
44,491
44,500
44,504
44,527
44,553
44,570
44,580
44,584
44,592
44,595
44,597
44,599
44,627
44,653
44,663
44,664
44,701
44,710
44,726
44,727
44,735
44,740
44,742
44,791
44,794
44,809
44,822
44,832
44,834
44,839
44,856
44,863
44,867
44,876
44,877
44,889
44,901
44,908
44,915
44,916
44,936
44,943
44,956
44,958
44,976
44,983
44,994
45,69
45,96
45,126
45,130
45,156
45,190
45,270
45,338
45,353
45,360
45,401
45,408
45,422
45,426
45,431
45,433
45,434
45,437
45,477
45,522
45,527
45,588
45,590
45,601
45,633
45,681
45,701
45,725
45,731
45,768
45,859
45,888
45,957
45,992
46,54
46,81
46,87
46,170
46,185
46,212
46,218
46,229
46,251
46,272
46,273
46,278
46,347
46,360
46,409
46,422
46,430
46,440
46,460
46,464
46,481
46,484
46,519
46,532
46,564
46,577
46,604
46,607
46,618
46,632
46,646
46,691
46,719
46,733
46,771
46,774
46,777
46,778
46,808
46,825
46,827
46,869
46,921
46,946
46,949
46,958
46,964
46,966
47,52
47,106
47,123
47,155
47,185
47,189
47,190
47,229
47,265
47,295
47,303
47,324
47,329
47,360
47,378
47,389
47,397
47,398
47,468
47,474
47,521
47,572
47,579
47,641
47,642
47,674
47,695
47,745
47,768
47,800
47,855
47,916
47,944
47,982
48,61
48,140
48,179
48,187
48,205
48,228
48,229
48,256
48,266
48,300
48,311
48,314
48,361
48,375
48,454
48,510
48,536
48,550
48,584
48,590
48,617
48,654
48,766
48,773
48,809
48,852
48,893
48,925
48,958
49,62
49,85
49,99
49,142
49,157
49,159
49,180
49,197
49,198
49,229
49,238
49,245
49,287
49,310
49,317
49,333
49,359
49,386
49,397
49,420
49,434
49,437
49,455
49,459
49,479
49,487
49,488
49,503
49,504
49,505
49,522
49,525
49,533
49,568
49,595
49,615
49,623
49,624
49,646
49,664
49,665
49,666
49,675
49,689
49,712
49,713
49,744
49,760
49,778
49,807
49,838
49,862
49,901
49,929
49,983
49,991
49,992
49,997
50,60
50,63
50,73
50,77
50,109
50,144
50,160
50,172
50,174
50,182
50,227
50,276
50,288
50,289
50,324
50,348
50,400
50,440
50,449
50,500
50,509
50,553
50,556
50,609
50,612
50,682
50,695
50,702
50,715
50,737
50,751
50,783
50,789
50,807
50,825
50,865
50,885
50,919
50,933
50,946
51,92
51,98
51,115
51,118
51,122
51,171
51,184
51,189
51,226
51,252
51,295
51,409
51,456
51,457
51,494
51,521
51,538
51,614
51,663
51,699
51,731
51,739
51,762
51,784
51,811
51,845
51,865
51,949
51,997
52,54
52,78
52,170
52,219
52,229
52,234
52,245
52,247
52,248
52,268
52,277
52,281
52,292
52,347
52,352
52,372
52,383
52,406
52,433
52,449
52,452
52,464
52,469
52,484
52,526
52,532
52,560
52,565
52,576
52,580
52,587
52,625
52,660
52,671
52,689
52,700
52,717
52,728
52,746
52,749
52,751
52,753
52,754
52,768
52,778
52,797
52,839
52,893
52,906
52,908
52,929
52,940
52,966
52,973
52,983
53,71
53,125
53,129
53,166
53,214
53,243
53,248
53,255
53,261
53,270
53,282
53,283
53,307
53,326
53,345
53,349
53,356
53,361
53,435
53,457
53,461
53,488
53,502
53,530
53,551
53,556
53,571
53,590
53,617
53,623
53,692
53,702
53,709
53,728
53,735
53,762
53,783
53,875
53,877
53,887
53,971
54,58
54,75
54,96
54,101
54,117
54,153
54,156
54,166
54,169
54,183
54,227
54,228
54,240
54,255
54,258
54,305
54,314
54,315
54,333
54,338
54,339
54,386
54,410
54,413
54,419
54,436
54,437
54,450
54,512
54,543
54,562
54,571
54,584
54,595
54,637
54,653
54,656
54,677
54,690
54,710
54,729
54,732
54,740
54,747
54,778
54,786
54,794
54,855
54,856
54,873
54,876
54,888
54,900
54,902
54,944
54,946
54,958
54,969
54,979
55,58
55,73
55,75
55,83
55,84
55,136
55,170
55,194
55,208
55,222
55,234
55,238
55,268
55,319
55,394
55,421
55,436
55,469
55,486
55,513
55,544
55,608
55,618
55,640
55,716
55,810
55,828
55,832
55,881
55,883
55,906
55,907
55,918
55,934
55,939
55,944
55,966
55,986
56,71
56,108
56,115
56,149
56,161
56,182
56,197
56,209
56,216
56,222
56,238
56,254
56,262
56,278
56,315
56,319
56,331
56,359
56,366
56,368
56,377
56,389
56,391
56,397
56,409
56,414
56,433
56,446
56,477
56,479
56,488
56,492
56,496
56,514
56,518
56,521
56,599
56,619
56,626
56,637
56,642
56,643
56,664
56,682
56,683
56,708
56,709
56,710
56,711
56,740
56,755
56,762
56,766
56,768
56,773
56,778
56,794
56,856
56,861
56,878
56,883
56,898
56,909
56,936
56,944
56,950
56,955
56,956
56,966
56,984
56,990
57,58
57,60
57,73
57,82
57,87
57,93
57,100
57,108
57,117
57,120
57,136
57,139
57,163
57,168
57,186
57,216
57,217
57,227
57,233
57,235
57,245
57,251
57,263
57,269
57,275
57,282
57,286
57,340
57,393
57,417
57,418
57,422
57,431
57,455
57,467
57,484
57,490
57,491
57,500
57,509
57,518
57,521
57,583
57,585
57,603
57,605
57,683
57,725
57,757
57,765
57,778
57,808
57,817
57,819
57,827
57,836
57,839
57,841
57,860
57,907
57,908
57,916
57,919
57,923
57,933
57,976
57,983
57,987
58,73
58,80
58,98
58,123
58,150
58,237
58,239
58,287
58,316
58,325
58,368
58,416
58,418
58,430
58,444
58,449
58,479
58,482
58,487
58,489
58,577
58,602
58,613
58,654
58,691
58,695
58,730
58,734
58,742
58,789
58,796
58,800
58,833
58,850
58,853
58,922
58,950
58,981
59,78
59,127
59,154
59,177
59,181
59,210
59,261
59,307
59,314
59,324
59,356
59,409
59,464
59,475
59,498
59,509
59,540
59,548
59,564
59,596
59,615
59,643
59,646
59,698
59,734
59,789
59,793
59,833
59,861
59,882
59,895
59,958
59,963
60,74
60,107
60,118
60,127
60,158
60,164
60,186
60,204
60,213
60,220
60,237
60,258
60,262
60,279
60,290
60,358
60,373
60,404
60,463
60,477
60,498
60,514
60,516
60,525
60,545
60,589
60,615
60,629
60,640
60,652
60,661
60,667
60,675
60,680
60,687
60,715
60,747
60,796
60,813
60,849
60,893
60,896
60,988
61,104
61,167
61,184
61,188
61,250
61,344
61,346
61,373
61,382
61,387
61,407
61,462
61,467
61,480
61,598
61,650
61,689
61,737
61,776
61,814
61,847
61,872
61,883
61,890
61,923
61,926
61,933
62,63
62,68
62,73
62,75
62,88
62,92
62,98
62,117
62,119
62,139
62,141
62,185
62,192
62,195
62,207
62,219
62,257
62,268
62,284
62,285
62,286
62,296
62,314
62,316
62,320
62,330
62,371
62,374
62,380
62,391
62,398
62,410
62,414
62,418
62,419
62,422
62,431
62,435
62,443
62,456
62,457
62,462
62,465
62,479
62,484
62,501
62,512
62,518
62,523
62,565
62,568
62,588
62,607
62,633
62,640
62,641
62,663
62,676
62,693
62,714
62,721
62,726
62,728
62,732
62,740
62,767
62,805
62,806
62,819
62,830
62,836
62,868
62,879
62,887
62,898
62,908
62,914
62,917
62,936
62,939
62,959
62,966
62,979
62,994
63,112
63,120
63,137
63,166
63,167
63,168
63,171
63,213
63,243
63,250
63,275
63,286
63,302
63,315
63,333
63,363
63,408
63,437
63,446
63,451
63,473
63,500
63,518
63,535
63,549
63,551
63,582
63,583
63,585
63,586
63,608
63,625
63,636
63,655
63,661
63,677
63,693
63,694
63,733
63,752
63,804
63,855
63,859
63,903
63,951
63,952
63,953
63,993
64,77
64,115
64,194
64,238
64,239
64,264
64,394
64,608
64,664
64,672
64,709
64,714
64,779
64,798
64,811
64,812
64,861
64,883
64,927
64,979
64,989
65,68
65,73
65,82
65,83
65,118
65,153
65,156
65,162
65,165
65,183
65,212
65,216
65,252
65,255
65,273
65,280
65,309
65,339
65,355
65,384
65,391
65,440
65,456
65,460
65,461
65,501
65,520
65,552
65,571
65,631
65,654
65,681
65,712
65,725
65,759
65,772
65,781
65,789
65,807
65,820
65,830
65,866
65,873
65,876
65,887
65,900
65,943
65,944
65,954
65,995
66,91
66,98
66,104
66,108
66,114
66,126
66,152
66,191
66,225
66,237
66,252
66,253
66,258
66,270
66,304
66,305
66,312
66,365
66,371
66,394
66,418
66,419
66,423
66,434
66,436
66,457
66,468
66,501
66,503
66,518
66,536
66,551
66,565
66,582
66,585
66,590
66,597
66,650
66,717
66,727
66,729
66,734
66,736
66,751
66,756
66,765
66,786
66,821
66,825
66,827
66,840
66,849
66,870
66,902
66,972
67,86
67,104
67,162
67,163
67,197
67,198
67,214
67,367
67,381
67,391
67,405
67,447
67,585
67,629
67,663
67,700
67,710
67,807
67,904
67,933
67,976
68,92
68,98
68,99
68,108
68,129
68,141
68,148
68,159
68,164
68,171
68,198
68,213
68,215
68,223
68,225
68,231
68,245
68,269
68,275
68,298
68,320
68,333
68,336
68,337
68,342
68,352
68,353
68,362
68,372
68,380
68,404
68,409
68,411
68,419
68,456
68,486
68,499
68,500
68,515
68,521
68,551
68,553
68,571
68,589
68,612
68,618
68,622
68,631
68,633
68,650
68,675
68,676
68,725
68,739
68,743
68,762
68,777
68,782
68,789
68,799
68,831
68,832
68,838
68,845
68,847
68,850
68,851
68,856
68,888
68,939
68,940
68,956
68,978
68,979
68,994
69,115
69,143
69,164
69,317
69,320
69,351
69,367
69,419
69,421
69,439
69,446
69,447
69,463
69,492
69,514
69,546
69,590
69,612
69,620
69,622
69,646
69,671
69,691
69,730
69,778
69,813
69,844
69,847
69,863
69,865
69,907
69,940
70,101
70,142
70,192
70,193
70,203
70,243
70,272
70,305
70,306
70,402
70,413
70,425
70,430
70,465
70,485
70,494
70,515
70,518
70,537
70,556
70,563
70,569
70,595
70,602
70,612
70,710
70,756
70,765
70,766
70,775
70,783
70,785
70,795
70,836
70,839
70,843
70,901
70,923
71,78
71,93
71,98
71,135
71,165
71,166
71,175
71,176
71,182
71,184
71,188
71,190
71,198
71,203
71,254
71,255
71,287
71,302
71,304
71,305
71,306
71,330
71,337
71,341
71,379
71,426
71,430
71,431
71,444
71,467
71,471
71,500
71,511
71,530
71,538
71,539
71,553
71,558
71,559
71,566
71,590
71,609
71,614
71,617
71,625
71,633
71,691
71,697
71,702
71,705
71,710
71,718
71,736
71,741
71,750
71,755
71,758
71,778
71,803
71,809
71,829
71,853
71,861
71,868
71,873
71,888
71,900
71,916
71,941
71,964
71,995
71,997
72,193
72,272
72,278
72,287
72,316
72,322
72,338
72,348
72,357
72,362
72,423
72,432
72,448
72,485
72,675
72,727
72,748
72,774
72,839
72,893
72,933
73,78
73,100
73,113
73,115
73,157
73,163
73,177
73,195
73,228
73,278
73,281
73,282
73,295
73,297
73,304
73,313
73,318
73,325
73,329
73,331
73,347
73,358
73,361
73,368
73,386
73,403
73,410
73,427
73,433
73,444
73,450
73,467
73,486
73,509
73,520
73,532
73,561
73,564
73,571
73,580
73,592
73,618
73,620
73,647
73,652
73,704
73,738
73,740
73,767
73,780
73,789
73,857
73,868
73,926
73,927
73,934
73,945
73,973
74,84
74,186
74,197
74,207
74,209
74,216
74,244
74,258
74,269
74,322
74,339
74,361
74,364
74,388
74,477
74,538
74,560
74,615
74,618
74,676
74,687
74,706
74,711
74,767
74,797
74,822
74,829
74,839
74,895
74,919
74,925
74,945
74,947
74,950
74,981
75,107
75,149
75,155
75,162
75,164
75,165
75,166
75,170
75,190
75,203
75,204
75,222
75,245
75,248
75,251
75,263
75,265
75,292
75,293
75,320
75,322
75,327
75,329
75,350
75,364
75,374
75,383
75,389
75,415
75,446
75,448
75,451
75,455
75,476
75,496
75,508
75,517
75,531
75,555
75,580
75,581
75,609
75,631
75,685
75,702
75,761
75,795
75,825
75,828
75,831
75,834
75,836
75,890
75,903
75,978
75,988
76,85
76,182
76,239
76,268
76,329
76,353
76,382
76,492
76,511
76,610
76,676
76,901
77,90
77,101
77,161
77,175
77,214
77,219
77,221
77,240
77,278
77,334
77,356
77,401
77,431
77,435
77,453
77,480
77,494
77,498
77,538
77,569
77,623
77,643
77,687
77,725
77,869
77,883
77,891
77,922
77,931
77,980
78,99
78,107
78,109
78,146
78,156
78,165
78,215
78,280
78,292
78,308
78,320
78,339
78,398
78,409
78,418
78,437
78,444
78,454
78,485
78,504
78,506
78,508
78,521
78,537
78,556
78,562
78,571
78,585
78,599
78,624
78,639
78,642
78,652
78,656
78,661
78,672
78,682
78,726
78,727
78,737
78,745
78,752
78,777
78,834
78,853
78,868
78,873
78,877
78,879
78,898
78,900
78,902
78,946
78,966
78,973
78,988
78,995
79,93
79,117
79,166
79,185
79,188
79,193
79,199
79,230
79,235
79,261
79,273
79,373
79,419
79,425
79,427
79,444
79,524
79,534
79,567
79,624
79,651
79,666
79,722
79,755
79,889
79,935
79,944
79,952
80,124
80,136
80,188
80,317
80,352
80,360
80,399
80,400
80,447
80,463
80,504
80,511
80,536
80,546
80,587
80,628
80,754
80,755
80,776
80,803
80,858
80,887
80,932
80,939
80,996
81,141
81,145
81,150
81,153
81,156
81,169
81,198
81,210
81,223
81,227
81,249
81,255
81,273
81,274
81,286
81,303
81,316
81,321
81,361
81,362
81,391
81,407
81,437
81,492
81,501
81,518
81,521
81,535
81,543
81,561
81,603
81,619
81,631
81,633
81,637
81,676
81,695
81,726
81,733
81,735
81,767
81,768
81,782
81,793
81,803
81,804
81,808
81,809
81,817
81,826
81,827
81,833
81,858
81,861
81,868
81,900
81,944
81,946
81,954
81,961
81,987
81,994
82,118
82,125
82,139
82,197
82,204
82,213
82,232
82,245
82,326
82,335
82,339
82,351
82,362
82,363
82,377
82,380
82,408
82,409
82,419
82,449
82,483
82,565
82,584
82,636
82,637
82,641
82,739
82,773
82,777
82,780
82,801
82,834
82,882
82,892
82,955
82,996
83,161
83,202
83,234
83,288
83,363
83,448
83,467
83,578
83,606
83,615
83,705
83,706
83,794
83,859
83,874
83,896
83,929
84,87
84,130
84,147
84,258
84,277
84,284
84,295
84,322
84,323
84,388
84,389
84,418
84,496
84,501
84,510
84,514
84,527
84,558
84,635
84,639
84,659
84,789
84,822
84,833
84,857
84,905
84,923
84,994
85,121
85,129
85,144
85,217
85,273
85,299
85,308
85,315
85,319
85,326
85,347
85,350
85,374
85,420
85,427
85,479
85,519
85,528
85,578
85,580
85,676
85,723
85,754
85,756
85,798
85,816
85,825
85,837
85,927
85,969
85,998
86,89
86,102
86,139
86,218
86,219
86,236
86,246
86,262
86,295
86,428
86,457
86,700
86,707
86,800
86,834
86,912
86,965
86,969
86,972
86,985
87,89
87,93
87,108
87,129
87,130
87,141
87,149
87,164
87,182
87,186
87,193
87,200
87,244
87,255
87,268
87,269
87,280
87,286
87,287
87,303
87,306
87,315
87,321
87,326
87,338
87,347
87,353
87,393
87,399
87,413
87,418
87,422
87,447
87,450
87,455
87,466
87,467
87,483
87,487
87,501
87,504
87,521
87,534
87,552
87,553
87,564
87,565
87,566
87,568
87,572
87,574
87,592
87,594
87,602
87,610
87,619
87,634
87,639
87,650
87,670
87,694
87,695
87,709
87,713
87,721
87,732
87,745
87,762
87,769
87,776
87,778
87,785
87,789
87,806
87,809
87,829
87,831
87,832
87,851
87,856
87,860
87,862
87,863
87,876
87,888
87,892
87,912
87,919
87,926
87,927
87,944
87,950
87,965
87,971
87,981
87,995
88,156
88,179
88,204
88,239
88,258
88,337
88,363
88,369
88,374
88,400
88,439
88,466
88,470
88,478
88,484
88,520
88,552
88,555
88,566
88,569
88,582
88,583
88,604
88,614
88,641
88,642
88,691
88,705
88,724
88,728
88,730
88,800
88,829
88,903
88,909
88,953
88,954
89,126
89,144
89,157
89,184
89,203
89,210
89,254
89,267
89,283
89,323
89,349
89,353
89,366
89,368
89,377
89,486
89,546
89,574
89,581
89,591
89,615
89,726
89,740
89,768
89,776
89,925
90,96
90,132
90,178
90,188
90,206
90,222
90,260
90,264
90,321
90,323
90,332
90,388
90,416
90,428
90,483
90,491
90,505
90,560
90,576
90,669
90,723
90,724
90,739
90,755
90,774
90,799
90,801
90,877
90,905
90,944
90,974
90,989
90,995
91,93
91,100
91,137
91,141
91,189
91,192
91,208
91,212
91,226
91,237
91,268
91,279
91,425
91,432
91,455
91,501
91,560
91,610
91,618
91,642
91,654
91,690
91,700
91,705
91,732
91,747
91,789
91,822
91,830
91,868
91,906
91,934
91,994
92,132
92,144
92,145
92,158
92,193
92,207
92,296
92,310
92,317
92,328
92,342
92,370
92,388
92,400
92,465
92,553
92,584
92,590
92,598
92,634
92,650
92,651
92,675
92,695
92,759
92,764
92,772
92,838
92,850
92,875
92,885
92,897
92,931
92,946
92,959
93,96
93,130
93,148
93,151
93,199
93,210
93,220
93,225
93,237
93,240
93,249
93,272
93,274
93,284
93,285
93,289
93,306
93,335
93,364
93,370
93,380
93,387
93,391
93,477
93,499
93,502
93,509
93,517
93,544
93,554
93,564
93,577
93,585
93,609
93,629
93,646
93,651
93,663
93,683
93,690
93,702
93,704
93,709
93,727
93,809
93,820
93,825
93,830
93,833
93,834
93,863
93,864
93,958
93,966
93,990
94,98
94,106
94,119
94,121
94,153
94,154
94,156
94,161
94,171
94,206
94,246
94,255
94,273
94,281
94,285
94,338
94,351
94,357
94,363
94,364
94,368
94,372
94,380
94,399
94,421
94,476
94,492
94,504
94,508
94,509
94,542
94,560
94,564
94,568
94,582
94,584
94,602
94,624
94,631
94,633
94,639
94,648
94,651
94,667
94,702
94,730
94,738
94,767
94,768
94,771
94,822
94,831
94,835
94,839
94,841
94,844
94,856
94,868
94,894
94,907
94,918
94,946
94,953
94,973
94,987
94,995
95,96
95,101
95,129
95,147
95,170
95,267
95,274
95,283
95,293
95,323
95,378
95,381
95,398
95,408
95,415
95,440
95,463
95,475
95,494
95,512
95,517
95,518
95,520
95,546
95,566
95,588
95,595
95,624
95,626
95,635
95,675
95,678
95,688
95,749
95,756
95,823
95,865
95,880
95,881
95,919
95,929
95,985
95,990
96,101
96,110
96,111
96,125
96,134
96,156
96,195
96,197
96,247
96,248
96,250
96,272
96,285
96,325
96,341
96,342
96,347
96,358
96,372
96,524
96,536
96,539
96,546
96,551
96,553
96,594
96,610
96,612
96,613
96,664
96,690
96,710
96,714
96,723
96,748
96,754
96,773
96,795
96,807
96,809
96,861
96,879
96,887
96,890
96,901
96,908
96,923
96,930
96,939
96,954
96,963
97,136
97,145
97,165
97,172
97,183
97,270
97,293
97,295
97,304
97,382
97,400
97,411
97,436
97,464
97,490
97,494
97,503
97,511
97,539
97,544
97,578
97,584
97,588
97,607
97,618
97,640
97,670
97,680
97,682
97,683
97,692
97,742
97,766
97,767
97,770
97,793
97,796
97,819
97,835
97,841
97,857
97,890
97,901
97,947
97,999
98,107
98,125
98,148
98,181
98,189
98,221
98,225
98,275
98,316
98,320
98,354
98,403
98,455
98,479
98,507
98,513
98,549
98,551
98,575
98,585
98,590
98,592
98,602
98,611
98,613
98,659
98,675
98,688
98,712
98,724
98,735
98,767
98,768
98,806
98,873
98,941
98,950
98,954
98,956
98,963
98,987
99,147
99,193
99,207
99,216
99,225
99,236
99,249
99,269
99,293
99,312
99,313
99,344
99,359
99,362
99,366
99,372
99,377
99,392
99,409
99,419
99,436
99,452
99,466
99,483
99,497
99,498
99,602
99,619
99,627
99,634
99,642
99,664
99,681
99,690
99,718
99,725
99,739
99,746
99,777
99,778
99,786
99,793
99,794
99,803
99,827
99,833
99,835
99,853
99,861
99,908
99,916
99,930
99,950
99,981
99,984
99,988
100,123
100,126
100,153
100,180
100,227
100,251
100,254
100,284
100,291
100,297
100,304
100,356
100,364
100,372
100,390
100,411
100,415
100,417
100,426
100,455
100,482
100,523
100,561
100,585
100,606
100,639
100,651
100,653
100,665
100,669
100,700
100,730
100,755
100,776
100,835
100,839
100,864
100,872
100,881
100,919
100,944
100,955
100,967
100,981
101,107
101,108
101,109
101,134
101,141
101,157
101,163
101,180
101,190
101,212
101,218
101,232
101,239
101,254
101,263
101,283
101,287
101,298
101,303
101,329
101,340
101,362
101,367
101,377
101,380
101,382
101,393
101,410
101,411
101,418
101,436
101,456
101,460
101,513
101,536
101,539
101,571
101,581
101,595
101,636
101,641
101,682
101,737
101,768
101,772
101,777
101,782
101,784
101,800
101,803
101,819
101,821
101,826
101,827
101,853
101,860
101,886
101,889
101,903
101,917
101,925
101,933
101,934
101,940
101,946
101,952
101,957
101,963
101,995
101,999
102,131
102,187
102,189
102,198
102,217
102,221
102,255
102,315
102,332
102,365
102,392
102,405
102,419
102,425
102,438
102,448
102,459
102,487
102,552
102,554
102,586
102,594
102,627
102,648
102,743
102,750
102,755
102,770
102,812
102,828
102,840
102,961
102,969
102,970
103,135
103,143
103,145
103,263
103,266
103,317
103,351
103,441
103,446
103,536
103,599
103,789
103,796
103,886
103,935
104,120
104,121
104,130
104,155
104,159
104,167
104,183
104,245
104,275
104,293
104,295
104,298
104,306
104,332
104,397
104,402
104,424
104,464
104,475
104,486
104,507
104,548
104,549
104,565
104,568
104,569
104,597
104,600
104,607
104,610
104,622
104,626
104,674
104,682
104,694
104,698
104,745
104,804
104,817
104,826
104,836
104,851
104,864
104,876
104,884
104,942
104,945
104,947
104,962
104,979
104,985
105,144
105,148
105,150
105,186
105,188
105,219
105,231
105,263
105,269
105,298
105,316
105,345
105,348
105,356
105,379
105,398
105,399
105,420
105,572
105,596
105,671
105,707
105,793
105,957
105,958
105,991
106,136
106,138
106,149
106,152
106,161
106,173
106,181
106,189
106,201
106,216
106,237
106,245
106,256
106,264
106,270
106,281
106,285
106,314
106,333
106,357
106,363
106,364
106,373
106,384
106,396
106,410
106,422
106,427
106,444
106,463
106,470
106,476
106,477
106,492
106,494
106,496
106,524
106,569
106,574
106,631
106,663
106,714
106,735
106,740
106,767
106,789
106,811
106,813
106,828
106,829
106,839
106,872
106,880
106,887
106,903
106,917
106,936
106,956
106,966
106,991
107,111
107,117
107,145
107,149
107,169
107,179
107,199
107,204
107,223
107,233
107,239
107,250
107,269
107,274
107,281
107,286
107,297
107,298
107,305
107,314
107,318
107,323
107,332
107,337
107,339
107,351
107,359
107,364
107,374
107,390
107,412
107,420
107,425
107,436
107,437
107,477
107,478
107,483
107,486
107,499
107,504
107,508
107,528
107,548
107,554
107,558
107,563
107,564
107,577
107,591
107,595
107,600
107,603
107,604
107,637
107,647
107,653
107,663
107,666
107,679
107,699
107,718
107,745
107,752
107,756
107,767
107,778
107,813
107,814
107,815
107,827
107,832
107,833
107,873
107,880
107,884
107,888
107,889
107,890
107,896
107,903
107,914
107,918
107,943
107,950
107,989
108,115
108,136
108,141
108,153
108,163
108,166
108,167
108,195
108,215
108,222
108,245
108,281
108,290
108,299
108,327
108,349
108,353
108,357
108,362
108,380
108,397
108,402
108,411
108,418
108,434
108,446
108,449
108,456
108,459
108,464
108,521
108,525
108,534
108,541
108,546
108,559
108,562
108,571
108,588
108,595
108,616
108,625
108,637
108,655
108,663
108,689
108,713
108,714
108,725
108,783
108,800
108,814
108,821
108,835
108,839
108,880
108,885
108,886
108,887
108,888
108,891
108,898
108,900
108,907
108,927
108,946
108,949
108,955
108,963
108,989
109,122
109,151
109,166
109,201
109,235
109,291
109,309
109,312
109,333
109,362
109,406
109,416
109,444
109,452
109,455
109,473
109,499
109,511
109,548
109,567
109,583
109,598
109,715
109,716
109,813
109,817
109,849
109,862
109,875
109,901
109,903
109,922
109,961
109,965
109,984
110,140
110,206
110,214
110,241
110,246
110,319
110,321
110,382
110,421
110,438
110,471
110,492
110,530
110,534
110,543
110,602
110,793
110,823
110,852
110,895
110,896
110,916
111,169
111,170
111,172
111,191
111,227
111,268
111,280
111,281
111,283
111,292
111,305
111,315
111,342
111,359
111,360
111,362
111,363
111,382
111,386
111,393
111,420
111,436
111,456
111,469
111,470
111,498
111,503
111,523
111,536
111,568
111,579
111,581
111,587
111,614
111,622
111,624
111,625
111,651
111,664
111,670
111,675
111,686
111,689
111,693
111,695
111,696
111,733
111,735
111,738
111,740
111,771
111,785
111,811
111,827
111,844
111,850
111,864
111,866
111,879
111,883
111,900
111,906
111,917
111,951
111,952
111,962
111,976
112,149
112,168
112,197
112,228
112,302
112,304
112,317
112,356
112,377
112,393
112,405
112,453
112,462
112,512
112,563
112,617
112,739
112,748
112,752
112,778
112,780
112,823
112,851
112,855
112,966
112,997
113,134
113,149
113,202
113,279
113,300
113,318
113,329
113,333
113,335
113,425
113,465
113,467
113,477
113,483
113,490
113,496
113,503
113,518
113,568
113,600
113,623
113,656
113,711
113,737
113,757
113,796
113,799
113,809
113,862
113,904
113,917
113,946
113,951
113,981
114,126
114,189
114,212
114,227
114,247
114,285
114,297
114,319
114,341
114,391
114,440
114,448
114,493
114,511
114,519
114,564
114,583
114,621
114,622
114,645
114,648
114,670
114,696
114,700
114,704
114,707
114,708
114,714
114,715
114,722
114,725
114,772
114,791
114,855
114,867
114,873
114,900
114,921
114,927
114,960
114,967
114,999
115,130
115,145
115,148
115,165
115,177
115,223
115,273
115,282
115,335
115,338
115,342
115,364
115,400
115,401
115,404
115,407
115,421
115,425
115,433
115,444
115,488
115,492
115,521
115,576
115,625
115,630
115,647
115,689
115,710
115,744
115,757
115,760
115,772
115,778
115,794
115,803
115,804
115,830
115,833
115,840
115,851
115,853
115,866
115,911
115,925
115,937
115,945
115,947
115,965
115,979
116,125
116,130
116,138
116,140
116,144
116,165
116,187
116,189
116,206
116,221
116,256
116,280
116,299
116,329
116,357
116,408
116,435
116,438
116,487
116,511
116,524
116,550
116,558
116,610
116,621
116,622
116,625
116,629
116,691
116,700
116,704
116,718
116,721
116,727
116,782
116,825
116,837
116,840
116,842
116,847
116,851
116,906
116,912
117,149
117,161
117,171
117,172
117,209
117,228
117,249
117,287
117,310
117,320
117,343
117,368
117,372
117,380
117,457
117,467
117,484
117,520
117,548
117,554
117,562
117,570
117,577
117,584
117,599
117,625
117,641
117,664
117,681
117,689
117,718
117,747
117,778
117,806
117,826
117,834
117,858
117,866
117,868
117,885
117,940
117,966
117,976
117,992
118,124
118,137
118,204
118,241
118,253
118,275
118,305
118,403
118,412
118,463
118,464
118,466
118,468
118,475
118,514
118,558
118,571
118,637
118,684
118,725
118,801
118,809
118,837
118,876
118,929
118,943
119,144
119,154
119,160
119,190
119,213
119,224
119,233
119,257
119,290
119,380
119,388
119,466
119,532
119,582
119,607
119,657
119,672
119,682
119,697
119,755
119,762
119,795
119,825
119,860
119,900
119,916
119,929
119,936
119,950
119,974
119,996
120,129
120,130
120,156
120,161
120,164
120,167
120,171
120,204
120,218
120,223
120,232
120,239
120,243
120,259
120,270
120,341
120,360
120,363
120,371
120,373
120,411
120,432
120,450
120,451
120,524
120,532
120,538
120,556
120,568
120,572
120,595
120,599
120,603
120,636
120,659
120,663
120,700
120,705
120,709
120,733
120,743
120,764
120,779
120,781
120,782
120,794
120,803
120,809
120,821
120,850
120,851
120,872
120,873
120,880
120,882
120,903
120,949
120,959
120,990
120,991
121,190
121,194
121,236
121,242
121,254
121,279
121,306
121,312
121,313
121,316
121,320
121,321
121,344
121,354
121,376
121,388
121,399
121,426
121,427
121,428
121,465
121,488
121,536
121,587
121,674
121,680
121,707
121,793
121,819
121,826
121,829
121,854
121,913
121,922
121,980
121,985
121,988
122,150
122,165
122,170
122,200
122,206
122,209
122,210
122,227
122,284
122,297
122,369
122,404
122,417
122,435
122,480
122,492
122,499
122,507
122,521
122,560
122,566
122,575
122,597
122,609
122,612
122,628
122,635
122,636
122,651
122,689
122,706
122,714
122,749
122,795
122,815
122,838
122,894
122,916
122,922
122,949
122,985
123,126
123,127
123,150
123,165
123,264
123,275
123,291
123,307
123,312
123,329
123,371
123,422
123,434
123,457
123,473
123,484
123,492
123,501
123,514
123,528
123,551
123,564
123,593
123,635
123,657
123,666
123,690
123,706
123,737
123,746
123,762
123,830
123,846
123,861
123,865
123,867
123,875
123,908
123,921
123,939
123,949
124,174
124,182
124,321
124,323
124,389
124,505
124,586
124,614
124,680
124,681
124,707
124,710
124,724
124,766
124,782
124,820
124,879
124,880
124,886
124,894
124,897
124,905
124,922
124,935
124,985
125,149
125,158
125,175
125,178
125,182
125,216
125,224
125,241
125,249
125,266
125,283
125,285
125,287
125,307
125,311
125,351
125,374
125,384
125,400
125,425
125,559
125,602
125,651
125,652
125,671
125,674
125,776
125,779
125,785
125,802
125,869
125,878
125,891
125,894
125,916
126,163
126,195
126,212
126,220
126,228
126,270
126,295
126,314
126,335
126,367
126,411
126,412
126,421
126,422
126,461
126,512
126,538
126,556
126,580
126,582
126,654
126,670
126,689
126,711
126,810
126,822
126,836
126,860
126,870
126,900
126,919
126,928
126,929
126,942
126,981
126,985
126,988
126,992
127,155
127,189
127,233
127,258
127,277
127,304
127,305
127,316
127,334
127,383
127,393
127,514
127,569
127,574
127,615
127,623
127,628
127,669
127,689
127,704
127,746
127,773
127,781
127,817
127,847
127,911
127,956
127,973
128,286
128,333
128,349
128,385
128,425
128,452
128,481
128,525
128,531
128,658
128,776
128,949
129,143
129,148
129,175
129,210
129,217
129,248
129,306
129,315
129,316
129,330
129,340
129,342
129,350
129,368
129,369
129,372
129,377
129,409
129,410
129,453
129,476
129,483
129,500
129,504
129,522
129,532
129,561
129,600
129,609
129,619
129,639
129,646
129,663
129,668
129,675
129,717
129,718
129,734
129,742
129,752
129,776
129,782
129,792
129,832
129,839
129,861
129,873
129,877
129,888
129,889
129,900
129,908
129,916
129,934
129,946
129,957
129,967
129,981
130,136
130,146
130,163
130,172
130,201
130,212
130,250
130,266
130,280
130,293
130,303
130,324
130,354
130,377
130,378
130,379
130,407
130,411
130,432
130,496
130,504
130,506
130,539
130,584
130,588
130,596
130,649
130,652
130,677
130,698
130,759
130,790
130,801
130,809
130,840
130,872
130,914
130,917
130,939
130,956
130,971
131,140
131,204
131,230
131,311
131,375
131,428
131,601
131,713
131,745
131,749
131,779
131,849
131,966
132,158
132,171
132,179
132,240
132,248
132,299
132,315
132,362
132,387
132,415
132,533
132,616
132,623
132,688
132,727
132,785
132,850
133,149
133,154
133,163
133,167
133,177
133,188
133,189
133,235
133,237
133,239
133,254
133,259
133,313
133,317
133,321
133,324
133,329
133,331
133,343
133,368
133,374
133,381
133,384
133,402
133,410
133,413
133,436
133,437
133,446
133,447
133,495
133,503
133,518
133,519
133,520
133,534
133,570
133,571
133,585
133,599
133,608
133,613
133,617
133,644
133,657
133,662
133,665
133,704
133,705
133,724
133,726
133,741
133,745
133,752
133,775
133,820
133,846
133,850
133,881
133,885
133,890
133,896
133,939
133,945
134,144
134,188
134,198
134,263
134,305
134,350
134,357
134,420
134,423
134,494
134,526
134,531
134,629
134,681
134,705
134,768
134,781
134,803
134,823
134,844
134,856
134,858
134,876
134,941
134,966
134,970
135,205
135,266
135,301
135,373
135,396
135,400
135,518
135,519
135,587
135,594
135,621
135,625
135,628
135,703
135,704
135,720
135,797
135,869
135,879
135,927
135,975
135,988
135,996
136,150
136,177
136,190
136,198
136,233
136,240
136,252
136,267
136,272
136,280
136,297
136,353
136,368
136,389
136,401
136,408
136,412
136,414
136,425
136,426
136,435
136,453
136,475
136,497
136,506
136,513
136,538
136,558
136,571
136,572
136,587
136,588
136,599
136,637
136,642
136,648
136,660
136,681
136,684
136,714
136,725
136,752
136,756
136,772
136,805
136,813
136,820
136,821
136,825
136,854
136,855
136,882
136,896
136,912
136,918
136,930
136,946
136,958
136,981
136,988
137,150
137,164
137,181
137,213
137,235
137,272
137,335
137,349
137,355
137,391
137,432
137,436
137,506
137,519
137,531
137,545
137,555
137,594
137,607
137,619
137,636
137,690
137,703
137,729
137,764
137,829
137,838
137,857
137,880
137,892
137,956
137,992
138,143
138,161
138,168
138,179
138,184
138,197
138,220
138,223
138,236
138,243
138,244
138,252
138,272
138,283
138,345
138,363
138,368
138,369
138,403
138,407
138,410
138,413
138,499
138,503
138,518
138,579
138,588
138,598
138,599
138,610
138,625
138,626
138,646
138,656
138,663
138,675
138,691
138,715
138,734
138,740
138,741
138,745
138,764
138,786
138,814
138,822
138,861
138,879
138,914
138,917
138,941
138,977
138,994
138,997
138,999
139,157
139,203
139,212
139,216
139,245
139,258
139,277
139,305
139,340
139,390
139,482
139,485
139,514
139,516
139,588
139,609
139,612
139,689
139,706
139,710
139,733
139,736
139,737
139,761
139,777
139,780
139,825
139,844
139,862
139,915
139,917
139,919
139,950
139,973
139,998
140,200
140,209
140,238
140,317
140,338
140,383
140,392
140,470
140,481
140,494
140,513
140,547
140,550
140,597
140,614
140,700
140,705
140,810
140,834
140,839
140,843
140,864
140,940
140,969
140,984
140,995
141,146
141,153
141,161
141,165
141,168
141,171
141,180
141,183
141,209
141,212
141,227
141,237
141,241
141,274
141,282
141,286
141,295
141,331
141,335
141,349
141,366
141,386
141,410
141,420
141,431
141,439
141,440
141,441
141,445
141,449
141,459
141,480
141,484
141,496
141,535
141,562
141,570
141,571
141,577
141,580
141,602
141,606
141,618
141,625
141,632
141,637
141,638
141,642
141,647
141,660
141,676
141,681
141,689
141,713
141,743
141,782
141,787
141,789
141,806
141,809
141,819
141,827
141,834
141,839
141,851
141,856
141,866
141,876
141,933
141,943
141,945
141,957
141,964
141,966
141,976
141,978
141,980
141,988
142,146
142,152
142,191
142,261
142,277
142,301
142,348
142,364
142,382
142,419
142,457
142,464
142,497
142,500
142,512
142,519
142,520
142,541
142,559
142,568
142,581
142,592
142,610
142,616
142,632
142,641
142,689
142,705
142,714
142,743
142,756
142,817
142,880
142,903
142,909
142,948
142,965
142,972
142,975
143,151
143,176
143,205
143,271
143,280
143,285
143,288
143,310
143,317
143,352
143,412
143,464
143,473
143,526
143,541
143,554
143,570
143,600
143,609
143,631
143,756
143,799
143,851
143,876
143,890
143,901
143,916
143,939
143,940
143,945
143,960
143,973
143,984
143,999
144,146
144,157
144,178
144,211
144,248
144,362
144,369
144,373
144,386
144,399
144,407
144,444
144,449
144,493
144,511
144,518
144,560
144,572
144,575
144,599
144,618
144,654
144,659
144,664
144,676
144,689
144,713
144,720
144,733
144,737
144,776
144,786
144,848
144,859
144,860
144,867
144,869
144,885
144,891
144,896
144,899
144,913
144,946
144,957
144,965
144,973
144,997
145,167
145,188
145,295
145,320
145,345
145,348
145,352
145,360
145,392
145,458
145,463
145,509
145,510
145,573
145,640
145,652
145,770
145,781
145,836
145,838
145,844
145,919
146,147
146,152
146,157
146,172
146,183
146,203
146,229
146,235
146,341
146,347
146,389
146,401
146,451
146,474
146,490
146,496
146,514
146,526
146,530
146,538
146,540
146,556
146,563
146,569
146,636
146,650
146,689
146,706
146,763
146,811
146,822
146,846
146,851
146,856
146,857
146,861
146,877
146,880
146,996
147,245
147,249
147,295
147,316
147,336
147,339
147,376
147,414
147,421
147,432
147,491
147,571
147,755
147,771
147,791
147,846
147,850
147,857
147,861
147,869
147,919
147,936
147,987
148,150
148,163
148,169
148,172
148,186
148,216
148,250
148,262
148,278
148,291
148,317
148,318
148,324
148,336
148,340
148,342
148,343
148,361
148,363
148,373
148,393
148,427
148,450
148,455
148,474
148,477
148,478
148,484
148,488
148,504
148,508
148,543
148,548
148,552
148,564
148,579
148,584
148,585
148,604
148,625
148,647
148,676
148,687
148,688
148,737
148,772
148,782
148,783
148,820
148,856
148,916
148,918
148,933
148,936
148,950
148,989
148,990
149,155
149,159
149,162
149,210
149,225
149,239
149,245
149,249
149,269
149,282
149,285
149,286
149,295
149,297
149,301
149,305
149,337
149,341
149,342
149,353
149,359
149,404
149,410
149,429
149,430
149,486
149,488
149,500
149,506
149,525
149,538
149,553
149,559
149,564
149,570
149,580
149,585
149,587
149,596
149,597
149,600
149,601
149,625
149,631
149,632
149,633
149,638
149,641
149,646
149,652
149,663
149,681
149,685
149,694
149,695
149,714
149,725
149,771
149,799
149,815
149,835
149,845
149,851
149,916
149,946
149,958
149,962
149,974
149,988
149,993
150,153
150,158
150,162
150,171
150,179
150,196
150,225
150,233
150,242
150,261
150,262
150,272
150,274
150,278
150,280
150,288
150,299
150,306
150,312
150,322
150,334
150,335
150,338
150,342
150,346
150,347
150,363
150,409
150,417
150,440
150,446
150,463
150,467
150,472
150,483
150,485
150,487
150,489
150,509
150,513
150,517
150,565
150,570
150,574
150,590
150,596
150,603
150,624
150,626
150,641
150,650
150,658
150,662
150,671
150,676
150,688
150,689
150,693
150,701
150,704
150,718
150,733
150,742
150,743
150,835
150,877
150,899
150,906
150,965
150,981
150,988
150,991
150,992
150,995
151,157
151,160
151,233
151,234
151,273
151,313
151,328
151,465
151,489
151,543
151,582
151,591
151,596
151,599
151,615
151,616
151,624
151,625
151,657
151,676
151,681
151,734
151,748
151,764
151,804
151,834
151,847
151,906
151,952
151,957
152,222
152,277
152,282
152,298
152,304
152,338
152,391
152,497
152,603
152,654
152,680
152,709
152,710
152,724
152,809
152,820
152,837
152,928
152,939
152,944
152,963
152,979
153,180
153,202
153,204
153,222
153,237
153,250
153,252
153,282
153,299
153,312
153,321
153,322
153,354
153,366
153,374
153,375
153,420
153,453
153,467
153,488
153,494
153,552
153,554
153,558
153,577
153,582
153,599
153,650
153,664
153,694
153,702
153,712
153,725
153,765
153,785
153,839
153,881
153,910
153,928
153,937
153,951
153,973
154,181
154,191
154,213
154,219
154,254
154,289
154,326
154,339
154,383
154,403
154,409
154,425
154,426
154,432
154,513
154,515
154,602
154,633
154,654
154,697
154,704
154,717
154,727
154,731
154,777
154,794
154,800
154,803
154,819
154,822
154,894
154,903
154,916
154,936
154,957
154,963
154,975
154,994
154,995
155,203
155,222
155,258
155,288
155,307
155,355
155,398
155,402
155,411
155,434
155,491
155,504
155,534
155,583
155,624
155,636
155,648
155,655
155,726
155,727
155,740
155,755
155,776
155,787
155,796
155,825
155,840
155,937
155,957
155,965
155,966
155,974
155,981
156,161
156,190
156,213
156,223
156,270
156,282
156,286
156,298
156,313
156,330
156,333
156,339
156,342
156,361
156,363
156,380
156,382
156,385
156,402
156,409
156,411
156,419
156,420
156,471
156,484
156,516
156,546
156,548
156,572
156,578
156,588
156,592
156,599
156,618
156,689
156,736
156,738
156,739
156,746
156,747
156,758
156,762
156,778
156,785
156,789
156,805
156,819
156,825
156,832
156,833
156,839
156,851
156,853
156,882
156,911
156,973
156,995
156,997
157,163
157,172
157,228
157,273
157,282
157,295
157,297
157,313
157,315
157,329
157,344
157,351
157,361
157,362
157,380
157,397
157,426
157,467
157,479
157,483
157,501
157,531
157,562
157,586
157,599
157,653
157,662
157,681
157,689
157,726
157,731
157,742
157,750
157,798
157,803
157,806
157,807
157,819
157,851
157,855
157,865
157,878
157,892
157,898
157,903
157,919
157,928
157,933
157,939
157,944
157,967
157,981
157,988
157,992
158,197
158,273
158,290
158,307
158,365
158,431
158,446
158,449
158,452
158,486
158,487
158,534
158,579
158,604
158,610
158,614
158,625
158,633
158,683
158,700
158,736
158,743
158,873
158,886
158,888
159,214
159,218
159,233
159,273
159,293
159,349
159,360
159,367
159,373
159,392
159,410
159,413
159,454
159,473
159,478
159,511
159,613
159,656
159,679
159,706
159,707
159,724
159,742
159,753
159,762
159,773
159,775
159,816
159,825
159,922
159,959
159,961
159,982
160,196
160,268
160,295
160,297
160,318
160,332
160,334
160,349
160,353
160,381
160,398
160,418
160,518
160,561
160,565
160,607
160,615
160,617
160,699
160,700
160,743
160,747
160,749
160,789
160,791
160,842
160,881
160,883
160,973
161,168
161,176
161,236
161,239
161,252
161,295
161,303
161,316
161,339
161,369
161,418
161,419
161,430
161,436
161,439
161,447
161,449
161,463
161,467
161,469
161,471
161,479
161,480
161,507
161,509
161,514
161,518
161,520
161,522
161,532
161,575
161,590
161,608
161,615
161,627
161,641
161,650
161,653
161,666
161,671
161,696
161,698
161,706
161,718
161,731
161,764
161,771
161,777
161,780
161,794
161,809
161,819
161,829
161,844
161,865
161,868
161,900
161,928
161,931
161,934
161,944
161,950
161,964
161,966
161,994
161,999
162,171
162,226
162,273
162,275
162,315
162,341
162,350
162,377
162,429
162,436
162,438
162,449
162,455
162,554
162,576
162,608
162,625
162,637
162,641
162,660
162,661
162,738
162,777
162,782
162,835
162,851
162,860
162,874
162,909
162,934
162,940
162,957
162,985
162,995
162,997
163,164
163,166
163,176
163,186
163,202
163,204
163,284
163,287
163,290
163,317
163,329
163,344
163,368
163,372
163,373
163,379
163,389
163,401
163,405
163,411
163,417
163,436
163,474
163,488
163,491
163,512
163,515
163,520
163,546
163,548
163,562
163,598
163,620
163,622
163,642
163,692
163,695
163,710
163,724
163,729
163,738
163,769
163,772
163,777
163,802
163,823
163,824
163,832
163,853
163,855
163,859
163,860
163,868
163,870
163,881
163,896
163,903
163,906
163,913
163,934
163,953
163,973
163,997
164,167
164,188
164,203
164,220
164,248
164,253
164,256
164,260
164,275
164,297
164,301
164,326
164,327
164,330
164,331
164,356
164,359
164,365
164,383
164,410
164,461
164,463
164,465
164,471
164,478
164,487
164,500
164,503
164,560
164,580
164,602
164,615
164,617
164,648
164,653
164,655
164,657
164,698
164,714
164,715
164,740
164,747
164,748
164,779
164,789
164,806
164,826
164,846
164,848
164,868
164,873
164,895
164,896
164,904
164,907
164,922
164,931
164,952
164,967
164,973
164,979
164,980
164,988
164,990
165,167
165,168
165,171
165,174
165,175
165,184
165,195
165,203
165,209
165,220
165,273
165,282
165,283
165,305
165,318
165,331
165,345
165,353
165,360
165,372
165,388
165,412
165,418
165,426
165,431
165,476
165,483
165,513
165,519
165,521
165,554
165,569
165,570
165,607
165,633
165,664
165,701
165,742
165,744
165,766
165,771
165,782
165,791
165,803
165,806
165,807
165,819
165,826
165,830
165,839
165,841
165,866
165,875
165,877
165,879
165,928
165,961
165,974
165,975
165,979
165,987
165,998
166,190
166,197
166,210
166,230
166,241
166,262
166,269
166,287
166,292
166,297
166,305
166,309
166,338
166,347
166,348
166,354
166,369
166,382
166,409
166,411
166,465
166,485
166,518
166,526
166,539
166,549
166,562
166,571
166,584
166,585
166,586
166,589
166,590
166,600
166,622
166,655
166,659
166,667
166,671
166,676
166,680
166,684
166,693
166,706
166,723
166,728
166,826
166,866
166,876
166,900
166,918
166,960
166,974
166,981
166,987
166,988
166,995
167,190
167,203
167,218
167,297
167,307
167,348
167,353
167,367
167,370
167,371
167,384
167,410
167,424
167,536
167,549
167,570
167,647
167,662
167,691
167,700
167,705
167,710
167,720
167,746
167,771
167,772
167,809
167,821
167,826
167,947
167,956
168,169
168,183
168,221
168,245
168,280
168,284
168,306
168,314
168,338
168,339
168,353
168,372
168,374
168,378
168,393
168,404
168,420
168,422
168,477
168,491
168,510
168,555
168,595
168,606
168,608
168,620
168,622
168,626
168,676
168,685
168,701
168,717
168,740
168,747
168,774
168,782
168,804
168,814
168,827
168,830
168,850
168,853
168,916
168,920
168,946
168,980
168,988
169,225
169,238
169,254
169,273
169,274
169,282
169,301
169,347
169,360
169,372
169,386
169,394
169,398
169,419
169,429
169,436
169,476
169,490
169,510
169,515
169,521
169,525
169,548
169,561
169,585
169,590
169,598
169,603
169,618
169,624
169,661
169,743
169,751
169,809
169,815
169,821
169,832
169,836
169,839
169,849
169,895
169,896
169,916
169,925
169,957
169,976
170,207
170,250
170,255
170,292
170,323
170,346
170,364
170,365
170,391
170,449
170,461
170,483
170,492
170,502
170,594
170,603
170,612
170,627
170,636
170,637
170,662
170,710
170,713
170,716
170,721
170,737
170,742
170,795
170,796
170,801
170,807
170,834
170,853
170,887
170,904
170,942
170,981
171,227
171,238
171,243
171,251
171,292
171,295
171,305
171,311
171,318
171,340
171,342
171,359
171,363
171,368
171,380
171,422
171,430
171,433
171,446
171,491
171,497
171,503
171,504
171,508
171,515
171,517
171,520
171,547
171,552
171,571
171,583
171,585
171,613
171,620
171,625
171,627
171,642
171,646
171,652
171,657
171,658
171,664
171,689
171,717
171,725
171,726
171,734
171,739
171,777
171,816
171,845
171,851
171,857
171,864
171,866
171,925
171,945
171,953
171,957
171,970
171,972
172,223
172,229
172,233
172,251
172,274
172,326
172,364
172,372
172,384
172,401
172,449
172,461
172,475
172,490
172,492
172,515
172,532
172,551
172,558
172,559
172,603
172,631
172,651
172,658
172,663
172,697
172,710
172,746
172,748
172,753
172,765
172,776
172,794
172,802
172,809
172,815
172,853
172,868
172,872
172,876
172,892
172,894
172,895
172,905
172,921
172,923
172,934
172,939
172,950
172,956
172,958
172,973
172,987
172,992
172,993
173,190
173,219
173,239
173,260
173,357
173,364
173,407
173,476
173,486
173,512
173,518
173,521
173,560
173,583
173,631
173,644
173,693
173,708
173,713
173,730
173,736
173,747
173,801
173,847
173,880
173,889
173,919
173,929
173,945
173,968
173,983
173,988
174,233
174,234
174,264
174,295
174,338
174,352
174,372
174,381
174,386
174,408
174,416
174,440
174,512
174,523
174,542
174,551
174,553
174,560
174,595
174,628
174,631
174,657
174,684
174,687
174,695
174,722
174,738
174,741
174,755
174,757
174,770
174,778
174,799
174,800
174,820
174,824
174,846
174,849
174,875
174,890
174,904
174,917
174,951
174,957
174,970
174,976
175,220
175,285
175,314
175,338
175,353
175,389
175,399
175,489
175,516
175,531
175,582
175,604
175,624
175,657
175,726
175,784
175,814
175,817
175,830
175,854
175,955
175,959
175,975
175,996
176,182
176,226
176,236
176,269
176,331
176,347
176,381
176,409
176,444
176,475
176,500
176,513
176,524
176,564
176,565
176,566
176,601
176,608
176,620
176,631
176,674
176,675
176,697
176,698
176,701
176,717
176,727
176,729
176,743
176,768
176,779
176,790
176,806
176,825
176,862
176,873
176,879
176,898
176,993
177,189
177,204
177,219
177,297
177,312
177,353
177,363
177,369
177,399
177,446
177,506
177,577
177,582
177,602
177,685
177,695
177,698
177,716
177,742
177,819
177,820
177,827
177,902
177,927
177,947
177,949
178,199
178,312
178,323
178,328
178,410
178,517
178,527
178,529
178,546
178,615
178,621
178,622
178,641
178,652
178,684
178,784
178,824
178,843
178,849
178,863
178,865
178,892
178,902
178,905
178,967
179,204
179,226
179,259
179,321
179,365
179,369
179,463
179,562
179,569
179,584
179,613
179,629
179,638
179,654
179,685
179,730
179,753
179,768
179,844
179,860
179,956
179,981
180,182
180,183
180,212
180,219
180,230
180,245
180,250
180,273
180,274
180,284
180,295
180,296
180,315
180,320
180,326
180,356
180,357
180,359
180,364
180,393
180,402
180,420
180,434
180,470
180,489
180,490
180,497
180,503
180,504
180,516
180,552
180,568
180,570
180,585
180,608
180,618
180,620
180,646
180,672
180,681
180,725
180,777
180,800
180,808
180,815
180,817
180,874
180,888
180,892
180,896
180,897
180,917
180,936
180,955
180,968
180,980
181,194
181,267
181,317
181,321
181,335
181,357
181,513
181,532
181,543
181,545
181,557
181,619
181,645
181,891
181,922
181,940
181,958
181,975
181,981
182,193
182,211
182,258
182,266
182,284
182,322
182,343
182,355
182,368
182,419
182,435
182,456
182,457
182,485
182,525
182,535
182,591
182,593
182,613
182,624
182,643
182,658
182,669
182,699
182,707
182,718
182,762
182,775
182,777
182,812
182,823
182,831
182,844
182,878
182,885
182,919
182,921
182,944
182,947
182,964
182,968
183,212
183,214
183,225
183,240
183,283
183,303
183,316
183,326
183,368
183,393
183,413
183,420
183,428
183,450
183,467
183,483
183,484
183,488
183,509
183,592
183,594
183,624
183,627
183,650
183,655
183,664
183,693
183,707
183,712
183,725
183,732
183,740
183,749
183,758
183,771
183,781
183,788
183,803
183,805
183,822
183,835
183,866
183,882
183,900
183,907
183,908
183,920
183,925
183,934
183,958
183,966
183,973
183,976
183,981
183,990
184,215
184,274
184,283
184,316
184,334
184,336
184,384
184,432
184,444
184,482
184,500
184,514
184,530
184,541
184,617
184,628
184,656
184,657
184,668
184,689
184,693
184,735
184,751
184,794
184,858
184,885
184,889
184,906
184,925
184,963
184,985
185,188
185,193
185,210
185,218
185,223
185,226
185,233
185,252
185,275
185,355
185,367
185,391
185,403
185,423
185,465
185,471
185,482
185,483
185,492
185,507
185,580
185,592
185,609
185,625
185,644
185,653
185,669
185,675
185,676
185,695
185,707
185,721
185,729
185,745
185,764
185,781
185,787
185,829
185,847
185,917
185,931
185,951
185,965
186,210
186,250
186,292
186,297
186,304
186,305
186,326
186,399
186,411
186,431
186,437
186,455
186,511
186,528
186,554
186,561
186,572
186,577
186,584
186,632
186,689
186,699
186,713
186,742
186,753
186,833
186,860
186,878
186,883
186,885
186,896
186,913
186,944
186,958
186,965
187,200
187,221
187,257
187,260
187,268
187,330
187,382
187,465
187,512
187,518
187,588
187,594
187,610
187,647
187,652
187,681
187,691
187,770
187,874
187,935
187,965
187,977
187,979
187,985
188,192
188,210
188,212
188,258
188,359
188,407
188,409
188,492
188,522
188,593
188,639
188,658
188,661
188,675
188,680
188,689
188,719
188,791
188,802
188,822
188,825
188,826
188,833
188,835
188,886
188,908
188,919
188,927
188,936
188,944
188,965
188,973
188,994
189,198
189,200
189,221
189,226
189,231
189,245
189,281
189,283
189,284
189,289
189,309
189,312
189,314
189,318
189,322
189,323
189,329
189,332
189,342
189,352
189,356
189,358
189,384
189,404
189,439
189,453
189,468
189,475
189,483
189,497
189,501
189,515
189,536
189,558
189,561
189,574
189,577
189,588
189,594
189,630
189,645
189,705
189,709
189,710
189,716
189,724
189,752
189,795
189,802
189,813
189,819
189,820
189,855
189,857
189,863
189,870
189,872
189,891
189,908
189,920
189,928
189,930
189,939
189,970
189,982
189,986
189,992
190,198
190,209
190,212
190,216
190,251
190,253
190,305
190,312
190,316
190,335
190,353
190,360
190,397
190,405
190,410
190,419
190,436
190,455
190,476
190,508
190,517
190,520
190,526
190,539
190,548
190,555
190,558
190,590
190,595
190,598
190,604
190,622
190,624
190,625
190,656
190,666
190,669
190,681
190,682
190,689
190,697
190,698
190,706
190,708
190,716
190,724
190,726
190,762
190,782
190,819
190,820
190,835
190,850
190,856
190,882
190,934
190,960
190,971
190,978
190,979
190,989
190,993
191,195
191,201
191,206
191,218
191,238
191,267
191,279
191,339
191,342
191,364
191,371
191,387
191,404
191,446
191,470
191,536
191,544
191,545
191,553
191,565
191,587
191,594
191,600
191,605
191,606
191,618
191,625
191,637
191,638
191,664
191,671
191,700
191,706
191,718
191,725
191,730
191,731
191,746
191,750
191,771
191,778
191,803
191,808
191,855
191,900
191,911
191,944
191,948
191,951
191,992
192,204
192,258
192,342
192,355
192,391
192,406
192,429
192,430
192,469
192,470
192,507
192,536
192,546
192,575
192,587
192,611
192,637
192,638
192,672
192,681
192,766
192,803
192,844
192,880
192,982
193,197
193,214
193,283
193,285
193,290
193,347
193,358
193,395
193,448
193,494
193,508
193,529
193,538
193,545
193,557
193,561
193,584
193,586
193,729
193,759
193,789
193,809
193,843
193,867
193,950
193,977
193,978
194,264
194,268
194,290
194,326
194,426
194,480
194,663
194,790
194,839
194,848
194,991
195,203
195,210
195,212
195,216
195,248
195,273
195,275
195,283
195,296
195,308
195,318
195,342
195,357
195,378
195,402
195,408
195,425
195,470
195,551
195,565
195,621
195,636
195,647
195,708
195,710
195,713
195,718
195,750
195,782
195,789
195,802
195,820
195,847
195,880
195,929
195,955
196,214
196,249
196,331
196,338
196,339
196,360
196,364
196,373
196,409
196,438
196,476
196,481
196,487
196,531
196,541
196,570
196,628
196,641
196,653
196,694
196,738
196,810
196,939
197,249
197,280
197,281
197,297
197,302
197,370
197,418
197,425
197,490
197,510
197,515
197,522
197,523
197,570
197,585
197,588
197,656
197,681
197,724
197,728
197,729
197,743
197,778
197,783
197,817
197,880
197,904
197,921
197,929
197,975
197,982
198,204
198,223
198,264
198,278
198,290
198,315
198,393
198,409
198,410
198,413
198,441
198,492
198,509
198,525
198,575
198,602
198,610
198,616
198,635
198,670
198,690
198,710
198,750
198,824
198,886
198,968
198,973
199,266
199,267
199,277
199,323
199,374
199,457
199,472
199,518
199,543
199,569
199,579
199,584
199,629
199,639
199,643
199,677
199,729
199,742
199,779
199,838
199,845
199,855
199,877
199,887
199,895
199,926
199,958
199,963
199,998
200,222
200,261
200,299
200,300
200,375
200,410
200,421
200,452
200,472
200,474
200,587
200,614
200,636
200,648
200,694
200,713
200,751
200,775
200,785
200,822
200,853
200,916
200,917
200,966
201,230
201,233
201,236
201,237
201,257
201,311
201,317
201,326
201,331
201,353
201,361
201,399
201,421
201,464
201,475
201,492
201,506
201,516
201,545
201,559
201,584
201,603
201,642
201,648
201,672
201,689
201,692
201,693
201,709
201,738
201,804
201,805
201,841
201,959
201,960
202,216
202,221
202,232
202,270
202,280
202,334
202,336
202,357
202,391
202,475
202,506
202,508
202,525
202,568
202,571
202,606
202,624
202,653
202,660
202,700
202,716
202,734
202,767
202,800
202,805
202,829
202,842
202,916
202,990
203,213
203,252
203,285
203,311
203,312
203,318
203,323
203,329
203,331
203,344
203,351
203,362
203,373
203,391
203,421
203,425
203,457
203,466
203,477
203,483
203,493
203,496
203,507
203,524
203,525
203,542
203,555
203,565
203,583
203,603
203,608
203,648
203,658
203,671
203,684
203,687
203,691
203,706
203,771
203,777
203,795
203,796
203,799
203,813
203,815
203,849
203,895
203,905
203,908
203,966
203,972
204,218
204,226
204,231
204,239
204,280
204,301
204,307
204,312
204,337
204,342
204,368
204,397
204,405
204,409
204,413
204,439
204,489
204,490
204,492
204,515
204,532
204,545
204,561
204,564
204,568
204,587
204,602
204,607
204,637
204,663
204,725
204,733
204,743
204,781
204,789
204,809
204,820
204,832
204,837
204,852
204,864
204,866
204,868
204,889
204,906
204,923
204,944
204,956
204,957
204,981
205,263
205,289
205,295
205,304
205,332
205,425
205,444
205,470
205,605
205,628
205,658
205,664
205,743
205,755
205,759
205,792
205,884
205,936
205,992
206,246
206,285
206,343
206,350
206,437
206,494
206,522
206,532
206,623
206,650
206,652
206,729
206,830
206,842
206,870
206,883
206,890
206,926
206,952
206,961
206,962
207,210
207,255
207,258
207,262
207,352
207,367
207,375
207,414
207,433
207,461
207,466
207,491
207,548
207,584
207,585
207,586
207,625
207,628
207,634
207,635
207,641
207,661
207,681
207,682
207,693
207,727
207,747
207,753
207,810
207,838
207,846
207,847
207,851
207,893
207,920
207,928
207,954
207,971
207,973
207,988
207,993
208,217
208,239
208,283
208,390
208,425
208,553
208,560
208,582
208,614
208,859
208,897
208,913
208,920
209,222
209,293
209,304
209,339
209,340
209,361
209,376
209,387
209,390
209,401
209,429
209,449
209,451
209,461
209,517
209,540
209,550
209,565
209,689
209,700
209,729
209,735
209,740
209,742
209,743
209,785
209,803
209,835
209,880
209,925
209,957
209,960
209,974
209,983
210,212
210,214
210,218
210,267
210,303
210,314
210,318
210,379
210,383
210,420
210,457
210,491
210,496
210,511
210,515
210,518
210,527
210,530
210,563
210,573
210,600
210,608
210,610
210,752
210,753
210,775
210,794
210,795
210,826
210,851
210,899
210,937
210,940
210,951
210,983
211,231
211,245
211,331
211,383
211,389
211,414
211,420
211,424
211,460
211,480
211,516
211,518
211,551
211,597
211,605
211,609
211,636
211,678
211,706
211,744
211,771
211,842
211,852
211,881
211,962
211,963
211,964
211,979
212,233
212,236
212,257
212,260
212,267
212,283
212,295
212,297
212,343
212,344
212,353
212,364
212,395
212,433
212,435
212,444
212,463
212,477
212,479
212,482
212,485
212,488
212,490
212,499
212,509
212,525
212,539
212,547
212,565
212,616
212,621
212,624
212,640
212,641
212,661
212,695
212,710
212,734
212,740
212,755
212,758
212,772
212,783
212,789
212,798
212,801
212,804
212,807
212,814
212,815
212,825
212,826
212,851
212,853
212,873
212,880
212,885
212,888
212,890
212,892
212,900
212,905
212,930
212,933
212,946
212,960
213,232
213,234
213,238
213,257
213,263
213,274
213,337
213,360
213,363
213,389
213,407
213,410
213,414
213,424
213,456
213,475
213,480
213,485
213,486
213,491
213,500
213,518
213,526
213,543
213,624
213,652
213,664
213,670
213,680
213,691
213,706
213,708
213,744
213,749
213,777
213,780
213,834
213,839
213,841
213,844
213,860
213,872
213,899
213,901
213,937
213,962
213,981
214,232
214,239
214,254
214,257
214,278
214,355
214,363
214,410
214,447
214,464
214,541
214,570
214,575
214,628
214,718
214,721
214,789
214,791
214,831
214,837
214,838
214,872
214,880
214,905
214,906
214,930
214,935
214,948
214,956
214,981
214,990
215,220
215,226
215,228
215,241
215,259
215,282
215,291
215,308
215,353
215,356
215,421
215,492
215,524
215,584
215,618
215,644
215,706
215,715
215,723
215,731
215,839
215,884
215,887
215,937
215,942
215,959
215,980
215,989
215,997
216,227
216,265
216,268
216,283
216,286
216,304
216,311
216,324
216,331
216,335
216,341
216,348
216,359
216,360
216,363
216,380
216,407
216,408
216,464
216,466
216,473
216,481
216,482
216,490
216,507
216,543
216,562
216,607
216,619
216,661
216,744
216,762
216,785
216,795
216,798
216,800
216,809
216,860
216,869
216,890
216,900
216,919
216,930
216,952
216,976
216,990
216,995
216,997
217,277
217,313
217,322
217,323
217,351
217,360
217,435
217,440
217,534
217,538
217,561
217,574
217,578
217,595
217,609
217,625
217,674
217,680
217,735
217,758
217,803
217,847
217,865
217,892
217,932
217,967
218,224
218,226
218,238
218,243
218,248
218,272
218,290
218,298
218,308
218,327
218,344
218,365
218,389
218,471
218,483
218,486
218,487
218,518
218,526
218,536
218,569
218,616
218,639
218,651
218,660
218,690
218,715
218,721
218,727
218,728
218,763
218,775
218,799
218,808
218,825
218,832
218,834
218,838
218,850
218,885
218,895
218,898
218,929
218,951
218,957
218,973
219,221
219,234
219,253
219,265
219,291
219,313
219,352
219,361
219,376
219,378
219,399
219,425
219,445
219,450
219,510
219,511
219,561
219,563
219,590
219,606
219,619
219,657
219,688
219,689
219,750
219,765
219,865
219,894
219,924
220,223
220,230
220,233
220,234
220,236
220,237
220,275
220,316
220,336
220,401
220,427
220,437
220,480
220,490
220,528
220,584
220,588
220,598
220,601
220,639
220,748
220,761
220,766
220,777
220,783
220,797
220,803
220,824
220,883
220,912
220,930
220,939
220,960
220,981
221,246
221,302
221,377
221,391
221,475
221,516
221,542
221,617
221,650
221,744
221,768
221,775
221,786
221,883
221,899
221,968
222,226
222,235
222,314
222,321
222,381
222,421
222,424
222,437
222,459
222,484
222,495
222,504
222,538
222,568
222,584
222,596
222,603
222,644
222,667
222,727
222,745
222,765
222,769
222,787
222,798
222,826
222,838
222,862
222,882
222,934
222,979
222,985
222,989
223,272
223,273
223,306
223,342
223,351
223,360
223,371
223,379
223,386
223,409
223,424
223,433
223,436
223,450
223,453
223,474
223,504
223,510
223,543
223,553
223,559
223,562
223,584
223,599
223,603
223,620
223,625
223,626
223,631
223,641
223,676
223,751
223,761
223,762
223,782
223,783
223,800
223,803
223,820
223,823
223,826
223,852
223,889
223,890
223,894
223,922
223,938
223,973
223,979
223,985
223,987
223,995
224,236
224,256
224,284
224,298
224,302
224,304
224,337
224,351
224,357
224,397
224,401
224,409
224,429
224,461
224,492
224,532
224,546
224,561
224,563
224,610
224,621
224,641
224,691
224,740
224,742
224,744
224,777
224,783
224,830
224,850
224,877
224,944
224,967
225,227
225,238
225,270
225,271
225,273
225,279
225,280
225,327
225,337
225,342
225,347
225,351
225,360
225,404
225,409
225,410
225,411
225,441
225,454
225,471
225,510
225,532
225,543
225,546
225,570
225,585
225,603
225,608
225,620
225,624
225,647
225,653
225,656
225,669
225,676
225,710
225,742
225,755
225,798
225,815
225,894
225,918
225,944
225,951
226,239
226,301
226,320
226,355
226,367
226,374
226,380
226,409
226,431
226,437
226,469
226,496
226,504
226,540
226,581
226,583
226,597
226,606
226,609
226,610
226,641
226,705
226,727
226,764
226,857
226,873
226,903
226,923
226,967
226,970
227,269
227,273
227,297
227,303
227,327
227,339
227,343
227,367
227,373
227,375
227,380
227,397
227,405
227,456
227,475
227,487
227,496
227,526
227,549
227,560
227,588
227,602
227,610
227,624
227,625
227,631
227,633
227,639
227,655
227,702
227,726
227,733
227,764
227,771
227,778
227,792
227,795
227,819
227,833
227,838
227,844
227,856
227,860
227,873
227,876
227,887
227,898
227,944
227,949
227,950
227,951
227,959
228,237
228,245
228,331
228,360
228,373
228,376
228,391
228,397
228,403
228,422
228,467
228,487
228,500
228,527
228,548
228,575
228,589
228,612
228,621
228,643
228,689
228,716
228,851
228,863
228,878
228,919
228,974
228,995
229,233
229,316
229,391
229,393
229,402
229,417
229,529
229,535
229,541
229,558
229,560
229,582
229,590
229,603
229,610
229,622
229,639
229,654
229,707
229,737
229,804
229,821
229,827
229,837
229,841
229,921
229,958
229,994
230,279
230,296
230,338
230,366
230,380
230,395
230,404
230,443
230,448
230,458
230,476
230,516
230,525
230,550
230,575
230,595
230,618
230,623
230,672
230,683
230,687
230,739
230,765
230,836
230,857
230,909
230,929
230,933
230,940
230,953
230,999
231,253
231,255
231,275
231,276
231,325
231,327
231,388
231,429
231,464
231,501
231,522
231,527
231,531
231,532
231,544
231,677
231,700
231,705
231,710
231,716
231,720
231,721
231,802
231,807
231,808
231,812
231,839
231,885
231,985
231,989
231,993
232,246
232,262
232,273
232,317
232,353
232,354
232,361
232,381
232,407
232,411
232,416
232,430
232,452
232,470
232,483
232,511
232,525
232,529
232,536
232,547
232,562
232,603
232,609
232,616
232,686
232,742
232,756
232,775
232,833
232,869
232,883
232,930
232,951
232,955
232,976
233,285
233,287
233,295
233,299
233,314
233,333
233,343
233,353
233,360
233,365
233,366
233,534
233,540
233,548
233,589
233,593
233,608
233,620
233,650
233,656
233,661
233,662
233,692
233,700
233,713
233,726
233,739
233,740
233,746
233,747
233,764
233,776
233,784
233,846
233,856
233,863
233,908
233,916
233,920
233,938
233,952
233,966
233,979
233,981
233,982
233,988
234,237
234,244
234,249
234,254
234,264
234,279
234,317
234,339
234,363
234,372
234,380
234,390
234,432
234,468
234,474
234,490
234,513
234,522
234,561
234,650
234,681
234,704
234,709
234,752
234,846
234,859
234,865
234,977
235,245
235,247
235,258
235,280
235,292
235,301
235,352
235,370
235,389
235,394
235,411
235,441
235,491
235,492
235,521
235,530
235,549
235,560
235,579
235,675
235,720
235,736
235,746
235,778
235,856
235,861
235,957
235,965
236,254
236,263
236,273
236,314
236,419
236,429
236,489
236,500
236,525
236,563
236,564
236,582
236,602
236,624
236,665
236,672
236,699
236,729
236,769
236,774
236,809
236,850
236,851
236,865
236,881
236,889
236,893
236,903
236,917
236,933
236,944
236,957
236,961
236,962
237,252
237,255
237,268
237,320
237,339
237,344
237,346
237,381
237,386
237,397
237,430
237,441
237,457
237,492
237,513
237,514
237,518
237,570
237,575
237,603
237,604
237,636
237,638
237,654
237,700
237,732
237,756
237,821
237,851
237,876
237,885
237,905
237,922
237,927
238,307
238,314
238,338
238,351
238,364
238,430
238,457
238,475
238,479
238,484
238,486
238,554
238,563
238,580
238,619
238,638
238,659
238,668
238,679
238,727
238,729
238,734
238,737
238,748
238,763
238,766
238,830
238,834
238,867
238,905
238,956
238,958
238,975
239,250
239,261
239,287
239,308
239,328
239,343
239,360
239,362
239,414
239,422
239,432
239,468
239,491
239,500
239,508
239,532
239,538
239,546
239,569
239,610
239,626
239,631
239,636
239,646
239,650
239,652
239,656
239,666
239,698
239,701
239,704
239,706
239,708
239,710
239,716
239,724
239,800
239,801
239,804
239,820
239,827
239,834
239,877
239,878
239,882
239,885
239,888
239,902
239,928
239,934
239,939
239,952
239,963
239,991
239,992
240,391
240,447
240,517
240,525
240,536
240,559
240,620
240,672
240,810
240,821
240,877
240,894
240,916
240,972
241,245
241,275
241,284
241,285
241,295
241,329
241,450
241,473
241,478
241,575
241,589
241,713
241,754
241,756
241,770
241,781
241,814
241,834
241,835
241,882
241,884
241,908
241,928
241,934
241,955
241,964
241,965
242,278
242,295
242,316
242,329
242,354
242,471
242,511
242,551
242,570
242,587
242,592
242,661
242,666
242,681
242,696
242,731
242,850
242,899
242,913
242,948
242,959
243,254
243,326
243,330
243,364
243,371
243,401
243,428
243,437
243,453
243,474
243,484
243,485
243,503
243,528
243,541
243,570
243,587
243,588
243,633
243,706
243,720
243,745
243,762
243,763
243,796
243,828
243,851
243,895
243,950
243,963
243,986
243,988
244,266
244,316
244,336
244,358
244,363
244,448
244,466
244,489
244,501
244,530
244,544
244,570
244,583
244,591
244,598
244,599
244,604
244,657
244,679
244,700
244,781
244,801
244,811
244,812
244,826
244,838
244,839
244,868
244,905
244,906
244,931
244,978
245,262
245,267
245,289
245,341
245,345
245,363
245,389
245,398
245,417
245,420
245,437
245,446
245,455
245,456
245,470
245,484
245,514
245,526
245,571
245,578
245,592
245,595
245,599
245,612
245,656
245,660
245,681
245,688
245,689
245,698
245,742
245,747
245,771
245,775
245,803
245,807
245,819
245,831
245,832
245,835
245,838
245,851
245,877
245,883
245,908
245,916
245,918
245,956
245,967
245,987
245,988
245,994
246,278
246,405
246,491
246,571
246,599
246,600
246,684
246,982
247,277
247,355
247,389
247,507
247,517
247,688
247,734
247,810
247,878
247,880
247,927
248,259
248,267
248,270
248,298
248,329
248,413
248,465
248,479
248,484
248,501
248,522
248,549
248,552
248,554
248,564
248,578
248,580
248,589
248,600
248,620
248,664
248,682
248,707
248,743
248,804
248,851
248,865
248,869
248,885
248,887
248,994
249,250
249,252
249,257
249,288
249,298
249,304
249,364
249,374
249,411
249,412
249,415
249,429
249,488
249,552
249,578
249,580
249,595
249,663
249,762
249,770
249,771
249,794
249,803
249,826
249,830
249,834
249,835
249,858
249,889
249,890
249,906
249,928
249,972
249,973
249,979
250,275
250,311
250,329
250,364
250,366
250,416
250,424
250,432
250,467
250,500
250,512
250,518
250,619
250,626
250,631
250,641
250,660
250,706
250,710
250,746
250,781
250,839
250,865
250,867
250,882
250,936
250,963
250,967
250,976
251,357
251,414
251,445
251,540
251,594
251,659
251,663
251,674
251,739
251,769
251,814
251,863
251,951
251,997
252,256
252,268
252,272
252,305
252,326
252,342
252,348
252,372
252,389
252,398
252,401
252,417
252,487
252,518
252,536
252,570
252,585
252,642
252,659
252,673
252,692
252,711
252,721
252,738
252,792
252,857
252,900
252,922
252,940
253,273
253,301
253,374
253,385
253,408
253,410
253,421
253,430
253,461
253,482
253,501
253,504
253,507
253,552
253,572
253,590
253,593
253,645
253,668
253,678
253,717
253,755
253,771
253,879
253,883
253,920
254,257
254,273
254,277
254,279
254,285
254,292
254,298
254,299
254,304
254,318
254,320
254,349
254,353
254,409
254,474
254,513
254,548
254,554
254,580
254,592
254,609
254,646
254,670
254,683
254,712
254,726
254,730
254,752
254,767
254,795
254,808
254,813
254,820
254,831
254,842
254,851
254,864
254,900
254,916
254,949
254,958
254,972
254,986
255,316
255,380
255,418
255,425
255,451
255,457
255,466
255,468
255,504
255,512
255,517
255,532
255,535
255,554
255,586
255,606
255,618
255,621
255,625
255,629
255,633
255,653
255,726
255,743
255,809
255,863
255,900
255,940
255,960
256,263
256,267
256,269
256,288
256,347
256,362
256,399
256,415
256,429
256,523
256,586
256,638
256,664
256,686
256,757
256,760
256,803
256,805
256,879
256,898
256,919
256,926
256,965
257,260
257,279
257,280
257,291
257,292
257,298
257,315
257,327
257,334
257,335
257,342
257,367
257,398
257,427
257,455
257,483
257,510
257,512
257,525
257,539
257,547
257,612
257,618
257,629
257,631
257,651
257,656
257,666
257,711
257,752
257,753
257,754
257,762
257,771
257,795
257,800
257,820
257,858
257,870
257,880
257,916
257,933
257,946
257,961
257,966
257,978
257,999
258,334
258,337
258,352
258,354
258,429
258,442
258,465
258,484
258,517
258,525
258,531
258,559
258,581
258,582
258,615
258,639
258,644
258,700
258,712
258,799
258,801
258,809
258,820
258,868
258,869
258,873
258,948
258,969
259,283
259,298
259,304
259,310
259,319
259,321
259,322
259,416
259,423
259,424
259,429
259,457
259,478
259,484
259,493
259,604
259,629
259,754
259,790
259,800
259,810
259,847
259,856
259,966
260,327
260,353
260,417
260,423
260,441
260,465
260,489
260,491
260,508
260,547
260,559
260,573
260,602
260,605
260,620
260,633
260,644
260,649
260,687
260,731
260,852
260,866
260,888
260,917
260,939
260,959
261,292
261,330
261,360
261,378
261,387
261,418
261,422
261,504
261,508
261,509
261,515
261,559
261,560
261,590
261,600
261,619
261,652
261,661
261,674
261,715
261,739
261,745
261,768
261,776
261,798
261,803
261,860
261,879
261,887
261,890
261,917
261,932
261,942
262,270
262,285
262,299
262,314
262,332
262,374
262,403
262,404
262,405
262,417
262,428
262,434
262,443
262,445
262,504
262,512
262,614
262,643
262,673
262,679
262,745
262,746
262,796
262,857
262,872
262,890
262,896
262,901
262,938
262,952
262,973
263,283
263,286
263,295
263,303
263,320
263,321
263,328
263,334
263,348
263,352
263,357
263,360
263,362
263,365
263,372
263,386
263,429
263,444
263,450
263,464
263,470
263,474
263,509
263,512
263,524
263,546
263,555
263,560
263,561
263,599
263,642
263,655
263,662
263,696
263,701
263,734
263,767
263,861
263,865
263,881
263,919
263,921
263,923
263,931
263,950
263,956
263,983
264,269
264,284
264,288
264,297
264,317
264,344
264,345
264,349
264,367
264,379
264,383
264,397
264,410
264,417
264,454
264,481
264,485
264,486
264,531
264,542
264,557
264,581
264,597
264,608
264,630
264,664
264,684
264,696
264,703
264,720
264,805
264,841
264,861
264,863
264,962
264,989
264,996
265,333
265,347
265,366
265,379
265,486
265,518
265,541
265,608
265,651
265,653
265,673
265,697
265,708
265,809
265,849
265,851
265,885
265,981
265,989
266,304
266,329
266,341
266,445
266,458
266,476
266,501
266,532
266,551
266,601
266,625
266,641
266,661
266,797
266,806
266,852
266,894
266,906
266,935
267,282
267,298
267,314
267,344
267,363
267,365
267,380
267,407
267,429
267,471
267,489
267,586
267,653
267,689
267,762
267,851
267,861
267,865
267,867
267,876
267,904
267,946
267,956
267,959
268,271
268,275
268,290
268,295
268,302
268,313
268,315
268,337
268,356
268,370
268,378
268,390
268,398
268,399
268,425
268,438
268,443
268,457
268,467
268,471
268,477
268,492
268,497
268,505
268,566
268,613
268,620
268,633
268,670
268,684
268,690
268,694
268,703
268,805
268,822
268,861
268,879
268,881
268,900
268,911
268,926
268,938
268,952
268,955
268,960
268,972
268,981
268,984
268,989
268,994
268,999
269,272
269,277
269,289
269,315
269,320
269,343
269,366
269,367
269,372
269,376
269,403
269,409
269,420
269,444
269,445
269,496
269,540
269,548
269,562
269,659
269,664
269,671
269,675
269,695
269,713
269,721
269,768
269,771
269,778
269,783
269,792
269,826
269,832
269,866
269,885
269,889
269,890
269,918
269,945
269,950
269,953
269,956
269,965
269,975
269,993
270,311
270,326
270,331
270,372
270,418
270,447
270,463
270,465
270,498
270,518
270,541
270,543
270,556
270,561
270,568
270,569
270,576
270,590
270,596
270,602
270,603
270,620
270,626
270,627
270,650
270,662
270,666
270,673
270,688
270,693
270,722
270,728
270,737
270,745
270,769
270,809
270,851
270,862
270,879
270,881
270,919
270,952
270,987
270,989
270,992
271,338
271,343
271,354
271,357
271,420
271,499
271,616
271,626
271,637
271,664
271,683
271,697
271,714
271,766
271,825
271,834
271,870
271,918
271,952
272,274
272,275
272,306
272,308
272,314
272,345
272,355
272,410
272,429
272,452
272,477
272,591
272,594
272,633
272,643
272,657
272,691
272,707
272,727
272,734
272,738
272,741
272,798
272,803
272,806
272,810
272,818
272,820
272,848
272,851
272,853
272,863
272,865
272,874
272,879
272,900
272,903
272,920
272,928
272,946
272,974
272,999
273,275
273,277
273,280
273,287
273,305
273,315
273,319
273,324
273,330
273,335
273,341
273,348
273,360
273,362
273,372
273,377
273,381
273,394
273,412
273,425
273,442
273,449
273,456
273,461
273,464
273,477
273,487
273,488
273,491
273,492
273,493
273,503
273,508
273,516
273,518
273,520
273,562
273,564
273,577
273,581
273,585
273,600
273,608
273,609
273,619
273,637
273,642
273,656
273,659
273,675
273,676
273,689
273,697
273,707
273,723
273,735
273,742
273,756
273,762
273,771
273,784
273,785
273,794
273,797
273,799
273,805
273,806
273,808
273,813
273,817
273,819
273,830
273,839
273,844
273,853
273,856
273,860
273,881
273,883
273,889
273,903
273,908
273,916
273,920
273,929
273,937
273,942
273,951
273,958
273,994
274,284
274,306
274,326
274,355
274,357
274,380
274,384
274,399
274,400
274,410
274,457
274,492
274,512
274,540
274,545
274,551
274,578
274,579
274,591
274,697
274,708
274,730
274,851
274,863
274,873
274,900
274,906
274,944
274,967
275,292
275,295
275,316
275,324
275,331
275,356
275,357
275,367
275,368
275,383
275,397
275,410
275,414
275,456
275,468
275,490
275,500
275,514
275,527
275,529
275,533
275,540
275,549
275,554
275,562
275,566
275,576
275,601
275,612
275,662
275,673
275,692
275,705
275,715
275,716
275,730
275,732
275,737
275,755
275,795
275,800
275,885
275,961
275,994
276,333
276,344
276,357
276,364
276,367
276,387
276,404
276,410
276,440
276,561
276,575
276,584
276,619
276,688
276,749
276,778
276,782
276,803
276,884
276,890
276,917
276,925
276,936
276,990
277,285
277,294
277,327
277,392
277,400
277,404
277,436
277,527
277,566
277,567
277,575
277,588
277,625
277,663
277,706
277,767
277,773
277,787
277,800
277,816
277,869
277,928
277,931
277,969
277,988
278,315
278,321
278,374
278,386
278,401
278,476
278,487
278,492
278,509
278,513
278,517
278,521
278,525
278,596
278,642
278,706
278,809
278,819
278,830
278,860
278,879
278,888
278,889
278,890
278,934
278,944
278,954
278,966
278,979
278,999
279,310
279,363
279,408
279,420
279,434
279,435
279,481
279,529
279,538
279,544
279,639
279,674
279,786
279,810
279,814
279,898
280,287
280,300
280,322
280,329
280,347
280,377
280,412
280,436
280,479
280,484
280,488
280,504
280,513
280,524
280,529
280,545
280,546
280,565
280,570
280,585
280,618
280,625
280,647
280,663
280,673
280,676
280,741
280,766
280,782
280,806
280,812
280,839
280,863
280,864
280,917
280,922
280,929
280,933
280,936
280,963
280,992
281,292
281,294
281,295
281,300
281,301
281,362
281,363
281,374
281,399
281,412
281,413
281,468
281,520
281,522
281,523
281,559
281,564
281,568
281,580
281,582
281,613
281,618
281,629
281,708
281,731
281,741
281,763
281,775
281,783
281,810
281,833
281,841
281,869
281,898
281,934
281,952
281,955
281,993
282,305
282,308
282,312
282,335
282,343
282,366
282,401
282,409
282,412
282,416
282,418
282,430
282,433
282,463
282,473
282,486
282,500
282,504
282,521
282,523
282,526
282,543
282,545
282,554
282,614
282,627
282,641
282,675
282,682
282,713
282,716
282,740
282,741
282,748
282,751
282,777
282,820
282,823
282,838
282,856
282,891
282,915
282,916
282,928
282,933
282,941
282,945
282,953
282,956
282,959
282,960
283,290
283,307
283,321
283,326
283,342
283,343
283,357
283,414
283,419
283,421
283,442
283,449
283,451
283,455
283,467
283,479
283,490
283,524
283,564
283,575
283,576
283,584
283,585
283,609
283,614
283,616
283,619
283,636
283,648
283,685
283,698
283,738
283,754
283,762
283,771
283,772
283,776
283,778
283,815
283,817
283,849
283,858
283,860
283,865
283,882
283,895
283,919
283,920
283,925
283,939
283,945
283,966
284,408
284,428
284,433
284,496
284,520
284,603
284,629
284,631
284,646
284,690
284,698
284,715
284,745
284,760
284,777
284,780
284,821
284,844
284,851
284,861
284,863
284,873
284,910
284,933
284,940
284,978
284,985
284,989
284,990
284,995
285,307
285,340
285,353
285,363
285,374
285,400
285,409
285,437
285,462
285,536
285,555
285,559
285,598
285,606
285,618
285,630
285,671
285,676
285,719
285,720
285,725
285,739
285,742
285,753
285,758
285,766
285,780
285,810
285,815
285,919
285,920
285,932
285,955
285,963
286,296
286,309
286,335
286,342
286,347
286,351
286,360
286,364
286,380
286,382
286,406
286,410
286,424
286,431
286,441
286,467
286,483
286,484
286,493
286,521
286,522
286,543
286,554
286,581
286,584
286,591
286,699
286,715
286,726
286,729
286,737
286,740
286,745
286,782
286,800
286,809
286,812
286,820
286,851
286,884
286,887
286,928
286,944
286,949
286,978
287,297
287,305
287,311
287,312
287,333
287,349
287,398
287,404
287,451
287,456
287,474
287,499
287,500
287,501
287,554
287,561
287,564
287,585
287,611
287,616
287,681
287,701
287,718
287,740
287,757
287,762
287,772
287,781
287,796
287,817
287,821
287,826
287,830
287,831
287,853
287,876
287,919
287,934
287,948
287,960
287,988
287,993
287,995
288,297
288,411
288,438
288,447
288,494
288,499
288,512
288,617
288,624
288,644
288,693
288,734
288,751
288,779
288,782
288,790
288,812
288,864
288,885
288,909
288,969
288,977
289,296
289,306
289,311
289,332
289,360
289,383
289,390
289,445
289,480
289,496
289,502
289,525
289,532
289,545
289,552
289,555
289,579
289,606
289,631
289,635
289,643
289,680
289,695
289,722
289,727
289,789
289,825
289,843
289,907
289,922
289,923
289,939
289,949
289,996
290,297
290,317
290,318
290,349
290,357
290,375
290,402
290,403
290,405
290,409
290,415
290,431
290,463
290,493
290,541
290,543
290,544
290,577
290,625
290,629
290,682
290,742
290,813
290,817
290,831
290,858
290,879
290,895
290,900
290,928
291,350
291,399
291,440
291,461
291,507
291,522
291,526
291,574
291,593
291,616
291,629
291,633
291,639
291,650
291,666
291,756
291,846
291,961
292,324
292,329
292,332
292,343
292,345
292,347
292,363
292,372
292,373
292,380
292,387
292,421
292,432
292,441
292,461
292,468
292,474
292,486
292,488
292,501
292,518
292,523
292,565
292,570
292,584
292,587
292,637
292,638
292,644
292,654
292,666
292,701
292,710
292,729
292,748
292,776
292,788
292,811
292,842
292,862
292,879
292,886
292,887
292,895
292,919
292,921
292,928
292,937
292,981
292,989
292,994
293,360
293,364
293,374
293,380
293,391
293,400
293,405
293,425
293,426
293,617
293,633
293,661
293,734
293,755
293,791
293,826
293,830
293,885
293,888
294,371
294,459
294,524
294,549
294,550
294,573
294,658
294,675
294,789
294,867
294,984
295,298
295,304
295,314
295,322
295,327
295,354
295,355
295,374
295,397
295,402
295,406
295,409
295,429
295,443
295,450
295,469
295,483
295,520
295,525
295,533
295,549
295,552
295,554
295,558
295,561
295,570
295,582
295,583
295,590
295,606
295,611
295,633
295,652
295,655
295,661
295,663
295,666
295,674
295,678
295,679
295,682
295,699
295,733
295,761
295,763
295,768
295,779
295,785
295,806
295,817
295,820
295,825
295,836
295,873
295,887
295,909
295,917
295,919
295,922
295,966
295,988
295,992
296,333
296,347
296,408
296,410
296,429
296,442
296,457
296,483
296,485
296,497
296,511
296,550
296,563
296,572
296,578
296,585
296,603
296,703
296,731
296,839
296,922
296,926
296,929
297,305
297,317
297,333
297,337
297,342
297,354
297,373
297,377
297,410
297,413
297,417
297,453
297,483
297,512
297,517
297,518
297,520
297,521
297,543
297,545
297,569
297,572
297,595
297,606
297,622
297,629
297,630
297,635
297,647
297,653
297,656
297,664
297,702
297,714
297,729
297,743
297,762
297,771
297,795
297,809
297,819
297,826
297,830
297,835
297,836
297,862
297,867
297,868
297,875
297,904
297,906
297,928
297,933
297,934
297,941
297,951
297,998
297,999
298,320
298,339
298,341
298,346
298,416
298,470
298,475
298,481
298,491
298,517
298,536
298,540
298,597
298,607
298,613
298,619
298,622
298,633
298,647
298,660
298,671
298,690
298,699
298,733
298,738
298,752
298,782
298,813
298,853
298,884
298,889
298,917
298,919
298,946
298,950
298,965
298,966
298,967
298,979
299,317
299,353
299,374
299,478
299,518
299,519
299,565
299,588
299,598
299,642
299,662
299,689
299,699
299,713
299,748
299,759
299,769
299,777
299,778
299,788
299,799
299,822
299,825
299,867
299,890
299,923
299,931
299,965
300,317
300,404
300,429
300,445
300,453
300,517
300,559
300,576
300,624
300,716
300,755
300,788
300,885
300,940
300,994
301,346
301,382
301,414
301,444
301,473
301,509
301,531
301,538
301,549
301,597
301,611
301,619
301,624
301,655
301,658
301,721
301,806
301,812
301,820
301,830
301,831
301,847
301,850
301,936
301,963
301,976
302,332
302,344
302,399
302,424
302,451
302,634
302,710
302,713
302,761
302,765
302,770
302,784
302,850
302,857
302,968
303,341
303,345
303,363
303,407
303,411
303,425
303,448
303,450
303,476
303,490
303,500
303,506
303,554
303,584
303,603
303,620
303,631
303,637
303,646
303,682
303,690
303,726
303,755
303,757
303,767
303,776
303,784
303,789
303,804
303,808
303,809
303,819
303,834
303,890
303,895
303,955
303,967
303,980
303,996
304,312
304,313
304,316
304,320
304,335
304,347
304,378
304,422
304,426
304,433
304,436
304,437
304,454
304,457
304,461
304,482
304,490
304,494
304,502
304,546
304,581
304,592
304,609
304,617
304,620
304,623
304,637
304,660
304,662
304,673
304,683
304,688
304,690
304,698
304,699
304,705
304,726
304,754
304,763
304,776
304,801
304,813
304,819
304,823
304,855
304,859
304,877
304,878
304,902
304,903
304,905
304,912
304,920
304,934
304,966
304,967
304,975
305,316
305,339
305,341
305,369
305,372
305,375
305,405
305,420
305,424
305,436
305,455
305,479
305,480
305,495
305,521
305,529
305,559
305,562
305,569
305,570
305,585
305,608
305,612
305,615
305,625
305,626
305,631
305,667
305,680
305,762
305,767
305,771
305,772
305,835
305,851
305,882
305,886
305,895
305,933
305,958
305,976
305,980
305,988
306,310
306,404
306,412
306,457
306,489
306,504
306,506
306,563
306,571
306,613
306,614
306,620
306,638
306,651
306,659
306,695
306,701
306,781
306,804
306,815
306,817
306,856
306,874
306,881
306,895
306,905
306,906
306,919
306,927
306,987
307,308
307,332
307,335
307,360
307,374
307,402
307,419
307,420
307,480
307,496
307,514
307,527
307,565
307,576
307,619
307,627
307,629
307,655
307,799
307,814
307,820
307,880
307,894
307,895
307,938
308,312
308,320
308,350
308,364
308,393
308,404
308,410
308,426
308,453
308,461
308,465
308,512
308,528
308,556
308,567
308,580
308,637
308,653
308,664
308,713
308,716
308,741
308,806
308,866
308,868
308,885
308,887
308,890
308,925
308,941
308,944
308,962
309,325
309,373
309,436
309,448
309,485
309,509
309,662
309,677
309,704
309,766
309,776
309,810
309,857
309,886
309,892
309,909
309,910
309,919
309,947
309,954
309,964
309,976
310,339
310,386
310,391
310,408
310,410
310,466
310,486
310,498
310,503
310,543
310,572
310,584
310,600
310,662
310,708
310,715
310,723
310,727
310,786
310,809
310,880
310,910
310,949
311,329
311,340
311,372
311,378
311,385
311,389
311,408
311,423
311,444
311,454
311,483
311,510
311,541
311,553
311,588
311,590
311,620
311,624
311,663
311,666
311,681
311,688
311,710
311,752
311,759
311,779
311,802
311,814
311,820
311,824
311,838
311,861
311,862
312,316
312,317
312,320
312,364
312,367
312,370
312,392
312,410
312,423
312,452
312,453
312,471
312,492
312,494
312,556
312,610
312,627
312,636
312,645
312,664
312,681
312,732
312,812
312,838
312,846
312,861
312,868
312,883
312,919
312,955
312,966
313,344
313,364
313,387
313,407
313,413
313,415
313,419
313,433
313,457
313,521
313,546
313,607
313,624
313,629
313,650
313,706
313,708
313,710
313,736
313,742
313,752
313,791
313,819
313,826
313,835
313,903
313,919
313,934
313,939
313,955
313,966
313,973
313,979
313,980
313,993
314,316
314,318
314,339
314,341
314,345
314,351
314,354
314,408
314,485
314,500
314,511
314,512
314,513
314,588
314,644
314,719
314,759
314,766
314,776
314,777
314,853
314,858
314,883
314,885
314,894
314,956
314,966
314,977
314,996
315,320
315,329
315,336
315,339
315,345
315,355
315,387
315,388
315,402
315,403
315,410
315,464
315,470
315,479
315,488
315,497
315,503
315,508
315,548
315,570
315,571
315,575
315,596
315,618
315,637
315,644
315,653
315,655
315,700
315,734
315,754
315,762
315,814
315,826
315,827
315,829
315,861
315,880
315,888
315,895
315,921
315,940
315,941
315,975
316,329
316,376
316,381
316,389
316,406
316,419
316,449
316,467
316,471
316,552
316,567
316,587
316,608
316,613
316,619
316,660
316,701
316,710
316,717
316,740
316,783
316,798
316,803
316,882
316,894
316,897
316,908
316,937
316,944
316,950
316,957
316,962
316,978
316,979
317,349
317,389
317,394
317,401
317,423
317,452
317,485
317,501
317,505
317,507
317,509
317,543
317,547
317,551
317,560
317,563
317,565
317,573
317,580
317,598
317,602
317,645
317,647
317,659
317,702
317,763
317,786
317,792
317,793
317,812
317,816
317,819
317,849
317,868
317,891
317,915
317,916
317,953
317,957
317,987
317,993
318,377
318,402
318,455
318,492
318,512
318,521
318,620
318,670
318,699
318,702
318,717
318,727
318,729
318,732
318,735
318,738
318,762
318,807
318,808
318,809
318,831
318,844
318,851
318,856
318,871
318,902
318,920
318,957
319,321
319,325
319,332
319,340
319,399
319,400
319,420
319,473
319,493
319,542
319,558
319,565
319,618
319,624
319,679
319,787
319,803
319,827
319,911
319,921
319,978
320,333
320,339
320,356
320,368
320,372
320,376
320,415
320,419
320,421
320,437
320,445
320,488
320,509
320,513
320,518
320,521
320,527
320,544
320,619
320,663
320,675
320,689
320,737
320,747
320,789
320,817
320,820
320,821
320,827
320,838
320,845
320,847
320,851
320,872
320,877
320,917
320,921
320,955
320,959
320,979
320,999
321,337
321,343
321,361
321,365
321,369
321,403
321,418
321,436
321,458
321,462
321,468
321,549
321,587
321,589
321,606
321,613
321,619
321,638
321,652
321,664
321,671
321,676
321,689
321,739
321,743
321,804
321,839
321,861
321,913
321,928
321,955
321,987
322,323
322,336
322,341
322,353
322,402
322,415
322,419
322,439
322,467
322,477
322,479
322,489
322,492
322,514
322,522
322,523
322,583
322,622
322,661
322,667
322,668
322,675
322,689
322,711
322,713
322,735
322,784
322,829
322,861
322,863
322,886
322,935
322,950
322,988
323,332
323,372
323,387
323,420
323,421
323,425
323,526
323,589
323,617
323,662
323,668
323,706
323,734
323,752
323,795
323,817
323,831
323,863
323,894
323,911
323,938
323,942
323,959
323,965
323,970
323,986
324,341
324,365
324,381
324,397
324,415
324,425
324,476
324,478
324,523
324,547
324,550
324,551
324,584
324,586
324,604
324,612
324,617
324,689
324,732
324,740
324,778
324,833
324,834
324,849
324,879
324,950
324,975
325,330
325,386
325,459
325,472
325,525
325,568
325,631
325,644
325,747
325,748
325,783
325,850
325,852
325,896
325,911
325,926
326,345
326,359
326,372
326,380
326,398
326,402
326,413
326,415
326,434
326,450
326,453
326,484
326,488
326,518
326,522
326,524
326,571
326,596
326,612
326,618
326,625
326,637
326,646
326,660
326,684
326,697
326,702
326,713
326,741
326,790
326,819
326,824
326,828
326,836
326,844
326,868
326,878
326,919
326,939
326,960
326,968
326,981
327,333
327,354
327,358
327,391
327,407
327,412
327,428
327,446
327,452
327,467
327,487
327,489
327,539
327,579
327,590
327,612
327,618
327,636
327,645
327,650
327,661
327,664
327,681
327,698
327,716
327,726
327,733
327,764
327,781
327,820
327,854
327,892
327,906
327,930
327,944
327,954
327,974
327,995
328,428
328,486
328,499
328,532
328,609
328,641
328,675
328,685
328,707
328,766
328,775
328,778
328,780
328,797
328,927
328,928
328,955
329,337
329,349
329,351
329,359
329,370
329,386
329,413
329,419
329,420
329,455
329,456
329,463
329,467
329,476
329,479
329,485
329,529
329,553
329,583
329,624
329,625
329,639
329,683
329,699
329,717
329,736
329,780
329,861
329,866
329,872
329,876
329,879
329,888
329,900
329,907
329,945
329,979
329,983
330,339
330,342
330,345
330,360
330,397
330,433
330,452
330,467
330,505
330,509
330,562
330,565
330,568
330,570
330,576
330,577
330,578
330,625
330,636
330,713
330,726
330,733
330,759
330,768
330,775
330,797
330,801
330,821
330,830
330,839
330,906
330,930
330,943
330,952
330,967
330,979
330,989
331,344
331,351
331,360
331,367
331,387
331,391
331,402
331,404
331,407
331,429
331,475
331,476
331,490
331,500
331,518
331,566
331,580
331,616
331,642
331,652
331,655
331,675
331,690
331,704
331,727
331,732
331,796
331,812
331,814
331,847
331,884
331,887
331,894
331,900
331,915
331,941
331,951
331,955
331,958
331,963
332,336
332,344
332,346
332,416
332,425
332,447
332,452
332,465
332,467
332,471
332,530
332,537
332,544
332,575
332,587
332,628
332,663
332,680
332,686
332,752
332,765
332,777
332,802
332,880
332,884
332,885
332,890
332,893
332,894
332,897
332,908
332,930
332,936
332,947
332,949
332,984
333,368
333,388
333,420
333,436
333,449
333,464
333,477
333,509
333,515
333,577
333,585
333,590
333,608
333,616
333,625
333,660
333,675
333,698
333,714
333,762
333,778
333,804
333,813
333,821
333,826
333,831
333,832
333,835
333,851
333,856
333,862
333,868
333,879
333,883
333,919
333,936
333,939
333,950
333,957
333,964
333,977
334,339
334,343
334,346
334,369
334,404
334,494
334,561
334,567
334,616
334,617
334,626
334,677
334,758
334,760
334,768
334,772
334,814
334,825
334,866
334,927
334,936
334,942
334,984
335,339
335,357
335,362
335,367
335,408
335,432
335,456
335,457
335,503
335,538
335,546
335,562
335,578
335,597
335,616
335,650
335,678
335,690
335,723
335,724
335,735
335,793
335,809
335,839
335,861
335,876
335,894
335,896
335,908
335,926
335,931
335,951
335,985
335,988
336,353
336,355
336,363
336,372
336,377
336,396
336,531
336,550
336,560
336,577
336,625
336,655
336,697
336,748
336,754
336,804
336,815
336,838
336,851
336,853
336,879
336,881
336,887
336,897
336,900
336,928
336,945
336,950
336,981
337,339
337,392
337,395
337,417
337,570
337,571
337,584
337,624
337,630
337,641
337,688
337,696
337,700
337,707
337,717
337,735
337,754
337,756
337,769
337,779
337,814
337,821
337,826
337,834
337,943
337,963
337,971
337,981
337,989
338,341
338,342
338,349
338,362
338,383
338,444
338,468
338,487
338,496
338,514
338,542
338,570
338,575
338,594
338,600
338,655
338,711
338,764
338,769
338,787
338,800
338,843
338,853
338,858
338,881
338,897
338,908
338,911
338,958
338,961
339,350
339,365
339,393
339,398
339,434
339,461
339,475
339,503
339,504
339,508
339,521
339,554
339,561
339,563
339,564
339,598
339,622
339,633
339,637
339,646
339,655
339,664
339,669
339,676
339,684
339,732
339,747
339,785
339,801
339,803
339,817
339,819
339,830
339,836
339,873
339,877
339,879
339,889
339,902
339,922
339,928
339,935
339,953
339,966
339,999
340,349
340,357
340,376
340,391
340,407
340,411
340,413
340,455
340,463
340,465
340,488
340,518
340,524
340,534
340,551
340,567
340,569
340,597
340,610
340,631
340,642
340,650
340,739
340,752
340,767
340,785
340,800
340,808
340,846
340,854
340,879
340,883
340,884
340,902
340,916
340,923
340,925
340,959
340,973
340,997
341,346
341,356
341,412
341,417
341,426
341,434
341,467
341,485
341,496
341,531
341,560
341,566
341,576
341,578
341,609
341,629
341,634
341,670
341,673
341,690
341,732
341,734
341,755
341,761
341,774
341,778
341,780
341,853
341,855
341,857
341,881
341,889
341,897
341,957
341,993
342,351
342,355
342,366
342,374
342,388
342,419
342,467
342,487
342,504
342,516
342,525
342,529
342,552
342,560
342,567
342,575
342,595
342,625
342,635
342,641
342,653
342,675
342,676
342,712
342,738
342,747
342,762
342,765
342,768
342,773
342,782
342,789
342,803
342,806
342,821
342,825
342,827
342,832
342,838
342,839
342,844
342,851
342,855
342,889
342,903
342,928
342,946
342,952
342,973
342,992
343,353
343,380
343,402
343,409
343,422
343,453
343,471
343,479
343,492
343,521
343,523
343,537
343,572
343,592
343,612
343,617
343,620
343,657
343,714
343,720
343,742
343,751
343,804
343,817
343,819
343,820
343,822
343,856
343,887
343,894
343,933
343,940
343,941
343,946
343,954
343,955
343,976
343,977
344,457
344,470
344,490
344,506
344,509
344,511
344,515
344,583
344,604
344,636
344,717
344,745
344,749
344,757
344,763
344,794
344,806
344,832
344,871
344,905
344,952
344,975
344,987
344,988
344,989
344,996
345,372
345,382
345,388
345,402
345,409
345,410
345,436
345,442
345,445
345,465
345,535
345,548
345,584
345,602
345,659
345,682
345,689
345,710
345,722
345,734
345,739
345,753
345,767
345,821
345,823
345,852
345,890
345,915
345,952
345,975
345,994
345,996
346,363
346,429
346,440
346,481
346,496
346,538
346,565
346,580
346,613
346,622
346,689
346,710
346,719
346,765
346,766
346,772
346,805
346,822
346,853
346,867
346,921
346,952
346,953
347,359
347,365
347,374
347,376
347,416
347,425
347,435
347,440
347,441
347,467
347,511
347,534
347,540
347,559
347,565
347,595
347,610
347,636
347,652
347,672
347,709
347,756
347,758
347,760
347,894
347,911
347,920
347,943
347,944
347,959
347,973
347,974
348,372
348,377
348,393
348,400
348,418
348,503
348,546
348,554
348,582
348,607
348,617
348,671
348,687
348,764
348,806
348,828
348,833
348,851
348,899
348,917
348,952
348,957
349,377
349,379
349,389
349,410
349,412
349,419
349,423
349,456
349,467
349,495
349,511
349,522
349,532
349,541
349,556
349,567
349,580
349,587
349,601
349,617
349,633
349,646
349,651
349,653
349,663
349,666
349,671
349,676
349,691
349,696
349,710
349,718
349,721
349,732
349,751
349,759
349,761
349,769
349,805
349,848
349,858
349,868
349,873
349,881
349,933
349,951
349,952
349,973
350,363
350,370
350,386
350,402
350,453
350,480
350,616
350,638
350,651
350,659
350,697
350,807
350,809
350,822
350,830
350,929
350,936
350,959
350,963
350,996
351,364
351,380
351,381
351,391
351,393
351,409
351,435
351,467
351,470
351,504
351,529
351,554
351,577
351,580
351,623
351,656
351,675
351,690
351,727
351,743
351,767
351,771
351,803
351,806
351,809
351,822
351,839
351,847
351,851
351,881
351,910
351,946
351,951
351,952
351,987
351,988
352,364
352,387
352,421
352,426
352,531
352,532
352,567
352,572
352,579
352,597
352,651
352,666
352,730
352,733
352,742
352,768
352,802
352,830
352,889
352,899
352,910
352,935
352,946
352,980
353,360
353,362
353,370
353,399
353,424
353,440
353,457
353,470
353,475
353,483
353,511
353,524
353,546
353,548
353,556
353,557
353,655
353,669
353,674
353,710
353,722
353,726
353,727
353,732
353,745
353,749
353,762
353,778
353,789
353,820
353,857
353,873
353,885
353,894
353,898
353,899
353,913
353,966
353,973
354,375
354,399
354,401
354,445
354,541
354,549
354,555
354,577
354,617
354,622
354,624
354,651
354,718
354,736
354,795
354,799
354,927
354,933
354,995
354,998
355,505
355,517
355,562
355,572
355,608
355,625
355,675
355,678
355,713
355,714
355,786
355,808
355,824
355,860
355,863
355,883
355,919
355,948
355,955
355,968
355,979
356,369
356,393
356,425
356,500
356,549
356,576
356,614
356,639
356,642
356,676
356,719
356,767
356,784
356,799
356,803
356,855
356,862
356,882
356,885
356,888
356,890
356,905
356,950
356,974
356,975
357,381
357,421
357,425
357,434
357,442
357,461
357,465
357,486
357,494
357,499
357,514
357,517
357,524
357,541
357,547
357,561
357,562
357,596
357,609
357,646
357,652
357,664
357,686
357,711
357,717
357,724
357,776
357,798
357,805
357,812
357,817
357,856
357,862
357,868
357,885
357,890
357,891
357,905
357,920
357,926
357,939
357,944
357,956
357,965
357,974
358,363
358,398
358,408
358,445
358,460
358,510
358,560
358,606
358,650
358,663
358,683
358,693
358,715
358,729
358,793
358,810
358,889
358,890
358,908
358,928
358,934
358,971
359,360
359,365
359,368
359,369
359,374
359,378
359,388
359,398
359,399
359,408
359,426
359,433
359,436
359,449
359,450
359,455
359,484
359,490
359,493
359,501
359,520
359,541
359,543
359,552
359,570
359,626
359,650
359,653
359,655
359,693
359,699
359,737
359,745
359,771
359,782
359,796
359,831
359,838
359,841
359,861
359,875
359,877
359,885
359,894
359,900
359,908
359,938
359,941
359,950
359,955
359,959
359,976
360,362
360,363
360,368
360,374
360,376
360,380
360,391
360,393
360,409
360,416
360,418
360,433
360,437
360,438
360,440
360,449
360,461
360,475
360,477
360,479
360,482
360,489
360,496
360,500
360,501
360,513
360,514
360,515
360,523
360,529
360,548
360,558
360,560
360,577
360,589
360,590
360,598
360,599
360,614
360,627
360,630
360,637
360,641
360,655
360,656
360,661
360,662
360,664
360,691
360,717
360,782
360,794
360,808
360,819
360,827
360,830
360,831
360,918
360,920
360,936
360,941
360,945
360,948
360,951
360,953
360,957
360,958
360,966
360,983
360,988
361,482
361,584
361,599
361,613
361,615
361,631
361,652
361,721
361,803
361,814
361,857
361,875
361,883
361,902
361,903
361,965
361,968
362,372
362,373
362,420
362,426
362,429
362,433
362,468
362,519
362,571
362,591
362,608
362,627
362,637
362,668
362,721
362,724
362,733
362,735
362,738
362,750
362,756
362,777
362,806
362,811
362,817
362,820
362,850
362,851
362,864
362,888
362,889
362,895
362,918
362,936
362,944
362,954
362,983
363,393
363,396
363,412
363,421
363,428
363,432
363,461
363,467
363,470
363,477
363,488
363,505
363,509
363,566
363,590
363,595
363,600
363,615
363,619
363,627
363,655
363,664
363,667
363,683
363,689
363,701
363,712
363,734
363,739
363,803
363,806
363,827
363,835
363,844
363,851
363,861
363,862
363,870
363,871
363,874
363,876
363,878
363,895
363,907
363,925
363,931
363,934
363,941
363,953
363,957
363,965
363,968
363,979
363,983
364,380
364,386
364,393
364,404
364,417
364,512
364,520
364,523
364,529
364,532
364,533
364,534
364,535
364,541
364,553
364,579
364,591
364,613
364,625
364,637
364,646
364,675
364,689
364,712
364,740
364,769
364,775
364,778
364,780
364,783
364,795
364,821
364,827
364,850
364,876
364,936
364,950
364,962
364,973
364,979
364,988
365,371
365,375
365,379
365,390
365,459
365,467
365,473
365,491
365,506
365,521
365,535
365,538
365,609
365,612
365,636
365,659
365,665
365,707
365,747
365,763
365,811
365,825
365,828
365,834
365,881
365,888
365,914
365,942
365,945
365,976
365,980
366,367
366,419
366,432
366,448
366,483
366,490
366,538
366,590
366,600
366,631
366,645
366,652
366,653
366,656
366,698
366,699
366,714
366,725
366,726
366,735
366,782
366,799
366,805
366,827
366,838
366,841
366,853
366,879
366,884
366,885
366,933
366,946
366,963
367,370
367,371
367,374
367,387
367,425
367,515
367,551
367,556
367,580
367,601
367,612
367,637
367,714
367,727
367,764
367,770
367,780
367,781
367,782
367,789
367,800
367,861
367,887
367,925
367,933
367,942
367,970
368,372
368,377
368,384
368,396
368,409
368,413
368,420
368,430
368,437
368,504
368,506
368,509
368,520
368,526
368,529
368,564
368,580
368,585
368,603
368,625
368,631
368,642
368,650
368,663
368,740
368,749
368,785
368,795
368,800
368,832
368,834
368,838
368,864
368,872
368,874
368,882
368,900
368,928
368,934
368,956
368,959
368,966
368,985
368,993
368,998
369,406
369,419
369,450
369,484
369,493
369,581
369,583
369,641
369,646
369,668
369,673
369,704
369,727
369,838
369,859
369,865
369,890
369,961
369,979
369,985
370,379
370,479
370,558
370,571
370,585
370,626
370,641
370,678
370,744
370,802
370,852
370,876
370,881
370,894
370,943
370,944
371,389
371,391
371,394
371,458
371,469
371,472
371,475
371,496
371,562
371,607
371,624
371,645
371,648
371,655
371,659
371,680
371,682
371,695
371,699
371,706
371,748
371,756
371,797
371,811
371,834
371,850
371,866
371,879
371,880
371,882
371,883
371,912
371,918
371,929
371,937
371,957
372,383
372,391
372,398
372,425
372,444
372,477
372,480
372,486
372,501
372,507
372,529
372,568
372,572
372,575
372,618
372,620
372,646
372,682
372,689
372,742
372,853
372,868
372,876
372,879
372,900
372,906
372,948
372,988
372,993
373,376
373,386
373,425
373,433
373,448
373,485
373,526
373,533
373,545
373,555
373,584
373,618
373,673
373,675
373,677
373,689
373,701
373,734
373,745
373,764
373,765
373,809
373,846
373,864
373,871
373,940
373,976
374,381
374,382
374,386
374,389
374,407
374,449
374,457
374,481
374,493
374,515
374,526
374,527
374,529
374,559
374,562
374,584
374,607
374,614
374,617
374,618
374,619
374,624
374,640
374,666
374,713
374,716
374,738
374,740
374,759
374,785
374,798
374,832
374,863
374,879
374,919
374,928
374,930
374,940
374,960
374,966
374,976
374,978
374,994
375,434
375,446
375,460
375,474
375,475
375,603
375,755
375,784
375,808
375,857
375,888
375,897
375,929
376,379
376,494
376,501
376,516
376,587
376,597
376,604
376,609
376,613
376,623
376,629
376,651
376,652
376,664
376,670
376,688
376,707
376,750
376,795
376,819
376,837
376,874
376,877
376,918
376,927
377,417
377,420
377,421
377,432
377,446
377,449
377,467
377,484
377,543
377,568
377,585
377,600
377,622
377,653
377,673
377,676
377,689
377,738
377,745
377,750
377,767
377,772
377,789
377,803
377,808
377,820
377,831
377,832
377,881
377,888
377,889
377,906
377,931
377,933
377,953
377,960
377,975
377,983
378,386
378,388
378,412
378,446
378,448
378,464
378,480
378,498
378,513
378,570
378,624
378,639
378,705
378,747
378,779
378,812
378,815
378,819
378,842
378,861
378,862
378,906
378,920
378,921
378,927
378,954
378,985
378,994
379,410
379,497
379,518
379,602
379,629
379,646
379,740
379,785
379,810
379,832
379,835
379,836
379,872
379,873
379,903
379,906
379,934
379,943
379,970
380,386
380,390
380,394
380,411
380,417
380,418
380,437
380,440
380,467
380,484
380,486
380,518
380,526
380,540
380,552
380,571
380,585
380,592
380,620
380,624
380,631
380,641
380,654
380,676
380,680
380,717
380,735
380,762
380,777
380,812
380,827
380,839
380,862
380,868
380,876
380,879
380,887
380,888
380,889
380,908
380,934
380,940
380,946
380,975
381,393
381,441
381,453
381,454
381,521
381,524
381,569
381,583
381,601
381,638
381,726
381,765
381,825
381,835
381,841
381,846
381,858
381,864
381,880
381,924
382,407
382,408
382,420
382,457
382,490
382,497
382,616
382,639
382,681
382,689
382,707
382,743
382,824
382,919
382,929
382,930
382,933
382,939
382,971
382,976
383,448
383,504
383,518
383,528
383,536
383,572
383,600
383,617
383,672
383,724
383,757
383,768
383,817
383,844
383,911
383,925
383,934
383,954
383,960
384,481
384,561
384,566
384,569
384,596
384,794
384,821
384,826
384,827
384,855
384,887
384,935
384,942
384,954
385,414
385,423
385,464
385,530
385,542
385,575
385,590
385,673
385,685
385,693
385,703
385,744
385,755
385,828
385,858
385,877
386,417
386,420
386,449
386,450
386,479
386,488
386,509
386,516
386,532
386,559
386,585
386,592
386,612
386,614
386,618
386,619
386,622
386,633
386,647
386,650
386,653
386,665
386,675
386,681
386,690
386,701
386,734
386,756
386,760
386,761
386,762
386,775
386,777
386,785
386,819
386,832
386,835
386,864
386,872
386,874
386,878
386,897
386,902
386,912
386,914
386,933
386,952
386,960
386,967
386,973
386,979
387,404
387,405
387,427
387,477
387,518
387,584
387,589
387,622
387,632
387,643
387,656
387,668
387,680
387,689
387,708
387,741
387,770
387,789
387,817
387,872
387,915
387,944
387,966
387,981
388,392
388,431
388,456
388,532
388,547
388,617
388,638
388,646
388,662
388,697
388,776
388,793
388,797
388,886
388,890
388,906
388,930
388,943
388,981
389,393
389,402
389,422
389,439
389,444
389,464
389,469
389,474
389,491
389,497
389,533
389,577
389,600
389,614
389,629
389,637
389,656
389,663
389,674
389,689
389,700
389,712
389,715
389,716
389,732
389,768
389,771
389,780
389,786
389,820
389,823
389,863
389,875
389,913
389,916
389,926
389,944
389,948
389,958
390,394
390,413
390,420
390,436
390,477
390,516
390,623
390,640
390,689
390,694
390,703
390,721
390,730
390,758
390,760
390,770
390,778
390,804
390,927
390,954
390,966
391,399
391,402
391,403
391,426
391,429
391,436
391,437
391,455
391,462
391,468
391,474
391,497
391,529
391,539
391,543
391,548
391,553
391,554
391,565
391,575
391,577
391,581
391,593
391,622
391,688
391,712
391,717
391,726
391,733
391,747
391,769
391,787
391,814
391,831
391,854
391,864
391,887
391,900
391,919
391,946
391,981
392,450
392,458
392,471
392,498
392,512
392,537
392,602
392,649
392,652
392,662
392,678
392,681
392,740
392,749
392,795
392,820
392,970
393,419
393,420
393,425
393,426
393,427
393,432
393,436
393,455
393,463
393,467
393,477
393,486
393,490
393,492
393,501
393,515
393,548
393,592
393,633
393,653
393,717
393,737
393,747
393,772
393,781
393,809
393,839
393,882
393,889
393,902
393,918
393,940
393,943
393,957
393,972
393,984
393,987
394,425
394,447
394,499
394,533
394,584
394,718
394,765
394,766
394,828
394,836
394,878
394,914
394,950
395,423
395,479
395,502
395,592
395,606
395,645
395,649
395,746
395,818
395,845
395,862
395,878
395,944
396,407
396,449
396,451
396,601
396,609
396,616
396,623
396,643
396,791
396,792
396,828
396,865
396,908
396,922
396,958
396,980
397,454
397,462
397,478
397,492
397,511
397,560
397,561
397,578
397,644
397,659
397,695
397,780
397,803
397,852
397,856
397,873
397,887
397,943
397,945
397,983
397,989
398,418
398,444
398,471
398,476
398,480
398,514
398,518
398,557
398,560
398,567
398,572
398,612
398,689
398,710
398,737
398,748
398,832
398,834
398,839
398,889
398,900
398,917
398,919
398,922
398,933
398,943
398,954
398,972
398,981
398,991
399,413
399,423
399,483
399,513
399,520
399,524
399,543
399,556
399,564
399,570
399,609
399,610
399,626
399,627
399,686
399,698
399,707
399,715
399,718
399,723
399,743
399,744
399,807
399,825
399,828
399,885
399,904
399,910
399,911
399,955
399,989
400,421
400,428
400,458
400,510
400,550
400,552
400,593
400,595
400,624
400,632
400,641
400,652
400,678
400,715
400,733
400,764
400,790
400,807
400,817
400,820
400,866
400,906
400,913
400,922
400,963
400,964
401,408
401,417
401,425
401,434
401,474
401,503
401,504
401,508
401,543
401,568
401,574
401,580
401,623
401,656
401,711
401,752
401,793
401,940
401,944
401,956
402,409
402,415
402,419
402,423
402,427
402,449
402,460
402,461
402,532
402,541
402,552
402,566
402,572
402,578
402,600
402,609
402,636
402,642
402,689
402,691
402,701
402,722
402,733
402,734
402,772
402,803
402,804
402,808
402,825
402,826
402,831
402,853
402,877
402,891
402,902
402,905
402,919
402,957
402,965
402,987
403,425
403,426
403,435
403,541
403,560
403,563
403,566
403,570
403,580
403,602
403,638
403,647
403,657
403,680
403,714
403,742
403,772
403,776
403,777
403,911
403,922
403,966
403,978
403,995
404,408
404,413
404,417
404,433
404,435
404,453
404,464
404,475
404,479
404,497
404,525
404,529
404,560
404,561
404,588
404,592
404,609
404,619
404,624
404,629
404,657
404,681
404,682
404,684
404,693
404,701
404,710
404,716
404,719
404,720
404,724
404,726
404,729
404,740
404,745
404,754
404,765
404,806
404,813
404,825
404,829
404,831
404,835
404,839
404,854
404,862
404,864
404,882
404,885
404,902
404,946
404,947
405,410
405,432
405,504
405,527
405,568
405,584
405,596
405,724
405,732
405,747
405,748
405,782
405,835
405,839
405,852
405,863
405,868
405,889
405,911
405,912
405,916
405,948
405,957
405,966
405,998
406,410
406,431
406,478
406,617
406,676
406,728
406,750
406,779
406,792
406,801
406,810
406,884
406,887
406,902
406,935
406,943
406,981
407,443
407,454
407,474
407,503
407,512
407,539
407,549
407,604
407,609
407,631
407,636
407,642
407,655
407,674
407,686
407,743
407,745
407,772
407,799
407,814
407,839
407,866
407,868
407,874
407,910
407,922
407,936
407,990
407,995
408,420
408,431
408,443
408,468
408,483
408,497
408,528
408,540
408,554
408,578
408,587
408,647
408,668
408,681
408,688
408,689
408,746
408,784
408,838
408,841
408,843
408,876
408,883
408,908
408,946
408,972
408,991
408,993
409,437
409,455
409,463
409,486
409,501
409,504
409,505
409,518
409,529
409,543
409,553
409,554
409,611
409,619
409,625
409,627
409,653
409,656
409,689
409,692
409,704
409,712
409,736
409,738
409,739
409,743
409,768
409,772
409,776
409,777
409,789
409,839
409,851
409,900
409,911
409,934
409,941
409,944
409,947
409,951
409,956
409,957
409,966
409,988
409,997
410,414
410,429
410,431
410,436
410,454
410,463
410,464
410,467
410,486
410,488
410,492
410,504
410,516
410,519
410,525
410,533
410,537
410,543
410,569
410,571
410,586
410,602
410,619
410,620
410,624
410,626
410,653
410,672
410,676
410,682
410,689
410,727
410,738
410,755
410,756
410,767
410,769
410,773
410,774
410,778
410,779
410,781
410,798
410,800
410,809
410,821
410,823
410,837
410,889
410,893
410,916
410,934
410,936
410,943
410,944
410,950
410,975
410,976
410,981
411,422
411,425
411,449
411,468
411,482
411,486
411,491
411,500
411,501
411,503
411,524
411,572
411,613
411,619
411,624
411,675
411,726
411,732
411,737
411,742
411,792
411,888
411,911
411,916
411,974
411,985
412,413
412,449
412,455
412,467
412,477
412,479
412,486
412,493
412,508
412,532
412,558
412,560
412,583
412,641
412,737
412,747
412,787
412,806
412,815
412,817
412,820
412,821
412,825
412,826
412,835
412,856
412,875
412,889
412,890
412,899
412,919
412,928
412,976
413,425
413,442
413,461
413,486
413,490
413,500
413,513
413,525
413,540
413,546
413,554
413,585
413,590
413,598
413,627
413,642
413,646
413,712
413,717
413,727
413,732
413,737
413,809
413,827
413,834
413,873
413,879
413,880
413,919
413,934
413,946
413,951
413,953
413,956
413,997
414,453
414,468
414,555
414,571
414,583
414,590
414,608
414,632
414,660
414,667
414,692
414,740
414,843
414,870
414,933
414,953
414,966
414,985
414,999
415,418
415,420
415,424
415,438
415,446
415,490
415,524
415,532
415,582
415,603
415,729
415,745
415,748
415,764
415,772
415,789
415,803
415,806
415,820
415,835
415,860
415,878
415,881
415,882
415,883
415,886
415,896
415,906
415,964
415,976
415,980
415,993
416,542
416,556
416,594
416,666
416,675
416,701
416,708
416,721
416,745
416,757
416,770
416,774
416,779
416,816
416,864
416,869
416,880
416,884
416,910
416,935
416,944
416,949
416,964
416,970
416,971
417,449
417,470
417,487
417,503
417,514
417,520
417,541
417,548
417,659
417,675
417,676
417,681
417,699
417,705
417,775
417,814
417,830
417,841
417,844
417,853
417,866
417,880
417,933
417,950
417,957
417,966
417,974
417,976
417,995
418,432
418,440
418,463
418,484
418,486
418,524
418,543
418,548
418,567
418,571
418,577
418,582
418,599
418,615
418,618
418,625
418,626
418,631
418,651
418,653
418,681
418,683
418,689
418,704
418,738
418,743
418,771
418,807
418,809
418,820
418,827
418,831
418,849
418,853
418,855
418,861
418,866
418,870
418,910
418,915
418,928
418,933
418,936
418,946
418,952
419,428
419,432
419,463
419,465
419,470
419,486
419,521
419,523
419,534
419,541
419,549
419,554
419,558
419,578
419,602
419,609
419,619
419,620
419,622
419,626
419,631
419,642
419,653
419,663
419,664
419,690
419,692
419,696
419,721
419,735
419,739
419,743
419,747
419,754
419,756
419,761
419,768
419,778
419,787
419,789
419,808
419,817
419,819
419,828
419,829
419,831
419,836
419,839
419,859
419,863
419,886
419,889
419,900
419,907
419,916
419,953
419,955
419,958
419,960
419,966
419,969
419,971
419,973
419,980
419,981
420,425
420,437
420,467
420,469
420,508
420,509
420,516
420,525
420,577
420,578
420,590
420,601
420,624
420,631
420,639
420,676
420,682
420,701
420,708
420,709
420,717
420,726
420,748
420,771
420,799
420,825
420,831
420,856
420,865
420,868
420,870
420,877
420,879
420,895
420,907
420,936
420,944
420,959
420,976
420,984
420,995
421,498
421,567
421,577
421,607
421,653
421,719
421,753
421,776
421,778
421,802
421,808
421,810
421,820
421,872
421,884
421,889
421,913
421,960
421,989
422,428
422,434
422,437
422,449
422,479
422,493
422,494
422,578
422,687
422,729
422,756
422,758
422,760
422,773
422,818
422,839
422,861
422,869
422,875
422,877
422,890
422,897
422,916
422,919
422,974
422,994
423,442
423,464
423,496
423,599
423,600
423,604
423,616
423,683
423,693
423,718
423,752
423,758
423,769
423,810
423,817
423,843
423,863
423,871
423,930
423,949
424,446
424,461
424,548
424,559
424,582
424,617
424,627
424,629
424,633
424,663
424,668
424,691
424,703
424,719
424,725
424,758
424,765
424,768
424,772
424,889
424,906
424,908
424,960
424,965
424,988
425,453
425,457
425,471
425,487
425,509
425,541
425,545
425,562
425,590
425,602
425,604
425,615
425,616
425,630
425,644
425,654
425,674
425,682
425,688
425,697
425,702
425,713
425,751
425,773
425,774
425,783
425,809
425,810
425,815
425,820
425,830
425,835
425,850
425,857
425,894
425,910
425,914
425,926
425,932
425,937
425,939
425,944
425,956
425,966
425,971
426,429
426,434
426,485
426,549
426,558
426,566
426,573
426,619
426,621
426,690
426,736
426,809
426,816
426,820
426,833
426,835
426,847
426,862
426,890
426,891
426,909
426,912
426,939
426,953
426,954
426,966
426,980
426,998
427,433
427,436
427,458
427,490
427,499
427,565
427,566
427,569
427,581
427,599
427,609
427,610
427,616
427,653
427,682
427,697
427,734
427,776
427,836
427,843
427,847
427,875
427,889
427,922
427,931
427,952
427,974
427,979
428,435
428,461
428,480
428,489
428,491
428,561
428,590
428,621
428,641
428,699
428,734
428,743
428,744
428,821
428,823
428,870
428,954
428,987
429,481
429,504
429,520
429,527
429,528
429,549
429,558
429,561
429,565
429,584
429,588
429,615
429,636
429,653
429,656
429,705
429,732
429,748
429,788
429,799
429,801
429,847
429,855
429,866
429,889
429,989
430,467
430,475
430,504
430,509
430,510
430,513
430,521
430,554
430,592
430,601
430,607
430,608
430,626
430,631
430,637
430,646
430,714
430,734
430,752
430,768
430,782
430,783
430,809
430,850
430,853
430,858
430,889
430,940
430,946
430,958
430,981
431,441
431,485
431,489
431,515
431,519
431,553
431,570
431,575
431,593
431,623
431,624
431,633
431,644
431,744
431,745
431,752
431,754
431,761
431,773
431,800
431,804
431,814
431,820
431,839
431,861
431,890
431,936
431,945
431,976
431,981
432,477
432,492
432,497
432,553
432,566
432,597
432,598
432,642
432,683
432,690
432,740
432,745
432,758
432,793
432,845
432,886
432,934
432,936
432,957
432,995
433,446
433,455
433,456
433,474
433,491
433,504
433,511
433,514
433,520
433,527
433,560
433,571
433,594
433,604
433,624
433,631
433,637
433,647
433,689
433,694
433,701
433,709
433,712
433,718
433,732
433,762
433,778
433,808
433,864
433,867
433,868
433,871
433,881
433,900
433,944
433,950
434,487
434,490
434,509
434,588
434,637
434,664
434,713
434,789
434,864
434,894
434,919
434,930
434,949
434,952
434,954
434,963
435,441
435,471
435,480
435,484
435,506
435,540
435,619
435,621
435,623
435,631
435,638
435,704
435,752
435,853
435,857
435,858
435,890
435,900
435,946
435,970
435,978
435,994
436,437
436,440
436,444
436,476
436,490
436,504
436,551
436,566
436,571
436,578
436,580
436,584
436,595
436,599
436,610
436,642
436,650
436,654
436,663
436,670
436,673
436,697
436,708
436,725
436,726
436,740
436,778
436,783
436,803
436,806
436,812
436,826
436,866
436,868
436,879
436,888
436,917
436,930
436,934
436,936
436,950
436,952
436,963
436,981
436,988
436,995
437,451
437,461
437,483
437,488
437,504
437,521
437,554
437,568
437,584
437,599
437,634
437,638
437,641
437,663
437,664
437,680
437,681
437,689
437,697
437,701
437,745
437,762
437,789
437,790
437,826
437,830
437,831
437,841
437,872
437,876
437,943
437,944
437,988
438,457
438,585
438,615
438,643
438,661
438,666
438,690
438,738
438,742
438,775
438,861
438,906
438,914
438,936
439,529
439,569
439,603
439,643
439,667
439,690
439,704
439,714
439,716
439,725
439,772
439,787
439,803
439,815
439,855
439,866
439,877
439,885
439,913
439,952
440,462
440,498
440,523
440,583
440,602
440,635
440,707
440,714
440,860
440,873
440,946
440,952
440,965
441,470
441,479
441,493
441,542
441,558
441,572
441,579
441,584
441,615
441,618
441,807
441,880
441,893
441,897
441,919
441,985
442,538
442,632
442,652
442,666
442,690
442,720
442,770
442,793
442,878
443,539
443,584
443,594
443,722
443,810
443,833
444,447
444,455
444,512
444,552
444,577
444,615
444,642
444,654
444,674
444,715
444,717
444,745
444,778
444,800
444,808
444,838
444,861
444,869
444,875
444,880
444,884
444,885
444,925
444,930
444,940
444,951
444,959
445,463
445,490
445,506
445,541
445,568
445,586
445,616
445,675
445,729
445,732
445,747
445,810
445,889
445,956
446,480
446,509
446,525
446,546
446,581
446,651
446,667
446,680
446,761
446,894
446,898
446,936
447,450
447,467
447,481
447,488
447,493
447,496
447,516
447,520
447,524
447,532
447,539
447,561
447,583
447,584
447,595
447,615
447,633
447,650
447,689
447,708
447,745
447,787
447,793
447,803
447,811
447,812
447,846
447,877
447,894
447,895
447,913
447,922
448,536
448,588
448,617
448,765
448,885
448,954
448,978
448,982
449,451
449,454
449,467
449,474
449,508
449,514
449,518
449,536
449,538
449,539
449,554
449,556
449,569
449,571
449,596
449,618
449,633
449,646
449,657
449,675
449,697
449,700
449,706
449,731
449,739
449,792
449,810
449,823
449,826
449,831
449,856
449,865
449,891
449,910
449,950
450,456
450,477
450,479
450,492
450,508
450,532
450,540
450,549
450,577
450,608
450,667
450,674
450,732
450,785
450,837
450,841
450,852
450,855
450,876
450,879
450,892
450,911
450,953
450,957
450,960
450,966
450,975
450,977
451,470
451,474
451,481
451,484
451,501
451,507
451,517
451,602
451,608
451,609
451,663
451,687
451,700
451,774
451,821
451,827
451,830
451,833
451,854
451,861
451,865
451,883
451,900
451,945
451,957
451,963
451,978
451,995
452,594
452,599
452,618
452,624
452,685
452,701
452,730
452,763
452,783
452,998
453,457
453,500
453,509
453,515
453,519
453,536
453,538
453,541
453,542
453,569
453,577
453,585
453,630
453,682
453,730
453,764
453,799
453,815
453,820
453,826
453,851
453,880
453,903
453,920
454,475
454,493
454,552
454,554
454,601
454,612
454,626
454,639
454,657
454,720
454,769
454,782
454,837
454,840
454,844
454,849
454,906
454,944
455,467
455,483
455,491
455,509
455,513
455,553
455,610
455,626
455,666
455,701
455,751
455,788
455,809
455,820
455,825
455,835
455,838
455,857
455,881
455,918
455,953
455,972
455,993
455,995
456,498
456,501
456,517
456,531
456,532
456,548
456,554
456,571
456,594
456,595
456,603
456,610
456,613
456,618
456,642
456,647
456,653
456,701
456,709
456,727
456,739
456,742
456,745
456,750
456,752
456,782
456,828
456,829
456,833
456,834
456,835
456,851
456,868
456,889
456,890
456,899
456,928
456,951
456,954
457,470
457,478
457,479
457,484
457,489
457,494
457,495
457,506
457,547
457,550
457,604
457,608
457,610
457,629
457,637
457,670
457,707
457,715
457,728
457,743
457,775
457,781
457,810
457,819
457,837
457,839
457,841
457,862
457,914
457,915
457,930
457,931
457,942
457,948
457,951
457,961
458,486
458,487
458,545
458,574
458,630
458,644
458,664
458,707
458,709
458,758
458,786
458,800
458,812
458,820
458,865
458,949
458,956
458,988
459,495
459,563
459,569
459,603
459,606
459,620
459,633
459,654
459,666
459,710
459,720
459,874
459,890
459,898
459,921
459,935
460,466
460,480
460,525
460,593
460,641
460,707
460,710
460,752
460,812
460,814
460,941
460,946
460,959
460,985
460,999
461,490
461,493
461,499
461,532
461,558
461,570
461,584
461,615
461,629
461,637
461,646
461,661
461,663
461,670
461,689
461,708
461,710
461,726
461,727
461,738
461,743
461,748
461,761
461,762
461,773
461,783
461,804
461,809
461,823
461,852
461,873
461,917
461,934
461,940
461,944
461,957
461,974
461,987
462,558
462,566
462,569
462,584
462,622
462,697
462,701
462,709
462,720
462,750
462,768
462,831
462,876
462,880
462,891
462,896
462,923
462,944
462,955
462,975
463,535
463,582
463,590
463,600
463,611
463,617
463,628
463,676
463,680
463,689
463,699
463,733
463,745
463,782
463,820
463,825
463,850
463,853
463,857
463,862
463,890
463,906
463,909
463,939
463,953
463,969
463,985
464,486
464,493
464,520
464,549
464,555
464,575
464,605
464,636
464,641
464,675
464,714
464,721
464,777
464,857
464,877
464,885
464,916
464,917
464,950
464,955
464,989
465,518
465,708
465,795
465,810
465,873
465,929
465,940
465,947
465,953
465,958
465,962
465,985
466,476
466,540
466,566
466,589
466,642
466,651
466,667
466,691
466,693
466,791
466,816
466,834
466,844
466,868
466,923
466,930
466,939
466,957
466,968
466,970
466,981
466,991
467,468
467,471
467,490
467,508
467,513
467,520
467,529
467,551
467,570
467,596
467,603
467,618
467,627
467,631
467,637
467,641
467,642
467,650
467,689
467,699
467,702
467,724
467,760
467,771
467,777
467,782
467,815
467,819
467,821
467,825
467,827
467,853
467,857
467,876
467,879
467,908
467,916
467,937
467,940
467,952
467,953
467,978
467,985
468,470
468,475
468,540
468,541
468,582
468,603
468,608
468,610
468,622
468,628
468,631
468,640
468,650
468,699
468,702
468,717
468,768
468,846
468,890
468,902
468,911
468,929
468,930
468,941
468,952
468,966
468,997
469,495
469,567
469,603
469,711
469,722
469,775
469,788
469,850
469,856
469,878
469,881
469,903
469,913
469,922
469,975
470,478
470,522
470,543
470,560
470,584
470,633
470,660
470,661
470,712
470,717
470,734
470,782
470,801
470,819
470,866
470,867
470,879
470,882
470,898
470,903
470,925
470,937
470,951
470,953
470,963
470,965
470,987
471,503
471,525
471,551
471,581
471,632
471,670
471,699
471,718
471,759
471,780
471,881
471,882
471,907
471,925
471,938
471,961
471,983
471,988
471,991
472,488
472,543
472,577
472,594
472,604
472,639
472,656
472,669
472,704
472,714
472,726
472,759
472,797
472,805
472,840
472,846
472,889
472,922
472,929
472,947
472,954
473,483
473,518
473,525
473,532
473,619
473,643
473,660
473,690
473,719
473,725
473,735
473,780
473,797
473,823
473,845
473,846
473,863
473,865
473,885
473,889
473,903
473,925
473,979
473,982
474,475
474,509
474,518
474,564
474,585
474,646
474,656
474,675
474,689
474,695
474,729
474,737
474,784
474,791
474,821
474,898
474,919
474,932
474,940
474,957
474,963
474,965
474,973
474,975
474,980
474,993
475,481
475,493
475,519
475,523
475,530
475,554
475,558
475,570
475,580
475,590
475,601
475,622
475,624
475,637
475,674
475,680
475,691
475,712
475,743
475,744
475,751
475,758
475,783
475,784
475,800
475,803
475,809
475,810
475,863
475,884
475,888
475,890
475,905
475,912
475,918
475,924
475,931
475,932
475,940
475,942
475,951
475,952
475,956
476,486
476,490
476,525
476,552
476,578
476,585
476,592
476,599
476,608
476,624
476,647
476,650
476,654
476,675
476,685
476,746
476,759
476,762
476,771
476,778
476,789
476,802
476,831
476,841
476,900
476,912
476,928
476,934
476,942
476,950
476,973
476,991
476,995
477,520
477,521
477,548
477,554
477,561
477,571
477,592
477,596
477,605
477,608
477,625
477,627
477,655
477,663
477,675
477,734
477,739
477,740
477,742
477,747
477,777
477,794
477,806
477,814
477,819
477,826
477,844
477,919
477,928
477,931
477,934
477,939
477,951
477,967
478,481
478,506
478,520
478,541
478,560
478,566
478,571
478,589
478,629
478,696
478,760
478,768
478,788
478,790
478,835
478,849
478,869
478,883
478,955
478,960
478,972
478,977
478,984
479,484
479,492
479,562
479,604
479,608
479,609
479,641
479,647
479,648
479,652
479,653
479,682
479,742
479,807
479,814
479,821
479,837
479,874
479,888
479,899
479,905
479,945
480,491
480,525
480,527
480,538
480,557
480,645
480,744
480,783
480,802
480,843
480,903
480,931
480,998
481,490
481,492
481,509
481,514
481,521
481,530
481,538
481,550
481,604
481,620
481,622
481,623
481,631
481,659
481,668
481,674
481,689
481,724
481,729
481,743
481,756
481,776
481,801
481,845
481,867
481,878
481,897
481,944
481,946
481,965
481,984
482,538
482,575
482,577
482,585
482,695
482,708
482,772
482,821
482,857
482,873
482,881
482,901
482,905
482,910
482,919
482,933
482,978
483,520
483,554
483,556
483,562
483,592
483,601
483,603
483,624
483,625
483,627
483,650
483,660
483,663
483,669
483,671
483,690
483,725
483,726
483,742
483,747
483,750
483,755
483,765
483,772
483,775
483,794
483,797
483,798
483,800
483,814
483,870
483,882
483,926
483,936
483,942
483,950
483,951
483,955
483,958
483,966
483,967
483,977
483,981
483,985
484,500
484,504
484,515
484,521
484,527
484,537
484,552
484,554
484,559
484,590
484,596
484,599
484,615
484,618
484,619
484,626
484,642
484,655
484,670
484,693
484,702
484,717
484,727
484,729
484,733
484,740
484,778
484,801
484,816
484,832
484,835
484,839
484,851
484,861
484,877
484,900
484,901
484,905
484,906
484,913
484,925
484,940
484,943
484,950
484,953
484,955
484,983
484,989
484,992
485,486
485,487
485,504
485,522
485,549
485,558
485,608
485,628
485,649
485,664
485,667
485,670
485,683
485,686
485,691
485,703
485,704
485,707
485,711
485,714
485,733
485,735
485,781
485,820
485,853
485,856
485,865
485,869
485,890
485,906
485,939
485,954
485,960
485,962
485,993
486,500
486,510
486,537
486,554
486,570
486,575
486,599
486,608
486,689
486,711
486,738
486,739
486,745
486,777
486,782
486,785
486,807
486,815
486,821
486,826
486,831
486,853
486,894
486,916
486,951
486,963
486,965
486,975
486,995
486,997
487,495
487,508
487,517
487,545
487,579
487,584
487,594
487,618
487,626
487,637
487,704
487,714
487,721
487,733
487,763
487,795
487,803
487,849
487,866
487,873
487,930
487,939
487,944
487,952
487,964
487,975
488,492
488,530
488,541
488,548
488,652
488,669
488,706
488,738
488,742
488,748
488,762
488,808
488,809
488,813
488,825
488,826
488,831
488,877
488,917
488,936
488,953
488,973
489,501
489,559
489,570
489,630
489,689
489,717
489,725
489,726
489,775
489,833
489,836
489,860
489,877
489,921
489,930
489,940
489,976
490,491
490,506
490,508
490,520
490,521
490,522
490,530
490,544
490,548
490,602
490,609
490,616
490,643
490,681
490,689
490,707
490,711
490,726
490,732
490,734
490,756
490,762
490,772
490,786
490,791
490,804
490,833
490,839
490,857
490,861
490,863
490,872
490,877
490,881
490,888
490,891
490,906
490,908
490,918
490,934
490,964
490,966
490,992
490,993
490,996
490,997
490,999
491,494
491,498
491,509
491,532
491,538
491,549
491,552
491,621
491,653
491,663
491,705
491,710
491,739
491,771
491,804
491,806
491,825
491,827
491,851
491,853
491,854
491,876
491,888
491,894
491,928
491,940
491,943
491,944
491,952
491,953
491,956
491,957
491,963
491,987
491,995
492,494
492,497
492,500
492,520
492,523
492,541
492,543
492,557
492,559
492,584
492,589
492,602
492,649
492,656
492,669
492,673
492,696
492,702
492,712
492,735
492,751
492,789
492,819
492,820
492,833
492,864
492,878
492,914
492,919
492,955
492,961
492,965
492,973
492,979
492,984
492,987
492,992
492,997
492,998
493,503
493,521
493,523
493,541
493,554
493,592
493,605
493,642
493,651
493,654
493,659
493,675
493,705
493,736
493,738
493,742
493,769
493,789
493,823
493,831
493,858
493,884
493,939
493,950
493,956
493,966
493,988
493,989
494,537
494,547
494,593
494,598
494,610
494,615
494,709
494,711
494,753
494,758
494,771
494,801
494,809
494,810
494,862
494,870
494,911
494,942
494,954
494,957
495,510
495,629
495,646
495,659
495,688
495,745
495,756
495,794
495,832
495,851
495,897
495,913
495,936
495,967
496,521
496,539
496,590
496,633
496,637
496,674
496,713
496,735
496,738
496,764
496,789
496,835
496,837
496,849
496,864
496,894
497,510
497,522
497,532
497,540
497,568
497,571
497,574
497,610
497,747
497,759
497,783
498,525
498,564
498,565
498,584
498,594
498,612
498,628
498,642
498,710
498,758
498,759
498,782
498,792
498,817
498,819
498,826
498,829
498,850
498,872
498,885
498,913
498,917
498,918
498,919
498,998
499,506
499,546
499,594
499,595
499,609
499,676
499,691
499,887
499,921
499,929
499,934
499,957
500,501
500,517
500,524
500,539
500,540
500,546
500,549
500,596
500,608
500,633
500,659
500,728
500,733
500,738
500,744
500,747
500,759
500,768
500,784
500,795
500,801
500,812
500,831
500,844
500,851
500,873
500,880
500,885
500,900
500,913
500,921
500,942
500,943
500,944
500,945
500,950
500,954
500,955
500,981
501,515
501,517
501,521
501,542
501,554
501,568
501,571
501,582
501,584
501,605
501,623
501,645
501,691
501,696
501,707
501,708
501,717
501,726
501,739
501,740
501,743
501,761
501,762
501,777
501,781
501,785
501,796
501,825
501,853
501,857
501,858
501,876
501,885
501,889
501,933
501,944
501,952
501,975
501,983
502,516
502,525
502,535
502,547
502,654
502,681
502,764
502,973
503,509
503,515
503,539
503,581
503,584
503,594
503,616
503,621
503,627
503,636
503,653
503,663
503,668
503,729
503,762
503,764
503,768
503,776
503,793
503,809
503,836
503,844
503,880
503,890
503,906
503,916
503,936
503,962
503,966
503,987
504,520
504,521
504,529
504,540
504,571
504,576
504,577
504,612
504,618
504,650
504,656
504,662
504,664
504,700
504,740
504,762
504,814
504,832
504,842
504,872
504,889
504,903
504,921
504,940
504,973
504,995
505,535
505,652
505,654
505,774
505,811
505,836
505,841
505,849
505,929
505,954
506,524
506,532
506,546
506,615
506,648
506,657
506,664
506,676
506,717
506,718
506,803
506,822
506,827
506,839
506,844
506,870
506,885
506,894
506,940
506,943
506,957
506,959
506,988
507,514
507,533
507,547
507,572
507,583
507,599
507,604
507,609
507,749
507,804
507,809
507,815
507,830
507,832
507,834
507,836
507,838
507,899
507,977
507,985
508,572
508,577
508,592
508,624
508,642
508,684
508,709
508,724
508,768
508,770
508,781
508,782
508,849
508,919
508,934
508,950
508,967
508,978
508,987
509,512
509,529
509,531
509,553
509,568
509,569
509,581
509,588
509,595
509,608
509,628
509,631
509,637
509,657
509,689
509,699
509,706
509,739
509,740
509,772
509,778
509,783
509,789
509,792
509,814
509,819
509,831
509,832
509,861
509,864
509,870
509,940
509,942
509,958
509,975
509,995
509,999
510,526
510,560
510,585
510,608
510,615
510,619
510,621
510,629
510,646
510,657
510,659
510,665
510,708
510,737
510,757
510,759
510,829
510,833
510,847
510,853
510,861
510,880
510,885
510,887
510,906
510,908
510,937
510,958
510,994
511,512
511,564
511,572
511,575
511,579
511,587
511,590
511,622
511,716
511,744
511,758
511,762
511,779
511,781
511,788
511,791
511,808
511,820
511,827
511,881
511,905
511,950
511,955
512,522
512,525
512,532
512,538
512,542
512,544
512,598
512,608
512,616
512,617
512,641
512,680
512,681
512,707
512,727
512,737
512,738
512,745
512,757
512,799
512,813
512,814
512,825
512,835
512,887
512,910
512,911
512,930
512,995
512,999
513,520
513,536
513,545
513,587
513,593
513,623
513,634
513,636
513,674
513,696
513,717
513,734
513,743
513,755
513,803
513,809
513,847
513,866
513,877
513,878
513,890
513,918
513,927
513,940
513,956
513,967
513,999
514,529
514,566
514,569
514,624
514,668
514,739
514,745
514,809
514,832
514,833
514,844
514,866
514,898
514,899
514,908
514,956
514,968
514,977
515,553
515,577
515,582
515,595
515,613
515,619
515,656
515,721
515,748
515,754
515,765
515,802
515,808
515,809
515,810
515,828
515,853
515,864
515,887
515,894
515,900
515,944
515,966
515,981
515,988
516,548
516,567
516,571
516,579
516,584
516,615
516,616
516,618
516,624
516,652
516,738
516,743
516,836
516,856
516,910
516,936
516,955
516,965
516,975
516,976
516,992
517,549
517,568
517,571
517,577
517,587
517,590
517,600
517,609
517,650
517,652
517,689
517,715
517,719
517,734
517,777
517,780
517,785
517,809
517,812
517,882
517,897
517,926
517,934
517,996
517,998
518,521
518,532
518,554
518,558
518,575
518,585
518,591
518,598
518,610
518,611
518,617
518,631
518,634
518,668
518,670
518,672
518,712
518,737
518,740
518,756
518,789
518,794
518,832
518,838
518,860
518,873
518,885
518,915
518,919
518,921
518,949
518,952
518,954
518,972
518,976
518,995
519,521
519,524
519,538
519,615
519,625
519,629
519,632
519,699
519,781
519,786
519,809
519,812
519,830
519,899
519,965
519,969
519,981
520,525
520,552
520,560
520,578
520,584
520,587
520,589
520,624
520,637
520,668
520,676
520,695
520,725
520,726
520,727
520,729
520,747
520,775
520,777
520,786
520,789
520,793
520,808
520,817
520,821
520,828
520,832
520,861
520,876
520,877
520,879
520,943
520,944
520,953
520,958
520,963
520,966
521,524
521,527
521,532
521,540
521,548
521,568
521,580
521,646
521,655
521,656
521,674
521,677
521,700
521,701
521,721
521,733
521,738
521,767
521,783
521,838
521,858
521,863
521,873
521,881
521,886
521,889
521,890
521,901
521,903
521,930
521,933
521,936
521,943
521,950
521,960
521,981
522,567
522,667
522,669
522,695
522,720
522,734
522,748
522,794
522,805
522,809
522,838
522,861
522,896
522,928
522,934
522,949
522,961
522,963
522,967
522,992
523,709
523,737
523,782
523,807
523,826
523,829
523,839
523,890
523,895
523,935
523,941
524,535
524,551
524,558
524,570
524,575
524,579
524,613
524,617
524,654
524,721
524,723
524,724
524,771
524,778
524,797
524,799
524,833
524,836
524,854
524,857
524,891
524,901
524,916
524,931
524,944
524,953
524,966
524,978
524,979
525,535
525,553
525,575
525,602
525,629
525,664
525,697
525,707
525,726
525,747
525,760
525,761
525,778
525,783
525,806
525,821
525,853
525,863
525,879
525,904
525,930
525,951
525,972
525,973
525,995
525,997
526,527
526,548
526,584
526,597
526,606
526,645
526,652
526,657
526,664
526,695
526,702
526,741
526,742
526,773
526,795
526,797
526,810
526,829
526,847
526,860
526,873
526,892
526,893
526,924
526,939
526,965
526,973
526,974
526,984
526,988
527,529
527,530
527,578
527,603
527,624
527,638
527,646
527,683
527,716
527,741
527,765
527,788
527,794
527,808
527,820
527,868
527,869
527,916
527,941
527,952
527,965
527,994
528,537
528,565
528,645
528,677
528,688
528,728
528,853
528,873
528,890
528,949
529,548
529,553
529,619
529,646
529,668
529,675
529,699
529,717
529,724
529,738
529,752
529,775
529,794
529,799
529,806
529,816
529,826
529,831
529,832
529,833
529,836
529,844
529,858
529,860
529,876
529,884
529,950
529,961
530,628
530,658
530,659
530,677
530,758
530,765
530,769
530,831
530,939
530,966
531,578
531,585
531,615
531,623
531,662
531,682
531,696
531,743
531,759
531,762
531,797
531,802
531,822
531,824
531,852
531,960
531,965
531,985
532,546
532,575
532,576
532,596
532,607
532,608
532,609
532,615
532,619
532,620
532,633
532,644
532,706
532,707
532,712
532,713
532,733
532,742
532,746
532,748
532,774
532,795
532,808
532,820
532,825
532,826
532,832
532,855
532,885
532,887
532,916
532,934
532,945
532,949
532,955
532,972
532,981
532,984
532,995
533,569
533,580
533,594
533,631
533,689
533,720
533,833
533,869
533,913
533,927
533,954
533,969
533,974
533,985
534,546
534,568
534,578
534,603
534,631
534,643
534,678
534,702
534,716
534,781
534,789
534,792
534,807
534,825
534,835
534,856
534,857
534,872
534,873
534,883
534,886
534,897
534,898
534,935
534,944
534,981
534,995
534,997
534,999
535,552
535,553
535,565
535,583
535,595
535,657
535,669
535,690
535,693
535,696
535,732
535,741
535,750
535,835
535,841
535,843
535,889
535,891
535,910
535,938
535,954
535,968
535,973
536,566
536,591
536,603
536,618
536,627
536,642
536,675
536,709
536,764
536,769
536,782
536,789
536,812
536,829
536,883
536,890
536,927
536,929
536,954
537,550
537,684
537,713
537,735
537,786
537,906
537,912
537,962
537,973
537,980
538,556
538,572
538,586
538,609
538,633
538,636
538,665
538,668
538,674
538,675
538,698
538,745
538,754
538,777
538,780
538,785
538,802
538,860
538,861
538,871
538,908
538,922
538,923
538,952
538,957
538,959
538,975
538,977
538,980
539,541
539,595
539,617
539,639
539,670
539,716
539,750
539,761
539,763
539,782
539,794
539,880
539,888
539,895
539,960
539,968
540,541
540,617
540,663
540,693
540,700
540,701
540,731
540,743
540,809
540,819
540,856
540,908
540,920
541,564
541,581
541,648
541,663
541,665
541,689
541,720
541,721
541,788
541,789
541,792
541,806
541,808
541,823
541,825
541,837
541,849
541,885
541,915
541,917
541,946
541,954
541,958
541,965
541,981
541,994
542,557
542,569
542,587
542,593
542,682
542,782
542,789
542,852
542,861
542,994
543,568
543,570
543,590
543,599
543,613
543,618
543,679
543,680
543,691
543,709
543,727
543,740
543,745
543,777
543,778
543,783
543,787
543,806
543,836
543,838
543,856
543,857
543,865
543,868
543,928
543,941
543,945
543,955
543,959
543,977
544,628
544,631
544,644
544,676
544,681
544,709
544,747
544,751
544,780
544,788
544,791
544,792
544,876
544,897
544,913
544,965
545,554
545,592
545,639
545,723
545,737
545,805
545,810
545,828
545,865
545,867
545,875
545,890
545,924
545,932
545,956
545,966
545,988
545,991
546,553
546,558
546,584
546,601
546,603
546,620
546,639
546,681
546,700
546,724
546,743
546,861
546,902
546,903
546,959
546,964
546,974
547,604
547,614
547,615
547,618
547,651
547,694
547,721
547,730
547,765
547,786
547,825
547,880
547,881
547,904
547,960
547,965
547,966
547,989
548,561
548,564
548,577
548,599
548,615
548,634
548,652
548,653
548,662
548,695
548,697
548,712
548,732
548,738
548,765
548,823
548,834
548,839
548,843
548,854
548,865
548,885
548,919
548,933
548,945
548,951
548,957
548,958
548,960
548,976
548,995
548,996
549,560
549,583
549,592
549,613
549,627
549,651
549,659
549,734
549,750
549,763
549,796
549,809
549,826
549,827
549,849
549,887
549,916
549,952
549,963
549,984
549,997
550,554
550,600
550,605
550,714
550,729
550,751
550,796
550,820
550,870
550,873
550,954
551,561
551,598
551,623
551,684
551,696
551,704
551,709
551,731
551,751
551,796
551,813
551,822
551,869
551,871
551,918
551,930
551,947
551,965
551,973
551,975
552,554
552,577
552,616
552,679
552,692
552,740
552,753
552,765
552,766
552,772
552,776
552,796
552,797
552,800
552,804
552,820
552,832
552,835
552,851
552,887
552,928
552,930
552,950
552,951
552,953
552,954
552,965
552,966
552,973
553,554
553,579
553,585
553,595
553,620
553,656
553,664
553,699
553,707
553,714
553,745
553,784
553,873
553,879
553,887
553,888
553,921
553,926
553,946
553,963
553,979
553,995
554,561
554,577
554,578
554,582
554,585
554,594
554,595
554,631
554,633
554,635
554,655
554,656
554,663
554,673
554,679
554,697
554,704
554,706
554,707
554,715
554,735
554,737
554,740
554,741
554,765
554,772
554,774
554,777
554,782
554,808
554,833
554,839
554,851
554,856
554,860
554,868
554,883
554,884
554,889
554,900
554,904
554,917
554,918
554,936
554,946
554,951
554,988
555,568
555,569
555,634
555,659
555,675
555,738
555,776
555,814
555,852
555,855
555,892
555,902
555,921
555,949
556,584
556,601
556,706
556,733
556,761
556,825
556,852
556,857
556,903
556,959
557,578
557,594
557,649
557,659
557,731
557,751
557,851
557,883
557,961
557,984
557,992
558,585
558,639
558,652
558,667
558,676
558,720
558,739
558,763
558,784
558,820
558,844
558,864
558,879
558,882
558,888
558,916
558,944
558,962
558,963
558,989
558,994
559,573
559,574
559,577
559,606
559,616
559,653
559,666
559,685
559,713
559,715
559,716
559,739
559,742
559,744
559,748
559,776
559,862
559,892
559,896
559,932
559,961
560,615
560,619
560,636
560,662
560,699
560,738
560,743
560,826
560,843
560,846
560,849
560,857
560,872
560,906
560,920
560,933
560,944
560,983
561,570
561,571
561,590
561,603
561,629
561,641
561,687
561,690
561,717
561,727
561,729
561,732
561,738
561,745
561,748
561,762
561,767
561,771
561,775
561,776
561,804
561,820
561,821
561,827
561,831
561,838
561,856
561,865
561,866
561,888
561,919
561,946
561,957
561,979
561,995
562,570
562,587
562,596
562,599
562,610
562,613
562,620
562,622
562,631
562,658
562,664
562,689
562,740
562,743
562,747
562,795
562,806
562,819
562,820
562,821
562,835
562,836
562,876
562,882
562,933
562,936
562,944
562,945
562,956
562,963
562,988
563,565
563,577
563,632
563,685
563,711
563,723
563,808
563,843
563,880
563,895
563,914
563,930
563,939
564,577
564,633
564,663
564,684
564,704
564,740
564,780
564,783
564,787
564,789
564,808
564,877
564,881
564,917
564,943
564,945
564,951
564,963
564,966
564,995
565,616
565,623
565,633
565,636
565,652
565,700
565,701
565,707
565,723
565,734
565,838
565,850
565,896
565,897
565,922
565,925
565,939
565,944
565,966
565,995
566,571
566,583
566,602
566,603
566,614
566,655
566,663
566,673
566,700
566,711
566,712
566,726
566,751
566,752
566,753
566,775
566,778
566,795
566,878
566,887
566,939
566,960
566,973
566,983
566,988
567,587
567,595
567,597
567,598
567,603
567,608
567,650
567,713
567,750
567,820
567,821
567,880
567,980
568,584
568,599
568,636
568,691
568,720
568,729
568,738
568,750
568,756
568,794
568,799
568,803
568,806
568,866
568,882
568,890
568,908
568,936
568,938
568,950
568,952
568,953
568,955
568,981
568,985
568,995
569,578
569,602
569,629
569,670
569,716
569,872
569,882
569,886
569,906
569,908
569,935
569,967
569,969
569,987
569,993
570,578
570,612
570,622
570,626
570,637
570,681
570,724
570,728
570,745
570,781
570,789
570,815
570,835
570,850
570,887
570,900
570,908
570,933
570,966
570,978
571,576
571,591
571,595
571,609
571,633
571,646
571,650
571,653
571,655
571,684
571,690
571,694
571,710
571,721
571,725
571,732
571,734
571,742
571,762
571,772
571,774
571,775
571,781
571,810
571,819
571,841
571,861
571,862
571,864
571,879
571,890
571,902
571,903
571,923
571,927
571,935
571,950
571,952
571,957
571,979
571,987
571,995
572,647
572,650
572,671
572,690
572,706
572,771
572,787
572,801
572,839
572,866
572,900
572,923
572,932
572,955
573,580
573,581
573,592
573,654
573,694
573,699
573,703
573,714
573,773
573,782
573,866
574,576
574,579
574,599
574,618
574,624
574,681
574,712
574,723
574,766
574,797
574,818
574,827
574,829
574,852
574,898
574,917
574,927
574,966
574,991
575,611
575,631
575,641
575,642
575,661
575,670
575,674
575,692
575,699
575,714
575,721
575,747
575,748
575,752
575,764
575,782
575,813
575,863
575,886
575,917
575,922
575,942
575,967
575,981
576,584
576,589
576,637
576,665
576,675
576,680
576,695
576,704
576,721
576,750
576,787
576,800
576,812
576,861
576,870
576,991
577,585
577,655
577,656
577,702
577,729
577,750
577,755
577,759
577,762
577,769
577,777
577,783
577,817
577,849
577,866
577,872
577,873
577,881
577,885
577,887
577,901
577,902
577,919
577,936
577,940
577,943
577,945
577,949
577,950
577,966
577,968
577,976
577,981
577,988
578,590
578,619
578,684
578,698
578,699
578,702
578,762
578,804
578,809
578,814
578,853
578,871
578,887
578,894
578,904
578,945
578,969
578,979
579,586
579,654
579,706
579,709
579,752
579,791
579,805
579,848
579,862
579,889
579,907
579,997
580,648
580,656
580,657
580,706
580,764
580,801
580,825
580,842
580,850
580,863
580,870
580,906
580,956
580,981
581,587
581,615
581,627
581,637
581,659
581,708
581,722
581,724
581,746
581,766
581,777
581,780
581,783
581,806
581,813
581,814
581,823
581,841
581,869
581,905
581,909
581,932
581,939
581,950
581,964
581,967
581,985
581,997
582,646
582,655
582,664
582,673
582,701
582,725
582,727
582,734
582,739
582,743
582,766
582,783
582,834
582,837
582,885
582,916
582,928
582,937
582,948
582,950
582,959
582,990
583,675
583,679
583,734
583,759
583,784
583,791
583,809
583,814
583,818
583,822
583,847
583,851
583,895
583,917
583,932
583,958
583,997
584,609
584,614
584,622
584,627
584,642
584,661
584,675
584,676
584,677
584,717
584,721
584,735
584,752
584,757
584,775
584,820
584,842
584,843
584,851
584,856
584,876
584,907
584,911
584,913
584,923
584,929
584,937
584,950
584,971
584,977
585,590
585,603
585,608
585,614
585,615
585,618
585,622
585,637
585,656
585,664
585,671
585,676
585,679
585,681
585,690
585,725
585,738
585,757
585,782
585,804
585,833
585,838
585,839
585,919
585,936
585,943
585,950
585,988
585,993
585,995
586,596
586,650
586,687
586,727
586,745
586,765
586,777
586,839
586,878
586,952
587,590
587,610
587,635
587,641
587,675
587,690
587,700
587,703
587,732
587,795
587,799
587,801
587,818
587,885
587,891
587,935
588,629
588,779
588,799
588,812
588,830
588,869
588,923
588,935
588,948
588,966
588,978
589,602
589,625
589,633
589,707
589,772
589,777
589,784
589,789
589,820
589,882
589,885
589,887
589,911
589,963
589,974
589,978
589,999
590,610
590,619
590,629
590,651
590,653
590,655
590,662
590,673
590,674
590,699
590,732
590,739
590,750
590,757
590,768
590,769
590,778
590,835
590,853
590,867
590,868
590,884
590,901
590,905
590,917
590,950
590,953
591,629
591,673
591,708
591,740
591,800
591,847
591,906
591,912
591,966
591,974
592,608
592,615
592,618
592,631
592,637
592,652
592,675
592,683
592,702
592,705
592,739
592,743
592,752
592,762
592,789
592,809
592,831
592,855
592,861
592,866
592,875
592,877
592,936
592,943
592,950
592,953
592,990
593,602
593,613
593,675
593,710
593,729
593,742
593,821
593,831
593,849
593,858
593,896
593,979
593,985
594,604
594,615
594,617
594,695
594,750
594,751
594,758
594,785
594,800
594,801
594,810
594,822
594,880
594,902
594,906
594,909
594,910
594,911
594,968
594,984
595,602
595,603
595,610
595,611
595,618
595,626
595,637
595,642
595,650
595,670
595,682
595,689
595,699
595,700
595,704
595,732
595,739
595,771
595,790
595,800
595,806
595,819
595,850
595,861
595,871
595,874
595,888
595,901
595,934
595,939
595,950
595,951
595,962
595,976
595,987
596,609
596,681
596,715
596,762
596,765
596,810
596,834
596,852
596,869
596,877
596,890
596,950
596,964
596,978
597,598
597,604
597,610
597,638
597,650
597,700
597,731
597,745
597,761
597,800
597,851
597,879
597,881
597,887
597,920
597,939
597,989
598,600
598,633
598,644
598,678
598,681
598,682
598,683
598,697
598,720
598,757
598,797
598,885
598,886
598,890
598,960
598,967
599,603
599,624
599,627
599,632
599,670
599,676
599,681
599,689
599,700
599,709
599,710
599,720
599,733
599,745
599,768
599,771
599,796
599,803
599,806
599,809
599,825
599,853
599,866
599,886
599,889
599,921
599,940
599,964
599,966
599,976
599,988
600,605
600,607
600,650
600,657
600,669
600,676
600,681
600,705
600,713
600,716
600,756
600,766
600,767
600,801
600,821
600,865
600,883
600,896
600,935
600,957
601,606
601,701
601,706
601,741
601,747
601,759
601,760
601,771
601,776
601,802
601,825
601,918
601,956
601,995
602,612
602,625
602,675
602,700
602,706
602,728
602,732
602,745
602,748
602,798
602,806
602,820
602,849
602,881
602,895
602,929
602,944
602,961
603,647
603,652
603,655
603,687
603,689
603,707
603,725
603,734
603,735
603,745
603,766
603,773
603,821
603,824
603,830
603,832
603,839
603,851
603,853
603,856
603,868
603,873
603,876
603,887
603,930
603,933
603,936
603,940
603,953
603,958
603,998
604,652
604,667
604,674
604,814
604,955
605,606
605,820
605,875
605,964
606,703
606,764
606,784
606,842
606,845
606,879
606,945
606,960
606,994
607,654
607,679
607,727
607,731
607,754
607,899
607,921
607,925
607,926
607,942
607,964
607,976
608,637
608,647
608,652
608,653
608,654
608,663
608,672
608,679
608,695
608,708
608,709
608,717
608,724
608,726
608,762
608,783
608,794
608,795
608,817
608,827
608,832
608,836
608,861
608,866
608,882
608,887
608,889
608,908
608,919
608,928
608,940
608,941
608,951
608,955
608,966
608,973
608,979
608,984
608,995
608,999
609,625
609,646
609,648
609,650
609,797
609,811
609,820
609,831
609,842
609,845
609,864
609,953
610,619
610,647
610,710
610,713
610,759
610,814
610,818
610,850
610,878
610,921
610,944
610,959
611,624
611,636
611,639
611,654
611,733
611,751
611,810
611,883
611,937
611,971
612,641
612,671
612,688
612,689
612,692
612,710
612,730
612,733
612,737
612,749
612,775
612,786
612,793
612,809
612,822
612,826
612,838
612,884
612,928
612,995
613,651
613,655
613,664
613,739
613,764
613,767
613,783
613,826
613,830
613,832
613,861
613,881
613,896
613,908
613,923
613,930
613,950
613,956
613,960
613,963
613,982
613,989
614,641
614,658
614,692
614,704
614,711
614,721
614,764
614,800
614,810
614,840
614,849
614,887
614,908
614,913
614,922
614,923
614,927
614,952
614,969
615,624
615,627
615,650
615,658
615,671
615,674
615,710
615,726
615,737
615,745
615,809
615,815
615,832
615,859
615,885
615,892
615,895
615,900
615,922
615,957
615,974
616,630
616,634
616,655
616,677
616,708
616,715
616,751
616,779
616,785
616,789
616,796
616,860
616,886
616,890
616,922
616,950
616,957
617,618
617,627
617,629
617,640
617,689
617,747
617,789
617,825
617,831
617,837
617,864
617,872
617,887
617,901
617,922
617,973
618,620
618,624
618,637
618,650
618,664
618,671
618,689
618,712
618,726
618,739
618,740
618,742
618,772
618,775
618,825
618,827
618,839
618,855
618,879
618,881
618,895
618,897
618,908
618,918
618,934
618,938
618,941
618,945
618,952
618,958
618,959
618,979
618,999
619,625
619,644
619,646
619,670
619,673
619,693
619,699
619,707
619,714
619,725
619,740
619,744
619,780
619,782
619,789
619,790
619,835
619,852
619,861
619,862
619,875
619,876
619,887
619,889
619,900
619,956
619,976
619,981
619,984
619,997
620,653
620,682
620,697
620,726
620,728
620,739
620,777
620,782
620,789
620,794
620,810
620,853
620,877
620,900
620,981
620,983
621,768
621,775
621,784
621,808
621,809
621,864
621,888
621,911
621,914
621,937
621,942
621,944
621,945
622,645
622,715
622,731
622,821
622,823
622,860
622,868
622,873
622,889
622,912
622,940
622,946
622,967
622,968
622,973
622,976
623,638
623,689
623,729
623,764
623,780
623,786
623,834
623,835
623,841
623,843
623,869
623,896
623,946
623,949
623,962
624,625
624,646
624,689
624,708
624,710
624,739
624,749
624,750
624,778
624,782
624,785
624,789
624,804
624,808
624,821
624,823
624,831
624,834
624,839
624,850
624,873
624,882
624,889
624,890
624,894
624,898
624,902
624,904
624,916
624,917
624,918
624,925
624,929
624,934
624,937
624,952
624,957
624,973
624,981
624,987
624,995
625,631
625,633
625,646
625,647
625,656
625,664
625,675
625,684
625,689
625,698
625,699
625,705
625,739
625,750
625,777
625,781
625,835
625,839
625,879
625,889
625,900
625,929
625,933
625,934
625,935
625,950
625,958
625,992
625,995
625,999
626,688
626,697
626,714
626,718
626,739
626,752
626,780
626,795
626,833
626,835
626,900
626,908
626,940
626,947
626,962
627,663
627,690
627,730
627,734
627,807
627,809
627,835
627,839
627,884
627,885
627,890
627,895
627,917
627,958
628,642
628,717
628,769
628,794
628,798
628,822
628,825
628,875
628,894
628,903
629,633
629,663
629,691
629,694
629,701
629,710
629,714
629,756
629,768
629,808
629,814
629,888
629,950
629,969
629,971
629,977
629,997
629,998
630,657
630,758
630,885
630,911
630,912
630,920
630,952
630,961
631,637
631,646
631,653
631,670
631,689
631,697
631,712
631,752
631,753
631,780
631,791
631,801
631,826
631,832
631,835
631,853
631,876
631,900
631,903
631,913
631,915
631,920
631,931
631,988
632,738
632,767
632,809
632,826
632,832
632,837
632,841
632,864
632,883
632,951
632,965
633,639
633,667
633,683
633,714
633,727
633,732
633,740
633,823
633,830
633,863
633,936
633,945
633,961
633,962
633,971
633,974
633,983
633,992
634,640
634,648
634,652
634,686
634,801
634,901
634,934
634,980
635,687
635,718
635,795
635,796
635,806
635,810
635,814
635,845
635,858
635,862
635,887
635,906
635,921
635,927
635,969
636,679
636,689
636,690
636,697
636,710
636,742
636,803
636,807
636,834
636,869
636,886
636,910
636,958
636,967
636,969
636,971
637,639
637,646
637,689
637,712
637,724
637,725
637,726
637,732
637,737
637,743
637,762
637,766
637,807
637,810
637,819
637,851
637,856
637,860
637,861
637,882
637,887
637,894
637,934
637,945
637,946
637,958
637,988
637,992
638,657
638,689
638,780
638,782
638,831
638,839
638,861
638,893
638,944
638,979
639,644
639,656
639,678
639,692
639,702
639,707
639,745
639,794
639,795
639,799
639,833
639,865
639,867
639,902
639,945
639,976
639,980
640,668
640,785
640,842
640,849
640,885
640,974
641,696
641,698
641,717
641,758
641,782
641,809
641,825
641,853
641,868
641,884
641,888
641,890
641,894
641,934
641,959
641,964
641,976
641,987
642,676
642,689
642,698
642,707
642,717
642,743
642,750
642,762
642,777
642,794
642,808
642,826
642,834
642,843
642,853
642,877
642,882
642,884
642,908
642,920
642,943
642,977
643,653
643,659
643,724
643,739
643,761
643,814
643,822
643,830
643,867
643,877
643,880
643,928
643,975
643,980
644,677
644,855
644,888
644,930
644,935
644,953
644,991
645,673
645,723
645,749
645,758
645,783
645,793
645,879
645,937
645,986
646,707
646,726
646,762
646,782
646,803
646,806
646,831
646,832
646,833
646,839
646,868
646,889
646,952
646,973
646,988
646,995
647,693
647,695
647,712
647,744
647,745
647,796
647,800
647,809
647,835
647,849
647,879
647,941
647,973
647,976
647,988
648,711
648,742
648,861
648,941
648,966
649,650
649,801
649,810
649,885
649,959
649,965
649,976
649,999
650,701
650,705
650,750
650,791
650,798
650,833
650,841
650,853
650,893
650,907
650,908
650,925
650,995
651,657
651,681
651,707
651,709
651,757
651,769
651,775
651,786
651,875
651,889
651,892
651,950
651,967
652,696
652,730
652,736
652,742
652,751
652,773
652,783
652,802
652,848
652,882
652,886
652,887
652,958
652,965
653,655
653,687
653,697
653,700
653,703
653,714
653,734
653,735
653,738
653,739
653,768
653,777
653,809
653,830
653,835
653,851
653,881
653,890
653,900
653,919
653,934
653,936
653,939
653,959
653,974
653,979
653,989
653,995
654,656
654,688
654,701
654,714
654,736
654,745
654,754
654,782
654,796
654,817
654,843
654,881
654,898
654,909
654,918
654,928
654,979
655,676
655,689
655,707
655,722
655,732
655,740
655,752
655,771
655,868
655,890
655,891
655,900
655,904
655,926
655,931
655,943
655,966
656,676
656,702
656,732
656,740
656,743
656,753
656,767
656,779
656,789
656,794
656,808
656,832
656,839
656,841
656,850
656,856
656,881
656,884
656,894
656,906
656,930
656,932
656,951
656,952
656,955
656,956
656,961
656,964
656,968
656,974
657,671
657,678
657,684
657,721
657,734
657,774
657,787
657,795
657,796
657,823
657,868
657,872
657,875
657,905
657,915
657,959
657,972
657,984
657,992
657,999
658,668
658,709
658,804
658,867
658,903
658,913
658,929
658,953
658,977
659,669
659,690
659,751
659,771
659,781
659,785
659,797
659,810
659,831
659,857
659,868
659,873
659,885
659,888
659,901
659,922
659,973
659,978
660,689
660,701
660,709
660,747
660,814
660,825
660,858
660,861
660,888
660,889
660,935
660,938
660,956
660,994
660,997
660,999
661,670
661,700
661,738
661,752
661,802
661,846
661,859
661,898
661,917
661,923
661,945
661,953
661,967
661,980
662,676
662,681
662,709
662,723
662,766
662,775
662,786
662,811
662,838
662,897
662,915
662,922
662,954
662,973
663,671
663,676
663,697
663,708
663,740
663,745
663,772
663,782
663,805
663,856
663,885
663,943
663,965
663,978
663,999
664,710
664,715
664,777
664,801
664,807
664,809
664,830
664,831
664,856
664,865
664,881
664,882
664,889
664,900
664,916
664,919
664,935
664,946
664,975
665,707
665,724
665,838
665,913
665,926
665,950
665,963
665,973
666,745
666,746
666,795
666,826
666,828
666,849
666,858
666,873
666,975
666,976
667,774
667,780
667,815
667,901
667,911
667,928
667,991
667,996
668,689
668,691
668,714
668,724
668,735
668,736
668,756
668,780
668,782
668,796
668,813
668,843
668,903
668,954
668,989
669,698
669,704
669,723
669,737
669,852
669,916
669,959
670,683
670,689
670,723
670,725
670,739
670,794
670,797
670,800
670,804
670,830
670,832
670,855
670,873
670,880
670,889
670,910
670,915
670,931
670,942
670,958
671,675
671,709
671,870
671,879
671,888
671,926
671,937
671,939
671,952
671,965
671,990
672,691
672,733
672,762
672,828
672,858
672,897
672,908
672,928
672,942
672,961
672,964
672,988
672,989
673,753
673,771
673,793
673,804
673,808
673,812
673,823
673,827
673,830
673,918
673,926
673,947
673,963
673,964
674,700
674,720
674,724
674,730
674,736
674,745
674,760
674,773
674,808
674,820
674,835
674,846
674,867
674,910
674,912
674,919
674,949
674,954
674,963
674,976
674,998
675,684
675,685
675,700
675,721
675,733
675,765
675,794
675,835
675,839
675,852
675,868
675,872
675,875
675,888
675,889
675,902
675,908
675,941
675,952
675,964
675,976
675,988
675,997
676,695
676,712
676,727
676,767
676,771
676,776
676,796
676,807
676,812
676,813
676,819
676,821
676,825
676,826
676,836
676,864
676,876
676,877
676,882
676,898
676,901
676,920
676,929
676,936
676,944
676,945
676,966
676,969
676,973
676,987
677,782
677,784
677,866
678,716
678,742
678,774
678,787
678,798
678,852
678,914
678,920
678,968
678,972
678,986
679,681
679,692
679,695
679,700
679,742
679,754
679,760
679,805
679,854
679,857
679,958
679,978
679,994
680,758
680,800
680,849
680,858
680,861
680,875
680,897
680,902
680,940
680,959
680,975
680,983
680,993
681,705
681,740
681,742
681,764
681,785
681,830
681,831
681,841
681,851
681,872
681,875
681,888
681,890
681,953
681,958
681,959
681,976
681,979
681,985
682,710
682,712
682,716
682,734
682,738
682,789
682,804
682,850
682,857
682,880
682,975
683,778
683,781
683,795
683,860
683,893
683,928
683,959
683,967
684,724
684,744
684,765
684,771
684,783
684,786
684,792
684,822
684,884
684,909
684,939
684,940
684,959
684,971
685,735
685,840
685,899
685,907
685,932
685,999
686,721
686,731
686,895
686,986
687,688
687,692
687,767
687,809
687,822
687,856
687,954
688,758
688,803
688,808
688,829
688,841
688,860
688,909
689,701
689,723
689,726
689,732
689,740
689,753
689,762
689,802
689,806
689,807
689,816
689,826
689,836
689,841
689,849
689,853
689,871
689,873
689,876
689,877
689,888
689,896
689,941
689,950
689,955
689,959
689,972
689,976
689,979
689,999
690,707
690,739
690,755
690,777
690,780
690,786
690,796
690,802
690,864
690,896
690,905
690,917
690,926
690,939
690,944
690,945
690,958
690,993
691,695
691,724
691,766
691,772
691,816
691,891
691,917
692,693
692,799
692,814
692,818
692,839
692,841
692,872
692,964
692,982
692,997
693,697
693,721
693,786
693,809
693,827
693,860
693,919
693,952
693,955
693,960
694,763
694,809
694,818
694,825
694,840
694,852
694,916
694,917
694,934
694,938
694,957
694,978
695,708
695,713
695,746
695,764
695,768
695,790
695,811
695,814
695,868
695,883
695,898
695,931
695,950
695,992
696,758
696,783
696,802
696,810
696,844
696,888
696,894
696,895
696,896
696,945
696,989
697,733
697,763
697,785
697,803
697,884
697,887
697,905
697,933
697,935
697,956
697,966
697,969
698,702
698,708
698,710
698,736
698,739
698,767
698,774
698,789
698,800
698,816
698,826
698,885
698,900
698,952
698,957
698,965
698,992
699,702
699,708
699,723
699,724
699,735
699,741
699,750
699,752
699,765
699,775
699,815
699,827
699,834
699,873
699,890
699,906
699,912
699,941
699,944
699,952
699,957
699,965
699,973
699,979
699,989
699,995
700,713
700,739
700,761
700,774
700,776
700,778
700,782
700,796
700,811
700,825
700,841
700,857
700,859
700,871
700,896
700,909
700,915
700,936
701,708
701,720
701,739
701,742
701,777
701,803
701,809
701,827
701,832
701,851
701,881
701,887
701,890
701,914
701,940
701,958
701,979
701,988
701,995
702,706
702,780
702,848
702,851
702,853
702,893
702,909
702,933
702,946
702,949
702,956
702,957
702,967
702,989
703,706
703,794
703,906
704,757
704,784
704,795
704,826
704,843
704,885
704,906
704,948
704,980
705,768
705,774
705,782
705,788
705,823
705,840
705,852
705,863
705,874
705,885
705,899
705,908
705,913
705,972
705,976
705,989
706,709
706,710
706,714
706,730
706,735
706,789
706,793
706,812
706,815
706,827
706,845
706,858
706,888
706,889
706,895
706,899
706,919
706,937
706,952
706,957
706,975
706,994
706,995
707,717
707,734
707,758
707,774
707,822
707,827
707,828
707,878
707,881
707,956
708,768
708,775
708,783
708,839
708,854
708,889
708,890
708,921
708,940
708,948
708,973
708,987
709,711
709,715
709,742
709,775
709,786
709,788
709,819
709,837
709,847
709,855
709,860
709,865
709,882
709,900
709,906
709,923
709,925
709,999
710,711
710,725
710,728
710,732
710,733
710,735
710,743
710,756
710,768
710,779
710,789
710,800
710,825
710,829
710,857
710,867
710,890
710,930
710,950
710,952
710,959
710,978
710,988
710,997
711,756
711,771
711,788
711,842
711,899
711,905
711,931
711,939
711,979
711,981
711,987
712,714
712,740
712,788
712,789
712,794
712,835
712,837
712,839
712,852
712,881
712,891
712,918
712,920
712,922
712,940
712,946
712,950
712,981
712,988
713,743
713,749
713,769
713,775
713,814
713,820
713,871
713,879
713,880
713,882
713,907
713,925
713,933
713,946
713,973
714,755
714,760
714,776
714,777
714,801
714,806
714,863
714,882
714,925
714,926
714,948
714,953
714,982
714,995
715,724
715,732
715,755
715,788
715,853
715,874
715,894
715,895
715,961
715,979
716,727
716,766
716,777
716,782
716,792
716,852
716,869
716,871
716,882
716,922
716,934
717,740
717,742
717,762
717,789
717,815
717,834
717,835
717,839
717,856
717,868
717,933
717,946
717,959
717,984
717,996
718,745
718,807
718,810
718,880
718,883
718,884
719,835
719,858
719,890
719,960
720,748
720,755
720,778
720,781
720,811
720,817
720,822
720,867
721,732
721,735
721,748
721,781
721,806
721,812
721,821
721,863
721,901
721,971
721,980
721,995
721,996
722,723
722,738
722,752
722,889
722,966
723,760
723,771
723,823
723,842
723,878
723,909
723,923
723,924
723,952
724,733
724,749
724,763
724,764
724,788
724,796
724,814
724,816
724,839
724,878
724,880
724,893
724,915
724,928
724,985
724,993
725,762
725,777
725,778
725,782
725,804
725,806
725,810
725,820
725,868
725,869
725,879
725,888
725,893
725,940
725,987
726,740
726,746
726,782
726,792
726,806
726,826
726,827
726,839
726,869
726,873
726,888
726,928
726,936
726,939
726,973
727,733
727,740
727,742
727,743
727,762
727,777
727,801
727,814
727,823
727,839
727,863
727,879
727,885
727,941
727,956
727,988
728,737
728,739
728,764
728,766
728,783
728,788
728,800
728,919
728,980
729,814
729,850
729,887
729,900
729,917
729,990
730,731
730,744
730,750
730,764
730,783
730,820
730,851
730,855
730,873
730,885
730,959
730,972
730,988
730,997
731,809
731,810
731,822
731,826
731,828
731,841
731,863
731,908
731,911
731,913
731,916
731,932
731,985
732,733
732,777
732,782
732,785
732,797
732,806
732,809
732,821
732,833
732,865
732,869
732,879
732,906
732,915
732,928
732,944
732,957
732,975
733,737
733,749
733,752
733,809
733,856
733,877
733,908
733,928
733,935
733,958
734,737
734,741
734,777
734,780
734,819
734,820
734,851
734,905
734,925
734,927
734,939
734,948
734,957
734,959
734,979
734,990
734,995
735,739
735,770
735,791
735,797
735,817
735,819
735,825
735,831
735,835
735,860
735,873
735,896
735,900
735,930
735,931
735,936
735,947
735,950
735,966
735,976
735,981
735,987
735,996
736,742
736,836
736,848
736,891
736,917
736,921
736,997
737,792
737,825
737,831
737,868
737,884
737,889
737,908
737,921
737,927
737,942
737,947
737,950
737,965
737,969
737,983
737,992
738,769
738,780
738,789
738,808
738,809
738,812
738,819
738,833
738,836
738,866
738,899
738,928
738,942
738,960
738,966
738,997
739,745
739,784
739,789
739,790
739,796
739,806
739,810
739,815
739,839
739,851
739,858
739,888
739,900
739,902
739,911
739,934
739,946
739,951
739,952
739,957
739,962
739,983
739,988
740,742
740,745
740,752
740,767
740,778
740,789
740,830
740,839
740,842
740,851
740,856
740,857
740,876
740,888
740,900
740,906
740,918
740,928
740,933
740,936
740,944
740,951
740,952
740,955
740,960
740,965
740,981
740,999
741,926
742,758
742,777
742,790
742,813
742,828
742,832
742,916
742,922
742,928
742,930
742,936
742,951
742,953
742,955
742,964
743,761
743,771
743,775
743,789
743,800
743,809
743,830
743,831
743,834
743,845
743,856
743,876
743,880
743,885
743,887
743,907
743,909
743,913
743,939
743,997
744,758
744,782
744,804
744,810
745,750
745,752
745,771
745,778
745,789
745,806
745,832
745,833
745,865
745,873
745,886
745,926
745,931
745,941
745,944
745,948
745,957
745,958
745,959
745,961
745,988
745,993
746,747
746,753
746,755
746,767
746,800
746,822
746,862
746,890
746,921
747,754
747,771
747,779
747,795
747,800
747,803
747,810
747,851
747,856
747,890
747,897
747,910
747,925
747,935
747,979
747,992
748,809
748,814
748,831
748,857
748,869
748,917
748,956
748,976
749,750
749,766
749,794
749,818
749,823
749,880
749,925
749,961
749,980
750,758
750,765
750,791
750,867
750,873
750,901
750,941
750,944
750,946
750,987
750,997
751,768
751,779
751,785
751,822
751,844
751,868
751,895
751,906
751,919
751,948
751,995
751,996
752,784
752,828
752,833
752,841
752,864
752,868
752,890
752,894
752,930
752,955
752,981
753,809
753,866
753,889
753,906
753,938
753,952
753,965
754,768
754,796
754,817
754,831
754,836
754,895
754,900
754,980
755,759
755,779
755,782
755,786
755,787
755,820
755,870
755,873
755,881
755,898
755,913
755,926
755,936
755,949
755,952
756,771
756,964
756,972
756,979
757,783
757,839
757,841
757,879
757,882
757,919
757,938
758,766
758,785
758,890
758,906
758,910
758,954
758,960
758,968
759,779
759,797
759,806
759,851
759,862
759,869
759,912
759,914
759,936
759,950
759,954
759,967
759,972
760,771
760,820
760,872
760,874
760,940
760,974
760,982
761,780
761,792
761,834
761,863
761,885
761,897
761,942
762,765
762,777
762,782
762,783
762,803
762,806
762,809
762,815
762,818
762,821
762,826
762,839
762,853
762,861
762,863
762,868
762,879
762,897
762,900
762,905
762,908
762,931
762,950
762,953
762,964
762,977
762,980
762,994
763,913
763,914
763,960
764,788
764,794
764,899
764,921
764,939
764,966
765,787
765,848
766,773
766,810
766,839
766,849
766,868
766,911
766,942
766,948
766,959
767,782
767,810
767,850
767,885
767,889
767,939
767,940
767,976
767,987
768,773
768,782
768,793
768,865
768,868
768,873
768,914
768,925
768,926
768,935
768,953
768,975
769,882
769,906
769,950
769,979
769,993
770,814
770,864
770,881
770,964
770,992
771,778
771,782
771,806
771,815
771,839
771,844
771,853
771,856
771,863
771,868
771,870
771,956
771,979
771,990
772,778
772,785
772,794
772,807
772,831
772,890
772,931
772,952
772,962
772,964
772,966
772,976
772,979
773,809
773,822
773,847
773,895
773,993
774,836
774,839
774,869
774,891
774,993
775,809
775,872
775,898
775,901
775,962
775,977
775,989
776,782
776,808
776,816
776,829
776,839
776,866
776,883
776,898
776,902
776,919
776,949
776,960
776,966
777,782
777,803
777,806
777,809
777,819
777,821
777,835
777,851
777,858
777,862
777,866
777,900
777,936
777,941
777,951
777,975
777,976
778,780
778,790
778,831
778,832
778,851
778,864
778,879
778,888
778,889
778,896
778,901
778,966
778,969
779,786
779,791
779,858
779,922
779,958
779,986
779,998
780,782
780,838
780,877
780,885
780,912
780,917
780,918
780,958
780,964
780,968
781,819
781,825
781,836
781,850
781,857
781,865
781,930
781,939
781,944
781,962
781,966
781,973
781,974
781,976
781,987
781,988
782,785
782,786
782,789
782,801
782,819
782,853
782,882
782,887
782,895
782,908
782,923
782,936
782,954
782,994
783,808
783,849
783,861
783,893
783,941
783,944
783,959
783,967
783,974
783,993
784,789
784,804
784,824
784,855
784,912
785,807
785,848
785,885
785,940
785,943
785,944
785,946
785,957
785,979
786,818
786,826
786,879
786,917
786,921
786,964
786,966
786,969
786,977
786,985
786,989
787,798
787,800
787,850
787,866
787,870
787,897
787,956
787,993
788,818
788,838
788,870
788,875
788,913
788,929
789,790
789,803
789,806
789,807
789,809
789,820
789,830
789,833
789,848
789,851
789,866
789,901
789,904
789,910
789,918
789,935
789,941
789,950
789,951
789,952
789,965
789,974
789,978
789,979
789,983
789,992
790,801
790,810
790,827
790,834
790,883
790,907
791,826
791,833
791,836
791,843
791,887
791,951
791,961
792,845
792,855
792,919
793,865
793,883
793,913
793,940
793,947
793,954
793,969
793,986
794,820
794,840
794,844
794,853
794,857
794,874
794,878
794,881
794,900
794,909
794,914
794,950
794,951
794,957
794,962
794,976
794,985
795,808
795,839
795,880
795,887
795,903
795,908
795,915
795,927
795,960
796,877
796,892
796,962
796,964
796,999
797,799
797,810
797,816
797,823
797,834
797,841
797,861
797,926
797,951
797,954
797,993
797,994
798,799
798,842
798,862
798,945
798,972
798,986
798,989
799,840
799,869
799,892
799,923
799,943
799,976
799,989
800,803
800,813
800,862
800,882
800,896
800,935
800,956
800,965
800,984
801,827
801,836
801,838
801,863
801,892
801,933
802,814
802,861
802,911
802,966
803,842
803,845
803,861
803,867
803,888
803,890
803,943
803,952
803,955
803,991
804,807
804,808
804,811
804,815
804,833
804,839
804,881
804,925
804,928
804,967
804,988
805,821
805,823
805,849
805,946
805,984
805,995
806,808
806,825
806,831
806,859
806,877
806,882
806,900
806,917
806,929
806,934
806,940
806,942
806,953
806,962
806,981
807,823
807,829
807,831
807,834
807,879
807,889
807,902
807,916
807,930
807,944
807,962
807,966
807,972
807,973
807,994
808,814
808,815
808,830
808,831
808,851
808,875
808,885
808,889
808,934
808,936
808,960
808,966
808,976
808,979
808,984
809,815
809,820
809,826
809,833
809,839
809,851
809,856
809,858
809,882
809,886
809,889
809,918
809,925
809,934
809,948
809,951
809,953
809,958
809,959
809,962
809,967
809,989
810,816
810,858
810,860
810,870
810,927
810,935
810,944
810,982
811,882
811,892
811,917
811,945
811,997
812,877
812,888
812,892
812,905
812,916
812,925
812,930
812,938
812,961
813,834
813,842
813,852
813,889
813,890
813,936
813,946
813,947
813,950
813,962
814,848
814,864
814,888
814,890
814,896
814,930
814,957
814,959
814,962
814,966
814,976
814,987
814,988
815,839
815,856
815,869
815,905
815,908
815,916
815,923
815,926
815,934
815,940
815,943
815,951
815,958
815,965
815,966
815,999
816,839
816,869
816,893
816,917
816,945
816,970
817,822
817,841
817,861
817,872
817,876
817,890
817,891
817,916
817,945
817,984
817,988
818,824
818,964
818,977
818,995
819,833
819,861
819,862
819,877
819,903
819,931
819,953
819,963
819,988
820,829
820,831
820,833
820,834
820,845
820,864
820,875
820,880
820,906
820,908
820,909
820,916
820,919
820,928
820,933
820,939
820,957
820,962
820,964
820,968
820,996
821,825
821,856
821,865
821,870
821,881
821,898
821,916
821,922
822,843
822,862
822,877
822,880
822,895
822,906
822,985
823,863
823,865
823,868
823,944
823,957
823,984
824,839
824,843
824,869
824,875
824,941
824,958
825,827
825,856
825,860
825,861
825,872
825,919
825,930
825,941
825,953
825,957
826,835
826,863
826,889
826,906
826,928
826,951
826,955
826,958
826,976
826,982
827,831
827,851
827,852
827,861
827,866
827,880
827,889
827,940
827,941
827,947
827,951
827,955
827,965
827,973
827,976
827,981
827,987
827,989
828,889
828,913
828,946
828,954
828,958
829,838
829,890
829,917
829,923
830,864
830,902
830,933
830,966
830,973
830,988
831,839
831,849
831,864
831,868
831,873
831,889
831,890
831,928
831,940
831,946
832,844
832,851
832,854
832,856
832,870
832,879
832,889
832,940
832,943
832,951
832,955
832,979
832,995
833,835
833,959
833,975
833,976
833,983
834,853
834,865
834,869
834,889
834,892
834,901
834,924
834,957
834,965
834,976
834,981
834,989
834,995
835,841
835,866
835,868
835,880
835,886
835,904
835,912
835,918
835,934
835,956
836,838
836,916
836,959
836,966
836,977
837,866
837,880
837,891
837,897
837,919
837,927
838,861
838,873
838,880
838,920
838,943
838,981
838,989
838,995
839,847
839,851
839,853
839,855
839,861
839,874
839,880
839,881
839,882
839,908
839,940
839,942
839,944
839,950
839,951
839,952
839,975
840,879
840,890
841,860
841,866
841,881
841,965
841,973
842,858
842,891
842,905
842,926
842,938
842,947
842,960
842,965
842,967
842,975
842,987
843,907
843,988
844,863
844,866
844,873
844,884
844,906
844,920
844,936
844,951
844,954
844,956
844,958
844,979
845,848
845,867
845,869
846,880
846,892
846,959
846,979
847,973
847,984
848,850
848,885
848,889
848,897
848,915
848,917
849,854
849,860
849,882
849,883
849,893
849,910
850,901
850,928
850,963
850,965
851,863
851,866
851,875
851,882
851,889
851,907
851,918
851,919
851,934
851,943
851,950
851,952
851,957
851,963
851,996
852,860
852,937
852,985
852,994
853,866
853,868
853,876
853,877
853,889
853,896
853,900
853,918
853,934
853,940
853,948
853,953
853,954
853,956
853,976
853,979
853,997
854,897
854,906
854,925
855,907
855,984
855,989
855,992
856,862
856,879
856,918
856,936
856,966
856,979
857,880
857,886
857,917
857,945
857,960
858,922
858,946
858,952
858,993
859,892
859,926
859,981
860,890
860,899
860,918
860,940
860,944
860,973
860,987
861,872
861,881
861,883
861,913
861,940
861,944
861,945
861,963
861,964
861,967
861,971
861,975
861,976
862,868
862,873
862,890
862,910
862,932
862,946
862,966
862,978
863,865
863,876
863,879
863,881
863,917
863,952
863,954
863,990
863,991
863,992
864,953
864,958
864,981
864,993
865,897
865,919
865,922
865,930
865,948
865,982
866,928
866,934
866,956
866,981
866,988
867,974
867,992
867,997
868,888
868,902
868,928
868,932
868,953
868,958
868,959
868,973
868,987
868,988
868,994
869,888
869,911
869,927
869,949
869,953
869,985
869,995
870,889
870,917
870,949
870,951
870,991
871,915
872,884
872,920
872,923
872,929
872,936
872,942
872,955
872,961
872,992
873,883
873,884
873,968
873,990
874,977
874,979
874,989
874,999
875,922
875,933
875,944
875,975
875,987
876,905
876,985
877,881
877,885
877,896
877,955
877,959
877,966
877,975
877,995
878,913
878,959
878,964
878,978
878,988
878,993
879,885
879,902
879,905
879,926
879,933
879,940
879,943
879,950
879,952
879,954
879,956
879,963
879,975
879,978
880,885
880,905
880,919
880,950
880,953
880,989
880,999
881,907
881,916
881,920
881,939
881,943
881,944
881,952
881,966
882,885
882,896
882,922
882,945
882,987
882,988
883,904
883,910
883,925
883,943
883,953
883,956
883,959
884,897
884,921
884,925
884,931
884,943
884,946
884,949
884,958
884,962
885,944
885,988
885,994
886,901
886,945
886,947
886,992
887,911
887,918
887,983
887,988
888,889
888,900
888,908
888,921
888,925
888,928
888,945
888,975
889,917
889,938
889,959
890,894
890,917
890,933
891,910
892,950
892,956
892,962
892,993
893,978
893,993
894,943
894,949
894,959
894,965
894,967
895,922
895,956
895,989
895,993
896,903
896,919
897,931
897,937
897,975
898,903
898,975
898,981
898,982
898,988
899,908
899,911
899,922
900,902
900,905
900,919
900,922
900,944
900,973
900,995
901,908
901,917
901,974
901,989
902,954
903,908
903,917
903,927
903,934
903,940
903,942
903,965
903,967
904,922
904,976
905,928
905,942
905,997
906,909
906,910
906,924
906,929
906,960
906,969
906,989
907,975
907,985
908,916
908,920
908,950
908,964
908,967
908,993
909,918
909,960
909,999
911,952
911,973
913,931
913,944
913,956
913,958
913,972
914,926
914,949
914,991
914,997
915,950
915,963
915,979
916,917
916,921
916,931
916,935
916,955
916,974
916,983
917,933
917,940
917,985
917,994
918,929
918,930
918,937
918,951
918,958
918,979
918,993
919,929
919,940
919,942
919,945
919,953
919,964
919,970
920,926
920,989
921,944
921,976
921,993
922,929
922,936
922,961
922,981
922,984
922,986
923,925
923,963
923,989
924,954
924,973
924,974
925,934
925,951
925,963
925,995
926,929
926,948
926,980
926,986
926,989
926,990
927,936
927,966
927,976
928,942
928,950
928,966
928,987
928,995
929,949
929,969
930,942
930,950
930,957
930,974
930,976
930,977
930,992
931,944
931,946
931,975
933,950
933,967
933,980
933,997
934,936
934,940
934,950
934,967
934,995
935,962
935,964
935,991
936,940
936,952
936,953
936,956
936,976
936,985
936,989
937,959
937,969
937,988
938,954
938,963
938,973
938,975
939,949
939,952
939,953
940,950
940,955
940,972
940,981
941,944
941,945
941,958
942,993
943,953
943,983
943,988
944,955
944,963
944,994
944,995
945,946
945,950
945,959
945,973
945,999
946,953
946,965
946,976
946,981
946,994
947,950
947,965
947,975
948,955
948,958
948,980
948,983
948,991
950,952
950,960
950,976
950,989
950,995
951,959
951,974
951,976
952,987
953,957
953,966
953,990
954,981
954,993
955,967
955,973
955,987
955,994
956,961
956,965
956,974
956,981
957,967
957,978
957,984
958,963
958,965
958,966
959,964
960,979
960,980
965,977
965,991
966,973
966,974
966,986
967,990
968,971
968,999
970,972
970,985
972,984
973,976
973,979
977,980
977,988
979,981
982,986
983,995
984,993
985,993
986,989
986,994
986,996
987,988
988,995
993,997
993,999
