source,target
0,11
0,69
0,72
0,85
0,122
0,136
0,157
0,160
0,164
0,190
0,196
0,213
0,242
0,248
0,251
0,281
0,314
0,323
0,342
0,347
0,356
0,369
0,409
0,460
0,469
0,485
0,488
0,490
0,492
0,535
0,542
0,586
0,590
0,597
0,602
0,606
0,616
0,629
0,647
0,667
0,673
0,711
0,774
0,787
0,808
0,823
0,857
0,897
0,902
0,906
0,915
0,947
0,951
0,977
1,26
1,70
1,103
1,171
1,214
1,232
1,239
1,259
1,289
1,290
1,291
1,310
1,335
1,353
1,385
1,390
1,409
1,421
1,444
1,446
1,451
1,491
1,521
1,558
1,577
1,579
1,595
1,622
1,669
1,675
1,681
1,684
1,714
1,730
1,742
1,749
1,765
1,813
1,821
1,826
1,863
1,865
1,870
1,878
1,887
1,926
1,975
1,998
1,999
2,10
2,137
2,206
2,208
2,221
2,232
2,240
2,257
2,362
2,387
2,391
2,401
2,423
2,522
2,525
2,556
2,557
2,583
2,679
2,682
2,692
2,706
2,776
2,817
2,925
2,989
3,22
3,36
3,45
3,79
3,97
3,132
3,135
3,171
3,181
3,199
3,213
3,227
3,234
3,246
3,247
3,251
3,272
3,278
3,285
3,291
3,317
3,326
3,340
3,346
3,383
3,437
3,453
3,456
3,457
3,461
3,576
3,580
3,600
3,615
3,648
3,682
3,687
3,737
3,738
3,781
3,783
3,784
3,802
3,820
3,837
3,840
3,842
3,851
3,863
3,866
3,875
3,877
3,889
3,893
3,904
3,906
3,926
3,991
3,996
4,34
4,50
4,83
4,98
4,170
4,189
4,229
4,261
4,295
4,302
4,320
4,400
4,473
4,495
4,499
4,515
4,520
4,568
4,630
4,638
4,641
4,650
4,653
4,714
4,758
4,779
4,787
4,861
4,896
4,950
4,958
4,999
5,13
5,29
5,43
5,69
5,87
5,92
5,94
5,98
5,192
5,212
5,261
5,282
5,290
5,294
5,358
5,360
5,400
5,417
5,418
5,447
5,449
5,473
5,495
5,529
5,533
5,545
5,609
5,618
5,630
5,641
5,650
5,671
5,690
5,702
5,712
5,733
5,741
5,787
5,806
5,815
5,817
5,843
5,860
5,861
5,893
5,905
5,934
5,958
5,959
5,977
6,31
6,44
6,58
6,143
6,152
6,155
6,175
6,186
6,187
6,198
6,203
6,209
6,246
6,305
6,329
6,345
6,348
6,384
6,410
6,428
6,475
6,478
6,506
6,512
6,514
6,518
6,530
6,610
6,612
6,628
6,648
6,654
6,664
6,717
6,758
6,818
6,822
6,873
6,892
6,934
6,970
6,988
6,991
6,993
7,9
7,27
7,32
7,48
7,51
7,56
7,74
7,115
7,136
7,174
7,221
7,300
7,315
7,316
7,357
7,370
7,399
7,421
7,436
7,485
7,489
7,490
7,548
7,586
7,595
7,666
7,691
7,731
7,739
7,766
7,809
7,812
7,819
7,829
7,830
7,836
7,864
7,920
7,931
7,985
8,14
8,26
8,44
8,98
8,112
8,159
8,175
8,223
8,246
8,322
8,333
8,343
8,384
8,474
8,550
8,567
8,605
8,614
8,671
8,732
8,873
8,891
8,918
8,924
8,960
8,975
9,21
9,27
9,33
9,40
9,61
9,66
9,80
9,89
9,123
9,179
9,209
9,218
9,222
9,235
9,266
9,315
9,316
9,318
9,332
9,342
9,353
9,362
9,364
9,379
9,427
9,431
9,436
9,437
9,462
9,467
9,490
9,526
9,584
9,598
9,606
9,615
9,624
9,632
9,644
9,647
9,696
9,717
9,760
9,766
9,774
9,869
9,879
9,887
9,889
9,892
9,897
9,908
9,910
9,952
9,963
9,979
9,983
10,22
10,61
10,82
10,125
10,137
10,159
10,172
10,185
10,208
10,218
10,257
10,275
10,303
10,328
10,354
10,361
10,375
10,387
10,388
10,391
10,423
10,427
10,430
10,441
10,537
10,548
10,550
10,567
10,590
10,626
10,645
10,649
10,659
10,679
10,692
10,734
10,771
10,776
10,804
10,876
10,924
10,939
10,951
10,968
10,979
10,989
10,992
11,31
11,67
11,72
11,131
11,150
11,174
11,190
11,196
11,240
11,258
11,290
11,322
11,519
11,598
11,606
11,629
11,688
11,721
11,731
11,823
11,835
11,902
11,906
11,937
12,43
12,105
12,111
12,115
12,117
12,139
12,197
12,233
12,242
12,284
12,402
12,426
12,449
12,497
12,520
12,545
12,581
12,592
12,621
12,660
12,675
12,694
12,698
12,711
12,727
12,733
12,741
12,811
12,909
12,953
12,986
12,997
13,111
13,141
13,147
13,155
13,233
13,237
13,238
13,284
13,294
13,295
13,313
13,365
13,368
13,375
13,383
13,402
13,405
13,414
13,432
13,446
13,450
13,452
13,471
13,476
13,479
13,499
13,502
13,513
13,520
13,540
13,554
13,587
13,597
13,612
13,620
13,638
13,675
13,679
13,735
13,736
13,761
13,774
13,779
13,796
13,831
13,856
13,862
13,866
13,896
13,914
13,922
13,946
13,951
14,26
14,28
14,34
14,76
14,78
14,80
14,86
14,90
14,107
14,118
14,186
14,198
14,213
14,232
14,238
14,289
14,291
14,334
14,338
14,363
14,420
14,426
14,435
14,450
14,451
14,474
14,491
14,493
14,521
14,534
14,565
14,587
14,588
14,620
14,633
14,675
14,714
14,736
14,740
14,748
14,767
14,778
14,809
14,813
14,838
14,840
14,851
14,886
14,888
14,894
14,901
14,911
14,925
14,930
14,937
14,942
14,943
14,954
14,962
14,987
14,998
14,999
15,35
15,86
15,152
15,155
15,396
15,401
15,460
15,532
15,559
15,630
15,638
15,642
15,650
15,671
15,680
15,704
15,740
15,743
15,779
15,896
15,958
15,980
16,55
16,79
16,87
16,101
16,126
16,151
16,165
16,177
16,186
16,187
16,227
16,246
16,256
16,292
16,301
16,311
16,313
16,322
16,345
16,346
16,362
16,394
16,422
16,432
16,442
16,487
16,499
16,512
16,516
16,609
16,614
16,641
16,648
16,681
16,709
16,716
16,730
16,749
16,794
16,822
16,839
16,851
16,883
16,908
16,916
16,919
16,924
16,927
16,964
16,967
16,987
17,30
17,54
17,70
17,77
17,101
17,133
17,138
17,145
17,158
17,167
17,214
17,256
17,328
17,363
17,369
17,373
17,530
17,536
17,539
17,564
17,586
17,622
17,632
17,669
17,710
17,738
17,750
17,836
17,840
17,868
17,875
17,907
17,908
17,939
17,941
17,978
17,979
17,983
17,989
18,42
18,64
18,66
18,80
18,89
18,101
18,110
18,115
18,122
18,141
18,145
18,163
18,176
18,204
18,218
18,238
18,249
18,255
18,277
18,299
18,304
18,309
18,314
18,328
18,357
18,362
18,364
18,386
18,388
18,418
18,469
18,547
18,551
18,557
18,564
18,565
18,571
18,578
18,580
18,583
18,595
18,624
18,652
18,710
18,772
18,789
18,797
18,807
18,850
18,858
18,869
18,887
18,888
18,897
18,901
18,908
18,966
18,979
18,983
19,46
19,128
19,211
19,229
19,244
19,267
19,270
19,290
19,302
19,306
19,325
19,393
19,402
19,424
19,470
19,496
19,498
19,552
19,559
19,605
19,627
19,721
19,754
19,789
19,821
19,905
19,959
19,986
19,996
20,36
20,40
20,66
20,164
20,217
20,221
20,241
20,283
20,321
20,370
20,376
20,387
20,388
20,406
20,423
20,431
20,441
20,454
20,464
20,480
20,489
20,490
20,527
20,583
20,596
20,659
20,692
20,701
20,760
20,770
20,786
20,800
20,875
20,877
20,894
20,897
20,936
20,941
20,955
20,976
20,989
20,992
21,24
21,66
21,101
21,145
21,162
21,270
21,273
21,303
21,390
21,431
21,489
21,533
21,557
21,597
21,657
21,701
21,719
21,760
21,773
21,803
21,830
21,865
21,869
21,936
21,941
21,962
22,51
22,52
22,61
22,73
22,100
22,113
22,115
22,119
22,125
22,135
22,185
22,215
22,234
22,254
22,257
22,275
22,318
22,339
22,362
22,401
22,422
22,423
22,431
22,442
22,480
22,483
22,485
22,503
22,522
22,524
22,529
22,617
22,668
22,679
22,690
22,706
22,723
22,734
22,771
22,776
22,785
22,825
22,841
22,869
22,910
22,917
22,921
22,935
22,982
23,39
23,63
23,69
23,95
23,97
23,189
23,197
23,212
23,241
23,242
23,269
23,270
23,290
23,302
23,310
23,325
23,370
23,376
23,393
23,400
23,408
23,418
23,433
23,447
23,460
23,469
23,476
23,496
23,498
23,505
23,544
23,549
23,585
23,591
23,592
23,607
23,637
23,691
23,709
23,711
23,944
23,946
23,986
24,67
24,82
24,101
24,121
24,122
24,158
24,162
24,179
24,185
24,254
24,255
24,275
24,277
24,299
24,300
24,323
24,431
24,548
24,556
24,583
24,616
24,649
24,692
24,710
24,714
24,760
24,777
24,809
24,830
24,836
24,867
24,897
24,936
24,965
24,979
25,131
25,176
25,184
25,304
25,357
25,373
25,455
25,564
25,667
25,772
25,788
25,983
26,28
26,34
26,84
26,90
26,112
26,131
26,171
26,213
26,235
26,259
26,296
26,317
26,331
26,347
26,363
26,377
26,420
26,503
26,525
26,565
26,582
26,608
26,611
26,644
26,687
26,735
26,736
26,749
26,813
26,822
26,839
26,862
26,872
26,887
26,888
26,932
26,941
26,962
26,990
26,998
27,72
27,77
27,88
27,113
27,168
27,220
27,224
27,258
27,315
27,316
27,351
27,370
27,380
27,399
27,436
27,488
27,548
27,586
27,595
27,666
27,750
27,808
27,870
27,871
27,889
27,913
27,985
28,45
28,274
28,278
28,358
28,412
28,512
28,525
28,565
28,736
28,839
28,879
28,886
28,904
28,925
28,992
28,998
28,999
29,64
29,75
29,87
29,92
29,98
29,153
29,177
29,184
29,192
29,226
29,350
29,359
29,360
29,396
29,398
29,400
29,417
29,545
29,554
29,570
29,574
29,587
29,591
29,592
29,618
29,623
29,640
29,667
29,680
29,689
29,702
29,712
29,729
29,735
29,781
29,782
29,787
29,818
29,843
29,909
29,994
30,31
30,40
30,76
30,104
30,119
30,159
30,162
30,214
30,215
30,245
30,338
30,346
30,361
30,450
30,480
30,531
30,580
30,596
30,617
30,649
30,662
30,672
30,703
30,710
30,797
30,800
30,817
30,868
30,869
30,947
30,966
31,37
31,106
31,115
31,122
31,138
31,202
31,238
31,239
31,251
31,355
31,357
31,373
31,390
31,398
31,418
31,419
31,458
31,520
31,551
31,624
31,696
31,714
31,722
31,740
31,742
31,774
31,788
31,826
31,843
31,901
31,995
32,53
32,191
32,196
32,211
32,240
32,253
32,315
32,364
32,367
32,390
32,436
32,469
32,485
32,519
32,542
32,557
32,620
32,636
32,666
32,688
32,750
32,774
32,777
32,814
32,885
32,906
32,914
32,915
32,969
32,973
33,70
33,74
33,176
33,191
33,209
33,244
33,245
33,257
33,270
33,315
33,360
33,369
33,380
33,382
33,436
33,462
33,485
33,508
33,563
33,564
33,577
33,578
33,579
33,588
33,603
33,666
33,679
33,684
33,686
33,701
33,725
33,810
33,858
33,865
33,874
33,920
33,950
33,951
33,952
33,967
33,972
33,985
34,45
34,63
34,86
34,200
34,213
34,244
34,290
34,291
34,296
34,338
34,362
34,404
34,420
34,465
34,491
34,493
34,525
34,579
34,587
34,638
34,691
34,726
34,730
34,748
34,759
34,769
34,817
34,838
34,840
34,855
34,878
34,901
34,954
34,962
35,147
35,237
35,299
35,348
35,400
35,447
35,452
35,478
35,502
35,520
35,616
35,620
35,650
35,715
35,735
35,753
35,761
35,779
35,896
35,923
36,47
36,77
36,86
36,103
36,107
36,159
36,264
36,291
36,322
36,347
36,355
36,439
36,468
36,473
36,521
36,555
36,565
36,651
36,709
36,715
36,769
36,795
36,839
36,872
36,894
36,956
36,962
36,998
36,999
37,44
37,60
37,63
37,70
37,77
37,95
37,101
37,104
37,141
37,163
37,199
37,218
37,232
37,249
37,254
37,280
37,288
37,289
37,304
37,310
37,326
37,353
37,356
37,357
37,369
37,370
37,377
37,380
37,383
37,385
37,386
37,390
37,397
37,416
37,418
37,421
37,422
37,424
37,433
37,488
37,508
37,516
37,551
37,564
37,580
37,602
37,606
37,608
37,624
37,674
37,680
37,691
37,713
37,716
37,742
37,746
37,797
37,806
37,845
37,875
37,891
37,897
37,907
37,950
37,982
38,48
38,52
38,55
38,103
38,143
38,151
38,182
38,186
38,202
38,288
38,317
38,325
38,328
38,388
38,437
38,446
38,457
38,538
38,664
38,703
38,761
38,815
38,825
38,928
39,59
39,72
39,117
39,189
39,198
39,201
39,212
39,228
39,263
39,265
39,267
39,270
39,332
39,368
39,379
39,390
39,426
39,445
39,449
39,452
39,460
39,463
39,533
39,549
39,592
39,621
39,637
39,688
39,700
39,729
39,731
39,733
39,735
39,797
39,900
39,914
39,946
39,986
39,994
40,47
40,56
40,66
40,74
40,76
40,82
40,89
40,104
40,110
40,118
40,123
40,136
40,142
40,218
40,231
40,258
40,270
40,273
40,280
40,284
40,302
40,317
40,332
40,364
40,369
40,401
40,406
40,430
40,431
40,465
40,467
40,479
40,485
40,547
40,548
40,578
40,584
40,588
40,624
40,631
40,644
40,652
40,657
40,666
40,686
40,696
40,701
40,707
40,713
40,717
40,736
40,764
40,766
40,769
40,770
40,773
40,774
40,808
40,812
40,874
40,879
40,891
40,897
40,908
40,913
40,941
40,944
40,963
40,979
40,983
40,989
41,45
41,54
41,80
41,90
41,107
41,115
41,223
41,235
41,256
41,291
41,297
41,375
41,416
41,424
41,452
41,460
41,462
41,471
41,514
41,555
41,587
41,610
41,619
41,628
41,651
41,709
41,719
41,720
41,736
41,761
41,802
41,832
41,856
41,859
41,864
41,903
41,906
41,930
41,937
41,960
41,968
41,990
42,54
42,63
42,129
42,197
42,238
42,263
42,302
42,341
42,376
42,378
42,388
42,405
42,406
42,415
42,488
42,491
42,513
42,537
42,548
42,549
42,551
42,574
42,616
42,674
42,678
42,681
42,684
42,687
42,694
42,714
42,731
42,764
42,765
42,771
42,816
42,834
42,869
42,881
42,882
42,900
42,901
43,91
43,95
43,98
43,117
43,142
43,177
43,201
43,218
43,227
43,294
43,295
43,389
43,434
43,446
43,473
43,476
43,478
43,497
43,505
43,520
43,521
43,529
43,544
43,545
43,559
43,566
43,577
43,591
43,600
43,617
43,620
43,641
43,656
43,735
43,782
43,824
43,956
44,49
44,75
44,87
44,165
44,187
44,246
44,320
44,343
44,429
44,477
44,512
44,514
44,530
44,555
44,681
44,687
44,732
44,769
44,924
44,988
44,993
45,68
45,90
45,98
45,126
45,149
45,155
45,171
45,176
45,178
45,202
45,235
45,252
45,265
45,291
45,298
45,329
45,335
45,355
45,358
45,360
45,412
45,421
45,435
45,447
45,456
45,516
45,564
45,587
45,610
45,635
45,638
45,651
45,675
45,705
45,720
45,742
45,752
45,767
45,769
45,832
45,839
45,854
45,872
45,887
45,888
45,910
45,925
45,932
45,943
45,950
45,957
45,968
45,975
45,978
45,986
45,999
46,190
46,205
46,211
46,244
46,270
46,271
46,297
46,298
46,302
46,325
46,331
46,350
46,360
46,366
46,367
46,368
46,393
46,433
46,482
46,496
46,498
46,590
46,627
46,670
46,676
46,687
46,694
46,702
46,720
46,755
46,756
46,811
46,853
46,863
46,865
46,881
46,905
46,945
46,947
46,959
46,986
46,996
47,51
47,54
47,138
47,146
47,210
47,216
47,249
47,282
47,309
47,353
47,446
47,481
47,510
47,516
47,523
47,533
47,582
47,590
47,624
47,691
47,747
47,814
47,831
47,948
47,980
48,68
48,82
48,87
48,97
48,125
48,143
48,159
48,171
48,181
48,190
48,223
48,227
48,247
48,252
48,265
48,292
48,318
48,335
48,358
48,363
48,377
48,388
48,405
48,456
48,468
48,483
48,525
48,578
48,618
48,663
48,685
48,703
48,723
48,726
48,744
48,749
48,760
48,765
48,812
48,813
48,820
48,828
48,832
48,837
48,840
48,851
48,877
48,887
48,893
48,914
48,930
48,932
48,933
48,939
48,947
48,951
48,981
49,81
49,112
49,140
49,143
49,165
49,186
49,203
49,209
49,213
49,235
49,250
49,300
49,320
49,343
49,345
49,429
49,432
49,444
49,460
49,512
49,514
49,518
49,521
49,532
49,555
49,569
49,611
49,612
49,614
49,653
49,664
49,681
49,704
49,706
49,717
49,719
49,724
49,732
49,735
49,791
49,792
49,804
49,815
49,851
49,891
49,896
49,924
49,930
49,950
49,988
49,990
50,81
50,83
50,98
50,147
50,148
50,211
50,212
50,231
50,261
50,277
50,451
50,479
50,495
50,512
50,554
50,612
50,618
50,641
50,650
50,659
50,702
50,737
50,767
50,787
50,856
50,861
50,896
50,990
51,58
51,77
51,78
51,113
51,125
51,158
51,164
51,254
51,259
51,297
51,326
51,362
51,403
51,423
51,427
51,450
51,461
51,494
51,564
51,567
51,573
51,580
51,616
51,649
51,666
51,702
51,781
51,786
51,837
51,841
51,854
51,872
51,877
51,921
51,930
51,934
51,939
51,941
51,989
52,54
52,94
52,140
52,143
52,159
52,160
52,183
52,209
52,227
52,235
52,250
52,256
52,276
52,313
52,322
52,335
52,350
52,356
52,375
52,377
52,411
52,432
52,437
52,439
52,451
52,456
52,530
52,539
52,545
52,555
52,569
52,587
52,599
52,610
52,651
52,658
52,690
52,716
52,769
52,791
52,794
52,832
52,842
52,855
52,858
52,877
52,893
52,894
52,916
52,927
52,942
52,959
52,985
52,991
52,993
53,79
53,151
53,226
53,234
53,237
53,243
53,268
53,272
53,308
53,312
53,327
53,328
53,383
53,453
53,477
53,534
53,538
53,613
53,732
53,737
53,768
53,885
53,904
53,916
53,928
54,59
54,63
54,111
54,112
54,113
54,118
54,122
54,127
54,132
54,145
54,168
54,189
54,201
54,205
54,212
54,226
54,232
54,264
54,270
54,286
54,309
54,310
54,353
54,359
54,379
54,404
54,408
54,419
54,438
54,440
54,513
54,541
54,608
54,611
54,678
54,684
54,687
54,691
54,698
54,756
54,764
54,785
54,810
54,816
54,821
54,834
54,849
54,850
54,864
54,894
54,905
54,911
54,914
55,57
55,120
55,126
55,151
55,165
55,171
55,209
55,227
55,246
55,292
55,301
55,313
55,317
55,371
55,422
55,444
55,487
55,493
55,509
55,543
55,614
55,622
55,716
55,792
55,793
55,794
55,815
55,822
55,883
55,968
56,66
56,101
56,117
56,123
56,136
56,167
56,181
56,205
56,231
56,273
56,277
56,315
56,318
56,332
56,353
56,364
56,385
56,420
56,547
56,551
56,557
56,578
56,588
56,631
56,667
56,800
56,853
56,857
56,887
56,897
56,918
56,963
56,979
57,126
57,165
57,186
57,261
57,292
57,313
57,317
57,361
57,375
57,417
57,422
57,439
57,445
57,453
57,457
57,576
57,614
57,635
57,648
57,654
57,693
57,716
57,720
57,784
57,792
57,793
57,815
57,822
57,825
57,833
57,893
57,909
57,919
57,928
57,934
57,935
58,78
58,91
58,182
58,199
58,234
58,245
58,254
58,285
58,305
58,326
58,335
58,337
58,388
58,392
58,403
58,432
58,453
58,483
58,573
58,580
58,665
58,714
58,720
58,734
58,786
58,802
58,822
58,827
58,833
58,837
58,889
58,939
59,71
59,81
59,126
59,129
59,225
59,264
59,270
59,290
59,359
59,376
59,395
59,419
59,421
59,432
59,541
59,549
59,560
59,625
59,678
59,697
59,714
59,798
59,805
59,810
59,824
59,862
59,894
59,916
60,93
60,128
60,133
60,232
60,251
60,271
60,311
60,474
60,624
60,634
60,713
60,716
60,722
60,819
60,826
60,943
60,983
61,100
61,139
61,159
61,208
61,231
61,328
61,388
61,423
61,496
61,596
61,776
61,784
61,804
61,910
61,921
61,941
62,66
62,74
62,153
62,165
62,176
62,178
62,184
62,194
62,220
62,251
62,313
62,315
62,357
62,373
62,390
62,406
62,425
62,427
62,430
62,436
62,507
62,533
62,595
62,616
62,652
62,666
62,687
62,696
62,725
62,772
62,788
62,819
62,874
62,882
62,920
62,931
62,964
62,983
63,106
63,111
63,112
63,129
63,130
63,132
63,146
63,154
63,189
63,204
63,205
63,228
63,236
63,238
63,240
63,244
63,267
63,270
63,286
63,290
63,295
63,310
63,319
63,325
63,331
63,341
63,352
63,353
63,366
63,376
63,406
63,440
63,446
63,460
63,485
63,494
63,498
63,507
63,509
63,510
63,511
63,513
63,516
63,535
63,540
63,541
63,549
63,577
63,590
63,594
63,604
63,614
63,633
63,675
63,683
63,684
63,687
63,688
63,691
63,692
63,694
63,699
63,717
63,729
63,731
63,739
63,764
63,768
63,774
63,780
63,789
63,810
63,814
63,816
63,821
63,826
63,834
63,849
63,853
63,860
63,865
63,874
63,897
63,944
63,986
63,997
64,75
64,81
64,117
64,132
64,135
64,136
64,148
64,177
64,194
64,205
64,226
64,242
64,295
64,298
64,331
64,389
64,414
64,419
64,433
64,452
64,457
64,529
64,546
64,552
64,592
64,609
64,637
64,689
64,700
64,711
64,715
64,741
64,778
64,827
64,843
64,909
64,977
65,89
65,115
65,174
65,217
65,230
65,309
65,328
65,361
65,386
65,446
65,461
65,557
65,626
65,659
65,682
65,734
65,804
65,868
65,880
65,921
65,989
66,72
66,74
66,77
66,87
66,115
66,118
66,123
66,127
66,163
66,168
66,176
66,191
66,196
66,224
66,249
66,251
66,260
66,279
66,353
66,364
66,380
66,386
66,399
66,418
66,440
66,462
66,469
66,485
66,490
66,547
66,548
66,563
66,573
66,584
66,586
66,588
66,595
66,624
66,630
66,647
66,666
66,692
66,696
66,713
66,744
66,747
66,764
66,770
66,772
66,774
66,782
66,804
66,812
66,816
66,819
66,832
66,833
66,868
66,885
66,913
66,914
66,920
66,924
66,952
66,972
66,995
66,999
67,78
67,85
67,96
67,105
67,114
67,136
67,150
67,190
67,235
67,283
67,290
67,386
67,395
67,431
67,484
67,492
67,504
67,505
67,542
67,564
67,661
67,695
67,711
67,746
67,774
67,790
67,811
67,823
67,829
67,836
67,857
67,870
67,920
67,969
67,971
68,80
68,97
68,149
68,160
68,171
68,181
68,202
68,209
68,223
68,274
68,278
68,285
68,297
68,358
68,391
68,420
68,453
68,485
68,534
68,580
68,589
68,611
68,615
68,624
68,641
68,698
68,709
68,767
68,768
68,781
68,790
68,840
68,848
68,851
68,877
68,893
68,901
68,905
68,925
68,930
68,932
68,957
68,968
68,996
69,238
69,270
69,290
69,324
69,372
69,408
69,445
69,463
69,470
69,583
69,637
69,646
69,715
69,756
69,919
69,979
70,93
70,107
70,113
70,171
70,232
70,235
70,256
70,264
70,289
70,299
70,311
70,357
70,363
70,385
70,386
70,390
70,437
70,455
70,481
70,516
70,579
70,687
70,708
70,719
70,722
70,739
70,745
70,826
70,828
70,858
70,865
70,878
70,896
70,911
70,979
70,995
71,99
71,107
71,109
71,160
71,181
71,187
71,192
71,358
71,377
71,423
71,468
71,490
71,636
71,693
71,704
71,719
71,726
71,768
71,799
71,800
71,809
71,827
71,837
71,866
71,886
71,896
71,901
71,904
71,925
71,932
71,951
71,999
72,89
72,122
72,138
72,150
72,174
72,190
72,208
72,258
72,277
72,279
72,281
72,323
72,330
72,336
72,352
72,372
72,382
72,440
72,465
72,480
72,485
72,489
72,492
72,510
72,529
72,541
72,542
72,580
72,584
72,586
72,595
72,616
72,629
72,661
72,667
72,682
72,713
72,728
72,774
72,789
72,823
72,835
72,840
72,857
72,879
72,902
72,906
72,908
72,911
72,963
72,997
72,999
73,82
73,108
73,113
73,125
73,137
73,142
73,164
73,208
73,215
73,254
73,327
73,356
73,387
73,388
73,401
73,416
73,423
73,446
73,464
73,524
73,567
73,599
73,645
73,649
73,665
73,677
73,706
73,710
73,734
73,741
73,771
73,809
73,833
73,894
73,897
73,917
73,921
73,939
73,947
74,96
74,163
74,164
74,176
74,251
74,310
74,321
74,324
74,357
74,367
74,370
74,399
74,406
74,419
74,436
74,485
74,495
74,568
74,666
74,669
74,713
74,722
74,725
74,798
74,808
74,823
74,850
74,858
74,879
74,906
74,920
74,952
74,972
74,979
75,142
75,148
75,180
75,194
75,389
75,443
75,447
75,552
75,609
75,660
75,698
75,700
75,711
75,778
75,782
75,848
75,860
75,867
75,884
75,905
75,906
75,909
75,938
75,977
76,77
76,81
76,93
76,115
76,120
76,133
76,159
76,185
76,247
76,294
76,338
76,344
76,420
76,432
76,438
76,458
76,484
76,491
76,493
76,513
76,530
76,578
76,587
76,635
76,644
76,652
76,675
76,687
76,704
76,717
76,736
76,742
76,759
76,767
76,807
76,809
76,838
76,842
76,857
76,864
76,887
76,914
76,933
76,962
76,966
76,995
77,78
77,101
77,115
77,133
77,145
77,146
77,167
77,170
77,214
77,239
77,245
77,275
77,277
77,318
77,320
77,348
77,368
77,370
77,377
77,383
77,386
77,399
77,418
77,421
77,425
77,468
77,474
77,482
77,493
77,551
77,564
77,577
77,614
77,616
77,617
77,669
77,674
77,682
77,687
77,710
77,731
77,737
77,770
77,773
77,797
77,798
77,858
77,864
77,877
77,880
77,892
77,907
77,913
77,933
77,941
77,944
77,979
77,982
78,81
78,82
78,107
78,113
78,158
78,159
78,160
78,178
78,187
78,217
78,234
78,253
78,254
78,268
78,285
78,299
78,326
78,337
78,346
78,362
78,392
78,399
78,403
78,420
78,427
78,429
78,431
78,461
78,462
78,483
78,524
78,534
78,573
78,576
78,584
78,599
78,613
78,664
78,665
78,670
78,706
78,707
78,723
78,734
78,742
78,760
78,771
78,781
78,786
78,802
78,820
78,837
78,841
78,851
78,854
78,864
78,866
78,875
78,877
78,889
78,918
78,921
78,926
78,927
78,930
78,933
78,936
78,937
78,939
78,951
78,960
78,965
79,103
79,165
79,166
79,178
79,182
79,187
79,214
79,250
79,256
79,317
79,333
79,345
79,347
79,356
79,375
79,411
79,432
79,466
79,487
79,521
79,569
79,572
79,614
79,653
79,664
79,716
79,752
79,792
79,809
79,822
79,852
79,855
79,862
79,866
79,896
79,903
79,916
79,935
79,967
79,993
80,115
80,181
80,232
80,239
80,252
80,258
80,278
80,285
80,300
80,344
80,358
80,411
80,432
80,443
80,456
80,471
80,493
80,525
80,550
80,565
80,589
80,617
80,632
80,662
80,669
80,680
80,687
80,724
80,726
80,736
80,767
80,768
80,785
80,797
80,807
80,809
80,837
80,840
80,875
80,876
80,888
80,893
80,897
80,901
80,904
80,907
80,932
80,936
80,962
80,964
80,965
81,83
81,90
81,103
81,155
81,156
81,181
81,198
81,209
81,265
81,274
81,297
81,307
81,347
81,387
81,398
81,405
81,444
81,446
81,447
81,450
81,471
81,494
81,498
81,499
81,506
81,509
81,541
81,543
81,555
81,561
81,578
81,608
81,612
81,615
81,641
81,644
81,680
81,703
81,720
81,732
81,737
81,744
81,749
81,769
81,791
81,814
81,822
81,826
81,832
81,848
81,856
81,864
81,877
81,886
81,894
81,895
81,898
81,903
81,910
81,919
81,929
81,934
81,948
81,960
81,963
81,967
81,981
81,990
81,993
82,125
82,128
82,135
82,143
82,160
82,172
82,185
82,210
82,231
82,241
82,257
82,275
82,283
82,285
82,303
82,326
82,328
82,337
82,339
82,344
82,354
82,361
82,387
82,388
82,391
82,401
82,423
82,431
82,441
82,442
82,454
82,457
82,464
82,493
82,531
82,550
82,553
82,557
82,567
82,571
82,578
82,614
82,626
82,645
82,659
82,667
82,677
82,679
82,692
82,734
82,764
82,767
82,771
82,804
82,815
82,817
82,864
82,868
82,892
82,919
82,936
82,947
82,992
83,95
83,98
83,162
83,192
83,246
83,261
83,274
83,333
83,360
83,400
83,476
83,479
83,495
83,499
83,515
83,554
83,592
83,609
83,640
83,641
83,650
83,680
83,704
83,787
83,801
83,846
83,887
83,894
83,895
83,896
83,958
84,112
84,155
84,166
84,175
84,186
84,273
84,274
84,276
84,343
84,348
84,410
84,412
84,426
84,459
84,499
84,506
84,530
84,532
84,539
84,641
84,787
84,839
84,873
84,903
84,937
84,975
85,105
85,150
85,174
85,334
85,352
85,413
85,516
85,523
85,629
85,633
85,661
85,754
85,774
85,829
85,906
85,931
85,971
85,974
86,103
86,171
86,214
86,312
86,322
86,435
86,500
86,611
86,644
86,724
86,744
86,808
86,813
86,864
86,872
86,888
86,975
86,998
87,90
87,98
87,103
87,112
87,113
87,140
87,149
87,155
87,166
87,175
87,187
87,197
87,209
87,227
87,254
87,256
87,274
87,276
87,281
87,297
87,305
87,317
87,322
87,325
87,329
87,333
87,343
87,348
87,402
87,404
87,411
87,425
87,451
87,457
87,466
87,512
87,530
87,572
87,579
87,611
87,612
87,614
87,628
87,653
87,664
87,690
87,719
87,733
87,744
87,758
87,767
87,789
87,791
87,794
87,814
87,842
87,855
87,856
87,862
87,883
87,894
87,895
87,903
87,924
87,934
87,939
87,942
87,947
87,993
88,114
88,150
88,174
88,190
88,191
88,214
88,240
88,279
88,312
88,323
88,342
88,350
88,469
88,486
88,526
88,558
88,603
88,678
88,795
88,814
88,867
88,904
88,969
89,93
89,123
89,218
89,266
89,312
89,332
89,364
89,448
89,547
89,657
89,859
89,897
89,931
89,979
90,97
90,103
90,149
90,156
90,160
90,171
90,175
90,181
90,223
90,276
90,291
90,292
90,297
90,355
90,375
90,378
90,403
90,438
90,439
90,494
90,499
90,525
90,527
90,548
90,587
90,597
90,619
90,651
90,670
90,691
90,693
90,719
90,726
90,736
90,744
90,757
90,769
90,787
90,797
90,802
90,804
90,831
90,835
90,839
90,869
90,897
90,916
90,925
90,962
90,990
90,999
91,92
91,95
91,98
91,132
91,142
91,148
91,177
91,190
91,212
91,222
91,261
91,267
91,294
91,295
91,365
91,368
91,389
91,397
91,417
91,426
91,434
91,443
91,452
91,463
91,473
91,476
91,543
91,544
91,554
91,566
91,591
91,597
91,620
91,640
91,641
91,656
91,690
91,699
91,705
91,824
91,843
91,844
91,856
91,909
91,912
91,923
91,938
91,958
91,959
92,96
92,98
92,148
92,153
92,177
92,194
92,200
92,226
92,315
92,358
92,387
92,397
92,417
92,424
92,447
92,463
92,473
92,529
92,540
92,544
92,545
92,587
92,591
92,609
92,618
92,640
92,643
92,656
92,660
92,662
92,665
92,668
92,700
92,702
92,705
92,719
92,733
92,787
92,801
92,824
92,843
92,849
92,860
92,864
92,867
92,868
92,909
92,915
92,946
93,107
93,131
93,145
93,173
93,257
93,269
93,293
93,372
93,421
93,579
93,622
93,624
93,641
93,720
93,728
93,765
93,828
93,880
93,896
93,941
93,995
94,156
94,166
94,213
94,232
94,237
94,265
94,274
94,310
94,394
94,398
94,418
94,446
94,450
94,452
94,460
94,501
94,502
94,509
94,561
94,566
94,587
94,612
94,638
94,651
94,656
94,719
94,720
94,732
94,752
94,782
94,832
94,895
94,929
94,933
94,934
94,945
94,954
94,960
94,981
95,96
95,142
95,148
95,153
95,170
95,177
95,212
95,242
95,262
95,295
95,397
95,424
95,440
95,449
95,470
95,471
95,509
95,511
95,513
95,529
95,544
95,545
95,552
95,570
95,581
95,591
95,640
95,643
95,650
95,656
95,683
95,687
95,804
95,843
95,860
95,864
95,865
95,867
95,890
95,944
95,973
95,994
96,117
96,148
96,159
96,211
96,242
96,271
96,290
96,298
96,325
96,367
96,379
96,402
96,405
96,414
96,424
96,447
96,449
96,470
96,539
96,552
96,577
96,590
96,592
96,605
96,617
96,618
96,655
96,715
96,729
96,735
96,741
96,811
96,818
96,860
96,898
96,900
96,905
96,926
96,944
96,959
97,103
97,160
97,171
97,202
97,210
97,223
97,227
97,265
97,300
97,329
97,338
97,356
97,388
97,416
97,429
97,437
97,456
97,494
97,530
97,573
97,587
97,674
97,693
97,732
97,749
97,769
97,784
97,810
97,820
97,825
97,837
97,851
97,852
97,855
97,866
97,893
97,926
97,939
97,942
97,957
97,968
97,987
97,991
98,132
98,134
98,177
98,192
98,237
98,244
98,261
98,290
98,405
98,417
98,446
98,478
98,495
98,515
98,520
98,521
98,540
98,554
98,591
98,596
98,597
98,620
98,641
98,650
98,684
98,704
98,735
98,751
98,782
98,787
98,896
98,923
98,958
98,968
98,999
99,142
99,257
99,264
99,284
99,290
99,363
99,409
99,449
99,497
99,511
99,536
99,592
99,594
99,609
99,620
99,621
99,637
99,656
99,660
99,676
99,741
99,779
99,808
99,861
99,905
99,944
100,206
100,245
100,253
100,257
100,259
100,362
100,387
100,388
100,401
100,454
100,494
100,567
100,599
100,647
100,670
100,706
100,723
100,776
100,785
100,800
100,837
100,877
100,917
100,921
100,939
100,951
101,115
101,120
101,137
101,141
101,146
101,160
101,167
101,173
101,185
101,186
101,195
101,214
101,217
101,239
101,265
101,277
101,285
101,288
101,293
101,304
101,318
101,319
101,353
101,364
101,418
101,421
101,428
101,438
101,451
101,464
101,469
101,533
101,537
101,538
101,541
101,545
101,557
101,578
101,579
101,586
101,600
101,601
101,617
101,624
101,632
101,668
101,669
101,686
101,694
101,710
101,716
101,729
101,730
101,749
101,760
101,767
101,797
101,806
101,833
101,873
101,876
101,878
101,880
101,885
101,892
101,901
101,907
101,936
101,941
101,979
101,982
101,997
102,110
102,207
102,218
102,230
102,260
102,277
102,315
102,326
102,332
102,386
102,392
102,490
102,492
102,505
102,517
102,584
102,586
102,588
102,624
102,659
102,686
102,696
102,701
102,713
102,766
102,835
102,963
102,964
103,107
103,165
103,175
103,181
103,195
103,213
103,218
103,235
103,266
103,267
103,291
103,297
103,303
103,338
103,347
103,348
103,363
103,371
103,380
103,468
103,491
103,499
103,515
103,521
103,529
103,578
103,587
103,591
103,608
103,611
103,616
103,635
103,644
103,656
103,675
103,679
103,692
103,694
103,709
103,713
103,726
103,730
103,731
103,749
103,781
103,787
103,825
103,832
103,839
103,864
103,870
103,872
103,887
103,932
103,975
103,990
103,998
103,999
104,115
104,197
104,214
104,217
104,303
104,493
104,503
104,531
104,556
104,596
104,617
104,679
104,833
104,869
104,875
104,914
104,930
104,941
104,965
104,966
105,117
105,261
105,270
105,302
105,357
105,390
105,402
105,446
105,544
105,546
105,591
105,640
105,727
105,733
105,912
105,977
106,127
106,129
106,162
106,187
106,204
106,267
106,315
106,409
106,465
106,574
106,687
106,691
106,697
106,746
106,749
106,780
106,810
106,816
106,995
107,213
107,235
107,265
107,276
107,322
107,340
107,347
107,371
107,394
107,412
107,521
107,543
107,577
107,594
107,611
107,635
107,651
107,703
107,719
107,761
107,788
107,815
107,872
107,886
107,905
107,922
107,945
107,946
107,960
107,988
107,990
108,113
108,124
108,149
108,164
108,206
108,230
108,254
108,257
108,403
108,431
108,464
108,567
108,670
108,682
108,706
108,854
108,910
108,947
109,135
109,296
109,300
109,308
109,354
109,358
109,378
109,484
109,567
109,591
109,670
109,690
109,694
109,768
109,904
109,930
109,939
109,964
110,118
110,195
110,214
110,254
110,270
110,277
110,318
110,328
110,349
110,388
110,465
110,481
110,531
110,557
110,567
110,583
110,598
110,600
110,632
110,800
110,814
110,910
110,911
110,957
110,976
110,979
111,129
111,132
111,136
111,176
111,209
111,212
111,225
111,270
111,285
111,286
111,309
111,310
111,359
111,371
111,376
111,389
111,405
111,406
111,431
111,438
111,440
111,446
111,449
111,498
111,502
111,517
111,532
111,536
111,541
111,549
111,576
111,577
111,596
111,604
111,608
111,610
111,611
111,612
111,641
111,678
111,687
111,691
111,704
111,729
111,740
111,756
111,764
111,765
111,778
111,782
111,810
111,816
111,834
111,845
111,849
111,863
111,864
111,882
111,962
111,973
111,980
112,140
112,142
112,175
112,178
112,203
112,246
112,348
112,410
112,452
112,512
112,514
112,612
112,629
112,658
112,758
112,821
112,873
112,891
112,894
112,914
112,929
112,960
113,176
113,194
113,234
113,240
113,253
113,254
113,257
113,362
113,365
113,391
113,401
113,427
113,461
113,524
113,525
113,557
113,599
113,613
113,707
113,723
113,817
113,866
113,917
113,921
113,924
113,939
113,980
113,999
114,136
114,167
114,174
114,240
114,258
114,281
114,314
114,315
114,323
114,342
114,390
114,436
114,458
114,469
114,485
114,490
114,523
114,629
114,661
114,667
114,728
114,750
114,823
114,835
114,840
114,847
114,885
114,906
114,940
114,980
114,985
114,997
115,118
115,138
115,141
115,160
115,167
115,191
115,217
115,220
115,240
115,255
115,273
115,287
115,315
115,358
115,367
115,386
115,418
115,419
115,421
115,493
115,499
115,505
115,516
115,531
115,541
115,554
115,557
115,562
115,624
115,639
115,659
115,669
115,686
115,687
115,709
115,717
115,756
115,759
115,797
115,800
115,813
115,851
115,858
115,859
115,882
115,889
115,907
115,947
115,963
115,965
115,982
115,990
116,136
116,240
116,258
116,290
116,315
116,323
116,399
116,409
116,469
116,490
116,606
116,629
116,636
116,647
116,662
116,666
116,708
116,725
116,726
116,739
116,777
116,836
116,906
116,931
117,130
117,142
117,148
117,194
117,197
117,205
117,233
117,237
117,258
117,270
117,271
117,284
117,290
117,295
117,298
117,374
117,379
117,402
117,414
117,417
117,437
117,443
117,451
117,463
117,470
117,496
117,544
117,545
117,552
117,570
117,591
117,592
117,637
117,640
117,660
117,690
117,698
117,711
117,715
117,727
117,733
117,735
117,741
117,843
117,850
117,865
117,867
117,896
117,912
117,932
117,949
117,959
117,977
118,141
118,198
118,217
118,221
118,230
118,258
118,273
118,277
118,299
118,318
118,416
118,465
118,467
118,480
118,557
118,583
118,626
118,652
118,657
118,665
118,666
118,725
118,728
118,736
118,767
118,770
118,800
118,840
118,875
118,876
118,892
118,897
118,979
119,128
119,215
119,261
119,264
119,275
119,337
119,380
119,456
119,579
119,626
119,645
119,706
119,734
119,771
119,776
119,804
119,876
119,936
119,939
120,185
120,229
120,231
120,274
120,275
120,303
120,337
120,387
120,497
120,537
120,571
120,599
120,665
120,677
120,734
120,771
120,830
120,834
120,865
120,899
120,915
120,992
121,162
121,221
121,240
121,275
121,283
121,344
121,376
121,431
121,441
121,464
121,550
121,613
121,659
121,669
121,696
121,710
121,747
121,773
121,784
121,791
121,800
121,817
121,936
121,981
122,186
122,218
122,255
122,257
122,277
122,328
122,350
122,357
122,364
122,380
122,382
122,419
122,427
122,448
122,488
122,548
122,564
122,574
122,578
122,616
122,652
122,669
122,707
122,723
122,747
122,766
122,858
122,874
122,914
122,920
122,983
122,997
123,141
123,161
123,164
123,218
123,273
123,280
123,318
123,333
123,391
123,399
123,430
123,484
123,489
123,588
123,639
123,686
123,713
123,724
123,770
123,803
123,879
123,918
123,963
123,989
124,159
124,163
124,206
124,214
124,230
124,296
124,322
124,346
124,361
124,391
124,401
124,477
124,500
124,531
124,558
124,596
124,649
124,670
124,682
124,768
124,802
124,876
124,928
124,939
124,989
125,172
125,257
125,280
125,321
125,387
125,401
125,524
125,626
125,670
125,672
125,723
125,776
125,804
125,817
125,858
125,910
125,917
126,135
126,172
126,181
126,182
126,183
126,265
126,297
126,313
126,375
126,457
126,538
126,556
126,569
126,614
126,658
126,716
126,718
126,784
126,793
126,815
126,851
126,855
126,883
126,919
126,930
126,935
126,959
126,968
127,130
127,141
127,168
127,204
127,224
127,244
127,263
127,273
127,290
127,304
127,331
127,334
127,350
127,376
127,393
127,405
127,408
127,409
127,440
127,482
127,532
127,546
127,568
127,594
127,604
127,620
127,631
127,688
127,691
127,717
127,721
127,729
127,764
127,789
127,808
127,814
127,836
127,874
127,885
127,898
127,900
127,973
127,986
127,996
128,175
128,185
128,205
128,221
128,241
128,275
128,283
128,299
128,303
128,327
128,328
128,335
128,337
128,339
128,387
128,388
128,401
128,423
128,425
128,441
128,442
128,454
128,480
128,527
128,550
128,553
128,571
128,596
128,617
128,626
128,632
128,650
128,659
128,679
128,682
128,734
128,766
128,767
128,771
128,773
128,804
128,817
128,867
128,914
128,936
128,946
129,138
129,146
129,159
129,173
129,175
129,196
129,204
129,205
129,220
129,238
129,239
129,310
129,362
129,409
129,421
129,436
129,460
129,476
129,497
129,516
129,520
129,521
129,549
129,551
129,564
129,577
129,579
129,608
129,630
129,656
129,678
129,687
129,691
129,720
129,729
129,746
129,764
129,765
129,795
129,810
129,816
129,826
129,862
129,881
129,913
129,944
129,975
129,986
130,131
130,139
130,204
130,211
130,224
130,248
130,258
130,273
130,302
130,319
130,336
130,406
130,425
130,438
130,455
130,486
130,496
130,498
130,507
130,510
130,516
130,533
130,564
130,579
130,594
130,688
130,750
130,765
130,806
130,853
130,881
130,914
130,997
131,184
131,224
131,225
131,236
131,242
131,260
131,282
131,319
131,323
131,324
131,348
131,352
131,367
131,376
131,385
131,399
131,406
131,420
131,433
131,455
131,498
131,508
131,516
131,594
131,631
131,688
131,729
131,731
131,750
131,779
131,788
131,790
131,853
131,870
131,884
131,915
131,980
132,196
132,197
132,204
132,211
132,225
132,238
132,244
132,263
132,271
132,280
132,290
132,298
132,302
132,351
132,359
132,406
132,408
132,417
132,428
132,440
132,445
132,455
132,470
132,491
132,497
132,507
132,544
132,560
132,584
132,590
132,697
132,711
132,717
132,729
132,735
132,756
132,810
132,821
132,844
132,853
132,863
132,865
132,880
132,896
132,897
132,944
132,949
132,974
132,986
132,996
133,145
133,157
133,167
133,184
133,224
133,259
133,531
133,539
133,602
133,626
133,659
133,669
133,738
133,751
133,767
133,775
133,807
133,877
133,932
133,982
133,989
134,154
134,180
134,306
134,349
134,379
134,406
134,447
134,473
134,476
134,479
134,540
134,545
134,554
134,566
134,585
134,618
134,623
134,656
134,745
134,861
135,181
135,182
135,187
135,199
135,251
135,256
135,259
135,272
135,313
135,351
135,356
135,357
135,358
135,399
135,403
135,416
135,437
135,439
135,440
135,457
135,468
135,494
135,538
135,610
135,614
135,619
135,653
135,656
135,663
135,664
135,690
135,701
135,711
135,716
135,718
135,737
135,781
135,788
135,791
135,792
135,815
135,820
135,825
135,842
135,852
135,866
135,872
135,877
135,916
135,919
135,923
135,927
135,928
135,991
136,174
136,191
136,239
136,279
136,314
136,330
136,334
136,352
136,372
136,469
136,484
136,485
136,505
136,536
136,541
136,593
136,603
136,606
136,647
136,667
136,688
136,696
136,728
136,739
136,750
136,754
136,774
136,783
136,790
136,807
136,823
136,835
136,870
136,885
136,906
136,971
136,990
136,997
137,159
137,164
137,172
137,192
137,208
137,212
137,231
137,257
137,273
137,275
137,303
137,321
137,328
137,354
137,361
137,388
137,391
137,423
137,425
137,441
137,442
137,457
137,480
137,522
137,537
137,547
137,556
137,583
137,657
137,696
137,710
137,724
137,776
137,804
137,839
137,869
137,875
137,879
137,989
137,992
138,146
138,184
138,201
138,228
138,239
138,264
138,268
138,306
138,309
138,353
138,385
138,386
138,397
138,425
138,450
138,454
138,481
138,510
138,551
138,556
138,565
138,579
138,602
138,621
138,624
138,675
138,685
138,728
138,731
138,732
138,739
138,742
138,764
138,780
138,788
138,798
138,806
138,816
138,817
138,826
138,845
138,847
138,850
138,853
138,887
138,929
138,982
138,989
139,146
139,216
139,229
139,238
139,302
139,367
139,374
139,418
139,433
139,452
139,482
139,484
139,505
139,517
139,535
139,575
139,694
139,698
139,746
139,764
139,774
139,810
139,811
139,857
139,865
139,914
139,915
139,974
140,175
140,182
140,250
140,300
140,312
140,329
140,334
140,356
140,375
140,378
140,384
140,388
140,441
140,459
140,480
140,526
140,628
140,630
140,690
140,693
140,791
140,873
140,894
140,934
140,942
140,961
140,970
140,978
141,172
141,293
141,318
141,329
141,332
141,418
141,420
141,421
141,428
141,455
141,456
141,460
141,503
141,601
141,602
141,622
141,624
141,669
141,759
141,797
141,830
141,850
141,854
141,858
141,892
141,903
141,907
141,936
141,937
141,979
141,982
141,986
142,147
142,187
142,192
142,200
142,233
142,242
142,244
142,294
142,295
142,314
142,376
142,405
142,460
142,473
142,476
142,478
142,495
142,498
142,513
142,540
142,566
142,570
142,592
142,620
142,623
142,625
142,631
142,635
142,637
142,640
142,655
142,683
142,696
142,700
142,726
142,733
142,740
142,745
142,747
142,751
142,796
142,824
142,843
142,856
142,863
142,884
142,923
142,956
142,981
143,144
143,165
143,186
143,187
143,203
143,209
143,246
143,250
143,297
143,307
143,320
143,322
143,333
143,343
143,345
143,348
143,372
143,375
143,410
143,428
143,429
143,432
143,439
143,444
143,470
143,487
143,512
143,514
143,532
143,555
143,623
143,649
143,654
143,656
143,664
143,681
143,690
143,693
143,709
143,716
143,723
143,768
143,781
143,842
143,851
143,863
143,873
143,895
143,903
143,920
143,924
143,932
143,950
143,999
144,211
144,307
144,333
144,479
144,642
144,651
144,723
144,758
144,809
144,896
144,958
145,167
145,249
145,252
145,255
145,293
145,300
145,328
145,380
145,421
145,531
145,539
145,561
145,583
145,589
145,600
145,617
145,622
145,669
145,679
145,775
145,828
145,832
145,875
145,882
145,912
145,943
145,975
145,982
145,983
146,184
146,222
146,238
146,282
146,309
146,319
146,324
146,334
146,341
146,395
146,445
146,455
146,481
146,507
146,510
146,511
146,528
146,551
146,596
146,673
146,678
146,684
146,697
146,746
146,753
146,764
146,765
146,816
146,845
146,863
146,874
146,882
147,155
147,170
147,194
147,219
147,266
147,310
147,347
147,398
147,400
147,420
147,452
147,479
147,502
147,515
147,529
147,540
147,564
147,585
147,620
147,634
147,641
147,680
147,714
147,735
147,751
147,757
147,779
147,787
147,796
147,860
147,986
148,180
148,194
148,226
148,235
148,242
148,244
148,379
148,402
148,414
148,424
148,446
148,447
148,476
148,509
148,521
148,529
148,544
148,546
148,552
148,592
148,605
148,609
148,627
148,660
148,684
148,687
148,700
148,711
148,733
148,741
148,778
148,818
148,843
148,860
148,909
148,949
148,977
148,997
149,160
149,171
149,202
149,223
149,274
149,276
149,278
149,308
149,312
149,363
149,411
149,412
149,423
149,432
149,477
149,615
149,626
149,651
149,658
149,685
149,693
149,755
149,825
149,842
149,873
149,886
149,926
149,932
149,933
149,987
150,174
150,178
150,190
150,273
150,281
150,330
150,352
150,354
150,367
150,413
150,420
150,469
150,484
150,486
150,490
150,504
150,511
150,542
150,629
150,661
150,667
150,695
150,754
150,757
150,774
150,777
150,783
150,812
150,814
150,833
150,857
150,865
150,902
150,910
150,971
150,973
150,985
151,158
151,160
151,165
151,169
151,187
151,256
151,292
151,301
151,305
151,336
151,345
151,392
151,422
151,432
151,461
151,487
151,491
151,521
151,569
151,644
151,645
151,664
151,714
151,758
151,790
151,792
151,800
151,822
151,842
151,883
151,919
151,924
151,926
151,927
151,935
151,942
152,155
152,245
152,306
152,479
152,518
152,534
152,630
152,642
152,651
152,656
152,740
152,990
153,177
153,180
153,194
153,200
153,237
153,381
153,389
153,396
153,400
153,404
153,417
153,425
153,447
153,538
153,545
153,559
153,609
153,643
153,647
153,682
153,700
153,702
153,733
153,778
153,782
153,860
153,867
153,900
153,934
153,948
154,167
154,174
154,225
154,226
154,286
154,311
154,319
154,347
154,395
154,397
154,407
154,409
154,451
154,548
154,556
154,579
154,604
154,608
154,632
154,655
154,687
154,714
154,748
154,821
154,824
154,839
154,882
154,911
154,933
154,978
154,994
155,156
155,168
155,170
155,212
155,343
155,371
155,398
155,446
155,452
155,463
155,479
155,499
155,501
155,502
155,521
155,525
155,566
155,585
155,630
155,653
155,664
155,675
155,679
155,680
155,687
155,705
155,735
155,787
155,834
155,846
155,856
155,884
155,933
155,958
156,203
156,261
156,274
156,307
156,371
156,428
156,446
156,452
156,495
156,503
156,509
156,520
156,543
156,597
156,612
156,632
156,670
156,685
156,719
156,720
156,751
156,769
156,849
156,895
156,934
156,942
156,945
156,975
156,981
156,996
156,998
157,163
157,218
157,323
157,370
157,374
157,399
157,488
157,523
157,595
157,622
157,639
157,662
157,667
157,777
157,836
157,847
157,885
157,906
157,913
158,159
158,164
158,185
158,203
158,221
158,231
158,245
158,259
158,296
158,328
158,335
158,346
158,354
158,377
158,389
158,403
158,408
158,441
158,472
158,483
158,500
158,525
158,538
158,539
158,540
158,567
158,576
158,651
158,662
158,665
158,699
158,706
158,707
158,773
158,786
158,791
158,820
158,822
158,833
158,837
158,841
158,854
158,876
158,910
158,926
158,930
158,937
158,939
158,941
158,946
158,951
158,957
158,983
159,164
159,182
159,198
159,206
159,217
159,234
159,253
159,254
159,259
159,268
159,274
159,296
159,300
159,315
159,322
159,332
159,383
159,403
159,416
159,441
159,464
159,467
159,468
159,472
159,479
159,481
159,487
159,569
159,572
159,589
159,600
159,617
159,632
159,662
159,669
159,670
159,679
159,720
159,742
159,749
159,767
159,768
159,793
159,799
159,800
159,803
159,833
159,837
159,838
159,854
159,866
159,916
159,917
159,930
159,941
159,951
159,967
159,996
160,171
160,178
160,214
160,223
160,239
160,247
160,278
160,322
160,355
160,356
160,401
160,437
160,453
160,491
160,494
160,511
160,521
160,585
160,610
160,651
160,663
160,685
160,691
160,693
160,719
160,738
160,769
160,804
160,807
160,851
160,859
160,893
160,926
160,930
160,932
160,951
160,957
160,962
160,991
160,999
161,201
161,225
161,263
161,267
161,270
161,310
161,349
161,376
161,421
161,433
161,440
161,449
161,455
161,460
161,476
161,548
161,560
161,561
161,831
161,856
161,863
161,896
161,937
162,221
162,300
162,303
162,328
162,442
162,465
162,472
162,478
162,496
162,517
162,541
162,550
162,571
162,612
162,696
162,768
162,773
162,804
162,817
162,855
162,868
162,917
162,950
162,982
162,992
163,198
163,222
163,241
163,258
163,281
163,282
163,353
163,369
163,399
163,410
163,442
163,488
163,490
163,584
163,586
163,595
163,598
163,624
163,639
163,684
163,696
163,701
163,708
163,713
163,728
163,830
163,842
163,908
163,913
163,971
164,202
164,206
164,215
164,217
164,254
164,259
164,275
164,299
164,304
164,323
164,362
164,364
164,375
164,416
164,454
164,522
164,534
164,551
164,571
164,601
164,613
164,706
164,707
164,723
164,736
164,781
164,785
164,817
164,841
164,910
164,917
164,921
164,930
164,939
165,169
165,175
165,250
165,256
165,345
165,348
165,375
165,416
165,422
165,426
165,432
165,457
165,487
165,494
165,521
165,569
165,572
165,614
165,654
165,664
165,665
165,690
165,709
165,716
165,718
165,775
165,791
165,792
165,793
165,815
165,822
165,852
165,883
165,916
165,919
165,927
165,935
165,967
165,993
166,203
166,235
166,274
166,307
166,333
166,348
166,554
166,569
166,664
166,744
166,758
166,832
166,894
167,173
167,202
167,245
167,246
167,256
167,269
167,299
167,375
167,421
167,437
167,458
167,493
167,539
167,544
167,600
167,630
167,632
167,644
167,662
167,669
167,696
167,718
167,754
167,775
167,809
167,812
167,852
167,880
167,885
167,892
167,897
167,901
167,907
167,911
167,930
167,941
167,965
167,966
167,981
167,995
168,196
168,238
168,286
168,302
168,397
168,404
168,406
168,408
168,440
168,476
168,498
168,510
168,552
168,558
168,595
168,597
168,633
168,676
168,763
168,810
168,900
168,912
168,986
168,996
169,186
169,439
169,457
169,543
169,579
169,653
169,716
169,752
169,769
169,916
169,950
170,237
170,443
170,521
170,574
170,650
170,671
170,735
170,743
170,751
170,767
170,845
170,924
171,175
171,178
171,181
171,213
171,274
171,291
171,312
171,322
171,348
171,356
171,357
171,377
171,412
171,421
171,439
171,440
171,468
171,565
171,572
171,574
171,653
171,703
171,716
171,732
171,813
171,833
171,839
171,840
171,887
171,925
171,951
171,972
171,990
171,999
172,173
172,257
172,304
172,387
172,388
172,403
172,423
172,441
172,483
172,487
172,524
172,534
172,537
172,553
172,556
172,679
172,723
172,771
172,773
172,817
172,892
172,907
172,910
172,952
172,992
173,176
173,213
173,217
173,220
173,224
173,225
173,282
173,319
173,324
173,334
173,352
173,353
173,357
173,370
173,406
173,415
173,456
173,488
173,493
173,507
173,508
173,510
173,516
173,528
173,533
173,560
173,582
173,594
173,616
173,673
173,688
173,717
173,725
173,742
173,746
173,789
173,806
173,862
173,996
174,190
174,273
174,314
174,316
174,322
174,330
174,352
174,390
174,411
174,413
174,477
174,485
174,598
174,606
174,629
174,636
174,661
174,667
174,677
174,695
174,728
174,762
174,777
174,783
174,819
174,829
174,835
174,870
174,902
174,906
174,940
174,971
175,186
175,203
175,209
175,235
175,246
175,255
175,259
175,261
175,307
175,343
175,345
175,348
175,355
175,356
175,358
175,375
175,377
175,435
175,490
175,493
175,499
175,506
175,509
175,512
175,518
175,532
175,555
175,569
175,628
175,640
175,646
175,653
175,654
175,693
175,716
175,719
175,735
175,758
175,781
175,805
175,822
175,842
175,855
175,864
175,883
175,888
175,894
175,895
175,896
175,903
175,924
175,937
175,970
175,987
175,988
175,993
175,994
175,996
175,999
176,218
176,240
176,251
176,277
176,289
176,315
176,319
176,324
176,342
176,390
176,408
176,423
176,433
176,490
176,507
176,533
176,548
176,563
176,582
176,588
176,598
176,601
176,603
176,622
176,631
176,666
176,725
176,783
176,798
176,802
176,819
176,828
176,851
176,874
176,882
176,908
176,913
176,920
176,931
176,952
176,972
176,979
176,980
177,198
177,226
177,322
177,360
177,379
177,447
177,495
177,545
177,546
177,618
177,650
177,656
177,702
177,801
177,994
178,209
178,223
178,235
178,322
178,375
178,411
178,449
178,532
178,569
178,612
178,651
178,675
178,685
178,693
178,719
178,769
178,842
178,864
178,916
178,932
178,942
178,957
178,968
178,990
178,999
179,185
179,207
179,260
179,364
179,369
179,385
179,390
179,470
179,490
179,533
179,548
179,586
179,598
179,666
179,698
179,701
179,713
179,766
179,879
179,904
179,908
179,931
179,952
179,985
180,194
180,200
180,306
180,360
180,381
180,398
180,415
180,447
180,508
180,514
180,546
180,552
180,609
180,650
180,694
180,711
180,712
180,715
180,782
180,843
180,867
180,896
180,909
180,940
180,954
180,977
181,245
181,253
181,265
181,275
181,300
181,340
181,377
181,385
181,392
181,401
181,423
181,437
181,493
181,505
181,530
181,565
181,589
181,596
181,617
181,619
181,632
181,652
181,697
181,713
181,718
181,719
181,724
181,781
181,793
181,827
181,841
181,851
181,871
181,877
181,893
181,896
181,904
181,926
181,927
181,932
181,951
181,957
181,962
182,305
182,322
182,411
182,439
182,457
182,511
182,512
182,538
182,580
182,648
182,658
182,681
182,734
182,758
182,791
182,793
182,815
182,822
182,825
182,842
182,884
182,921
182,926
182,927
182,928
182,939
183,251
183,317
183,322
183,323
183,389
183,422
183,487
183,530
183,572
183,791
183,792
183,809
183,827
183,834
183,855
183,894
183,901
183,927
183,935
183,967
184,224
184,230
184,238
184,251
184,279
184,314
184,315
184,330
184,366
184,370
184,373
184,390
184,504
184,533
184,584
184,651
184,692
184,725
184,729
184,731
184,759
184,772
184,814
184,819
184,869
184,881
184,905
185,213
185,214
185,215
185,221
185,231
185,250
185,258
185,259
185,275
185,283
185,303
185,321
185,328
185,339
185,354
185,387
185,431
185,441
185,442
185,460
185,464
185,512
185,524
185,564
185,571
185,587
185,645
185,677
185,690
185,692
185,734
185,771
185,773
185,804
185,824
185,897
185,936
186,198
186,203
186,257
186,274
186,320
186,333
186,343
186,384
186,422
186,479
186,499
186,512
186,514
186,518
186,520
186,555
186,572
186,612
186,628
186,654
186,656
186,667
186,681
186,693
186,716
186,732
186,735
186,792
186,840
186,863
186,873
186,903
186,924
186,939
186,944
186,950
186,970
186,988
186,991
187,203
187,223
187,256
187,309
187,333
187,343
187,345
187,358
187,365
187,375
187,405
187,429
187,432
187,444
187,466
187,475
187,487
187,512
187,555
187,572
187,612
187,628
187,640
187,653
187,654
187,663
187,664
187,681
187,690
187,693
187,707
187,736
187,739
187,742
187,752
187,764
187,783
187,791
187,809
187,827
187,855
187,881
187,924
187,956
187,957
187,967
187,994
188,192
188,291
188,312
188,354
188,390
188,428
188,437
188,472
188,494
188,718
188,752
188,784
188,791
188,827
188,935
188,957
189,190
189,193
189,212
189,244
189,263
189,270
189,294
189,325
189,372
189,405
189,415
189,420
189,426
189,431
189,449
189,460
189,463
189,481
189,513
189,515
189,540
189,541
189,570
189,580
189,597
189,620
189,625
189,654
189,655
189,694
189,735
189,745
189,753
189,774
189,782
189,787
189,844
189,863
189,912
189,986
189,997
190,251
190,281
190,330
190,334
190,350
190,380
190,413
190,436
190,504
190,542
190,603
190,606
190,629
190,658
190,754
190,774
190,777
190,783
190,814
190,835
190,857
190,858
190,886
190,902
190,906
190,915
190,971
190,973
190,974
190,992
191,196
191,205
191,240
191,248
191,251
191,258
191,279
191,315
191,330
191,336
191,342
191,382
191,390
191,399
191,406
191,469
191,470
191,485
191,526
191,541
191,598
191,603
191,616
191,629
191,636
191,639
191,661
191,667
191,670
191,688
191,713
191,728
191,750
191,754
191,757
191,777
191,790
191,810
191,814
191,823
191,838
191,840
191,888
191,911
191,914
191,915
191,922
191,931
191,984
192,226
192,242
192,289
192,360
192,371
192,376
192,396
192,397
192,400
192,428
192,432
192,447
192,489
192,515
192,545
192,554
192,562
192,566
192,618
192,647
192,656
192,683
192,689
192,700
192,712
192,736
192,769
192,821
192,867
192,896
192,938
192,977
192,994
193,216
193,256
193,267
193,371
193,402
193,405
193,434
193,443
193,446
193,452
193,460
193,463
193,478
193,546
193,570
193,581
193,625
193,637
193,646
193,683
193,699
193,727
193,856
193,884
193,912
193,956
194,200
194,226
194,239
194,242
194,271
194,295
194,309
194,340
194,348
194,368
194,376
194,399
194,402
194,405
194,417
194,424
194,447
194,473
194,497
194,506
194,529
194,545
194,568
194,575
194,581
194,591
194,592
194,597
194,609
194,618
194,640
194,656
194,660
194,683
194,687
194,700
194,702
194,730
194,778
194,782
194,801
194,843
194,871
194,909
194,938
194,977
195,204
195,277
195,304
195,318
195,400
195,401
195,440
195,448
195,465
195,489
195,531
195,557
195,601
195,622
195,952
195,979
196,258
196,288
196,315
196,324
196,342
196,350
196,366
196,370
196,382
196,390
196,399
196,436
196,456
196,469
196,485
196,490
196,523
196,559
196,575
196,586
196,636
196,686
196,725
196,728
196,750
196,754
196,760
196,777
196,789
196,874
196,875
196,883
196,891
196,906
196,908
196,913
196,914
196,931
196,940
196,952
196,961
196,974
196,984
197,211
197,242
197,244
197,262
197,267
197,271
197,284
197,290
197,298
197,325
197,341
197,366
197,379
197,402
197,414
197,447
197,449
197,470
197,490
197,496
197,516
197,540
197,552
197,568
197,592
197,605
197,609
197,623
197,625
197,643
197,660
197,694
197,698
197,715
197,727
197,733
197,741
197,810
197,811
197,819
197,824
197,843
197,856
197,882
197,905
197,908
197,949
197,977
198,219
198,274
198,307
198,348
198,378
198,397
198,398
198,428
198,446
198,479
198,501
198,509
198,543
198,579
198,615
198,638
198,698
198,710
198,761
198,856
198,866
198,873
198,878
198,895
198,924
198,934
198,960
198,988
199,234
199,254
199,273
199,285
199,351
199,362
199,442
199,456
199,461
199,483
199,487
199,534
199,536
199,613
199,665
199,781
199,786
199,799
199,802
199,841
199,889
199,921
199,932
199,939
199,966
200,267
200,381
200,396
200,417
200,424
200,447
200,449
200,460
200,473
200,528
200,545
200,546
200,566
200,733
200,791
200,895
200,912
201,225
201,242
201,270
201,306
201,376
201,405
201,408
201,409
201,426
201,440
201,446
201,451
201,460
201,463
201,476
201,511
201,564
201,566
201,568
201,579
201,583
201,604
201,615
201,640
201,675
201,714
201,729
201,753
201,777
201,805
201,833
201,834
201,849
201,863
201,872
201,911
201,956
201,974
202,210
202,213
202,223
202,272
202,276
202,278
202,289
202,317
202,322
202,324
202,329
202,477
202,486
202,598
202,619
202,644
202,651
202,718
202,726
202,794
202,897
202,925
202,932
202,998
202,999
203,246
203,250
203,320
203,343
203,345
203,389
203,398
203,429
203,466
203,475
203,479
203,487
203,512
203,514
203,518
203,612
203,638
203,719
203,767
203,873
203,886
203,889
203,911
203,942
203,950
203,960
203,970
203,988
204,224
204,228
204,264
204,271
204,309
204,325
204,332
204,341
204,345
204,350
204,415
204,431
204,433
204,436
204,451
204,488
204,497
204,507
204,510
204,574
204,594
204,604
204,637
204,666
204,756
204,788
204,789
204,870
204,881
204,882
204,959
204,980
204,996
205,211
205,233
205,244
205,290
205,302
205,315
205,331
205,366
205,429
205,433
205,463
205,496
205,498
205,503
205,517
205,545
205,568
205,575
205,590
205,616
205,621
205,676
205,685
205,688
205,694
205,698
205,729
205,741
205,755
205,790
205,811
205,865
205,896
205,914
205,986
206,217
206,230
206,257
206,261
206,279
206,325
206,354
206,362
206,378
206,387
206,391
206,423
206,426
206,464
206,522
206,553
206,557
206,596
206,679
206,682
206,707
206,719
206,720
206,734
206,771
206,776
206,782
206,784
206,799
206,800
206,807
206,833
206,854
206,876
206,910
206,926
206,930
206,950
206,973
207,260
207,283
207,318
207,361
207,364
207,369
207,373
207,380
207,399
207,441
207,490
207,578
207,588
207,665
207,686
207,696
207,721
207,731
207,746
207,762
207,766
207,806
207,812
207,931
207,963
207,972
208,217
208,221
208,222
208,234
208,257
208,387
208,388
208,423
208,465
208,503
208,525
208,586
208,599
208,620
208,662
208,677
208,679
208,682
208,738
208,749
208,764
208,784
208,804
208,815
208,832
208,837
208,841
208,865
208,910
208,921
208,928
208,930
208,947
208,990
209,231
209,237
209,246
209,333
209,375
209,415
209,428
209,466
209,471
209,512
209,526
209,534
209,585
209,612
209,628
209,644
209,651
209,654
209,685
209,690
209,691
209,709
209,732
209,735
209,744
209,758
209,771
209,791
209,809
209,815
209,851
209,864
209,873
209,877
209,878
209,894
209,903
209,924
209,970
209,988
210,213
210,232
210,353
210,373
210,533
210,577
210,587
210,635
210,675
210,738
210,749
210,789
210,838
210,861
210,863
210,878
210,911
210,956
211,244
211,263
211,267
211,302
211,325
211,331
211,355
211,376
211,379
211,393
211,405
211,426
211,430
211,433
211,446
211,496
211,497
211,498
211,505
211,510
211,525
211,529
211,590
211,592
211,605
211,607
211,627
211,694
211,699
211,700
211,717
211,760
211,805
211,810
211,811
211,814
211,860
211,865
211,905
211,959
211,990
211,997
212,226
212,233
212,242
212,271
212,298
212,306
212,324
212,347
212,350
212,362
212,365
212,376
212,405
212,424
212,426
212,438
212,446
212,447
212,460
212,492
212,510
212,568
212,577
212,594
212,620
212,635
212,646
212,654
212,655
212,687
212,725
212,729
212,730
212,745
212,782
212,805
212,810
212,840
212,863
212,913
212,944
212,956
212,977
213,235
213,239
213,273
213,276
213,285
213,291
213,299
213,322
213,333
213,355
213,363
213,394
213,412
213,420
213,435
213,438
213,457
213,458
213,491
213,519
213,525
213,532
213,562
213,565
213,586
213,619
213,635
213,638
213,644
213,675
213,719
213,736
213,740
213,744
213,756
213,767
213,769
213,775
213,813
213,826
213,832
213,835
213,839
213,856
213,864
213,872
213,888
213,894
213,901
213,907
213,925
213,962
213,973
213,999
214,215
214,287
214,293
214,405
214,465
214,467
214,493
214,531
214,537
214,550
214,575
214,596
214,613
214,617
214,653
214,669
214,670
214,710
214,724
214,734
214,738
214,760
214,767
214,768
214,800
214,869
214,886
214,887
214,965
214,966
214,979
214,989
215,231
215,275
215,283
215,327
215,337
215,339
215,361
215,399
215,461
215,464
215,498
215,516
215,524
215,553
215,556
215,571
215,617
215,666
215,679
215,734
215,768
215,771
215,773
215,785
215,804
215,937
216,229
216,334
216,372
216,374
216,406
216,426
216,486
216,505
216,519
216,535
216,575
216,636
216,673
216,717
216,757
216,788
216,795
216,823
216,858
216,870
216,900
216,944
216,972
216,974
216,980
217,222
217,230
217,257
217,258
217,283
217,303
217,328
217,363
217,367
217,423
217,441
217,443
217,501
217,537
217,544
217,551
217,556
217,558
217,564
217,583
217,596
217,598
217,617
217,632
217,662
217,664
217,682
217,696
217,718
217,723
217,734
217,767
217,770
217,800
217,869
217,875
217,876
217,889
217,893
217,936
217,941
217,947
217,966
217,976
217,989
217,992
218,273
218,280
218,283
218,299
218,303
218,332
218,364
218,370
218,380
218,382
218,387
218,388
218,430
218,431
218,436
218,442
218,445
218,448
218,465
218,467
218,480
218,484
218,488
218,529
218,547
218,549
218,553
218,577
218,586
218,588
218,657
218,686
218,696
218,701
218,743
218,747
218,760
218,766
218,800
218,808
218,812
218,850
218,858
218,879
218,887
218,897
218,915
218,920
218,930
218,936
218,947
218,963
218,979
218,983
218,989
218,999
219,509
219,612
219,640
219,651
219,668
219,681
219,687
219,735
219,779
219,838
219,842
219,848
219,891
219,925
219,934
219,960
219,990
220,224
220,228
220,240
220,248
220,275
220,280
220,282
220,290
220,298
220,302
220,309
220,319
220,324
220,331
220,337
220,350
220,376
220,379
220,387
220,395
220,406
220,432
220,455
220,505
220,508
220,511
220,516
220,578
220,594
220,595
220,602
220,616
220,631
220,638
220,666
220,672
220,684
220,688
220,691
220,731
220,766
220,788
220,806
220,808
220,814
220,818
220,847
220,853
220,885
220,907
220,969
220,973
220,996
220,997
221,273
221,283
221,295
221,303
221,339
221,344
221,386
221,430
221,431
221,441
221,464
221,527
221,550
221,556
221,599
221,645
221,657
221,659
221,677
221,692
221,729
221,771
221,801
221,817
221,835
221,897
221,939
221,989
222,235
222,275
222,319
222,364
222,369
222,380
222,469
222,485
222,488
222,564
222,584
222,586
222,593
222,598
222,639
222,674
222,686
222,696
222,747
222,760
222,766
222,847
222,879
222,908
222,913
222,920
222,963
222,994
223,278
223,312
223,333
223,377
223,416
223,495
223,525
223,564
223,651
223,658
223,690
223,769
223,784
223,807
223,812
223,886
223,902
223,921
223,932
223,968
223,987
223,993
224,255
224,290
224,319
224,327
224,334
224,336
224,406
224,408
224,415
224,436
224,533
224,567
224,582
224,594
224,647
224,666
224,674
224,688
224,691
224,695
224,717
224,734
224,764
224,788
224,794
224,814
224,881
224,933
224,944
224,954
224,973
224,980
224,983
224,997
225,263
225,265
225,310
225,336
225,368
225,374
225,394
225,407
225,426
225,445
225,463
225,476
225,501
225,510
225,521
225,528
225,632
225,641
225,704
225,753
225,800
225,805
225,860
225,896
225,900
225,927
225,933
225,948
226,251
226,360
226,389
226,400
226,402
226,447
226,491
226,511
226,545
226,559
226,566
226,580
226,610
226,612
226,618
226,620
226,634
226,640
226,689
226,700
226,778
226,782
226,805
226,818
226,860
226,867
226,871
226,938
226,951
226,977
227,234
227,300
227,312
227,325
227,333
227,355
227,356
227,362
227,375
227,380
227,411
227,440
227,441
227,453
227,457
227,491
227,530
227,594
227,610
227,613
227,653
227,654
227,658
227,675
227,690
227,718
227,719
227,740
227,767
227,769
227,784
227,791
227,815
227,822
227,825
227,841
227,842
227,855
227,859
227,864
227,927
227,951
227,957
227,988
227,989
227,991
227,999
228,244
228,282
228,286
228,324
228,325
228,336
228,404
228,406
228,481
228,594
228,612
228,633
228,679
228,694
228,763
228,898
228,983
229,248
229,279
229,367
229,372
229,374
229,390
229,406
229,415
229,504
229,505
229,529
229,545
229,563
229,575
229,606
229,613
229,729
229,731
229,835
229,844
229,857
229,906
229,908
229,914
230,259
230,295
230,296
230,335
230,339
230,357
230,362
230,388
230,391
230,453
230,456
230,573
230,576
230,580
230,584
230,599
230,649
230,662
230,670
230,707
230,802
230,828
230,841
230,854
230,863
230,872
230,876
230,886
230,897
230,921
230,930
230,939
230,999
231,245
231,270
231,275
231,289
231,309
231,321
231,327
231,337
231,339
231,361
231,401
231,431
231,437
231,441
231,442
231,464
231,527
231,547
231,557
231,571
231,591
231,608
231,645
231,677
231,730
231,734
231,771
231,773
231,791
231,803
231,804
231,807
231,830
231,841
231,864
231,869
231,895
231,899
231,910
231,913
231,917
231,979
232,235
232,274
232,291
232,297
232,338
232,371
232,377
232,420
232,461
232,491
232,521
232,565
232,577
232,579
232,635
232,720
232,742
232,749
232,778
232,807
232,813
232,872
232,878
232,880
232,887
232,911
232,947
232,962
232,995
233,235
233,237
233,242
233,280
233,302
233,319
233,390
233,400
233,552
233,566
233,570
233,592
233,633
233,636
233,660
233,715
233,733
233,871
233,953
233,977
233,983
233,986
234,252
234,254
234,260
234,285
234,292
234,300
234,326
234,335
234,351
234,355
234,361
234,362
234,377
234,383
234,392
234,423
234,437
234,453
234,456
234,461
234,472
234,483
234,487
234,534
234,550
234,573
234,580
234,599
234,613
234,638
234,662
234,665
234,666
234,768
234,781
234,786
234,799
234,820
234,837
234,841
234,854
234,918
234,930
234,939
235,237
235,256
235,265
235,276
235,291
235,294
235,297
235,307
235,316
235,319
235,335
235,338
235,343
235,347
235,355
235,365
235,368
235,387
235,393
235,432
235,437
235,446
235,457
235,509
235,511
235,521
235,562
235,565
235,599
235,625
235,638
235,648
235,651
235,687
235,699
235,703
235,709
235,719
235,720
235,743
235,765
235,784
235,809
235,832
235,840
235,842
235,881
235,883
235,902
235,933
235,934
235,937
235,942
235,950
235,954
235,960
235,968
235,975
235,990
235,998
236,244
236,269
236,309
236,324
236,386
236,425
236,508
236,582
236,616
236,692
236,729
236,770
236,798
236,806
236,914
237,246
237,298
237,381
237,450
237,452
237,501
237,502
237,509
237,512
237,656
237,694
237,720
237,732
237,735
237,745
237,788
237,805
237,824
237,832
237,862
237,895
237,897
237,975
238,242
238,258
238,267
238,286
238,357
238,366
238,367
238,376
238,402
238,406
238,407
238,431
238,440
238,483
238,490
238,491
238,505
238,541
238,549
238,564
238,571
238,574
238,594
238,604
238,612
238,633
238,678
238,687
238,691
238,698
238,717
238,729
238,755
238,757
238,763
238,790
238,806
238,811
238,812
238,816
238,829
238,849
238,944
238,946
238,986
238,996
238,997
239,255
239,273
239,284
239,288
239,289
239,309
239,319
239,370
239,394
239,407
239,481
239,493
239,516
239,533
239,535
239,540
239,564
239,577
239,578
239,579
239,584
239,594
239,602
239,616
239,623
239,624
239,674
239,678
239,680
239,691
239,721
239,724
239,742
239,764
239,765
239,783
239,810
239,814
239,828
239,845
239,869
239,892
239,983
240,248
240,279
240,288
240,302
240,304
240,330
240,334
240,352
240,367
240,372
240,373
240,382
240,441
240,465
240,469
240,486
240,526
240,536
240,547
240,624
240,629
240,631
240,636
240,647
240,692
240,708
240,721
240,739
240,750
240,762
240,777
240,806
240,808
240,814
240,823
240,845
240,874
240,878
240,902
240,915
240,931
240,969
241,257
241,275
241,283
241,303
241,321
241,328
241,332
241,337
241,343
241,354
241,361
241,373
241,388
241,442
241,454
241,464
241,496
241,537
241,553
241,571
241,649
241,679
241,706
241,768
241,800
241,804
241,876
241,887
241,931
241,940
242,263
242,270
242,275
242,295
242,325
242,350
242,365
242,397
242,408
242,424
242,428
242,447
242,545
242,546
242,577
242,581
242,592
242,605
242,637
242,643
242,656
242,660
242,702
242,714
242,733
242,744
242,778
242,818
242,944
242,953
242,996
243,285
243,318
243,378
243,437
243,453
243,461
243,534
243,550
243,576
243,580
243,589
243,658
243,662
243,670
243,679
243,706
243,743
243,771
243,786
243,799
243,802
243,833
243,837
243,854
243,855
244,267
244,270
244,271
244,290
244,293
244,298
244,302
244,323
244,325
244,331
244,350
244,393
244,397
244,405
244,433
244,446
244,449
244,470
244,496
244,497
244,498
244,552
244,562
244,571
244,590
244,604
244,605
244,620
244,627
244,660
244,681
244,694
244,698
244,717
244,731
244,742
244,744
244,755
244,756
244,769
244,774
244,790
244,811
244,865
244,900
244,905
244,944
244,950
244,959
245,259
245,273
245,293
245,304
245,340
245,346
245,378
245,461
245,465
245,503
245,527
245,562
245,567
245,571
245,575
245,578
245,600
245,632
245,649
245,652
245,660
245,662
245,670
245,680
245,713
245,719
245,730
245,775
245,810
245,813
245,868
245,869
245,875
245,941
245,947
245,966
245,996
246,278
246,310
246,322
246,329
246,429
246,475
246,501
246,512
246,549
246,555
246,612
246,628
246,718
246,743
246,793
246,802
246,821
246,862
246,873
246,988
247,268
247,272
247,339
247,377
247,383
247,416
247,441
247,456
247,468
247,477
247,483
247,494
247,509
247,517
247,543
247,576
247,645
247,651
247,655
247,726
247,729
247,781
247,799
247,820
247,827
247,837
247,851
247,866
247,877
247,904
247,921
247,930
247,932
247,944
247,957
247,960
247,964
247,992
248,330
248,334
248,350
248,353
248,364
248,372
248,374
248,390
248,393
248,462
248,482
248,484
248,486
248,492
248,504
248,505
248,519
248,549
248,551
248,575
248,603
248,620
248,629
248,636
248,644
248,661
248,672
248,695
248,731
248,754
248,774
248,795
248,811
248,829
248,835
248,853
248,865
248,870
248,914
248,931
249,277
249,288
249,401
249,510
249,531
249,533
249,578
249,582
249,600
249,624
249,647
249,649
249,686
249,713
249,716
249,781
249,783
249,798
249,819
249,821
249,854
249,874
249,897
249,910
249,952
249,972
249,983
249,996
250,256
250,301
250,333
250,345
250,455
250,466
250,555
250,572
250,610
250,653
250,716
250,719
250,720
250,791
250,792
250,794
250,878
250,924
250,967
250,968
250,993
250,999
251,275
251,315
251,341
251,354
251,382
251,390
251,425
251,436
251,481
251,485
251,490
251,497
251,519
251,548
251,562
251,563
251,564
251,590
251,595
251,624
251,636
251,666
251,667
251,686
251,687
251,695
251,696
251,708
251,716
251,725
251,729
251,750
251,783
251,785
251,812
251,814
251,819
251,865
251,867
251,874
251,907
251,914
251,920
251,931
251,972
252,277
252,310
252,338
252,358
252,363
252,368
252,493
252,503
252,512
252,525
252,565
252,577
252,724
252,734
252,767
252,807
252,838
252,839
252,840
252,872
252,886
252,901
252,921
252,964
252,990
252,999
253,292
253,328
253,348
253,362
253,403
253,427
253,456
253,465
253,472
253,500
253,522
253,534
253,567
253,649
253,670
253,692
253,707
253,723
253,793
253,820
253,832
253,833
253,837
253,854
253,930
253,932
253,939
253,951
254,268
254,285
254,326
254,329
254,332
254,335
254,337
254,351
254,362
254,403
254,427
254,461
254,483
254,500
254,522
254,533
254,534
254,573
254,580
254,599
254,613
254,665
254,679
254,693
254,706
254,710
254,723
254,726
254,771
254,786
254,821
254,841
254,851
254,854
254,877
254,889
254,901
254,921
254,939
254,947
254,951
255,274
255,277
255,304
255,311
255,318
255,336
255,355
255,364
255,377
255,446
255,457
255,465
255,480
255,515
255,544
255,557
255,578
255,611
255,624
255,674
255,731
255,734
255,766
255,797
255,806
255,808
255,840
255,850
255,892
255,921
255,931
255,977
255,978
255,979
255,980
255,983
256,278
256,297
256,312
256,313
256,333
256,345
256,348
256,351
256,375
256,383
256,422
256,429
256,437
256,439
256,444
256,466
256,512
256,532
256,534
256,552
256,555
256,569
256,572
256,617
256,647
256,648
256,653
256,664
256,681
256,690
256,693
256,719
256,758
256,787
256,791
256,792
256,794
256,808
256,815
256,833
256,839
256,842
256,894
256,916
256,927
256,950
256,957
256,961
256,967
256,987
256,993
256,999
257,275
257,328
257,337
257,353
257,357
257,358
257,361
257,362
257,387
257,388
257,423
257,427
257,430
257,441
257,522
257,537
257,571
257,573
257,645
257,658
257,659
257,679
257,682
257,734
257,742
257,745
257,751
257,771
257,776
257,780
257,785
257,790
257,817
257,851
257,876
257,910
257,921
257,939
257,944
257,947
257,963
258,330
258,331
258,352
258,370
258,399
258,437
258,456
258,457
258,485
258,488
258,490
258,530
258,548
258,587
258,606
258,625
258,631
258,636
258,647
258,666
258,696
258,717
258,725
258,750
258,805
258,808
258,836
258,857
258,874
258,879
258,881
258,885
258,897
258,908
258,915
258,931
258,969
258,971
258,973
258,996
258,997
258,999
259,328
259,423
259,427
259,531
259,556
259,558
259,580
259,596
259,599
259,649
259,651
259,662
259,665
259,670
259,682
259,707
259,752
259,820
259,833
259,854
259,868
259,876
259,879
259,893
259,918
259,921
259,930
259,939
259,947
259,951
259,998
260,323
260,339
260,370
260,380
260,448
260,490
260,519
260,548
260,586
260,588
260,725
260,730
260,812
260,819
260,904
260,920
260,934
260,946
260,952
260,972
260,985
261,266
261,306
261,333
261,355
261,378
261,416
261,479
261,495
261,515
261,520
261,566
261,641
261,642
261,650
261,651
261,656
261,671
261,680
261,682
261,700
261,720
261,725
261,751
261,787
261,818
261,861
261,896
261,909
262,271
262,376
262,424
262,446
262,449
262,463
262,502
262,519
262,552
262,581
262,591
262,637
262,660
262,683
262,698
262,715
262,731
262,733
262,745
262,757
262,823
262,834
262,873
262,883
262,884
263,264
263,292
263,310
263,349
263,394
263,426
263,438
263,441
263,446
263,460
263,480
263,485
263,501
263,503
263,541
263,549
263,585
263,604
263,642
263,646
263,655
263,697
263,716
263,719
263,753
263,805
263,810
263,830
263,844
263,845
263,863
263,922
263,946
263,996
264,347
264,349
264,353
264,359
264,368
264,376
264,404
264,405
264,419
264,420
264,446
264,460
264,504
264,514
264,519
264,541
264,546
264,549
264,560
264,570
264,722
264,753
264,805
264,810
264,821
264,832
264,834
264,844
264,863
264,873
264,912
264,993
265,276
265,278
265,291
265,412
265,483
265,491
265,509
265,521
265,600
265,651
265,661
265,720
265,736
265,839
265,840
265,845
265,872
265,875
265,888
265,891
265,893
265,933
265,968
265,975
265,990
265,998
266,311
266,347
266,372
266,394
266,419
266,446
266,494
266,521
266,562
266,577
266,579
266,587
266,597
266,608
266,611
266,620
266,634
266,635
266,644
266,666
266,675
266,687
266,691
266,694
266,704
266,730
266,732
266,755
266,785
266,851
266,864
266,878
266,995
267,270
267,271
267,284
267,290
267,302
267,376
267,424
267,445
267,497
267,511
267,544
267,545
267,555
267,598
267,604
267,642
267,646
267,676
267,729
267,731
267,741
267,779
267,783
267,844
267,861
267,863
267,872
267,933
267,986
268,304
268,351
268,385
268,392
268,442
268,453
268,454
268,534
268,626
268,639
268,665
268,716
268,737
268,802
268,825
268,837
268,869
268,916
269,305
269,328
269,373
269,422
269,437
269,442
269,474
269,539
269,734
269,742
269,798
269,868
269,880
269,897
269,927
269,943
269,979
269,995
269,999
270,290
270,325
270,367
270,376
270,402
270,424
270,438
270,445
270,447
270,449
270,496
270,497
270,509
270,535
270,564
270,613
270,637
270,699
270,711
270,714
270,726
270,734
270,765
270,774
270,787
270,790
270,870
270,944
270,986
270,996
271,284
271,298
271,310
271,311
271,325
271,348
271,367
271,379
271,389
271,426
271,470
271,570
271,574
271,592
271,605
271,618
271,627
271,656
271,665
271,692
271,698
271,700
271,741
271,756
271,806
271,811
271,816
271,893
271,900
271,937
271,949
271,959
271,997
272,335
272,375
272,453
272,457
272,483
272,576
272,651
272,736
272,737
272,784
272,802
272,820
272,827
272,832
272,838
272,866
272,877
272,883
272,925
272,926
272,987
273,280
273,283
273,303
273,323
273,330
273,331
273,332
273,364
273,417
273,427
273,430
273,431
273,465
273,469
273,470
273,478
273,489
273,490
273,547
273,548
273,584
273,601
273,616
273,617
273,639
273,657
273,686
273,687
273,692
273,696
273,701
273,708
273,717
273,747
273,760
273,766
273,773
273,800
273,830
273,850
273,869
273,874
273,879
273,907
273,913
273,917
273,930
273,936
273,963
273,977
273,979
274,307
274,329
274,333
274,348
274,396
274,410
274,411
274,428
274,439
274,459
274,479
274,499
274,502
274,506
274,509
274,532
274,543
274,561
274,612
274,615
274,642
274,690
274,719
274,720
274,735
274,743
274,758
274,802
274,832
274,848
274,891
274,896
274,903
274,934
274,957
274,968
274,975
274,981
274,993
275,277
275,282
275,299
275,311
275,327
275,328
275,337
275,361
275,435
275,442
275,493
275,527
275,530
275,537
275,553
275,571
275,647
275,679
275,692
275,726
275,734
275,771
275,786
275,804
275,806
275,814
275,851
275,877
275,879
275,887
275,899
275,903
275,910
275,912
275,941
275,982
276,315
276,518
276,608
276,651
276,736
276,809
276,821
276,832
276,872
276,904
276,990
277,284
277,318
277,328
277,364
277,403
277,418
277,430
277,465
277,467
277,468
277,480
277,547
277,557
277,584
277,596
277,614
277,617
277,632
277,652
277,657
277,665
277,713
277,731
277,740
277,754
277,760
277,770
277,790
277,797
277,800
277,813
277,850
277,880
277,886
277,897
277,907
277,930
277,936
277,963
277,979
278,291
278,308
278,317
278,322
278,356
278,388
278,423
278,441
278,453
278,483
278,494
278,522
278,525
278,623
278,651
278,653
278,671
278,685
278,729
278,748
278,769
278,775
278,794
278,839
278,842
278,885
278,952
278,957
278,967
278,990
279,314
279,330
279,336
279,436
279,469
279,505
279,519
279,536
279,541
279,593
279,603
279,606
279,624
279,661
279,665
279,667
279,669
279,699
279,717
279,750
279,762
279,788
279,795
279,806
279,814
279,915
279,951
279,969
279,972
280,321
280,364
280,459
280,557
280,578
280,586
280,588
280,596
280,672
280,701
280,713
280,747
280,766
280,817
280,866
280,918
280,963
280,979
281,314
281,458
281,485
281,516
281,536
281,542
281,606
281,629
281,647
281,661
281,667
281,675
281,717
281,731
281,783
281,797
281,814
281,823
281,836
281,971
282,319
282,353
282,357
282,390
282,395
282,455
282,481
282,484
282,510
282,548
282,582
282,666
282,667
282,672
282,684
282,704
282,730
282,765
282,788
282,821
282,921
283,310
283,321
283,327
283,328
283,344
283,350
283,354
283,364
283,387
283,388
283,423
283,441
283,454
283,464
283,465
283,522
283,527
283,550
283,553
283,556
283,567
283,578
283,584
283,657
283,659
283,677
283,722
283,773
283,776
283,800
283,802
283,803
283,880
283,921
283,936
283,989
283,992
284,289
284,402
284,449
284,496
284,499
284,545
284,552
284,625
284,637
284,646
284,715
284,727
284,733
284,790
284,805
284,863
284,912
284,969
285,300
285,317
285,335
285,340
285,351
285,354
285,368
285,377
285,403
285,454
285,456
285,457
285,483
285,511
285,512
285,534
285,576
285,580
285,638
285,657
285,662
285,669
285,670
285,687
285,726
285,747
285,771
285,776
285,781
285,785
285,786
285,799
285,802
285,809
285,811
285,820
285,837
285,866
285,893
285,918
285,930
285,939
285,993
286,376
286,407
286,549
286,604
286,611
286,687
286,763
286,773
286,810
286,816
286,849
286,944
287,350
287,667
287,679
287,767
287,784
287,897
287,901
287,943
287,999
288,332
288,357
288,369
288,405
288,435
288,451
288,490
288,493
288,528
288,533
288,541
288,595
288,624
288,670
288,674
288,684
288,722
288,742
288,761
288,772
288,797
288,806
288,853
288,858
288,892
288,911
288,983
288,995
289,309
289,347
289,353
289,385
289,455
289,463
289,481
289,491
289,506
289,507
289,516
289,529
289,579
289,580
289,597
289,602
289,644
289,651
289,675
289,684
289,688
289,722
289,742
289,763
289,780
289,809
289,814
289,826
289,838
289,845
289,929
289,932
289,934
289,941
289,946
289,978
289,986
289,990
289,995
290,302
290,365
290,376
290,393
290,402
290,408
290,418
290,424
290,445
290,463
290,496
290,497
290,498
290,505
290,541
290,544
290,546
290,594
290,605
290,620
290,621
290,662
290,691
290,694
290,698
290,702
290,709
290,731
290,733
290,765
290,766
290,790
290,811
290,821
290,836
290,900
290,944
290,949
290,959
290,977
290,986
291,297
291,327
291,355
291,363
291,412
291,416
291,420
291,461
291,498
291,637
291,651
291,663
291,681
291,703
291,709
291,714
291,720
291,730
291,735
291,736
291,738
291,753
291,779
291,791
291,832
291,842
291,865
291,868
291,877
291,886
291,897
291,925
291,975
291,982
291,990
291,999
292,313
292,322
292,422
292,432
292,457
292,487
292,614
292,648
292,658
292,693
292,716
292,740
292,791
292,815
292,883
292,893
292,919
292,950
293,349
293,364
293,378
293,441
293,454
293,531
293,596
293,600
293,618
293,624
293,666
293,669
293,695
293,710
293,775
293,800
293,826
293,865
293,939
293,966
293,979
293,982
293,983
293,989
293,997
294,336
294,365
294,368
294,378
294,379
294,397
294,405
294,408
294,424
294,438
294,447
294,460
294,476
294,478
294,495
294,520
294,525
294,529
294,540
294,544
294,559
294,620
294,625
294,637
294,650
294,656
294,711
294,733
294,745
294,751
294,822
294,831
294,856
294,861
294,923
294,954
295,347
295,349
295,397
295,402
295,405
295,413
295,424
295,443
295,445
295,447
295,449
295,460
295,463
295,529
295,544
295,561
295,607
295,635
295,640
295,656
295,660
295,683
295,698
295,727
295,733
295,764
295,801
295,843
295,853
295,871
295,885
295,900
295,936
295,977
296,326
296,340
296,358
296,363
296,399
296,416
296,500
296,573
296,580
296,589
296,767
296,828
296,832
296,876
296,939
296,941
297,322
297,329
297,355
297,370
297,414
297,501
297,521
297,604
297,612
297,632
297,635
297,648
297,651
297,719
297,720
297,744
297,792
297,832
297,834
297,865
297,894
297,911
297,933
297,942
297,954
297,970
297,988
297,990
297,993
297,999
298,325
298,327
298,357
298,379
298,402
298,414
298,421
298,438
298,470
298,496
298,504
298,529
298,546
298,552
298,575
298,591
298,592
298,597
298,618
298,698
298,715
298,741
298,843
298,865
298,900
298,909
298,959
299,328
299,418
299,427
299,465
299,527
299,537
299,548
299,557
299,583
299,600
299,619
299,620
299,657
299,659
299,674
299,701
299,760
299,770
299,776
299,795
299,800
299,803
299,813
299,869
299,897
299,952
299,963
299,969
299,976
299,979
299,989
300,361
300,377
300,378
300,383
300,407
300,427
300,436
300,468
300,477
300,493
300,499
300,531
300,534
300,565
300,576
300,589
300,705
300,726
300,733
300,767
300,768
300,773
300,775
300,784
300,800
300,825
300,840
300,893
300,894
300,904
300,928
300,939
300,951
300,964
301,313
301,317
301,432
301,457
301,477
301,614
301,648
301,830
301,840
301,883
302,325
302,331
302,337
302,349
302,366
302,368
302,393
302,414
302,424
302,426
302,433
302,440
302,445
302,460
302,470
302,496
302,497
302,498
302,507
302,511
302,559
302,560
302,568
302,575
302,590
302,591
302,605
302,620
302,621
302,627
302,631
302,647
302,676
302,694
302,699
302,711
302,717
302,729
302,732
302,755
302,756
302,790
302,811
302,853
302,865
302,881
302,905
302,909
302,959
302,980
302,986
302,995
302,996
303,321
303,328
303,332
303,337
303,344
303,354
303,361
303,388
303,427
303,441
303,442
303,489
303,527
303,537
303,571
303,587
303,626
303,668
303,679
303,692
303,758
303,766
303,771
303,773
303,804
303,817
303,841
303,910
303,936
303,947
303,962
304,357
304,441
304,557
304,579
304,602
304,619
304,624
304,747
304,762
304,770
304,897
304,925
304,979
305,317
305,439
305,457
305,487
305,538
305,569
305,663
305,735
305,752
305,793
305,852
305,859
305,894
305,896
305,916
305,928
305,957
305,961
306,309
306,360
306,365
306,389
306,449
306,511
306,529
306,540
306,545
306,554
306,559
306,566
306,581
306,591
306,604
306,618
306,623
306,629
306,637
306,650
306,651
306,656
306,675
306,702
306,712
306,735
306,779
306,787
306,798
306,802
306,824
306,861
306,896
306,900
307,343
307,347
307,348
307,362
307,398
307,424
307,428
307,432
307,476
307,501
307,509
307,511
307,512
307,530
307,543
307,561
307,585
307,589
307,612
307,638
307,675
307,720
307,736
307,744
307,769
307,791
307,832
307,840
307,873
307,894
307,895
307,896
307,903
307,937
307,945
307,950
307,953
307,960
308,328
308,378
308,388
308,418
308,503
308,507
308,525
308,589
308,632
308,768
308,868
308,875
308,893
308,904
308,941
308,951
308,990
309,332
309,351
309,395
309,472
309,481
309,485
309,496
309,508
309,510
309,516
309,521
309,549
309,551
309,562
309,564
309,567
309,579
309,587
309,616
309,673
309,684
309,691
309,717
309,736
309,746
309,764
309,765
309,772
309,806
309,816
309,851
309,857
309,874
309,893
309,931
310,311
310,325
310,331
310,347
310,368
310,387
310,394
310,405
310,407
310,419
310,426
310,446
310,449
310,451
310,457
310,471
310,478
310,511
310,519
310,528
310,549
310,565
310,579
310,597
310,617
310,638
310,644
310,645
310,679
310,684
310,687
310,688
310,704
310,705
310,714
310,789
310,806
310,821
310,856
310,872
310,882
310,890
310,897
310,933
310,937
310,946
310,954
310,994
311,353
311,357
311,426
311,428
311,478
311,491
311,510
311,521
311,528
311,547
311,587
311,602
311,624
311,629
311,635
311,675
311,678
311,699
311,722
311,742
311,743
311,748
311,821
311,826
311,858
311,880
311,911
311,922
311,934
311,942
312,356
312,411
312,610
312,653
312,658
312,690
312,718
312,794
312,809
312,859
312,893
312,957
312,961
312,975
313,317
313,351
313,383
313,406
313,416
313,432
313,457
313,538
313,569
313,614
313,628
313,648
313,654
313,681
313,690
313,720
313,769
313,793
313,815
313,825
313,883
313,926
313,961
313,990
313,993
314,352
314,399
314,413
314,469
314,484
314,487
314,661
314,667
314,673
314,704
314,750
314,762
314,766
314,777
314,783
314,798
314,830
314,834
314,835
314,836
314,863
314,902
314,971
315,334
315,336
315,370
315,371
315,380
315,382
315,390
315,399
315,436
315,467
315,469
315,485
315,488
315,497
315,516
315,519
315,523
315,533
315,548
315,583
315,585
315,586
315,593
315,636
315,659
315,661
315,666
315,667
315,696
315,708
315,709
315,725
315,731
315,750
315,754
315,755
315,780
315,783
315,790
315,800
315,808
315,811
315,812
315,814
315,823
315,847
315,865
315,870
315,913
315,914
315,915
315,918
315,920
315,931
315,952
315,985
315,996
316,332
316,350
316,369
316,370
316,488
316,538
316,595
316,598
316,639
316,717
316,725
316,739
316,819
316,847
316,874
316,939
316,976
317,320
317,329
317,439
317,457
317,466
317,477
317,487
317,513
317,518
317,538
317,555
317,569
317,572
317,614
317,718
317,752
317,767
317,792
317,793
317,794
317,815
317,832
317,852
317,916
317,961
317,993
318,391
318,418
318,464
318,485
318,497
318,517
318,545
318,557
318,579
318,582
318,584
318,596
318,601
318,622
318,700
318,712
318,717
318,803
318,858
318,868
318,966
318,979
319,326
319,331
319,353
319,385
319,395
319,406
319,409
319,414
319,415
319,425
319,455
319,482
319,498
319,507
319,510
319,512
319,541
319,562
319,574
319,594
319,598
319,678
319,679
319,684
319,687
319,704
319,717
319,731
319,750
319,757
319,764
319,789
319,797
319,806
319,810
319,814
319,853
319,863
319,881
319,902
319,977
320,333
320,345
320,358
320,375
320,384
320,432
320,444
320,457
320,512
320,555
320,569
320,587
320,630
320,681
320,771
320,888
320,924
321,328
321,354
321,361
321,388
321,403
321,418
321,431
321,441
321,442
321,454
321,464
321,465
321,480
321,527
321,534
321,537
321,553
321,557
321,558
321,571
321,575
321,576
321,596
321,652
321,659
321,679
321,692
321,701
321,729
321,738
321,742
321,771
321,776
321,784
321,800
321,804
321,808
321,863
321,932
321,936
321,989
321,992
322,329
322,356
322,411
322,416
322,461
322,466
322,530
322,595
322,619
322,651
322,653
322,654
322,665
322,685
322,693
322,719
322,769
322,855
322,859
322,933
322,941
322,966
322,990
322,993
323,406
323,430
323,469
323,479
323,523
323,557
323,647
323,661
323,667
323,696
323,728
323,739
323,788
323,808
323,814
323,823
323,835
323,836
323,885
323,902
323,940
323,952
323,969
324,339
324,347
324,373
324,375
324,406
324,455
324,456
324,462
324,498
324,511
324,516
324,528
324,530
324,574
324,608
324,631
324,688
324,734
324,789
324,790
324,810
324,819
325,333
325,365
325,372
325,379
325,390
325,393
325,424
325,433
325,445
325,449
325,463
325,470
325,497
325,540
325,568
325,577
325,600
325,605
325,621
325,627
325,667
325,694
325,698
325,699
325,729
325,735
325,755
325,756
325,760
325,789
325,811
325,894
325,900
325,905
325,912
325,949
325,959
326,335
326,337
326,362
326,403
326,427
326,439
326,453
326,461
326,555
326,567
326,571
326,578
326,580
326,599
326,662
326,665
326,670
326,681
326,707
326,723
326,750
326,807
326,837
326,840
326,841
326,875
326,889
326,918
326,921
326,932
326,939
327,337
327,339
327,427
327,454
327,469
327,547
327,553
327,571
327,578
327,583
327,626
327,645
327,692
327,706
327,734
327,773
327,776
327,785
327,786
327,804
327,822
327,917
327,936
327,945
327,992
328,340
328,344
328,352
328,354
328,357
328,376
328,387
328,388
328,403
328,433
328,441
328,442
328,454
328,461
328,464
328,510
328,515
328,534
328,537
328,550
328,553
328,556
328,557
328,596
328,659
328,679
328,682
328,686
328,726
328,734
328,748
328,804
328,833
328,868
328,875
328,901
328,906
328,907
328,930
328,936
328,955
328,989
328,992
329,377
329,416
329,422
329,457
329,463
329,512
329,561
329,572
329,615
329,668
329,681
329,693
329,709
329,810
329,822
329,845
329,942
329,954
329,967
329,968
330,336
330,367
330,370
330,372
330,374
330,399
330,406
330,408
330,414
330,460
330,469
330,484
330,485
330,492
330,493
330,504
330,505
330,526
330,536
330,574
330,575
330,586
330,603
330,605
330,616
330,624
330,640
330,647
330,661
330,667
330,672
330,728
330,729
330,731
330,733
330,742
330,757
330,762
330,774
330,777
330,783
330,795
330,812
330,814
330,835
330,865
330,870
330,874
330,879
330,901
330,902
330,905
330,969
330,973
330,997
331,334
331,366
331,367
331,433
331,440
331,498
331,568
331,590
331,608
331,694
331,733
331,745
331,750
331,755
331,783
331,790
331,811
331,843
331,853
331,865
331,898
331,906
331,959
331,968
331,971
331,990
332,364
332,378
332,380
332,382
332,399
332,431
332,448
332,454
332,467
332,490
332,493
332,537
332,547
332,557
332,578
332,583
332,595
332,624
332,669
332,672
332,683
332,686
332,696
332,701
332,713
332,734
332,747
332,766
332,774
332,790
332,803
332,812
332,828
332,869
332,874
332,879
332,894
332,897
332,913
332,936
332,963
332,970
332,979
333,340
333,343
333,345
333,348
333,410
333,428
333,499
333,506
333,512
333,518
333,532
333,554
333,612
333,615
333,641
333,648
333,654
333,658
333,681
333,720
333,732
333,740
333,746
333,758
333,765
333,779
333,784
333,786
333,810
333,873
333,891
333,907
333,924
333,959
333,970
333,975
333,981
333,990
333,994
333,999
334,336
334,367
334,372
334,374
334,407
334,409
334,486
334,505
334,519
334,526
334,575
334,647
334,673
334,699
334,708
334,721
334,728
334,731
334,795
334,836
334,840
334,865
334,870
334,886
334,915
334,974
334,986
334,995
334,997
335,350
335,351
335,392
335,430
335,453
335,456
335,483
335,599
335,632
335,665
335,669
335,670
335,786
335,802
335,809
335,837
335,838
335,865
335,889
335,926
335,939
335,942
335,957
335,963
336,350
336,357
336,367
336,370
336,372
336,382
336,389
336,406
336,415
336,436
336,469
336,498
336,507
336,519
336,540
336,545
336,602
336,631
336,637
336,673
336,688
336,717
336,721
336,731
336,747
336,757
336,767
336,774
336,790
336,798
336,814
336,818
336,836
336,845
336,865
336,885
336,897
336,902
336,905
336,914
336,915
336,920
336,973
336,979
336,985
336,986
336,997
337,339
337,351
337,418
337,427
337,442
337,464
337,502
337,524
337,539
337,556
337,599
337,626
337,645
337,677
337,692
337,734
337,771
337,773
337,785
337,794
337,804
337,819
337,899
337,921
337,990
337,992
338,412
338,458
338,474
338,493
338,521
338,528
338,537
338,565
338,595
338,628
338,684
338,690
338,731
338,742
338,767
338,828
338,838
338,878
338,887
338,907
338,943
338,960
338,962
339,361
339,388
339,442
339,537
339,571
339,573
339,579
339,613
339,626
339,692
339,734
339,773
339,800
339,804
339,841
339,883
339,936
339,983
340,377
340,392
340,403
340,411
340,427
340,431
340,456
340,494
340,534
340,576
340,644
340,781
340,799
340,802
340,837
340,869
340,872
340,999
341,350
341,465
341,499
341,604
341,619
341,684
341,696
341,717
341,764
341,768
341,782
341,789
341,881
341,959
342,382
342,485
342,523
342,528
342,540
342,643
342,728
342,739
342,750
342,762
342,835
342,914
342,937
342,940
342,984
342,985
343,348
343,410
343,449
343,476
343,499
343,501
343,506
343,512
343,515
343,518
343,572
343,594
343,612
343,620
343,732
343,749
343,758
343,797
343,848
343,864
343,873
343,996
344,359
344,378
344,380
344,418
344,441
344,444
344,446
344,462
344,527
344,596
344,626
344,648
344,659
344,679
344,692
344,723
344,749
344,804
344,936
345,371
345,429
345,432
345,444
345,487
345,491
345,493
345,509
345,512
345,514
345,517
345,555
345,569
345,592
345,648
345,654
345,664
345,667
345,681
345,732
345,761
345,784
345,791
345,794
345,815
345,822
345,855
345,883
345,916
345,924
345,925
345,950
345,967
345,993
346,378
346,567
346,617
346,662
346,738
346,750
346,767
346,868
346,869
346,875
346,876
346,941
347,353
347,368
347,371
347,394
347,411
347,452
347,498
347,511
347,521
347,587
347,608
347,611
347,619
347,644
347,659
347,687
347,703
347,714
347,720
347,767
347,780
347,793
347,813
347,830
347,859
347,862
347,864
347,888
347,911
347,914
347,927
347,933
347,937
347,978
347,990
348,369
348,370
348,384
348,410
348,426
348,432
348,440
348,459
348,489
348,499
348,506
348,509
348,512
348,532
348,562
348,612
348,630
348,664
348,680
348,719
348,735
348,758
348,782
348,787
348,801
348,825
348,842
348,848
348,891
348,933
348,942
348,945
348,970
348,978
348,981
349,426
349,438
349,463
349,560
349,633
349,639
349,788
349,912
349,977
350,357
350,367
350,394
350,406
350,408
350,415
350,421
350,440
350,452
350,455
350,467
350,488
350,492
350,496
350,508
350,510
350,516
350,549
350,565
350,566
350,579
350,594
350,606
350,627
350,637
350,669
350,681
350,694
350,702
350,717
350,721
350,729
350,755
350,757
350,765
350,777
350,783
350,788
350,789
350,790
350,810
350,814
350,829
350,835
350,840
350,853
350,865
350,872
350,881
350,882
350,898
350,905
350,914
350,920
350,940
350,941
350,964
350,972
350,973
350,974
350,980
350,997
350,999
351,382
351,392
351,441
351,453
351,461
351,483
351,500
351,521
351,534
351,580
351,599
351,665
351,679
351,716
351,781
351,786
351,791
351,837
351,877
351,889
351,939
351,950
352,370
352,380
352,382
352,407
352,420
352,469
352,484
352,485
352,504
352,525
352,603
352,606
352,629
352,661
352,667
352,695
352,750
352,757
352,774
352,783
352,819
352,823
352,835
352,902
352,963
353,388
353,396
353,433
353,481
353,579
353,596
353,602
353,617
353,644
353,671
353,678
353,693
353,714
353,728
353,764
353,765
353,768
353,814
353,819
353,845
353,858
353,882
353,907
353,925
353,973
353,982
353,986
354,361
354,387
354,388
354,431
354,441
354,454
354,464
354,465
354,537
354,564
354,657
354,659
354,669
354,670
354,679
354,728
354,804
354,881
354,917
354,936
355,361
355,394
355,412
355,417
355,458
355,514
355,521
355,587
355,597
355,611
355,612
355,703
355,709
355,719
355,742
355,749
355,894
355,907
355,914
355,961
355,968
355,977
355,999
356,365
356,375
356,392
356,416
356,439
356,477
356,488
356,507
356,518
356,530
356,569
356,610
356,651
356,658
356,659
356,681
356,690
356,693
356,718
356,733
356,769
356,792
356,793
356,842
356,855
356,866
356,887
356,894
356,903
356,927
356,928
356,942
356,957
356,967
356,991
357,364
357,369
357,380
357,386
357,430
357,433
357,462
357,508
357,510
357,514
357,528
357,549
357,564
357,582
357,604
357,614
357,616
357,624
357,666
357,673
357,674
357,713
357,722
357,749
357,768
357,794
357,821
357,850
357,885
357,941
357,960
357,978
357,980
357,983
358,362
358,377
358,406
358,468
358,493
358,525
358,533
358,534
358,557
358,632
358,670
358,726
358,767
358,769
358,833
358,837
358,840
358,841
358,875
358,877
358,881
358,893
358,897
358,901
358,904
358,915
358,925
358,926
358,930
358,932
359,376
359,407
359,415
359,419
359,440
359,445
359,519
359,541
359,577
359,588
359,604
359,608
359,633
359,687
359,697
359,753
359,759
359,810
359,844
359,865
359,946
360,397
360,400
360,402
360,424
360,495
360,513
360,520
360,521
360,529
360,545
360,566
360,591
360,609
360,618
360,641
360,650
360,689
360,702
360,712
360,727
360,744
360,755
360,851
360,867
360,994
361,387
361,388
361,391
361,430
361,454
361,507
361,527
361,536
361,571
361,579
361,626
361,645
361,654
361,665
361,670
361,679
361,701
361,734
361,758
361,771
361,776
361,784
361,785
361,804
361,814
361,851
361,921
361,992
362,375
362,377
362,383
362,388
362,401
362,427
362,510
362,524
362,554
362,556
362,584
362,596
362,599
362,600
362,659
362,670
362,690
362,706
362,707
362,723
362,728
362,761
362,776
362,799
362,837
362,841
362,910
362,917
362,921
362,927
362,930
362,939
362,965
362,998
363,364
363,371
363,420
363,437
363,451
363,493
363,495
363,525
363,565
363,585
363,589
363,614
363,615
363,617
363,635
363,647
363,709
363,726
363,736
363,742
363,746
363,765
363,805
363,808
363,809
363,820
363,821
363,839
363,840
363,863
363,875
363,886
363,901
363,925
363,936
363,954
363,962
363,964
364,431
364,442
364,448
364,462
364,467
364,485
364,489
364,525
364,531
364,533
364,544
364,547
364,557
364,657
364,701
364,713
364,717
364,747
364,760
364,765
364,766
364,772
364,785
364,806
364,812
364,819
364,852
364,897
364,936
364,963
364,965
364,992
365,397
365,419
365,424
365,443
365,444
365,446
365,471
365,476
365,478
365,502
365,515
365,540
365,552
365,566
365,625
365,630
365,668
365,744
365,749
365,750
365,751
365,753
365,779
365,796
365,805
365,821
365,822
365,831
365,843
365,856
365,874
365,882
365,891
365,905
365,912
365,922
365,923
365,989
366,446
366,496
366,497
366,498
366,529
366,535
366,568
366,694
366,717
366,741
366,755
366,811
366,814
366,816
366,865
366,887
366,905
366,974
367,373
367,406
367,415
367,419
367,430
367,456
367,463
367,469
367,504
367,519
367,526
367,535
367,605
367,616
367,621
367,673
367,688
367,698
367,721
367,731
367,755
367,757
367,763
367,778
367,783
367,788
367,790
367,806
367,814
367,832
367,885
367,914
367,921
367,931
367,946
367,954
367,996
367,997
368,377
368,394
368,405
368,424
368,446
368,460
368,471
368,509
368,511
368,516
368,533
368,540
368,576
368,577
368,588
368,597
368,635
368,638
368,644
368,651
368,697
368,704
368,721
368,724
368,733
368,741
368,742
368,756
368,779
368,815
368,818
368,826
368,843
368,862
368,864
368,884
368,887
368,890
368,891
368,926
368,933
368,946
368,954
369,370
369,399
369,423
369,435
369,488
369,490
369,536
369,548
369,579
369,584
369,586
369,588
369,595
369,686
369,696
369,701
369,713
369,731
369,750
369,766
369,812
369,816
369,819
369,847
369,879
369,906
369,915
369,940
369,963
370,382
370,386
370,399
370,436
370,483
370,488
370,490
370,507
370,548
370,557
370,578
370,586
370,588
370,595
370,598
370,639
370,684
370,686
370,688
370,692
370,696
370,739
370,767
370,806
370,808
370,811
370,812
370,835
370,836
370,847
370,879
370,905
370,906
370,908
370,936
370,952
371,394
371,420
371,423
371,482
371,483
371,521
371,562
371,597
371,602
371,611
371,635
371,644
371,675
371,697
371,719
371,728
371,780
371,809
371,813
371,862
371,864
371,924
371,925
371,927
371,954
371,962
371,978
371,998
372,407
372,451
372,453
372,469
372,484
372,485
372,492
372,504
372,505
372,535
372,568
372,575
372,606
372,624
372,661
372,667
372,669
372,672
372,673
372,688
372,739
372,754
372,755
372,757
372,774
372,790
372,829
372,865
372,870
372,873
372,885
372,902
372,907
372,981
373,385
373,462
373,517
373,528
373,542
373,564
373,565
373,575
373,578
373,616
373,631
373,636
373,721
373,725
373,764
373,798
373,819
373,850
373,885
373,952
373,972
373,983
374,399
374,433
374,484
374,488
374,494
374,504
374,505
374,519
374,535
374,575
374,606
374,694
374,725
374,788
374,865
374,901
374,902
374,906
374,974
375,402
375,403
375,422
375,429
375,444
375,451
375,453
375,466
375,474
375,485
375,487
375,530
375,541
375,573
375,585
375,600
375,605
375,628
375,648
375,653
375,658
375,663
375,665
375,681
375,686
375,690
375,716
375,769
375,776
375,791
375,792
375,794
375,842
375,855
375,856
375,859
375,875
375,883
375,924
375,927
375,932
375,964
375,967
375,988
375,993
376,404
376,405
376,406
376,408
376,414
376,419
376,426
376,436
376,438
376,445
376,449
376,452
376,463
376,471
376,505
376,511
376,516
376,529
376,541
376,544
376,570
376,572
376,590
376,592
376,603
376,604
376,632
376,633
376,637
376,650
376,717
376,756
376,763
376,780
376,805
376,810
376,834
376,844
376,849
376,851
376,863
376,872
376,886
376,944
376,946
376,977
376,980
376,986
376,995
376,998
376,999
377,383
377,387
377,454
377,461
377,468
377,493
377,494
377,525
377,569
377,587
377,589
377,591
377,602
377,617
377,619
377,670
377,726
377,752
377,761
377,767
377,768
377,804
377,821
377,835
377,840
377,841
377,851
377,854
377,866
377,877
377,891
377,893
377,894
377,926
377,932
377,939
377,951
377,964
378,401
378,402
378,472
378,503
378,525
378,558
378,600
378,617
378,632
378,662
378,663
378,669
378,693
378,759
378,767
378,768
378,776
378,822
378,838
378,864
378,868
378,930
378,979
378,983
379,402
379,449
379,470
379,496
379,512
379,552
379,594
379,603
379,647
379,700
379,715
379,733
379,741
379,788
379,865
379,884
379,909
379,923
379,949
379,959
380,387
380,462
380,490
380,584
380,588
380,686
380,688
380,696
380,747
380,750
380,767
380,812
380,826
380,847
380,850
380,870
380,877
380,908
380,952
381,417
381,447
381,473
381,639
381,640
381,643
381,778
381,782
381,818
381,867
381,953
382,383
382,452
382,548
382,603
382,636
382,647
382,666
382,667
382,684
382,717
382,725
382,728
382,749
382,750
382,774
382,777
382,790
382,806
382,808
382,853
382,914
382,915
382,973
382,983
382,984
382,985
383,456
383,477
383,494
383,534
383,570
383,576
383,580
383,589
383,632
383,730
383,769
383,781
383,799
383,813
383,817
383,820
383,825
383,834
383,851
383,854
383,877
383,891
383,893
383,926
383,930
383,932
383,943
384,410
384,518
384,562
384,784
384,903
384,934
384,950
384,988
385,435
385,451
385,474
385,491
385,533
385,579
385,667
385,749
385,826
385,834
385,849
385,904
385,995
386,421
386,448
386,480
386,481
386,540
386,551
386,564
386,578
386,579
386,587
386,595
386,624
386,674
386,692
386,710
386,717
386,722
386,731
386,828
386,850
386,874
386,879
386,892
386,915
386,937
386,980
386,995
387,391
387,401
387,405
387,454
387,524
387,527
387,558
387,571
387,578
387,621
387,626
387,645
387,665
387,669
387,679
387,692
387,723
387,752
387,766
387,771
387,773
387,776
387,786
387,804
387,820
387,831
387,837
387,859
387,901
387,906
387,908
387,910
387,917
387,921
387,951
388,390
388,409
388,423
388,441
388,450
388,453
388,454
388,464
388,465
388,468
388,474
388,503
388,537
388,543
388,550
388,553
388,556
388,558
388,571
388,584
388,593
388,596
388,624
388,645
388,652
388,665
388,669
388,670
388,679
388,691
388,696
388,734
388,749
388,760
388,765
388,771
388,773
388,776
388,786
388,804
388,817
388,840
388,864
388,902
388,910
388,917
388,921
388,931
388,936
388,939
388,947
388,989
388,992
389,402
389,412
389,417
389,435
389,545
389,592
389,609
389,616
389,634
389,640
389,643
389,655
389,736
389,824
389,843
389,860
389,867
389,909
389,938
389,948
389,977
389,994
390,393
390,442
390,455
390,461
390,469
390,485
390,492
390,516
390,570
390,584
390,594
390,616
390,636
390,639
390,657
390,694
390,695
390,696
390,717
390,718
390,725
390,728
390,731
390,769
390,772
390,777
390,788
390,806
390,814
390,819
390,853
390,865
390,870
390,874
390,894
390,906
390,914
390,915
390,928
390,937
390,940
390,972
390,997
390,998
391,457
391,483
391,522
391,524
391,531
391,639
391,670
391,679
391,682
391,710
391,723
391,775
391,885
391,921
391,951
392,403
392,416
392,444
392,453
392,456
392,472
392,538
392,555
392,567
392,614
392,622
392,632
392,738
392,758
392,767
392,769
392,781
392,786
392,816
392,820
392,833
392,866
392,877
392,883
392,889
392,892
392,924
392,926
392,937
392,993
393,414
393,433
393,467
393,496
393,519
393,605
393,627
393,631
393,637
393,644
393,645
393,681
393,694
393,699
393,757
393,773
393,811
393,851
393,856
393,876
393,900
393,905
393,909
393,944
393,959
393,977
393,986
394,420
394,421
394,451
394,462
394,474
394,497
394,543
394,562
394,567
394,587
394,597
394,608
394,610
394,611
394,638
394,644
394,646
394,651
394,656
394,691
394,703
394,705
394,720
394,722
394,749
394,811
394,821
394,864
395,440
395,455
395,471
395,507
395,510
395,679
395,764
395,765
395,844
395,853
395,885
395,913
396,434
396,545
396,618
396,640
396,689
396,826
396,871
396,885
396,994
397,429
397,447
397,452
397,495
397,520
397,529
397,544
397,554
397,565
397,566
397,591
397,609
397,640
397,654
397,702
397,712
397,733
397,791
397,818
397,824
398,428
398,447
398,459
398,471
398,474
398,476
398,479
398,501
398,506
398,509
398,543
398,554
398,572
398,585
398,586
398,597
398,612
398,614
398,628
398,693
398,705
398,720
398,738
398,740
398,743
398,744
398,757
398,846
398,862
398,891
398,903
398,925
398,929
398,960
398,981
398,988
399,407
399,413
399,436
399,488
399,548
399,584
399,596
399,639
399,666
399,689
399,701
399,766
399,798
399,808
399,814
399,847
399,877
399,908
399,913
399,920
399,931
399,992
400,417
400,424
400,440
400,447
400,473
400,513
400,554
400,559
400,591
400,597
400,618
400,627
400,656
400,689
400,711
400,712
400,836
400,909
400,953
400,977
400,994
401,413
401,427
401,500
401,524
401,613
401,649
401,659
401,665
401,682
401,707
401,723
401,771
401,889
401,921
401,939
401,955
402,408
402,414
402,434
402,449
402,474
402,498
402,524
402,527
402,541
402,544
402,552
402,564
402,592
402,606
402,660
402,683
402,698
402,705
402,715
402,727
402,741
402,769
402,809
402,818
402,843
402,860
402,879
402,909
402,937
403,427
403,437
403,441
403,456
403,461
403,499
403,503
403,534
403,537
403,573
403,580
403,588
403,610
403,649
403,665
403,670
403,707
403,734
403,767
403,784
403,828
403,833
403,837
403,841
403,854
403,893
403,901
403,939
404,405
404,440
404,445
404,460
404,562
404,604
404,621
404,633
404,676
404,746
404,810
404,816
404,834
404,849
404,943
404,986
405,419
405,424
405,438
405,451
405,476
405,488
405,506
405,513
405,566
405,570
405,590
405,620
405,625
405,637
405,646
405,655
405,725
405,745
405,757
405,770
405,801
405,805
405,856
405,861
405,863
405,865
405,866
405,874
405,884
405,905
405,909
405,946
405,953
405,956
405,976
406,453
406,471
406,478
406,493
406,519
406,533
406,541
406,574
406,588
406,594
406,616
406,631
406,651
406,684
406,688
406,717
406,721
406,731
406,762
406,788
406,790
406,812
406,813
406,814
406,823
406,835
406,853
406,856
406,869
406,881
406,914
406,931
406,967
406,969
406,973
406,997
407,411
407,419
407,426
407,433
407,451
407,541
407,608
407,675
407,687
407,704
407,705
407,714
407,739
407,810
407,821
407,853
407,907
407,911
408,445
408,463
408,497
408,511
408,517
408,560
408,566
408,570
408,605
408,620
408,621
408,637
408,756
408,791
408,810
408,862
408,944
408,946
408,960
409,446
409,507
409,510
409,521
409,541
409,549
409,569
409,594
409,678
409,687
409,691
409,745
409,746
409,765
409,780
409,805
409,893
409,913
409,944
409,960
410,445
410,459
410,499
410,506
410,518
410,651
410,654
410,676
410,705
410,743
410,882
410,891
410,900
410,929
411,416
411,428
411,477
411,487
411,532
411,534
411,538
411,572
411,610
411,653
411,656
411,685
411,693
411,742
411,744
411,749
411,752
411,767
411,786
411,791
411,840
411,859
411,883
411,932
411,941
411,942
411,957
411,987
411,991
412,451
412,479
412,528
412,543
412,599
412,614
412,626
412,660
412,685
412,719
412,809
412,813
412,839
412,844
412,901
412,942
412,943
412,968
412,990
412,993
412,999
413,542
413,629
413,666
413,774
413,777
413,783
413,795
413,857
413,902
413,971
414,417
414,443
414,447
414,463
414,546
414,552
414,592
414,618
414,640
414,660
414,698
414,711
414,715
414,717
414,733
414,790
414,809
414,843
414,860
414,948
414,986
414,990
414,994
415,425
415,455
415,481
415,482
415,507
415,542
415,616
415,684
415,688
415,691
415,699
415,717
415,757
415,790
415,814
415,849
415,865
415,890
415,980
415,997
416,429
416,437
416,439
416,457
416,477
416,483
416,494
416,538
416,580
416,587
416,614
416,626
416,645
416,653
416,658
416,690
416,717
416,719
416,769
416,784
416,794
416,799
416,815
416,820
416,824
416,842
416,851
416,855
416,859
416,866
416,877
416,911
416,926
416,927
416,928
416,932
416,939
416,950
416,962
416,990
416,991
417,447
417,456
417,529
417,545
417,552
417,588
417,591
417,592
417,609
417,618
417,620
417,643
417,664
417,700
417,715
417,729
417,733
417,741
417,778
417,782
417,801
417,843
417,867
417,909
417,944
417,977
417,994
418,436
418,465
418,516
418,535
418,551
418,600
418,616
418,622
418,624
418,631
418,669
418,701
418,710
418,742
418,770
418,797
418,874
418,897
418,906
418,907
418,909
418,914
418,924
418,947
418,965
419,420
419,438
419,440
419,463
419,541
419,543
419,549
419,564
419,576
419,680
419,687
419,691
419,697
419,714
419,765
419,798
419,805
419,810
419,816
419,843
419,849
419,853
419,864
419,927
419,933
419,937
419,938
419,939
419,944
419,958
419,986
420,452
420,493
420,565
420,587
420,595
420,635
420,644
420,669
420,735
420,758
420,797
420,813
420,888
420,893
420,901
420,911
420,945
420,962
420,998
421,431
421,444
421,460
421,481
421,493
421,534
421,539
421,578
421,600
421,619
421,624
421,678
421,723
421,742
421,772
421,807
421,833
421,840
421,850
421,859
421,866
421,880
421,907
421,939
421,962
421,965
421,968
421,982
422,424
422,432
422,444
422,453
422,457
422,506
422,547
422,569
422,584
422,594
422,614
422,648
422,654
422,664
422,681
422,716
422,791
422,815
422,822
422,883
422,919
422,924
422,950
422,967
423,431
423,441
423,444
423,465
423,522
423,531
423,556
423,571
423,648
423,659
423,677
423,679
423,682
423,709
423,722
423,740
423,766
423,770
423,773
423,776
423,781
423,802
423,809
423,817
423,821
423,875
423,910
423,921
423,930
423,947
423,992
423,998
424,434
424,459
424,511
424,514
424,529
424,544
424,545
424,555
424,566
424,590
424,591
424,609
424,618
424,639
424,640
424,641
424,656
424,687
424,698
424,711
424,741
424,745
424,811
424,824
424,831
424,851
424,860
424,862
424,865
424,905
424,909
424,924
424,938
424,953
424,977
425,467
425,481
425,490
425,508
425,516
425,519
425,528
425,582
425,604
425,692
425,704
425,722
425,729
425,788
425,806
425,947
425,980
426,438
426,446
426,451
426,460
426,461
426,469
426,491
426,541
426,543
426,570
426,573
426,591
426,592
426,614
426,620
426,621
426,641
426,646
426,655
426,687
426,714
426,733
426,741
426,745
426,805
426,810
426,814
426,816
426,831
426,844
426,849
426,856
426,860
426,863
426,909
426,920
426,933
426,934
426,944
426,946
426,959
426,999
427,431
427,494
427,512
427,580
427,589
427,599
427,610
427,613
427,670
427,706
427,723
427,757
427,808
427,841
427,910
427,917
427,939
427,990
428,459
428,479
428,481
428,499
428,506
428,513
428,585
428,615
428,638
428,665
428,671
428,740
428,743
428,745
428,831
428,832
428,897
428,958
429,457
429,475
429,500
429,512
429,514
429,517
429,555
429,580
429,615
429,664
429,681
429,719
429,758
429,766
429,872
429,883
429,924
429,933
429,938
429,950
429,993
430,431
430,465
430,467
430,557
430,558
430,583
430,652
430,657
430,701
430,770
430,777
430,830
430,879
430,897
430,976
431,436
431,442
431,464
431,465
431,489
431,497
431,527
431,530
431,547
431,551
431,571
431,583
431,608
431,618
431,626
431,649
431,657
431,659
431,679
431,686
431,692
431,696
431,701
431,706
431,713
431,738
431,760
431,766
431,770
431,799
431,800
431,803
431,804
431,830
431,834
431,847
431,869
431,877
431,879
431,892
431,914
431,915
431,936
431,963
431,979
431,989
431,992
432,444
432,446
432,457
432,493
432,512
432,554
432,555
432,569
432,612
432,614
432,635
432,649
432,653
432,654
432,664
432,681
432,716
432,721
432,735
432,758
432,773
432,791
432,822
432,851
432,883
432,887
432,894
432,916
432,919
432,924
432,950
433,456
433,482
433,496
433,516
433,517
433,519
433,525
433,568
433,603
433,627
433,661
433,694
433,699
433,717
433,736
433,755
433,757
433,772
433,811
433,850
433,851
433,865
433,881
433,900
433,905
433,946
433,959
433,974
433,980
433,986
433,994
433,996
434,460
434,473
434,566
434,570
434,591
434,618
434,656
434,953
434,977
435,449
435,493
435,521
435,587
435,594
435,632
435,668
435,678
435,734
435,736
435,745
435,772
435,813
435,839
435,872
435,888
435,894
435,895
435,911
435,946
435,996
435,998
436,467
436,485
436,490
436,492
436,523
436,548
436,555
436,584
436,586
436,588
436,595
436,598
436,603
436,647
436,657
436,666
436,669
436,674
436,684
436,699
436,701
436,710
436,725
436,728
436,739
436,788
436,790
436,805
436,808
436,836
436,869
436,874
436,877
436,881
436,888
436,897
436,906
436,915
436,924
436,931
436,952
436,972
436,984
436,999
437,439
437,456
437,466
437,472
437,477
437,483
437,494
437,658
437,665
437,670
437,683
437,709
437,737
437,784
437,786
437,797
437,820
437,849
437,893
437,904
437,918
437,932
437,939
437,987
438,446
438,460
438,463
438,476
438,537
438,541
438,551
438,571
438,592
438,646
438,687
438,701
438,737
438,741
438,745
438,760
438,764
438,805
438,810
438,844
438,856
438,860
438,863
438,872
438,909
438,945
438,946
438,956
438,959
438,993
439,457
439,569
439,614
439,648
439,663
439,752
439,784
439,793
439,799
439,802
439,815
439,847
439,852
439,859
439,877
439,916
439,927
439,928
439,942
439,992
439,993
440,476
440,486
440,491
440,519
440,533
440,549
440,554
440,561
440,570
440,577
440,579
440,604
440,617
440,633
440,637
440,646
440,654
440,667
440,678
440,691
440,717
440,755
440,763
440,764
440,787
440,810
440,834
440,851
440,863
440,872
440,881
440,944
440,945
440,985
440,986
440,996
440,999
441,454
441,464
441,465
441,508
441,527
441,531
441,533
441,537
441,550
441,553
441,556
441,571
441,589
441,636
441,659
441,679
441,692
441,785
441,800
441,804
441,817
441,866
441,910
441,936
441,938
441,939
441,947
441,955
441,989
441,992
442,454
442,464
442,522
442,550
442,553
442,571
442,574
442,592
442,599
442,600
442,645
442,647
442,679
442,692
442,713
442,750
442,760
442,766
442,773
442,786
442,804
442,817
442,818
442,830
442,860
442,869
442,901
442,936
442,939
442,955
442,966
442,979
442,989
443,592
443,628
443,711
443,843
443,845
443,861
443,909
443,959
444,487
444,580
444,614
444,644
444,654
444,664
444,681
444,690
444,716
444,735
444,760
444,822
444,883
444,919
444,939
444,950
444,988
445,449
445,497
445,616
445,621
445,625
445,699
445,735
445,783
445,944
445,986
445,996
446,449
446,452
446,460
446,471
446,476
446,485
446,498
446,499
446,511
446,513
446,566
446,590
446,597
446,608
446,614
446,615
446,616
446,625
446,644
446,656
446,671
446,687
446,688
446,692
446,712
446,720
446,727
446,735
446,744
446,753
446,761
446,765
446,779
446,800
446,805
446,810
446,843
446,856
446,862
446,864
446,887
446,895
446,896
446,901
446,922
446,923
446,934
446,937
446,954
446,968
446,975
446,986
446,994
447,491
447,502
447,529
447,545
447,566
447,587
447,591
447,592
447,609
447,618
447,640
447,643
447,660
447,675
447,691
447,700
447,717
447,733
447,741
447,761
447,778
447,782
447,787
447,801
447,824
447,843
447,860
447,861
447,867
447,909
447,938
447,948
447,977
447,986
447,994
448,487
448,686
448,747
448,770
448,830
448,972
448,983
449,463
449,476
449,497
449,544
449,581
449,590
449,592
449,637
449,656
449,660
449,668
449,683
449,697
449,699
449,727
449,733
449,741
449,751
449,755
449,802
449,824
449,867
449,906
449,986
449,996
450,459
450,509
450,515
450,561
450,585
450,591
450,597
450,608
450,615
450,638
450,753
450,862
450,872
450,895
450,922
450,933
450,945
450,958
450,975
450,981
451,484
451,511
451,536
451,541
451,575
451,577
451,579
451,606
451,608
451,611
451,651
451,660
451,666
451,675
451,687
451,691
451,704
451,714
451,715
451,742
451,749
451,805
451,808
451,816
451,821
451,840
451,885
451,942
451,945
451,986
451,990
452,460
452,471
452,480
452,502
452,511
452,540
452,579
452,597
452,618
452,628
452,638
452,640
452,664
452,671
452,719
452,735
452,751
452,764
452,780
452,821
452,831
452,846
452,856
452,871
452,890
452,895
452,929
452,934
452,946
452,968
453,456
453,494
453,525
453,551
453,558
453,562
453,564
453,583
453,599
453,610
453,639
453,665
453,726
453,731
453,737
453,781
453,784
453,786
453,793
453,799
453,807
453,817
453,820
453,825
453,837
453,851
453,852
453,866
453,877
453,887
453,907
453,916
453,926
453,936
453,951
454,464
454,553
454,556
454,573
454,679
454,739
454,773
454,776
454,786
454,803
454,804
454,817
454,869
454,875
454,897
455,502
455,507
455,510
455,516
455,541
455,594
455,688
455,696
455,762
455,764
455,788
455,810
455,853
455,867
455,882
455,891
455,914
455,999
456,457
456,483
456,494
456,534
456,557
456,571
456,576
456,589
456,592
456,665
456,670
456,737
456,758
456,767
456,771
456,773
456,781
456,802
456,820
456,833
456,837
456,840
456,851
456,854
456,866
456,877
456,889
456,893
456,896
456,901
456,918
456,921
456,924
456,925
456,927
456,932
456,936
456,951
456,999
457,538
457,569
457,615
457,640
457,651
457,716
457,717
457,718
457,737
457,752
457,773
457,781
457,791
457,793
457,798
457,802
457,815
457,825
457,840
457,852
457,894
457,924
457,928
457,994
458,483
458,491
458,493
458,543
458,565
458,589
458,610
458,644
458,698
458,730
458,765
458,779
458,826
458,878
458,885
458,887
458,907
458,911
458,995
459,475
459,479
459,506
459,509
459,514
459,518
459,612
459,615
459,651
459,740
459,743
459,758
459,842
459,848
459,852
459,894
459,970
460,502
460,505
460,509
460,513
460,516
460,521
460,533
460,535
460,544
460,608
460,609
460,621
460,629
460,646
460,654
460,655
460,704
460,735
460,743
460,745
460,746
460,787
460,801
460,805
460,843
460,844
460,849
460,863
460,864
460,893
460,900
460,937
460,946
460,956
460,996
461,465
461,494
461,505
461,531
461,567
461,568
461,569
461,573
461,576
461,580
461,613
461,626
461,645
461,665
461,706
461,716
461,725
461,767
461,781
461,786
461,799
461,802
461,804
461,837
461,852
461,854
461,869
461,873
461,876
461,888
461,889
461,910
461,918
461,939
461,955
462,556
462,558
462,564
462,592
462,636
462,647
462,744
462,798
462,814
462,819
462,897
462,920
462,931
462,972
462,983
463,513
463,544
463,552
463,603
463,637
463,683
463,689
463,691
463,700
463,843
463,892
463,896
463,911
463,912
463,946
463,963
463,996
464,467
464,527
464,537
464,550
464,583
464,596
464,652
464,659
464,677
464,679
464,680
464,689
464,724
464,770
464,773
464,791
464,796
464,800
464,804
464,869
464,886
464,936
464,955
464,992
465,467
465,481
465,485
465,511
465,528
465,547
465,557
465,577
465,579
465,583
465,584
465,598
465,617
465,630
465,652
465,657
465,659
465,675
465,684
465,686
465,717
465,722
465,736
465,738
465,760
465,766
465,781
465,797
465,800
465,808
465,809
465,897
465,930
465,936
465,976
465,979
465,982
465,986
465,992
465,999
466,487
466,512
466,514
466,530
466,572
466,599
466,653
466,681
466,690
466,791
466,792
466,793
466,822
466,842
466,916
466,945
467,480
467,547
467,557
467,578
467,584
467,596
467,598
467,616
467,620
467,647
467,657
467,691
467,731
467,760
467,770
467,797
467,800
467,832
467,840
467,847
467,897
467,920
467,936
467,942
467,963
467,979
467,990
468,525
468,600
468,726
468,768
468,809
468,830
468,840
468,901
468,904
468,930
468,951
468,964
469,484
469,485
469,505
469,519
469,526
469,536
469,542
469,549
469,584
469,603
469,631
469,636
469,647
469,667
469,693
469,726
469,749
469,750
469,762
469,777
469,783
469,795
469,811
469,814
469,843
469,853
469,865
469,870
469,885
469,900
469,920
469,944
469,969
469,971
469,999
470,485
470,490
470,541
470,581
470,590
470,660
470,715
470,756
470,900
470,949
471,476
471,480
471,513
471,540
471,597
471,611
471,620
471,646
471,687
471,703
471,733
471,751
471,761
471,796
471,804
471,831
471,854
471,856
471,859
471,895
471,946
471,973
471,990
472,480
472,500
472,580
472,589
472,599
472,602
472,610
472,632
472,759
472,767
472,768
472,793
472,882
472,927
472,939
472,941
472,987
473,478
473,552
473,554
473,566
473,620
473,623
473,628
473,640
473,656
473,689
473,702
473,753
473,824
473,827
473,897
473,923
473,953
473,964
474,493
474,507
474,510
474,516
474,528
474,539
474,579
474,589
474,602
474,742
474,749
474,759
474,795
474,826
474,838
474,845
474,849
474,874
474,875
474,878
474,887
474,892
474,897
474,909
474,922
474,943
474,944
474,964
474,976
474,995
475,492
475,512
475,628
475,658
475,693
475,720
475,732
475,758
475,820
475,839
475,864
475,865
475,866
475,924
475,945
475,988
476,497
476,513
476,515
476,545
476,556
476,620
476,625
476,654
476,656
476,731
476,740
476,742
476,751
476,779
476,787
476,790
476,831
476,896
476,909
476,967
477,534
477,587
477,644
477,685
477,718
477,784
477,807
477,851
477,859
477,924
477,933
477,957
478,546
478,566
478,590
478,592
478,620
478,640
478,641
478,656
478,728
478,780
478,856
478,884
478,896
478,946
479,501
479,540
479,612
479,615
479,617
479,630
479,658
479,664
479,671
479,680
479,691
479,694
479,704
479,710
479,732
479,735
479,740
479,743
479,760
479,761
479,807
479,823
479,832
479,833
479,848
479,874
479,891
479,894
479,896
479,958
479,960
479,980
480,490
480,505
480,510
480,527
480,557
480,583
480,586
480,601
480,614
480,622
480,633
480,701
480,760
480,770
480,808
480,812
480,828
480,875
480,894
480,897
480,936
480,963
480,966
480,989
481,493
481,498
481,510
481,592
481,595
481,602
481,604
481,622
481,678
481,684
481,722
481,746
481,845
481,882
482,492
482,496
482,505
482,519
482,536
482,566
482,636
482,717
482,757
482,766
482,974
483,489
483,492
483,534
483,556
483,613
483,665
483,718
483,738
483,771
483,781
483,786
483,815
483,816
483,820
483,825
483,834
483,837
483,889
483,893
483,939
483,967
484,492
484,504
484,535
484,538
484,645
484,695
484,700
484,750
484,754
484,755
484,757
484,774
484,790
484,859
484,870
485,490
485,523
485,562
485,593
485,629
485,631
485,635
485,636
485,647
485,659
485,667
485,669
485,674
485,684
485,695
485,708
485,739
485,750
485,757
485,766
485,777
485,790
485,823
485,836
485,874
485,885
485,908
485,913
485,920
485,931
485,940
485,963
485,968
485,984
486,517
486,519
486,526
486,542
486,590
486,603
486,664
486,721
486,728
486,769
486,777
486,795
486,835
486,902
487,512
487,544
487,569
487,610
487,614
487,648
487,653
487,658
487,663
487,664
487,681
487,716
487,737
487,749
487,752
487,781
487,786
487,791
487,792
487,794
487,822
487,858
487,883
487,894
487,916
487,924
487,930
487,935
487,941
487,967
487,993
488,536
488,545
488,548
488,564
488,584
488,586
488,593
488,595
488,598
488,599
488,600
488,616
488,617
488,624
488,639
488,695
488,696
488,734
488,750
488,772
488,803
488,808
488,836
488,847
488,897
488,908
488,913
488,920
488,931
488,946
488,985
489,579
489,583
489,657
489,659
489,684
489,701
489,758
489,760
489,803
489,837
489,879
489,901
489,908
490,507
490,531
490,547
490,563
490,564
490,567
490,575
490,584
490,586
490,587
490,588
490,598
490,616
490,624
490,631
490,647
490,665
490,666
490,675
490,686
490,696
490,701
490,708
490,713
490,736
490,760
490,766
490,790
490,803
490,808
490,812
490,819
490,830
490,897
490,907
490,913
490,931
490,963
490,985
491,493
491,511
491,550
491,554
491,578
491,587
491,602
491,603
491,611
491,638
491,669
491,673
491,674
491,675
491,677
491,686
491,730
491,736
491,742
491,749
491,770
491,777
491,786
491,826
491,828
491,858
491,867
491,887
491,930
491,950
491,958
491,962
491,995
492,496
492,504
492,505
492,523
492,560
492,594
492,635
492,694
492,695
492,742
492,754
492,755
492,757
492,774
492,835
492,865
492,870
492,902
492,906
492,915
493,499
493,521
493,534
493,539
493,541
493,555
493,587
493,644
493,675
493,720
493,723
493,726
493,730
493,736
493,742
493,748
493,749
493,751
493,759
493,762
493,775
493,778
493,799
493,807
493,809
493,813
493,821
493,828
493,838
493,840
493,861
493,864
493,874
493,886
493,887
493,888
493,892
493,894
493,901
493,941
493,962
493,964
493,989
493,999
494,525
494,538
494,576
494,580
494,583
494,599
494,610
494,651
494,663
494,709
494,769
494,781
494,784
494,809
494,812
494,832
494,842
494,851
494,859
494,877
494,893
494,896
494,897
494,926
494,930
494,932
494,941
495,496
495,502
495,541
495,544
495,554
495,579
495,587
495,591
495,606
495,623
495,641
495,650
495,656
495,680
495,689
495,712
495,779
495,787
495,819
495,824
495,843
495,856
495,861
495,887
495,958
495,994
496,497
496,498
496,505
496,506
496,519
496,522
496,560
496,568
496,590
496,591
496,605
496,627
496,647
496,694
496,699
496,755
496,787
496,811
496,865
496,867
496,905
496,959
496,986
497,499
497,504
497,513
497,529
497,560
497,607
497,637
497,691
497,694
497,698
497,725
497,745
497,755
497,756
497,870
497,905
497,946
497,965
497,996
498,517
498,562
498,568
498,570
498,608
498,687
498,694
498,729
498,757
498,790
498,914
498,973
498,996
499,506
499,509
499,512
499,532
499,555
499,585
499,592
499,612
499,618
499,632
499,658
499,664
499,680
499,685
499,736
499,743
499,744
499,758
499,769
499,791
499,821
499,823
499,826
499,856
499,873
499,891
499,960
499,965
499,974
499,981
499,989
500,534
500,558
500,573
500,589
500,601
500,649
500,670
500,773
500,804
500,820
500,841
500,854
500,882
500,951
500,984
501,561
501,585
501,605
501,612
501,719
501,735
501,740
501,744
501,761
501,831
501,832
501,848
501,895
501,896
501,929
501,950
501,960
501,975
501,978
502,540
502,585
502,625
502,638
502,684
502,720
502,735
502,736
502,751
502,758
502,761
502,779
502,790
502,813
502,856
502,862
502,881
502,894
502,924
502,930
502,981
502,983
503,506
503,567
503,589
503,600
503,632
503,649
503,662
503,752
503,837
503,840
503,927
503,939
503,941
503,947
503,966
504,505
504,526
504,536
504,575
504,606
504,629
504,672
504,691
504,695
504,708
504,717
504,721
504,754
504,762
504,774
504,783
504,795
504,870
504,933
504,974
504,996
504,997
505,519
505,533
505,535
505,536
505,575
505,603
505,661
505,694
505,714
505,731
505,754
505,757
505,774
505,812
505,829
505,853
505,857
505,858
505,870
505,900
505,914
505,938
505,951
505,974
505,994
505,997
506,509
506,540
506,612
506,615
506,654
506,743
506,758
506,848
506,856
506,891
506,894
506,903
506,981
507,508
507,510
507,516
507,560
507,594
507,611
507,622
507,684
507,687
507,712
507,717
507,764
507,765
507,806
507,810
507,811
507,831
507,837
507,853
507,907
507,915
507,949
507,952
507,996
508,516
508,622
508,624
508,777
508,795
508,798
509,532
509,543
509,561
509,562
509,612
509,615
509,621
509,638
509,656
509,710
509,720
509,732
509,744
509,758
509,761
509,765
509,785
509,787
509,809
509,834
509,840
509,842
509,848
509,867
509,893
509,894
509,895
509,929
509,960
509,970
509,990
509,999
510,511
510,516
510,568
510,574
510,579
510,594
510,602
510,608
510,631
510,669
510,684
510,742
510,867
510,882
510,959
511,587
511,592
511,604
511,638
511,663
511,675
511,681
511,687
511,704
511,714
511,734
511,741
511,746
511,753
511,809
511,821
511,832
511,837
511,862
511,882
511,887
511,903
511,933
511,934
511,937
511,944
511,946
511,956
511,990
512,518
512,572
512,610
512,617
512,628
512,654
512,664
512,681
512,719
512,732
512,737
512,749
512,758
512,787
512,791
512,792
512,822
512,831
512,842
512,924
512,927
512,942
512,950
512,960
512,967
512,988
513,592
513,655
513,749
513,756
513,780
513,787
513,876
513,893
513,946
513,956
513,996
514,518
514,555
514,644
514,733
514,752
514,831
514,873
514,919
514,924
514,950
514,961
514,988
514,993
515,521
515,545
515,618
515,630
515,641
515,656
515,703
515,719
515,755
515,787
515,860
515,896
515,932
515,946
515,958
516,519
516,528
516,533
516,545
516,582
516,594
516,602
516,603
516,616
516,667
516,675
516,684
516,721
516,731
516,732
516,746
516,789
516,806
516,808
516,814
516,842
516,850
516,853
516,874
516,907
516,911
516,973
516,976
516,983
517,546
517,568
517,575
517,595
517,673
517,725
517,728
517,811
517,835
517,845
517,865
517,887
517,996
518,538
518,543
518,554
518,675
518,690
518,732
518,743
518,884
518,988
519,526
519,564
519,632
519,634
519,636
519,639
519,666
519,673
519,688
519,694
519,699
519,721
519,727
519,731
519,750
519,757
519,762
519,768
519,774
519,783
519,788
519,790
519,795
519,808
519,814
519,865
519,879
519,881
519,885
519,894
519,910
519,914
519,952
519,966
519,969
519,973
519,978
520,540
520,554
520,591
520,614
520,625
520,641
520,650
520,668
520,693
520,733
520,761
520,779
520,804
520,827
520,853
520,861
520,896
520,905
520,965
521,543
521,596
521,601
521,608
521,611
521,635
521,651
521,674
521,675
521,703
521,709
521,714
521,720
521,734
521,753
521,782
521,832
521,842
521,856
521,862
521,864
521,932
521,941
521,968
521,973
521,987
521,990
521,991
521,998
522,682
522,706
522,707
522,910
522,917
522,921
523,586
523,593
523,647
523,728
523,777
523,823
523,836
523,851
523,914
523,940
523,946
523,969
523,984
524,550
524,573
524,632
524,645
524,652
524,680
524,682
524,706
524,723
524,742
524,776
524,819
524,866
524,876
524,917
524,921
524,939
524,941
524,947
525,564
525,565
525,601
525,614
525,697
525,709
525,726
525,744
525,759
525,767
525,768
525,802
525,807
525,826
525,827
525,833
525,839
525,840
525,845
525,866
525,872
525,878
525,886
525,887
525,896
525,901
525,924
525,939
525,964
525,965
525,987
525,995
525,999
526,603
526,616
526,631
526,676
526,721
526,727
526,757
526,777
526,857
526,865
526,913
526,931
527,557
527,571
527,578
527,639
527,645
527,659
527,679
527,757
527,773
527,800
527,804
527,805
527,809
527,825
527,865
527,869
527,906
527,936
527,947
527,955
527,979
528,533
528,564
528,616
528,638
528,666
528,674
528,688
528,691
528,722
528,874
528,954
528,983
529,544
529,545
529,554
529,591
529,592
529,597
529,608
529,609
529,637
529,640
529,643
529,698
529,700
529,711
529,717
529,824
529,843
529,909
529,977
529,981
529,989
529,994
529,996
530,561
530,565
530,610
530,628
530,653
530,661
530,664
530,690
530,693
530,731
530,769
530,791
530,792
530,842
530,855
530,919
530,929
530,935
530,942
530,999
531,533
531,557
531,617
531,635
531,669
531,679
531,683
531,726
531,797
531,830
531,868
531,869
531,905
531,941
531,965
531,966
532,540
532,577
532,638
532,700
532,719
532,732
532,769
532,827
532,859
532,891
532,903
532,924
532,970
533,562
533,564
533,578
533,594
533,598
533,616
533,664
533,674
533,684
533,688
533,742
533,749
533,757
533,763
533,764
533,765
533,783
533,788
533,806
533,819
533,833
533,844
533,853
533,881
533,885
533,914
533,937
534,539
534,580
534,599
534,600
534,613
534,619
534,647
534,661
534,662
534,665
534,707
534,723
534,726
534,737
534,767
534,771
534,781
534,786
534,799
534,802
534,811
534,825
534,837
534,851
534,854
534,866
534,877
534,897
534,930
534,932
534,939
534,941
535,575
535,592
535,694
535,695
535,754
535,764
535,774
535,812
535,865
535,870
535,932
535,974
535,992
536,604
536,634
536,667
536,736
536,750
536,762
536,795
536,823
536,829
536,870
536,902
536,940
536,952
536,957
536,969
537,556
537,583
537,592
537,645
537,659
537,670
537,679
537,706
537,800
537,830
537,841
537,869
537,879
537,921
537,968
537,989
537,992
538,614
538,651
538,653
538,664
538,786
538,825
538,851
538,852
538,923
538,927
538,928
538,986
539,617
539,632
539,664
539,685
539,764
539,765
539,767
539,775
539,840
539,847
539,868
539,873
539,954
540,542
540,557
540,585
540,592
540,637
540,638
540,640
540,642
540,671
540,704
540,708
540,711
540,720
540,735
540,736
540,824
540,831
540,856
540,890
540,904
540,923
540,930
540,941
540,995
541,564
541,579
541,594
541,604
541,675
541,687
541,691
541,714
541,737
541,765
541,789
541,805
541,806
541,810
541,816
541,844
541,849
541,864
541,894
541,937
541,944
542,606
542,616
542,629
542,661
542,738
542,783
542,823
542,857
542,885
542,902
542,906
542,971
542,984
543,612
543,625
543,651
543,681
543,720
543,735
543,740
543,743
543,744
543,766
543,824
543,862
543,894
543,895
543,903
543,922
543,929
543,934
543,960
543,981
543,990
544,552
544,566
544,570
544,581
544,591
544,609
544,637
544,640
544,660
544,715
544,756
544,779
544,782
544,810
544,824
544,834
544,854
544,867
544,912
544,916
544,949
544,994
545,562
545,566
545,591
545,592
545,597
545,602
545,609
545,618
545,623
545,640
545,641
545,643
545,656
545,687
545,689
545,691
545,700
545,702
545,719
545,745
545,782
545,787
545,801
545,806
545,824
545,843
545,860
545,867
545,907
545,909
545,912
545,946
545,953
545,994
545,999
546,566
546,609
546,634
546,643
546,688
546,715
546,727
546,941
546,953
546,959
546,977
547,557
547,578
547,584
547,590
547,601
547,616
547,657
547,674
547,686
547,696
547,701
547,713
547,731
547,812
547,850
547,879
547,897
547,915
547,963
548,586
548,594
548,616
548,636
548,639
548,647
548,659
548,666
548,667
548,694
548,696
548,760
548,774
548,808
548,814
548,825
548,836
548,874
548,879
548,892
548,907
548,920
548,931
548,952
548,984
548,985
549,577
549,594
549,603
549,611
549,670
549,714
549,729
549,764
549,810
549,816
549,865
549,881
550,556
550,579
550,652
550,667
550,734
550,800
550,804
550,898
550,917
550,989
550,992
551,564
551,584
551,596
551,616
551,624
551,662
551,674
551,710
551,730
551,772
551,778
551,780
551,800
551,819
551,850
551,852
551,858
551,892
551,907
551,972
551,979
551,982
551,997
552,559
552,566
552,574
552,591
552,592
552,609
552,660
552,698
552,700
552,711
552,715
552,733
552,741
552,778
552,787
552,801
552,811
552,818
552,843
552,867
552,900
552,944
552,949
552,968
552,993
553,564
553,571
553,679
553,734
553,738
553,771
553,779
553,785
553,804
553,817
553,979
554,591
554,623
554,643
554,656
554,660
554,666
554,687
554,735
554,801
554,843
554,856
554,857
554,861
554,896
554,946
554,994
555,654
555,664
555,681
555,716
555,726
555,732
555,825
555,833
555,924
555,950
555,975
555,979
555,988
556,572
556,599
556,659
556,679
556,686
556,726
556,738
556,749
556,875
556,936
556,992
557,579
557,594
557,599
557,601
557,605
557,622
557,624
557,666
557,669
557,707
557,710
557,747
557,760
557,770
557,786
557,789
557,797
557,851
557,869
557,879
557,892
557,897
557,906
557,910
557,936
557,939
557,955
557,965
557,966
557,967
557,973
557,979
557,989
558,567
558,649
558,662
558,682
558,868
558,875
558,876
558,894
558,930
558,939
558,947
558,974
558,999
559,644
559,745
559,777
559,782
559,860
559,867
559,871
560,568
560,621
560,756
560,782
560,790
560,843
560,944
560,969
560,996
561,585
561,597
561,712
561,731
561,735
561,761
561,832
561,856
561,895
561,929
561,981
562,573
562,577
562,611
562,635
562,638
562,644
562,675
562,678
562,705
562,720
562,724
562,730
562,769
562,775
562,779
562,810
562,821
562,856
562,862
562,864
562,872
562,911
562,937
562,978
563,575
563,692
563,696
563,814
563,897
563,920
563,972
564,574
564,578
564,584
564,606
564,616
564,622
564,631
564,674
564,686
564,688
564,692
564,722
564,772
564,793
564,800
564,814
564,819
564,840
564,850
564,858
564,869
564,872
564,874
564,892
564,906
564,907
564,913
564,914
564,920
564,952
564,972
564,979
564,983
565,587
565,641
565,666
565,687
565,717
565,726
565,736
565,738
565,740
565,741
565,752
565,767
565,769
565,797
565,809
565,815
565,833
565,839
565,840
565,872
565,879
565,893
565,911
565,932
565,951
565,954
565,962
565,968
565,978
565,982
565,995
566,570
566,590
566,591
566,592
566,618
566,623
566,625
566,640
566,650
566,656
566,690
566,702
566,733
566,766
566,782
566,811
566,818
566,824
566,861
566,867
566,896
566,905
566,906
566,909
566,923
566,953
567,635
567,662
567,747
567,758
567,781
567,875
567,876
567,930
567,987
568,636
568,694
568,755
568,811
568,869
568,905
568,931
568,959
568,974
568,992
569,572
569,608
569,610
569,614
569,660
569,664
569,792
569,793
569,815
569,822
569,855
569,903
569,919
569,927
569,966
569,967
569,975
569,993
570,683
570,748
570,764
570,787
570,861
570,884
570,912
570,994
571,622
571,674
571,677
571,692
571,734
571,760
571,773
571,799
571,804
571,809
571,812
571,897
571,921
571,989
572,638
572,653
572,654
572,663
572,681
572,743
572,752
572,791
572,793
572,855
573,580
573,626
573,637
573,670
573,707
573,773
573,786
573,841
573,854
573,866
573,918
573,930
573,939
574,597
574,601
574,604
574,621
574,624
574,625
574,678
574,684
574,764
574,788
574,810
574,816
574,844
574,853
574,885
574,887
574,894
574,898
574,913
574,929
575,583
575,603
575,670
575,673
575,717
575,731
575,750
575,757
575,783
575,788
575,790
575,816
575,857
575,865
575,867
575,876
575,888
575,909
575,914
575,925
575,931
575,954
575,983
576,580
576,649
576,735
576,736
576,768
576,781
576,799
576,802
576,837
576,868
576,877
576,882
576,893
576,968
577,584
577,598
577,608
577,624
577,657
577,675
577,684
577,687
577,691
577,703
577,737
577,748
577,749
577,821
577,854
577,864
577,878
577,888
577,954
577,978
577,990
578,584
578,606
578,617
578,624
578,634
578,635
578,644
578,647
578,665
578,669
578,710
578,742
578,760
578,765
578,797
578,812
578,850
578,858
578,874
578,892
578,896
578,901
578,946
578,947
578,983
578,985
579,587
579,602
579,611
579,631
579,635
579,644
579,670
579,675
579,678
579,686
579,687
579,691
579,694
579,703
579,704
579,730
579,734
579,750
579,758
579,764
579,765
579,780
579,790
579,812
579,816
579,821
579,826
579,841
579,845
579,849
579,874
579,887
579,911
579,920
579,926
579,930
579,960
579,962
579,973
579,978
579,981
579,982
579,999
580,599
580,610
580,613
580,663
580,665
580,674
580,691
580,706
580,726
580,737
580,748
580,786
580,799
580,802
580,809
580,817
580,827
580,828
580,833
580,837
580,841
580,854
580,869
580,876
580,906
580,917
580,918
580,928
580,939
581,640
581,660
581,727
581,733
581,821
581,828
581,884
581,912
581,953
581,994
582,678
582,684
582,694
582,704
582,983
583,599
583,657
583,659
583,702
583,713
583,722
583,742
583,760
583,770
583,797
583,800
583,803
583,830
583,879
583,897
583,926
583,931
583,963
583,976
583,992
584,586
584,595
584,624
584,686
584,687
584,692
584,696
584,701
584,713
584,717
584,766
584,806
584,812
584,826
584,836
584,879
584,920
584,963
584,972
585,597
585,624
585,638
585,685
585,688
585,745
585,848
585,935
585,958
585,975
585,981
586,595
586,598
586,617
586,636
586,639
586,652
586,662
586,664
586,666
586,696
586,713
586,795
586,808
586,826
586,839
586,847
586,908
586,913
586,920
586,927
586,952
586,972
586,974
586,985
586,997
587,635
587,644
587,663
587,685
587,709
587,719
587,730
587,738
587,741
587,742
587,749
587,759
587,773
587,810
587,819
587,832
587,840
587,853
587,864
587,880
587,887
587,888
587,892
587,911
587,916
587,941
587,951
587,954
587,962
587,986
587,989
587,990
587,995
587,998
587,999
588,598
588,636
588,637
588,639
588,666
588,686
588,688
588,713
588,750
588,787
588,797
588,799
588,803
588,808
588,812
588,813
588,819
588,879
588,897
588,972
588,983
589,651
589,670
589,726
589,767
589,768
589,802
589,833
589,877
589,886
589,888
589,893
589,895
589,903
589,926
589,932
589,951
589,964
589,966
590,660
590,676
590,691
590,694
590,698
590,699
590,729
590,741
590,755
590,811
590,841
590,865
590,872
590,879
590,914
590,937
590,959
590,980
591,609
591,618
591,620
591,640
591,641
591,644
591,656
591,700
591,702
591,727
591,741
591,778
591,782
591,787
591,824
591,843
591,871
591,894
591,896
591,938
591,958
591,959
591,980
591,994
592,609
592,634
592,643
592,660
592,676
592,691
592,698
592,711
592,727
592,733
592,738
592,741
592,749
592,778
592,811
592,842
592,843
592,845
592,881
592,897
592,900
592,909
592,912
592,923
592,938
592,949
592,953
592,977
593,708
593,739
593,823
593,914
593,931
593,940
593,969
594,605
594,674
594,686
594,688
594,694
594,695
594,704
594,717
594,719
594,731
594,741
594,766
594,774
594,789
594,790
594,806
594,816
594,821
594,826
594,836
594,853
594,860
594,881
594,980
594,981
595,617
595,631
595,639
595,669
595,686
595,754
595,766
595,808
595,829
595,847
595,908
595,913
595,914
595,920
595,985
596,601
596,616
596,617
596,678
596,747
596,776
596,817
596,836
596,875
596,895
596,897
596,931
596,965
596,966
596,989
596,999
597,612
597,637
597,638
597,668
597,682
597,687
597,690
597,703
597,704
597,705
597,744
597,821
597,822
597,832
597,856
597,862
597,933
597,937
597,960
597,967
597,975
598,696
598,808
598,819
598,847
598,874
598,902
598,908
598,913
598,931
598,979
598,996
599,635
599,707
599,771
599,841
599,910
599,939
599,983
599,987
599,990
600,601
600,632
600,633
600,649
600,659
600,662
600,670
600,681
600,684
600,705
600,726
600,734
600,736
600,738
600,764
600,768
600,821
600,840
600,868
600,875
600,892
600,941
600,951
600,953
600,966
600,990
601,622
601,624
601,657
601,710
601,713
601,847
601,897
601,947
601,976
601,979
602,640
602,678
602,691
602,730
602,764
602,765
602,776
602,788
602,821
602,826
602,834
602,865
602,882
602,885
602,887
602,911
602,983
602,989
603,669
603,673
603,721
603,750
603,777
603,790
603,795
603,799
603,811
603,814
603,829
603,847
603,914
603,939
604,688
604,716
604,717
604,756
604,763
604,806
604,810
604,834
604,844
604,849
604,863
604,944
604,964
605,627
605,658
605,672
605,694
605,698
605,699
605,754
605,755
605,811
605,827
605,865
605,900
605,905
605,952
605,959
605,996
606,629
606,645
606,647
606,667
606,672
606,694
606,696
606,774
606,783
606,811
606,823
606,835
606,902
606,906
607,949
607,986
608,611
608,635
608,637
608,641
608,669
608,674
608,678
608,684
608,687
608,704
608,736
608,742
608,773
608,821
608,849
608,856
608,915
608,922
608,937
608,978
608,982
609,711
609,733
609,779
609,782
609,818
609,824
609,843
609,860
609,863
609,867
609,909
609,948
609,953
609,957
609,977
610,653
610,658
610,663
610,685
610,718
610,724
610,743
610,769
610,855
610,859
610,862
610,883
610,926
610,927
610,957
610,991
611,635
611,644
611,678
611,687
611,703
611,705
611,710
611,719
611,720
611,730
611,732
611,758
611,769
611,800
611,821
611,864
611,874
611,894
611,900
611,924
611,941
611,965
611,978
611,981
611,990
611,995
612,615
612,617
612,624
612,632
612,671
612,678
612,740
612,779
612,832
612,842
612,848
612,862
612,891
612,894
612,924
612,929
612,942
612,960
612,970
613,624
613,665
613,681
613,747
613,786
613,802
613,833
613,841
613,896
613,910
613,921
613,939
613,988
614,628
614,641
614,645
614,648
614,654
614,664
614,690
614,716
614,815
614,822
614,825
614,833
614,851
614,856
614,859
614,875
614,883
614,916
614,919
614,924
614,950
614,967
614,968
615,628
615,685
615,734
615,735
615,736
615,744
615,757
615,779
615,791
615,820
615,823
615,832
615,848
615,855
615,864
615,873
615,909
615,934
615,946
615,952
616,631
616,687
616,717
616,722
616,764
616,774
616,797
616,798
616,806
616,814
616,819
616,847
616,853
616,874
616,879
616,881
616,920
616,955
616,980
616,983
616,992
617,624
617,649
617,662
617,682
617,687
617,707
617,738
617,767
617,840
617,865
617,868
617,869
617,875
617,892
617,930
617,936
617,938
617,941
617,951
617,962
617,965
617,966
617,972
617,985
617,989
617,999
618,630
618,641
618,680
618,685
618,689
618,705
618,712
618,782
618,818
618,824
618,856
618,861
618,909
618,932
618,950
618,977
618,994
619,628
619,661
619,685
619,753
619,769
619,809
619,816
619,817
619,821
619,832
619,839
619,925
619,999
620,656
620,703
620,733
620,735
620,824
620,894
620,923
620,924
620,986
620,998
621,746
621,756
621,763
621,834
621,849
621,980
622,652
622,677
622,710
622,795
622,806
622,828
622,875
622,975
622,976
622,979
623,656
623,843
623,861
623,900
623,923
623,977
624,634
624,635
624,644
624,666
624,686
624,697
624,717
624,722
624,747
624,755
624,757
624,769
624,770
624,772
624,797
624,829
624,832
624,845
624,850
624,858
624,869
624,892
624,902
624,907
624,911
624,940
624,941
624,985
624,986
625,638
625,640
625,655
625,668
625,683
625,744
625,821
625,831
625,856
625,872
625,891
625,897
625,911
625,956
626,638
626,645
626,653
626,771
626,776
626,785
626,831
626,882
626,989
627,745
627,811
627,900
627,905
627,949
627,959
627,960
628,693
628,758
628,832
628,842
628,961
628,976
629,666
629,667
629,783
629,823
629,835
629,902
629,906
629,913
630,680
630,689
630,740
630,851
630,895
630,945
630,958
630,960
631,666
631,669
631,687
631,711
631,726
631,788
631,789
631,806
631,808
631,814
631,836
631,885
631,901
631,914
631,915
631,922
631,931
631,941
631,952
631,954
631,972
631,973
631,997
632,648
632,673
632,674
632,716
632,724
632,726
632,737
632,738
632,747
632,759
632,767
632,768
632,809
632,866
632,876
632,886
632,887
632,896
632,903
632,904
632,911
632,932
632,933
632,941
632,964
632,982
632,999
633,661
633,684
633,728
633,763
633,790
633,810
633,849
633,867
633,944
633,986
633,996
634,643
634,711
634,733
634,818
634,860
634,871
634,909
634,938
634,948
635,644
635,651
635,662
635,675
635,687
635,698
635,704
635,748
635,749
635,771
635,809
635,823
635,826
635,832
635,864
635,872
635,878
635,888
635,894
635,904
635,911
635,933
635,959
635,962
635,990
635,998
636,655
636,713
636,725
636,728
636,739
636,750
636,768
636,777
636,786
636,814
636,837
636,857
636,883
636,906
636,915
636,931
637,643
637,646
637,655
637,683
637,698
637,712
637,714
637,727
637,745
637,765
637,789
637,810
637,818
637,836
637,845
637,853
637,865
637,867
637,873
637,892
637,909
637,912
637,946
637,953
638,668
638,694
638,704
638,714
638,718
638,724
638,740
638,745
638,796
638,816
638,831
638,856
638,862
638,866
638,903
638,922
638,946
638,968
638,978
638,981
639,696
639,708
639,762
639,798
639,808
639,847
639,908
639,913
639,931
639,940
639,974
640,656
640,683
640,685
640,700
640,741
640,745
640,753
640,824
640,843
640,860
640,863
640,912
640,915
640,923
640,954
640,977
641,650
641,691
641,700
641,787
641,861
641,896
641,897
641,902
641,957
642,671
642,672
642,680
642,894
642,895
642,958
643,660
643,694
643,700
643,711
643,755
643,761
643,765
643,778
643,782
643,801
643,843
643,860
643,867
643,977
644,656
644,684
644,703
644,813
644,828
644,838
644,839
644,857
644,864
644,872
644,878
644,888
644,911
644,928
644,933
644,937
644,998
645,665
645,760
645,771
645,773
645,785
645,804
645,911
645,963
646,655
646,668
646,745
646,765
646,810
646,844
646,849
646,860
646,986
647,739
647,770
647,783
647,808
647,835
647,836
647,874
647,906
647,908
647,915
647,924
647,931
647,940
647,973
648,664
648,681
648,716
648,718
648,748
648,765
648,769
648,815
648,822
648,919
648,924
648,925
648,937
648,967
648,980
648,983
649,662
649,670
649,679
649,690
649,707
649,709
649,716
649,734
649,737
649,742
649,786
649,820
649,851
649,854
649,876
649,893
649,920
649,921
649,927
649,930
649,932
649,965
650,735
650,746
650,828
650,861
650,896
651,658
651,678
651,709
651,719
651,744
651,767
651,805
651,807
651,832
651,839
651,840
651,842
651,866
651,886
651,894
651,927
651,933
651,937
651,942
651,954
651,964
651,990
651,998
652,713
652,766
652,800
652,853
652,897
652,936
652,976
652,979
652,989
653,690
653,709
653,749
653,767
653,791
653,792
653,794
653,807
653,815
653,842
653,855
653,894
653,911
653,919
653,929
654,664
654,681
654,690
654,716
654,717
654,742
654,791
654,822
654,842
654,849
654,883
654,919
654,932
654,950
654,967
654,990
654,993
655,694
655,703
655,745
655,805
655,863
655,956
655,982
656,680
656,689
656,700
656,702
656,703
656,709
656,733
656,735
656,742
656,745
656,751
656,763
656,787
656,824
656,831
656,877
656,900
656,912
656,923
656,937
656,946
656,956
656,968
656,981
657,669
657,696
657,701
657,717
657,760
657,770
657,783
657,800
657,840
657,847
657,869
657,897
657,963
658,690
658,693
658,735
658,737
658,793
658,842
658,855
658,859
658,893
658,927
658,965
658,991
658,999
659,692
659,749
659,800
659,803
659,804
659,830
659,936
659,979
659,989
660,698
660,725
660,727
660,733
660,745
660,882
660,911
660,912
660,981
660,994
660,998
661,667
661,731
661,754
661,762
661,774
661,783
661,829
661,857
661,885
661,902
661,911
661,931
661,946
661,971
662,764
662,767
662,768
662,800
662,804
662,807
662,821
662,832
662,833
662,837
662,851
662,868
662,869
662,875
662,876
662,901
662,930
662,932
662,941
662,951
662,959
662,960
662,982
663,718
663,719
663,752
663,758
663,776
663,794
663,825
663,827
663,866
663,872
663,916
663,927
663,935
663,948
663,991
664,681
664,709
664,716
664,822
664,873
664,919
664,924
664,937
664,950
664,991
665,670
665,707
665,776
665,784
665,786
665,820
665,837
665,854
665,866
665,918
665,921
665,930
666,669
666,670
666,688
666,725
666,728
666,742
666,764
666,767
666,772
666,774
666,777
666,788
666,790
666,798
666,812
666,814
666,830
666,874
666,892
666,914
666,920
666,952
666,963
666,972
667,684
667,696
667,708
667,750
667,774
667,783
667,790
667,802
667,806
667,808
667,812
667,814
667,823
667,829
667,835
667,836
667,867
667,871
667,881
667,902
667,903
667,908
667,914
667,915
667,940
667,949
667,969
667,980
668,689
668,834
668,856
668,890
668,933
668,956
668,957
669,674
669,687
669,724
669,726
669,736
669,738
669,760
669,797
669,798
669,816
669,837
669,851
669,854
669,864
669,868
669,879
669,907
669,930
669,936
669,941
669,982
669,996
670,682
670,738
670,776
670,784
670,785
670,820
670,833
670,868
670,893
670,907
670,918
670,930
670,932
670,939
670,951
670,993
671,680
671,740
671,751
671,761
671,839
672,721
672,725
672,754
672,757
672,762
672,823
672,829
672,857
672,940
672,997
673,721
673,731
673,790
673,819
673,853
673,865
673,885
673,898
673,931
673,969
673,997
674,687
674,691
674,713
674,722
674,742
674,757
674,836
674,874
674,907
674,979
675,678
675,709
675,712
675,714
675,730
675,739
675,741
675,748
675,749
675,758
675,790
675,813
675,821
675,826
675,856
675,864
675,878
675,887
675,888
675,895
675,896
675,965
675,978
675,986
675,989
675,995
675,996
675,997
675,999
676,849
676,865
676,898
676,944
676,986
676,996
677,692
677,734
677,760
677,773
677,804
677,864
677,883
677,897
677,899
678,684
678,687
678,691
678,696
678,731
678,746
678,765
678,776
678,780
678,811
678,882
678,946
678,953
679,772
679,776
679,785
679,804
679,817
679,830
679,869
679,892
679,897
679,910
679,959
679,992
680,740
680,770
680,804
680,805
680,842
680,896
680,897
680,922
680,958
680,970
681,714
681,716
681,737
681,744
681,752
681,786
681,791
681,815
681,822
681,894
681,924
681,950
681,988
681,993
682,706
682,767
682,776
682,820
682,837
682,841
682,876
682,897
682,917
682,921
682,989
683,717
683,733
683,755
683,756
683,757
683,787
683,843
683,863
683,962
684,691
684,709
684,711
684,731
684,742
684,755
684,764
684,765
684,789
684,790
684,810
684,816
684,821
684,845
684,850
684,912
684,973
685,718
685,719
685,746
685,767
685,769
685,832
685,838
685,855
685,858
685,869
685,872
685,893
685,932
685,957
686,696
686,701
686,741
686,747
686,760
686,765
686,770
686,772
686,812
686,831
686,879
686,892
686,897
686,936
686,963
686,973
687,688
687,691
687,694
687,697
687,704
687,714
687,717
687,739
687,741
687,760
687,765
687,810
687,816
687,821
687,845
687,864
687,872
687,882
687,903
687,914
687,929
687,937
687,940
687,962
687,991
687,995
687,997
688,717
688,731
688,750
688,757
688,790
688,798
688,800
688,823
688,853
688,865
688,867
688,870
688,881
688,894
688,898
688,926
688,973
688,980
688,985
688,997
689,712
689,735
689,761
689,787
689,792
689,810
689,823
689,824
689,856
689,860
689,948
689,994
690,693
690,718
690,752
690,764
690,770
690,842
690,848
690,855
690,871
690,888
690,894
690,907
690,924
690,951
690,967
690,975
690,993
690,994
690,997
691,697
691,714
691,746
691,764
691,765
691,767
691,780
691,794
691,821
691,834
691,864
691,865
691,894
691,901
691,916
691,922
691,932
691,933
691,946
691,997
692,767
692,768
692,773
692,800
692,804
692,814
692,830
692,840
692,850
692,865
692,869
692,886
693,719
693,726
693,758
693,776
693,794
693,827
693,842
693,845
693,855
693,875
693,882
693,942
693,952
693,961
693,964
694,717
694,729
694,731
694,733
694,737
694,743
694,755
694,790
694,808
694,811
694,853
694,865
694,892
694,894
694,914
694,964
694,969
694,973
694,997
695,733
695,754
695,774
695,806
695,853
696,701
696,713
696,766
696,774
696,785
696,812
696,833
696,836
696,847
696,892
696,897
696,913
697,704
697,746
697,821
697,861
697,882
697,895
697,924
697,952
698,733
698,735
698,741
698,745
698,811
699,711
699,733
699,811
699,829
699,865
699,900
699,905
700,702
700,733
700,778
700,782
700,815
700,843
700,860
700,871
700,977
700,986
700,994
701,713
701,766
701,773
701,785
701,812
701,879
701,915
701,941
701,963
701,977
701,979
701,981
702,712
702,782
702,801
702,824
702,895
702,938
702,994
703,705
703,719
703,720
703,731
703,765
703,798
703,820
703,821
703,862
703,896
703,922
703,924
703,925
703,933
703,937
703,945
703,954
703,975
703,998
704,719
704,826
704,862
704,877
704,888
704,896
704,903
704,937
704,959
704,966
704,986
704,996
705,736
705,761
705,824
705,872
705,887
705,888
705,912
705,922
705,937
705,943
705,954
705,960
706,723
706,764
706,767
706,781
706,837
706,841
706,910
706,918
706,919
706,921
706,930
706,939
706,941
706,957
707,765
707,781
707,837
707,841
707,854
707,889
707,917
707,939
708,739
708,750
708,770
708,790
708,812
708,858
708,885
708,940
708,984
709,719
709,720
709,738
709,758
709,767
709,824
709,832
709,842
709,859
709,942
709,954
709,968
709,992
710,723
710,797
710,828
710,836
710,845
710,866
710,869
710,878
710,892
710,947
710,966
710,982
711,715
711,733
711,778
711,843
711,865
711,909
711,944
711,946
711,977
712,801
712,824
712,861
712,862
712,896
712,900
712,994
713,724
713,739
713,760
713,766
713,770
713,808
713,862
713,879
713,893
713,920
713,963
713,984
713,989
714,719
714,720
714,810
714,816
714,874
714,923
714,931
714,937
714,975
715,741
715,745
715,867
715,918
715,949
716,822
716,883
716,896
716,919
716,922
716,950
716,954
716,957
716,986
716,995
717,731
717,754
717,755
717,789
717,790
717,806
717,811
717,831
717,843
717,853
717,881
717,885
717,980
717,997
718,752
718,793
718,815
718,820
718,851
718,859
718,882
718,925
718,961
719,720
719,735
719,744
719,758
719,785
719,832
719,864
719,872
719,873
719,875
719,894
719,895
719,916
719,918
719,927
719,934
719,942
719,950
719,960
719,968
719,970
719,975
719,981
719,988
719,999
720,735
720,744
720,749
720,779
720,805
720,831
720,832
720,839
720,856
720,863
720,869
720,870
720,896
720,905
720,929
720,933
720,937
720,945
720,950
720,954
720,968
720,974
720,975
720,981
720,995
721,723
721,731
721,750
721,757
721,788
721,823
721,847
721,885
721,897
721,914
721,969
722,840
722,845
722,850
722,853
722,858
722,874
722,878
722,879
722,983
723,734
723,766
723,776
723,825
723,917
723,921
723,925
723,932
723,939
723,992
724,738
724,767
724,775
724,807
724,815
724,818
724,828
724,868
724,874
724,886
724,904
724,911
724,921
724,945
724,964
725,739
725,798
725,819
725,845
725,850
725,885
725,912
725,920
725,972
725,979
725,983
725,984
726,749
726,768
726,826
726,833
726,852
726,855
726,866
726,877
726,880
726,892
726,893
726,904
726,909
726,916
726,927
726,930
726,932
726,941
726,951
726,993
727,733
727,912
727,938
727,959
728,750
728,757
728,762
728,774
728,777
728,798
728,806
728,814
728,829
728,836
728,847
728,885
728,920
728,930
728,940
728,969
728,995
728,996
729,733
729,755
729,763
729,789
729,820
729,853
729,856
729,863
729,931
729,944
729,968
729,975
729,980
729,985
729,986
729,996
730,749
730,807
730,826
730,911
730,962
731,742
731,757
731,765
731,777
731,778
731,788
731,790
731,810
731,836
731,853
731,865
731,870
731,885
731,886
731,915
731,968
731,973
731,980
731,997
732,744
732,758
732,778
732,791
732,825
732,837
732,855
732,873
732,888
732,894
732,919
732,988
732,993
733,741
733,745
733,840
733,843
733,905
733,912
733,944
733,959
733,985
733,996
734,735
734,737
734,768
734,773
734,784
734,799
734,802
734,804
734,899
734,910
734,917
734,921
734,930
734,931
734,966
735,736
735,740
735,761
735,769
735,779
735,782
735,836
735,848
735,856
735,860
735,861
735,895
735,896
735,919
735,924
735,925
735,945
735,951
735,954
735,958
735,960
735,980
736,744
736,759
736,767
736,773
736,807
736,809
736,840
736,851
736,872
736,881
736,886
736,887
736,901
736,911
736,925
736,954
736,962
736,975
737,744
737,745
737,749
737,752
737,773
737,781
737,784
737,786
737,792
737,816
737,820
737,852
737,866
737,871
737,875
737,877
737,917
737,924
737,927
737,928
737,957
737,975
738,751
738,767
738,775
738,797
738,828
738,837
738,840
738,843
738,868
738,869
738,876
738,941
738,952
738,964
738,965
738,968
738,972
738,980
738,982
738,989
738,999
739,805
739,808
739,823
739,836
739,903
739,908
739,913
739,940
739,972
740,743
740,810
740,820
740,862
740,924
740,962
741,824
741,905
741,944
741,949
741,959
742,750
742,759
742,765
742,768
742,777
742,802
742,805
742,806
742,808
742,821
742,826
742,869
742,874
742,887
742,888
742,901
742,907
742,913
742,916
742,930
742,940
742,978
742,992
742,995
742,998
742,999
743,824
743,849
743,869
743,891
743,900
743,951
743,960
744,758
744,856
744,891
744,894
744,895
744,903
744,922
744,925
744,934
744,941
744,951
744,968
744,981
745,860
745,872
745,874
745,905
745,912
745,933
745,943
745,960
746,764
746,765
746,766
746,873
746,881
746,997
747,766
747,797
747,913
747,999
748,783
748,831
748,839
748,864
748,873
748,878
748,952
748,978
749,759
749,809
749,813
749,815
749,821
749,850
749,856
749,864
749,878
749,888
749,893
749,911
749,939
749,962
749,969
749,990
749,991
750,764
750,774
750,777
750,790
750,819
750,847
750,857
750,885
750,906
750,914
750,915
750,969
750,986
751,779
751,831
751,856
751,883
751,956
751,960
752,792
752,825
752,840
752,859
752,950
753,805
753,863
753,872
753,884
753,922
753,946
753,996
754,766
754,774
754,870
754,902
754,969
754,996
755,757
755,764
755,789
755,806
755,811
755,865
755,905
755,915
755,948
755,986
756,805
756,816
756,834
756,912
756,944
756,986
756,996
757,758
757,783
757,790
757,797
757,814
757,862
757,865
757,881
757,915
757,969
757,973
757,974
757,997
758,883
758,894
758,901
758,942
758,949
758,970
759,767
759,809
759,819
759,828
759,964
759,966
759,972
760,770
760,773
760,778
760,786
760,790
760,798
760,803
760,804
760,815
760,830
760,836
760,858
760,879
760,897
760,908
760,936
760,955
760,963
761,787
761,832
761,846
761,856
761,958
761,977
761,981
761,999
762,772
762,795
762,814
762,835
762,869
762,885
762,915
762,937
762,969
763,764
763,845
763,849
763,986
764,765
764,789
764,790
764,814
764,816
764,826
764,849
764,853
764,949
764,951
764,952
764,960
764,979
764,980
764,982
764,986
765,780
765,801
765,806
765,810
765,834
765,851
765,864
765,874
765,882
765,887
765,911
765,921
765,949
765,953
766,807
766,812
766,879
766,936
766,963
766,979
766,996
767,768
767,773
767,775
767,793
767,800
767,807
767,809
767,820
767,833
767,840
767,851
767,869
767,888
767,889
767,893
767,901
767,918
767,931
767,939
767,941
767,951
767,964
768,781
768,799
768,807
768,828
768,833
768,855
768,862
768,866
768,901
768,904
768,925
768,951
768,960
768,964
769,793
769,840
769,855
769,859
769,869
769,875
769,877
769,893
769,921
769,932
769,942
769,951
769,968
769,990
769,991
770,897
770,920
770,936
770,982
771,785
771,804
771,910
771,917
771,921
771,939
771,952
772,788
772,790
772,798
772,804
772,819
772,835
772,836
772,874
772,886
772,920
772,952
772,975
772,983
773,804
773,887
773,936
774,777
774,783
774,836
774,857
774,865
774,915
774,937
774,971
774,979
775,828
775,864
775,868
775,875
776,910
776,917
776,921
776,936
776,976
776,992
777,788
777,814
777,819
777,821
777,828
777,836
777,853
777,885
777,896
777,915
777,973
778,782
778,801
778,843
778,867
778,977
779,787
779,796
779,831
779,856
779,863
779,896
779,946
779,981
780,810
780,827
780,882
781,786
781,799
781,802
781,815
781,820
781,833
781,837
781,851
781,854
781,866
781,877
781,889
781,893
781,918
781,944
781,951
781,991
782,818
782,824
782,860
782,871
782,913
782,948
782,994
783,787
783,808
783,823
783,835
783,847
783,853
783,857
783,870
783,902
783,908
783,931
783,951
783,963
783,971
784,786
784,815
784,820
784,827
784,851
784,855
784,866
784,875
784,877
784,896
784,916
784,926
784,928
784,932
784,957
784,987
785,804
785,817
785,820
785,837
785,910
785,932
785,939
785,947
785,979
786,799
786,802
786,837
786,854
786,916
786,918
786,919
787,896
787,921
787,944
787,948
787,950
787,994
788,790
788,795
788,836
788,853
788,914
788,915
788,972
788,983
788,997
789,790
789,810
789,834
789,874
789,881
789,946
790,805
790,814
790,819
790,831
790,853
790,858
790,865
790,897
790,907
790,917
790,973
790,974
790,980
790,997
791,794
791,811
791,822
791,842
791,896
791,942
791,950
791,981
791,993
792,822
792,824
792,850
792,927
792,935
792,954
792,967
793,794
793,815
793,822
793,825
793,859
793,919
793,924
793,951
793,967
794,822
794,841
794,893
794,927
794,957
794,961
794,988
794,991
795,885
795,969
795,973
795,997
796,856
796,896
796,968
797,819
797,865
797,871
797,892
797,907
797,979
798,819
798,874
798,920
798,974
798,982
798,983
798,985
798,996
799,837
799,843
799,852
799,889
799,918
799,926
799,930
799,950
800,803
800,841
800,879
800,897
800,920
800,936
800,965
800,969
800,989
801,818
801,824
801,954
801,994
802,825
802,837
802,854
802,877
802,889
802,893
802,894
802,928
802,951
803,830
803,866
803,874
803,960
804,817
804,840
804,875
804,930
804,936
804,992
804,995
805,823
805,834
805,863
805,907
805,941
805,944
805,946
805,954
805,956
805,981
805,996
806,808
806,811
806,874
806,891
806,914
806,915
806,973
806,997
807,842
807,864
807,867
807,877
807,886
807,892
807,894
807,901
807,941
807,962
807,964
808,836
808,847
808,851
808,913
808,964
808,972
808,979
809,821
809,839
809,840
809,872
809,875
809,886
809,887
809,901
809,911
809,938
809,999
810,816
810,826
810,834
810,849
810,855
810,865
810,898
810,918
810,944
810,968
810,977
810,997
811,843
811,865
811,868
811,905
811,909
811,944
811,997
812,819
812,847
812,869
812,879
812,894
812,920
812,931
812,952
812,963
812,972
813,841
813,879
813,962
813,990
813,999
814,879
814,885
814,915
814,927
814,955
814,959
814,973
814,979
814,980
815,820
815,822
815,825
815,842
815,883
815,891
815,916
815,935
815,950
815,967
815,983
815,993
816,821
816,853
816,887
816,959
817,876
817,899
817,939
818,849
818,860
818,871
818,938
818,948
818,958
818,977
818,994
819,822
819,872
819,874
819,914
819,915
819,920
819,945
819,952
819,979
819,983
819,985
819,997
820,832
820,833
820,837
820,851
820,862
820,866
820,877
820,893
820,926
820,930
820,932
820,939
820,959
820,964
821,824
821,826
821,832
821,863
821,907
821,913
821,922
821,933
821,937
821,938
821,975
822,859
822,866
822,883
822,911
822,919
822,924
822,935
822,950
822,967
822,988
822,993
823,835
823,836
823,857
823,858
823,869
823,902
823,906
823,940
823,963
824,842
824,862
824,896
824,948
824,994
825,845
825,852
825,859
825,916
825,924
825,926
826,839
826,862
826,887
826,948
826,968
826,978
827,851
827,877
827,894
827,921
827,926
827,932
827,954
827,987
827,989
828,838
828,845
828,886
828,909
828,998
829,870
829,971
830,905
830,979
831,844
831,856
831,890
831,892
831,912
831,922
831,956
831,960
832,842
832,856
832,869
832,891
832,894
832,897
832,903
832,929
832,934
832,938
832,944
832,954
832,975
832,990
832,999
833,837
833,854
833,875
833,877
833,887
833,921
833,923
833,930
833,932
833,939
833,941
833,968
834,849
834,863
834,944
834,946
834,987
835,870
835,902
835,914
835,974
836,840
836,902
836,906
836,908
836,913
836,963
836,985
836,997
837,851
837,854
837,864
837,877
837,889
837,903
837,918
837,930
837,932
837,939
837,951
837,966
838,887
838,943
838,962
839,849
839,872
839,943
839,962
839,993
839,995
839,998
839,999
840,847
840,893
840,901
840,928
840,930
840,932
840,951
840,962
840,968
840,990
840,999
841,888
841,939
841,963
842,855
842,872
842,893
842,930
842,931
842,942
842,950
842,986
842,991
842,999
843,860
843,867
843,896
843,922
843,937
843,953
843,963
843,967
843,973
843,977
843,994
844,863
844,944
844,946
845,850
845,875
845,907
846,864
847,913
847,931
847,941
847,953
847,985
848,873
848,894
848,903
848,970
848,993
849,894
849,905
849,956
849,996
850,858
850,892
850,893
850,920
850,921
850,979
850,983
851,875
851,893
851,926
851,927
851,928
851,932
851,939
851,950
851,951
851,970
851,989
852,859
852,866
852,889
852,928
852,961
853,881
853,931
853,937
853,980
853,993
853,996
854,918
854,928
854,939
855,866
855,883
855,889
855,894
855,916
855,917
855,927
855,951
855,957
855,987
856,865
856,875
856,894
856,895
856,896
856,900
856,922
856,924
856,962
856,977
856,981
856,986
857,859
857,870
857,875
857,902
857,908
857,967
857,971
858,952
858,983
859,882
859,927
859,930
859,987
860,861
860,867
860,871
860,909
860,938
860,948
860,977
860,994
860,996
861,867
862,865
862,894
862,895
862,898
862,911
862,928
862,929
862,954
862,981
863,937
863,996
864,880
864,887
864,888
864,937
864,952
864,990
864,998
864,999
865,887
865,893
865,902
865,905
865,924
865,959
865,973
865,974
865,986
866,869
866,877
866,889
866,903
866,916
866,921
866,926
867,909
867,938
867,948
867,977
867,981
868,869
868,874
868,875
868,928
868,943
868,947
869,870
869,897
869,907
869,936
869,947
869,965
869,966
869,982
870,874
870,902
870,906
870,914
870,915
870,973
870,974
870,997
871,931
871,938
871,948
871,953
871,977
872,888
872,901
872,927
872,976
872,990
872,998
873,970
873,988
874,908
874,915
874,920
874,931
874,973
874,989
874,997
875,876
875,887
875,907
875,930
875,941
875,947
875,954
875,957
875,966
875,982
875,990
876,896
876,930
876,947
876,990
877,889
877,893
877,910
877,924
877,925
877,926
877,951
877,987
878,911
878,995
878,997
879,897
879,963
879,976
880,904
880,925
880,982
881,885
881,915
881,929
882,916
883,916
883,950
883,967
883,993
884,890
884,912
884,936
885,914
885,915
885,920
885,969
885,972
885,973
885,974
885,997
886,901
886,934
886,964
887,888
887,910
887,931
887,952
887,977
887,995
887,999
888,890
888,895
888,915
888,922
888,933
888,954
888,962
888,998
889,893
889,918
889,927
889,930
889,939
890,929
891,924
891,945
891,958
891,981
892,908
892,920
892,930
892,958
892,979
893,901
893,926
893,930
893,932
893,951
893,957
893,959
893,990
893,993
894,895
894,896
894,901
894,903
894,916
894,924
894,933
894,934
894,944
894,947
894,950
894,960
894,975
894,991
895,929
895,937
895,945
895,957
895,981
895,991
896,937
896,958
896,975
896,990
897,908
897,936
897,952
897,976
897,979
897,989
898,923
898,980
900,916
900,949
900,959
901,911
901,915
901,930
901,941
901,962
901,964
901,986
901,997
901,998
902,906
902,913
903,934
903,937
903,968
903,975
903,993
904,914
904,951
904,965
904,982
905,944
905,986
906,914
906,925
906,936
906,946
906,953
906,962
906,980
906,985
907,908
907,934
907,982
908,913
908,914
908,931
908,952
908,966
908,972
909,915
909,953
909,977
909,994
910,921
910,930
910,932
910,939
910,966
911,947
911,998
912,938
912,958
913,914
913,920
913,931
913,959
913,991
914,915
914,936
914,959
914,963
914,973
914,997
915,920
915,948
915,973
915,975
915,997
916,927
916,960
916,967
916,991
917,921
918,921
918,939
919,927
919,928
919,944
919,950
919,960
919,993
920,940
920,972
920,983
920,996
921,939
921,951
924,932
924,934
924,950
924,963
924,988
925,957
925,987
925,999
927,937
928,957
929,945
930,941
930,951
930,963
930,999
931,940
931,984
931,985
931,998
932,939
932,951
932,962
932,989
932,993
932,999
933,947
933,954
933,981
933,990
934,964
934,975
934,987
934,998
935,967
936,955
936,966
936,989
936,992
937,953
937,996
938,948
939,947
939,969
940,984
941,947
941,951
941,957
941,959
941,962
941,964
942,968
942,975
942,990
943,987
944,986
944,996
944,999
945,954
945,975
945,981
946,990
947,965
948,958
949,977
949,986
950,961
950,991
950,995
951,957
951,991
952,972
952,992
953,994
954,964
954,978
954,990
956,986
957,967
957,987
958,977
959,991
960,981
961,987
962,998
962,999
963,979
964,968
964,995
964,998
967,988
967,993
968,975
968,978
968,981
968,990
968,999
971,986
973,986
973,996
973,997
975,999
976,982
976,989
980,989
981,987
984,985
986,991
986,996
987,999
990,993
995,998
