source,target
0,1
0,9
0,12
0,17
0,53
0,61
0,70
0,86
0,94
0,101
0,131
0,137
0,142
0,157
0,161
0,176
0,182
0,185
0,188
0,208
0,240
0,241
0,257
0,271
0,276
0,289
0,306
0,309
0,310
0,313
0,316
0,322
0,350
0,395
0,409
0,435
0,436
0,441
0,443
0,448
0,463
0,464
0,469
0,470
0,483
0,518
0,521
0,526
0,541
0,552
0,562
0,598
0,601
0,602
0,613
0,621
0,627
0,637
0,638
0,666
0,675
0,677
0,694
0,704
0,708
0,710
0,711
0,713
0,727
0,757
0,817
0,829
0,843
0,844
0,870
0,874
0,887
0,888
0,899
0,903
0,907
0,916
0,942
0,957
0,958
0,969
0,977
0,978
0,984
0,991
0,992
1,29
1,45
1,48
1,49
1,101
1,108
1,150
1,205
1,265
1,327
1,357
1,390
1,416
1,417
1,427
1,437
1,461
1,490
1,526
1,545
1,570
1,586
1,607
1,626
1,652
1,681
1,683
1,711
1,868
1,886
1,928
1,936
1,961
1,971
1,988
2,10
2,14
2,18
2,30
2,37
2,45
2,77
2,85
2,88
2,101
2,103
2,115
2,119
2,165
2,178
2,183
2,187
2,225
2,228
2,249
2,297
2,302
2,315
2,324
2,354
2,390
2,407
2,450
2,474
2,485
2,487
2,488
2,499
2,504
2,535
2,547
2,579
2,607
2,635
2,657
2,660
2,675
2,686
2,689
2,702
2,706
2,709
2,723
2,730
2,792
2,805
2,813
2,887
2,891
2,899
2,928
3,27
3,35
3,64
3,66
3,78
3,82
3,84
3,85
3,106
3,107
3,126
3,129
3,136
3,154
3,164
3,182
3,236
3,251
3,261
3,279
3,359
3,365
3,376
3,381
3,393
3,405
3,435
3,447
3,451
3,469
3,479
3,512
3,594
3,595
3,606
3,627
3,631
3,638
3,663
3,671
3,691
3,696
3,706
3,711
3,717
3,735
3,771
3,782
3,785
3,790
3,813
3,838
3,899
3,918
3,957
3,964
3,990
3,991
4,7
4,9
4,11
4,53
4,62
4,68
4,73
4,75
4,85
4,86
4,99
4,132
4,144
4,153
4,156
4,184
4,203
4,232
4,243
4,259
4,262
4,339
4,340
4,354
4,392
4,410
4,417
4,430
4,445
4,472
4,479
4,503
4,509
4,512
4,520
4,533
4,541
4,560
4,627
4,660
4,665
4,679
4,803
4,841
4,891
4,951
4,979
5,14
5,28
5,72
5,110
5,121
5,161
5,182
5,191
5,237
5,274
5,282
5,287
5,326
5,367
5,384
5,421
5,435
5,469
5,554
5,555
5,570
5,643
5,658
5,715
5,762
5,775
5,790
5,796
5,802
5,833
5,841
5,846
5,876
5,882
5,988
6,64
6,86
6,92
6,203
6,216
6,222
6,233
6,266
6,285
6,293
6,297
6,313
6,330
6,337
6,368
6,378
6,389
6,393
6,412
6,413
6,416
6,423
6,440
6,481
6,495
6,572
6,592
6,609
6,662
6,669
6,680
6,702
6,712
6,725
6,739
6,769
6,796
6,830
6,834
6,846
6,847
6,866
6,875
6,961
6,972
6,974
6,976
6,977
6,982
6,989
7,14
7,24
7,34
7,39
7,48
7,56
7,62
7,76
7,82
7,109
7,113
7,132
7,143
7,170
7,191
7,224
7,254
7,257
7,268
7,274
7,281
7,296
7,339
7,357
7,361
7,385
7,407
7,412
7,417
7,421
7,434
7,436
7,453
7,458
7,485
7,514
7,525
7,526
7,528
7,531
7,562
7,571
7,591
7,593
7,649
7,673
7,695
7,697
7,700
7,714
7,758
7,909
7,921
7,922
7,923
7,926
7,961
8,11
8,13
8,16
8,22
8,23
8,40
8,53
8,71
8,92
8,93
8,94
8,96
8,113
8,153
8,157
8,167
8,170
8,188
8,191
8,196
8,215
8,216
8,233
8,254
8,264
8,271
8,272
8,281
8,288
8,302
8,310
8,314
8,330
8,355
8,360
8,361
8,381
8,389
8,418
8,421
8,423
8,497
8,530
8,534
8,553
8,556
8,578
8,582
8,588
8,621
8,636
8,642
8,680
8,684
8,694
8,697
8,708
8,740
8,748
8,769
8,798
8,843
8,853
8,857
8,860
8,898
8,910
8,919
8,928
8,940
8,946
8,964
8,986
9,15
9,31
9,38
9,41
9,46
9,104
9,121
9,128
9,139
9,145
9,151
9,153
9,167
9,172
9,173
9,200
9,219
9,240
9,248
9,256
9,267
9,284
9,300
9,302
9,308
9,326
9,342
9,348
9,373
9,390
9,392
9,393
9,409
9,418
9,422
9,425
9,439
9,457
9,475
9,525
9,528
9,529
9,555
9,575
9,581
9,584
9,607
9,619
9,625
9,642
9,647
9,666
9,681
9,692
9,710
9,736
9,766
9,775
9,787
9,796
9,797
9,798
9,807
9,836
9,855
9,865
9,873
9,874
9,879
9,880
9,885
9,888
9,905
9,921
9,928
9,948
9,973
9,974
9,981
9,995
10,23
10,41
10,109
10,123
10,157
10,187
10,194
10,232
10,253
10,254
10,269
10,340
10,342
10,354
10,415
10,585
10,596
10,615
10,669
10,722
10,802
10,817
10,822
10,860
10,928
10,960
10,981
11,31
11,61
11,147
11,157
11,168
11,183
11,196
11,198
11,200
11,205
11,228
11,233
11,236
11,240
11,264
11,317
11,323
11,354
11,361
11,364
11,399
11,404
11,411
11,418
11,455
11,461
11,467
11,471
11,488
11,508
11,513
11,529
11,584
11,590
11,594
11,601
11,629
11,631
11,666
11,676
11,681
11,688
11,698
11,701
11,724
11,747
11,757
11,772
11,827
11,846
11,847
11,855
11,856
11,872
11,893
11,916
11,928
11,955
11,978
11,996
11,999
12,48
12,57
12,62
12,70
12,111
12,112
12,118
12,126
12,139
12,161
12,173
12,175
12,231
12,273
12,276
12,294
12,310
12,324
12,333
12,367
12,370
12,381
12,391
12,400
12,428
12,461
12,498
12,504
12,521
12,525
12,591
12,610
12,615
12,624
12,629
12,654
12,660
12,667
12,680
12,715
12,721
12,768
12,771
12,782
12,830
12,845
12,860
12,882
12,885
12,893
12,911
12,919
12,935
12,946
12,969
13,16
13,34
13,62
13,74
13,104
13,107
13,126
13,143
13,151
13,167
13,197
13,201
13,218
13,242
13,257
13,285
13,290
13,319
13,328
13,334
13,336
13,359
13,395
13,415
13,504
13,537
13,551
13,556
13,593
13,607
13,610
13,655
13,681
13,702
13,741
13,761
13,787
13,803
13,843
13,845
13,853
13,873
13,879
13,892
13,906
13,917
13,948
13,966
14,31
14,35
14,38
14,48
14,66
14,76
14,89
14,94
14,102
14,124
14,126
14,133
14,136
14,138
14,143
14,146
14,161
14,165
14,173
14,180
14,187
14,210
14,233
14,238
14,240
14,263
14,271
14,324
14,354
14,362
14,376
14,396
14,420
14,433
14,435
14,479
14,483
14,492
14,504
14,513
14,525
14,528
14,529
14,532
14,544
14,556
14,577
14,596
14,597
14,621
14,631
14,643
14,654
14,657
14,666
14,671
14,705
14,706
14,723
14,727
14,748
14,750
14,766
14,767
14,798
14,803
14,830
14,836
14,848
14,874
14,902
14,905
14,907
14,919
14,928
14,944
15,24
15,39
15,46
15,56
15,57
15,99
15,144
15,150
15,170
15,180
15,181
15,185
15,191
15,397
15,405
15,421
15,506
15,601
15,602
15,630
15,636
15,641
15,663
15,709
15,727
15,731
15,783
15,885
15,903
15,933
15,942
15,945
15,950
16,22
16,43
16,44
16,46
16,77
16,78
16,81
16,129
16,139
16,153
16,158
16,180
16,194
16,223
16,254
16,262
16,276
16,288
16,308
16,348
16,393
16,396
16,416
16,436
16,469
16,474
16,475
16,479
16,496
16,507
16,514
16,525
16,528
16,541
16,551
16,556
16,619
16,624
16,625
16,681
16,697
16,711
16,732
16,745
16,746
16,747
16,750
16,765
16,798
16,821
16,887
16,895
16,921
16,923
16,945
16,970
16,974
16,986
16,990
17,22
17,49
17,102
17,131
17,143
17,167
17,185
17,198
17,238
17,245
17,254
17,261
17,272
17,280
17,322
17,336
17,357
17,367
17,424
17,448
17,460
17,470
17,499
17,506
17,508
17,517
17,540
17,554
17,560
17,570
17,584
17,638
17,663
17,665
17,684
17,686
17,690
17,692
17,705
17,712
17,718
17,726
17,732
17,735
17,738
17,759
17,760
17,766
17,785
17,806
17,807
17,808
17,811
17,835
17,870
17,880
17,885
17,890
17,954
17,978
17,981
17,982
17,984
18,57
18,77
18,80
18,86
18,94
18,102
18,109
18,132
18,154
18,160
18,187
18,203
18,223
18,242
18,281
18,335
18,336
18,340
18,354
18,358
18,367
18,389
18,420
18,423
18,463
18,523
18,531
18,538
18,552
18,564
18,605
18,606
18,616
18,638
18,752
18,754
18,765
18,766
18,771
18,776
18,786
18,793
18,796
18,798
18,804
18,819
18,823
18,832
18,850
18,851
18,907
18,914
18,915
18,916
18,942
18,957
18,958
19,44
19,88
19,100
19,103
19,168
19,181
19,242
19,292
19,323
19,351
19,374
19,459
19,578
19,592
19,620
19,698
19,857
19,862
19,935
19,958
19,964
20,38
20,51
20,54
20,62
20,67
20,73
20,112
20,116
20,127
20,154
20,156
20,179
20,221
20,272
20,277
20,278
20,311
20,322
20,358
20,381
20,387
20,452
20,479
20,482
20,501
20,518
20,535
20,546
20,570
20,575
20,577
20,594
20,618
20,634
20,670
20,686
20,702
20,710
20,730
20,737
20,749
20,756
20,797
20,800
20,815
20,823
20,835
20,846
20,852
20,869
20,875
20,892
20,895
20,901
20,930
20,934
20,945
20,951
20,955
20,958
20,959
20,967
21,191
21,199
21,220
21,222
21,279
21,319
21,331
21,334
21,341
21,368
21,408
21,430
21,541
21,542
21,547
21,555
21,557
21,574
21,589
21,637
21,698
21,728
21,747
21,756
21,769
21,814
21,836
21,875
21,933
21,946
22,47
22,53
22,63
22,69
22,70
22,73
22,77
22,84
22,97
22,101
22,108
22,137
22,143
22,145
22,157
22,161
22,173
22,180
22,188
22,228
22,233
22,248
22,263
22,280
22,287
22,317
22,320
22,323
22,330
22,336
22,364
22,370
22,372
22,373
22,389
22,391
22,428
22,453
22,469
22,471
22,472
22,492
22,517
22,545
22,556
22,559
22,574
22,589
22,613
22,634
22,643
22,660
22,661
22,671
22,689
22,701
22,704
22,738
22,765
22,775
22,796
22,800
22,807
22,840
22,846
22,855
22,874
22,885
22,893
22,911
22,958
22,980
22,989
23,38
23,55
23,80
23,83
23,84
23,129
23,139
23,173
23,182
23,187
23,193
23,237
23,250
23,287
23,288
23,325
23,365
23,384
23,459
23,489
23,503
23,512
23,519
23,536
23,545
23,575
23,579
23,595
23,638
23,645
23,659
23,690
23,704
23,714
23,771
23,788
23,795
23,815
23,817
23,850
23,877
23,920
23,928
23,953
23,970
24,65
24,100
24,112
24,126
24,168
24,257
24,270
24,327
24,341
24,509
24,523
24,538
24,539
24,574
24,615
24,643
24,680
24,697
24,763
24,770
24,779
24,786
24,831
24,849
24,867
24,875
24,917
24,963
24,977
25,27
25,31
25,38
25,39
25,91
25,93
25,102
25,170
25,181
25,214
25,231
25,232
25,256
25,286
25,353
25,361
25,398
25,412
25,416
25,424
25,434
25,587
25,591
25,592
25,609
25,616
25,719
25,744
25,748
25,752
25,765
25,781
25,800
25,810
25,819
25,836
25,856
25,862
25,892
25,896
25,915
25,961
25,975
26,34
26,85
26,120
26,130
26,139
26,150
26,154
26,201
26,218
26,250
26,257
26,268
26,278
26,287
26,289
26,313
26,321
26,341
26,369
26,527
26,558
26,604
26,653
26,657
26,663
26,719
26,743
26,751
26,757
26,783
26,794
26,851
26,872
26,921
26,949
26,958
26,979
27,38
27,53
27,84
27,95
27,115
27,117
27,154
27,162
27,180
27,191
27,209
27,246
27,330
27,378
27,380
27,407
27,422
27,460
27,490
27,544
27,549
27,558
27,580
27,581
27,647
27,674
27,716
27,752
27,777
27,779
27,850
27,866
27,872
27,958
27,999
28,82
28,117
28,139
28,143
28,159
28,233
28,235
28,326
28,328
28,479
28,481
28,518
28,543
28,570
28,616
28,617
28,711
28,876
28,890
28,928
28,959
28,999
29,80
29,82
29,329
29,330
29,341
29,408
29,410
29,419
29,448
29,503
29,517
29,541
29,543
29,544
29,601
29,669
29,672
29,674
29,719
29,724
29,768
29,790
29,832
29,913
29,921
29,947
29,963
30,47
30,81
30,93
30,122
30,139
30,176
30,196
30,249
30,281
30,314
30,379
30,383
30,438
30,443
30,452
30,533
30,568
30,586
30,649
30,691
30,745
30,824
30,836
30,905
30,970
30,971
31,64
31,68
31,85
31,94
31,110
31,125
31,132
31,143
31,147
31,164
31,175
31,191
31,195
31,198
31,203
31,215
31,220
31,228
31,244
31,257
31,268
31,270
31,272
31,281
31,300
31,309
31,342
31,348
31,355
31,361
31,375
31,393
31,405
31,419
31,430
31,432
31,435
31,453
31,460
31,466
31,479
31,483
31,517
31,521
31,549
31,551
31,577
31,581
31,584
31,625
31,642
31,645
31,666
31,671
31,698
31,704
31,712
31,727
31,739
31,741
31,744
31,757
31,761
31,763
31,773
31,776
31,782
31,797
31,802
31,813
31,855
31,865
31,912
31,928
31,939
31,952
31,977
31,990
32,63
32,98
32,154
32,155
32,166
32,191
32,196
32,206
32,232
32,264
32,274
32,328
32,366
32,396
32,397
32,439
32,456
32,462
32,501
32,581
32,595
32,625
32,633
32,660
32,663
32,696
32,804
32,817
32,831
32,845
32,851
32,857
32,880
32,911
32,919
32,948
32,983
33,48
33,55
33,60
33,82
33,117
33,138
33,186
33,261
33,285
33,291
33,313
33,324
33,336
33,353
33,368
33,369
33,421
33,460
33,476
33,499
33,518
33,520
33,546
33,555
33,563
33,599
33,603
33,615
33,641
33,645
33,659
33,752
33,773
33,786
33,797
33,809
33,818
33,820
33,835
33,841
33,844
33,881
33,932
34,42
34,66
34,73
34,98
34,118
34,131
34,191
34,238
34,243
34,256
34,261
34,263
34,328
34,347
34,357
34,393
34,397
34,398
34,405
34,407
34,421
34,440
34,458
34,463
34,532
34,551
34,599
34,630
34,652
34,686
34,700
34,721
34,736
34,759
34,777
34,785
34,832
34,840
34,878
34,894
34,940
34,952
34,986
35,95
35,103
35,135
35,138
35,155
35,201
35,218
35,221
35,243
35,260
35,317
35,324
35,327
35,365
35,394
35,408
35,460
35,463
35,474
35,497
35,524
35,541
35,559
35,593
35,621
35,700
35,701
35,716
35,720
35,757
35,775
35,796
35,826
35,832
35,834
35,844
35,847
35,888
35,894
35,920
35,921
35,935
35,957
35,975
36,48
36,73
36,76
36,84
36,101
36,134
36,147
36,159
36,170
36,188
36,191
36,224
36,255
36,326
36,411
36,413
36,471
36,496
36,503
36,542
36,551
36,565
36,609
36,610
36,635
36,640
36,651
36,663
36,672
36,693
36,730
36,779
36,790
36,822
36,824
36,840
36,846
36,866
36,871
37,48
37,64
37,78
37,94
37,102
37,126
37,136
37,137
37,168
37,178
37,188
37,212
37,225
37,227
37,234
37,237
37,264
37,288
37,330
37,374
37,406
37,438
37,450
37,452
37,453
37,503
37,517
37,520
37,540
37,545
37,549
37,563
37,573
37,598
37,605
37,607
37,629
37,663
37,688
37,712
37,713
37,714
37,717
37,725
37,733
37,755
37,766
37,785
37,809
37,826
37,857
37,859
37,880
37,942
37,980
37,998
38,39
38,47
38,62
38,65
38,96
38,103
38,125
38,128
38,142
38,150
38,170
38,177
38,196
38,218
38,235
38,253
38,256
38,272
38,295
38,330
38,348
38,354
38,359
38,424
38,440
38,457
38,458
38,466
38,469
38,498
38,510
38,517
38,520
38,529
38,540
38,547
38,556
38,581
38,584
38,595
38,604
38,606
38,629
38,634
38,666
38,670
38,676
38,677
38,684
38,688
38,691
38,692
38,701
38,705
38,708
38,726
38,760
38,789
38,792
38,809
38,861
38,865
38,881
38,893
38,895
38,897
38,898
38,902
38,911
38,921
38,933
38,935
38,945
38,969
38,983
39,78
39,108
39,129
39,166
39,168
39,169
39,192
39,197
39,214
39,224
39,230
39,245
39,247
39,271
39,328
39,331
39,337
39,345
39,361
39,412
39,413
39,426
39,427
39,480
39,493
39,496
39,518
39,536
39,550
39,571
39,575
39,577
39,602
39,636
39,657
39,661
39,677
39,694
39,695
39,706
39,731
39,756
39,765
39,770
39,777
39,783
39,787
39,790
39,815
39,835
39,846
39,867
39,878
39,894
39,926
39,962
39,969
39,979
39,984
39,999
40,138
40,143
40,250
40,252
40,253
40,274
40,358
40,419
40,495
40,720
40,726
40,743
40,746
40,877
40,895
41,62
41,245
41,286
41,287
41,328
41,368
41,448
41,456
41,461
41,465
41,533
41,566
41,578
41,607
41,669
41,691
41,699
41,708
41,730
41,747
41,782
41,840
41,871
41,913
41,975
42,70
42,165
42,191
42,212
42,253
42,265
42,285
42,288
42,352
42,382
42,450
42,465
42,472
42,511
42,615
42,626
42,638
42,670
42,673
42,683
42,685
42,692
42,751
42,766
42,817
42,826
42,834
42,839
42,865
42,881
42,884
42,891
42,966
42,970
42,973
42,981
42,993
43,47
43,52
43,78
43,85
43,100
43,102
43,201
43,208
43,212
43,230
43,234
43,281
43,346
43,386
43,415
43,450
43,490
43,523
43,559
43,575
43,577
43,580
43,607
43,628
43,691
43,701
43,708
43,712
43,729
43,742
43,744
43,761
43,763
43,836
43,857
43,875
43,935
43,943
44,49
44,50
44,67
44,83
44,89
44,102
44,104
44,108
44,124
44,129
44,139
44,143
44,147
44,150
44,160
44,167
44,187
44,215
44,219
44,227
44,232
44,254
44,284
44,295
44,298
44,300
44,304
44,308
44,344
44,355
44,362
44,381
44,395
44,469
44,472
44,498
44,505
44,517
44,521
44,546
44,548
44,551
44,595
44,597
44,602
44,657
44,661
44,663
44,666
44,679
44,681
44,682
44,748
44,754
44,766
44,780
44,782
44,813
44,851
44,912
44,917
44,918
44,930
44,955
44,969
44,971
44,984
45,72
45,126
45,135
45,171
45,273
45,275
45,350
45,367
45,414
45,472
45,481
45,485
45,497
45,575
45,576
45,591
45,599
45,601
45,641
45,649
45,679
45,694
45,696
45,705
45,727
45,752
45,753
45,786
45,793
45,803
45,816
45,834
45,851
45,852
45,855
45,876
45,879
45,880
45,893
45,924
45,938
45,949
45,979
46,48
46,80
46,81
46,86
46,116
46,120
46,161
46,180
46,219
46,265
46,268
46,276
46,287
46,310
46,362
46,365
46,375
46,436
46,462
46,478
46,532
46,534
46,538
46,540
46,556
46,557
46,595
46,596
46,624
46,681
46,682
46,684
46,691
46,714
46,755
46,789
46,817
46,862
46,880
46,888
46,890
46,898
46,910
46,938
46,949
46,950
46,969
46,986
47,56
47,86
47,148
47,165
47,166
47,168
47,172
47,173
47,196
47,197
47,223
47,257
47,259
47,272
47,285
47,288
47,323
47,347
47,350
47,351
47,352
47,355
47,384
47,385
47,418
47,419
47,421
47,428
47,435
47,452
47,467
47,505
47,517
47,529
47,594
47,627
47,642
47,680
47,685
47,729
47,731
47,740
47,760
47,771
47,773
47,798
47,799
47,834
47,836
47,850
47,867
47,878
47,903
47,910
47,912
47,913
47,917
47,924
47,930
47,936
47,946
47,980
47,988
47,999
48,78
48,84
48,86
48,87
48,111
48,117
48,128
48,136
48,152
48,153
48,165
48,176
48,178
48,180
48,183
48,184
48,187
48,195
48,196
48,216
48,224
48,235
48,243
48,275
48,290
48,316
48,319
48,320
48,330
48,335
48,336
48,345
48,348
48,355
48,359
48,362
48,436
48,439
48,453
48,460
48,483
48,487
48,497
48,518
48,541
48,546
48,561
48,562
48,579
48,588
48,615
48,625
48,638
48,641
48,652
48,663
48,672
48,676
48,680
48,681
48,689
48,693
48,724
48,732
48,747
48,754
48,797
48,798
48,809
48,816
48,836
48,840
48,845
48,849
48,850
48,880
48,882
48,885
48,919
48,939
48,950
48,970
48,974
48,999
49,54
49,59
49,64
49,77
49,80
49,81
49,83
49,130
49,134
49,145
49,175
49,203
49,215
49,217
49,219
49,228
49,232
49,233
49,279
49,315
49,330
49,348
49,352
49,365
49,406
49,409
49,420
49,423
49,458
49,490
49,518
49,541
49,551
49,578
49,599
49,601
49,614
49,627
49,633
49,654
49,664
49,678
49,686
49,750
49,754
49,763
49,767
49,775
49,776
49,778
49,788
49,804
49,812
49,821
49,825
49,846
49,870
49,875
49,916
49,935
49,938
49,946
49,948
49,949
49,969
49,990
50,53
50,54
50,130
50,149
50,204
50,206
50,288
50,300
50,335
50,366
50,384
50,398
50,421
50,434
50,539
50,561
50,579
50,583
50,653
50,718
50,724
50,745
50,827
50,828
50,869
50,877
50,922
50,923
50,939
50,944
51,83
51,90
51,116
51,140
51,145
51,183
51,188
51,191
51,197
51,217
51,263
51,271
51,291
51,305
51,310
51,326
51,351
51,354
51,359
51,410
51,434
51,441
51,459
51,476
51,530
51,541
51,597
51,619
51,659
51,694
51,702
51,704
51,713
51,753
51,765
51,797
51,803
51,813
51,824
51,887
51,921
51,924
51,930
51,950
51,951
51,962
51,966
51,995
51,996
51,999
52,95
52,131
52,140
52,201
52,220
52,246
52,270
52,289
52,359
52,374
52,386
52,403
52,422
52,463
52,470
52,538
52,577
52,602
52,610
52,656
52,657
52,663
52,668
52,691
52,721
52,741
52,745
52,746
52,765
52,777
52,892
52,899
52,975
52,978
52,979
52,980
52,998
53,70
53,127
53,166
53,221
53,265
53,289
53,356
53,363
53,420
53,435
53,458
53,487
53,489
53,576
53,591
53,636
53,665
53,679
53,680
53,723
53,724
53,728
53,841
53,922
53,964
54,57
54,91
54,99
54,135
54,136
54,173
54,177
54,184
54,198
54,253
54,290
54,302
54,324
54,332
54,367
54,379
54,397
54,428
54,432
54,433
54,438
54,447
54,473
54,476
54,496
54,540
54,551
54,570
54,594
54,623
54,628
54,674
54,698
54,703
54,745
54,797
54,814
54,856
54,886
54,896
54,933
54,938
54,944
54,948
54,959
54,981
54,987
54,993
55,86
55,102
55,125
55,158
55,187
55,190
55,191
55,201
55,203
55,234
55,237
55,258
55,276
55,279
55,294
55,300
55,313
55,319
55,375
55,468
55,493
55,501
55,518
55,541
55,574
55,588
55,591
55,612
55,665
55,684
55,701
55,760
55,783
55,809
55,827
55,839
55,897
55,923
55,924
55,933
55,959
55,986
56,102
56,103
56,113
56,122
56,129
56,171
56,200
56,241
56,271
56,310
56,312
56,318
56,361
56,365
56,395
56,437
56,480
56,502
56,521
56,538
56,540
56,586
56,640
56,653
56,663
56,686
56,706
56,727
56,732
56,755
56,767
56,846
56,847
56,894
56,913
56,946
56,989
56,995
57,91
57,102
57,145
57,188
57,246
57,268
57,307
57,336
57,338
57,345
57,353
57,416
57,453
57,459
57,574
57,615
57,668
57,697
57,770
57,893
57,905
57,909
57,992
58,79
58,165
58,213
58,280
58,317
58,400
58,420
58,445
58,482
58,503
58,540
58,686
58,700
58,712
58,734
58,735
58,738
58,786
58,803
58,928
58,993
59,129
59,189
59,226
59,229
59,332
59,335
59,353
59,362
59,379
59,384
59,399
59,445
59,452
59,496
59,571
59,583
59,607
59,647
59,702
59,737
59,812
59,861
59,871
59,905
60,61
60,73
60,82
60,101
60,111
60,115
60,146
60,152
60,163
60,183
60,188
60,198
60,220
60,290
60,304
60,315
60,363
60,385
60,392
60,409
60,418
60,443
60,444
60,455
60,527
60,543
60,575
60,589
60,607
60,608
60,614
60,624
60,634
60,670
60,680
60,699
60,706
60,732
60,747
60,772
60,776
60,788
60,809
60,823
60,828
60,833
60,839
60,850
60,873
60,880
60,883
60,920
60,932
60,933
60,952
60,962
60,969
60,987
61,67
61,72
61,92
61,105
61,160
61,185
61,199
61,221
61,248
61,259
61,262
61,265
61,280
61,330
61,333
61,336
61,361
61,381
61,405
61,407
61,410
61,435
61,451
61,517
61,521
61,532
61,553
61,555
61,593
61,612
61,616
61,657
61,671
61,682
61,745
61,751
61,762
61,775
61,821
61,828
61,898
61,917
61,940
61,961
61,977
61,986
61,994
62,74
62,75
62,76
62,83
62,94
62,116
62,120
62,122
62,130
62,152
62,165
62,173
62,180
62,182
62,187
62,188
62,196
62,203
62,240
62,243
62,250
62,261
62,262
62,268
62,308
62,309
62,348
62,399
62,409
62,435
62,438
62,449
62,466
62,479
62,486
62,491
62,498
62,509
62,510
62,516
62,545
62,547
62,548
62,573
62,577
62,584
62,586
62,595
62,616
62,623
62,625
62,627
62,631
62,634
62,642
62,649
62,657
62,686
62,690
62,705
62,707
62,715
62,716
62,759
62,766
62,782
62,787
62,803
62,807
62,809
62,823
62,827
62,843
62,852
62,865
62,885
62,888
62,890
62,905
62,913
62,916
62,922
62,924
62,940
62,952
62,970
62,977
62,983
62,995
63,96
63,101
63,118
63,139
63,151
63,154
63,161
63,165
63,190
63,195
63,212
63,219
63,262
63,272
63,276
63,329
63,357
63,364
63,401
63,434
63,435
63,444
63,459
63,476
63,480
63,483
63,498
63,506
63,514
63,547
63,612
63,663
63,689
63,692
63,701
63,702
63,707
63,716
63,723
63,739
63,742
63,764
63,802
63,807
63,835
63,844
63,853
63,861
63,873
63,893
63,906
63,919
63,952
63,966
63,980
63,988
63,994
64,66
64,90
64,119
64,125
64,139
64,146
64,188
64,190
64,210
64,252
64,277
64,297
64,390
64,405
64,410
64,447
64,455
64,475
64,481
64,486
64,516
64,577
64,634
64,665
64,668
64,697
64,706
64,713
64,736
64,762
64,821
64,867
64,886
64,894
64,898
64,928
64,930
64,937
64,940
64,947
64,960
64,979
64,982
64,990
65,132
65,141
65,220
65,295
65,353
65,425
65,430
65,433
65,498
65,516
65,528
65,552
65,569
65,572
65,580
65,625
65,638
65,663
65,668
65,672
65,674
65,701
65,709
65,722
65,753
65,759
65,774
65,804
65,816
65,833
65,847
65,853
65,876
65,893
65,942
65,944
65,949
65,957
65,975
66,104
66,149
66,154
66,173
66,187
66,197
66,208
66,256
66,262
66,275
66,285
66,292
66,295
66,296
66,322
66,346
66,392
66,434
66,475
66,479
66,482
66,483
66,496
66,504
66,507
66,516
66,529
66,532
66,547
66,572
66,579
66,584
66,595
66,611
66,627
66,632
66,661
66,681
66,710
66,741
66,748
66,766
66,775
66,853
66,855
66,860
66,888
66,907
66,925
66,930
66,950
66,955
66,970
66,991
67,89
67,111
67,116
67,121
67,127
67,147
67,201
67,267
67,406
67,437
67,453
67,610
67,641
67,648
67,655
67,730
67,778
67,853
67,864
67,867
67,887
67,894
67,917
67,922
67,939
67,953
67,985
68,79
68,93
68,99
68,106
68,119
68,124
68,125
68,178
68,183
68,189
68,191
68,197
68,224
68,235
68,236
68,240
68,244
68,255
68,261
68,279
68,325
68,336
68,365
68,367
68,371
68,372
68,390
68,444
68,461
68,478
68,482
68,489
68,504
68,508
68,512
68,514
68,518
68,541
68,556
68,577
68,591
68,593
68,599
68,600
68,610
68,616
68,624
68,640
68,698
68,702
68,712
68,714
68,736
68,754
68,778
68,780
68,783
68,785
68,788
68,802
68,845
68,851
68,855
68,878
68,897
68,900
69,85
69,97
69,125
69,211
69,226
69,234
69,280
69,284
69,295
69,298
69,330
69,388
69,395
69,424
69,425
69,436
69,438
69,453
69,461
69,468
69,529
69,540
69,553
69,567
69,568
69,591
69,594
69,614
69,620
69,652
69,668
69,669
69,681
69,723
69,739
69,776
69,789
69,791
69,827
69,831
69,837
69,856
69,862
69,866
69,903
69,944
69,977
69,980
69,992
70,81
70,107
70,116
70,128
70,133
70,148
70,164
70,200
70,201
70,240
70,272
70,281
70,287
70,308
70,314
70,345
70,350
70,362
70,367
70,381
70,401
70,426
70,432
70,451
70,469
70,479
70,595
70,601
70,612
70,642
70,658
70,671
70,691
70,738
70,739
70,844
70,899
70,906
70,907
70,923
70,935
70,944
70,948
70,958
70,966
71,80
71,96
71,101
71,147
71,188
71,243
71,270
71,271
71,288
71,317
71,320
71,325
71,334
71,382
71,411
71,432
71,437
71,444
71,525
71,528
71,553
71,591
71,601
71,682
71,705
71,706
71,742
71,747
71,769
71,781
71,817
71,835
71,846
71,883
71,889
71,898
71,922
71,928
71,969
71,980
71,985
72,113
72,153
72,202
72,220
72,261
72,266
72,297
72,314
72,408
72,445
72,485
72,500
72,521
72,530
72,567
72,570
72,610
72,696
72,699
72,720
72,765
72,797
72,814
72,835
72,837
72,883
72,959
72,998
73,131
73,132
73,239
73,245
73,271
73,286
73,358
73,376
73,379
73,382
73,386
73,394
73,411
73,427
73,454
73,464
73,477
73,521
73,559
73,568
73,592
73,595
73,715
73,728
73,737
73,749
73,829
73,892
73,917
73,931
73,972
73,975
74,119
74,158
74,198
74,222
74,244
74,272
74,278
74,289
74,298
74,310
74,324
74,357
74,370
74,460
74,475
74,504
74,572
74,601
74,661
74,711
74,739
74,769
74,802
74,840
74,861
74,923
74,956
74,957
74,965
74,974
74,993
75,84
75,101
75,131
75,155
75,157
75,159
75,216
75,224
75,225
75,253
75,254
75,269
75,289
75,297
75,301
75,312
75,337
75,345
75,376
75,391
75,407
75,423
75,426
75,457
75,465
75,474
75,506
75,525
75,557
75,608
75,613
75,624
75,632
75,660
75,665
75,707
75,715
75,731
75,755
75,756
75,765
75,769
75,840
75,846
75,856
75,858
75,883
75,894
75,917
75,930
75,964
76,82
76,150
76,155
76,165
76,184
76,201
76,295
76,320
76,345
76,385
76,408
76,432
76,439
76,450
76,467
76,468
76,474
76,478
76,479
76,504
76,508
76,577
76,579
76,608
76,610
76,624
76,652
76,666
76,714
76,736
76,751
76,758
76,760
76,773
76,783
76,792
76,802
76,808
76,826
76,832
76,836
76,853
76,858
76,862
76,874
76,897
76,934
76,963
76,964
77,84
77,105
77,119
77,130
77,145
77,194
77,197
77,215
77,254
77,300
77,329
77,335
77,357
77,371
77,439
77,440
77,466
77,469
77,514
77,540
77,541
77,560
77,586
77,624
77,636
77,647
77,676
77,689
77,732
77,734
77,745
77,747
77,787
77,835
77,852
77,865
77,880
77,893
77,897
77,898
77,909
77,921
77,935
77,950
77,974
77,975
77,986
77,991
78,130
78,132
78,139
78,140
78,156
78,182
78,187
78,216
78,223
78,233
78,249
78,252
78,253
78,258
78,291
78,294
78,301
78,323
78,350
78,367
78,375
78,377
78,378
78,384
78,411
78,430
78,454
78,456
78,476
78,488
78,493
78,496
78,508
78,536
78,537
78,545
78,576
78,639
78,645
78,663
78,680
78,711
78,732
78,752
78,791
78,800
78,812
78,910
78,964
78,966
79,124
79,129
79,141
79,216
79,226
79,237
79,250
79,266
79,291
79,335
79,366
79,386
79,446
79,448
79,450
79,458
79,463
79,476
79,486
79,534
79,539
79,559
79,574
79,591
79,594
79,636
79,665
79,733
79,741
79,751
79,757
79,786
79,827
79,852
79,893
79,911
79,926
79,938
79,945
79,950
79,974
79,991
80,98
80,119
80,138
80,140
80,142
80,153
80,161
80,164
80,180
80,199
80,217
80,219
80,247
80,262
80,280
80,291
80,302
80,307
80,361
80,363
80,407
80,414
80,422
80,425
80,439
80,448
80,460
80,463
80,474
80,501
80,508
80,510
80,512
80,522
80,530
80,536
80,537
80,538
80,541
80,571
80,596
80,611
80,624
80,632
80,651
80,684
80,686
80,691
80,695
80,697
80,711
80,764
80,783
80,788
80,802
80,836
80,876
80,903
80,940
81,85
81,105
81,132
81,140
81,157
81,186
81,191
81,237
81,254
81,262
81,271
81,295
81,308
81,323
81,367
81,387
81,397
81,410
81,439
81,441
81,456
81,463
81,476
81,491
81,514
81,517
81,525
81,532
81,551
81,563
81,579
81,593
81,601
81,617
81,619
81,638
81,650
81,671
81,679
81,690
81,691
81,707
81,745
81,802
81,823
81,832
81,835
81,843
81,860
81,880
81,883
81,888
81,907
81,916
81,920
81,940
81,956
81,971
81,975
81,992
82,100
82,109
82,130
82,152
82,154
82,168
82,187
82,191
82,200
82,211
82,215
82,239
82,248
82,258
82,299
82,328
82,342
82,348
82,350
82,381
82,402
82,407
82,443
82,457
82,460
82,462
82,496
82,501
82,512
82,521
82,545
82,557
82,579
82,593
82,602
82,634
82,636
82,646
82,660
82,683
82,720
82,756
82,763
82,776
82,782
82,790
82,794
82,825
82,830
82,843
82,874
82,900
82,907
82,911
82,922
82,930
82,939
82,941
82,942
82,971
82,978
82,987
82,998
83,85
83,100
83,177
83,180
83,223
83,242
83,271
83,289
83,290
83,297
83,302
83,303
83,312
83,319
83,334
83,345
83,371
83,384
83,389
83,402
83,447
83,449
83,463
83,480
83,496
83,518
83,593
83,607
83,625
83,646
83,667
83,669
83,708
83,727
83,755
83,766
83,841
83,874
83,883
83,907
84,96
84,134
84,140
84,153
84,165
84,166
84,178
84,200
84,203
84,227
84,245
84,254
84,257
84,273
84,285
84,287
84,290
84,341
84,348
84,374
84,380
84,384
84,426
84,434
84,438
84,481
84,493
84,512
84,514
84,525
84,541
84,548
84,550
84,556
84,578
84,612
84,636
84,637
84,657
84,666
84,671
84,722
84,745
84,785
84,790
84,804
84,836
84,843
84,859
84,905
84,908
84,917
84,920
84,921
84,940
84,952
84,972
85,124
85,138
85,154
85,196
85,200
85,204
85,208
85,210
85,212
85,239
85,258
85,267
85,294
85,308
85,315
85,319
85,320
85,323
85,328
85,349
85,351
85,363
85,384
85,394
85,396
85,405
85,412
85,413
85,436
85,457
85,463
85,468
85,528
85,540
85,584
85,621
85,632
85,633
85,638
85,639
85,650
85,652
85,687
85,690
85,736
85,745
85,790
85,815
85,817
85,849
85,862
85,866
85,869
85,874
85,876
85,883
85,908
85,911
85,912
85,930
85,932
85,982
85,997
86,97
86,99
86,128
86,137
86,142
86,146
86,180
86,182
86,187
86,196
86,197
86,203
86,215
86,228
86,249
86,272
86,290
86,291
86,298
86,301
86,316
86,354
86,396
86,397
86,415
86,421
86,438
86,473
86,476
86,498
86,499
86,559
86,562
86,575
86,576
86,591
86,593
86,601
86,613
86,655
86,664
86,688
86,698
86,716
86,720
86,721
86,770
86,783
86,803
86,832
86,843
86,860
86,865
86,887
86,898
86,903
86,928
86,933
86,946
86,948
86,963
86,970
86,986
87,100
87,147
87,180
87,226
87,237
87,288
87,298
87,312
87,323
87,332
87,364
87,376
87,387
87,412
87,427
87,435
87,447
87,456
87,463
87,489
87,492
87,521
87,551
87,589
87,592
87,594
87,642
87,673
87,702
87,726
87,752
87,788
87,809
87,828
87,846
87,885
87,906
87,907
87,956
87,989
87,991
88,116
88,169
88,185
88,239
88,267
88,276
88,288
88,301
88,313
88,347
88,408
88,409
88,414
88,424
88,465
88,493
88,520
88,541
88,581
88,622
88,632
88,663
88,668
88,730
88,775
88,813
88,922
88,924
88,935
88,957
88,977
89,100
89,102
89,110
89,116
89,129
89,153
89,168
89,169
89,180
89,234
89,276
89,316
89,329
89,345
89,352
89,357
89,358
89,388
89,408
89,419
89,421
89,422
89,427
89,458
89,504
89,511
89,519
89,523
89,528
89,541
89,551
89,554
89,590
89,604
89,621
89,628
89,647
89,654
89,664
89,670
89,701
89,788
89,832
89,860
89,868
89,891
89,892
89,917
89,919
89,926
89,962
90,201
90,252
90,253
90,276
90,324
90,372
90,398
90,431
90,496
90,552
90,562
90,570
90,592
90,601
90,608
90,630
90,647
90,715
90,744
90,758
90,823
90,827
90,842
90,859
90,892
90,915
90,919
90,922
90,999
91,118
91,126
91,135
91,151
91,170
91,235
91,259
91,311
91,386
91,388
91,485
91,493
91,513
91,518
91,528
91,551
91,582
91,589
91,694
91,915
91,921
91,923
91,937
91,939
91,952
91,961
91,963
91,988
92,117
92,154
92,162
92,202
92,214
92,242
92,243
92,252
92,296
92,302
92,313
92,319
92,329
92,343
92,377
92,390
92,399
92,405
92,421
92,434
92,451
92,467
92,570
92,572
92,582
92,585
92,602
92,621
92,622
92,637
92,658
92,689
92,749
92,750
92,764
92,804
92,808
92,815
92,875
92,885
92,901
92,932
92,974
92,977
93,126
93,188
93,192
93,273
93,274
93,278
93,291
93,310
93,415
93,502
93,528
93,551
93,557
93,616
93,633
93,675
93,749
93,767
93,772
93,777
93,833
93,839
93,913
93,932
93,972
93,976
93,982
93,990
94,115
94,129
94,140
94,175
94,178
94,247
94,253
94,262
94,274
94,315
94,350
94,395
94,416
94,430
94,439
94,453
94,512
94,535
94,562
94,636
94,647
94,681
94,711
94,713
94,726
94,734
94,754
94,877
94,890
94,917
94,955
94,981
95,108
95,122
95,164
95,173
95,265
95,266
95,290
95,445
95,486
95,510
95,563
95,587
95,610
95,660
95,758
95,792
95,823
95,836
95,863
95,903
95,907
95,921
96,105
96,127
96,130
96,132
96,152
96,157
96,167
96,171
96,172
96,176
96,186
96,187
96,195
96,197
96,224
96,247
96,262
96,280
96,282
96,295
96,309
96,310
96,332
96,333
96,334
96,338
96,343
96,375
96,376
96,381
96,391
96,419
96,432
96,434
96,440
96,460
96,475
96,476
96,488
96,494
96,498
96,504
96,512
96,523
96,528
96,529
96,551
96,577
96,589
96,590
96,599
96,606
96,607
96,625
96,675
96,682
96,690
96,711
96,724
96,732
96,745
96,751
96,769
96,775
96,791
96,793
96,810
96,813
96,854
96,870
96,879
96,885
96,899
96,908
96,913
96,921
96,924
96,934
96,969
96,970
96,971
96,974
96,977
96,981
96,983
96,990
96,991
96,998
97,101
97,108
97,117
97,118
97,147
97,200
97,204
97,208
97,221
97,232
97,242
97,289
97,300
97,310
97,335
97,349
97,364
97,391
97,395
97,402
97,431
97,434
97,460
97,461
97,474
97,478
97,479
97,534
97,600
97,606
97,611
97,625
97,646
97,647
97,650
97,663
97,664
97,689
97,692
97,711
97,739
97,747
97,769
97,771
97,779
97,782
97,789
97,790
97,802
97,809
97,813
97,835
97,843
97,858
97,877
97,880
97,888
97,893
97,898
97,917
97,950
97,957
97,995
98,120
98,126
98,135
98,137
98,175
98,180
98,208
98,235
98,272
98,285
98,300
98,326
98,330
98,407
98,418
98,434
98,469
98,498
98,500
98,602
98,607
98,610
98,622
98,642
98,652
98,765
98,786
98,793
98,801
98,811
98,844
98,853
98,860
98,916
98,942
98,973
99,108
99,156
99,166
99,221
99,242
99,255
99,258
99,313
99,319
99,348
99,351
99,427
99,452
99,453
99,471
99,488
99,495
99,506
99,525
99,544
99,557
99,607
99,617
99,619
99,673
99,677
99,689
99,779
99,781
99,790
99,879
99,933
99,970
100,102
100,110
100,117
100,139
100,163
100,180
100,184
100,192
100,195
100,199
100,232
100,238
100,257
100,263
100,280
100,290
100,295
100,296
100,354
100,356
100,379
100,384
100,399
100,422
100,430
100,433
100,449
100,458
100,469
100,579
100,589
100,593
100,601
100,619
100,676
100,678
100,682
100,702
100,707
100,710
100,718
100,719
100,728
100,735
100,746
100,777
100,801
100,810
100,840
100,842
100,863
100,894
100,922
100,929
100,936
100,963
100,977
100,980
100,984
100,990
101,125
101,178
101,188
101,200
101,216
101,237
101,255
101,262
101,290
101,295
101,310
101,313
101,320
101,330
101,353
101,365
101,407
101,439
101,448
101,542
101,563
101,567
101,589
101,613
101,616
101,628
101,636
101,677
101,689
101,715
101,747
101,765
101,787
101,812
101,818
101,830
101,834
101,885
101,917
101,919
101,953
101,986
101,998
102,176
102,210
102,277
102,328
102,337
102,375
102,377
102,395
102,397
102,407
102,453
102,464
102,575
102,614
102,624
102,659
102,666
102,697
102,709
102,717
102,719
102,820
102,861
102,954
102,955
102,959
102,971
102,978
102,985
102,993
103,108
103,118
103,174
103,195
103,230
103,235
103,276
103,309
103,320
103,362
103,370
103,371
103,395
103,468
103,508
103,543
103,558
103,599
103,610
103,627
103,637
103,689
103,712
103,728
103,754
103,773
103,791
103,792
103,799
103,823
103,865
103,892
103,939
103,945
103,968
103,970
103,975
103,984
104,126
104,136
104,145
104,186
104,187
104,195
104,197
104,216
104,235
104,239
104,249
104,332
104,361
104,376
104,393
104,455
104,518
104,542
104,545
104,546
104,555
104,577
104,593
104,598
104,645
104,649
104,660
104,661
104,676
104,705
104,727
104,741
104,744
104,769
104,787
104,796
104,825
104,844
104,853
104,887
104,888
104,898
104,899
104,947
104,950
104,958
104,974
104,983
104,990
104,995
104,998
105,116
105,118
105,150
105,158
105,180
105,235
105,244
105,249
105,250
105,298
105,304
105,310
105,341
105,361
105,398
105,399
105,407
105,436
105,476
105,489
105,528
105,538
105,549
105,596
105,600
105,613
105,634
105,643
105,647
105,674
105,692
105,714
105,808
105,816
105,828
105,834
105,842
105,868
105,871
105,885
105,946
105,948
105,951
105,956
105,976
105,985
106,107
106,148
106,164
106,191
106,240
106,255
106,273
106,306
106,308
106,333
106,339
106,353
106,367
106,376
106,387
106,392
106,418
106,423
106,429
106,440
106,446
106,476
106,507
106,511
106,554
106,560
106,601
106,621
106,647
106,691
106,704
106,737
106,741
106,748
106,769
106,770
106,792
106,802
106,824
106,836
106,844
106,845
106,852
106,854
106,861
106,894
106,900
106,918
106,958
106,959
106,969
106,991
107,125
107,128
107,143
107,173
107,187
107,215
107,225
107,256
107,280
107,290
107,298
107,336
107,393
107,397
107,405
107,427
107,434
107,435
107,444
107,469
107,487
107,498
107,551
107,559
107,573
107,584
107,593
107,619
107,638
107,652
107,657
107,661
107,665
107,676
107,682
107,706
107,727
107,754
107,756
107,762
107,769
107,808
107,809
107,818
107,845
107,855
107,864
107,887
107,893
107,970
108,206
108,246
108,302
108,306
108,322
108,350
108,353
108,370
108,377
108,392
108,393
108,401
108,465
108,486
108,505
108,518
108,528
108,545
108,571
108,582
108,619
108,648
108,663
108,690
108,692
108,702
108,741
108,759
108,764
108,789
108,797
108,852
108,862
108,880
108,881
108,914
108,939
108,963
108,980
109,132
109,153
109,157
109,251
109,269
109,291
109,316
109,324
109,331
109,355
109,367
109,377
109,378
109,381
109,395
109,410
109,417
109,430
109,444
109,476
109,498
109,503
109,542
109,565
109,600
109,699
109,765
109,821
109,843
109,853
109,872
109,888
109,900
109,902
109,942
109,958
109,979
109,990
109,992
110,138
110,148
110,182
110,212
110,215
110,225
110,239
110,261
110,262
110,264
110,273
110,289
110,300
110,309
110,318
110,332
110,337
110,361
110,365
110,386
110,397
110,414
110,436
110,459
110,492
110,517
110,523
110,525
110,530
110,542
110,599
110,606
110,622
110,625
110,634
110,654
110,663
110,674
110,748
110,751
110,759
110,783
110,797
110,804
110,841
110,852
110,888
110,901
110,911
110,935
110,973
110,992
111,118
111,126
111,139
111,143
111,178
111,214
111,225
111,290
111,293
111,301
111,306
111,385
111,417
111,486
111,508
111,601
111,620
111,654
111,691
111,751
111,756
111,769
111,779
111,783
111,795
111,841
111,877
111,977
112,123
112,124
112,127
112,153
112,154
112,221
112,222
112,275
112,318
112,340
112,486
112,535
112,570
112,579
112,615
112,652
112,657
112,709
112,711
112,744
112,856
112,919
112,924
112,952
112,971
113,140
113,159
113,176
113,191
113,204
113,251
113,254
113,260
113,267
113,272
113,283
113,297
113,324
113,369
113,389
113,440
113,467
113,475
113,511
113,594
113,600
113,607
113,615
113,649
113,666
113,763
113,765
113,802
113,807
113,811
113,859
113,874
113,924
113,938
113,957
113,989
114,119
114,171
114,218
114,233
114,280
114,292
114,310
114,323
114,360
114,383
114,397
114,399
114,402
114,412
114,418
114,484
114,500
114,513
114,538
114,564
114,586
114,667
114,700
114,716
114,745
114,769
114,775
114,784
114,825
114,866
114,869
114,896
114,902
114,908
114,920
114,968
114,979
115,154
115,177
115,179
115,202
115,230
115,306
115,362
115,386
115,475
115,493
115,537
115,659
115,701
115,744
115,749
115,797
115,819
115,825
115,836
115,903
115,954
115,974
115,976
115,980
116,132
116,168
116,173
116,237
116,276
116,308
116,342
116,348
116,391
116,427
116,437
116,445
116,475
116,487
116,499
116,518
116,524
116,536
116,569
116,589
116,593
116,595
116,609
116,611
116,624
116,672
116,675
116,676
116,716
116,717
116,736
116,751
116,762
116,764
116,806
116,816
116,846
116,857
116,878
116,930
116,944
116,956
116,983
117,118
117,153
117,163
117,164
117,187
117,194
117,248
117,256
117,263
117,274
117,303
117,305
117,315
117,357
117,362
117,365
117,367
117,408
117,427
117,435
117,438
117,450
117,458
117,466
117,469
117,498
117,507
117,512
117,513
117,525
117,529
117,532
117,543
117,563
117,575
117,582
117,586
117,608
117,609
117,688
117,699
117,708
117,710
117,711
117,731
117,742
117,746
117,778
117,796
117,798
117,812
117,819
117,831
117,835
117,851
117,853
117,860
117,887
117,893
117,906
117,926
117,930
117,938
117,948
117,969
117,976
117,999
118,126
118,131
118,134
118,151
118,156
118,157
118,165
118,169
118,173
118,180
118,188
118,198
118,201
118,215
118,264
118,272
118,273
118,310
118,320
118,323
118,385
118,432
118,438
118,444
118,483
118,484
118,509
118,528
118,540
118,560
118,566
118,579
118,613
118,624
118,644
118,660
118,677
118,680
118,690
118,731
118,736
118,758
118,769
118,780
118,789
118,792
118,805
118,822
118,828
118,836
118,842
118,873
118,893
118,898
118,917
118,966
118,991
119,131
119,183
119,197
119,201
119,251
119,291
119,305
119,308
119,317
119,325
119,326
119,436
119,439
119,460
119,476
119,479
119,485
119,493
119,573
119,577
119,594
119,614
119,622
119,641
119,664
119,674
119,695
119,736
119,751
119,764
119,789
119,792
119,820
119,825
119,854
119,880
119,946
119,964
119,971
120,136
120,139
120,152
120,153
120,191
120,203
120,222
120,249
120,254
120,290
120,303
120,305
120,336
120,342
120,348
120,398
120,428
120,435
120,438
120,440
120,451
120,469
120,491
120,499
120,514
120,525
120,551
120,554
120,580
120,622
120,642
120,675
120,684
120,688
120,695
120,698
120,719
120,732
120,747
120,760
120,765
120,779
120,786
120,792
120,803
120,830
120,854
120,881
120,907
120,917
120,935
120,978
120,986
121,184
121,303
121,306
121,312
121,347
121,404
121,508
121,527
121,587
121,591
121,691
121,746
121,747
121,752
121,757
121,880
121,971
122,187
122,212
122,228
122,256
122,316
122,317
122,322
122,326
122,368
122,388
122,393
122,422
122,424
122,442
122,459
122,467
122,468
122,486
122,513
122,522
122,528
122,579
122,591
122,673
122,686
122,711
122,745
122,765
122,934
122,942
122,961
123,166
123,180
123,191
123,285
123,313
123,330
123,378
123,414
123,451
123,462
123,473
123,490
123,506
123,518
123,560
123,626
123,712
123,777
123,881
123,948
123,977
124,148
124,180
124,181
124,202
124,235
124,236
124,242
124,269
124,271
124,272
124,281
124,298
124,304
124,308
124,350
124,371
124,375
124,389
124,420
124,438
124,444
124,450
124,464
124,477
124,490
124,492
124,513
124,516
124,524
124,541
124,544
124,573
124,603
124,609
124,618
124,636
124,692
124,710
124,716
124,751
124,752
124,759
124,787
124,795
124,808
124,834
124,902
124,919
124,970
124,984
125,146
125,161
125,166
125,167
125,186
125,225
125,226
125,240
125,266
125,271
125,290
125,366
125,418
125,433
125,447
125,463
125,469
125,475
125,495
125,501
125,516
125,519
125,532
125,580
125,586
125,596
125,610
125,615
125,617
125,621
125,655
125,660
125,684
125,708
125,727
125,743
125,763
125,779
125,790
125,865
125,887
125,905
125,906
125,921
125,928
125,956
125,960
125,963
125,964
125,974
126,138
126,148
126,164
126,176
126,213
126,262
126,287
126,288
126,290
126,291
126,316
126,325
126,326
126,329
126,331
126,393
126,410
126,414
126,416
126,444
126,459
126,467
126,469
126,477
126,484
126,493
126,495
126,497
126,510
126,515
126,525
126,530
126,531
126,599
126,625
126,626
126,627
126,629
126,643
126,650
126,654
126,696
126,697
126,710
126,723
126,760
126,762
126,782
126,785
126,786
126,797
126,850
126,854
126,862
126,866
126,867
126,877
126,887
126,894
126,909
126,928
126,941
126,956
126,978
126,983
127,144
127,149
127,155
127,166
127,213
127,225
127,229
127,248
127,259
127,283
127,365
127,380
127,432
127,506
127,522
127,532
127,560
127,563
127,642
127,687
127,724
127,764
127,766
127,783
127,790
127,795
127,833
127,902
127,905
127,918
127,923
127,948
127,969
128,129
128,131
128,188
128,198
128,221
128,313
128,318
128,332
128,336
128,337
128,348
128,355
128,382
128,397
128,401
128,450
128,460
128,463
128,469
128,475
128,488
128,496
128,514
128,517
128,550
128,556
128,569
128,577
128,616
128,619
128,647
128,690
128,701
128,702
128,714
128,723
128,732
128,747
128,750
128,764
128,769
128,792
128,796
128,807
128,813
128,859
128,860
128,916
128,933
128,941
128,942
128,950
129,131
129,187
129,195
129,196
129,200
129,215
129,264
129,267
129,268
129,298
129,304
129,308
129,309
129,313
129,332
129,347
129,354
129,355
129,365
129,386
129,439
129,455
129,478
129,504
129,517
129,518
129,541
129,547
129,596
129,599
129,611
129,615
129,642
129,647
129,660
129,704
129,750
129,759
129,785
129,787
129,793
129,887
129,888
129,912
129,933
129,942
129,984
129,993
130,142
130,192
130,200
130,242
130,262
130,273
130,278
130,297
130,305
130,337
130,357
130,368
130,416
130,420
130,428
130,462
130,482
130,517
130,522
130,573
130,579
130,686
130,697
130,703
130,705
130,710
130,719
130,727
130,756
130,783
130,796
130,816
130,817
130,819
130,827
130,835
130,864
130,873
130,877
130,898
130,916
130,959
130,978
130,988
130,991
131,132
131,142
131,145
131,178
131,187
131,188
131,252
131,265
131,293
131,300
131,322
131,337
131,342
131,373
131,378
131,436
131,438
131,448
131,457
131,491
131,500
131,512
131,523
131,544
131,598
131,602
131,616
131,647
131,661
131,663
131,666
131,677
131,705
131,718
131,719
131,724
131,742
131,764
131,778
131,783
131,802
131,850
131,860
131,885
131,918
131,976
132,135
132,150
132,152
132,172
132,236
132,238
132,271
132,280
132,287
132,292
132,330
132,336
132,350
132,359
132,418
132,423
132,433
132,441
132,467
132,486
132,502
132,525
132,531
132,532
132,565
132,609
132,612
132,632
132,636
132,660
132,676
132,684
132,705
132,716
132,741
132,749
132,778
132,782
132,785
132,817
132,844
132,854
132,855
132,882
132,885
132,913
132,917
132,921
132,939
132,963
132,971
132,976
132,990
133,146
133,249
133,253
133,259
133,282
133,297
133,313
133,317
133,323
133,327
133,333
133,379
133,385
133,406
133,424
133,432
133,433
133,441
133,445
133,448
133,466
133,486
133,498
133,500
133,525
133,540
133,550
133,603
133,678
133,716
133,717
133,724
133,726
133,738
133,739
133,803
133,809
133,842
133,897
133,906
133,915
133,918
133,919
133,946
133,970
133,979
133,991
134,161
134,188
134,200
134,219
134,242
134,256
134,295
134,298
134,300
134,318
134,368
134,381
134,385
134,407
134,415
134,449
134,455
134,470
134,475
134,479
134,487
134,525
134,623
134,637
134,642
134,657
134,708
134,737
134,767
134,769
134,789
134,790
134,792
134,874
134,910
134,918
134,919
134,940
134,952
134,963
134,964
134,978
135,137
135,153
135,228
135,259
135,328
135,361
135,373
135,389
135,392
135,430
135,461
135,463
135,472
135,493
135,494
135,506
135,525
135,534
135,561
135,639
135,640
135,704
135,716
135,725
135,728
135,734
135,766
135,837
135,846
135,876
135,898
135,940
136,137
136,158
136,215
136,221
136,272
136,288
136,337
136,349
136,381
136,419
136,482
136,492
136,493
136,498
136,499
136,508
136,512
136,518
136,528
136,556
136,642
136,681
136,684
136,688
136,694
136,702
136,704
136,711
136,727
136,760
136,769
136,787
136,790
136,807
136,842
136,843
136,853
136,856
136,914
136,935
136,940
136,950
136,952
136,972
137,138
137,161
137,165
137,169
137,237
137,245
137,252
137,325
137,328
137,337
137,343
137,345
137,359
137,368
137,432
137,438
137,447
137,450
137,451
137,467
137,529
137,536
137,579
137,603
137,607
137,619
137,636
137,659
137,704
137,709
137,710
137,772
137,799
137,818
137,832
137,847
137,879
137,912
137,915
137,961
137,979
138,175
138,182
138,200
138,201
138,210
138,242
138,277
138,279
138,291
138,351
138,394
138,410
138,417
138,450
138,463
138,464
138,475
138,491
138,502
138,518
138,525
138,527
138,528
138,533
138,537
138,611
138,614
138,647
138,657
138,682
138,725
138,738
138,741
138,748
138,777
138,784
138,792
138,816
138,843
138,891
138,953
138,970
138,975
139,151
139,161
139,169
139,172
139,175
139,177
139,178
139,179
139,180
139,181
139,190
139,195
139,204
139,223
139,226
139,235
139,261
139,274
139,287
139,288
139,300
139,328
139,330
139,385
139,415
139,424
139,449
139,470
139,471
139,511
139,525
139,551
139,553
139,580
139,584
139,607
139,612
139,625
139,652
139,671
139,681
139,684
139,690
139,697
139,698
139,704
139,713
139,718
139,739
139,764
139,766
139,771
139,782
139,823
139,825
139,841
139,851
139,852
139,855
139,905
139,906
139,907
139,914
139,929
139,950
139,968
139,969
139,975
140,150
140,187
140,201
140,203
140,209
140,216
140,219
140,227
140,228
140,234
140,261
140,289
140,308
140,309
140,330
140,332
140,347
140,393
140,405
140,510
140,551
140,557
140,577
140,589
140,593
140,595
140,610
140,629
140,657
140,674
140,686
140,698
140,745
140,748
140,758
140,768
140,769
140,778
140,792
140,794
140,804
140,817
140,910
140,938
140,944
140,956
140,975
141,146
141,352
141,388
141,391
141,538
141,541
141,550
141,551
141,567
141,706
141,792
141,826
141,842
141,908
141,922
141,971
142,152
142,172
142,183
142,225
142,226
142,234
142,262
142,275
142,280
142,288
142,309
142,316
142,346
142,348
142,370
142,373
142,378
142,405
142,418
142,436
142,445
142,450
142,471
142,475
142,482
142,483
142,494
142,508
142,518
142,519
142,573
142,576
142,586
142,612
142,621
142,623
142,675
142,676
142,690
142,698
142,709
142,724
142,727
142,732
142,745
142,750
142,785
142,801
142,821
142,824
142,826
142,846
142,864
142,901
142,921
142,928
142,982
142,984
143,150
143,179
143,215
143,241
143,242
143,249
143,285
143,287
143,292
143,310
143,350
143,354
143,451
143,471
143,474
143,479
143,521
143,537
143,546
143,558
143,565
143,577
143,589
143,598
143,626
143,653
143,659
143,663
143,668
143,705
143,727
143,730
143,732
143,747
143,758
143,769
143,776
143,779
143,817
143,835
143,840
143,853
143,865
143,893
143,906
143,916
143,928
143,942
143,991
144,161
144,212
144,271
144,278
144,324
144,373
144,441
144,444
144,473
144,481
144,516
144,524
144,541
144,555
144,622
144,630
144,655
144,697
144,712
144,786
144,789
144,828
144,857
144,875
144,909
144,935
145,158
145,182
145,186
145,187
145,198
145,201
145,213
145,228
145,233
145,245
145,248
145,249
145,258
145,294
145,315
145,330
145,332
145,352
145,371
145,383
145,421
145,450
145,476
145,479
145,489
145,508
145,512
145,525
145,530
145,532
145,540
145,547
145,548
145,552
145,594
145,598
145,610
145,649
145,651
145,674
145,686
145,736
145,757
145,794
145,821
145,849
145,863
145,887
145,897
145,935
145,955
145,982
145,983
146,148
146,152
146,159
146,164
146,183
146,242
146,289
146,317
146,329
146,332
146,399
146,401
146,405
146,421
146,456
146,475
146,490
146,504
146,515
146,517
146,527
146,528
146,543
146,551
146,552
146,563
146,584
146,598
146,610
146,613
146,620
146,621
146,637
146,679
146,694
146,698
146,713
146,736
146,758
146,809
146,817
146,827
146,842
146,854
146,867
146,898
146,901
146,914
146,943
147,154
147,172
147,178
147,189
147,194
147,210
147,222
147,235
147,246
147,254
147,280
147,296
147,300
147,310
147,322
147,326
147,330
147,338
147,348
147,355
147,357
147,371
147,372
147,373
147,377
147,381
147,389
147,398
147,406
147,421
147,438
147,442
147,446
147,470
147,471
147,477
147,493
147,497
147,507
147,534
147,556
147,576
147,627
147,629
147,634
147,670
147,711
147,718
147,727
147,752
147,757
147,782
147,790
147,794
147,802
147,803
147,810
147,812
147,815
147,816
147,830
147,882
147,893
147,916
147,921
147,929
147,930
147,940
147,955
147,972
147,994
148,209
148,229
148,232
148,240
148,245
148,314
148,315
148,320
148,356
148,390
148,409
148,437
148,518
148,545
148,555
148,559
148,566
148,589
148,595
148,616
148,651
148,661
148,724
148,725
148,740
148,745
148,751
148,785
148,795
148,834
148,892
148,896
148,903
148,938
148,984
148,990
149,174
149,257
149,312
149,326
149,360
149,441
149,443
149,534
149,551
149,579
149,672
149,801
149,806
149,873
150,157
150,192
150,216
150,258
150,265
150,282
150,357
150,368
150,380
150,381
150,389
150,401
150,415
150,472
150,520
150,548
150,562
150,575
150,652
150,660
150,668
150,672
150,714
150,736
150,759
150,773
150,801
150,805
150,827
150,928
150,933
150,957
151,191
151,198
151,239
151,254
151,275
151,317
151,382
151,405
151,407
151,432
151,440
151,462
151,463
151,577
151,593
151,602
151,605
151,652
151,656
151,657
151,660
151,706
151,769
151,772
151,776
151,792
151,819
151,865
151,880
151,881
151,886
151,914
151,966
151,980
151,990
152,154
152,196
152,258
152,274
152,287
152,302
152,308
152,336
152,348
152,378
152,391
152,421
152,436
152,439
152,459
152,469
152,471
152,472
152,483
152,490
152,504
152,511
152,517
152,527
152,541
152,577
152,579
152,582
152,593
152,634
152,661
152,688
152,696
152,697
152,698
152,763
152,766
152,807
152,813
152,816
152,823
152,826
152,829
152,906
152,911
152,912
152,914
152,935
152,999
153,158
153,173
153,187
153,194
153,200
153,225
153,227
153,237
153,248
153,252
153,289
153,290
153,335
153,336
153,339
153,355
153,356
153,367
153,371
153,407
153,411
153,436
153,438
153,443
153,448
153,460
153,462
153,463
153,506
153,512
153,513
153,516
153,522
153,560
153,575
153,578
153,581
153,584
153,608
153,611
153,634
153,662
153,665
153,671
153,674
153,679
153,681
153,685
153,697
153,708
153,715
153,728
153,748
153,755
153,760
153,763
153,775
153,786
153,787
153,794
153,808
153,830
153,838
153,843
153,860
153,880
153,882
153,883
153,898
153,905
153,946
153,947
153,955
153,983
153,985
153,991
154,210
154,224
154,237
154,246
154,248
154,280
154,337
154,365
154,389
154,404
154,434
154,470
154,483
154,508
154,513
154,523
154,529
154,536
154,569
154,607
154,608
154,631
154,676
154,701
154,706
154,732
154,764
154,770
154,792
154,797
154,802
154,808
154,817
154,823
154,847
154,853
154,857
154,860
154,872
154,877
154,907
154,910
154,911
154,912
154,956
154,966
154,969
154,981
155,168
155,173
155,182
155,200
155,237
155,255
155,258
155,290
155,296
155,314
155,320
155,327
155,339
155,375
155,381
155,392
155,403
155,421
155,427
155,432
155,450
155,485
155,499
155,533
155,544
155,561
155,589
155,622
155,648
155,694
155,805
155,844
155,846
155,898
155,905
155,913
155,953
155,961
155,981
155,999
156,162
156,165
156,173
156,191
156,197
156,223
156,241
156,244
156,248
156,265
156,278
156,281
156,345
156,372
156,434
156,438
156,443
156,452
156,460
156,473
156,474
156,496
156,563
156,591
156,593
156,637
156,654
156,657
156,659
156,684
156,736
156,748
156,757
156,767
156,772
156,778
156,833
156,834
156,851
156,856
156,862
156,870
156,945
156,953
156,961
156,975
156,976
156,995
157,180
157,188
157,203
157,208
157,215
157,233
157,240
157,248
157,250
157,256
157,288
157,291
157,306
157,320
157,325
157,330
157,332
157,355
157,371
157,381
157,398
157,401
157,427
157,437
157,449
157,467
157,475
157,496
157,498
157,514
157,525
157,528
157,530
157,533
157,545
157,560
157,573
157,596
157,598
157,613
157,615
157,616
157,621
157,629
157,637
157,638
157,639
157,647
157,655
157,657
157,682
157,727
157,732
157,736
157,747
157,760
157,786
157,790
157,791
157,803
157,807
157,821
157,835
157,837
157,871
157,880
157,907
157,910
157,926
157,928
157,965
157,968
157,974
157,976
157,984
157,986
158,166
158,169
158,188
158,192
158,212
158,219
158,235
158,236
158,249
158,266
158,273
158,280
158,294
158,346
158,355
158,359
158,368
158,419
158,429
158,460
158,472
158,475
158,483
158,490
158,498
158,504
158,508
158,514
158,551
158,593
158,647
158,652
158,655
158,660
158,686
158,688
158,755
158,765
158,766
158,767
158,796
158,821
158,825
158,833
158,844
158,907
158,940
158,950
158,979
158,984
158,989
158,995
159,191
159,206
159,238
159,254
159,301
159,332
159,393
159,395
159,399
159,417
159,492
159,600
159,612
159,629
159,786
159,791
159,811
159,866
159,887
159,990
159,991
160,202
160,405
160,570
160,600
160,615
160,650
160,660
160,665
160,703
160,727
160,735
160,813
160,823
160,881
160,895
160,929
160,957
160,961
161,189
161,198
161,243
161,280
161,285
161,295
161,298
161,301
161,310
161,316
161,318
161,325
161,334
161,337
161,361
161,369
161,379
161,418
161,420
161,424
161,436
161,450
161,463
161,476
161,487
161,493
161,504
161,529
161,536
161,537
161,540
161,551
161,581
161,587
161,607
161,611
161,616
161,648
161,674
161,677
161,758
161,759
161,762
161,778
161,827
161,859
161,874
161,877
161,888
161,893
161,905
161,910
161,933
161,946
161,948
161,949
161,965
162,202
162,232
162,241
162,244
162,254
162,326
162,334
162,347
162,386
162,437
162,493
162,509
162,604
162,623
162,662
162,667
162,685
162,698
162,740
162,758
162,769
162,810
162,837
162,887
162,930
162,938
162,958
163,196
163,212
163,272
163,288
163,329
163,342
163,371
163,415
163,422
163,427
163,459
163,479
163,574
163,604
163,652
163,664
163,680
163,708
163,725
163,729
163,730
163,736
163,738
163,748
163,786
163,825
163,841
163,846
163,873
163,911
163,927
163,932
163,948
163,964
163,985
163,991
164,182
164,199
164,203
164,231
164,243
164,254
164,276
164,296
164,300
164,318
164,336
164,344
164,350
164,376
164,378
164,399
164,405
164,435
164,438
164,467
164,491
164,492
164,546
164,553
164,559
164,589
164,591
164,599
164,616
164,641
164,654
164,659
164,695
164,722
164,793
164,817
164,827
164,835
164,885
164,887
164,898
164,905
164,920
164,935
164,952
164,973
164,977
165,171
165,172
165,173
165,180
165,188
165,215
165,243
165,249
165,255
165,262
165,272
165,280
165,284
165,297
165,303
165,308
165,346
165,363
165,375
165,395
165,407
165,409
165,411
165,418
165,459
165,463
165,466
165,478
165,480
165,491
165,506
165,517
165,524
165,527
165,533
165,542
165,566
165,581
165,589
165,592
165,634
165,646
165,647
165,705
165,727
165,743
165,746
165,752
165,754
165,755
165,769
165,773
165,779
165,800
165,802
165,835
165,836
165,844
165,846
165,862
165,878
165,896
165,906
165,917
165,940
165,942
165,950
165,978
165,989
166,181
166,189
166,192
166,331
166,354
166,471
166,499
166,553
166,562
166,610
166,645
166,649
166,663
166,665
166,668
166,707
166,728
166,753
166,790
166,792
166,812
166,827
166,843
166,848
166,868
166,969
167,253
167,280
167,290
167,291
167,363
167,392
167,405
167,439
167,450
167,479
167,482
167,488
167,492
167,506
167,540
167,556
167,573
167,582
167,636
167,646
167,663
167,664
167,700
167,710
167,712
167,798
167,807
167,870
167,913
167,921
167,934
167,952
168,182
168,207
168,210
168,229
168,317
168,321
168,326
168,333
168,338
168,416
168,451
168,460
168,462
168,474
168,481
168,482
168,515
168,562
168,581
168,583
168,607
168,706
168,728
168,766
168,782
168,849
168,864
168,881
168,899
168,908
168,922
168,957
168,983
168,992
169,224
169,271
169,286
169,322
169,339
169,370
169,375
169,385
169,414
169,434
169,512
169,562
169,622
169,652
169,688
169,719
169,752
169,785
169,846
169,938
169,942
169,961
169,969
170,209
170,226
170,274
170,275
170,286
170,328
170,345
170,373
170,404
170,417
170,433
170,438
170,442
170,455
170,468
170,473
170,496
170,527
170,564
170,614
170,636
170,637
170,653
170,661
170,726
170,731
170,775
170,783
170,795
170,805
170,850
170,869
170,945
170,946
170,957
171,177
171,179
171,206
171,222
171,254
171,296
171,302
171,304
171,306
171,333
171,342
171,356
171,370
171,412
171,429
171,525
171,536
171,538
171,554
171,590
171,606
171,681
171,739
171,747
171,757
171,779
171,851
171,879
171,886
171,928
171,950
171,991
172,173
172,185
172,188
172,204
172,219
172,242
172,249
172,287
172,300
172,317
172,376
172,400
172,432
172,483
172,541
172,543
172,617
172,707
172,713
172,766
172,767
172,782
172,786
172,797
172,836
172,840
172,850
172,855
172,860
172,870
172,907
172,911
172,913
172,917
172,922
172,928
172,950
172,955
172,966
173,180
173,185
173,224
173,255
173,271
173,274
173,288
173,309
173,310
173,319
173,355
173,361
173,367
173,376
173,419
173,422
173,486
173,508
173,528
173,551
173,588
173,591
173,657
173,672
173,702
173,706
173,710
173,711
173,724
173,727
173,732
173,747
173,764
173,778
173,789
173,792
173,800
173,804
173,807
173,808
173,823
173,830
173,865
173,880
173,885
173,907
173,916
173,917
173,928
173,932
173,939
173,993
174,315
174,408
174,429
174,495
174,531
174,641
174,688
174,689
174,725
174,729
174,766
174,817
174,827
174,921
174,946
174,990
175,217
175,219
175,228
175,233
175,235
175,244
175,291
175,292
175,323
175,330
175,367
175,377
175,378
175,387
175,423
175,463
175,488
175,491
175,498
175,517
175,548
175,572
175,591
175,609
175,616
175,663
175,672
175,680
175,681
175,692
175,727
175,745
175,751
175,786
175,886
175,888
175,913
175,923
175,928
175,931
175,942
175,950
175,970
175,984
175,990
175,991
175,998
176,231
176,249
176,311
176,453
176,469
176,494
176,496
176,508
176,546
176,553
176,636
176,692
176,708
176,732
176,823
176,849
176,854
176,874
176,986
177,189
177,199
177,221
177,258
177,261
177,285
177,307
177,308
177,314
177,353
177,395
177,407
177,422
177,424
177,438
177,442
177,515
177,532
177,535
177,563
177,568
177,577
177,610
177,622
177,637
177,689
177,746
177,766
177,780
177,781
177,813
177,851
177,861
177,885
177,946
177,972
177,986
178,196
178,212
178,218
178,276
178,302
178,324
178,337
178,355
178,446
178,450
178,487
178,529
178,534
178,541
178,565
178,582
178,653
178,663
178,745
178,813
178,819
178,836
178,846
178,872
178,874
178,912
178,947
179,210
179,230
179,235
179,239
179,276
179,313
179,314
179,340
179,351
179,515
179,554
179,589
179,603
179,624
179,641
179,731
179,796
179,818
179,906
180,195
180,215
180,236
180,272
180,282
180,293
180,306
180,323
180,324
180,367
180,382
180,387
180,431
180,435
180,437
180,455
180,468
180,493
180,517
180,522
180,528
180,535
180,541
180,579
180,583
180,595
180,596
180,614
180,616
180,624
180,629
180,642
180,644
180,666
180,675
180,676
180,681
180,682
180,698
180,705
180,724
180,732
180,743
180,754
180,782
180,787
180,798
180,801
180,803
180,826
180,843
180,845
180,855
180,873
180,887
180,928
180,957
180,967
180,974
180,999
181,194
181,216
181,258
181,267
181,286
181,293
181,306
181,381
181,396
181,410
181,460
181,471
181,475
181,497
181,532
181,544
181,562
181,572
181,624
181,657
181,664
181,679
181,697
181,751
181,770
181,794
181,814
181,815
181,821
181,842
181,845
181,854
181,884
181,991
182,237
182,268
182,272
182,304
182,339
182,362
182,382
182,402
182,440
182,443
182,469
182,471
182,488
182,575
182,576
182,591
182,605
182,652
182,710
182,714
182,749
182,763
182,785
182,817
182,820
182,839
182,993
183,216
183,220
183,234
183,255
183,256
183,291
183,372
183,414
183,418
183,422
183,438
183,439
183,470
183,480
183,506
183,507
183,534
183,548
183,570
183,576
183,592
183,609
183,624
183,676
183,685
183,688
183,707
183,752
183,763
183,768
183,775
183,786
183,793
183,818
183,845
183,846
183,875
183,885
183,886
183,898
183,940
183,976
184,210
184,321
184,408
184,410
184,441
184,443
184,449
184,500
184,520
184,568
184,614
184,640
184,668
184,676
184,715
184,725
184,739
184,756
184,836
184,838
184,848
184,879
184,889
184,934
185,188
185,197
185,216
185,253
185,262
185,271
185,287
185,298
185,327
185,332
185,421
185,433
185,482
185,499
185,513
185,551
185,558
185,563
185,577
185,629
185,639
185,651
185,685
185,692
185,695
185,711
185,717
185,726
185,755
185,765
185,802
185,807
185,841
185,862
185,900
185,923
185,949
185,975
186,262
186,272
186,284
186,314
186,361
186,393
186,436
186,447
186,548
186,558
186,580
186,589
186,591
186,702
186,748
186,782
186,802
186,829
186,887
186,917
187,188
187,189
187,191
187,221
187,236
187,281
187,291
187,297
187,302
187,307
187,310
187,323
187,345
187,365
187,366
187,393
187,399
187,422
187,436
187,466
187,467
187,478
187,479
187,481
187,487
187,493
187,499
187,516
187,517
187,521
187,534
187,538
187,548
187,551
187,554
187,569
187,571
187,573
187,598
187,599
187,602
187,606
187,608
187,616
187,617
187,619
187,632
187,638
187,652
187,656
187,670
187,671
187,676
187,684
187,694
187,707
187,718
187,731
187,734
187,751
187,757
187,775
187,776
187,785
187,804
187,807
187,826
187,827
187,830
187,835
187,845
187,846
187,853
187,860
187,875
187,906
187,930
187,935
187,948
187,952
187,958
187,959
187,986
187,995
188,195
188,203
188,215
188,232
188,272
188,288
188,295
188,318
188,322
188,323
188,324
188,327
188,335
188,344
188,378
188,404
188,413
188,419
188,435
188,439
188,440
188,458
188,460
188,483
188,497
188,503
188,525
188,552
188,560
188,585
188,593
188,607
188,617
188,632
188,634
188,647
188,668
188,674
188,684
188,698
188,707
188,719
188,724
188,752
188,758
188,764
188,765
188,769
188,792
188,801
188,803
188,805
188,832
188,833
188,856
188,868
188,870
188,875
188,879
188,885
188,888
188,898
188,901
188,908
188,915
188,916
188,919
188,931
188,932
188,953
188,965
188,974
188,980
188,983
188,986
188,998
189,197
189,206
189,223
189,239
189,240
189,242
189,267
189,272
189,274
189,281
189,289
189,320
189,322
189,382
189,387
189,420
189,424
189,429
189,430
189,491
189,494
189,503
189,557
189,571
189,585
189,610
189,612
189,632
189,637
189,646
189,669
189,674
189,675
189,682
189,712
189,718
189,738
189,771
189,816
189,828
189,831
189,834
189,841
189,842
189,861
189,921
189,946
189,966
190,201
190,254
190,278
190,280
190,285
190,322
190,393
190,468
190,498
190,526
190,540
190,544
190,675
190,695
190,701
190,705
190,707
190,736
190,745
190,813
190,817
190,832
190,844
190,845
190,846
190,861
190,862
190,864
190,890
190,893
190,910
190,925
190,937
190,953
191,224
191,238
191,242
191,243
191,261
191,285
191,287
191,290
191,308
191,324
191,330
191,332
191,341
191,346
191,351
191,356
191,358
191,363
191,371
191,378
191,380
191,389
191,393
191,397
191,407
191,413
191,425
191,434
191,437
191,439
191,444
191,472
191,475
191,484
191,488
191,497
191,502
191,508
191,512
191,513
191,527
191,530
191,536
191,537
191,538
191,542
191,543
191,546
191,556
191,563
191,571
191,578
191,591
191,597
191,600
191,603
191,611
191,621
191,633
191,638
191,639
191,647
191,660
191,663
191,690
191,712
191,715
191,732
191,736
191,740
191,743
191,750
191,758
191,760
191,766
191,769
191,786
191,788
191,806
191,808
191,816
191,821
191,829
191,853
191,861
191,899
191,904
191,906
191,910
191,938
191,940
191,944
191,971
191,979
191,982
192,287
192,298
192,341
192,432
192,508
192,510
192,522
192,543
192,669
192,670
192,716
192,767
192,794
192,910
192,914
192,942
192,998
193,251
193,299
193,307
193,348
193,361
193,390
193,397
193,427
193,431
193,461
193,496
193,542
193,550
193,571
193,579
193,591
193,628
193,718
193,767
193,779
193,804
193,819
193,832
193,841
193,856
193,951
193,966
194,201
194,213
194,225
194,235
194,260
194,285
194,299
194,335
194,370
194,396
194,408
194,411
194,417
194,426
194,427
194,429
194,467
194,477
194,486
194,489
194,532
194,538
194,554
194,599
194,601
194,625
194,645
194,685
194,719
194,796
194,823
194,846
194,864
194,955
195,233
195,237
195,248
195,264
195,284
195,287
195,291
195,298
195,308
195,310
195,330
195,340
195,361
195,363
195,406
195,475
195,501
195,506
195,548
195,556
195,580
195,585
195,604
195,606
195,657
195,663
195,676
195,691
195,702
195,703
195,705
195,708
195,712
195,714
195,716
195,739
195,742
195,745
195,748
195,764
195,765
195,766
195,775
195,786
195,798
195,809
195,832
195,844
195,865
195,874
195,881
195,926
195,937
195,944
195,957
195,969
195,999
196,228
196,251
196,258
196,272
196,281
196,287
196,293
196,342
196,354
196,381
196,399
196,405
196,440
196,471
196,478
196,479
196,508
196,533
196,536
196,540
196,563
196,588
196,589
196,601
196,603
196,619
196,627
196,629
196,677
196,681
196,682
196,720
196,741
196,756
196,760
196,782
196,868
196,899
196,911
196,950
196,970
196,971
196,982
196,984
197,240
197,261
197,275
197,285
197,295
197,332
197,335
197,354
197,357
197,370
197,371
197,381
197,409
197,508
197,551
197,581
197,604
197,605
197,616
197,678
197,716
197,720
197,757
197,779
197,823
197,835
197,844
197,880
197,886
197,912
197,914
197,917
197,921
197,928
197,938
197,940
197,984
198,221
198,234
198,287
198,294
198,309
198,329
198,343
198,368
198,381
198,393
198,395
198,418
198,419
198,436
198,493
198,512
198,535
198,537
198,560
198,585
198,652
198,657
198,660
198,666
198,688
198,702
198,721
198,745
198,765
198,766
198,769
198,775
198,778
198,786
198,789
198,792
198,794
198,795
198,807
198,822
198,830
198,841
198,843
198,856
198,865
198,868
198,870
198,892
198,901
198,955
198,957
198,959
198,975
198,980
199,225
199,247
199,258
199,266
199,283
199,312
199,328
199,377
199,387
199,413
199,419
199,421
199,430
199,440
199,450
199,515
199,534
199,633
199,648
199,663
199,682
199,690
199,691
199,696
199,705
199,710
199,748
199,753
199,768
199,776
199,797
199,835
199,840
199,848
199,882
199,908
199,928
199,929
199,961
199,998
200,215
200,250
200,268
200,288
200,301
200,310
200,337
200,398
200,438
200,471
200,472
200,476
200,507
200,521
200,573
200,580
200,601
200,620
200,651
200,661
200,667
200,668
200,685
200,696
200,763
200,790
200,823
200,860
200,879
200,898
200,918
200,928
200,930
200,948
200,952
200,984
200,996
201,226
201,227
201,243
201,265
201,297
201,302
201,310
201,313
201,400
201,408
201,412
201,413
201,415
201,419
201,420
201,430
201,438
201,444
201,484
201,502
201,509
201,512
201,529
201,552
201,577
201,585
201,598
201,599
201,613
201,615
201,623
201,628
201,640
201,642
201,652
201,654
201,663
201,668
201,683
201,707
201,717
201,729
201,745
201,752
201,757
201,770
201,779
201,792
201,797
201,830
201,834
201,848
201,860
201,880
201,906
201,911
201,917
201,966
202,208
202,235
202,267
202,357
202,417
202,433
202,436
202,472
202,542
202,565
202,605
202,624
202,677
202,737
202,817
202,820
202,829
202,837
202,851
202,864
202,875
202,881
202,887
202,890
202,900
202,922
203,258
203,306
203,348
203,399
203,428
203,448
203,459
203,512
203,514
203,527
203,529
203,545
203,570
203,594
203,598
203,637
203,649
203,666
203,698
203,767
203,782
203,798
203,801
203,821
203,848
203,859
203,879
203,906
203,912
203,932
203,946
203,952
203,953
203,989
203,991
204,212
204,220
204,223
204,238
204,246
204,276
204,281
204,312
204,325
204,328
204,388
204,398
204,400
204,488
204,513
204,515
204,543
204,579
204,586
204,589
204,651
204,699
204,706
204,744
204,769
204,846
204,847
204,853
204,875
204,898
204,916
204,963
204,970
204,972
205,219
205,257
205,276
205,284
205,319
205,323
205,379
205,385
205,468
205,624
205,745
205,756
205,766
205,771
205,817
206,242
206,293
206,311
206,432
206,450
206,509
206,510
206,540
206,581
206,593
206,628
206,664
206,710
206,776
206,783
206,796
206,815
206,834
206,875
206,941
207,241
207,258
207,282
207,294
207,392
207,401
207,421
207,439
207,460
207,464
207,490
207,549
207,591
207,614
207,674
207,697
207,722
207,752
207,814
207,818
207,859
207,876
207,932
207,955
208,220
208,266
208,273
208,330
208,332
208,351
208,420
208,432
208,460
208,492
208,503
208,507
208,544
208,547
208,582
208,595
208,603
208,624
208,635
208,665
208,686
208,705
208,726
208,727
208,730
208,751
208,760
208,764
208,847
208,850
208,857
208,859
208,879
208,892
208,945
208,950
208,975
209,214
209,221
209,223
209,232
209,235
209,407
209,408
209,446
209,505
209,526
209,539
209,556
209,586
209,599
209,623
209,663
209,722
209,775
209,832
209,849
209,912
209,914
209,916
209,921
209,932
209,933
209,974
210,247
210,257
210,308
210,318
210,324
210,345
210,357
210,404
210,421
210,512
210,530
210,533
210,583
210,649
210,654
210,657
210,677
210,695
210,705
210,711
210,715
210,735
210,761
210,793
210,876
210,890
210,928
210,958
210,978
210,982
210,983
210,986
211,296
211,313
211,320
211,356
211,396
211,407
211,521
211,531
211,549
211,555
211,604
211,739
211,785
211,838
211,897
211,919
211,945
212,217
212,249
212,267
212,293
212,304
212,306
212,311
212,321
212,371
212,384
212,414
212,418
212,481
212,503
212,518
212,539
212,549
212,567
212,570
212,579
212,614
212,646
212,654
212,678
212,681
212,748
212,780
212,792
212,834
212,845
212,898
212,905
212,909
212,910
212,914
212,953
212,965
212,999
213,230
213,313
213,335
213,392
213,424
213,486
213,503
213,508
213,536
213,571
213,582
213,699
213,804
213,842
213,843
213,916
214,237
214,239
214,258
214,259
214,304
214,328
214,380
214,410
214,417
214,432
214,485
214,580
214,603
214,615
214,620
214,654
214,678
214,686
214,688
214,689
214,709
214,746
214,752
214,754
214,760
214,766
214,773
214,797
214,847
214,851
214,884
214,894
214,921
214,970
214,991
215,227
215,228
215,255
215,290
215,316
215,330
215,385
215,405
215,466
215,517
215,521
215,549
215,579
215,580
215,596
215,624
215,627
215,638
215,639
215,665
215,679
215,738
215,765
215,797
215,802
215,803
215,807
215,817
215,844
215,845
215,853
215,888
215,950
215,963
216,232
216,242
216,269
216,272
216,273
216,278
216,287
216,290
216,302
216,336
216,339
216,344
216,361
216,405
216,427
216,449
216,460
216,469
216,488
216,507
216,518
216,519
216,532
216,533
216,554
216,559
216,566
216,582
216,590
216,595
216,649
216,661
216,671
216,676
216,681
216,765
216,772
216,780
216,792
216,795
216,798
216,800
216,817
216,825
216,835
216,845
216,850
216,874
216,896
216,899
216,911
216,924
216,935
216,936
216,958
216,975
216,983
216,984
216,992
216,998
217,232
217,253
217,266
217,268
217,270
217,281
217,309
217,314
217,367
217,372
217,425
217,432
217,448
217,499
217,533
217,550
217,628
217,629
217,632
217,645
217,647
217,667
217,720
217,783
217,809
217,835
217,843
217,866
217,897
217,932
218,275
218,330
218,339
218,354
218,393
218,405
218,413
218,439
218,451
218,512
218,521
218,529
218,548
218,575
218,577
218,595
218,616
218,628
218,643
218,675
218,685
218,769
218,807
218,808
218,827
218,842
218,846
218,893
218,899
218,923
218,933
218,952
219,233
219,236
219,248
219,254
219,262
219,271
219,280
219,298
219,308
219,328
219,354
219,361
219,381
219,425
219,444
219,447
219,475
219,483
219,486
219,525
219,528
219,548
219,555
219,556
219,558
219,602
219,637
219,638
219,657
219,698
219,744
219,751
219,752
219,789
219,798
219,802
219,809
219,816
219,841
219,842
219,855
219,857
219,861
219,881
219,888
219,928
219,944
219,950
219,953
219,956
219,974
219,986
220,240
220,269
220,340
220,362
220,366
220,377
220,433
220,451
220,490
220,497
220,534
220,537
220,538
220,551
220,574
220,588
220,592
220,621
220,622
220,712
220,722
220,730
220,735
220,736
220,760
220,775
220,829
220,844
220,846
220,847
220,850
220,852
220,859
220,928
220,959
220,961
220,998
221,241
221,242
221,244
221,264
221,293
221,317
221,320
221,351
221,369
221,440
221,484
221,502
221,503
221,534
221,575
221,614
221,637
221,677
221,697
221,719
221,755
221,778
221,797
221,890
221,899
221,908
221,931
221,956
222,252
222,277
222,285
222,344
222,355
222,392
222,437
222,498
222,504
222,537
222,541
222,554
222,567
222,651
222,735
222,751
222,761
222,765
222,848
222,861
222,866
222,888
222,912
222,938
222,956
222,973
222,986
223,353
223,362
223,441
223,446
223,482
223,589
223,640
223,697
223,764
223,773
223,782
223,803
223,842
223,943
223,956
224,234
224,303
224,306
224,408
224,417
224,424
224,448
224,517
224,529
224,533
224,592
224,615
224,716
224,739
224,748
224,767
224,787
224,906
224,938
224,971
225,261
225,266
225,270
225,274
225,281
225,313
225,315
225,320
225,327
225,381
225,387
225,404
225,409
225,425
225,433
225,440
225,441
225,450
225,459
225,465
225,468
225,479
225,489
225,498
225,504
225,518
225,532
225,546
225,577
225,602
225,603
225,609
225,621
225,624
225,645
225,652
225,653
225,686
225,749
225,751
225,762
225,765
225,801
225,804
225,810
225,830
225,832
225,850
225,855
225,870
225,888
225,900
225,902
225,909
225,944
225,982
225,992
225,994
226,233
226,246
226,258
226,260
226,273
226,354
226,432
226,442
226,551
226,627
226,645
226,664
226,677
226,686
226,721
226,748
226,797
226,820
226,860
226,870
226,882
226,977
226,988
227,235
227,246
227,254
227,289
227,303
227,336
227,356
227,372
227,408
227,422
227,478
227,550
227,562
227,566
227,580
227,610
227,616
227,665
227,671
227,707
227,734
227,781
227,798
227,800
227,816
227,820
227,826
227,879
227,925
227,939
227,940
227,942
227,952
227,959
227,990
227,993
228,245
228,259
228,291
228,298
228,320
228,341
228,354
228,382
228,391
228,399
228,409
228,427
228,459
228,483
228,523
228,529
228,532
228,548
228,556
228,580
228,589
228,600
228,607
228,619
228,621
228,663
228,676
228,684
228,685
228,704
228,732
228,742
228,745
228,765
228,788
228,827
228,830
228,834
228,853
228,861
228,862
228,865
228,916
228,928
228,948
228,971
229,234
229,247
229,257
229,291
229,298
229,330
229,340
229,448
229,462
229,466
229,487
229,496
229,520
229,528
229,538
229,543
229,573
229,632
229,696
229,731
229,739
229,747
229,767
229,819
229,836
229,846
229,857
229,890
229,892
229,902
229,929
230,271
230,273
230,281
230,298
230,302
230,337
230,350
230,364
230,368
230,372
230,390
230,397
230,454
230,456
230,457
230,468
230,542
230,549
230,572
230,590
230,611
230,636
230,722
230,752
230,759
230,766
230,782
230,793
230,828
230,843
230,846
230,877
230,893
230,932
230,953
230,999
231,250
231,328
231,331
231,370
231,392
231,400
231,402
231,508
231,533
231,586
231,610
231,689
231,800
231,934
231,958
232,274
232,315
232,323
232,332
232,382
232,420
232,431
232,459
232,460
232,490
232,501
232,528
232,534
232,557
232,603
232,634
232,647
232,686
232,768
232,775
232,777
232,778
232,821
232,838
232,850
232,854
232,880
232,950
232,966
232,970
232,986
233,279
233,280
233,302
233,308
233,336
233,353
233,358
233,405
233,408
233,427
233,434
233,440
233,444
233,458
233,485
233,498
233,506
233,548
233,592
233,627
233,634
233,638
233,653
233,676
233,679
233,689
233,711
233,714
233,720
233,732
233,747
233,783
233,793
233,815
233,828
233,846
233,859
233,873
233,876
233,913
233,940
233,942
233,952
233,956
233,964
233,984
233,985
233,998
234,282
234,308
234,314
234,327
234,356
234,382
234,407
234,421
234,461
234,472
234,497
234,515
234,542
234,577
234,603
234,633
234,679
234,736
234,748
234,769
234,786
234,844
234,850
234,863
234,868
234,908
234,951
234,963
234,970
234,977
234,987
234,991
235,238
235,306
235,317
235,320
235,334
235,336
235,355
235,377
235,393
235,413
235,415
235,421
235,455
235,458
235,473
235,474
235,477
235,490
235,508
235,519
235,529
235,548
235,565
235,580
235,595
235,633
235,637
235,652
235,660
235,661
235,676
235,681
235,684
235,698
235,725
235,736
235,740
235,745
235,750
235,760
235,773
235,789
235,790
235,807
235,809
235,816
235,823
235,824
235,833
235,836
235,840
235,843
235,854
235,892
235,919
235,932
235,939
235,974
235,978
235,979
235,983
235,999
236,255
236,258
236,262
236,296
236,313
236,316
236,324
236,330
236,335
236,336
236,346
236,357
236,382
236,390
236,406
236,427
236,491
236,524
236,528
236,586
236,598
236,601
236,660
236,666
236,688
236,734
236,751
236,756
236,764
236,786
236,815
236,917
236,921
236,940
236,942
236,948
236,960
236,971
236,996
237,244
237,248
237,260
237,271
237,272
237,273
237,280
237,287
237,310
237,316
237,317
237,325
237,332
237,348
237,365
237,367
237,401
237,411
237,428
237,458
237,459
237,471
237,472
237,474
237,479
237,483
237,497
237,506
237,508
237,521
237,551
237,556
237,573
237,577
237,607
237,645
237,666
237,684
237,689
237,716
237,734
237,739
237,785
237,808
237,823
237,832
237,840
237,902
237,910
237,920
237,922
237,926
237,928
237,930
237,938
237,947
237,950
237,952
237,971
237,986
238,298
238,316
238,347
238,364
238,382
238,386
238,444
238,463
238,503
238,530
238,550
238,623
238,628
238,676
238,688
238,781
238,796
238,896
238,906
238,932
238,989
239,300
239,320
239,366
239,428
239,430
239,449
239,452
239,461
239,505
239,616
239,674
239,685
239,818
239,851
239,898
239,922
239,923
239,969
239,995
240,313
240,354
240,367
240,372
240,393
240,402
240,408
240,456
240,475
240,485
240,498
240,508
240,510
240,533
240,578
240,595
240,600
240,605
240,606
240,613
240,614
240,616
240,641
240,686
240,722
240,758
240,765
240,777
240,786
240,808
240,816
240,835
240,837
240,848
240,853
240,914
240,916
240,959
240,984
240,988
240,994
241,250
241,269
241,361
241,392
241,472
241,476
241,494
241,533
241,566
241,588
241,595
241,660
241,671
241,708
241,730
241,817
241,863
241,940
241,949
242,258
242,275
242,276
242,295
242,309
242,312
242,314
242,320
242,322
242,342
242,351
242,354
242,361
242,373
242,380
242,384
242,391
242,414
242,424
242,435
242,441
242,450
242,468
242,482
242,486
242,511
242,523
242,535
242,557
242,571
242,604
242,626
242,669
242,684
242,691
242,729
242,738
242,761
242,764
242,773
242,807
242,808
242,827
242,840
242,850
242,851
242,859
242,861
242,865
242,866
242,868
242,891
242,914
242,919
242,942
242,947
242,975
242,977
242,991
243,248
243,254
243,280
243,281
243,288
243,300
243,374
243,408
243,459
243,468
243,480
243,487
243,521
243,529
243,541
243,570
243,591
243,602
243,672
243,752
243,763
243,783
243,786
243,815
243,822
243,834
243,835
243,850
243,886
243,899
243,932
243,969
243,983
243,990
244,258
244,306
244,336
244,346
244,354
244,367
244,408
244,417
244,418
244,447
244,513
244,517
244,539
244,542
244,554
244,606
244,634
244,650
244,660
244,664
244,718
244,727
244,752
244,753
244,761
244,764
244,768
244,817
244,888
244,903
244,912
244,928
244,940
244,966
244,994
245,294
245,313
245,338
245,357
245,419
245,454
245,462
245,490
245,499
245,502
245,678
245,690
245,719
245,785
245,805
245,833
245,897
245,940
245,962
245,998
246,306
246,309
246,370
246,383
246,395
246,411
246,418
246,443
246,455
246,461
246,505
246,509
246,512
246,545
246,604
246,605
246,654
246,655
246,659
246,661
246,667
246,676
246,699
246,732
246,750
246,776
246,781
246,783
246,823
246,886
246,917
246,947
246,966
246,967
246,970
246,974
247,281
247,300
247,356
247,399
247,450
247,468
247,473
247,521
247,566
247,583
247,588
247,599
247,653
247,703
247,767
247,834
247,854
247,855
247,952
247,956
247,964
247,966
247,971
247,994
248,254
248,257
248,264
248,297
248,309
248,310
248,314
248,330
248,332
248,342
248,378
248,413
248,415
248,439
248,463
248,470
248,473
248,486
248,493
248,512
248,525
248,537
248,541
248,573
248,575
248,607
248,625
248,639
248,647
248,661
248,680
248,681
248,690
248,695
248,711
248,723
248,728
248,730
248,760
248,781
248,785
248,817
248,852
248,878
248,899
248,907
248,910
248,930
248,932
248,935
248,942
248,950
248,974
249,254
249,261
249,272
249,273
249,291
249,305
249,308
249,323
249,324
249,330
249,342
249,357
249,369
249,384
249,393
249,410
249,418
249,432
249,439
249,452
249,459
249,461
249,466
249,469
249,475
249,484
249,519
249,541
249,545
249,560
249,580
249,582
249,586
249,588
249,593
249,607
249,619
249,642
249,643
249,645
249,652
249,675
249,679
249,680
249,681
249,701
249,711
249,713
249,729
249,747
249,775
249,787
249,821
249,832
249,835
249,851
249,853
249,866
249,882
249,893
249,895
249,918
249,919
249,934
249,957
249,970
249,974
249,990
250,257
250,265
250,282
250,305
250,366
250,367
250,446
250,460
250,470
250,519
250,616
250,669
250,675
250,698
250,707
250,722
250,731
250,746
250,753
250,768
250,784
250,793
250,797
250,799
250,828
250,836
250,886
250,888
250,923
250,946
250,957
250,987
250,991
251,264
251,285
251,338
251,361
251,385
251,401
251,460
251,467
251,475
251,514
251,530
251,537
251,577
251,640
251,641
251,709
251,840
251,865
251,870
251,878
251,890
251,920
251,931
251,943
251,969
251,978
251,997
252,363
252,444
252,501
252,519
252,528
252,542
252,582
252,631
252,655
252,684
252,752
252,767
252,787
252,808
252,833
252,844
252,847
252,850
252,886
252,895
252,917
252,925
252,939
252,953
252,987
253,266
253,280
253,292
253,300
253,313
253,329
253,337
253,363
253,368
253,407
253,416
253,460
253,462
253,474
253,490
253,512
253,530
253,559
253,632
253,681
253,705
253,738
253,752
253,792
253,797
253,812
253,824
253,882
253,896
253,920
253,922
253,942
253,981
253,984
254,262
254,264
254,297
254,302
254,310
254,322
254,336
254,343
254,357
254,360
254,392
254,398
254,399
254,404
254,407
254,420
254,436
254,446
254,482
254,507
254,509
254,521
254,523
254,524
254,532
254,551
254,607
254,609
254,637
254,638
254,674
254,681
254,708
254,741
254,745
254,768
254,773
254,779
254,795
254,803
254,820
254,828
254,830
254,841
254,854
254,865
254,898
254,930
254,963
254,986
254,999
255,257
255,290
255,292
255,316
255,355
255,393
255,395
255,407
255,427
255,472
255,474
255,475
255,480
255,498
255,506
255,529
255,544
255,551
255,556
255,614
255,621
255,638
255,704
255,760
255,788
255,880
255,922
255,948
255,987
256,290
256,305
256,310
256,322
256,324
256,335
256,339
256,348
256,358
256,362
256,367
256,381
256,384
256,438
256,460
256,470
256,474
256,475
256,478
256,488
256,489
256,508
256,512
256,540
256,595
256,600
256,606
256,612
256,617
256,628
256,675
256,683
256,684
256,710
256,714
256,764
256,765
256,772
256,773
256,787
256,799
256,803
256,808
256,816
256,888
256,893
256,935
256,950
256,989
256,995
257,269
257,273
257,315
257,325
257,340
257,361
257,426
257,459
257,476
257,486
257,545
257,592
257,595
257,619
257,620
257,665
257,672
257,676
257,677
257,693
257,710
257,724
257,751
257,769
257,795
257,811
257,835
257,843
257,870
257,903
257,917
257,956
257,961
257,968
257,973
257,983
258,268
258,271
258,286
258,299
258,362
258,374
258,382
258,411
258,420
258,422
258,438
258,447
258,470
258,479
258,499
258,503
258,515
258,520
258,527
258,529
258,530
258,552
258,558
258,602
258,666
258,703
258,749
258,765
258,821
258,833
258,898
258,904
258,918
258,932
258,933
258,942
258,951
258,998
258,999
259,270
259,288
259,304
259,358
259,390
259,410
259,430
259,460
259,476
259,521
259,525
259,581
259,606
259,660
259,709
259,765
259,829
259,856
259,969
259,979
259,983
259,986
260,279
260,287
260,328
260,346
260,399
260,401
260,403
260,407
260,415
260,426
260,427
260,468
260,479
260,505
260,506
260,545
260,576
260,609
260,655
260,666
260,698
260,711
260,736
260,750
260,757
260,766
260,774
260,816
260,830
260,838
260,846
260,853
260,856
260,861
260,897
260,917
260,938
260,953
260,962
261,273
261,278
261,289
261,291
261,323
261,351
261,375
261,409
261,429
261,438
261,458
261,474
261,477
261,490
261,536
261,541
261,548
261,567
261,594
261,599
261,636
261,647
261,657
261,704
261,706
261,716
261,738
261,762
261,765
261,775
261,781
261,783
261,791
261,802
261,808
261,816
261,854
261,855
261,860
261,883
261,895
261,897
261,900
261,907
261,910
261,920
261,928
261,930
261,935
261,950
261,952
261,959
261,974
261,987
262,271
262,301
262,372
262,376
262,439
262,467
262,474
262,475
262,487
262,499
262,504
262,514
262,521
262,528
262,532
262,554
262,555
262,556
262,595
262,616
262,620
262,647
262,666
262,676
262,685
262,736
262,768
262,769
262,783
262,788
262,797
262,807
262,821
262,835
262,836
262,842
262,855
262,858
262,901
262,904
262,913
262,918
262,948
262,953
262,959
262,972
263,268
263,282
263,296
263,302
263,319
263,350
263,382
263,468
263,472
263,474
263,493
263,599
263,624
263,628
263,653
263,707
263,718
263,792
263,817
263,847
263,853
263,865
263,870
263,906
263,910
263,921
263,929
264,291
264,309
264,314
264,334
264,336
264,354
264,405
264,430
264,432
264,436
264,450
264,455
264,457
264,458
264,466
264,472
264,477
264,479
264,521
264,525
264,529
264,560
264,580
264,593
264,612
264,617
264,647
264,666
264,675
264,676
264,684
264,685
264,698
264,724
264,745
264,748
264,818
264,832
264,880
264,887
264,897
264,921
264,948
264,969
264,982
264,983
264,986
264,989
265,318
265,362
265,371
265,372
265,401
265,421
265,438
265,450
265,454
265,491
265,538
265,562
265,567
265,603
265,609
265,624
265,717
265,741
265,750
265,752
265,753
265,768
265,786
265,827
265,832
265,843
266,270
266,271
266,336
266,390
266,405
266,424
266,430
266,477
266,566
266,575
266,591
266,641
266,666
266,697
266,731
266,808
266,902
266,904
266,927
267,275
267,346
267,354
267,367
267,519
267,536
267,578
267,662
267,681
267,719
267,727
267,779
267,848
267,865
267,899
267,956
268,306
268,316
268,386
268,413
268,431
268,440
268,442
268,448
268,450
268,479
268,488
268,489
268,552
268,570
268,610
268,628
268,674
268,705
268,751
268,752
268,817
268,838
268,859
268,900
268,918
268,925
268,938
268,959
268,965
268,974
268,984
268,990
269,271
269,286
269,290
269,296
269,307
269,310
269,325
269,331
269,350
269,410
269,417
269,523
269,542
269,549
269,562
269,590
269,603
269,634
269,647
269,707
269,739
269,741
269,768
269,804
269,824
269,905
269,918
269,937
269,949
269,960
269,971
269,974
269,979
269,990
270,362
270,371
270,377
270,379
270,434
270,497
270,510
270,541
270,563
270,611
270,641
270,645
270,699
270,736
270,759
270,767
270,779
270,800
270,822
270,868
270,871
270,927
270,951
270,962
271,288
271,325
271,326
271,328
271,335
271,350
271,351
271,385
271,402
271,404
271,406
271,420
271,425
271,458
271,462
271,474
271,486
271,504
271,525
271,532
271,546
271,561
271,569
271,573
271,617
271,628
271,650
271,655
271,682
271,686
271,692
271,701
271,705
271,706
271,708
271,711
271,727
271,736
271,751
271,758
271,767
271,768
271,778
271,794
271,797
271,800
271,804
271,830
271,850
271,859
271,863
271,874
271,875
271,937
271,939
271,954
271,966
271,975
271,985
271,989
271,995
272,274
272,316
272,327
272,330
272,351
272,354
272,358
272,365
272,376
272,379
272,383
272,393
272,435
272,436
272,444
272,445
272,456
272,460
272,468
272,491
272,521
272,542
272,549
272,560
272,565
272,570
272,601
272,605
272,607
272,608
272,613
272,619
272,688
272,701
272,715
272,716
272,718
272,735
272,742
272,754
272,758
272,763
272,766
272,772
272,782
272,789
272,792
272,796
272,816
272,819
272,827
272,832
272,863
272,870
272,898
272,930
272,935
272,940
272,943
272,946
272,969
272,985
272,990
272,995
273,286
273,288
273,289
273,296
273,317
273,329
273,340
273,364
273,366
273,387
273,442
273,476
273,490
273,502
273,503
273,509
273,530
273,541
273,554
273,582
273,589
273,596
273,607
273,608
273,638
273,697
273,698
273,704
273,764
273,765
273,771
273,820
273,833
273,854
273,857
273,858
273,884
273,891
273,906
273,924
273,972
273,979
274,285
274,311
274,322
274,326
274,336
274,358
274,368
274,386
274,388
274,407
274,443
274,482
274,485
274,495
274,510
274,521
274,645
274,652
274,662
274,664
274,694
274,715
274,739
274,792
274,855
274,909
274,937
274,982
274,991
275,296
275,322
275,356
275,433
275,478
275,500
275,517
275,530
275,562
275,573
275,600
275,603
275,622
275,636
275,655
275,694
275,700
275,720
275,729
275,754
275,781
275,832
275,835
275,896
275,903
275,908
275,921
276,304
276,329
276,330
276,346
276,372
276,385
276,421
276,427
276,436
276,451
276,469
276,472
276,505
276,507
276,536
276,545
276,551
276,594
276,640
276,643
276,670
276,676
276,697
276,701
276,755
276,758
276,782
276,809
276,839
276,854
276,883
276,889
276,910
276,921
276,930
277,339
277,340
277,343
277,359
277,376
277,394
277,414
277,422
277,438
277,462
277,502
277,538
277,549
277,575
277,585
277,628
277,686
277,749
277,750
277,794
277,847
277,869
277,876
277,908
277,922
277,985
278,281
278,294
278,300
278,367
278,382
278,397
278,408
278,422
278,424
278,445
278,461
278,479
278,524
278,549
278,585
278,592
278,593
278,608
278,616
278,628
278,669
278,680
278,685
278,693
278,715
278,764
278,771
278,779
278,819
278,820
278,841
278,852
278,874
278,902
278,924
278,968
278,989
278,993
278,997
279,283
279,285
279,291
279,307
279,333
279,336
279,380
279,395
279,426
279,578
279,586
279,628
279,675
279,686
279,716
279,754
279,800
279,840
279,931
279,939
279,975
279,999
280,281
280,287
280,290
280,291
280,295
280,323
280,329
280,330
280,354
280,373
280,383
280,386
280,389
280,448
280,458
280,460
280,472
280,474
280,517
280,518
280,521
280,529
280,551
280,556
280,577
280,592
280,626
280,654
280,690
280,701
280,704
280,715
280,747
280,751
280,763
280,782
280,807
280,830
280,835
280,844
280,856
280,875
280,879
280,940
280,948
280,958
280,966
280,969
280,974
280,999
281,289
281,290
281,315
281,364
281,378
281,389
281,391
281,405
281,410
281,439
281,450
281,467
281,474
281,476
281,498
281,515
281,607
281,614
281,722
281,723
281,727
281,732
281,789
281,793
281,795
281,808
281,815
281,832
281,860
281,894
281,911
281,944
281,945
281,952
281,958
281,960
281,977
281,992
282,284
282,310
282,327
282,331
282,346
282,354
282,415
282,451
282,484
282,551
282,583
282,642
282,688
282,746
282,762
282,777
282,785
282,831
282,843
282,866
282,929
282,978
283,354
283,361
283,465
283,536
283,558
283,562
283,565
283,605
283,678
283,709
283,741
283,806
283,900
283,930
284,351
284,384
284,440
284,451
284,452
284,581
284,590
284,596
284,612
284,613
284,616
284,620
284,630
284,668
284,679
284,703
284,723
284,768
284,866
284,868
284,879
284,991
285,307
285,341
285,351
285,399
285,411
285,427
285,438
285,441
285,448
285,450
285,477
285,505
285,541
285,542
285,549
285,585
285,592
285,598
285,603
285,663
285,666
285,694
285,696
285,736
285,774
285,817
285,839
285,868
285,874
285,878
285,904
285,909
285,964
285,966
285,989
286,388
286,431
286,464
286,485
286,489
286,492
286,522
286,547
286,559
286,574
286,601
286,685
286,692
286,726
286,746
286,791
286,831
286,834
286,866
286,871
286,960
286,979
287,290
287,309
287,323
287,333
287,352
287,359
287,383
287,401
287,416
287,418
287,436
287,438
287,461
287,485
287,486
287,497
287,504
287,519
287,521
287,543
287,553
287,554
287,591
287,599
287,625
287,627
287,637
287,663
287,690
287,717
287,729
287,761
287,779
287,784
287,817
287,831
287,850
287,861
287,890
287,908
287,930
287,942
287,955
287,960
287,967
288,289
288,295
288,322
288,376
288,410
288,440
288,468
288,469
288,524
288,544
288,591
288,594
288,601
288,610
288,643
288,654
288,671
288,690
288,695
288,698
288,701
288,714
288,720
288,797
288,821
288,833
288,861
288,877
288,888
288,891
288,896
288,910
288,953
289,312
289,319
289,335
289,378
289,418
289,437
289,470
289,471
289,512
289,520
289,554
289,579
289,628
289,643
289,647
289,652
289,697
289,702
289,735
289,760
289,782
289,786
289,787
289,805
289,824
289,839
289,918
289,923
289,966
289,982
289,995
290,303
290,304
290,329
290,336
290,337
290,338
290,348
290,350
290,355
290,360
290,365
290,367
290,383
290,402
290,404
290,405
290,407
290,432
290,442
290,456
290,459
290,463
290,468
290,508
290,528
290,540
290,541
290,544
290,546
290,560
290,580
290,584
290,591
290,594
290,595
290,624
290,625
290,627
290,634
290,647
290,654
290,657
290,662
290,676
290,684
290,686
290,710
290,711
290,720
290,746
290,762
290,803
290,804
290,839
290,855
290,893
290,918
290,921
290,946
290,952
290,969
290,975
290,984
290,991
291,300
291,320
291,328
291,354
291,358
291,368
291,385
291,388
291,439
291,455
291,460
291,469
291,518
291,522
291,532
291,549
291,568
291,638
291,657
291,689
291,695
291,702
291,727
291,738
291,741
291,746
291,760
291,776
291,780
291,782
291,790
291,808
291,813
291,825
291,835
291,898
291,923
291,927
291,949
291,950
291,952
291,954
291,974
291,989
291,990
291,995
292,307
292,357
292,471
292,508
292,556
292,587
292,588
292,663
292,785
292,809
292,890
292,947
292,952
292,975
293,314
293,353
293,365
293,409
293,414
293,494
293,513
293,554
293,555
293,571
293,582
293,620
293,729
293,773
293,789
293,827
293,844
293,903
293,921
293,963
293,965
293,970
293,999
294,312
294,370
294,372
294,380
294,500
294,539
294,598
294,624
294,705
294,819
294,824
294,836
294,889
294,892
294,900
294,961
295,310
295,313
295,324
295,342
295,346
295,376
295,381
295,405
295,438
295,444
295,446
295,463
295,471
295,477
295,479
295,525
295,529
295,560
295,602
295,604
295,605
295,625
295,627
295,634
295,652
295,671
295,698
295,711
295,751
295,758
295,765
295,785
295,807
295,835
295,847
295,887
295,888
295,892
295,905
295,928
295,983
295,987
295,990
296,299
296,300
296,310
296,368
296,375
296,381
296,402
296,422
296,433
296,479
296,485
296,503
296,517
296,520
296,523
296,591
296,621
296,646
296,698
296,730
296,861
296,890
296,898
296,927
296,931
296,961
296,968
296,984
297,304
297,310
297,313
297,367
297,436
297,478
297,507
297,518
297,521
297,529
297,534
297,538
297,558
297,584
297,595
297,625
297,634
297,660
297,661
297,686
297,688
297,698
297,734
297,745
297,750
297,755
297,767
297,771
297,783
297,820
297,840
297,896
297,907
297,910
297,928
297,952
297,961
297,966
297,992
298,301
298,304
298,329
298,338
298,419
298,434
298,436
298,440
298,443
298,488
298,518
298,526
298,546
298,554
298,563
298,588
298,595
298,624
298,634
298,648
298,660
298,662
298,677
298,716
298,723
298,749
298,814
298,825
298,835
298,854
298,860
298,861
298,875
298,878
298,887
298,894
298,899
298,910
298,930
299,448
299,471
299,520
299,653
299,663
299,721
299,730
299,759
299,806
299,819
299,938
300,404
300,469
300,506
300,556
300,583
300,601
300,606
300,611
300,625
300,636
300,650
300,652
300,705
300,712
300,731
300,745
300,749
300,754
300,775
300,812
300,835
300,840
300,853
300,865
300,887
300,898
300,928
300,969
300,984
300,986
300,990
300,992
301,337
301,346
301,354
301,436
301,476
301,496
301,509
301,537
301,583
301,585
301,598
301,638
301,642
301,648
301,741
301,747
301,793
301,841
301,845
301,860
301,881
301,968
301,989
302,318
302,323
302,330
302,353
302,357
302,398
302,436
302,456
302,476
302,503
302,525
302,549
302,560
302,573
302,590
302,615
302,616
302,629
302,675
302,692
302,698
302,711
302,745
302,750
302,760
302,793
302,794
302,798
302,809
302,905
302,942
302,966
302,985
303,359
303,405
303,422
303,434
303,471
303,528
303,530
303,537
303,656
303,701
303,722
303,767
303,785
303,795
303,817
303,853
303,938
303,944
304,346
304,469
304,471
304,517
304,538
304,542
304,566
304,592
304,598
304,613
304,638
304,655
304,684
304,694
304,711
304,729
304,745
304,771
304,790
304,794
304,806
304,810
304,836
304,880
304,893
304,949
304,959
304,964
305,362
305,425
305,474
305,475
305,493
305,528
305,534
305,539
305,544
305,603
305,619
305,671
305,777
305,819
305,888
305,892
305,905
305,976
306,357
306,366
306,414
306,492
306,525
306,625
306,643
306,653
306,702
306,731
306,752
306,797
306,805
306,827
306,833
306,846
306,882
306,901
306,936
306,966
307,315
307,322
307,361
307,372
307,426
307,434
307,489
307,496
307,573
307,606
307,665
307,708
307,786
307,834
307,898
307,902
307,922
307,942
307,950
307,958
307,971
308,325
308,330
308,353
308,361
308,372
308,384
308,395
308,425
308,450
308,457
308,477
308,484
308,498
308,514
308,540
308,544
308,548
308,556
308,584
308,590
308,595
308,619
308,625
308,638
308,666
308,698
308,711
308,713
308,720
308,744
308,752
308,754
308,775
308,787
308,808
308,811
308,823
308,830
308,860
308,865
308,870
308,888
308,893
308,905
308,917
308,942
308,959
308,971
308,974
308,984
308,990
308,998
309,401
309,407
309,420
309,461
309,478
309,479
309,532
309,541
309,551
309,556
309,595
309,600
309,636
309,643
309,661
309,688
309,696
309,698
309,771
309,804
309,823
309,845
309,853
309,855
309,864
309,878
309,908
309,912
309,930
310,330
310,367
310,420
310,439
310,440
310,457
310,459
310,473
310,474
310,475
310,517
310,518
310,528
310,537
310,577
310,595
310,596
310,609
310,616
310,634
310,651
310,657
310,666
310,676
310,677
310,684
310,689
310,701
310,704
310,706
310,707
310,713
310,718
310,724
310,747
310,750
310,778
310,782
310,794
310,808
310,817
310,823
310,830
310,888
310,899
310,917
310,918
310,942
310,970
311,341
311,346
311,403
311,415
311,416
311,449
311,458
311,494
311,559
311,570
311,626
311,658
311,677
311,687
311,693
311,697
311,710
311,719
311,744
311,771
311,894
311,971
312,388
312,397
312,415
312,440
312,508
312,517
312,522
312,530
312,541
312,552
312,618
312,624
312,627
312,635
312,659
312,662
312,668
312,681
312,719
312,825
312,848
312,849
312,890
312,928
312,966
313,316
313,332
313,336
313,344
313,384
313,421
313,429
313,431
313,476
313,494
313,499
313,515
313,521
313,532
313,533
313,544
313,573
313,581
313,623
313,629
313,636
313,637
313,641
313,654
313,655
313,672
313,673
313,696
313,701
313,705
313,706
313,717
313,718
313,721
313,756
313,759
313,802
313,820
313,823
313,825
313,842
313,851
313,855
313,871
313,876
313,877
313,890
313,916
313,924
313,941
313,947
313,956
313,988
314,320
314,335
314,344
314,345
314,347
314,432
314,434
314,435
314,453
314,466
314,557
314,573
314,579
314,605
314,610
314,624
314,630
314,658
314,689
314,713
314,725
314,731
314,732
314,739
314,753
314,762
314,778
314,786
314,809
314,817
314,828
314,831
314,838
314,853
314,888
314,909
314,944
314,948
314,962
314,964
315,372
315,376
315,450
315,515
315,541
315,603
315,639
315,640
315,646
315,697
315,700
315,715
315,741
315,752
315,762
315,769
315,782
315,805
315,838
315,851
315,867
315,914
315,972
316,340
316,361
316,390
316,431
316,469
316,475
316,522
316,562
316,579
316,589
316,607
316,663
316,676
316,691
316,694
316,716
316,754
316,771
316,785
316,794
316,804
316,842
316,853
316,855
316,926
317,322
317,381
317,391
317,392
317,416
317,438
317,449
317,453
317,493
317,525
317,544
317,552
317,555
317,573
317,575
317,599
317,601
317,609
317,612
317,631
317,663
317,664
317,667
317,684
317,706
317,711
317,763
317,794
317,812
317,851
317,879
317,882
317,932
317,952
318,328
318,347
318,350
318,366
318,436
318,451
318,505
318,558
318,564
318,594
318,605
318,611
318,616
318,639
318,643
318,650
318,666
318,667
318,674
318,679
318,681
318,692
318,718
318,744
318,778
318,817
318,825
318,830
318,848
318,864
318,886
318,914
318,942
319,320
319,324
319,342
319,361
319,439
319,560
319,580
319,646
319,654
319,663
319,674
319,698
319,755
319,776
319,806
319,853
319,874
319,876
319,883
319,921
319,944
320,323
320,351
320,356
320,366
320,384
320,515
320,516
320,535
320,552
320,570
320,583
320,585
320,611
320,622
320,634
320,638
320,656
320,663
320,681
320,695
320,709
320,736
320,739
320,750
320,779
320,818
320,827
320,834
320,855
320,862
320,905
320,921
320,926
320,927
320,951
320,955
320,959
320,964
320,965
320,981
321,407
321,463
321,470
321,473
321,496
321,668
321,687
321,708
321,730
321,828
321,890
321,938
321,958
321,959
321,972
322,333
322,341
322,393
322,419
322,445
322,463
322,487
322,523
322,528
322,579
322,598
322,601
322,603
322,617
322,624
322,646
322,660
322,683
322,701
322,711
322,723
322,741
322,746
322,765
322,785
322,830
322,843
322,865
322,877
322,882
322,922
322,926
322,927
322,935
322,971
322,989
322,992
323,324
323,329
323,330
323,353
323,373
323,381
323,393
323,395
323,397
323,399
323,406
323,418
323,434
323,443
323,459
323,460
323,468
323,469
323,471
323,507
323,508
323,518
323,521
323,528
323,533
323,543
323,552
323,575
323,577
323,580
323,585
323,591
323,595
323,603
323,607
323,621
323,624
323,636
323,649
323,657
323,671
323,683
323,689
323,691
323,708
323,730
323,731
323,736
323,761
323,771
323,774
323,792
323,793
323,797
323,813
323,821
323,824
323,828
323,842
323,849
323,850
323,853
323,855
323,902
323,924
323,926
323,933
323,939
323,946
323,974
323,986
324,350
324,354
324,393
324,415
324,445
324,478
324,506
324,528
324,540
324,577
324,582
324,596
324,625
324,650
324,663
324,752
324,771
324,807
324,813
324,815
324,840
324,862
324,877
324,881
324,917
324,928
324,935
324,949
324,953
324,969
324,974
324,980
324,981
325,355
325,367
325,373
325,396
325,405
325,422
325,435
325,439
325,444
325,449
325,469
325,517
325,542
325,548
325,676
325,727
325,755
325,769
325,786
325,795
325,865
325,892
325,896
325,915
325,917
325,922
325,942
325,991
326,409
326,413
326,449
326,453
326,484
326,504
326,517
326,533
326,541
326,572
326,574
326,594
326,657
326,659
326,672
326,683
326,701
326,704
326,735
326,737
326,856
326,858
326,859
326,975
326,988
327,350
327,351
327,360
327,401
327,423
327,438
327,450
327,456
327,499
327,508
327,518
327,521
327,604
327,605
327,622
327,626
327,635
327,639
327,647
327,660
327,692
327,705
327,716
327,779
327,794
327,808
327,812
327,895
327,947
327,975
327,979
327,981
327,989
327,999
328,342
328,351
328,360
328,406
328,407
328,443
328,454
328,458
328,470
328,473
328,475
328,503
328,513
328,677
328,693
328,695
328,702
328,737
328,767
328,774
328,775
328,786
328,800
328,827
328,855
328,861
328,862
328,938
328,946
329,330
329,354
329,359
329,387
329,399
329,407
329,439
329,443
329,460
329,472
329,522
329,523
329,552
329,589
329,591
329,614
329,619
329,625
329,636
329,654
329,679
329,763
329,769
329,771
329,778
329,851
329,854
329,921
329,963
329,979
329,989
329,996
329,998
330,331
330,344
330,356
330,357
330,359
330,361
330,376
330,386
330,401
330,453
330,456
330,458
330,475
330,479
330,498
330,503
330,509
330,510
330,518
330,529
330,530
330,548
330,555
330,558
330,593
330,595
330,635
330,663
330,674
330,679
330,682
330,692
330,695
330,702
330,705
330,722
330,730
330,750
330,757
330,766
330,770
330,772
330,778
330,781
330,803
330,808
330,809
330,823
330,835
330,836
330,840
330,841
330,844
330,850
330,857
330,861
330,865
330,883
330,888
330,892
330,909
330,921
330,938
330,950
330,974
330,976
330,978
330,984
330,989
330,990
330,991
330,995
331,345
331,393
331,450
331,534
331,536
331,552
331,580
331,610
331,620
331,643
331,651
331,709
331,730
331,750
331,768
331,776
331,848
331,855
331,857
331,859
331,868
331,982
332,336
332,354
332,370
332,375
332,399
332,421
332,423
332,484
332,496
332,502
332,503
332,512
332,529
332,549
332,564
332,577
332,591
332,609
332,615
332,625
332,636
332,655
332,666
332,678
332,685
332,698
332,705
332,728
332,748
332,765
332,766
332,769
332,774
332,775
332,776
332,789
332,791
332,796
332,803
332,809
332,820
332,827
332,833
332,899
332,900
332,923
332,925
332,938
332,976
332,980
333,348
333,381
333,399
333,411
333,416
333,425
333,446
333,469
333,483
333,485
333,490
333,539
333,558
333,573
333,594
333,629
333,634
333,711
333,712
333,717
333,718
333,737
333,751
333,778
333,806
333,840
333,854
333,893
333,921
333,923
333,937
333,938
333,948
333,956
333,997
334,387
334,446
334,475
334,482
334,508
334,538
334,569
334,571
334,603
334,633
334,637
334,648
334,654
334,656
334,670
334,699
334,744
334,777
334,797
334,959
335,336
335,392
335,489
335,492
335,545
335,547
335,552
335,577
335,579
335,610
335,643
335,649
335,690
335,695
335,717
335,720
335,726
335,749
335,768
335,777
335,781
335,804
335,868
335,877
335,883
335,902
335,942
335,978
335,983
336,355
336,369
336,394
336,395
336,400
336,408
336,452
336,472
336,475
336,498
336,516
336,518
336,541
336,543
336,570
336,583
336,589
336,591
336,595
336,600
336,630
336,638
336,654
336,660
336,707
336,710
336,713
336,723
336,726
336,775
336,778
336,804
336,817
336,823
336,824
336,854
336,862
336,905
336,913
336,917
336,928
336,935
336,979
337,340
337,348
337,354
337,359
337,407
337,412
337,461
337,466
337,499
337,501
337,502
337,506
337,515
337,530
337,539
337,591
337,632
337,642
337,653
337,674
337,675
337,683
337,690
337,694
337,712
337,794
337,795
337,803
337,808
337,817
337,835
337,838
337,851
337,870
337,916
337,954
337,959
337,989
337,996
337,998
338,346
338,381
338,383
338,525
338,538
338,551
338,556
338,571
338,578
338,584
338,598
338,663
338,664
338,735
338,805
338,819
338,824
338,902
338,913
338,923
338,955
339,407
339,413
339,510
339,544
339,581
339,621
339,629
339,647
339,680
339,764
339,766
339,782
339,792
339,797
339,819
339,823
339,866
339,885
339,950
339,953
339,979
340,357
340,379
340,427
340,452
340,475
340,492
340,539
340,588
340,589
340,597
340,614
340,626
340,633
340,730
340,763
340,784
340,808
340,826
340,833
340,884
340,890
340,922
340,996
341,374
341,432
341,453
341,476
341,482
341,490
341,504
341,520
341,524
341,565
341,608
341,619
341,656
341,725
341,815
341,835
341,854
341,874
341,885
341,892
341,895
341,907
341,913
341,938
342,358
342,370
342,385
342,459
342,469
342,477
342,568
342,570
342,580
342,595
342,613
342,623
342,671
342,676
342,684
342,689
342,704
342,707
342,734
342,741
342,760
342,779
342,782
342,785
342,790
342,806
342,808
342,816
342,829
342,831
342,873
342,880
342,887
342,888
342,898
342,900
342,928
342,964
342,970
342,971
342,982
343,388
343,472
343,477
343,494
343,595
343,612
343,624
343,743
343,765
343,766
343,911
343,964
343,985
344,408
344,463
344,531
344,750
344,824
344,896
344,977
344,988
345,424
345,452
345,460
345,489
345,492
345,500
345,524
345,542
345,551
345,552
345,554
345,575
345,579
345,580
345,626
345,663
345,677
345,684
345,695
345,743
345,755
345,765
345,777
345,781
345,782
345,846
345,848
345,879
345,884
345,948
345,964
345,989
346,358
346,359
346,391
346,401
346,465
346,531
346,544
346,547
346,592
346,613
346,707
346,758
346,779
346,802
346,807
346,817
346,824
346,835
346,850
346,864
346,883
346,917
346,940
346,946
346,950
346,995
346,999
347,400
347,442
347,445
347,493
347,516
347,521
347,564
347,632
347,677
347,682
347,731
347,762
347,769
347,778
347,800
347,802
347,828
347,862
347,883
347,929
347,967
347,969
348,372
348,390
348,446
348,470
348,479
348,508
348,517
348,525
348,529
348,541
348,549
348,593
348,598
348,610
348,624
348,671
348,684
348,691
348,707
348,725
348,727
348,754
348,769
348,778
348,802
348,815
348,835
348,842
348,860
348,869
348,883
348,899
348,902
348,921
348,927
348,952
348,979
348,984
348,995
349,351
349,408
349,417
349,482
349,497
349,541
349,641
349,656
349,706
349,789
349,837
349,849
349,859
349,867
349,885
349,933
349,963
350,351
350,374
350,418
350,457
350,465
350,483
350,513
350,574
350,606
350,632
350,716
350,736
350,742
350,754
350,764
350,767
350,790
350,853
350,926
350,927
350,931
350,955
350,971
350,986
351,366
351,390
351,398
351,418
351,421
351,446
351,457
351,473
351,493
351,498
351,512
351,541
351,554
351,562
351,582
351,587
351,597
351,618
351,642
351,645
351,665
351,667
351,668
351,682
351,727
351,770
351,777
351,816
351,840
351,850
351,892
351,898
351,918
351,919
351,921
351,974
351,976
352,353
352,388
352,448
352,572
352,603
352,748
352,751
352,800
352,847
352,848
352,862
352,895
352,902
352,903
352,912
353,369
353,375
353,397
353,420
353,446
353,453
353,457
353,463
353,464
353,494
353,519
353,529
353,546
353,562
353,581
353,586
353,626
353,653
353,663
353,667
353,673
353,741
353,744
353,783
353,828
353,846
353,847
353,852
353,866
353,906
353,907
353,912
353,928
353,935
353,943
353,954
353,963
353,977
354,399
354,417
354,436
354,438
354,439
354,440
354,469
354,472
354,475
354,476
354,479
354,489
354,498
354,504
354,533
354,543
354,548
354,549
354,556
354,579
354,595
354,601
354,629
354,661
354,664
354,668
354,676
354,679
354,682
354,691
354,699
354,705
354,727
354,732
354,752
354,779
354,813
354,821
354,853
354,857
354,906
354,914
354,928
354,957
354,966
354,968
354,984
354,989
355,400
355,408
355,413
355,417
355,436
355,483
355,491
355,521
355,570
355,602
355,619
355,620
355,640
355,661
355,666
355,681
355,682
355,699
355,701
355,711
355,720
355,727
355,743
355,748
355,755
355,756
355,779
355,785
355,819
355,842
355,853
355,871
355,883
355,905
355,906
355,916
355,928
355,952
355,974
356,363
356,365
356,368
356,385
356,387
356,400
356,417
356,430
356,455
356,489
356,496
356,524
356,533
356,595
356,603
356,616
356,619
356,637
356,694
356,697
356,710
356,741
356,749
356,826
356,833
356,841
356,845
356,846
356,852
356,883
356,934
356,939
356,941
356,959
356,966
356,976
356,995
357,372
357,384
357,385
357,386
357,406
357,438
357,516
357,525
357,532
357,538
357,542
357,546
357,549
357,589
357,597
357,611
357,636
357,668
357,670
357,689
357,704
357,710
357,715
357,723
357,738
357,748
357,779
357,834
357,838
357,886
357,941
357,946
357,991
358,439
358,458
358,490
358,499
358,501
358,523
358,572
358,582
358,605
358,614
358,620
358,690
358,734
358,740
358,749
358,766
358,767
358,770
358,771
358,790
358,817
358,835
358,869
358,880
358,894
358,898
358,928
358,944
358,949
358,962
358,972
358,984
359,466
359,512
359,523
359,591
359,691
359,696
359,710
359,743
359,841
359,848
359,850
359,875
359,877
359,896
359,927
359,955
359,997
359,999
360,367
360,376
360,445
360,500
360,511
360,662
360,663
360,667
360,677
360,724
360,857
360,891
360,921
360,995
361,369
361,370
361,395
361,438
361,455
361,460
361,541
361,544
361,563
361,596
361,618
361,634
361,652
361,671
361,675
361,679
361,685
361,699
361,765
361,794
361,798
361,837
361,850
361,922
361,926
361,965
361,966
361,990
361,991
361,997
362,373
362,385
362,391
362,430
362,440
362,459
362,486
362,489
362,492
362,516
362,544
362,555
362,584
362,614
362,632
362,674
362,689
362,693
362,696
362,732
362,862
362,889
362,896
362,905
362,917
362,921
362,922
362,924
362,929
362,936
363,367
363,413
363,465
363,467
363,476
363,509
363,575
363,577
363,619
363,665
363,678
363,683
363,712
363,743
363,745
363,746
363,747
363,751
363,758
363,761
363,769
363,790
363,808
363,843
363,873
363,885
363,899
363,912
363,932
363,942
363,958
364,389
364,425
364,449
364,465
364,481
364,492
364,503
364,525
364,589
364,610
364,647
364,688
364,697
364,711
364,746
364,747
364,848
364,864
364,874
364,880
364,930
364,945
364,986
365,416
365,456
365,479
365,507
365,513
365,547
365,551
365,572
365,611
365,614
365,619
365,652
365,655
365,671
365,719
365,760
365,769
365,775
365,830
365,832
365,835
365,844
365,845
365,882
365,893
365,925
365,930
365,964
365,968
365,969
365,992
365,995
366,399
366,484
366,553
366,557
366,576
366,626
366,629
366,778
366,804
366,820
366,861
366,925
366,927
366,997
366,998
367,393
367,405
367,407
367,416
367,418
367,419
367,423
367,458
367,469
367,476
367,514
367,521
367,534
367,539
367,551
367,616
367,643
367,649
367,657
367,663
367,684
367,685
367,686
367,688
367,689
367,706
367,716
367,729
367,749
367,761
367,765
367,779
367,807
367,832
367,843
367,853
367,860
367,880
367,900
367,902
367,906
367,913
367,918
367,930
367,942
367,948
367,949
367,985
367,992
368,387
368,435
368,442
368,455
368,466
368,474
368,488
368,583
368,638
368,654
368,694
368,734
368,768
368,863
368,893
368,930
368,940
369,510
369,584
369,614
369,654
369,708
369,732
369,756
369,779
369,833
369,865
369,936
369,939
369,950
369,971
370,390
370,395
370,398
370,410
370,453
370,456
370,479
370,498
370,536
370,543
370,588
370,621
370,647
370,676
370,690
370,714
370,764
370,771
370,772
370,823
370,827
370,840
370,852
370,875
370,892
370,916
370,963
370,982
370,983
371,395
371,435
371,436
371,463
371,518
371,530
371,546
371,569
371,570
371,579
371,663
371,690
371,738
371,743
371,745
371,768
371,770
371,772
371,779
371,793
371,843
371,862
371,905
371,948
371,957
371,987
371,990
371,995
372,380
372,396
372,412
372,505
372,518
372,534
372,538
372,586
372,598
372,600
372,602
372,645
372,691
372,735
372,737
372,752
372,766
372,770
372,778
372,779
372,834
372,842
372,850
372,928
372,960
372,979
372,981
372,983
373,390
373,405
373,457
373,469
373,489
373,498
373,499
373,504
373,525
373,544
373,552
373,575
373,582
373,596
373,598
373,623
373,665
373,720
373,730
373,737
373,761
373,790
373,822
373,843
373,860
373,876
373,880
373,918
373,926
373,944
373,956
373,982
373,983
373,998
374,386
374,403
374,417
374,426
374,427
374,464
374,530
374,583
374,640
374,663
374,874
374,889
374,906
374,909
374,921
374,963
375,397
375,415
375,417
375,501
375,513
375,525
375,562
375,579
375,616
375,650
375,688
375,740
375,763
375,791
375,794
375,802
375,831
375,840
375,842
375,844
375,861
375,872
375,880
375,884
375,905
375,929
376,377
376,384
376,392
376,431
376,433
376,447
376,458
376,475
376,525
376,568
376,589
376,610
376,663
376,695
376,741
376,767
376,768
376,774
376,838
376,846
376,848
376,863
376,890
376,907
376,942
377,382
377,404
377,471
377,489
377,499
377,524
377,534
377,551
377,554
377,576
377,588
377,629
377,632
377,668
377,681
377,703
377,717
377,760
377,772
377,774
377,820
377,828
377,885
377,889
377,893
377,898
377,910
377,927
377,929
377,949
377,975
377,996
378,390
378,436
378,438
378,443
378,444
378,466
378,469
378,480
378,501
378,521
378,541
378,551
378,584
378,600
378,619
378,652
378,655
378,657
378,674
378,701
378,724
378,771
378,787
378,790
378,792
378,793
378,795
378,808
378,815
378,819
378,823
378,835
378,846
378,853
378,876
378,939
378,952
378,958
378,961
379,412
379,441
379,492
379,515
379,518
379,526
379,557
379,567
379,576
379,603
379,647
379,648
379,663
379,687
379,767
379,792
379,895
379,917
379,947
379,976
380,394
380,402
380,450
380,462
380,482
380,604
380,626
380,629
380,672
380,730
380,772
380,840
380,857
380,868
380,874
380,893
380,966
381,396
381,434
381,440
381,443
381,458
381,479
381,493
381,508
381,580
381,603
381,615
381,628
381,637
381,647
381,652
381,663
381,675
381,677
381,680
381,682
381,719
381,724
381,725
381,764
381,775
381,781
381,787
381,802
381,809
381,819
381,820
381,831
381,855
381,907
381,916
381,928
381,938
381,974
381,975
382,407
382,410
382,420
382,432
382,440
382,442
382,498
382,515
382,524
382,542
382,568
382,578
382,591
382,598
382,665
382,666
382,672
382,680
382,763
382,828
382,842
382,870
382,877
382,891
382,895
382,900
382,905
382,918
382,950
382,999
383,408
383,512
383,524
383,594
383,666
383,675
383,712
383,748
383,762
383,805
383,817
383,837
383,878
383,889
383,909
383,935
383,941
383,947
383,950
383,958
384,421
384,427
384,444
384,456
384,488
384,508
384,519
384,536
384,538
384,573
384,574
384,585
384,587
384,590
384,632
384,667
384,678
384,690
384,747
384,750
384,756
384,762
384,763
384,824
384,835
384,878
384,880
384,881
384,885
384,889
384,929
384,942
384,949
384,953
384,960
384,980
385,415
385,448
385,450
385,454
385,468
385,480
385,500
385,579
385,585
385,613
385,628
385,638
385,663
385,677
385,758
385,778
385,794
385,809
385,966
386,494
386,525
386,536
386,565
386,614
386,630
386,635
386,665
386,684
386,818
386,850
386,853
387,430
387,450
387,477
387,480
387,598
387,601
387,696
387,734
387,749
387,750
387,787
387,792
387,806
387,817
387,885
387,907
388,390
388,409
388,424
388,470
388,530
388,531
388,534
388,577
388,637
388,654
388,655
388,670
388,812
388,819
388,860
388,940
388,949
389,433
389,444
389,450
389,463
389,478
389,518
389,521
389,547
389,555
389,601
389,624
389,646
389,647
389,655
389,656
389,661
389,666
389,675
389,697
389,702
389,732
389,754
389,764
389,786
389,795
389,809
389,843
389,875
389,898
389,905
389,942
389,989
389,999
390,422
390,433
390,454
390,462
390,489
390,536
390,562
390,563
390,594
390,660
390,701
390,705
390,726
390,736
390,765
390,791
390,792
390,842
390,844
390,847
390,853
390,863
390,876
390,894
390,917
390,927
390,940
390,987
391,417
391,431
391,439
391,440
391,445
391,468
391,471
391,514
391,549
391,560
391,588
391,636
391,680
391,699
391,702
391,706
391,766
391,785
391,786
391,807
391,809
391,823
391,837
391,847
391,875
391,885
391,912
391,913
391,918
391,942
391,963
391,974
391,986
392,411
392,423
392,427
392,436
392,442
392,479
392,487
392,490
392,523
392,528
392,543
392,574
392,578
392,584
392,616
392,649
392,700
392,707
392,717
392,724
392,734
392,758
392,763
392,787
392,804
392,816
392,843
392,853
392,854
392,873
392,887
392,898
392,906
392,917
392,934
392,938
392,948
392,961
392,973
392,974
392,995
393,418
393,432
393,438
393,477
393,478
393,499
393,505
393,520
393,547
393,548
393,556
393,584
393,593
393,634
393,657
393,661
393,664
393,684
393,692
393,708
393,750
393,767
393,785
393,809
393,818
393,819
393,827
393,842
393,851
393,871
393,878
393,881
393,928
393,935
393,940
393,957
393,980
394,431
394,462
394,468
394,492
394,534
394,711
394,811
394,828
394,974
395,416
395,472
395,480
395,483
395,491
395,503
395,513
395,517
395,537
395,538
395,541
395,554
395,561
395,590
395,625
395,636
395,645
395,679
395,689
395,690
395,714
395,720
395,745
395,747
395,748
395,760
395,762
395,789
395,810
395,815
395,816
395,817
395,854
395,867
395,883
395,914
395,920
395,934
396,433
396,451
396,466
396,470
396,481
396,546
396,549
396,562
396,564
396,629
396,710
396,789
396,800
396,805
396,836
396,889
396,921
396,928
396,933
396,965
396,974
397,480
397,568
397,575
397,588
397,636
397,652
397,666
397,675
397,678
397,691
397,713
397,723
397,730
397,744
397,778
397,783
397,815
397,824
397,846
397,882
397,884
397,906
397,913
397,926
397,947
397,963
398,414
398,448
398,458
398,477
398,541
398,546
398,625
398,640
398,668
398,692
398,697
398,767
398,826
398,861
398,922
398,945
398,979
398,988
398,990
399,403
399,405
399,415
399,418
399,443
399,450
399,451
399,454
399,475
399,483
399,487
399,502
399,504
399,508
399,519
399,528
399,532
399,541
399,547
399,551
399,552
399,557
399,573
399,596
399,608
399,636
399,640
399,642
399,647
399,665
399,680
399,689
399,725
399,745
399,773
399,806
399,807
399,808
399,810
399,812
399,833
399,850
399,859
399,868
399,898
399,911
399,930
399,933
399,949
399,959
399,961
399,979
399,982
399,987
399,998
400,428
400,443
400,444
400,448
400,475
400,538
400,583
400,584
400,614
400,616
400,688
400,696
400,703
400,739
400,863
400,875
400,884
400,969
400,992
401,499
401,511
401,529
401,534
401,548
401,568
401,589
401,591
401,595
401,598
401,613
401,637
401,659
401,665
401,672
401,714
401,722
401,723
401,761
401,819
401,846
401,852
401,861
401,964
402,408
402,419
402,425
402,450
402,457
402,476
402,492
402,524
402,526
402,527
402,595
402,620
402,665
402,705
402,745
402,834
402,835
402,921
402,933
403,441
403,452
403,484
403,538
403,590
403,594
403,659
403,763
403,840
403,866
403,980
404,511
404,514
404,531
404,556
404,562
404,595
404,627
404,659
404,738
404,779
404,798
404,810
404,830
404,857
404,879
404,883
404,907
404,935
404,952
405,416
405,418
405,435
405,439
405,459
405,460
405,470
405,473
405,487
405,491
405,493
405,500
405,504
405,508
405,528
405,529
405,566
405,569
405,600
405,619
405,663
405,667
405,676
405,682
405,684
405,702
405,703
405,705
405,706
405,754
405,779
405,787
405,795
405,807
405,857
405,860
405,885
405,887
405,894
405,943
405,952
405,957
405,966
405,979
405,991
406,448
406,463
406,470
406,534
406,561
406,616
406,667
406,709
406,743
406,761
406,767
406,779
406,784
406,807
406,826
406,913
406,922
406,957
406,975
406,986
407,419
407,424
407,433
407,442
407,448
407,457
407,466
407,474
407,477
407,483
407,486
407,491
407,499
407,516
407,547
407,553
407,570
407,578
407,589
407,607
407,616
407,625
407,633
407,674
407,682
407,686
407,710
407,722
407,742
407,776
407,797
407,835
407,869
407,870
407,887
407,898
407,909
407,913
407,921
407,935
407,936
407,940
407,944
407,952
407,980
408,417
408,435
408,541
408,558
408,573
408,622
408,701
408,716
408,786
408,865
408,871
408,892
408,921
408,972
408,977
409,430
409,438
409,455
409,469
409,512
409,513
409,528
409,557
409,592
409,615
409,711
409,724
409,735
409,746
409,756
409,763
409,765
409,782
409,789
409,807
409,816
409,830
409,843
409,870
409,891
409,893
409,917
409,920
409,921
409,942
409,965
409,966
410,414
410,416
410,422
410,454
410,466
410,520
410,544
410,569
410,606
410,637
410,641
410,645
410,648
410,649
410,670
410,677
410,686
410,690
410,760
410,788
410,803
410,810
410,824
410,842
410,856
410,882
410,889
410,892
410,908
410,912
410,924
410,935
410,960
410,979
410,996
411,416
411,421
411,438
411,530
411,545
411,549
411,589
411,602
411,624
411,642
411,644
411,665
411,668
411,695
411,699
411,724
411,726
411,769
411,770
411,793
411,807
411,809
411,854
411,921
411,961
411,991
412,436
412,473
412,538
412,590
412,662
412,696
412,705
412,750
412,806
412,836
412,886
412,925
412,929
412,941
412,963
413,417
413,448
413,459
413,498
413,529
413,542
413,555
413,563
413,624
413,657
413,663
413,665
413,692
413,693
413,700
413,735
413,745
413,774
413,783
413,864
413,890
413,900
413,907
413,974
413,979
413,990
414,510
414,533
414,541
414,596
414,614
414,620
414,642
414,686
414,717
414,758
414,832
414,846
414,851
414,870
414,879
414,905
414,937
414,943
414,985
415,473
415,481
415,497
415,594
415,609
415,621
415,649
415,681
415,707
415,722
415,726
415,755
415,764
415,778
415,806
415,807
415,824
415,898
415,943
415,968
416,422
416,429
416,434
416,491
416,494
416,534
416,571
416,574
416,593
416,624
416,638
416,649
416,675
416,711
416,745
416,761
416,763
416,771
416,808
416,830
416,852
416,875
416,876
416,899
416,911
416,958
416,962
416,988
416,996
417,477
417,492
417,505
417,546
417,549
417,580
417,583
417,584
417,587
417,600
417,618
417,622
417,623
417,676
417,698
417,710
417,712
417,714
417,715
417,741
417,771
417,791
417,797
417,828
417,831
417,866
417,885
417,898
417,913
417,921
417,924
417,942
417,951
417,956
417,966
417,979
417,984
417,988
418,419
418,421
418,444
418,452
418,455
418,458
418,470
418,472
418,487
418,503
418,505
418,511
418,548
418,591
418,596
418,605
418,607
418,625
418,661
418,668
418,675
418,681
418,688
418,710
418,724
418,760
418,770
418,776
418,802
418,803
418,819
418,823
418,828
418,855
418,887
418,902
418,906
418,917
418,919
418,928
418,939
418,948
418,966
418,970
418,972
418,986
418,990
419,427
419,463
419,479
419,483
419,498
419,514
419,528
419,537
419,595
419,600
419,624
419,659
419,672
419,675
419,689
419,690
419,696
419,710
419,714
419,724
419,732
419,747
419,751
419,796
419,818
419,846
419,866
419,887
419,888
419,893
419,927
419,930
419,935
419,940
419,948
419,949
419,969
419,977
419,982
419,990
419,993
420,432
420,452
420,476
420,507
420,528
420,551
420,580
420,602
420,603
420,606
420,615
420,619
420,645
420,665
420,673
420,693
420,711
420,794
420,798
420,950
420,981
420,987
421,429
421,433
421,456
421,457
421,486
421,491
421,505
421,550
421,606
421,694
421,734
421,754
421,755
421,769
421,771
421,828
421,835
421,846
421,860
421,915
421,932
421,994
421,998
422,444
422,447
422,512
422,513
422,528
422,562
422,577
422,601
422,632
422,663
422,666
422,697
422,698
422,703
422,723
422,731
422,774
422,801
422,812
422,817
422,825
422,866
422,910
422,926
422,940
422,941
422,943
422,963
423,425
423,433
423,506
423,518
423,524
423,571
423,584
423,636
423,652
423,656
423,659
423,669
423,720
423,756
423,768
423,779
423,802
423,805
423,808
423,888
423,898
423,941
423,962
423,980
423,994
424,480
424,510
424,518
424,531
424,579
424,616
424,646
424,648
424,652
424,662
424,663
424,669
424,677
424,717
424,720
424,722
424,751
424,752
424,773
424,777
424,823
424,830
424,831
424,834
424,835
424,842
424,853
424,866
424,868
424,883
424,886
424,917
424,935
424,941
424,975
424,990
424,993
425,463
425,478
425,501
425,521
425,528
425,529
425,530
425,537
425,541
425,572
425,602
425,608
425,660
425,684
425,691
425,710
425,788
425,815
425,818
425,820
425,835
425,846
425,919
425,964
425,990
426,468
426,471
426,475
426,570
426,571
426,583
426,621
426,644
426,665
426,802
426,844
426,861
426,894
426,906
426,914
426,915
426,941
427,471
427,504
427,508
427,512
427,536
427,537
427,601
427,611
427,614
427,636
427,645
427,646
427,657
427,666
427,674
427,677
427,688
427,702
427,704
427,711
427,714
427,723
427,731
427,741
427,757
427,816
427,823
427,835
427,870
427,939
427,974
428,472
428,493
428,526
428,536
428,558
428,601
428,637
428,685
428,705
428,809
428,890
428,892
428,936
428,958
428,959
429,530
429,536
429,650
429,668
429,688
429,735
429,841
429,842
429,844
429,858
429,861
429,871
430,444
430,459
430,473
430,482
430,512
430,529
430,531
430,538
430,545
430,559
430,562
430,571
430,583
430,642
430,667
430,676
430,723
430,779
430,780
430,788
430,806
430,823
430,847
430,859
430,869
430,878
430,879
430,900
430,922
430,962
430,979
431,437
431,438
431,493
431,529
431,598
431,624
431,663
431,669
431,891
431,932
431,942
431,959
431,977
432,455
432,480
432,532
432,537
432,545
432,573
432,594
432,704
432,767
432,790
432,797
432,815
432,830
432,854
432,874
432,882
432,885
432,906
432,913
432,914
432,942
432,960
432,979
432,994
433,450
433,516
433,527
433,559
433,563
433,602
433,603
433,653
433,663
433,673
433,697
433,750
433,793
433,799
433,851
433,921
433,922
433,961
434,436
434,445
434,473
434,480
434,548
434,556
434,560
434,599
434,642
434,647
434,663
434,666
434,711
434,713
434,723
434,727
434,786
434,789
434,793
434,813
434,823
434,832
434,874
434,899
434,912
434,938
434,948
434,952
434,982
434,999
435,437
435,438
435,444
435,458
435,463
435,471
435,487
435,506
435,514
435,532
435,591
435,598
435,615
435,642
435,643
435,669
435,687
435,688
435,689
435,690
435,707
435,717
435,731
435,733
435,734
435,751
435,802
435,808
435,845
435,868
435,885
435,918
435,966
435,988
435,991
436,457
436,458
436,486
436,508
436,511
436,530
436,558
436,629
436,642
436,669
436,685
436,690
436,700
436,730
436,739
436,787
436,832
436,847
436,866
436,870
436,880
436,914
436,917
436,958
436,965
436,991
437,464
437,538
437,557
437,585
437,616
437,692
437,706
437,726
437,772
437,819
437,846
437,864
437,972
438,444
438,446
438,452
438,463
438,474
438,502
438,528
438,546
438,582
438,584
438,585
438,600
438,608
438,623
438,667
438,675
438,684
438,689
438,692
438,697
438,704
438,708
438,718
438,743
438,745
438,750
438,755
438,774
438,775
438,781
438,785
438,797
438,800
438,802
438,809
438,815
438,834
438,835
438,836
438,841
438,843
438,855
438,862
438,870
438,871
438,873
438,881
438,887
438,908
438,912
438,924
438,929
438,930
438,935
438,942
438,956
438,964
438,966
438,967
438,988
439,525
439,551
439,552
439,643
439,661
439,676
439,690
439,714
439,725
439,727
439,738
439,747
439,766
439,781
439,787
439,796
439,803
439,850
439,862
439,873
439,877
439,880
439,895
439,938
439,948
439,958
439,984
440,456
440,467
440,480
440,487
440,503
440,506
440,508
440,523
440,532
440,562
440,576
440,595
440,601
440,603
440,609
440,619
440,655
440,692
440,712
440,764
440,830
440,832
440,840
440,846
440,847
440,862
440,896
440,911
440,934
440,939
440,951
440,967
440,975
441,484
441,582
441,684
441,692
441,749
441,762
441,778
441,802
441,844
441,882
441,894
441,916
441,949
441,979
441,984
442,448
442,476
442,571
442,639
442,642
442,698
442,719
442,725
442,779
442,786
442,788
442,931
443,452
443,471
443,573
443,580
443,588
443,624
443,653
443,655
443,666
443,686
443,705
443,706
443,738
443,796
443,806
443,885
443,949
443,956
443,984
443,986
444,455
444,458
444,463
444,469
444,474
444,478
444,492
444,504
444,512
444,541
444,564
444,577
444,612
444,632
444,652
444,657
444,679
444,696
444,702
444,708
444,716
444,753
444,765
444,787
444,790
444,796
444,803
444,817
444,841
444,844
444,846
444,854
444,857
444,866
444,887
444,907
444,923
444,928
444,929
444,944
444,946
444,952
444,958
444,994
445,446
445,449
445,476
445,485
445,540
445,542
445,566
445,579
445,581
445,607
445,663
445,675
445,692
445,699
445,728
445,744
445,745
445,809
445,818
445,847
445,902
445,908
445,917
445,969
446,464
446,554
446,585
446,590
446,615
446,617
446,623
446,628
446,716
446,818
446,828
446,853
446,918
446,921
446,945
447,465
447,486
447,515
447,533
447,605
447,632
447,687
447,694
447,715
447,779
447,791
447,802
447,818
447,827
447,835
447,850
447,862
447,863
447,864
447,877
447,885
447,929
447,965
447,968
447,991
448,470
448,483
448,530
448,533
448,536
448,570
448,577
448,608
448,643
448,655
448,694
448,743
448,752
448,764
448,792
448,841
448,854
448,885
448,897
448,902
448,953
448,957
448,987
449,483
449,531
449,544
449,581
449,583
449,655
449,671
449,677
449,779
449,809
449,830
450,465
450,473
450,475
450,498
450,502
450,521
450,523
450,524
450,525
450,541
450,600
450,618
450,628
450,639
450,646
450,649
450,675
450,676
450,689
450,723
450,725
450,733
450,746
450,749
450,762
450,771
450,791
450,806
450,815
450,818
450,828
450,849
450,893
450,912
450,960
450,961
450,965
450,972
450,975
450,981
450,992
451,508
451,518
451,543
451,552
451,577
451,582
451,585
451,586
451,601
451,622
451,633
451,642
451,657
451,662
451,667
451,684
451,686
451,692
451,713
451,842
451,848
451,891
451,911
451,921
451,983
451,984
451,994
451,998
452,498
452,535
452,584
452,585
452,596
452,599
452,627
452,658
452,663
452,679
452,701
452,722
452,763
452,770
452,774
452,778
452,786
452,875
452,904
452,913
453,500
453,523
453,537
453,552
453,592
453,617
453,622
453,632
453,641
453,656
453,679
453,708
453,729
453,747
453,767
453,797
453,802
453,806
453,814
453,815
453,846
453,852
453,875
453,910
453,979
453,986
453,988
454,458
454,473
454,486
454,502
454,532
454,551
454,578
454,602
454,631
454,637
454,644
454,654
454,714
454,719
454,765
454,824
454,826
454,846
454,853
454,903
454,982
454,991
455,516
455,530
455,535
455,542
455,554
455,663
455,686
455,701
455,764
455,766
455,770
455,782
455,784
455,831
455,856
455,871
455,890
455,897
455,899
455,914
455,916
455,938
455,940
455,950
455,953
455,958
455,989
456,502
456,528
456,547
456,548
456,634
456,660
456,676
456,689
456,713
456,727
456,739
456,776
456,850
456,853
456,864
456,877
456,942
456,984
456,990
457,467
457,471
457,481
457,513
457,517
457,577
457,591
457,603
457,607
457,620
457,657
457,677
457,684
457,692
457,727
457,732
457,781
457,809
457,850
457,860
457,865
457,870
457,917
457,974
458,469
458,475
458,483
458,514
458,523
458,525
458,528
458,547
458,552
458,562
458,563
458,572
458,584
458,593
458,596
458,621
458,625
458,634
458,642
458,646
458,727
458,732
458,747
458,750
458,758
458,759
458,768
458,818
458,827
458,832
458,900
458,908
458,914
458,916
458,917
458,946
458,960
458,971
458,974
458,984
459,471
459,474
459,514
459,528
459,570
459,589
459,598
459,604
459,616
459,624
459,625
459,642
459,654
459,656
459,673
459,698
459,743
459,752
459,760
459,767
459,796
459,806
459,826
459,862
459,864
459,905
459,921
459,925
459,953
459,956
459,957
459,989
459,990
459,994
460,519
460,541
460,543
460,556
460,568
460,570
460,579
460,598
460,600
460,601
460,612
460,619
460,622
460,661
460,681
460,730
460,733
460,754
460,760
460,766
460,775
460,802
460,812
460,830
460,838
460,850
460,865
460,870
460,907
460,925
460,928
460,942
460,950
460,974
461,480
461,501
461,511
461,589
461,622
461,627
461,654
461,659
461,663
461,699
461,701
461,733
461,755
461,775
461,790
461,797
461,818
461,852
461,856
461,868
461,877
461,912
461,919
461,926
461,940
461,994
462,534
462,537
462,573
462,615
462,637
462,672
462,694
462,708
462,736
462,744
462,746
462,759
462,823
462,832
462,859
462,864
462,928
463,470
463,474
463,482
463,488
463,492
463,534
463,549
463,550
463,561
463,579
463,583
463,595
463,606
463,610
463,619
463,626
463,631
463,636
463,642
463,645
463,665
463,677
463,684
463,685
463,705
463,707
463,711
463,719
463,732
463,740
463,745
463,754
463,773
463,791
463,793
463,796
463,807
463,817
463,821
463,830
463,836
463,843
463,844
463,853
463,887
463,894
463,919
463,938
463,946
463,960
463,968
463,971
463,989
464,483
464,527
464,541
464,565
464,616
464,639
464,703
464,775
464,777
464,789
464,814
464,922
464,988
465,552
465,595
465,660
465,711
465,728
465,824
465,848
465,850
465,880
465,906
465,941
466,499
466,503
466,530
466,556
466,579
466,598
466,607
466,627
466,656
466,665
466,668
466,683
466,696
466,710
466,732
466,755
466,765
466,766
466,788
466,794
466,805
466,808
466,821
466,860
466,866
466,893
466,894
466,899
466,921
466,990
467,469
467,489
467,509
467,531
467,600
467,649
467,676
467,704
467,739
467,741
467,757
467,769
467,775
467,784
467,786
467,795
467,819
467,826
467,899
467,910
467,934
467,950
467,968
467,997
468,471
468,484
468,497
468,511
468,527
468,528
468,552
468,562
468,584
468,663
468,691
468,699
468,704
468,705
468,719
468,792
468,805
468,842
468,851
468,861
468,868
468,893
468,926
468,949
468,958
468,990
469,476
469,479
469,488
469,502
469,506
469,517
469,521
469,556
469,565
469,595
469,597
469,624
469,638
469,642
469,643
469,675
469,679
469,684
469,692
469,705
469,724
469,743
469,766
469,787
469,802
469,803
469,807
469,832
469,901
469,913
469,914
469,920
469,975
469,986
469,990
470,471
470,483
470,517
470,518
470,530
470,545
470,548
470,569
470,570
470,654
470,655
470,660
470,661
470,679
470,727
470,752
470,761
470,764
470,779
470,795
470,815
470,842
470,870
470,905
470,922
470,944
470,974
470,979
470,989
470,995
470,999
471,498
471,508
471,514
471,531
471,532
471,552
471,570
471,590
471,666
471,668
471,674
471,681
471,684
471,698
471,734
471,747
471,760
471,773
471,832
471,835
471,844
471,850
471,853
471,883
471,885
471,900
471,928
471,942
471,946
471,970
471,992
471,998
471,999
472,541
472,551
472,570
472,598
472,612
472,731
472,756
472,760
472,763
472,765
472,836
472,851
472,877
472,878
472,916
472,931
472,933
472,950
472,955
472,959
472,975
473,504
473,518
473,541
473,572
473,633
473,639
473,698
473,704
473,765
473,793
473,800
473,811
473,825
473,835
473,850
473,867
473,933
473,950
474,488
474,502
474,503
474,512
474,515
474,518
474,528
474,544
474,556
474,595
474,601
474,607
474,638
474,671
474,676
474,707
474,712
474,717
474,732
474,749
474,750
474,751
474,789
474,792
474,798
474,799
474,807
474,815
474,870
474,873
474,888
474,898
474,911
474,922
474,930
474,942
474,944
474,970
474,973
474,990
474,994
475,482
475,496
475,499
475,517
475,530
475,544
475,551
475,574
475,579
475,595
475,600
475,606
475,614
475,624
475,631
475,634
475,636
475,646
475,650
475,652
475,673
475,684
475,705
475,706
475,707
475,716
475,724
475,766
475,792
475,819
475,853
475,862
475,864
475,888
475,938
475,974
475,990
476,480
476,486
476,514
476,518
476,538
476,562
476,570
476,586
476,602
476,610
476,641
476,718
476,738
476,748
476,755
476,757
476,769
476,793
476,810
476,815
476,846
476,850
476,926
476,948
476,949
476,959
476,983
476,987
477,483
477,507
477,521
477,543
477,547
477,566
477,602
477,649
477,654
477,675
477,697
477,712
477,751
477,761
477,763
477,782
477,794
477,828
477,836
477,840
477,882
477,938
477,964
478,491
478,492
478,508
478,509
478,521
478,525
478,584
478,647
478,651
478,654
478,657
478,682
478,685
478,706
478,707
478,716
478,724
478,747
478,750
478,765
478,777
478,782
478,785
478,803
478,813
478,834
478,837
478,846
478,853
478,855
478,870
478,885
478,891
478,892
478,935
478,952
478,963
478,965
478,984
478,985
479,508
479,518
479,562
479,606
479,607
479,645
479,672
479,692
479,698
479,710
479,724
479,741
479,765
479,795
479,798
479,873
479,936
479,948
479,952
479,958
479,974
480,505
480,515
480,594
480,621
480,623
480,624
480,721
480,737
480,742
480,769
480,770
480,773
480,779
480,789
480,792
480,803
480,850
480,854
480,895
480,930
480,946
480,955
480,976
480,992
481,555
481,568
481,580
481,614
481,649
481,663
481,674
481,770
481,792
481,828
481,857
481,894
481,929
481,937
481,942
481,964
481,972
482,501
482,505
482,520
482,528
482,536
482,542
482,551
482,558
482,580
482,584
482,610
482,619
482,676
482,702
482,731
482,768
482,778
482,788
482,795
482,798
482,827
482,849
482,854
482,858
482,936
482,943
483,488
483,525
483,528
483,570
483,580
483,619
483,629
483,638
483,647
483,661
483,677
483,679
483,698
483,724
483,760
483,769
483,775
483,785
483,786
483,807
483,813
483,827
483,845
483,846
483,885
483,899
483,911
483,950
483,963
483,974
483,984
483,985
483,986
484,510
484,522
484,537
484,551
484,646
484,713
484,746
484,756
484,809
484,825
484,866
484,868
484,905
484,921
484,932
484,938
484,946
484,982
485,514
485,528
485,543
485,549
485,560
485,584
485,594
485,598
485,615
485,645
485,649
485,654
485,668
485,694
485,698
485,707
485,716
485,724
485,731
485,772
485,797
485,809
485,848
485,852
485,854
485,908
485,934
485,963
485,975
486,538
486,562
486,580
486,599
486,610
486,619
486,634
486,637
486,679
486,686
486,695
486,697
486,722
486,776
486,809
486,834
486,836
486,837
486,848
486,867
486,874
486,878
486,884
486,885
486,906
486,919
486,924
486,927
486,948
486,978
486,991
486,992
486,993
486,999
487,498
487,510
487,521
487,600
487,654
487,660
487,676
487,698
487,705
487,715
487,726
487,754
487,790
487,793
487,796
487,822
487,832
487,845
487,914
487,918
487,925
487,935
487,963
487,994
488,503
488,528
488,543
488,554
488,564
488,607
488,614
488,656
488,663
488,666
488,668
488,696
488,701
488,712
488,753
488,791
488,794
488,802
488,807
488,813
488,837
488,844
488,860
488,898
488,913
488,934
488,952
488,960
488,966
488,979
488,994
489,498
489,525
489,546
489,547
489,577
489,590
489,591
489,677
489,705
489,758
489,788
489,803
489,832
489,899
489,901
489,932
489,958
489,977
490,497
490,514
490,602
490,619
490,714
490,737
490,755
490,794
490,813
490,817
490,837
490,855
490,888
490,909
490,931
490,934
491,503
491,506
491,521
491,528
491,544
491,560
491,593
491,600
491,624
491,634
491,665
491,724
491,730
491,808
491,898
491,906
491,916
491,929
491,969
491,974
492,496
492,504
492,527
492,558
492,560
492,599
492,612
492,621
492,624
492,663
492,667
492,691
492,726
492,740
492,758
492,770
492,782
492,796
492,797
492,880
492,914
492,935
492,969
492,971
493,525
493,542
493,560
493,625
493,636
493,717
493,736
493,804
493,830
493,834
493,838
493,873
493,892
493,917
493,942
493,983
493,994
494,589
494,765
494,774
495,527
495,581
495,591
495,593
495,644
495,718
495,751
495,864
495,898
495,905
496,498
496,531
496,535
496,605
496,620
496,624
496,632
496,637
496,778
496,793
496,801
496,842
496,845
496,862
496,892
496,894
496,906
496,908
496,932
496,934
496,955
496,989
496,991
497,506
497,525
497,538
497,543
497,552
497,573
497,630
497,663
497,743
497,766
497,807
497,849
497,872
497,885
497,892
497,989
497,996
498,514
498,518
498,529
498,531
498,534
498,551
498,560
498,579
498,580
498,600
498,606
498,607
498,660
498,680
498,681
498,704
498,714
498,724
498,741
498,746
498,760
498,802
498,808
498,822
498,835
498,843
498,845
498,853
498,893
498,907
498,913
498,917
498,924
498,940
498,956
498,962
498,965
498,966
498,995
498,998
499,516
499,573
499,580
499,591
499,596
499,600
499,625
499,638
499,649
499,652
499,707
499,724
499,730
499,732
499,736
499,769
499,778
499,787
499,796
499,823
499,845
499,865
499,886
499,898
499,903
499,920
499,924
499,930
499,940
499,945
499,948
499,950
499,959
499,966
499,971
499,976
499,995
500,525
500,551
500,594
500,612
500,640
500,698
500,739
500,786
500,800
500,829
500,858
500,874
500,877
500,884
500,942
500,976
501,511
501,513
501,530
501,539
501,578
501,601
501,608
501,610
501,613
501,615
501,628
501,665
501,694
501,723
501,756
501,781
501,817
501,828
501,834
501,874
501,882
501,906
501,917
501,918
501,919
501,958
501,974
501,998
502,534
502,600
502,616
502,649
502,655
502,684
502,691
502,730
502,743
502,771
502,780
502,811
502,816
502,863
502,875
502,916
502,929
502,942
502,946
502,952
502,964
503,529
503,545
503,548
503,551
503,556
503,622
503,625
503,643
503,650
503,740
503,772
503,775
503,789
503,816
503,830
503,843
503,860
503,877
503,887
503,911
503,924
503,930
503,989
504,519
504,523
504,525
504,541
504,547
504,551
504,570
504,597
504,599
504,602
504,604
504,608
504,610
504,621
504,646
504,654
504,657
504,663
504,675
504,731
504,732
504,743
504,747
504,749
504,769
504,804
504,813
504,861
504,866
504,886
504,887
504,893
504,924
504,929
504,936
504,940
504,950
504,961
504,987
505,518
505,529
505,582
505,584
505,596
505,598
505,610
505,650
505,684
505,694
505,699
505,708
505,737
505,743
505,750
505,782
505,819
505,849
505,893
505,921
505,942
505,948
506,533
506,581
506,591
506,593
506,599
506,617
506,622
506,629
506,643
506,689
506,697
506,702
506,713
506,717
506,753
506,758
506,802
506,809
506,835
506,841
506,880
506,914
506,999
507,581
507,584
507,588
507,590
507,616
507,650
507,679
507,707
507,711
507,727
507,736
507,786
507,789
507,804
507,819
507,853
507,871
507,975
507,984
508,514
508,534
508,560
508,570
508,580
508,596
508,611
508,625
508,641
508,642
508,643
508,666
508,682
508,692
508,697
508,698
508,707
508,739
508,747
508,789
508,807
508,808
508,834
508,881
508,887
508,907
508,930
508,935
508,940
509,541
509,567
509,593
509,601
509,632
509,661
509,695
509,711
509,718
509,741
509,753
509,775
509,885
509,900
509,906
509,957
509,971
509,981
509,988
509,990
510,536
510,553
510,558
510,584
510,653
510,675
510,684
510,722
510,797
510,844
510,921
510,955
511,572
511,621
511,677
511,684
511,710
511,719
511,730
511,773
511,786
511,817
511,820
511,838
511,865
511,893
511,936
511,937
511,950
512,530
512,537
512,545
512,564
512,600
512,617
512,668
512,706
512,720
512,724
512,725
512,727
512,741
512,743
512,765
512,774
512,785
512,791
512,815
512,818
512,823
512,840
512,850
512,878
512,887
512,899
512,904
512,917
512,919
512,948
512,994
513,582
513,589
513,621
513,747
513,768
513,788
513,841
513,884
513,887
513,891
513,956
513,964
514,532
514,551
514,573
514,601
514,610
514,611
514,647
514,660
514,661
514,674
514,682
514,685
514,701
514,734
514,751
514,754
514,775
514,802
514,809
514,825
514,827
514,831
514,841
514,873
514,905
514,917
514,938
514,950
514,990
514,995
515,541
515,547
515,568
515,624
515,690
515,704
515,721
515,731
515,836
515,854
515,917
516,529
516,532
516,545
516,547
516,601
516,639
516,659
516,667
516,773
516,774
516,794
516,802
516,840
516,890
516,922
517,521
517,529
517,532
517,535
517,540
517,556
517,582
517,584
517,591
517,593
517,595
517,596
517,613
517,625
517,629
517,642
517,647
517,660
517,709
517,725
517,748
517,750
517,760
517,775
517,835
517,839
517,842
517,863
517,889
517,907
517,916
517,928
517,935
517,937
517,956
517,991
517,995
518,519
518,529
518,540
518,541
518,544
518,547
518,591
518,594
518,600
518,629
518,636
518,642
518,656
518,660
518,678
518,680
518,689
518,690
518,698
518,726
518,731
518,747
518,757
518,763
518,767
518,778
518,799
518,808
518,844
518,846
518,849
518,856
518,870
518,877
518,880
518,888
518,893
518,898
518,906
518,910
518,913
518,924
518,930
518,940
518,974
518,986
519,535
519,538
519,545
519,612
519,647
519,652
519,687
519,714
519,716
519,755
519,770
519,854
519,857
519,869
519,873
519,882
519,886
519,893
519,928
520,562
520,692
520,696
520,708
520,722
520,761
520,769
520,792
520,846
520,869
520,893
520,923
520,930
521,547
521,548
521,551
521,552
521,560
521,610
521,612
521,634
521,646
521,671
521,683
521,701
521,705
521,711
521,722
521,736
521,737
521,746
521,750
521,751
521,754
521,762
521,763
521,778
521,815
521,823
521,855
521,865
521,877
521,898
521,906
521,912
521,928
521,948
521,952
521,986
522,531
522,533
522,553
522,558
522,581
522,614
522,615
522,667
522,688
522,708
522,768
522,834
522,859
522,908
522,935
522,946
522,958
522,979
523,535
523,557
523,563
523,582
523,618
523,647
523,705
523,740
523,749
523,750
523,765
523,766
523,790
523,795
523,815
523,835
523,870
523,899
523,939
523,944
523,963
523,984
523,988
524,609
524,672
524,696
524,715
524,816
524,862
524,880
524,898
524,920
524,942
524,977
525,540
525,566
525,579
525,584
525,593
525,623
525,642
525,684
525,698
525,703
525,717
525,742
525,750
525,760
525,771
525,780
525,796
525,809
525,815
525,817
525,877
525,885
525,892
525,914
525,924
525,928
525,937
525,948
525,964
525,985
526,565
526,571
526,592
526,605
526,654
526,675
526,759
526,774
526,776
526,789
526,793
526,795
526,837
526,853
526,879
526,895
526,919
526,922
526,998
527,549
527,585
527,662
527,671
527,723
527,799
527,803
527,811
528,530
528,531
528,552
528,575
528,584
528,601
528,612
528,614
528,679
528,704
528,705
528,711
528,719
528,720
528,724
528,730
528,745
528,752
528,756
528,760
528,762
528,775
528,804
528,811
528,816
528,827
528,834
528,835
528,858
528,870
528,872
528,888
528,894
528,906
528,909
528,917
528,951
528,974
528,984
528,986
528,991
529,530
529,532
529,550
529,556
529,580
529,595
529,596
529,617
529,619
529,636
529,638
529,666
529,677
529,716
529,775
529,785
529,811
529,821
529,830
529,832
529,842
529,853
529,859
529,865
529,897
529,942
529,948
529,967
529,974
529,977
529,992
530,610
530,680
530,682
530,691
530,695
530,696
530,708
530,713
530,716
530,733
530,734
530,759
530,766
530,782
530,804
530,834
530,841
530,846
530,888
530,908
530,930
530,939
530,946
530,974
530,976
530,984
531,533
531,540
531,542
531,619
531,641
531,664
531,666
531,681
531,691
531,698
531,710
531,726
531,801
531,803
531,822
531,826
531,837
531,850
531,872
531,891
531,903
531,910
531,918
531,921
532,541
532,586
532,606
532,611
532,624
532,637
532,638
532,656
532,657
532,676
532,709
532,737
532,754
532,755
532,761
532,775
532,791
532,885
532,888
532,893
532,918
532,946
532,974
532,995
533,561
533,583
533,586
533,600
533,637
533,679
533,680
533,686
533,693
533,705
533,710
533,714
533,719
533,722
533,738
533,779
533,793
533,809
533,831
533,862
533,901
533,930
533,991
533,998
534,537
534,550
534,553
534,557
534,578
534,591
534,598
534,599
534,603
534,632
534,657
534,682
534,694
534,727
534,767
534,770
534,771
534,779
534,787
534,841
534,842
534,851
534,853
534,876
534,893
534,897
534,948
534,957
534,961
534,972
534,995
535,555
535,565
535,594
535,610
535,652
535,666
535,669
535,714
535,719
535,828
535,850
535,881
535,922
536,544
536,547
536,571
536,577
536,592
536,609
536,610
536,617
536,627
536,668
536,697
536,731
536,756
536,759
536,779
536,783
536,790
536,795
536,887
536,904
536,932
536,957
536,965
536,999
537,555
537,561
537,585
537,611
537,636
537,655
537,666
537,735
537,785
537,813
537,828
537,830
537,860
537,890
537,904
537,907
537,913
537,944
537,953
537,970
537,980
538,539
538,570
538,573
538,584
538,591
538,595
538,610
538,615
538,625
538,639
538,649
538,667
538,695
538,712
538,720
538,729
538,748
538,761
538,770
538,782
538,789
538,794
538,809
538,827
538,834
538,838
538,881
538,884
538,891
538,924
538,947
538,958
538,978
539,551
539,565
539,597
539,607
539,614
539,696
539,723
539,784
539,807
539,820
539,839
539,841
539,864
539,879
539,893
539,894
539,914
539,937
539,948
539,969
540,545
540,551
540,552
540,579
540,621
540,629
540,637
540,666
540,667
540,673
540,675
540,685
540,702
540,775
540,795
540,797
540,804
540,846
540,853
540,888
540,889
540,896
540,900
540,905
540,940
540,966
540,974
540,990
541,549
541,555
541,573
541,580
541,583
541,595
541,602
541,614
541,632
541,661
541,668
541,704
541,708
541,745
541,757
541,765
541,768
541,790
541,811
541,823
541,831
541,849
541,854
541,856
541,866
541,906
541,909
541,958
541,974
541,978
541,985
541,995
542,625
542,626
542,628
542,642
542,687
542,694
542,701
542,733
542,742
542,759
542,841
542,842
542,853
542,861
542,866
542,870
542,949
542,975
542,984
542,987
543,584
543,588
543,617
543,646
543,667
543,670
543,671
543,674
543,675
543,680
543,695
543,715
543,758
543,769
543,773
543,778
543,786
543,809
543,835
543,860
543,868
543,918
543,940
543,961
543,971
543,998
544,584
544,609
544,610
544,613
544,735
544,739
544,798
544,841
544,883
544,946
544,983
544,984
544,990
545,547
545,550
545,560
545,566
545,573
545,584
545,616
545,632
545,697
545,698
545,702
545,723
545,730
545,750
545,754
545,765
545,779
545,780
545,823
545,843
545,850
545,851
545,921
545,922
545,927
545,941
545,945
545,959
545,984
546,569
546,599
546,619
546,649
546,665
546,677
546,681
546,767
546,785
546,786
546,789
546,804
546,809
546,835
546,846
546,887
546,892
546,924
546,930
546,937
546,984
546,999
547,595
547,634
547,660
547,675
547,676
547,679
547,685
547,690
547,704
547,749
547,767
547,776
547,826
547,845
547,878
547,880
547,898
547,905
547,915
547,916
547,919
547,928
547,974
547,990
547,999
548,581
548,601
548,619
548,657
548,676
548,728
548,769
548,775
548,786
548,830
548,837
548,845
548,860
548,898
548,905
548,907
548,930
548,950
549,551
549,613
549,636
549,657
549,725
549,776
549,839
549,841
549,848
549,877
549,902
549,922
549,932
550,691
550,760
550,846
550,887
550,976
550,982
551,553
551,554
551,579
551,580
551,596
551,667
551,671
551,684
551,698
551,711
551,714
551,719
551,733
551,747
551,761
551,764
551,771
551,781
551,784
551,785
551,791
551,792
551,793
551,798
551,803
551,811
551,833
551,835
551,844
551,853
551,854
551,880
551,900
551,910
551,918
551,924
551,935
551,942
551,946
551,958
551,973
552,595
552,690
552,706
552,708
552,711
552,733
552,736
552,751
552,761
552,796
552,826
552,831
552,876
552,877
552,880
552,882
552,888
552,900
552,918
552,930
552,959
552,966
552,985
553,580
553,607
553,615
553,625
553,629
553,638
553,644
553,655
553,660
553,663
553,668
553,679
553,792
553,810
553,814
553,907
553,956
553,978
553,980
553,995
554,576
554,622
554,628
554,677
554,704
554,707
554,711
554,727
554,736
554,743
554,819
554,823
554,843
554,855
554,875
554,903
554,949
554,982
555,576
555,605
555,628
555,688
555,708
555,738
555,755
555,761
555,767
555,827
555,843
555,844
555,859
555,870
555,874
555,879
555,918
555,921
555,928
555,932
555,941
555,971
555,974
556,587
556,650
556,661
556,665
556,682
556,724
556,726
556,743
556,745
556,807
556,813
556,835
556,846
556,907
556,913
556,914
556,928
556,930
556,946
556,952
556,956
556,975
556,982
556,984
556,991
556,995
557,570
557,581
557,610
557,665
557,691
557,716
557,730
557,768
557,808
557,812
557,816
557,822
557,832
557,919
557,927
557,929
557,959
557,961
557,994
557,997
558,565
558,568
558,615
558,678
558,710
558,749
558,770
558,794
558,797
558,809
558,816
558,833
558,996
559,582
559,585
559,661
559,663
559,790
559,868
559,890
559,914
559,982
560,573
560,577
560,579
560,589
560,625
560,657
560,664
560,682
560,688
560,689
560,705
560,714
560,724
560,727
560,745
560,783
560,785
560,789
560,802
560,804
560,819
560,823
560,861
560,910
560,920
560,950
560,957
560,986
560,990
561,568
561,576
561,594
561,633
561,751
561,787
561,820
561,913
561,919
561,922
561,926
562,571
562,579
562,584
562,589
562,601
562,616
562,640
562,641
562,649
562,668
562,694
562,713
562,733
562,735
562,738
562,746
562,757
562,765
562,767
562,783
562,794
562,817
562,877
562,898
562,914
562,923
562,944
562,970
562,977
562,983
563,611
563,643
563,652
563,655
563,660
563,661
563,668
563,669
563,750
563,767
563,783
563,930
563,946
563,953
563,990
564,604
564,637
564,678
564,762
564,776
564,856
564,894
564,938
564,940
565,588
565,633
565,668
565,756
565,787
565,797
565,829
565,887
565,897
565,905
565,934
565,950
566,603
566,678
566,719
566,827
566,833
566,861
566,990
567,618
567,623
567,729
567,794
567,824
567,879
567,892
567,894
567,917
567,935
568,633
568,677
568,701
568,728
568,730
568,778
568,779
568,793
568,856
568,864
568,935
569,638
569,645
569,647
569,668
569,712
569,756
569,779
569,847
569,860
569,864
569,881
569,967
569,990
570,577
570,580
570,608
570,609
570,643
570,647
570,686
570,741
570,757
570,794
570,797
570,808
570,809
570,843
570,844
570,850
570,868
570,879
570,888
570,911
570,946
570,950
570,953
570,956
570,982
570,986
571,578
571,598
571,644
571,681
571,686
571,762
571,838
571,850
571,897
571,905
571,918
571,929
572,589
572,592
572,642
572,645
572,675
572,785
572,793
572,853
572,868
572,869
572,919
572,922
572,958
572,961
572,995
573,583
573,609
573,629
573,647
573,665
573,685
573,688
573,705
573,710
573,719
573,723
573,741
573,751
573,758
573,776
573,790
573,819
573,822
573,823
573,841
573,843
573,864
573,886
573,887
573,889
573,895
573,901
573,906
573,910
573,925
573,929
573,947
573,948
573,950
573,957
573,968
573,970
574,641
574,712
574,723
574,766
574,780
574,789
574,854
574,923
574,971
574,975
575,598
575,615
575,621
575,629
575,652
575,686
575,712
575,750
575,755
575,775
575,861
575,898
575,922
575,942
576,584
576,625
576,642
576,680
576,711
576,715
576,766
576,781
576,836
576,879
576,957
576,983
576,999
577,595
577,649
577,657
577,670
577,674
577,707
577,724
577,739
577,759
577,763
577,778
577,780
577,782
577,787
577,797
577,841
577,959
577,964
577,966
577,967
577,983
578,595
578,603
578,623
578,641
578,665
578,690
578,722
578,724
578,824
578,828
578,912
579,596
579,601
579,606
579,619
579,634
579,642
579,647
579,670
579,671
579,675
579,676
579,682
579,691
579,697
579,703
579,745
579,750
579,785
579,787
579,793
579,809
579,845
579,864
579,873
579,887
579,899
579,915
579,940
579,950
579,974
579,984
579,988
580,599
580,610
580,627
580,638
580,642
580,661
580,679
580,690
580,711
580,718
580,724
580,728
580,739
580,741
580,750
580,769
580,789
580,832
580,846
580,862
580,885
580,890
580,907
580,917
580,928
580,964
580,974
580,991
581,600
581,607
581,610
581,620
581,639
581,649
581,657
581,689
581,692
581,697
581,699
581,709
581,717
581,741
581,757
581,759
581,795
581,797
581,812
581,840
581,864
581,875
581,886
581,933
581,952
581,971
581,988
582,589
582,595
582,599
582,605
582,636
582,663
582,664
582,686
582,702
582,745
582,750
582,751
582,797
582,822
582,823
582,840
582,855
582,885
582,894
582,932
582,950
582,958
582,965
582,974
582,986
582,990
582,993
583,621
583,636
583,641
583,666
583,691
583,703
583,719
583,728
583,758
583,800
583,822
583,861
583,896
583,911
583,923
583,927
583,943
583,948
583,985
584,599
584,602
584,637
584,652
584,661
584,665
584,666
584,693
584,698
584,711
584,714
584,725
584,733
584,743
584,748
584,758
584,803
584,807
584,834
584,853
584,860
584,870
584,893
584,896
584,898
584,916
584,917
584,921
584,927
584,998
585,601
585,603
585,634
585,635
585,636
585,656
585,720
585,756
585,775
585,837
585,846
585,856
585,857
585,880
585,886
585,912
585,915
585,932
585,942
585,963
585,994
586,597
586,609
586,614
586,621
586,734
586,739
586,767
586,796
586,836
586,852
586,894
586,911
586,931
586,974
587,603
587,641
587,686
587,691
587,711
587,788
587,885
587,976
588,599
588,632
588,637
588,670
588,683
588,729
588,732
588,805
588,864
588,895
588,896
588,901
588,907
588,909
588,919
588,963
588,975
588,984
588,992
589,591
589,624
589,625
589,629
589,640
589,657
589,688
589,698
589,710
589,723
589,745
589,755
589,767
589,770
589,819
589,869
589,884
589,885
589,886
589,919
589,929
589,936
589,942
589,974
590,637
590,655
590,663
590,733
590,734
590,739
590,745
590,775
590,799
590,816
590,819
590,825
590,836
590,846
590,891
590,951
590,965
591,637
591,638
591,646
591,665
591,714
591,745
591,751
591,766
591,797
591,799
591,802
591,815
591,825
591,849
591,860
591,871
591,913
591,920
591,951
591,953
591,965
591,982
591,986
592,608
592,626
592,637
592,654
592,775
592,861
592,878
592,925
592,938
592,950
592,958
592,985
592,992
593,624
593,646
593,666
593,676
593,685
593,689
593,706
593,741
593,750
593,767
593,769
593,773
593,801
593,836
593,844
593,853
593,884
593,885
593,890
593,928
593,948
593,949
593,952
593,968
593,971
593,995
594,629
594,643
594,668
594,694
594,716
594,769
594,831
594,854
594,860
594,948
594,991
595,600
595,601
595,608
595,647
595,660
595,661
595,675
595,679
595,685
595,726
595,729
595,734
595,763
595,795
595,800
595,806
595,809
595,847
595,866
595,921
595,995
596,598
596,632
596,657
596,660
596,663
596,671
596,674
596,706
596,707
596,786
596,840
596,860
596,898
596,905
596,930
596,935
596,950
596,986
596,992
597,622
597,633
597,695
597,744
597,762
597,780
597,802
597,935
597,939
597,983
597,994
597,999
598,629
598,679
598,701
598,730
598,752
598,764
598,776
598,778
598,779
598,789
598,790
598,792
598,803
598,815
598,836
598,845
598,853
598,870
598,877
598,897
598,910
598,939
598,957
598,983
599,633
599,638
599,646
599,653
599,656
599,674
599,675
599,695
599,696
599,714
599,719
599,721
599,723
599,724
599,731
599,738
599,740
599,803
599,815
599,883
599,887
599,903
599,949
599,959
599,978
599,985
600,610
600,616
600,636
600,660
600,662
600,669
600,679
600,680
600,681
600,686
600,696
600,698
600,707
600,708
600,732
600,735
600,747
600,769
600,770
600,776
600,832
600,840
600,863
600,866
600,868
600,885
600,887
600,895
600,918
600,924
600,929
600,935
600,937
600,942
600,956
600,969
600,979
600,990
601,606
601,621
601,624
601,657
601,661
601,675
601,679
601,681
601,691
601,698
601,715
601,723
601,747
601,748
601,766
601,771
601,788
601,792
601,796
601,799
601,802
601,839
601,840
601,848
601,898
601,918
601,928
601,930
601,935
601,960
601,966
601,974
601,975
601,979
601,986
601,991
601,996
601,999
602,616
602,671
602,692
602,716
602,727
602,740
602,769
602,793
602,814
602,830
602,882
602,887
602,888
602,890
602,952
602,955
602,988
602,999
603,612
603,616
603,621
603,629
603,640
603,703
603,705
603,744
603,758
603,767
603,768
603,797
603,806
603,861
603,909
603,920
603,930
603,950
603,957
603,995
604,673
604,696
604,739
604,757
604,795
604,817
604,832
604,842
604,859
604,877
604,885
604,887
604,905
604,947
604,958
604,963
604,966
604,978
605,607
605,720
605,756
605,788
605,791
605,820
605,842
605,929
605,932
605,955
605,988
606,627
606,636
606,677
606,690
606,698
606,702
606,724
606,757
606,778
606,816
606,880
606,902
606,935
606,942
606,948
606,953
606,958
607,610
607,624
607,638
607,661
607,671
607,692
607,705
607,730
607,750
607,782
607,823
607,832
607,843
607,917
607,925
607,927
607,938
607,940
607,965
607,987
608,663
608,739
608,767
608,781
608,833
608,842
608,980
608,992
609,620
609,686
609,745
609,770
609,787
609,790
609,799
609,813
609,846
609,870
609,950
609,958
609,963
609,972
609,975
610,645
610,668
610,670
610,699
610,710
610,726
610,729
610,751
610,757
610,762
610,764
610,778
610,794
610,802
610,885
610,886
610,897
610,959
610,964
611,670
611,675
611,684
611,701
611,711
611,729
611,749
611,840
611,847
611,864
611,892
611,932
612,637
612,653
612,685
612,690
612,713
612,722
612,732
612,793
612,807
612,816
612,845
612,853
612,872
612,873
612,878
612,880
612,896
612,899
612,951
612,954
612,974
612,999
613,624
613,627
613,638
613,639
613,661
613,676
613,680
613,694
613,751
613,774
613,802
613,803
613,813
613,817
613,830
613,846
613,850
613,866
613,867
613,885
613,917
613,953
613,965
614,646
614,651
614,652
614,664
614,675
614,681
614,689
614,741
614,751
614,759
614,773
614,841
614,924
614,961
614,982
615,621
615,627
615,639
615,657
615,670
615,673
615,685
615,695
615,716
615,736
615,773
615,779
615,799
615,803
615,818
615,822
615,833
615,852
615,896
615,928
615,932
615,960
615,971
615,975
615,989
616,657
616,661
616,684
616,693
616,698
616,711
616,719
616,757
616,775
616,787
616,790
616,807
616,809
616,812
616,837
616,840
616,871
616,887
616,902
616,915
616,921
616,928
616,938
616,955
617,634
617,688
617,817
617,835
617,862
617,905
617,958
617,979
618,684
618,751
618,850
618,892
618,928
618,975
619,639
619,641
619,695
619,727
619,783
619,787
619,808
619,832
619,863
619,864
619,899
619,902
619,928
620,661
620,665
620,679
620,705
620,737
620,766
620,878
620,889
621,684
621,695
621,771
621,778
621,792
621,795
621,815
621,830
621,832
621,843
621,861
621,880
621,896
621,935
621,956
621,983
622,741
622,752
622,756
622,757
622,761
622,803
622,873
622,906
622,958
622,962
622,964
623,625
623,674
623,676
623,725
623,729
623,745
623,790
623,861
623,866
623,903
623,922
623,931
623,992
624,634
624,657
624,666
624,688
624,689
624,704
624,713
624,758
624,761
624,765
624,775
624,799
624,808
624,846
624,865
624,882
624,893
624,899
624,914
624,927
624,972
624,982
624,990
624,995
625,627
625,647
625,657
625,705
625,711
625,724
625,732
625,773
625,782
625,791
625,803
625,804
625,815
625,825
625,840
625,865
625,870
625,873
625,886
625,899
625,914
625,940
625,943
625,966
625,981
625,982
625,985
625,986
626,629
626,649
626,678
626,747
626,756
626,800
626,843
626,858
626,904
626,909
626,917
626,926
626,929
626,940
626,945
626,962
626,967
626,970
627,637
627,647
627,649
627,710
627,727
627,745
627,765
627,766
627,778
627,790
627,807
627,826
627,837
627,853
627,865
627,875
627,918
627,974
627,978
627,986
627,995
628,634
628,663
628,674
628,695
628,728
628,819
628,827
628,837
628,841
628,923
628,955
628,993
629,634
629,661
629,675
629,715
629,739
629,759
629,760
629,765
629,772
629,782
629,798
629,818
629,837
629,853
629,889
629,902
629,913
629,916
629,935
629,942
629,953
629,955
629,983
629,989
630,654
630,806
630,866
631,655
631,719
631,730
631,896
631,898
631,942
631,952
631,953
631,994
631,995
632,640
632,668
632,681
632,700
632,711
632,718
632,739
632,755
632,761
632,782
632,786
632,794
632,812
632,830
632,832
632,861
632,879
632,890
632,966
632,978
632,989
632,990
633,642
633,655
633,663
633,693
633,733
633,749
633,778
633,811
633,842
633,902
633,908
633,909
633,918
634,657
634,664
634,682
634,684
634,696
634,747
634,751
634,761
634,791
634,817
634,821
634,825
634,844
634,873
634,880
634,890
634,904
634,935
634,947
635,683
635,797
635,870
635,915
635,993
636,708
636,724
636,750
636,759
636,823
636,829
636,852
636,856
636,860
636,874
636,927
636,933
636,939
636,947
636,963
636,971
636,986
637,659
637,701
637,710
637,719
637,765
637,782
637,786
637,801
637,817
637,852
637,882
637,921
637,948
637,959
637,966
638,646
638,654
638,668
638,688
638,697
638,704
638,705
638,727
638,749
638,750
638,765
638,775
638,787
638,792
638,796
638,803
638,804
638,840
638,843
638,845
638,856
638,865
638,890
638,905
638,928
638,948
638,958
638,960
638,974
638,979
638,984
639,645
639,654
639,676
639,687
639,698
639,733
639,740
639,797
639,911
639,946
639,947
639,968
640,649
640,679
640,712
640,714
640,721
640,725
640,731
640,746
640,779
640,817
640,820
640,945
641,668
641,676
641,702
641,737
641,771
641,805
641,821
641,833
641,838
641,858
641,941
641,981
641,983
642,660
642,668
642,710
642,711
642,745
642,762
642,802
642,807
642,812
642,817
642,818
642,834
642,844
642,847
642,850
642,853
642,882
642,913
642,930
642,947
642,972
642,989
642,994
643,654
643,664
643,688
643,689
643,691
643,736
643,759
643,782
643,786
643,809
643,821
643,831
643,847
643,957
643,970
643,986
643,987
643,997
644,755
644,864
644,953
645,688
645,704
645,706
645,714
645,716
645,718
645,723
645,792
645,795
645,815
645,885
645,921
645,922
645,935
645,939
645,959
645,979
645,991
645,998
646,702
646,712
646,731
646,736
646,772
646,786
646,809
646,812
646,980
646,981
647,668
647,674
647,679
647,681
647,682
647,696
647,702
647,711
647,726
647,727
647,745
647,747
647,750
647,767
647,774
647,775
647,786
647,788
647,789
647,801
647,821
647,823
647,834
647,846
647,847
647,900
647,930
647,935
647,950
647,981
647,986
647,990
648,665
648,765
648,807
648,844
648,866
648,908
648,913
648,914
649,744
649,747
649,754
649,756
649,775
649,818
649,821
649,833
649,901
649,905
649,917
649,921
649,923
649,935
649,955
650,719
650,723
650,748
650,767
650,769
650,804
650,819
650,893
650,956
650,991
651,723
651,869
651,898
651,971
651,981
652,666
652,670
652,675
652,676
652,694
652,711
652,774
652,809
652,830
652,850
652,873
652,875
652,893
652,906
652,928
652,929
652,938
652,948
652,956
652,964
653,663
653,668
653,669
653,691
653,724
653,751
653,830
653,837
653,858
653,873
653,940
653,941
653,955
654,675
654,769
654,770
654,771
654,812
654,846
654,849
654,877
654,878
654,898
654,922
654,937
654,947
655,660
655,676
655,715
655,725
655,749
655,755
655,766
655,771
655,789
655,793
655,794
655,798
655,827
655,836
655,839
655,853
655,854
655,923
655,925
656,657
656,663
656,671
656,690
656,698
656,702
656,748
656,749
656,795
656,889
656,895
656,935
657,660
657,671
657,675
657,679
657,720
657,722
657,727
657,763
657,775
657,787
657,803
657,804
657,815
657,854
657,888
657,899
657,930
657,942
657,952
657,956
657,972
658,672
658,780
658,827
658,848
658,906
659,665
659,705
659,743
659,751
659,752
659,789
659,827
659,834
659,842
659,855
659,860
659,887
659,962
660,666
660,675
660,681
660,684
660,685
660,691
660,692
660,729
660,740
660,748
660,762
660,768
660,771
660,775
660,778
660,785
660,796
660,804
660,808
660,818
660,840
660,846
660,862
660,888
660,890
660,897
660,913
660,926
660,940
660,955
661,676
661,698
661,707
661,708
661,723
661,760
661,767
661,779
661,798
661,803
661,815
661,824
661,886
661,887
661,897
661,910
661,912
661,923
661,940
661,950
661,976
661,991
662,700
662,719
662,745
662,765
662,800
662,802
662,838
662,878
663,664
663,677
663,706
663,730
663,792
663,811
663,813
663,833
663,846
663,849
663,852
663,855
663,864
663,872
663,877
663,896
663,925
663,953
663,964
663,966
663,969
664,674
664,730
664,851
664,855
664,882
664,917
664,940
664,954
664,961
665,670
665,706
665,716
665,743
665,752
665,760
665,786
665,797
665,873
665,897
665,960
665,987
666,676
666,690
666,706
666,711
666,714
666,719
666,726
666,732
666,775
666,782
666,802
666,808
666,809
666,813
666,818
666,824
666,847
666,860
666,862
666,883
666,890
666,898
666,900
666,915
666,929
666,956
666,963
666,972
666,974
666,984
667,736
667,748
667,756
667,794
667,806
667,839
667,877
667,975
668,676
668,689
668,692
668,701
668,709
668,745
668,755
668,761
668,762
668,763
668,766
668,778
668,779
668,821
668,838
668,846
668,886
668,895
668,914
668,915
668,920
668,927
668,934
668,945
669,771
669,797
669,919
669,942
669,946
669,952
669,982
669,985
670,681
670,745
670,757
670,778
670,815
670,866
670,880
670,928
671,729
671,749
671,758
671,760
671,775
671,777
671,779
671,808
671,857
671,873
671,878
671,880
671,924
671,930
671,938
671,939
671,948
671,986
671,991
672,725
672,749
672,772
672,775
672,807
672,875
672,913
673,677
673,744
673,817
673,841
673,875
673,902
673,909
673,917
673,928
673,934
673,975
674,676
674,693
674,705
674,739
674,740
674,752
674,763
674,807
674,828
674,905
674,907
674,911
674,982
674,995
675,691
675,698
675,703
675,754
675,760
675,772
675,802
675,803
675,843
675,845
675,855
675,859
675,885
675,888
675,917
675,958
675,989
676,683
676,698
676,724
676,727
676,746
676,760
676,777
676,779
676,785
676,827
676,830
676,832
676,835
676,850
676,853
676,865
676,880
676,887
676,898
676,912
676,916
676,948
676,952
676,975
677,723
677,736
677,741
677,742
677,749
677,770
677,775
677,812
677,866
677,943
677,985
677,990
678,744
678,751
678,756
678,804
678,834
678,866
678,887
678,912
678,925
678,935
678,960
678,978
679,702
679,745
679,747
679,775
679,785
679,787
679,789
679,800
679,803
679,808
679,809
679,818
679,823
679,830
679,854
679,877
679,899
679,927
679,928
679,930
679,952
679,953
679,986
679,991
680,713
680,716
680,725
680,744
680,794
680,798
680,808
680,830
680,831
680,906
680,936
680,940
680,944
680,956
680,970
681,689
681,723
681,726
681,833
681,836
681,843
681,885
681,917
681,930
681,950
681,974
682,691
682,709
682,716
682,732
682,734
682,750
682,751
682,778
682,780
682,785
682,794
682,845
682,859
682,925
682,928
682,942
682,959
682,974
683,690
683,721
683,760
683,794
683,868
683,876
683,968
683,971
684,693
684,708
684,709
684,724
684,734
684,738
684,741
684,745
684,748
684,760
684,761
684,763
684,775
684,780
684,793
684,819
684,823
684,919
684,922
684,928
684,942
684,948
684,950
684,957
684,969
684,981
684,986
684,991
685,686
685,688
685,696
685,723
685,724
685,736
685,743
685,774
685,785
685,794
685,803
685,827
685,861
685,890
685,893
685,906
685,910
685,914
685,953
685,973
685,976
685,978
685,979
686,701
686,703
686,712
686,732
686,752
686,808
686,819
686,843
686,846
686,849
686,851
686,867
686,896
686,900
686,906
686,918
686,919
686,940
686,948
686,974
686,990
686,995
687,703
687,719
687,808
687,841
687,860
687,994
688,689
688,695
688,698
688,707
688,755
688,756
688,765
688,768
688,770
688,783
688,785
688,802
688,807
688,809
688,817
688,832
688,853
688,854
688,879
688,893
688,907
688,916
688,922
688,932
688,944
688,992
688,993
688,996
689,698
689,716
689,718
689,735
689,778
689,782
689,793
689,798
689,821
689,839
689,842
689,853
689,885
689,893
689,901
689,906
690,701
690,716
690,719
690,728
690,740
690,745
690,753
690,765
690,779
690,785
690,826
690,832
690,842
690,891
690,935
690,957
690,986
691,695
691,712
691,767
691,770
691,778
691,791
691,813
691,843
691,848
691,968
691,976
691,998
692,731
692,752
692,783
692,785
692,792
692,825
692,836
692,845
692,862
692,915
692,948
692,952
692,954
692,982
692,992
693,721
693,757
693,768
693,798
693,820
693,826
693,846
693,860
693,864
693,879
693,913
693,915
693,955
693,976
694,696
694,699
694,708
694,728
694,729
694,782
694,885
694,907
694,909
694,935
694,958
694,963
694,977
694,993
695,705
695,716
695,750
695,797
695,836
695,846
695,871
695,881
695,895
695,897
695,898
695,910
695,925
695,952
695,955
695,966
695,971
695,973
695,979
695,980
695,994
696,763
696,804
696,844
696,907
696,954
696,957
696,965
696,982
697,723
697,762
697,768
697,777
697,831
697,874
697,932
697,952
697,953
697,958
697,979
697,993
698,699
698,707
698,711
698,719
698,727
698,730
698,747
698,750
698,754
698,757
698,762
698,769
698,775
698,778
698,786
698,787
698,804
698,808
698,815
698,824
698,840
698,842
698,884
698,887
698,903
698,906
698,914
698,917
698,919
698,921
698,927
698,928
698,930
698,940
698,952
698,977
698,988
699,703
699,806
699,846
699,849
699,854
699,922
699,933
699,979
699,986
699,989
700,757
700,805
700,807
700,882
700,895
700,951
700,999
701,707
701,723
701,758
701,843
701,932
701,935
701,942
701,985
701,997
702,718
702,751
702,752
702,754
702,771
702,787
702,870
702,944
702,956
702,971
702,972
702,980
702,989
703,704
703,711
703,781
703,878
703,892
703,931
703,989
703,991
704,715
704,763
704,769
704,770
704,840
704,844
704,900
704,971
704,999
705,706
705,711
705,716
705,779
705,782
705,815
705,816
705,840
705,843
705,847
705,856
705,867
705,877
705,899
705,940
705,944
705,955
705,959
705,961
705,986
706,760
706,763
706,769
706,787
706,817
706,862
706,867
706,887
706,899
706,910
706,919
706,940
706,946
706,975
706,992
706,995
707,724
707,732
707,747
707,752
707,766
707,795
707,797
707,798
707,803
707,805
707,815
707,828
707,843
707,844
707,845
707,855
707,931
707,940
707,948
707,950
707,963
707,967
707,983
708,711
708,730
708,731
708,747
708,762
708,763
708,803
708,808
708,817
708,839
708,843
708,859
708,925
708,936
708,946
708,949
708,972
709,752
709,760
709,789
709,795
709,841
709,853
709,870
709,892
709,896
709,927
709,936
709,950
709,951
709,952
710,717
710,729
710,777
710,783
710,794
710,807
710,832
710,852
710,859
710,869
710,874
710,892
710,893
710,930
710,939
710,952
710,955
710,989
711,722
711,724
711,727
711,737
711,745
711,748
711,782
711,787
711,796
711,823
711,842
711,868
711,870
711,874
711,887
711,888
711,897
711,916
711,938
711,943
711,955
711,958
711,986
712,763
712,875
712,898
712,922
712,945
712,956
712,982
713,724
713,752
713,780
713,827
713,835
713,929
713,940
713,986
714,737
714,748
714,751
714,778
714,798
714,841
714,849
714,915
714,984
714,998
715,731
715,750
715,764
715,794
715,835
715,843
715,875
715,896
715,911
715,919
715,979
716,724
716,738
716,742
716,766
716,783
716,822
716,827
716,850
716,883
716,910
716,911
716,928
716,959
716,970
716,983
717,754
717,757
717,774
717,786
717,817
717,833
717,834
717,836
717,860
717,864
718,817
718,819
718,840
718,866
718,902
718,953
718,980
719,724
719,755
719,765
719,788
719,832
719,851
719,911
719,927
719,964
720,752
720,767
720,795
720,816
720,826
720,835
720,841
720,846
720,883
720,885
720,894
720,909
720,916
720,920
720,930
720,932
720,952
720,982
721,745
721,771
721,775
721,792
721,829
721,871
721,878
721,898
721,961
722,761
722,783
722,793
722,826
722,827
723,754
723,767
723,784
723,802
723,830
723,846
723,857
723,878
723,910
723,939
723,942
723,962
723,971
723,988
724,727
724,748
724,753
724,756
724,760
724,768
724,777
724,781
724,785
724,812
724,815
724,817
724,819
724,826
724,835
724,842
724,870
724,880
724,881
724,896
724,903
724,905
724,910
724,917
724,921
724,952
724,957
724,970
724,998
725,764
725,776
725,786
725,810
725,832
725,854
725,909
725,921
725,966
725,982
725,984
726,772
726,783
726,841
726,842
726,887
726,917
726,923
726,928
726,935
726,979
726,996
727,729
727,730
727,739
727,747
727,765
727,773
727,796
727,802
727,870
727,891
727,893
727,917
727,929
727,930
727,940
727,950
727,952
727,960
727,969
727,971
727,974
727,984
727,990
728,739
728,782
728,791
728,793
728,844
728,852
728,931
728,948
729,837
729,855
729,856
729,902
729,923
729,983
729,985
729,987
730,736
730,739
730,758
730,842
730,887
730,911
730,931
730,955
730,963
730,970
730,999
731,794
731,804
731,836
731,866
731,921
731,922
731,945
731,973
732,743
732,747
732,773
732,787
732,802
732,807
732,834
732,842
732,847
732,856
732,866
732,887
732,888
732,898
732,902
732,913
732,919
732,942
732,950
732,978
733,766
733,820
733,824
733,890
733,907
733,908
733,953
733,975
734,745
734,759
734,767
734,815
734,833
734,834
734,885
734,904
734,928
734,939
734,958
734,976
734,979
734,998
734,999
735,741
735,786
735,827
735,884
735,893
735,917
735,935
735,943
735,962
735,975
736,755
736,773
736,775
736,786
736,842
736,880
736,906
736,934
736,950
736,952
736,966
736,970
736,975
736,989
736,995
737,764
737,767
737,781
737,791
737,912
737,923
737,948
737,963
737,981
737,996
737,999
738,764
738,769
738,832
738,848
738,854
738,900
738,920
738,928
738,989
738,996
739,745
739,754
739,776
739,786
739,804
739,808
739,818
739,846
739,859
739,892
739,952
739,974
739,977
739,999
740,755
740,769
740,786
740,803
740,841
740,906
740,927
740,940
740,980
741,756
741,802
741,833
741,846
741,852
741,854
741,895
741,908
741,918
741,958
741,986
742,767
742,853
742,856
742,919
742,958
743,747
743,790
743,831
743,844
743,872
743,880
743,892
743,898
743,913
743,922
743,954
744,834
744,854
744,875
744,914
744,938
744,953
744,994
745,746
745,758
745,788
745,793
745,807
745,830
745,833
745,844
745,846
745,855
745,856
745,865
745,870
745,873
745,893
745,898
745,915
745,926
745,948
745,988
745,990
745,991
746,765
746,773
746,781
746,786
746,787
746,794
746,848
747,757
747,785
747,787
747,794
747,798
747,807
747,823
747,824
747,830
747,853
747,879
747,888
747,898
747,913
747,917
747,930
747,948
747,975
747,991
747,999
748,749
748,755
748,769
748,770
748,775
748,811
748,822
748,833
748,885
748,893
748,982
749,751
749,758
749,765
749,778
749,787
749,812
749,824
749,830
749,838
749,844
749,868
749,875
749,893
749,958
749,995
750,756
750,809
750,830
750,861
750,870
750,881
750,924
750,931
750,960
750,965
750,977
750,983
750,994
750,995
751,763
751,784
751,789
751,796
751,809
751,850
751,855
751,937
751,980
751,989
752,813
752,870
752,883
752,953
753,786
753,838
753,876
753,957
753,958
753,988
753,989
753,993
754,823
754,835
754,840
754,842
754,887
754,914
754,928
754,935
754,966
754,982
754,983
754,989
755,762
755,763
755,770
755,778
755,807
755,841
755,843
755,883
755,889
755,945
755,958
755,986
756,765
756,776
756,800
756,803
756,812
756,849
756,884
756,895
756,903
756,939
756,946
756,955
756,960
756,962
756,966
756,983
756,986
756,989
757,769
757,885
757,887
757,920
757,928
757,943
757,957
757,959
757,986
757,993
758,764
758,771
758,775
758,817
758,835
758,885
758,893
758,894
758,899
758,914
758,915
758,942
758,948
759,776
759,779
759,829
759,833
759,897
759,932
759,946
759,963
759,964
760,763
760,769
760,807
760,815
760,855
760,890
760,911
760,935
760,940
760,957
760,966
760,974
760,990
761,762
761,764
761,792
761,862
761,874
761,883
761,892
761,949
761,989
762,766
762,781
762,846
762,891
762,904
762,918
762,932
762,950
763,802
763,817
763,824
763,840
763,846
763,847
763,887
763,899
763,912
763,923
763,937
763,962
763,963
763,964
763,989
764,800
764,834
764,835
764,870
764,877
764,880
764,883
764,893
764,898
764,905
764,909
764,976
764,992
764,999
765,769
765,777
765,806
765,821
765,827
765,834
765,836
765,845
765,863
765,883
765,889
765,893
765,942
765,951
765,970
765,974
765,975
765,984
765,989
765,990
766,767
766,790
766,802
766,830
766,842
766,847
766,850
766,855
766,925
766,930
766,937
766,970
766,972
766,980
766,982
766,986
767,776
767,780
767,834
767,861
767,901
767,902
767,920
767,962
767,967
767,977
767,982
768,776
768,781
768,792
768,873
768,882
768,913
768,927
768,942
768,971
768,982
768,987
768,998
769,779
769,813
769,815
769,819
769,840
769,866
769,868
769,882
769,911
769,965
769,992
769,997
770,790
770,803
770,840
770,843
770,866
770,897
770,942
770,988
770,989
771,781
771,782
771,787
771,794
771,823
771,846
771,847
771,851
771,880
771,893
771,900
771,911
771,922
771,935
771,963
771,975
772,775
772,778
772,817
772,820
772,834
772,852
772,946
772,955
772,956
772,977
772,989
773,810
773,939
773,974
773,996
774,775
774,776
774,819
774,854
774,876
774,948
774,983
775,776
775,785
775,786
775,787
775,823
775,835
775,844
775,874
775,893
775,928
775,975
775,990
776,778
776,782
776,807
776,840
776,887
776,946
776,948
776,976
777,782
777,983
777,994
778,780
778,783
778,825
778,847
778,854
778,856
778,866
778,882
778,886
778,928
778,936
778,960
778,965
778,974
779,794
779,798
779,815
779,841
779,845
779,849
779,853
779,862
779,907
779,910
779,917
779,942
779,956
779,966
779,979
780,861
780,876
780,899
780,948
780,977
781,794
781,806
781,809
781,841
781,859
781,883
781,987
781,990
782,786
782,808
782,809
782,829
782,860
782,861
782,886
782,889
782,893
782,895
782,896
782,907
782,911
782,930
782,964
782,984
782,985
782,990
783,827
783,842
783,880
783,911
783,935
783,939
783,965
783,970
783,985
784,822
784,919
784,929
784,934
784,946
784,979
785,790
785,808
785,836
785,845
785,884
785,890
785,896
785,897
785,899
785,928
785,952
785,983
785,986
786,827
786,865
786,872
786,923
786,929
786,930
786,946
786,956
786,976
786,986
787,807
787,899
787,942
787,948
787,986
788,804
788,898
788,902
788,904
788,942
788,946
788,979
788,985
789,794
789,823
789,845
789,853
789,857
789,870
789,913
789,916
789,926
789,961
789,965
789,984
790,821
790,848
790,871
790,878
790,898
790,912
790,960
790,975
791,842
791,926
791,932
791,972
792,795
792,809
792,820
792,841
792,846
792,848
792,864
792,865
792,906
792,951
792,952
792,997
793,797
793,841
793,843
793,846
793,855
793,862
793,873
793,888
793,898
793,900
793,906
793,913
793,939
793,949
793,963
793,979
793,995
794,806
794,813
794,826
794,850
794,879
794,886
794,902
794,903
794,974
795,861
795,881
795,911
795,928
795,952
795,965
795,970
795,986
795,998
796,798
796,823
796,836
796,857
796,860
796,866
796,879
796,918
796,930
796,937
797,812
797,813
797,849
797,869
797,871
797,882
797,886
797,894
797,933
797,935
797,941
797,956
797,977
797,994
798,860
798,917
798,938
798,964
798,975
798,989
798,991
799,809
799,827
799,845
799,937
799,971
799,974
799,975
800,858
800,934
800,946
800,956
801,827
801,921
801,955
801,970
802,810
802,811
802,829
802,843
802,853
802,879
802,880
802,883
802,885
802,903
802,913
802,919
802,921
802,924
802,949
802,950
802,963
802,984
802,996
803,804
803,807
803,822
803,853
803,855
803,857
803,873
803,890
803,914
803,916
803,935
803,966
804,830
804,846
804,850
804,868
804,887
804,913
804,922
804,935
804,956
804,959
804,985
805,876
805,934
805,962
805,984
805,990
806,994
806,995
807,809
807,817
807,825
807,842
807,856
807,879
807,890
807,893
807,894
807,910
807,913
807,920
807,928
807,935
807,939
807,950
807,973
808,840
808,843
808,846
808,871
808,880
808,898
808,900
808,914
808,920
808,929
808,936
808,940
808,968
808,970
808,979
808,981
808,984
808,999
809,817
809,825
809,830
809,832
809,833
809,844
809,873
809,888
809,895
809,903
809,906
809,974
809,995
810,830
810,847
810,926
810,972
811,817
811,923
812,869
812,894
812,903
812,924
812,937
812,984
813,821
813,825
813,832
813,880
813,888
813,900
813,957
814,872
814,961
814,991
815,835
815,841
815,844
815,850
815,875
815,885
815,892
815,898
815,921
815,923
815,933
815,938
815,974
815,984
816,817
816,827
816,829
816,856
816,898
816,907
816,964
816,990
817,840
817,842
817,846
817,864
817,875
817,885
817,892
817,893
817,900
817,909
817,925
817,950
817,956
817,959
817,965
817,969
818,819
818,825
818,832
818,853
818,927
818,958
818,969
818,983
819,827
819,868
819,912
819,925
819,938
819,958
819,979
820,854
820,929
820,936
820,939
820,958
820,961
820,990
821,825
821,866
821,880
821,888
821,928
822,878
822,924
823,839
823,888
823,912
823,920
823,928
823,935
823,938
823,952
823,975
823,979
824,876
824,901
824,952
824,972
825,869
825,904
826,828
826,843
826,890
826,903
826,916
826,917
826,924
826,957
826,975
826,977
826,979
827,833
827,836
827,866
827,880
827,893
827,908
827,915
827,971
827,979
827,996
828,876
828,899
828,916
828,928
828,956
828,997
829,883
829,900
829,921
830,839
830,853
830,868
830,880
830,889
830,893
830,899
830,969
830,986
831,836
831,884
831,927
831,934
831,948
831,968
831,982
831,987
832,839
832,870
832,877
832,897
832,898
832,899
832,907
832,916
832,927
832,952
832,953
832,972
832,979
832,994
833,840
833,892
833,898
833,901
833,933
833,939
833,975
833,988
834,864
834,885
834,946
834,961
834,971
834,972
835,855
835,875
835,877
835,888
835,917
835,922
835,933
835,935
835,975
836,845
836,906
836,935
836,950
836,951
836,984
836,990
837,844
837,845
837,873
837,913
837,979
838,863
838,871
838,884
838,909
838,912
838,926
838,983
838,991
839,862
839,902
839,942
839,946
840,855
840,856
840,860
840,862
840,883
840,949
840,959
840,960
840,973
840,980
840,986
840,993
840,998
841,872
841,885
841,900
841,911
841,912
841,926
841,952
841,955
841,979
841,986
842,857
842,883
842,893
842,910
842,981
842,983
843,853
843,873
843,897
843,903
843,932
843,957
843,959
843,966
843,983
843,984
843,989
844,849
844,878
844,880
844,890
844,916
844,921
844,935
844,948
844,966
844,986
844,999
845,864
845,887
845,902
845,928
845,942
845,950
845,971
845,974
845,984
845,987
846,852
846,868
846,872
846,876
846,881
846,889
846,899
846,917
846,928
846,961
846,962
846,975
846,985
846,989
846,996
847,851
847,862
847,882
847,901
847,915
847,958
847,988
848,853
848,910
849,881
849,899
849,921
849,943
849,953
849,961
850,853
850,879
850,880
850,902
850,918
850,919
850,935
850,944
850,964
850,987
850,990
850,995
851,891
851,898
851,906
851,923
851,966
851,969
851,982
852,872
852,903
852,912
852,924
852,943
852,964
852,966
852,973
852,995
853,855
853,866
853,870
853,877
853,885
853,890
853,893
853,898
853,910
853,939
853,986
853,988
853,999
854,897
854,901
854,903
854,916
854,954
854,963
854,971
854,997
855,880
855,890
855,912
855,921
855,926
855,928
855,974
855,999
856,897
856,917
856,921
857,890
857,898
857,911
857,921
857,951
857,979
858,868
858,869
858,940
859,871
859,903
859,914
859,933
860,873
860,891
860,923
860,925
860,940
860,957
860,960
860,972
861,892
861,919
861,923
861,925
861,926
861,944
861,958
861,966
861,977
861,990
861,994
862,885
862,904
862,943
862,965
863,888
863,924
863,946
863,957
863,959
863,979
863,993
864,879
864,902
864,955
864,962
864,967
864,970
864,990
864,997
865,887
865,895
865,900
865,917
865,927
865,947
865,948
865,958
865,964
865,996
866,870
866,894
866,915
866,921
866,927
866,943
866,957
866,959
866,984
867,875
867,917
867,975
868,906
868,943
868,952
869,977
870,889
870,893
870,906
870,909
870,940
870,950
870,954
870,986
870,991
871,975
871,991
872,882
872,902
872,941
872,951
872,983
873,912
873,919
873,948
873,949
874,875
874,901
874,917
874,946
874,958
874,983
874,986
875,886
875,889
875,972
875,997
876,969
877,970
877,975
877,982
878,904
878,930
878,978
878,979
878,982
878,990
879,892
879,894
879,903
879,905
879,914
879,924
879,941
879,959
880,886
880,897
880,912
880,916
880,921
880,936
880,968
880,996
881,897
881,905
881,911
881,991
882,885
882,922
883,910
883,921
883,933
884,892
884,922
884,927
885,890
885,899
885,907
885,918
885,925
885,938
885,952
885,966
885,977
886,921
886,922
886,923
886,934
887,918
887,921
887,935
887,948
887,990
888,893
888,918
888,922
888,928
888,932
888,948
888,950
888,995
889,902
890,894
891,916
891,931
891,951
891,957
892,905
892,914
892,915
892,943
892,953
892,958
892,959
892,991
893,903
893,906
893,907
893,921
893,928
893,930
893,946
893,952
893,968
893,969
893,990
893,995
894,923
894,972
894,977
894,986
895,906
895,909
895,952
895,959
895,983
896,905
896,925
897,898
897,918
897,937
897,977
898,912
898,916
898,917
898,928
898,946
898,947
898,952
898,976
899,903
899,905
899,948
899,950
899,964
899,974
899,979
899,983
900,912
900,965
900,969
900,974
900,978
900,987
901,949
901,974
902,950
902,952
902,981
903,914
903,934
903,953
903,960
904,967
905,930
905,940
905,941
905,972
905,983
906,910
906,932
906,946
906,985
906,990
907,910
907,919
907,923
907,925
907,964
907,991
908,935
908,997
909,910
909,920
909,926
909,932
909,943
909,969
910,914
910,977
910,991
910,997
911,920
911,932
911,942
911,957
911,976
911,996
912,940
912,950
912,956
912,957
912,960
912,973
912,979
912,981
913,922
913,923
913,953
913,974
913,991
914,948
914,952
914,994
915,938
915,948
916,922
916,986
917,930
917,935
917,952
917,954
917,957
917,959
917,970
917,986
918,926
918,928
918,940
918,948
918,950
918,963
918,981
918,984
919,927
919,938
919,940
919,942
919,975
920,928
920,950
920,960
920,961
921,961
921,964
921,978
921,982
922,929
922,943
922,956
922,982
923,927
923,936
923,938
923,953
923,963
923,978
923,986
923,994
924,960
925,938
925,943
925,965
926,963
926,964
927,928
927,946
927,964
927,974
927,990
928,932
928,952
928,956
928,959
928,985
928,986
928,991
928,999
929,978
929,995
930,969
930,993
930,995
931,978
932,947
932,951
932,952
932,971
932,975
933,934
933,956
933,958
933,970
934,946
934,982
934,988
934,998
935,946
935,947
935,970
935,974
935,989
936,948
936,981
936,994
937,973
937,980
939,946
939,955
939,995
940,948
940,966
940,969
940,989
940,995
940,999
941,955
941,962
941,982
942,959
942,970
942,971
942,975
942,983
943,964
943,975
944,975
945,988
946,958
946,989
946,993
946,995
947,961
947,976
947,992
947,995
948,950
948,953
948,955
948,974
949,960
950,958
950,974
950,995
951,958
951,961
952,971
952,982
955,965
955,979
955,990
956,957
956,963
956,976
956,982
957,961
958,959
958,971
958,979
958,988
959,969
959,972
959,984
959,996
960,964
961,966
961,993
963,965
963,972
963,989
964,980
964,982
965,998
966,974
966,984
966,994
969,982
969,984
969,995
970,984
970,986
971,994
972,988
973,991
974,983
975,980
975,984
975,988
975,996
976,983
976,998
977,981
977,983
978,984
978,991
979,983
979,984
980,986
982,983
982,995
983,990
985,998
986,995
988,989
991,999
